[ Info: Loaded problem: rows=43021 columns=47148 nnz=277210
[ Info: Starting presolve
[ Info: After presolve: rows=28453 columns=31615 nnz=211789
[ Info: iter=50 obj=-100336.03631980416 pinf=289.4942327764376 (424) dinf=0.0 (0) time=10.509053s
[ Info: iter=100 obj=-62987.525825945326 pinf=212.8481575909037 (404) dinf=0.0 (0) time=10.6851044s
[ Info: iter=150 obj=-21701.48535065837 pinf=137.2752703620033 (301) dinf=0.0 (0) time=10.9534617s
[ Info: iter=200 obj=-4006.265508197336 pinf=83.5258552808016 (222) dinf=0.0 (0) time=11.1168211s
[ Info: iter=250 obj=-137.65501278548078 pinf=13.568442217853068 (126) dinf=0.0 (0) time=11.3008992s
[ Info: iter=257 obj=-7.5095241887883935e6 pinf=383149.01107378054 (3089) dinf=36998.32632978309 (226) time=11.3392707s
[ Info: iter=307 obj=-7.951015946512618e6 pinf=167847.4469583909 (3040) dinf=0.0 (0) time=11.5510332s
[ Info: iter=357 obj=-7.748282796693329e6 pinf=92872.04262785635 (3003) dinf=0.0 (0) time=11.7756933s
[ Info: iter=407 obj=-2.751854778210663e6 pinf=57936.56999322399 (2936) dinf=0.0 (0) time=11.9546751s
[ Info: iter=457 obj=-1.4088317850571447e6 pinf=60786.011614894305 (2967) dinf=0.0 (0) time=12.1320977s
[ Info: iter=507 obj=-518934.94452967425 pinf=51969.30259630213 (2935) dinf=0.0 (0) time=12.3105042s
[ Info: iter=557 obj=-29451.36790285888 pinf=46183.15348403188 (2938) dinf=0.0 (0) time=12.5021499s
[ Info: iter=607 obj=500177.6865967285 pinf=92416.92552960514 (3002) dinf=0.0 (0) time=12.6839668s
[ Info: iter=657 obj=665290.614742882 pinf=45840.522811359355 (3079) dinf=0.0 (0) time=12.9095738s
[ Info: iter=707 obj=1.0703894780889149e6 pinf=47357.76943602762 (3193) dinf=0.0 (0) time=13.1022735s
[ Info: iter=757 obj=2.1027902449852275e6 pinf=61418.5023991594 (3194) dinf=0.0 (0) time=13.302421s
[ Info: iter=807 obj=2.312072130780901e6 pinf=51295.8321849984 (3257) dinf=0.0 (0) time=13.4891328s
[ Info: iter=857 obj=2.7414920332939094e6 pinf=55504.00302629782 (3276) dinf=0.0 (0) time=13.6835771s
[ Info: iter=907 obj=3.223030113957843e6 pinf=9.334041233517312e6 (3348) dinf=0.0 (0) time=13.8771677s
[ Info: iter=957 obj=3.3047621283489414e6 pinf=1.0571994212404553e7 (3371) dinf=0.0 (0) time=14.0949654s
[ Info: iter=1007 obj=3.986302661336873e6 pinf=9.973784584913816e6 (3469) dinf=0.0 (0) time=14.2949245s
[ Info: iter=1057 obj=4.217169262268303e6 pinf=9.934725558681954e6 (3500) dinf=0.0 (0) time=14.5439336s
[ Info: iter=1107 obj=4.291518167824877e6 pinf=9.784241736465776e6 (3510) dinf=0.0 (0) time=14.8028599s
[ Info: iter=1157 obj=4.524394473356711e6 pinf=7.760350508247576e6 (3502) dinf=0.0 (0) time=15.0435755s
[ Info: iter=1207 obj=4.68328155115686e6 pinf=1.1534130198706842e6 (3544) dinf=0.0 (0) time=15.3250344s
[ Info: iter=1257 obj=5.053331146577348e6 pinf=1.4219810265903277e6 (3622) dinf=0.0 (0) time=15.5216923s
[ Info: iter=1307 obj=5.255420054384446e6 pinf=1.5226193107767724e6 (3617) dinf=0.0 (0) time=15.7399479s
[ Info: iter=1357 obj=5.612160667043934e6 pinf=985230.5221104042 (3665) dinf=0.0 (0) time=15.9377435s
[ Info: iter=1407 obj=5.64437051290444e6 pinf=983493.4455816682 (3700) dinf=0.0 (0) time=16.1378072s
[ Info: iter=1457 obj=5.770107815283175e6 pinf=989771.6141445903 (3725) dinf=0.0 (0) time=16.3363076s
[ Info: iter=1507 obj=6.02077904912954e6 pinf=1.0543964182214683e6 (3754) dinf=0.0 (0) time=16.5838663s
[ Info: iter=1557 obj=6.104940985788856e6 pinf=1.0189370001023706e6 (3763) dinf=0.0 (0) time=16.7848076s
[ Info: iter=1607 obj=6.1904646217760155e6 pinf=1.0023470239245543e6 (3769) dinf=0.0 (0) time=16.9877894s
[ Info: iter=1657 obj=6.199572832687392e6 pinf=1.007309387568001e6 (3789) dinf=0.0 (0) time=17.1955915s
[ Info: iter=1707 obj=6.201096546647977e6 pinf=1.2305264503108861e6 (3808) dinf=0.0 (0) time=17.3825322s
[ Info: iter=1757 obj=6.201096546647976e6 pinf=1.0914550545669885e6 (3827) dinf=0.0 (0) time=17.5790085s
[ Info: iter=1807 obj=6.358541057513468e6 pinf=1.0672879232287307e6 (3825) dinf=0.0 (0) time=17.7853084s
[ Info: iter=1857 obj=6.367944652567133e6 pinf=1.07190104052986e6 (3840) dinf=0.0 (0) time=17.9960733s
[ Info: iter=1907 obj=6.588238481190517e6 pinf=1.0859349317517409e6 (3892) dinf=0.0 (0) time=18.2166249s
[ Info: iter=1957 obj=6.698685330592741e6 pinf=1.1685907980956438e6 (3901) dinf=0.0 (0) time=18.4435434s
[ Info: iter=2007 obj=6.698685330592741e6 pinf=1.1604184075084578e6 (3911) dinf=0.0 (0) time=18.656251s
[ Info: iter=2057 obj=6.737728894948332e6 pinf=1.34130310237579e6 (3917) dinf=0.0 (0) time=18.9018852s
[ Info: iter=2107 obj=6.755645136635814e6 pinf=1.451607606753219e6 (3936) dinf=0.0 (0) time=19.1047259s
[ Info: iter=2157 obj=6.755645136635814e6 pinf=1.4617474674417723e6 (3934) dinf=0.0 (0) time=19.3001673s
[ Info: iter=2207 obj=6.755645136635814e6 pinf=1.5466881380031782e6 (3940) dinf=0.0 (0) time=19.5056331s
[ Info: iter=2257 obj=6.767981097205824e6 pinf=1.4492688553665823e6 (3952) dinf=0.0 (0) time=19.7321705s
[ Info: iter=2307 obj=6.827290745221934e6 pinf=1.447840835535085e6 (3981) dinf=0.0 (0) time=19.9413384s
[ Info: iter=2357 obj=6.955188001585771e6 pinf=1.438716784693701e6 (4006) dinf=0.0 (0) time=20.1524379s
[ Info: iter=2407 obj=6.955383775681671e6 pinf=1.4402363837382267e6 (4019) dinf=0.0 (0) time=20.365242s
[ Info: iter=2457 obj=6.987644036743138e6 pinf=1.4457054174779607e6 (4043) dinf=0.0 (0) time=20.5792775s
[ Info: iter=2507 obj=6.987644036743138e6 pinf=1.4442017611360042e6 (4053) dinf=0.0 (0) time=20.7948051s
[ Info: iter=2557 obj=7.024114186512364e6 pinf=1.4501079071650344e6 (4077) dinf=0.0 (0) time=21.0500891s
[ Info: iter=2607 obj=7.031527740981261e6 pinf=1.4778236666767546e6 (4101) dinf=0.0 (0) time=21.2867585s
[ Info: iter=2657 obj=7.119108537983258e6 pinf=1.5756787409970397e6 (4113) dinf=0.0 (0) time=21.4942751s
[ Info: iter=2707 obj=7.177707004991767e6 pinf=1.4819485835682352e6 (4120) dinf=0.0 (0) time=21.7620378s
[ Info: iter=2757 obj=7.22975494226872e6 pinf=2.640134383061424e6 (4114) dinf=0.0 (0) time=21.9776744s
[ Info: iter=2760 obj=7.22975494226872e6 pinf=1.6896305774409117e6 (4109) dinf=0.0 (0) time=22.5934653s
[ Info: iter=2810 obj=7.565405306307265e6 pinf=1.6817050143376824e6 (4100) dinf=0.0 (0) time=22.8162703s
[ Info: iter=2860 obj=7.806724466403737e6 pinf=1.6580058351474218e6 (4119) dinf=0.0 (0) time=23.0284228s
[ Info: iter=2910 obj=7.844465530270467e6 pinf=1.6941725490946048e6 (4127) dinf=0.0 (0) time=23.2433975s
[ Info: iter=2960 obj=7.98399088327728e6 pinf=1.7086248083413895e6 (4126) dinf=0.0 (0) time=23.4934301s
[ Info: iter=3010 obj=8.738029245385582e6 pinf=1.8729031128610896e6 (4144) dinf=0.0 (0) time=23.7068135s
[ Info: iter=3060 obj=8.738662352153355e6 pinf=715240.2931999494 (4170) dinf=0.0 (0) time=23.9241318s
[ Info: iter=3110 obj=1.0245114687108673e7 pinf=1.0467944695844711e6 (4183) dinf=0.0 (0) time=24.173552s
[ Info: iter=3160 obj=1.0454358405552048e7 pinf=213754.07137962934 (4188) dinf=0.0 (0) time=24.3861375s
[ Info: iter=3210 obj=1.0662425957716681e7 pinf=200383.96787036335 (4224) dinf=0.0 (0) time=24.6561414s
[ Info: iter=3260 obj=1.0818655826001652e7 pinf=197125.4963485011 (4223) dinf=0.0 (0) time=24.8804644s
[ Info: iter=3310 obj=1.0861872919814557e7 pinf=199070.87303608021 (4273) dinf=0.0 (0) time=25.0902131s
[ Info: iter=3360 obj=1.0917029537114915e7 pinf=203442.81537119314 (4288) dinf=0.0 (0) time=25.3081987s
[ Info: iter=3410 obj=1.1053911691389285e7 pinf=205380.41316060425 (4286) dinf=0.0 (0) time=25.5218904s
[ Info: iter=3460 obj=1.1055847727981597e7 pinf=3.4236879220947535e6 (4297) dinf=0.0 (0) time=25.7512028s
[ Info: iter=3510 obj=1.1061180734206213e7 pinf=3.4222956721472414e6 (4293) dinf=0.0 (0) time=25.9782527s
[ Info: iter=3560 obj=1.1116565107875317e7 pinf=3.4147355974512985e6 (4283) dinf=0.0 (0) time=26.1957927s
[ Info: iter=3610 obj=1.1152351307486441e7 pinf=3.5369732534063617e6 (4284) dinf=0.0 (0) time=26.4161481s
[ Info: iter=3660 obj=1.1152351307486441e7 pinf=3.55334854298642e6 (4286) dinf=0.0 (0) time=26.654927s
[ Info: iter=3710 obj=1.1152351307486525e7 pinf=3.9789030176105876e6 (4296) dinf=0.0 (0) time=26.8835266s
[ Info: iter=3760 obj=1.1152351307486443e7 pinf=4.266207098908469e6 (4298) dinf=0.0 (0) time=27.1449298s
[ Info: iter=3810 obj=1.1230563079189388e7 pinf=3.442452878423182e6 (4376) dinf=0.0 (0) time=27.3747435s
[ Info: iter=3860 obj=1.1278479148972511e7 pinf=3.466334175774326e6 (4376) dinf=0.0 (0) time=27.5899873s
[ Info: iter=3910 obj=1.13174786218008e7 pinf=3.4396842649900145e6 (4358) dinf=0.0 (0) time=27.8241053s
[ Info: iter=3960 obj=1.13174786218008e7 pinf=3.4504776712383754e6 (4369) dinf=0.0 (0) time=28.0501233s
[ Info: iter=4010 obj=1.13174786218008e7 pinf=3.8502336821141457e6 (4387) dinf=0.0 (0) time=28.2743878s
[ Info: iter=4060 obj=1.1321355837294964e7 pinf=3.444230489656115e6 (4397) dinf=0.0 (0) time=28.5372797s
[ Info: iter=4110 obj=1.1348514200532924e7 pinf=3.4521529036999596e6 (4416) dinf=0.0 (0) time=28.7597707s
[ Info: iter=4160 obj=1.1795550234219871e7 pinf=3.4436350049355743e6 (4452) dinf=0.0 (0) time=28.9991457s
[ Info: iter=4210 obj=1.4147518406743374e7 pinf=3.4235654743318316e6 (4459) dinf=0.0 (0) time=29.2175339s
[ Info: iter=4260 obj=1.4218096707474658e7 pinf=3.428408283713714e6 (4500) dinf=0.0 (0) time=29.4422034s
[ Info: iter=4310 obj=1.4379496890312135e7 pinf=3.4233277697555474e6 (4482) dinf=0.0 (0) time=29.6875939s
[ Info: iter=4360 obj=1.4566764433353089e7 pinf=3.4330130035399715e6 (4493) dinf=0.0 (0) time=29.9194023s
[ Info: iter=4410 obj=1.4859951005377643e7 pinf=3.657917932288755e6 (4485) dinf=0.0 (0) time=30.1899822s
[ Info: iter=4460 obj=1.7245866533669278e7 pinf=3.7169638525215895e6 (4513) dinf=0.0 (0) time=30.4146972s
[ Info: iter=4510 obj=1.919148815832328e7 pinf=3.7186970542071685e6 (4530) dinf=0.0 (0) time=30.6361906s
[ Info: iter=4560 obj=1.9885410355323598e7 pinf=3.7157467806900875e6 (4535) dinf=0.0 (0) time=30.918206s
[ Info: iter=4610 obj=2.103915126101583e7 pinf=3.6896102626372706e6 (4535) dinf=0.0 (0) time=31.1624422s
[ Info: iter=4660 obj=2.1097515179172467e7 pinf=5.930100357264978e6 (4584) dinf=0.0 (0) time=31.3933095s
[ Info: iter=4710 obj=2.11542199597522e7 pinf=3.7921750668770056e6 (4597) dinf=0.0 (0) time=31.6317452s
[ Info: iter=4760 obj=2.116495625393849e7 pinf=3.9073006456363057e6 (4643) dinf=0.0 (0) time=31.8682259s
[ Info: iter=4810 obj=2.119011408323197e7 pinf=3.804544558698601e6 (4688) dinf=0.0 (0) time=32.1212292s
[ Info: iter=4860 obj=2.119351232566397e7 pinf=3.8458358138979506e6 (4649) dinf=0.0 (0) time=32.3854851s
[ Info: iter=4910 obj=2.121036942550921e7 pinf=3.871660275402415e6 (4671) dinf=0.0 (0) time=32.6195746s
[ Info: iter=4960 obj=2.1244206529703442e7 pinf=3.8693692220757864e6 (4698) dinf=0.0 (0) time=32.9051845s
[ Info: iter=5010 obj=2.2361011390303515e7 pinf=3.897755502960636e6 (4709) dinf=0.0 (0) time=33.1475734s
[ Info: iter=5060 obj=2.2398201914096877e7 pinf=3.898111249205823e6 (4718) dinf=0.0 (0) time=33.373043s
[ Info: iter=5110 obj=2.2554858934966475e7 pinf=3.914588436074569e6 (4741) dinf=0.0 (0) time=33.6120878s
[ Info: iter=5160 obj=2.3060228471317492e7 pinf=3.838906452226134e6 (4697) dinf=0.0 (0) time=33.856074s
[ Info: iter=5210 obj=2.3143601748823036e7 pinf=3.9320474763186434e6 (4683) dinf=0.0 (0) time=34.1010296s
[ Info: iter=5260 obj=2.314538734708413e7 pinf=3.9266039322351785e6 (4690) dinf=0.0 (0) time=34.3453352s
[ Info: iter=5310 obj=2.3150334282940418e7 pinf=4.605559424488008e6 (4686) dinf=0.0 (0) time=34.5896482s
[ Info: iter=5360 obj=2.3150334282942653e7 pinf=8.316157264888726e7 (4681) dinf=0.0 (0) time=34.8228612s
[ Info: iter=5410 obj=2.31503342829403e7 pinf=8.026264026662837e7 (4679) dinf=0.0 (0) time=35.0709179s
[ Info: iter=5460 obj=2.31503342829403e7 pinf=8.033571394935389e7 (4686) dinf=0.0 (0) time=35.3426774s
[ Info: iter=5510 obj=2.315033428294003e7 pinf=8.306509292335309e7 (4683) dinf=0.0 (0) time=35.6722545s
[ Info: iter=5560 obj=2.3176014298402146e7 pinf=1.115626222630949e7 (4698) dinf=0.0 (0) time=35.9599907s
[ Info: iter=5610 obj=2.318748719262868e7 pinf=1.119848629368504e7 (4703) dinf=0.0 (0) time=36.2593098s
[ Info: iter=5660 obj=2.320176461468625e7 pinf=1.1103676793925747e7 (4690) dinf=0.0 (0) time=36.5410042s
[ Info: iter=5710 obj=2.321225886400819e7 pinf=1.1099846143899476e7 (4690) dinf=0.0 (0) time=36.7961098s
[ Info: iter=5760 obj=2.322082795701757e7 pinf=1.1093924481622087e7 (4705) dinf=0.0 (0) time=37.042841s
[ Info: iter=5810 obj=2.3299298829820946e7 pinf=1.1092834602669373e7 (4716) dinf=0.0 (0) time=37.2928011s
[ Info: iter=5860 obj=2.3655879384067923e7 pinf=1.113281987534207e7 (4706) dinf=0.0 (0) time=37.5288754s
[ Info: iter=5910 obj=2.367559917136769e7 pinf=1.1412880856179362e7 (4714) dinf=0.0 (0) time=37.7662639s
[ Info: iter=5960 obj=2.367559917136769e7 pinf=1.4050803768158069e7 (4727) dinf=0.0 (0) time=38.0145045s
[ Info: iter=6010 obj=2.367559917136769e7 pinf=1.4120272440747578e7 (4734) dinf=0.0 (0) time=38.2826192s
[ Info: iter=6060 obj=2.367559917136766e7 pinf=1.4398054685564777e7 (4732) dinf=0.0 (0) time=38.5672701s
[ Info: iter=6110 obj=2.3675599171368048e7 pinf=1.5628694048489435e7 (4740) dinf=0.0 (0) time=38.8348272s
[ Info: iter=6160 obj=2.367738525084515e7 pinf=1.1279258144226322e7 (4783) dinf=0.0 (0) time=39.077284s
[ Info: iter=6210 obj=2.3685642648429528e7 pinf=1.1252697227143573e7 (4797) dinf=0.0 (0) time=39.3250913s
[ Info: iter=6260 obj=2.4134293115012437e7 pinf=1.1249402638788203e7 (4805) dinf=0.0 (0) time=39.6134241s
[ Info: iter=6310 obj=2.4157029316290006e7 pinf=1.1248951147025019e7 (4805) dinf=0.0 (0) time=39.8541392s
[ Info: iter=6360 obj=2.4196223956219524e7 pinf=1.1238396878626363e7 (4787) dinf=0.0 (0) time=40.1224767s
[ Info: iter=6410 obj=2.468756224045089e7 pinf=1.1133460385509051e7 (4789) dinf=0.0 (0) time=40.3706775s
[ Info: iter=6460 obj=2.5003163534651518e7 pinf=1.1054083585443562e7 (4759) dinf=0.0 (0) time=40.6060374s
[ Info: iter=6510 obj=2.5003163534651488e7 pinf=1.1064699598431408e7 (4770) dinf=0.0 (0) time=40.8801429s
[ Info: iter=6560 obj=2.5013849428720668e7 pinf=1.1197361996189728e7 (4788) dinf=0.0 (0) time=41.1888502s
[ Info: iter=6610 obj=2.503619380364558e7 pinf=1.104403515180935e7 (4791) dinf=0.0 (0) time=41.4492307s
[ Info: iter=6660 obj=2.532055360953927e7 pinf=1.0463874343330644e7 (4739) dinf=0.0 (0) time=41.6921062s
[ Info: iter=6710 obj=2.5433862394742027e7 pinf=1.0442535511305656e7 (4741) dinf=0.0 (0) time=41.9408552s
[ Info: iter=6760 obj=2.5748586773862436e7 pinf=1.0470976391806033e7 (4729) dinf=0.0 (0) time=42.2143453s
[ Info: iter=6810 obj=2.581572470467864e7 pinf=1.0478282615767373e7 (4737) dinf=0.0 (0) time=42.4620279s
[ Info: iter=6860 obj=2.5815724704654783e7 pinf=1.0481112854152212e7 (4747) dinf=0.0 (0) time=42.7453557s
[ Info: iter=6910 obj=2.5815724704678625e7 pinf=1.0722809430460641e7 (4750) dinf=0.0 (0) time=43.0030188s
[ Info: iter=6960 obj=2.581772124027303e7 pinf=1.0684858670783827e7 (4760) dinf=0.0 (0) time=43.2587817s
[ Info: iter=7010 obj=2.5832136435898364e7 pinf=1.070310711900979e7 (4736) dinf=0.0 (0) time=43.549254s
[ Info: iter=7060 obj=2.5850685838514924e7 pinf=1.0933649755039636e7 (4778) dinf=0.0 (0) time=43.8570306s
[ Info: iter=7110 obj=2.587341737861696e7 pinf=1.1004652220436944e7 (4796) dinf=0.0 (0) time=44.1235978s
[ Info: iter=7160 obj=2.587341737861678e7 pinf=1.2957008650217595e7 (4798) dinf=0.0 (0) time=44.3921054s
[ Info: iter=7210 obj=2.587341738402094e7 pinf=1.1017933280403223e7 (4793) dinf=0.0 (0) time=44.6589171s
[ Info: iter=7260 obj=2.58771781234778e7 pinf=1.098006389641925e7 (4798) dinf=0.0 (0) time=44.9155887s
[ Info: iter=7310 obj=2.5890881867170393e7 pinf=1.3348031464303924e7 (4817) dinf=0.0 (0) time=45.1849435s
[ Info: iter=7360 obj=2.592027732026656e7 pinf=1.1481768581823166e7 (4860) dinf=0.0 (0) time=45.4475525s
[ Info: iter=7410 obj=2.6440485990812227e7 pinf=1.1105617819843948e7 (4866) dinf=0.0 (0) time=45.7039618s
[ Info: iter=7460 obj=2.646981632390061e7 pinf=1.1076704924835145e7 (4879) dinf=0.0 (0) time=45.9886243s
[ Info: iter=7510 obj=2.6623817205861613e7 pinf=1.1072882406946016e7 (4879) dinf=0.0 (0) time=46.2973355s
[ Info: iter=7560 obj=2.6623822315894425e7 pinf=1.107422908635674e7 (4897) dinf=0.0 (0) time=46.5467468s
[ Info: iter=7610 obj=2.6666634465872943e7 pinf=1.2125337753718207e7 (4953) dinf=0.0 (0) time=46.8060398s
[ Info: iter=7660 obj=2.926216836645563e7 pinf=1.1649239940409139e7 (4929) dinf=0.0 (0) time=47.0632434s
[ Info: iter=7710 obj=2.9393602845239013e7 pinf=1.166657826701314e7 (4929) dinf=0.0 (0) time=47.3370067s
[ Info: iter=7760 obj=2.9471509804707885e7 pinf=1.5530634210701715e7 (4973) dinf=0.0 (0) time=47.597701s
[ Info: iter=7810 obj=3.036674239131923e7 pinf=1.519287622453374e7 (4953) dinf=0.0 (0) time=47.8510394s
[ Info: iter=7860 obj=3.0526586386089344e7 pinf=8.960632066930562e6 (4967) dinf=0.0 (0) time=48.134118s
[ Info: iter=7910 obj=3.0538418063236833e7 pinf=3.798864229744592e7 (4997) dinf=0.0 (0) time=48.4011121s
[ Info: iter=7960 obj=3.061092436576426e7 pinf=8.88809940664863e6 (4988) dinf=0.0 (0) time=48.7151223s
[ Info: iter=8010 obj=3.0649523022335164e7 pinf=9.439982863689369e6 (4985) dinf=0.0 (0) time=49.0041389s
[ Info: iter=8060 obj=3.082951205931475e7 pinf=5.987327944420507e6 (4941) dinf=0.0 (0) time=49.2684386s
[ Info: iter=8110 obj=3.092151693273641e7 pinf=7.071514303864441e6 (4998) dinf=0.0 (0) time=49.5431242s
[ Info: iter=8160 obj=3.103593331186924e7 pinf=7.077100337167907e6 (4972) dinf=0.0 (0) time=49.7991112s
[ Info: iter=8210 obj=3.1056711406138692e7 pinf=7.595139520314525e6 (5030) dinf=0.0 (0) time=50.0706583s
[ Info: iter=8260 obj=3.1056711406138692e7 pinf=7.640488621652065e6 (5049) dinf=0.0 (0) time=50.3277632s
[ Info: iter=8310 obj=3.1067080088593036e7 pinf=7.414785082407058e6 (5047) dinf=0.0 (0) time=50.6433412s
[ Info: iter=8360 obj=3.1080306392705955e7 pinf=7.320966252484253e6 (5053) dinf=0.0 (0) time=50.9152214s
[ Info: iter=8410 obj=3.1080306392705984e7 pinf=1.6312201357356614e7 (5061) dinf=0.0 (0) time=51.1903816s
[ Info: iter=8460 obj=3.109812515438888e7 pinf=6.702623094891313e6 (5050) dinf=0.0 (0) time=51.5232746s
[ Info: iter=8510 obj=3.1227752010748226e7 pinf=7.558932000026491e6 (5029) dinf=0.0 (0) time=51.7889833s
[ Info: iter=8560 obj=3.1325483306402676e7 pinf=6.612870694203883e6 (5048) dinf=0.0 (0) time=52.0599841s
[ Info: iter=8610 obj=3.1405605750977516e7 pinf=6.889244714839742e6 (5037) dinf=0.0 (0) time=52.3371437s
[ Info: iter=8660 obj=3.144724009281636e7 pinf=6.622917724656575e6 (5056) dinf=0.0 (0) time=52.6150863s
[ Info: iter=8710 obj=3.144773012398886e7 pinf=6.612196847142758e6 (5048) dinf=0.0 (0) time=52.8818122s
[ Info: iter=8760 obj=3.1461977476112008e7 pinf=6.623980868245574e6 (5072) dinf=0.0 (0) time=53.1502489s
[ Info: iter=8810 obj=3.1497357993208475e7 pinf=6.588749733371259e6 (5128) dinf=0.0 (0) time=53.4350851s
[ Info: iter=8860 obj=3.1506876397988148e7 pinf=7.533678013714554e6 (5171) dinf=0.0 (0) time=53.7567107s
[ Info: iter=8910 obj=3.1509614041894067e7 pinf=7.59862833866701e6 (5190) dinf=0.0 (0) time=54.017793s
[ Info: iter=8960 obj=3.151171511215909e7 pinf=1.9981221619696476e7 (5191) dinf=0.0 (0) time=54.3247268s
[ Info: iter=9010 obj=3.1511715112159133e7 pinf=2.960155714624808e7 (5216) dinf=0.0 (0) time=54.5764525s
[ Info: iter=9060 obj=3.1764181730237044e7 pinf=6.523243395972754e6 (5166) dinf=0.0 (0) time=54.8511333s
[ Info: iter=9110 obj=3.179664732606604e7 pinf=9.217520468557961e6 (5174) dinf=0.0 (0) time=55.1417782s
[ Info: iter=9160 obj=3.181137293075957e7 pinf=8.028743559915291e6 (5152) dinf=0.0 (0) time=55.4210807s
[ Info: iter=9210 obj=3.197204540973558e7 pinf=7.867033113342537e6 (5186) dinf=0.0 (0) time=55.6909276s
[ Info: iter=9260 obj=3.1980577781558163e7 pinf=8.990174502238967e6 (5136) dinf=0.0 (0) time=55.9801434s
[ Info: iter=9310 obj=3.2076574852815025e7 pinf=9.104221920629479e6 (5155) dinf=0.0 (0) time=56.2885577s
[ Info: iter=9360 obj=3.2098598864083946e7 pinf=1.410254238045245e7 (5199) dinf=0.0 (0) time=56.6249425s
[ Info: iter=9410 obj=3.2099656821165875e7 pinf=2.9529684024589185e7 (5194) dinf=0.0 (0) time=56.9004568s
[ Info: iter=9460 obj=3.2116420511650726e7 pinf=1.5725693492541883e7 (5196) dinf=0.0 (0) time=57.187836s
[ Info: iter=9510 obj=3.214115894950433e7 pinf=1.816489502614985e7 (5230) dinf=0.0 (0) time=57.5112741s
[ Info: iter=9560 obj=3.2177532685681157e7 pinf=1.862914116476307e7 (5240) dinf=0.0 (0) time=57.7996058s
[ Info: iter=9610 obj=3.244400371583321e7 pinf=5.028034983177124e6 (5247) dinf=0.0 (0) time=58.1021851s
[ Info: iter=9660 obj=3.2562849937264882e7 pinf=4.677190874494377e6 (5259) dinf=0.0 (0) time=58.4069835s
[ Info: iter=9710 obj=3.2801328195050653e7 pinf=5.920526908280672e6 (5231) dinf=0.0 (0) time=58.7472315s
[ Info: iter=9760 obj=3.3005730760475364e7 pinf=5.281520552061405e6 (5258) dinf=0.0 (0) time=59.037187s
[ Info: iter=9810 obj=3.348097385967149e7 pinf=5.365972482187402e6 (5294) dinf=0.0 (0) time=59.361019s
[ Info: iter=9860 obj=3.3499331175473593e7 pinf=7.891459001312425e6 (5298) dinf=0.0 (0) time=59.6485213s
[ Info: iter=9910 obj=3.3501829568440374e7 pinf=8.22457518264559e6 (5279) dinf=0.0 (0) time=59.9158565s
[ Info: iter=9960 obj=3.35048519545482e7 pinf=7.878514971718941e6 (5296) dinf=0.0 (0) time=60.1937786s
[ Info: iter=10010 obj=3.3515434938338555e7 pinf=3.684547253252268e6 (5301) dinf=0.0 (0) time=60.4889463s
[ Info: iter=10060 obj=3.358778968334984e7 pinf=3.6940504638320995e6 (5304) dinf=0.0 (0) time=60.7925079s
[ Info: iter=10110 obj=3.366811244504677e7 pinf=3.7037008654249012e6 (5318) dinf=0.0 (0) time=61.116169s
[ Info: iter=10160 obj=3.406098838613593e7 pinf=3.8373960209044805e6 (5339) dinf=0.0 (0) time=61.4434077s
[ Info: iter=10210 obj=3.411861637889866e7 pinf=4.282893499974128e6 (5375) dinf=0.0 (0) time=61.727824s
[ Info: iter=10260 obj=3.415969843987329e7 pinf=6.89526333439539e6 (5411) dinf=0.0 (0) time=62.012473s
[ Info: iter=10310 obj=3.417636190125482e7 pinf=7.684456197627395e6 (5408) dinf=0.0 (0) time=62.3128631s
[ Info: iter=10360 obj=3.417774675659086e7 pinf=1.434138094402109e7 (5389) dinf=0.0 (0) time=62.6360738s
[ Info: iter=10410 obj=3.443129407156992e7 pinf=6.460850542424752e6 (5453) dinf=0.0 (0) time=62.9394976s
[ Info: iter=10460 obj=3.458834414086912e7 pinf=1.1855441421143746e7 (5453) dinf=0.0 (0) time=63.2449126s
[ Info: iter=10510 obj=3.4616744531572476e7 pinf=1.0764599470779568e7 (5458) dinf=0.0 (0) time=63.5946412s
[ Info: iter=10560 obj=3.462810508509308e7 pinf=2.189098478604096e7 (5543) dinf=0.0 (0) time=63.8899699s
[ Info: iter=10610 obj=3.4630879220361814e7 pinf=2.9154589700738218e7 (5525) dinf=0.0 (0) time=64.1845848s
[ Info: iter=10660 obj=3.465590509018304e7 pinf=8.019485861260258e6 (5476) dinf=0.0 (0) time=64.5074554s
[ Info: iter=10710 obj=3.490748557407306e7 pinf=7.327771834433579e6 (5460) dinf=0.0 (0) time=64.8356421s
[ Info: iter=10760 obj=3.501978675754817e7 pinf=8.403346312618297e6 (5414) dinf=0.0 (0) time=65.140783s
[ Info: iter=10810 obj=3.503007828718676e7 pinf=3.8031591662154673e6 (5404) dinf=0.0 (0) time=65.5048693s
[ Info: iter=10860 obj=3.503653205425831e7 pinf=9.064305838089192e6 (5481) dinf=0.0 (0) time=65.8283809s
[ Info: iter=10910 obj=3.504134417495148e7 pinf=1.758156945375903e7 (5492) dinf=0.0 (0) time=66.128736s
[ Info: iter=10960 obj=3.504134417495148e7 pinf=1.7611371735486064e7 (5500) dinf=0.0 (0) time=66.3966323s
[ Info: iter=11010 obj=3.504134417495169e7 pinf=2.6502999721271683e7 (5503) dinf=0.0 (0) time=66.6695352s
[ Info: iter=11060 obj=3.504134417495179e7 pinf=2.6228383361050084e7 (5503) dinf=0.0 (0) time=66.9616815s
[ Info: iter=11110 obj=3.5041344174951285e7 pinf=2.5692683969415937e7 (5507) dinf=0.0 (0) time=67.2638365s
[ Info: iter=11160 obj=3.5041344174951516e7 pinf=2.602705997773986e7 (5530) dinf=0.0 (0) time=67.5673692s
[ Info: iter=11210 obj=3.5041344174951516e7 pinf=2.5038178426647622e7 (5528) dinf=0.0 (0) time=67.8961002s
[ Info: iter=11260 obj=3.5041344174892485e7 pinf=2.2071653522713504e9 (5569) dinf=0.0 (0) time=68.2080861s
[ Info: iter=11310 obj=3.5041344174827576e7 pinf=2.177183836085657e9 (5567) dinf=0.0 (0) time=68.4834741s
[ Info: iter=11360 obj=3.504134417489624e7 pinf=2.9030452122453566e9 (5565) dinf=0.0 (0) time=68.7776727s
[ Info: iter=11410 obj=3.504670842486452e7 pinf=1.6760262393412976e7 (5525) dinf=0.0 (0) time=69.0881026s
[ Info: iter=11460 obj=3.505139917484529e7 pinf=2.440168834011849e7 (5577) dinf=0.0 (0) time=69.4279076s
[ Info: iter=11510 obj=3.50638715104736e7 pinf=7.354881613202369e6 (5619) dinf=0.0 (0) time=69.8297226s
[ Info: iter=11560 obj=3.508045443946182e7 pinf=9.393109761919461e6 (5559) dinf=0.0 (0) time=70.1585968s
[ Info: iter=11610 obj=3.510604796970351e7 pinf=1.534704801519262e7 (5536) dinf=0.0 (0) time=70.4868387s
[ Info: iter=11660 obj=3.513783193862309e7 pinf=4.645734273959906e7 (5652) dinf=0.0 (0) time=70.8172644s
[ Info: iter=11710 obj=3.516015546779609e7 pinf=4.819553130796309e7 (5644) dinf=0.0 (0) time=71.1569664s
[ Info: iter=11760 obj=3.517346662802315e7 pinf=2.4291983288820195e8 (5654) dinf=0.0 (0) time=71.4842437s
[ Info: iter=11810 obj=3.517353608482218e7 pinf=2.6859566637187388e7 (5651) dinf=0.0 (0) time=71.8398854s
[ Info: iter=11860 obj=3.518256903681961e7 pinf=2.395111518101759e7 (5710) dinf=0.0 (0) time=72.2097694s
[ Info: iter=11910 obj=3.5187134001744926e7 pinf=5.570424499256816e7 (5731) dinf=0.0 (0) time=72.5120706s
[ Info: iter=11960 obj=3.521778327767348e7 pinf=4.9481270757289425e7 (5675) dinf=0.0 (0) time=72.8462519s
[ Info: iter=12010 obj=3.525601442190564e7 pinf=1.774325841926841e7 (5709) dinf=0.0 (0) time=73.2049059s
[ Info: iter=12060 obj=3.527365647914907e7 pinf=2.0067770460172508e7 (5719) dinf=0.0 (0) time=73.5454134s
[ Info: iter=12110 obj=3.527384246446875e7 pinf=2.0108774514302332e7 (5735) dinf=0.0 (0) time=73.96055s
[ Info: iter=12160 obj=3.528568584321046e7 pinf=2.713848231875065e7 (5769) dinf=0.0 (0) time=74.2809958s
[ Info: iter=12210 obj=3.529875406105435e7 pinf=3.631871967637909e7 (5761) dinf=0.0 (0) time=74.6286289s
[ Info: iter=12260 obj=3.532262871668434e7 pinf=1.1108717365530065e8 (5760) dinf=0.0 (0) time=74.9439992s
[ Info: iter=12310 obj=3.542180876024485e7 pinf=3.2547033047887087e7 (5863) dinf=0.0 (0) time=75.2964369s
[ Info: iter=12360 obj=3.621830010270605e7 pinf=2.213477782870114e7 (5865) dinf=0.0 (0) time=75.6705586s
[ Info: iter=12410 obj=3.629894334347439e7 pinf=3.439538250410868e7 (5841) dinf=0.0 (0) time=76.1462446s
[ Info: iter=12460 obj=3.667819503038144e7 pinf=3.394449010707806e7 (5864) dinf=0.0 (0) time=76.559955s
[ Info: iter=12510 obj=3.6817989983254075e7 pinf=3.5408783503641404e7 (5784) dinf=0.0 (0) time=76.9641648s
[ Info: iter=12560 obj=3.6847144809096575e7 pinf=4.5439586601224385e7 (5864) dinf=0.0 (0) time=77.3175082s
[ Info: iter=12610 obj=3.6867308863064766e7 pinf=4.80842844457885e7 (5896) dinf=0.0 (0) time=77.6440941s
[ Info: iter=12660 obj=3.686730886306572e7 pinf=4.814751453441551e7 (5898) dinf=0.0 (0) time=77.9734024s
[ Info: iter=12710 obj=3.686730886306548e7 pinf=4.809168913757011e7 (5905) dinf=0.0 (0) time=78.2531442s
[ Info: iter=12760 obj=3.688073576249051e7 pinf=6.117218714004393e8 (5898) dinf=0.0 (0) time=78.640411s
[ Info: iter=12810 obj=3.688073576249266e7 pinf=6.108728254388956e8 (5934) dinf=0.0 (0) time=78.9339351s
[ Info: iter=12860 obj=3.688073576247978e7 pinf=6.704031719670815e8 (5916) dinf=0.0 (0) time=79.2503667s
[ Info: iter=12910 obj=3.690573797882509e7 pinf=1.0472372966131736e8 (6024) dinf=0.0 (0) time=79.6076161s
[ Info: iter=12960 obj=3.695233398089713e7 pinf=7.683366729001994e7 (6050) dinf=0.0 (0) time=79.9643455s
[ Info: iter=13010 obj=3.696600200910607e7 pinf=1.1447308098764783e8 (6086) dinf=0.0 (0) time=80.2786352s
[ Info: iter=13060 obj=3.697655446765539e7 pinf=2.309970537747554e8 (6112) dinf=0.0 (0) time=80.6380642s
[ Info: iter=13110 obj=3.6988060045191854e7 pinf=4.3587840007063806e8 (6046) dinf=0.0 (0) time=81.0369748s
[ Info: iter=13160 obj=3.700261661805737e7 pinf=2.748407471561181e8 (6052) dinf=0.0 (0) time=81.3864466s
[ Info: iter=13210 obj=3.702103237015948e7 pinf=2.92271344401148e7 (5974) dinf=0.0 (0) time=81.7290144s
[ Info: iter=13260 obj=3.7055249253223896e7 pinf=2.95710483103358e7 (5983) dinf=0.0 (0) time=82.0646332s
[ Info: iter=13310 obj=3.719356379008716e7 pinf=5.653705682547206e7 (6039) dinf=0.0 (0) time=82.4164163s
[ Info: iter=13360 obj=3.731912123401415e7 pinf=7.148818778761443e7 (5954) dinf=0.0 (0) time=82.8262488s
[ Info: iter=13410 obj=3.732288325052199e7 pinf=2.725905420301201e7 (5782) dinf=0.0 (0) time=83.1424564s
[ Info: iter=13460 obj=3.733306614161414e7 pinf=1.8857597520122536e7 (5844) dinf=0.0 (0) time=83.5013875s
[ Info: iter=13510 obj=3.7344046563544184e7 pinf=2.3149396193204354e7 (5893) dinf=0.0 (0) time=83.8625611s
[ Info: iter=13560 obj=3.736331348205763e7 pinf=1.0885473280895764e8 (6047) dinf=0.0 (0) time=84.2319516s
[ Info: iter=13610 obj=3.7373255620263964e7 pinf=9.492311883078595e7 (5955) dinf=0.0 (0) time=84.5943546s
[ Info: iter=13660 obj=3.738932414392564e7 pinf=6.4984753385472514e7 (5907) dinf=0.0 (0) time=84.985065s
[ Info: iter=13710 obj=3.740160034695858e7 pinf=6.5315152089174785e7 (5902) dinf=0.0 (0) time=85.3389481s
[ Info: iter=13760 obj=3.741028837484187e7 pinf=6.92677863396501e7 (5946) dinf=0.0 (0) time=85.6917235s
[ Info: iter=13810 obj=3.742455667714608e7 pinf=2.0593533811646353e7 (5847) dinf=0.0 (0) time=86.0339153s
[ Info: iter=13860 obj=3.743308614098576e7 pinf=3.354240333410589e7 (5956) dinf=0.0 (0) time=86.3818258s
[ Info: iter=13910 obj=3.7457306491241634e7 pinf=3.003571975159919e7 (5894) dinf=0.0 (0) time=86.8199962s
[ Info: iter=13960 obj=3.7474448749614745e7 pinf=6.156663133359654e7 (5889) dinf=0.0 (0) time=87.2226056s
[ Info: iter=14010 obj=3.754818268832642e7 pinf=1.7485226187756246e8 (5856) dinf=0.0 (0) time=87.5415555s
[ Info: iter=14060 obj=3.7795393001680195e7 pinf=2.383931554480887e9 (5770) dinf=0.0 (0) time=87.8900447s
[ Info: iter=14110 obj=3.8439580277748674e7 pinf=5.499631021061947e7 (5819) dinf=0.0 (0) time=88.2213795s
[ Info: iter=14160 obj=3.851160384988409e7 pinf=5.424116306270332e7 (5853) dinf=0.0 (0) time=88.5419177s
[ Info: iter=14210 obj=3.86217793372058e7 pinf=5.415233146754261e7 (5874) dinf=0.0 (0) time=88.8808934s
[ Info: iter=14260 obj=3.8702490299931884e7 pinf=5.43157085418002e7 (5856) dinf=0.0 (0) time=89.2566478s
[ Info: iter=14310 obj=3.875236681953555e7 pinf=1.6652931084738275e8 (5888) dinf=0.0 (0) time=89.6218219s
[ Info: iter=14360 obj=3.878759573186624e7 pinf=1.2561917773016445e8 (5945) dinf=0.0 (0) time=89.9923838s
[ Info: iter=14410 obj=3.881717563754484e7 pinf=1.850509395347468e8 (5897) dinf=0.0 (0) time=90.3886087s
[ Info: iter=14460 obj=3.8826089561770916e7 pinf=2.2071522713691753e8 (5955) dinf=0.0 (0) time=90.8335235s
[ Info: iter=14510 obj=3.882749832308996e7 pinf=2.2161789514537463e8 (5893) dinf=0.0 (0) time=91.1757205s
[ Info: iter=14560 obj=3.883155985902119e7 pinf=7.465358990543182e7 (5888) dinf=0.0 (0) time=91.5004249s
[ Info: iter=14610 obj=3.8847833524827e7 pinf=7.131415054992679e7 (5899) dinf=0.0 (0) time=91.8731209s
[ Info: iter=14660 obj=3.885136602411033e7 pinf=1.6695135481399214e7 (5801) dinf=0.0 (0) time=92.2226894s
[ Info: iter=14710 obj=3.8862888856443346e7 pinf=1.4237224578429254e7 (5745) dinf=0.0 (0) time=92.6752494s
[ Info: iter=14760 obj=3.887595568305367e7 pinf=1.1905844910537787e7 (5850) dinf=0.0 (0) time=93.0397872s
[ Info: iter=14810 obj=3.890464817183524e7 pinf=1.0967529889580848e7 (5812) dinf=0.0 (0) time=93.4197503s
[ Info: iter=14860 obj=3.8925621769332886e7 pinf=3.031474231601479e9 (6040) dinf=0.0 (0) time=93.7604635s
[ Info: iter=14910 obj=3.919880123192978e7 pinf=6.839342629028635e8 (5999) dinf=0.0 (0) time=94.1193365s
[ Info: iter=14960 obj=3.9217293642082214e7 pinf=2.927467333176685e8 (5975) dinf=0.0 (0) time=94.5099527s
[ Info: iter=15010 obj=3.936400710053128e7 pinf=2.8028019747184914e7 (5844) dinf=0.0 (0) time=94.9229618s
[ Info: iter=15060 obj=3.938733527311897e7 pinf=3.88346237142291e8 (5989) dinf=0.0 (0) time=95.2938761s
[ Info: iter=15110 obj=3.939949133089733e7 pinf=1.2229598718788235e8 (5895) dinf=0.0 (0) time=95.6780327s
[ Info: iter=15160 obj=3.942078256354904e7 pinf=1.988668360882051e8 (5840) dinf=0.0 (0) time=96.0948307s
[ Info: iter=15210 obj=3.9445032910353184e7 pinf=5.642709594102696e7 (5803) dinf=0.0 (0) time=96.5287233s
[ Info: iter=15260 obj=3.946023534862137e7 pinf=1.6647351911897728e8 (5900) dinf=0.0 (0) time=96.8865796s
[ Info: iter=15310 obj=3.946663108271217e7 pinf=1.7119547333613393e8 (5892) dinf=0.0 (0) time=97.2862023s
[ Info: iter=15360 obj=3.947018374678421e7 pinf=4.8038267945287853e8 (5871) dinf=0.0 (0) time=97.6932333s
[ Info: iter=15410 obj=3.9478040278473616e7 pinf=5.5276634033298336e7 (5820) dinf=0.0 (0) time=98.1213113s
[ Info: iter=15460 obj=3.955032276237488e7 pinf=6.243275409209047e7 (5847) dinf=0.0 (0) time=98.4913899s
[ Info: iter=15510 obj=3.964066328320789e7 pinf=4.572187572623491e7 (5785) dinf=0.0 (0) time=98.8640393s
[ Info: iter=15560 obj=3.9803212388056755e7 pinf=1.2057014559677723e8 (5834) dinf=0.0 (0) time=99.217819s
[ Info: iter=15610 obj=3.9913131233379364e7 pinf=3.8548589856832135e8 (5877) dinf=0.0 (0) time=99.5828943s
[ Info: iter=15660 obj=4.005178966156149e7 pinf=5.3843931994575486e7 (5729) dinf=0.0 (0) time=99.9886105s
[ Info: iter=15710 obj=4.0133801465801954e7 pinf=1.2094838327629246e7 (5628) dinf=0.0 (0) time=100.3560728s
[ Info: iter=15760 obj=4.016893280913816e7 pinf=1.1462792765594872e7 (5660) dinf=0.0 (0) time=100.6940659s
[ Info: iter=15810 obj=4.025762994577062e7 pinf=1.6865222916604962e7 (5737) dinf=0.0 (0) time=101.0354349s
[ Info: iter=15860 obj=4.03278282404151e7 pinf=3.220654126804669e7 (5739) dinf=0.0 (0) time=101.3894031s
[ Info: iter=15910 obj=4.062908081430423e7 pinf=2.226845396361615e7 (5663) dinf=0.0 (0) time=101.8070805s
[ Info: iter=15960 obj=4.074530428057721e7 pinf=1.4474783170339217e7 (5645) dinf=0.0 (0) time=102.1892308s
[ Info: iter=16010 obj=4.0788678088804245e7 pinf=2.530161446427048e7 (5803) dinf=0.0 (0) time=102.5567546s
[ Info: iter=16060 obj=4.0936911035288334e7 pinf=1.2913723467876893e7 (5681) dinf=0.0 (0) time=102.9273117s
[ Info: iter=16110 obj=4.09590654842782e7 pinf=5.610353189911594e7 (5830) dinf=0.0 (0) time=103.322526s
[ Info: iter=16160 obj=4.0975677962191105e7 pinf=2.7918499909934346e7 (5938) dinf=0.0 (0) time=103.7380401s
[ Info: iter=16210 obj=4.0980402839419365e7 pinf=8.16146239661387e7 (5926) dinf=0.0 (0) time=104.1574199s
[ Info: iter=16260 obj=4.098040283942318e7 pinf=8.161770714661355e7 (5933) dinf=0.0 (0) time=104.4710035s
[ Info: iter=16310 obj=4.0997860645122886e7 pinf=1.8279028168247995e8 (5917) dinf=0.0 (0) time=104.857087s
[ Info: iter=16360 obj=4.101641647301483e7 pinf=3.30571419126336e8 (6077) dinf=0.0 (0) time=105.2658073s
[ Info: iter=16410 obj=4.103402209750593e7 pinf=1.0814035948791093e8 (5817) dinf=0.0 (0) time=105.6993445s
[ Info: iter=16460 obj=4.105825918841833e7 pinf=8.631897372108252e7 (5833) dinf=0.0 (0) time=106.0775232s
[ Info: iter=16510 obj=4.1093435273800194e7 pinf=8.417213856019455e7 (5808) dinf=0.0 (0) time=106.4577062s
[ Info: iter=16560 obj=4.114525219595188e7 pinf=2.3578568795216285e7 (5771) dinf=0.0 (0) time=106.8216157s
[ Info: iter=16610 obj=4.1491990058600426e7 pinf=2.2947571460792e7 (5765) dinf=0.0 (0) time=107.2015629s
[ Info: iter=16660 obj=4.1933905543123595e7 pinf=4.833559468939038e7 (5788) dinf=0.0 (0) time=107.6069311s
[ Info: iter=16710 obj=4.19518957597605e7 pinf=3.987727739308836e7 (5757) dinf=0.0 (0) time=108.0104816s
[ Info: iter=16760 obj=4.199098140730178e7 pinf=1.3736389113397257e7 (5621) dinf=0.0 (0) time=108.4251603s
[ Info: iter=16810 obj=4.206680416686544e7 pinf=1.2056419612350108e7 (5612) dinf=0.0 (0) time=108.7872401s
[ Info: iter=16860 obj=4.210682242841035e7 pinf=1.1012935914679542e7 (5620) dinf=0.0 (0) time=109.1511565s
[ Info: iter=16910 obj=4.222508191290605e7 pinf=1.5133629118941726e7 (5634) dinf=0.0 (0) time=109.5364721s
[ Info: iter=16960 obj=4.2440392872467786e7 pinf=1.2359440710179262e7 (5589) dinf=0.0 (0) time=109.8900378s
[ Info: iter=17010 obj=4.252208210170221e7 pinf=1.238651569354001e7 (5566) dinf=0.0 (0) time=110.2146296s
[ Info: iter=17060 obj=4.254793400665882e7 pinf=8.295494094635003e6 (5685) dinf=0.0 (0) time=110.6212687s
[ Info: iter=17110 obj=4.256465469401702e7 pinf=1.2824314009317808e7 (5696) dinf=0.0 (0) time=111.0989959s
[ Info: iter=17160 obj=4.26079251753152e7 pinf=3.8320648273950946e6 (5397) dinf=0.0 (0) time=111.4592694s
[ Info: iter=17210 obj=4.278160983402619e7 pinf=4.466845576530177e6 (5454) dinf=0.0 (0) time=111.8083455s
[ Info: iter=17260 obj=4.286135430508673e7 pinf=4.269181608078026e6 (5420) dinf=0.0 (0) time=112.1601761s
[ Info: iter=17310 obj=4.298140761847359e7 pinf=4.499988702103501e6 (5411) dinf=0.0 (0) time=112.5181248s
[ Info: iter=17360 obj=4.304244870668438e7 pinf=6.301782712294561e6 (5499) dinf=0.0 (0) time=112.882237s
[ Info: iter=17410 obj=4.3183267931275845e7 pinf=6.320295995015009e6 (5468) dinf=0.0 (0) time=113.2554743s
[ Info: iter=17460 obj=4.339500045570421e7 pinf=6.228136351803081e6 (5428) dinf=0.0 (0) time=113.6212075s
[ Info: iter=17510 obj=4.349459953146589e7 pinf=6.417336162540748e6 (5429) dinf=0.0 (0) time=113.9832262s
[ Info: iter=17560 obj=4.360848388582286e7 pinf=5.843730257703646e6 (5432) dinf=0.0 (0) time=114.3238931s
[ Info: iter=17610 obj=4.368088860183281e7 pinf=6.149383844616251e6 (5440) dinf=0.0 (0) time=114.7034588s
[ Info: iter=17660 obj=4.371108326888627e7 pinf=7.561861583268359e6 (5550) dinf=0.0 (0) time=115.1681789s
[ Info: iter=17710 obj=4.372704122920227e7 pinf=2.0236067273526426e7 (5584) dinf=0.0 (0) time=115.5504419s
[ Info: iter=17760 obj=4.3742699128778994e7 pinf=1.4241795768173134e7 (5504) dinf=0.0 (0) time=115.9482788s
[ Info: iter=17810 obj=4.3755043866839156e7 pinf=2.064090989479355e7 (5291) dinf=0.0 (0) time=116.3480513s
[ Info: iter=17860 obj=4.3770358173942e7 pinf=3.9345037598699755e6 (5308) dinf=0.0 (0) time=116.794922s
[ Info: iter=17910 obj=4.3790551324260354e7 pinf=4.007498323717248e6 (5277) dinf=0.0 (0) time=117.18337s
[ Info: iter=17960 obj=4.381105619332585e7 pinf=7.215239875258174e6 (5577) dinf=0.0 (0) time=117.5698196s
[ Info: iter=18010 obj=4.3823010195997864e7 pinf=3.5655533610507627e6 (5295) dinf=0.0 (0) time=117.9635971s
[ Info: iter=18060 obj=4.383671798221113e7 pinf=4.559082776491801e6 (5395) dinf=0.0 (0) time=118.4237463s
[ Info: iter=18110 obj=4.3848278648903444e7 pinf=4.319763980518972e6 (5346) dinf=0.0 (0) time=118.82526s
[ Info: iter=18160 obj=4.3867012953318596e7 pinf=5.353984173829885e6 (5346) dinf=0.0 (0) time=119.2484345s
[ Info: iter=18210 obj=4.387779433480303e7 pinf=5.017253386811663e6 (5419) dinf=0.0 (0) time=119.6307393s
[ Info: iter=18260 obj=4.399666335409844e7 pinf=4.857387510689676e6 (5367) dinf=0.0 (0) time=120.0037451s
[ Info: iter=18310 obj=4.40492454618053e7 pinf=4.421449162246293e6 (5329) dinf=0.0 (0) time=120.36621s
[ Info: iter=18360 obj=4.410697555417547e7 pinf=4.0857376287748446e6 (5335) dinf=0.0 (0) time=120.7801604s
[ Info: iter=18410 obj=4.4148448802568406e7 pinf=5.556925816267777e6 (5330) dinf=0.0 (0) time=121.1570966s
[ Info: iter=18460 obj=4.436020843919413e7 pinf=5.527216935388335e6 (5361) dinf=0.0 (0) time=121.5220708s
[ Info: iter=18510 obj=4.446479738707e7 pinf=5.721714038966885e6 (5353) dinf=0.0 (0) time=121.8777559s
[ Info: iter=18560 obj=4.449322644089225e7 pinf=1.5266949804542746e7 (5447) dinf=0.0 (0) time=122.3541752s
[ Info: iter=18610 obj=4.4509515589000225e7 pinf=7.284459971814943e6 (5397) dinf=0.0 (0) time=122.7681716s
[ Info: iter=18660 obj=4.4527335368299365e7 pinf=2.2264606398336917e7 (5528) dinf=0.0 (0) time=123.1846357s
[ Info: iter=18710 obj=4.4535017746383905e7 pinf=6.46921167358472e6 (5357) dinf=0.0 (0) time=123.583167s
[ Info: iter=18760 obj=4.45580391793752e7 pinf=6.255948652495488e6 (5394) dinf=0.0 (0) time=123.9857225s
[ Info: iter=18810 obj=4.4568550560083434e7 pinf=1.2779356203235839e7 (5492) dinf=0.0 (0) time=124.4543202s
[ Info: iter=18860 obj=4.46092677945652e7 pinf=1.227392828864584e7 (5449) dinf=0.0 (0) time=124.8102048s
[ Info: iter=18910 obj=4.471384845259735e7 pinf=1.3461898580132503e7 (5455) dinf=0.0 (0) time=125.2218129s
[ Info: iter=18960 obj=4.474180016571295e7 pinf=2.7372555900328152e7 (5637) dinf=0.0 (0) time=125.6292728s
[ Info: iter=19010 obj=4.475217663468814e7 pinf=2.22573265917384e7 (5442) dinf=0.0 (0) time=126.0464416s
[ Info: iter=19060 obj=4.475761864482474e7 pinf=8.663681319656274e7 (5495) dinf=0.0 (0) time=126.48718s
[ Info: iter=19110 obj=4.476812874060008e7 pinf=9.155430477314519e6 (5431) dinf=0.0 (0) time=126.8615923s
[ Info: iter=19160 obj=4.4775482170146346e7 pinf=5.0584324955095105e7 (5605) dinf=0.0 (0) time=127.2813482s
[ Info: iter=19210 obj=4.4790935476052284e7 pinf=1.6103981463980429e7 (5430) dinf=0.0 (0) time=127.6859298s
[ Info: iter=19260 obj=4.48754891844618e7 pinf=2.2202525271568026e7 (5480) dinf=0.0 (0) time=128.101997s
[ Info: iter=19310 obj=4.4922463572717786e7 pinf=2.8344402776774563e7 (5495) dinf=0.0 (0) time=128.4410314s
[ Info: iter=19360 obj=4.5011315592249274e7 pinf=2.8486142004796557e7 (5493) dinf=0.0 (0) time=128.7874797s
[ Info: iter=19410 obj=4.508913029075104e7 pinf=2.924316023327732e7 (5425) dinf=0.0 (0) time=129.1552546s
[ Info: iter=19460 obj=4.514694772143495e7 pinf=2.905070823528421e7 (5353) dinf=0.0 (0) time=129.5791252s
[ Info: iter=19510 obj=4.527841840969396e7 pinf=2.862760272028225e7 (5317) dinf=0.0 (0) time=130.0134796s
[ Info: iter=19560 obj=4.542152057802582e7 pinf=3.5156836792807035e7 (5298) dinf=0.0 (0) time=130.3616926s
[ Info: iter=19610 obj=4.548838491478801e7 pinf=2.4384292234684503e8 (5366) dinf=0.0 (0) time=130.7311293s
[ Info: iter=19660 obj=4.549638031724548e7 pinf=2.030386900328901e7 (5140) dinf=0.0 (0) time=131.1581947s
[ Info: iter=19710 obj=4.550181804170179e7 pinf=2.0311893431913227e7 (5215) dinf=0.0 (0) time=131.5784995s
[ Info: iter=19760 obj=4.550910401194751e7 pinf=1.687874527259421e7 (5249) dinf=0.0 (0) time=132.0331311s
[ Info: iter=19810 obj=4.5516387179593086e7 pinf=1.4895732691634636e7 (5187) dinf=0.0 (0) time=132.4097648s
[ Info: iter=19860 obj=4.5538834375486374e7 pinf=1.4399325451956304e7 (5147) dinf=0.0 (0) time=132.7597662s
[ Info: iter=19910 obj=4.555246805293727e7 pinf=1.3191777273089962e7 (5233) dinf=0.0 (0) time=133.1428839s
[ Info: iter=19960 obj=4.565226786858213e7 pinf=1.2258180014272545e7 (5236) dinf=0.0 (0) time=133.6092477s
[ Info: iter=20010 obj=4.5686886197280884e7 pinf=1.1821804449212357e7 (5166) dinf=0.0 (0) time=134.010447s
[ Info: iter=20060 obj=4.569955106565952e7 pinf=1.1705123100656945e7 (5152) dinf=0.0 (0) time=134.4006961s
[ Info: iter=20110 obj=4.582039433711672e7 pinf=1.1912257993549038e7 (5118) dinf=0.0 (0) time=134.761303s
[ Info: iter=20160 obj=4.587690391563511e7 pinf=1.1946203757417481e7 (5111) dinf=0.0 (0) time=135.1304136s
[ Info: iter=20210 obj=4.594760363311899e7 pinf=1.1914479875405703e7 (5120) dinf=0.0 (0) time=135.5378626s
[ Info: iter=20260 obj=4.60282970998441e7 pinf=1.1809082232869528e7 (5111) dinf=0.0 (0) time=135.9604003s
[ Info: iter=20310 obj=4.605132563828105e7 pinf=1.353536922114571e7 (5330) dinf=0.0 (0) time=136.3696072s
[ Info: iter=20360 obj=4.605760060707301e7 pinf=1.6935345209717963e7 (5344) dinf=0.0 (0) time=136.7685335s
[ Info: iter=20410 obj=4.606354061103356e7 pinf=1.6918569787574787e7 (5329) dinf=0.0 (0) time=137.1784768s
[ Info: iter=20460 obj=4.616583399690026e7 pinf=1.0931423200154768e7 (5355) dinf=0.0 (0) time=137.6363175s
[ Info: iter=20510 obj=4.616909004819965e7 pinf=4.2166484954749905e7 (5414) dinf=0.0 (0) time=138.0287085s
[ Info: iter=20560 obj=4.617277518378019e7 pinf=3.3666234478390455e7 (5396) dinf=0.0 (0) time=138.4389509s
[ Info: iter=20610 obj=4.617704578989375e7 pinf=3.2722624609488316e7 (5463) dinf=0.0 (0) time=138.847235s
[ Info: iter=20660 obj=4.619437557966095e7 pinf=3.869721134844723e8 (5432) dinf=0.0 (0) time=139.3320273s
[ Info: iter=20710 obj=4.629092800255078e7 pinf=3.864210104937115e8 (5387) dinf=0.0 (0) time=139.7127989s
[ Info: iter=20760 obj=4.63568402178798e7 pinf=4.074647952901003e8 (5381) dinf=0.0 (0) time=140.1003664s
[ Info: iter=20810 obj=4.6398497946482345e7 pinf=1.451673277172748e8 (5339) dinf=0.0 (0) time=140.489439s
[ Info: iter=20860 obj=4.640239996173827e7 pinf=5.117132344600199e6 (5279) dinf=0.0 (0) time=140.9452428s
[ Info: iter=20910 obj=4.640614284600191e7 pinf=3.4596209649708524e7 (5278) dinf=0.0 (0) time=141.4743072s
[ Info: iter=20960 obj=4.642188351868081e7 pinf=1.4588428900780183e8 (5374) dinf=0.0 (0) time=141.9050438s
[ Info: iter=21010 obj=4.642801797224617e7 pinf=1.0481847446092696e8 (5372) dinf=0.0 (0) time=142.3205438s
[ Info: iter=21060 obj=4.644270187353468e7 pinf=3.1711161864961296e8 (5464) dinf=0.0 (0) time=142.755143s
[ Info: iter=21110 obj=4.646808348294735e7 pinf=3.3695008444420344e8 (5441) dinf=0.0 (0) time=143.1651403s
[ Info: iter=21160 obj=4.651420972730374e7 pinf=3.301898249541463e8 (5485) dinf=0.0 (0) time=143.6144161s
[ Info: iter=21210 obj=4.654137739258313e7 pinf=3.339577325223343e8 (5487) dinf=0.0 (0) time=143.9632273s
[ Info: iter=21260 obj=4.6565067345468044e7 pinf=3.3750665936855024e8 (5496) dinf=0.0 (0) time=144.3283385s
[ Info: iter=21310 obj=4.662913504201317e7 pinf=2.7061775656080353e8 (5479) dinf=0.0 (0) time=144.7616942s
[ Info: iter=21360 obj=4.665885488567066e7 pinf=5.263364231743116e8 (5455) dinf=0.0 (0) time=145.216263s
[ Info: iter=21410 obj=4.6666960157756805e7 pinf=7.074667467547215e8 (5558) dinf=0.0 (0) time=145.6427598s
[ Info: iter=21460 obj=4.667256009712362e7 pinf=1.206196210942179e8 (5472) dinf=0.0 (0) time=146.0575092s
[ Info: iter=21510 obj=4.6677596685863405e7 pinf=4.213453772055715e7 (5298) dinf=0.0 (0) time=146.5310292s
[ Info: iter=21560 obj=4.668197002088034e7 pinf=5.49472253280356e7 (5389) dinf=0.0 (0) time=146.9682313s
[ Info: iter=21610 obj=4.6690181204211205e7 pinf=1.1223416826321337e8 (5467) dinf=0.0 (0) time=147.3890884s
[ Info: iter=21660 obj=4.670607161552875e7 pinf=4.788118525543811e7 (5380) dinf=0.0 (0) time=147.8205653s
[ Info: iter=21710 obj=4.671562738600907e7 pinf=8.696015556113413e6 (5349) dinf=0.0 (0) time=148.2522116s
[ Info: iter=21760 obj=4.671876415096104e7 pinf=1.8118802397422742e7 (5235) dinf=0.0 (0) time=148.7222254s
[ Info: iter=21810 obj=4.6732707073736295e7 pinf=5.423334743484994e6 (5322) dinf=0.0 (0) time=149.1470071s
[ Info: iter=21860 obj=4.673933746170978e7 pinf=7.756426561148332e7 (5527) dinf=0.0 (0) time=149.5606997s
[ Info: iter=21910 obj=4.675090955902848e7 pinf=5.85193392587545e6 (5332) dinf=0.0 (0) time=150.1016674s
[ Info: iter=21960 obj=4.6751911304267436e7 pinf=1.6875292207499024e7 (5383) dinf=0.0 (0) time=150.5987181s
[ Info: iter=22010 obj=4.6757601260321096e7 pinf=1.508240556025038e7 (5374) dinf=0.0 (0) time=151.0429612s
[ Info: iter=22060 obj=4.675760126032144e7 pinf=1.3955402842621148e7 (5367) dinf=0.0 (0) time=151.4693787s
[ Info: iter=22110 obj=4.676306171410587e7 pinf=1.3416487489438506e7 (5047) dinf=0.0 (0) time=151.9347268s
[ Info: iter=22160 obj=4.68086077597394e7 pinf=1.9519940365920195e8 (5401) dinf=0.0 (0) time=152.3997327s
[ Info: iter=22210 obj=4.68128640670512e7 pinf=1.1790273659974787e7 (5331) dinf=0.0 (0) time=152.8032321s
[ Info: iter=22260 obj=4.681811216957307e7 pinf=2.619625622964056e8 (5445) dinf=0.0 (0) time=153.2121095s
[ Info: iter=22310 obj=4.6831666321107626e7 pinf=7.144894443635169e7 (5370) dinf=0.0 (0) time=153.6658931s
[ Info: iter=22360 obj=4.683994093395138e7 pinf=2.8636573899001735e8 (5427) dinf=0.0 (0) time=154.146072s
[ Info: iter=22410 obj=4.6846065030656606e7 pinf=1.2649445620313177e7 (5238) dinf=0.0 (0) time=154.5502897s
[ Info: iter=22460 obj=4.685457156125927e7 pinf=1.521327929111974e8 (5260) dinf=0.0 (0) time=154.9906952s
[ Info: iter=22510 obj=4.685995673183441e7 pinf=4.272079120029874e7 (5125) dinf=0.0 (0) time=155.4193744s
[ Info: iter=22560 obj=4.686562928364508e7 pinf=1.0945189932990436e7 (5112) dinf=0.0 (0) time=155.9056593s
[ Info: iter=22610 obj=4.6872794342270546e7 pinf=2.0781530017853603e7 (5100) dinf=0.0 (0) time=156.3223282s
[ Info: iter=22660 obj=4.68856738746109e7 pinf=1.524934203938685e8 (5241) dinf=0.0 (0) time=156.7508069s
[ Info: iter=22710 obj=4.6887613562459946e7 pinf=1.0394243240924141e8 (5272) dinf=0.0 (0) time=157.1698534s
[ Info: iter=22760 obj=4.688892209669924e7 pinf=1.0348735920473175e8 (5262) dinf=0.0 (0) time=157.5712051s
[ Info: iter=22810 obj=4.694718675394249e7 pinf=4.188210672070436e8 (5358) dinf=0.0 (0) time=157.9909222s
[ Info: iter=22860 obj=4.70163237369709e7 pinf=4.07019528816166e8 (5327) dinf=0.0 (0) time=158.3905797s
[ Info: iter=22910 obj=4.728267410049248e7 pinf=4.0828679167171484e8 (5346) dinf=0.0 (0) time=158.7708577s
[ Info: iter=22960 obj=4.735903862912512e7 pinf=1.1616113200615755e8 (5193) dinf=0.0 (0) time=159.1790693s
[ Info: iter=23010 obj=4.74076459854604e7 pinf=5.410287634821184e7 (5160) dinf=0.0 (0) time=159.6487588s
[ Info: iter=23060 obj=4.7441318247546196e7 pinf=2.514830279802485e8 (5237) dinf=0.0 (0) time=160.0484212s
[ Info: iter=23110 obj=4.749571357902527e7 pinf=2.4546614252196544e8 (5186) dinf=0.0 (0) time=160.434218s
[ Info: iter=23160 obj=4.757002255949783e7 pinf=1.9258134318450347e8 (5244) dinf=0.0 (0) time=160.825654s
[ Info: iter=23210 obj=4.757364100084782e7 pinf=1.4255667313438046e8 (5314) dinf=0.0 (0) time=161.2631997s
[ Info: iter=23260 obj=4.7613413485888004e7 pinf=9.405392088455586e7 (5125) dinf=0.0 (0) time=161.6983348s
[ Info: iter=23310 obj=4.766377659017658e7 pinf=3.19316791847777e8 (5255) dinf=0.0 (0) time=162.1214849s
[ Info: iter=23360 obj=4.770056349469805e7 pinf=1.0777569105059227e8 (5093) dinf=0.0 (0) time=162.4843713s
[ Info: iter=23410 obj=4.7756607877064705e7 pinf=1.0859262874521579e8 (5082) dinf=0.0 (0) time=162.8822679s
[ Info: iter=23460 obj=4.781813694768524e7 pinf=5.0476383892516893e8 (5206) dinf=0.0 (0) time=163.3471741s
[ Info: iter=23510 obj=4.787968637107897e7 pinf=7.201201741761026e7 (4992) dinf=0.0 (0) time=163.7756633s
[ Info: iter=23560 obj=4.793096857233381e7 pinf=7.358496125875883e7 (4987) dinf=0.0 (0) time=164.1762609s
[ Info: iter=23610 obj=4.797057881300163e7 pinf=8.511321656185408e7 (4981) dinf=0.0 (0) time=164.5649702s
[ Info: iter=23660 obj=4.805652404870415e7 pinf=7.862049709697945e7 (4952) dinf=0.0 (0) time=165.0001589s
[ Info: iter=23710 obj=4.8074679787034035e7 pinf=2.1941846399758074e7 (4897) dinf=0.0 (0) time=165.4644286s
[ Info: iter=23760 obj=4.8078048473882675e7 pinf=1.6766190255722946e8 (5034) dinf=0.0 (0) time=165.8941384s
[ Info: iter=23810 obj=4.808002888267803e7 pinf=3.0858670540206738e7 (4898) dinf=0.0 (0) time=166.3455852s
[ Info: iter=23860 obj=4.808185846597576e7 pinf=2.5020763688735515e7 (4864) dinf=0.0 (0) time=166.793874s
[ Info: iter=23910 obj=4.808635496291351e7 pinf=5.246862058003764e8 (5110) dinf=0.0 (0) time=167.2833805s
[ Info: iter=23960 obj=4.810321131171131e7 pinf=1.7516780032219383e8 (5150) dinf=0.0 (0) time=167.7204205s
[ Info: iter=24010 obj=4.8109788368206024e7 pinf=1.398090334087443e8 (5167) dinf=0.0 (0) time=168.1638344s
[ Info: iter=24060 obj=4.811183583681941e7 pinf=3.2502012499901537e7 (4948) dinf=0.0 (0) time=168.5707833s
[ Info: iter=24110 obj=4.8115899193739414e7 pinf=2.4695384759196393e7 (4972) dinf=0.0 (0) time=169.0286788s
[ Info: iter=24160 obj=4.812126692751646e7 pinf=5.43238364747869e7 (5065) dinf=0.0 (0) time=169.5206617s
[ Info: iter=24210 obj=4.812433493783909e7 pinf=1.4877276392454632e7 (5028) dinf=0.0 (0) time=169.9618759s
[ Info: iter=24260 obj=4.8127922273346215e7 pinf=7.929309752466238e6 (4769) dinf=0.0 (0) time=170.4218817s
[ Info: iter=24310 obj=4.813249059891793e7 pinf=8.87664576908285e6 (4954) dinf=0.0 (0) time=170.8714748s
[ Info: iter=24360 obj=4.813468954032113e7 pinf=1.7253039340816963e7 (5067) dinf=0.0 (0) time=171.3531735s
[ Info: iter=24410 obj=4.813770784451389e7 pinf=1.422670342072142e7 (4879) dinf=0.0 (0) time=171.8152813s
[ Info: iter=24460 obj=4.81457475714221e7 pinf=1.1415113091120891e8 (5282) dinf=0.0 (0) time=172.2769316s
[ Info: iter=24510 obj=4.81664884990325e7 pinf=1.1468510174020061e8 (5248) dinf=0.0 (0) time=172.7247254s
[ Info: iter=24560 obj=4.817826405675125e7 pinf=1.5307170652232976e9 (5353) dinf=0.0 (0) time=173.1995363s
[ Info: iter=24569 obj=4.8180217474925995e7 pinf=1.0546325288361098e9 (5495) dinf=0.0 (0) time=173.3174427s
[ Info: iter=24619 obj=4.819911870549011e7 pinf=1.7894143706457844e9 (5355) dinf=0.0 (0) time=173.7943916s
[ Info: iter=24669 obj=4.8364834997356415e7 pinf=1.7893190967431786e9 (5337) dinf=0.0 (0) time=174.2214585s
[ Info: iter=24719 obj=4.837929340578842e7 pinf=2.629070256245258e8 (5326) dinf=0.0 (0) time=174.6685113s
[ Info: iter=24769 obj=4.8453539284674644e7 pinf=2.6569293594336635e8 (5296) dinf=0.0 (0) time=175.1324678s
[ Info: iter=24819 obj=4.847052934150767e7 pinf=3.732046868611213e7 (5064) dinf=0.0 (0) time=175.5436773s
[ Info: iter=24869 obj=4.855425109557414e7 pinf=4.5952953246094674e7 (5125) dinf=0.0 (0) time=175.9818141s
[ Info: iter=24919 obj=4.858440115038717e7 pinf=4.2077641081816964e7 (5034) dinf=0.0 (0) time=176.4193505s
[ Info: iter=24969 obj=4.861001921614385e7 pinf=4.597422216300434e7 (5029) dinf=0.0 (0) time=176.8963251s
[ Info: iter=25019 obj=4.861753200184417e7 pinf=5.1118206974275306e7 (5135) dinf=0.0 (0) time=177.3179546s
[ Info: iter=25069 obj=4.8622075902433634e7 pinf=5.3078119297312915e7 (5111) dinf=0.0 (0) time=177.8323558s
[ Info: iter=25119 obj=4.862627128752518e7 pinf=9.710075471748444e8 (5432) dinf=0.0 (0) time=178.3699431s
[ Info: iter=25169 obj=4.862871393335652e7 pinf=2.252611246128909e8 (5346) dinf=0.0 (0) time=178.909283s
[ Info: iter=25219 obj=4.863527300382292e7 pinf=1.1545254911372186e8 (5188) dinf=0.0 (0) time=179.4845574s
[ Info: iter=25269 obj=4.8653120170824416e7 pinf=6.906297502388543e7 (5091) dinf=0.0 (0) time=179.8899555s
[ Info: iter=25319 obj=4.8661664513380975e7 pinf=8.583365959098697e7 (5107) dinf=0.0 (0) time=180.3402014s
[ Info: iter=25369 obj=4.867368909075859e7 pinf=8.735813137602328e7 (5128) dinf=0.0 (0) time=180.8497316s
[ Info: iter=25419 obj=4.8683105931637526e7 pinf=3.094659792675809e8 (5338) dinf=0.0 (0) time=181.299944s
[ Info: iter=25469 obj=4.8713558057644725e7 pinf=1.8419755023034763e8 (5192) dinf=0.0 (0) time=181.7606331s
[ Info: iter=25519 obj=4.873948862028992e7 pinf=4.365056973175586e7 (5063) dinf=0.0 (0) time=182.2257786s
[ Info: iter=25569 obj=4.875148067599661e7 pinf=3.666239225093452e7 (5031) dinf=0.0 (0) time=182.7029472s
[ Info: iter=25619 obj=4.876168732403801e7 pinf=1.1893389466871573e8 (5106) dinf=0.0 (0) time=183.2041102s
[ Info: iter=25669 obj=4.877548251187219e7 pinf=4.144441229963793e7 (5017) dinf=0.0 (0) time=183.656279s
[ Info: iter=25719 obj=4.882740494938545e7 pinf=4.291729329865979e7 (4970) dinf=0.0 (0) time=184.0730134s
[ Info: iter=25769 obj=4.888150762426841e7 pinf=5.872566231688073e7 (4984) dinf=0.0 (0) time=184.5787456s
[ Info: iter=25819 obj=4.8977151575029075e7 pinf=5.358428163636537e7 (4976) dinf=0.0 (0) time=184.9878712s
[ Info: iter=25869 obj=4.905109855405122e7 pinf=5.3385608338480376e7 (4933) dinf=0.0 (0) time=185.4191163s
[ Info: iter=25919 obj=4.908236622625834e7 pinf=5.1412013277227685e7 (4947) dinf=0.0 (0) time=185.8605948s
[ Info: iter=25969 obj=4.9135742416514635e7 pinf=5.685069493835123e7 (4930) dinf=0.0 (0) time=186.2788962s
[ Info: iter=26019 obj=4.920724870045486e7 pinf=4.392124259514556e7 (4895) dinf=0.0 (0) time=186.7500567s
[ Info: iter=26069 obj=4.9244971082690686e7 pinf=4.436163147928085e7 (4848) dinf=0.0 (0) time=187.1320809s
[ Info: iter=26119 obj=4.927881695889638e7 pinf=4.335977466947823e7 (4914) dinf=0.0 (0) time=187.5421915s
[ Info: iter=26169 obj=4.931787102299589e7 pinf=4.312354425534067e7 (4876) dinf=0.0 (0) time=187.9566853s
[ Info: iter=26219 obj=4.936291611534104e7 pinf=4.09410472416295e7 (4897) dinf=0.0 (0) time=188.4032002s
[ Info: iter=26269 obj=4.939220125395105e7 pinf=4.1609694963310264e7 (4873) dinf=0.0 (0) time=188.8808181s
[ Info: iter=26319 obj=4.940351114129192e7 pinf=4.1604596128241144e7 (4883) dinf=0.0 (0) time=189.3027886s
[ Info: iter=26369 obj=4.943255347313011e7 pinf=4.2495887783105694e7 (4867) dinf=0.0 (0) time=189.7395498s
[ Info: iter=26419 obj=4.9476651728137136e7 pinf=4.287096529625734e7 (4879) dinf=0.0 (0) time=190.175552s
[ Info: iter=26469 obj=4.949706347633576e7 pinf=4.2657746596653104e7 (4810) dinf=0.0 (0) time=190.6392265s
[ Info: iter=26519 obj=4.9513010147269994e7 pinf=4.26150394904156e7 (4763) dinf=0.0 (0) time=191.0852994s
[ Info: iter=26569 obj=4.9526729497291535e7 pinf=4.256495092922795e7 (4783) dinf=0.0 (0) time=191.5095583s
[ Info: iter=26619 obj=4.954554011002375e7 pinf=4.502610498735461e7 (4777) dinf=0.0 (0) time=191.9616675s
[ Info: iter=26669 obj=4.955348204208503e7 pinf=8.543197782677914e7 (4785) dinf=0.0 (0) time=192.4750856s
[ Info: iter=26719 obj=4.9556740173429415e7 pinf=3.686584441224338e7 (4822) dinf=0.0 (0) time=192.9437682s
[ Info: iter=26769 obj=4.95580674231652e7 pinf=4.500347622298699e7 (4749) dinf=0.0 (0) time=193.4060056s
[ Info: iter=26819 obj=4.955905447193605e7 pinf=2.637599997598591e7 (4647) dinf=0.0 (0) time=193.9565502s
[ Info: iter=26869 obj=4.9561057579666495e7 pinf=3.321760865985976e7 (4614) dinf=0.0 (0) time=194.4860396s
[ Info: iter=26919 obj=4.956638253446196e7 pinf=9.106872380342536e6 (4501) dinf=0.0 (0) time=194.9613274s
[ Info: iter=26969 obj=4.956946797165918e7 pinf=2.1294608346886292e8 (4849) dinf=0.0 (0) time=195.4574869s
[ Info: iter=27019 obj=4.957492502578533e7 pinf=2.2506686080550328e8 (4740) dinf=0.0 (0) time=195.9683792s
[ Info: iter=27069 obj=4.958779696903309e7 pinf=6.515875418295659e7 (4783) dinf=0.0 (0) time=196.4756803s
[ Info: iter=27119 obj=4.959195330921134e7 pinf=3.9141227836912416e7 (4536) dinf=0.0 (0) time=197.0153352s
[ Info: iter=27169 obj=4.9593753005806446e7 pinf=1.1400264678254254e7 (4593) dinf=0.0 (0) time=197.4856219s
[ Info: iter=27219 obj=4.959587009956354e7 pinf=1.4422759505143508e8 (4894) dinf=0.0 (0) time=198.0154663s
[ Info: iter=27269 obj=4.959874684097314e7 pinf=2.8559733090462577e7 (4763) dinf=0.0 (0) time=198.4950713s
[ Info: iter=27319 obj=4.960634732240164e7 pinf=7.264569906657878e7 (4771) dinf=0.0 (0) time=198.9629111s
[ Info: iter=27369 obj=4.960950167783463e7 pinf=4.689844921601276e7 (4841) dinf=0.0 (0) time=199.4582123s
[ Info: iter=27419 obj=4.961793881996119e7 pinf=4.041099619673514e7 (4965) dinf=0.0 (0) time=199.996672s
[ Info: iter=27469 obj=4.963159974201502e7 pinf=3.527229689053034e7 (4659) dinf=0.0 (0) time=200.4655152s
[ Info: iter=27519 obj=4.9635158441060975e7 pinf=2.9550375779503256e7 (4740) dinf=0.0 (0) time=200.9324309s
[ Info: iter=27569 obj=4.9637856597708985e7 pinf=3.388202835943984e7 (4660) dinf=0.0 (0) time=201.4217567s
[ Info: iter=27619 obj=4.964205675887379e7 pinf=1.934875825452658e8 (4900) dinf=0.0 (0) time=201.9379532s
[ Info: iter=27669 obj=4.964430646181184e7 pinf=1.462566545496233e8 (5030) dinf=0.0 (0) time=202.4142491s
[ Info: iter=27719 obj=4.964864826891327e7 pinf=3.340431348903931e8 (5089) dinf=0.0 (0) time=202.9570308s
[ Info: iter=27769 obj=4.965171092625624e7 pinf=2.5554312160844788e7 (4771) dinf=0.0 (0) time=203.4910911s
[ Info: iter=27819 obj=4.9654263605644226e7 pinf=9.818319805407454e7 (5091) dinf=0.0 (0) time=203.9750847s
[ Info: iter=27869 obj=4.9659541652661234e7 pinf=1.3347367493910173e7 (4571) dinf=0.0 (0) time=204.4509968s
[ Info: iter=27919 obj=4.9663458570242465e7 pinf=3.542588963802509e7 (4842) dinf=0.0 (0) time=204.9706791s
[ Info: iter=27969 obj=4.9669028858909786e7 pinf=1.4655549193012547e7 (4746) dinf=0.0 (0) time=205.4981131s
[ Info: iter=28019 obj=4.967328329291916e7 pinf=2.172543953648113e8 (4803) dinf=0.0 (0) time=205.9918689s
[ Info: iter=28058 obj=4.967536756237841e7 pinf=8.199069600246754e7 (4615) dinf=0.0 (0) time=206.3880291s
[ Info: iter=28108 obj=4.9678756780225754e7 pinf=4.799334075327253e7 (4777) dinf=0.0 (0) time=206.9274693s
[ Info: iter=28158 obj=4.968058999916983e7 pinf=5.4341867075432785e7 (4799) dinf=0.0 (0) time=207.4442053s
[ Info: iter=28208 obj=4.968808673101616e7 pinf=8.362822664216197e7 (4729) dinf=0.0 (0) time=207.9182297s
[ Info: iter=28258 obj=4.969352659195399e7 pinf=2.4241335891754936e7 (4541) dinf=0.0 (0) time=208.4330962s
[ Info: iter=28308 obj=4.96961837259016e7 pinf=1.3190654749956551e8 (4752) dinf=0.0 (0) time=208.9645547s
[ Info: iter=28358 obj=4.969905919287956e7 pinf=1.04110102333933e7 (4241) dinf=0.0 (0) time=209.4455776s
[ Info: iter=28408 obj=4.970829296260691e7 pinf=4.622775188715082e7 (4763) dinf=0.0 (0) time=209.9148164s
[ Info: iter=28458 obj=4.9714731557216644e7 pinf=8.085133833537252e8 (4971) dinf=0.0 (0) time=210.430525s
[ Info: iter=28508 obj=4.971822582193422e7 pinf=6.88631303086387e7 (4790) dinf=0.0 (0) time=210.9772747s
[ Info: iter=28558 obj=4.972344194968629e7 pinf=3.8280773802415e7 (4478) dinf=0.0 (0) time=211.4518813s
[ Info: iter=28608 obj=4.972765189410615e7 pinf=4.400717021805978e7 (4633) dinf=0.0 (0) time=211.9386733s
[ Info: iter=28658 obj=4.973155417686903e7 pinf=9.856895267723875e6 (4388) dinf=0.0 (0) time=212.4285086s
[ Info: iter=28708 obj=4.9735425025007114e7 pinf=9.047163922469629e6 (4819) dinf=0.0 (0) time=213.0110513s
[ Info: iter=28758 obj=4.973715647309679e7 pinf=2.728248939013882e7 (4521) dinf=0.0 (0) time=213.4945128s
[ Info: iter=28808 obj=4.973885817060094e7 pinf=6.008900560591475e6 (4313) dinf=0.0 (0) time=213.9567817s
[ Info: iter=28858 obj=4.974196114131257e7 pinf=1.0167079340404218e7 (4513) dinf=0.0 (0) time=214.5217828s
[ Info: iter=28908 obj=4.974506229824449e7 pinf=9.416086048765479e6 (4533) dinf=0.0 (0) time=214.9987556s
[ Info: iter=28958 obj=4.9749337934286535e7 pinf=8.167581567019154e7 (4668) dinf=0.0 (0) time=215.4760426s
[ Info: iter=29008 obj=4.9752451496565074e7 pinf=1.687512735186523e7 (4424) dinf=0.0 (0) time=215.9592881s
[ Info: iter=29058 obj=4.9754402881069854e7 pinf=2.812377269151324e6 (4189) dinf=0.0 (0) time=216.4528634s
[ Info: iter=29108 obj=4.975731608140232e7 pinf=2.3240477337244365e7 (4377) dinf=0.0 (0) time=216.9937974s
[ Info: iter=29158 obj=4.975997435612677e7 pinf=1.061640826692446e7 (4317) dinf=0.0 (0) time=217.4933053s
[ Info: iter=29208 obj=4.976351933465297e7 pinf=1.4883645313207528e7 (4513) dinf=0.0 (0) time=217.9697344s
[ Info: iter=29258 obj=4.976587164223931e7 pinf=1.1667454778064432e7 (4320) dinf=0.0 (0) time=218.5227929s
[ Info: iter=29308 obj=4.977032626908196e7 pinf=2.3514350860326705e6 (4206) dinf=0.0 (0) time=218.9892156s
[ Info: iter=29358 obj=4.977454073174742e7 pinf=3.912922050707946e6 (4247) dinf=0.0 (0) time=219.47393s
[ Info: iter=29408 obj=4.977516707612628e7 pinf=1.1429168326371636e7 (4460) dinf=0.0 (0) time=219.9543098s
[ Info: iter=29458 obj=4.977727378795485e7 pinf=3.2968683896996878e7 (4608) dinf=0.0 (0) time=220.5051594s
[ Info: iter=29508 obj=4.9780041248821914e7 pinf=1.8988351534066122e7 (4663) dinf=0.0 (0) time=220.9727273s
[ Info: iter=29558 obj=4.978256614861894e7 pinf=2.015463712210534e7 (4544) dinf=0.0 (0) time=221.4491902s
[ Info: iter=29608 obj=4.978449344339122e7 pinf=2.810572802867597e7 (4421) dinf=0.0 (0) time=221.9283597s
[ Info: iter=29658 obj=4.978626940718152e7 pinf=1.4323475370973153e7 (4384) dinf=0.0 (0) time=222.4151561s
[ Info: iter=29708 obj=4.978776797698918e7 pinf=2.0702657835606977e7 (4635) dinf=0.0 (0) time=222.9390298s
[ Info: iter=29758 obj=4.9789046581847206e7 pinf=8.351611444252773e6 (4358) dinf=0.0 (0) time=223.4454597s
[ Info: iter=29808 obj=4.9790755660566784e7 pinf=3.533667773796231e7 (4568) dinf=0.0 (0) time=223.9314612s
[ Info: iter=29834 obj=4.979157734029714e7 pinf=1.68967650313065e7 (4501) dinf=0.0 (0) time=224.2696521s
[ Info: iter=29884 obj=4.979277316127117e7 pinf=8.447906537070878e6 (4473) dinf=0.0 (0) time=224.7383666s
[ Info: iter=29934 obj=4.980945412603325e7 pinf=1.8578914940987986e7 (4623) dinf=0.0 (0) time=225.2081918s
[ Info: iter=29984 obj=4.9810356659756996e7 pinf=2.1687242254627075e7 (4598) dinf=0.0 (0) time=225.6730218s
[ Info: iter=30034 obj=4.981171329222728e7 pinf=5.27100101827405e6 (4350) dinf=0.0 (0) time=226.1998897s
[ Info: iter=30084 obj=4.9814330245548725e7 pinf=6.2192179894724535e6 (4461) dinf=0.0 (0) time=226.7120396s
[ Info: iter=30134 obj=4.981751795836777e7 pinf=9.80487186089506e6 (4515) dinf=0.0 (0) time=227.1873392s
[ Info: iter=30184 obj=4.9820170957481764e7 pinf=7.453246368287398e7 (4865) dinf=0.0 (0) time=227.6830183s
[ Info: iter=30234 obj=4.9823458191894285e7 pinf=3.9421344923003833e6 (4453) dinf=0.0 (0) time=228.1961044s
[ Info: iter=30284 obj=4.982487771085687e7 pinf=2.5998977896764506e7 (4552) dinf=0.0 (0) time=228.7160064s
[ Info: iter=30334 obj=4.9827391899831355e7 pinf=2.345940077100256e7 (4219) dinf=0.0 (0) time=229.1917402s
[ Info: iter=30384 obj=4.983605343344925e7 pinf=2.388268266828346e7 (4301) dinf=0.0 (0) time=229.694769s
[ Info: iter=30434 obj=4.986147179068981e7 pinf=6.76204330642114e6 (4264) dinf=0.0 (0) time=230.1842208s
[ Info: iter=30484 obj=4.986782911682663e7 pinf=831299.5244083571 (3845) dinf=0.0 (0) time=230.6629166s
[ Info: iter=30534 obj=4.989151650351346e7 pinf=753375.8396522778 (3752) dinf=0.0 (0) time=231.1083466s
[ Info: iter=30584 obj=4.9914217502795786e7 pinf=1.0171377866851967e6 (3750) dinf=0.0 (0) time=231.5704862s
[ Info: iter=30634 obj=4.9929367779326685e7 pinf=2.840835310095338e6 (4077) dinf=0.0 (0) time=232.0615057s
[ Info: iter=30684 obj=4.9931593826588005e7 pinf=2.5653785345179066e7 (4310) dinf=0.0 (0) time=232.5819668s
[ Info: iter=30734 obj=4.9933843579379566e7 pinf=3.633792014090917e7 (4417) dinf=0.0 (0) time=233.0888125s
[ Info: iter=30784 obj=4.993610159193065e7 pinf=1.0303255492482774e7 (4191) dinf=0.0 (0) time=233.6069895s
[ Info: iter=30834 obj=4.993868994673745e7 pinf=2.8375665102301255e7 (4368) dinf=0.0 (0) time=234.1577683s
[ Info: iter=30884 obj=4.9941458959518924e7 pinf=1.4633683675053106e6 (3994) dinf=0.0 (0) time=234.6287659s
[ Info: iter=30934 obj=4.9942455013055205e7 pinf=3.3102450200754846e6 (4026) dinf=0.0 (0) time=235.1033756s
[ Info: iter=30984 obj=4.994420502814237e7 pinf=1.677791785787405e7 (4197) dinf=0.0 (0) time=235.5775289s
[ Info: iter=31034 obj=4.994570350390653e7 pinf=5.3660783187685255e6 (4161) dinf=0.0 (0) time=236.1200544s
[ Info: iter=31084 obj=4.99479056841291e7 pinf=2.0851171438864563e7 (4325) dinf=0.0 (0) time=236.5975554s
[ Info: iter=31134 obj=4.994886924278912e7 pinf=3.459424147878779e6 (4082) dinf=0.0 (0) time=237.0707426s
[ Info: iter=31184 obj=4.995159625228339e7 pinf=5.592074002958826e6 (4353) dinf=0.0 (0) time=237.5711089s
[ Info: iter=31234 obj=4.995420352723917e7 pinf=727086.1561068565 (3850) dinf=0.0 (0) time=238.1110612s
[ Info: iter=31284 obj=4.9957415214215465e7 pinf=2.9335634135000487e6 (4131) dinf=0.0 (0) time=238.5629326s
[ Info: iter=31334 obj=4.99584957226217e7 pinf=813389.469061249 (3703) dinf=0.0 (0) time=239.0845002s
[ Info: iter=31384 obj=4.9970813040175535e7 pinf=4.341197328151811e6 (4030) dinf=0.0 (0) time=239.6379582s
[ Info: iter=31434 obj=4.997301349120954e7 pinf=5.616105865744995e6 (4115) dinf=0.0 (0) time=240.1066854s
[ Info: iter=31484 obj=4.997518157773388e7 pinf=1.905007345850175e7 (4253) dinf=0.0 (0) time=240.6060718s
[ Info: iter=31534 obj=4.997741111675659e7 pinf=1.0673572474530435e6 (3888) dinf=0.0 (0) time=241.1182168s
[ Info: iter=31584 obj=4.9979560050640225e7 pinf=1.6097062175197316e7 (4260) dinf=0.0 (0) time=241.6489534s
[ Info: iter=31634 obj=4.998185556956045e7 pinf=1.7131723737981585e8 (4217) dinf=0.0 (0) time=242.1202041s
[ Info: iter=31684 obj=4.998343642316711e7 pinf=7.491497528879629e7 (4102) dinf=0.0 (0) time=242.5896063s
[ Info: iter=31734 obj=4.998431681443422e7 pinf=3.868800327484808e7 (3966) dinf=0.0 (0) time=243.0903435s
[ Info: iter=31784 obj=4.998615859614865e7 pinf=4.403304398229944e7 (4167) dinf=0.0 (0) time=243.6354645s
[ Info: iter=31834 obj=4.998835411018068e7 pinf=1.7633154475716576e8 (4154) dinf=0.0 (0) time=244.1143974s
[ Info: iter=31884 obj=4.9990916823113814e7 pinf=3.663353803944398e7 (4115) dinf=0.0 (0) time=244.5664214s
[ Info: iter=31934 obj=4.999214980418578e7 pinf=1.2236728056346154e7 (3832) dinf=0.0 (0) time=245.1247923s
[ Info: iter=31984 obj=4.999321118466701e7 pinf=3.491757606559655e7 (4002) dinf=0.0 (0) time=245.5701982s
[ Info: iter=32034 obj=4.999929506144643e7 pinf=8.748917352711444e7 (4105) dinf=0.0 (0) time=246.0375309s
[ Info: iter=32084 obj=5.0006861484775186e7 pinf=9.450278429023951e7 (4091) dinf=0.0 (0) time=246.4846464s
[ Info: iter=32134 obj=5.002485266206202e7 pinf=1.8701404097886652e8 (4152) dinf=0.0 (0) time=246.9654726s
[ Info: iter=32184 obj=5.005750341470914e7 pinf=1.685860156510222e8 (4108) dinf=0.0 (0) time=247.4594804s
[ Info: iter=32234 obj=5.008224128593426e7 pinf=1.3079694669053414e8 (4051) dinf=0.0 (0) time=247.9026706s
[ Info: iter=32274 obj=5.008679723795803e7 pinf=7.500487206171752e6 (3734) dinf=0.0 (0) time=248.2807692s
[ Info: iter=32324 obj=5.008879933571618e7 pinf=6.092434011493109e7 (4050) dinf=0.0 (0) time=248.8225667s
[ Info: iter=32374 obj=5.009107968841041e7 pinf=5.074783944013021e8 (4396) dinf=0.0 (0) time=249.3452032s
[ Info: iter=32424 obj=5.01073909145293e7 pinf=3.5179416785703367e8 (4258) dinf=0.0 (0) time=249.7836971s
[ Info: iter=32474 obj=5.010771111157978e7 pinf=3.517938643231613e8 (4225) dinf=0.0 (0) time=250.1653244s
[ Info: iter=32524 obj=5.014775925237752e7 pinf=1.8477771425586644e8 (4209) dinf=0.0 (0) time=250.6186363s
[ Info: iter=32574 obj=5.016122660401422e7 pinf=1.9616839650827098e8 (4206) dinf=0.0 (0) time=251.1794495s
[ Info: iter=32624 obj=5.0167289000612766e7 pinf=2.2825780152364755e8 (4055) dinf=0.0 (0) time=251.6535336s
[ Info: iter=32674 obj=5.0235133560526475e7 pinf=2.297892114552116e8 (4067) dinf=0.0 (0) time=252.0829682s
[ Info: iter=32724 obj=5.024144614399378e7 pinf=2.2821043775237924e8 (4011) dinf=0.0 (0) time=252.5364395s
[ Info: iter=32774 obj=5.0260908809053436e7 pinf=2.0667627166758347e8 (3966) dinf=0.0 (0) time=253.0056115s
[ Info: iter=32824 obj=5.026632016113893e7 pinf=2.073736997409252e8 (3991) dinf=0.0 (0) time=253.4815421s
[ Info: iter=32874 obj=5.028528319745874e7 pinf=2.1621371711106607e8 (3956) dinf=0.0 (0) time=253.9662119s
[ Info: iter=32924 obj=5.030519545852631e7 pinf=1.9941020268033412e8 (3941) dinf=0.0 (0) time=254.4055689s
[ Info: iter=32974 obj=5.0322333193392515e7 pinf=2.0321145430171868e8 (3924) dinf=0.0 (0) time=254.9062712s
[ Info: iter=33024 obj=5.035732939628537e7 pinf=2.16881157210291e8 (3924) dinf=0.0 (0) time=255.355402s
[ Info: iter=33074 obj=5.0357971391597874e7 pinf=2.2038230140029797e8 (3914) dinf=0.0 (0) time=255.7972582s
[ Info: iter=33124 obj=5.0357971391596556e7 pinf=2.2038954103926575e8 (3909) dinf=0.0 (0) time=256.2404945s
[ Info: iter=33174 obj=5.036259975617693e7 pinf=2.1482316410572106e8 (3910) dinf=0.0 (0) time=256.7621653s
[ Info: iter=33224 obj=5.036531385735358e7 pinf=1.9580563806499675e7 (3724) dinf=0.0 (0) time=257.3632509s
[ Info: iter=33274 obj=5.0369726768673375e7 pinf=1.1356837338950306e8 (3896) dinf=0.0 (0) time=257.8457022s
[ Info: iter=33324 obj=5.037338538560017e7 pinf=4.222724563150961e6 (3658) dinf=0.0 (0) time=258.3536631s
[ Info: iter=33374 obj=5.037863554896279e7 pinf=3.1768589402123404e8 (4057) dinf=0.0 (0) time=258.8292859s
[ Info: iter=33424 obj=5.038160161948266e7 pinf=2.8515036268867916e8 (3984) dinf=0.0 (0) time=259.3495368s
[ Info: iter=33474 obj=5.0385479569494955e7 pinf=6.818537856368732e7 (3785) dinf=0.0 (0) time=259.8222399s
[ Info: iter=33524 obj=5.039175531984695e7 pinf=4.199466077311907e8 (4149) dinf=0.0 (0) time=260.2999452s
[ Info: iter=33574 obj=5.0396428590045914e7 pinf=4.363232862216925e8 (4199) dinf=0.0 (0) time=260.8960296s
[ Info: iter=33624 obj=5.039672971422075e7 pinf=5.520256970649046e7 (3860) dinf=0.0 (0) time=261.3542171s
[ Info: iter=33674 obj=5.039989518430414e7 pinf=4.262527867253922e8 (4183) dinf=0.0 (0) time=261.8445658s
[ Info: iter=33724 obj=5.040690310386189e7 pinf=4.6068092269637674e8 (4183) dinf=0.0 (0) time=262.3213239s
[ Info: iter=33774 obj=5.040838634198224e7 pinf=3.9893050402086574e8 (4137) dinf=0.0 (0) time=262.8679213s
[ Info: iter=33797 obj=5.040996403804049e7 pinf=6.708370599646265e6 (3654) dinf=0.0 (0) time=263.1052854s
[ Info: iter=33847 obj=5.0495175730631754e7 pinf=325496.11676902394 (3278) dinf=0.0 (0) time=263.590188s
[ Info: iter=33897 obj=5.049689578181565e7 pinf=646299.3841457487 (3245) dinf=0.0 (0) time=264.1095786s
[ Info: iter=33947 obj=5.049858487439873e7 pinf=7.6656415201992635e6 (3926) dinf=0.0 (0) time=264.6046199s
[ Info: iter=33997 obj=5.050184929138891e7 pinf=192635.78468252378 (3143) dinf=0.0 (0) time=265.1340818s
[ Info: iter=34047 obj=5.05028633223373e7 pinf=175377.28662285488 (3044) dinf=0.0 (0) time=265.6126189s
[ Info: iter=34097 obj=5.050507068625976e7 pinf=227526.2583420226 (3292) dinf=0.0 (0) time=266.105971s
[ Info: iter=34147 obj=5.050752898075803e7 pinf=354737.2527173156 (3316) dinf=0.0 (0) time=266.6095407s
[ Info: iter=34197 obj=5.050995059300559e7 pinf=334176.9572427311 (3360) dinf=0.0 (0) time=267.0809358s
[ Info: iter=34247 obj=5.051277378740611e7 pinf=301378.6589708888 (3280) dinf=0.0 (0) time=267.5838058s
[ Info: iter=34297 obj=5.051621836400128e7 pinf=1.5440011536140917e6 (3267) dinf=0.0 (0) time=268.1041712s
[ Info: iter=34347 obj=5.051621836400183e7 pinf=1.644643480611077e6 (3247) dinf=0.0 (0) time=268.5761208s
[ Info: iter=34397 obj=5.0516920557196036e7 pinf=208732.56601655547 (3302) dinf=0.0 (0) time=269.0416073s
[ Info: iter=34447 obj=5.051918113825157e7 pinf=229428.5018468084 (3228) dinf=0.0 (0) time=269.4981065s
[ Info: iter=34497 obj=5.0519338438895926e7 pinf=332209.3180719945 (3371) dinf=0.0 (0) time=269.980668s
[ Info: iter=34547 obj=5.051987099926201e7 pinf=81934.59757087582 (2980) dinf=0.0 (0) time=270.5134034s
[ Info: iter=34597 obj=5.052969559048957e7 pinf=84083.33653480613 (2899) dinf=0.0 (0) time=270.9852831s
[ Info: iter=34647 obj=5.0531219050519265e7 pinf=88977.35837458175 (2987) dinf=0.0 (0) time=271.4698244s
[ Info: iter=34697 obj=5.053317533240951e7 pinf=259584.2254040447 (3207) dinf=0.0 (0) time=272.0258103s
[ Info: iter=34747 obj=5.054550969085656e7 pinf=1.369002017848237e6 (3294) dinf=0.0 (0) time=272.4793062s
[ Info: iter=34797 obj=5.055481402839834e7 pinf=1.1279746188268098e6 (3198) dinf=0.0 (0) time=272.9124792s
[ Info: iter=34847 obj=5.0565595652955085e7 pinf=1.1913889791303538e6 (3226) dinf=0.0 (0) time=273.3941843s
[ Info: iter=34897 obj=5.057895371551187e7 pinf=1.1536320766403233e6 (3470) dinf=0.0 (0) time=273.8920821s
[ Info: iter=34947 obj=5.058172475270311e7 pinf=2.546533293038164e6 (3641) dinf=0.0 (0) time=274.3940889s
[ Info: iter=34997 obj=5.058246117988667e7 pinf=603701.3501172153 (3464) dinf=0.0 (0) time=274.9140771s
[ Info: iter=35047 obj=5.058323303917338e7 pinf=1.4335473416459183e6 (3883) dinf=0.0 (0) time=275.4650971s
[ Info: iter=35097 obj=5.058326154436949e7 pinf=1.3041472239906036e6 (3546) dinf=0.0 (0) time=275.9403s
[ Info: iter=35147 obj=5.058425695286143e7 pinf=2.164581825192825e6 (3699) dinf=0.0 (0) time=276.486833s
[ Info: iter=35197 obj=5.058489909475354e7 pinf=878827.7701955682 (3469) dinf=0.0 (0) time=277.021815s
[ Info: iter=35247 obj=5.0585266211465485e7 pinf=1.579356798973989e6 (3703) dinf=0.0 (0) time=277.465407s
[ Info: iter=35297 obj=5.059297178248403e7 pinf=494143.13003673527 (3251) dinf=0.0 (0) time=277.9290448s
[ Info: iter=35347 obj=5.0627657827240534e7 pinf=499240.20814604225 (3204) dinf=0.0 (0) time=278.4612048s
[ Info: iter=35397 obj=5.063976237360405e7 pinf=895214.9975594598 (3418) dinf=0.0 (0) time=278.9118364s
[ Info: iter=35447 obj=5.069158512783765e7 pinf=2.526007628556514e6 (3524) dinf=0.0 (0) time=279.3711934s
[ Info: iter=35497 obj=5.069186415315394e7 pinf=4.441631967023988e6 (3854) dinf=0.0 (0) time=279.9271915s
[ Info: iter=35547 obj=5.070482766992744e7 pinf=4.502160601508285e6 (3815) dinf=0.0 (0) time=280.4375601s
[ Info: iter=35597 obj=5.0706054951867275e7 pinf=4.000547842237837e6 (3814) dinf=0.0 (0) time=280.9256635s
[ Info: iter=35647 obj=5.0745628194170706e7 pinf=2.046293507097127e6 (3650) dinf=0.0 (0) time=281.3835411s
[ Info: iter=35697 obj=5.0843728024988554e7 pinf=2.2304319587696646e6 (3634) dinf=0.0 (0) time=281.9252099s
[ Info: iter=35747 obj=5.0845379334941e7 pinf=2.473560439613856e6 (3441) dinf=0.0 (0) time=282.4209795s
[ Info: iter=35797 obj=5.0846071252390005e7 pinf=1.498794562483605e6 (3595) dinf=0.0 (0) time=282.92595s
[ Info: iter=35847 obj=5.085612389080956e7 pinf=1.161010862823982e6 (3365) dinf=0.0 (0) time=283.4480563s
[ Info: iter=35897 obj=5.087336556474893e7 pinf=1.283835139892371e6 (3452) dinf=0.0 (0) time=283.9708435s
[ Info: iter=35947 obj=5.0874137290789984e7 pinf=1.9846792187974972e6 (3514) dinf=0.0 (0) time=284.4815145s
[ Info: iter=35997 obj=5.087482419816662e7 pinf=1.8569786920776203e8 (3815) dinf=0.0 (0) time=284.9648962s
[ Info: iter=36047 obj=5.087605469437896e7 pinf=1.0162161432018062e8 (3739) dinf=0.0 (0) time=285.4299914s
[ Info: iter=36097 obj=5.08766614616885e7 pinf=7.086497928348863e7 (3732) dinf=0.0 (0) time=285.8875961s
[ Info: iter=36147 obj=5.087666146168639e7 pinf=7.086213254635693e7 (3716) dinf=0.0 (0) time=286.345283s
[ Info: iter=36197 obj=5.087666146171589e7 pinf=7.086665435940428e7 (3727) dinf=0.0 (0) time=286.8186715s
[ Info: iter=36247 obj=5.087900947544486e7 pinf=5.98885596237963e7 (3706) dinf=0.0 (0) time=287.3105104s
[ Info: iter=36297 obj=5.0883144241564125e7 pinf=1.0057448536455665e7 (3531) dinf=0.0 (0) time=287.7767154s
[ Info: iter=36347 obj=5.089176914981553e7 pinf=7.892910496805824e7 (3722) dinf=0.0 (0) time=288.2542378s
[ Info: iter=36397 obj=5.089806513673309e7 pinf=1.1341896397690514e8 (3783) dinf=0.0 (0) time=288.7906242s
[ Info: iter=36447 obj=5.090436636697691e7 pinf=1.4959848697559226e8 (3797) dinf=0.0 (0) time=289.262871s
[ Info: iter=36497 obj=5.090707061820824e7 pinf=2.7163744885661498e7 (3808) dinf=0.0 (0) time=289.7203665s
[ Info: iter=36547 obj=5.091217749219121e7 pinf=2.0582839990056017e8 (3970) dinf=0.0 (0) time=290.2221508s
[ Info: iter=36597 obj=5.091822712582478e7 pinf=7.806515052828726e8 (4001) dinf=0.0 (0) time=290.7437523s
[ Info: iter=36647 obj=5.092967869874337e7 pinf=3.030972696747908e8 (3950) dinf=0.0 (0) time=291.2253748s
[ Info: iter=36697 obj=5.093183575272881e7 pinf=4.557143720056244e7 (3769) dinf=0.0 (0) time=291.6940588s
[ Info: iter=36747 obj=5.0935162183015764e7 pinf=2.3517568184089784e7 (3645) dinf=0.0 (0) time=292.2107608s
[ Info: iter=36797 obj=5.093852794205394e7 pinf=1.4803976207627447e7 (3596) dinf=0.0 (0) time=292.7199631s
[ Info: iter=36847 obj=5.094031916613155e7 pinf=1.8344648641732213e8 (3817) dinf=0.0 (0) time=293.1616307s
[ Info: iter=36897 obj=5.094222042076386e7 pinf=5.54177491125854e7 (3635) dinf=0.0 (0) time=293.6332774s
[ Info: iter=36947 obj=5.094370863227798e7 pinf=5.866716924571139e7 (3631) dinf=0.0 (0) time=294.1579021s
[ Info: iter=36997 obj=5.09479618123603e7 pinf=5.945848974491026e7 (3610) dinf=0.0 (0) time=294.6235009s
[ Info: iter=37047 obj=5.095302693754614e7 pinf=5.912503099584891e7 (3541) dinf=0.0 (0) time=295.0764205s
[ Info: iter=37097 obj=5.095620879915704e7 pinf=5.912057339876343e7 (3534) dinf=0.0 (0) time=295.5373626s
[ Info: iter=37147 obj=5.09855192231154e7 pinf=5.9142713705824524e7 (3492) dinf=0.0 (0) time=296.0319971s
[ Info: iter=37197 obj=5.098812625473343e7 pinf=5.93653890895918e7 (3499) dinf=0.0 (0) time=296.4506347s
[ Info: iter=37247 obj=5.0999924241216384e7 pinf=5.937665158535911e7 (3455) dinf=0.0 (0) time=296.8762932s
[ Info: iter=37297 obj=5.103122353507463e7 pinf=6.0309688004843704e7 (3459) dinf=0.0 (0) time=297.3140705s
[ Info: iter=37347 obj=5.103881545308797e7 pinf=6.030628208938874e7 (3435) dinf=0.0 (0) time=297.7734565s
[ Info: iter=37397 obj=5.1044133760646e7 pinf=6.046284852624865e7 (3403) dinf=0.0 (0) time=298.2738363s
[ Info: iter=37447 obj=5.1045657618223175e7 pinf=6.050398400346483e7 (3332) dinf=0.0 (0) time=298.7365445s
[ Info: iter=37497 obj=5.1047559851232946e7 pinf=6.064993110696177e7 (3324) dinf=0.0 (0) time=299.1837085s
[ Info: iter=37547 obj=5.10650189931931e7 pinf=6.044219512598008e7 (3274) dinf=0.0 (0) time=299.6305361s
[ Info: iter=37597 obj=5.107192675999887e7 pinf=6.0436770300377354e7 (3262) dinf=0.0 (0) time=300.1143408s
[ Info: iter=37647 obj=5.108047844498116e7 pinf=6.056203624935968e7 (3237) dinf=0.0 (0) time=300.528769s
[ Info: iter=37697 obj=5.108384420012567e7 pinf=6.053529826272316e7 (3323) dinf=0.0 (0) time=300.9909894s
[ Info: iter=37747 obj=5.1095842101155736e7 pinf=6.047282808825694e7 (3173) dinf=0.0 (0) time=301.4461334s
[ Info: iter=37797 obj=5.110617443455455e7 pinf=6.36411338308926e7 (3151) dinf=0.0 (0) time=301.9204317s
[ Info: iter=37847 obj=5.11095003113109e7 pinf=6.3512500275748536e7 (3098) dinf=0.0 (0) time=302.3531414s
[ Info: iter=37897 obj=5.1113087438756905e7 pinf=4.439448801731086e7 (3006) dinf=0.0 (0) time=302.7919075s
[ Info: iter=37947 obj=5.112824839584868e7 pinf=1.0099509561990587e7 (3002) dinf=0.0 (0) time=303.3445969s
[ Info: iter=37997 obj=5.1129450766309634e7 pinf=1.135944586301824e7 (3218) dinf=0.0 (0) time=303.7343191s
[ Info: iter=38047 obj=5.1131943890088186e7 pinf=218559.87715631313 (2561) dinf=0.0 (0) time=304.182484s
[ Info: iter=38097 obj=5.1137812354319766e7 pinf=216940.24090885578 (2570) dinf=0.0 (0) time=304.6545666s
[ Info: iter=38147 obj=5.113948741934719e7 pinf=158230.31958038048 (2483) dinf=0.0 (0) time=305.1669002s
[ Info: iter=38197 obj=5.114065205319693e7 pinf=764515.6195333775 (2899) dinf=0.0 (0) time=305.6629807s
[ Info: iter=38247 obj=5.114163964937035e7 pinf=597517.467450136 (2772) dinf=0.0 (0) time=306.1729096s
[ Info: iter=38297 obj=5.114255601593873e7 pinf=500269.46052416135 (2547) dinf=0.0 (0) time=306.6273175s
[ Info: iter=38347 obj=5.11443199148394e7 pinf=429300.48364731926 (2566) dinf=0.0 (0) time=307.1063614s
[ Info: iter=38397 obj=5.114665714261552e7 pinf=235848.24960735106 (2454) dinf=0.0 (0) time=307.6652899s
[ Info: iter=38447 obj=5.114774155361485e7 pinf=1.5924997783226382e6 (2602) dinf=0.0 (0) time=308.1499868s
[ Info: iter=38497 obj=5.114877797666785e7 pinf=1.297702698437065e6 (2785) dinf=0.0 (0) time=308.6377873s
[ Info: iter=38547 obj=5.114935836199825e7 pinf=1.4357526467423781e6 (2793) dinf=0.0 (0) time=309.1213051s
[ Info: iter=38597 obj=5.115016808680585e7 pinf=1.0629141353590286e6 (2786) dinf=0.0 (0) time=309.6208117s
[ Info: iter=38647 obj=5.115059529407243e7 pinf=790251.9648419444 (2704) dinf=0.0 (0) time=310.1400461s
[ Info: iter=38697 obj=5.115144195280272e7 pinf=198596.66710029735 (2407) dinf=0.0 (0) time=310.6258424s
[ Info: iter=38747 obj=5.115215390593296e7 pinf=443328.1242203411 (2660) dinf=0.0 (0) time=311.1055411s
[ Info: iter=38797 obj=5.1153081748555385e7 pinf=343353.9257708145 (2977) dinf=0.0 (0) time=311.6765843s
[ Info: iter=38847 obj=5.115355003674698e7 pinf=197747.4553651739 (2410) dinf=0.0 (0) time=312.1693646s
[ Info: iter=38897 obj=5.1154412602123015e7 pinf=921474.7455968984 (3090) dinf=0.0 (0) time=312.6476003s
[ Info: iter=38947 obj=5.115524996211155e7 pinf=42904.04951212825 (2182) dinf=0.0 (0) time=313.1329952s
[ Info: iter=38997 obj=5.115564742610892e7 pinf=140433.00363200542 (2424) dinf=0.0 (0) time=313.6330779s
[ Info: iter=39047 obj=5.115661668127598e7 pinf=62190.39919099286 (2301) dinf=0.0 (0) time=314.1713481s
[ Info: iter=39097 obj=5.115686358577556e7 pinf=502592.22527356487 (2595) dinf=0.0 (0) time=314.6608058s
[ Info: iter=39147 obj=5.115716371501113e7 pinf=539547.1830733343 (2606) dinf=0.0 (0) time=315.1539135s
[ Info: iter=39197 obj=5.115770742451453e7 pinf=510631.6094951854 (2976) dinf=0.0 (0) time=315.6820822s
[ Info: iter=39247 obj=5.115808804462396e7 pinf=316478.2457435068 (2779) dinf=0.0 (0) time=316.2340969s
[ Info: iter=39297 obj=5.115852351571326e7 pinf=266845.4825567267 (2562) dinf=0.0 (0) time=316.7494874s
[ Info: iter=39347 obj=5.11587565472251e7 pinf=57722.76914551597 (2299) dinf=0.0 (0) time=317.232173s
[ Info: iter=39397 obj=5.115909268571694e7 pinf=98713.88236830466 (2416) dinf=0.0 (0) time=317.7781485s
[ Info: iter=39447 obj=5.115939255658994e7 pinf=33479.05214462385 (2027) dinf=0.0 (0) time=318.2601984s
[ Info: iter=39497 obj=5.1159843372981675e7 pinf=204341.28305058353 (2555) dinf=0.0 (0) time=318.7540305s
[ Info: iter=39547 obj=5.116128240634926e7 pinf=27930.58597230148 (2104) dinf=0.0 (0) time=319.2547347s
[ Info: iter=39597 obj=5.1162351866120055e7 pinf=409969.25561699795 (2396) dinf=0.0 (0) time=319.75049s
[ Info: iter=39647 obj=5.116261037273817e7 pinf=2.0625478176353667e6 (2372) dinf=0.0 (0) time=320.2967269s
[ Info: iter=39697 obj=5.1162992288525544e7 pinf=74895.63208015157 (2079) dinf=0.0 (0) time=320.769333s
[ Info: iter=39747 obj=5.116696684690174e7 pinf=138670.1663029691 (2042) dinf=0.0 (0) time=321.248018s
[ Info: iter=39797 obj=5.116810046312171e7 pinf=286816.9070785859 (2114) dinf=0.0 (0) time=321.7225242s
[ Info: iter=39847 obj=5.116822825223245e7 pinf=34522.14389659644 (1746) dinf=0.0 (0) time=322.2928034s
[ Info: iter=39897 obj=5.1168361100461915e7 pinf=43394.31320127477 (1816) dinf=0.0 (0) time=322.7731665s
[ Info: iter=39947 obj=5.1168971820355415e7 pinf=20558.21549680463 (1624) dinf=0.0 (0) time=323.255583s
[ Info: iter=39997 obj=5.11690692367961e7 pinf=59596.49879694818 (1956) dinf=0.0 (0) time=323.7423539s
[ Info: iter=40047 obj=5.1169217290501244e7 pinf=26292.962403669855 (1745) dinf=0.0 (0) time=324.2263175s
[ Info: iter=40097 obj=5.116956203023422e7 pinf=24493.328062392808 (1722) dinf=0.0 (0) time=324.759997s
[ Info: iter=40147 obj=5.117033600930061e7 pinf=32776.945008431845 (1935) dinf=0.0 (0) time=325.2240767s
[ Info: iter=40197 obj=5.1170409869364634e7 pinf=22714.686545026456 (1831) dinf=0.0 (0) time=325.7138171s
[ Info: iter=40247 obj=5.117374743113178e7 pinf=72990.10272884437 (1993) dinf=0.0 (0) time=326.2035451s
[ Info: iter=40297 obj=5.1174323951933116e7 pinf=19447.51719855593 (1541) dinf=0.0 (0) time=326.7469561s
[ Info: iter=40347 obj=5.117444402727531e7 pinf=10077.617746983706 (1450) dinf=0.0 (0) time=327.2340593s
[ Info: iter=40397 obj=5.1175601636953585e7 pinf=9414.735337765618 (1480) dinf=0.0 (0) time=327.7051529s
[ Info: iter=40447 obj=5.117599301257999e7 pinf=59170.15708900891 (1927) dinf=0.0 (0) time=328.1757364s
[ Info: iter=40497 obj=5.118018681154091e7 pinf=31770.06261403658 (1597) dinf=0.0 (0) time=328.6985142s
[ Info: iter=40547 obj=5.11844113423895e7 pinf=32653.57625414592 (1525) dinf=0.0 (0) time=329.1193193s
[ Info: iter=40597 obj=5.118558710494469e7 pinf=97146.47324983061 (1947) dinf=0.0 (0) time=329.56738s
[ Info: iter=40647 obj=5.118608787216732e7 pinf=72830.00516637543 (1879) dinf=0.0 (0) time=330.0361339s
[ Info: iter=40697 obj=5.11865349222605e7 pinf=46691.351878585134 (1621) dinf=0.0 (0) time=330.5477473s
[ Info: iter=40747 obj=5.118674201596922e7 pinf=193967.04858637243 (1635) dinf=0.0 (0) time=331.0197134s
[ Info: iter=40797 obj=5.118752335435862e7 pinf=162777.7757248771 (1581) dinf=0.0 (0) time=331.466727s
[ Info: iter=40847 obj=5.1188131949343614e7 pinf=78622.00663105793 (1438) dinf=0.0 (0) time=331.9482268s
[ Info: iter=40897 obj=5.118902467774547e7 pinf=281439.6061562312 (1773) dinf=0.0 (0) time=332.4658847s
[ Info: iter=40947 obj=5.119088324799483e7 pinf=172748.79006624105 (1663) dinf=0.0 (0) time=332.9108409s
[ Info: iter=40997 obj=5.1191125268006794e7 pinf=207175.1226441148 (1745) dinf=0.0 (0) time=333.366484s
[ Info: iter=41047 obj=5.11912399713102e7 pinf=4.796282409472979e6 (2204) dinf=0.0 (0) time=333.8385941s
[ Info: iter=41097 obj=5.119287624034658e7 pinf=1.2963810289713459e6 (1833) dinf=0.0 (0) time=334.3469686s
[ Info: iter=41147 obj=5.124280100276553e7 pinf=1.2544604710032195e7 (2377) dinf=0.0 (0) time=334.8127577s
[ Info: iter=41197 obj=5.124899205707972e7 pinf=2.0330638681982788e6 (2030) dinf=0.0 (0) time=335.2938548s
[ Info: iter=41247 obj=5.124951655052489e7 pinf=1.8604679366950628e6 (1968) dinf=0.0 (0) time=335.7877236s
[ Info: iter=41297 obj=5.124978280458971e7 pinf=108412.47712406665 (1501) dinf=0.0 (0) time=336.3416305s
[ Info: iter=41347 obj=5.125080543716871e7 pinf=234079.41664936813 (1534) dinf=0.0 (0) time=336.8330389s
[ Info: iter=41397 obj=5.1251712578012206e7 pinf=303575.4786817719 (1747) dinf=0.0 (0) time=337.3294852s
[ Info: iter=41447 obj=5.125248313598987e7 pinf=330651.6905058575 (1685) dinf=0.0 (0) time=337.8390519s
[ Info: iter=41497 obj=5.125343412651832e7 pinf=153138.91401448913 (1663) dinf=0.0 (0) time=338.3927795s
[ Info: iter=41547 obj=5.125366978723125e7 pinf=233569.47659462783 (1713) dinf=0.0 (0) time=338.9310166s
[ Info: iter=41597 obj=5.1253696996062115e7 pinf=397053.71990310116 (1742) dinf=0.0 (0) time=339.3914965s
[ Info: iter=41647 obj=5.125395373581571e7 pinf=41469.293119564274 (1315) dinf=0.0 (0) time=339.853879s
[ Info: iter=41697 obj=5.125408984764309e7 pinf=349138.3394162105 (1605) dinf=0.0 (0) time=340.3524642s
[ Info: iter=41747 obj=5.125417375941229e7 pinf=272695.201277127 (1432) dinf=0.0 (0) time=340.8713642s
[ Info: iter=41797 obj=5.1254356865866564e7 pinf=91993.43186116473 (1297) dinf=0.0 (0) time=341.3551324s
[ Info: iter=41847 obj=5.1254449349854544e7 pinf=60234.38794671674 (1156) dinf=0.0 (0) time=341.8164364s
[ Info: iter=41897 obj=5.125460559093286e7 pinf=896076.8701161012 (1652) dinf=0.0 (0) time=342.3569324s
[ Info: iter=41947 obj=5.125478566217906e7 pinf=605603.5000626385 (1514) dinf=0.0 (0) time=342.7837162s
[ Info: iter=41997 obj=5.125696234883479e7 pinf=4.754374534942795e6 (1908) dinf=0.0 (0) time=343.2165154s
[ Info: iter=42047 obj=5.125949153258221e7 pinf=101103.55911671591 (1028) dinf=0.0 (0) time=343.6866533s
[ Info: iter=42097 obj=5.1259516592986256e7 pinf=43077.33440841832 (1008) dinf=0.0 (0) time=344.1604654s
[ Info: iter=42147 obj=5.126070571085328e7 pinf=2.0275626757632343e6 (2110) dinf=0.0 (0) time=344.7013607s
[ Info: iter=42197 obj=5.126179945732094e7 pinf=2.4337823500750572e6 (1847) dinf=0.0 (0) time=345.1593453s
[ Info: iter=42247 obj=5.12623510461457e7 pinf=154454.16488287682 (1478) dinf=0.0 (0) time=345.6130221s
[ Info: iter=42297 obj=5.1264149512261726e7 pinf=4806.203577372466 (857) dinf=0.0 (0) time=346.0971951s
[ Info: iter=42347 obj=5.126418603690954e7 pinf=18302.73694647985 (960) dinf=0.0 (0) time=346.5625102s
[ Info: iter=42397 obj=5.126460540071554e7 pinf=4377.859900510712 (883) dinf=0.0 (0) time=347.0646204s
[ Info: iter=42447 obj=5.126664219105512e7 pinf=3017.8998830878395 (784) dinf=0.0 (0) time=347.5127995s
[ Info: iter=42497 obj=5.128793017454664e7 pinf=21706.246446040495 (914) dinf=0.0 (0) time=347.962129s
[ Info: iter=42547 obj=5.128941903730538e7 pinf=3936.96285963422 (784) dinf=0.0 (0) time=348.413266s
[ Info: iter=42597 obj=5.128995199787068e7 pinf=6087.096808599111 (811) dinf=0.0 (0) time=348.9093712s
[ Info: iter=42647 obj=5.129030083160878e7 pinf=70.62987774374956 (630) dinf=0.0 (0) time=349.332952s
[ Info: iter=42697 obj=5.129096655372453e7 pinf=944.9007668946597 (661) dinf=0.0 (0) time=349.7595439s
[ Info: iter=42747 obj=5.138100585533773e7 pinf=8896.067950964618 (915) dinf=0.0 (0) time=350.1961621s
[ Info: iter=42797 obj=5.138265661906823e7 pinf=186849.210918946 (1247) dinf=0.0 (0) time=350.7352689s
[ Info: iter=42847 obj=5.138313532078177e7 pinf=52602.53849029944 (960) dinf=0.0 (0) time=351.1919078s
[ Info: iter=42897 obj=5.138375759584123e7 pinf=554256.2651951332 (1432) dinf=0.0 (0) time=351.6604359s
[ Info: iter=42947 obj=5.1384338744610086e7 pinf=15018.662115558884 (941) dinf=0.0 (0) time=352.1394278s
[ Info: iter=42997 obj=5.13845720847159e7 pinf=2885.984501782726 (848) dinf=0.0 (0) time=352.6217398s
[ Info: iter=43047 obj=5.1384739734111026e7 pinf=451155.4463386492 (1373) dinf=0.0 (0) time=353.1850865s
[ Info: iter=43097 obj=5.138494021063609e7 pinf=89671.11614999377 (1318) dinf=0.0 (0) time=353.6449403s
[ Info: iter=43147 obj=5.138500655866751e7 pinf=5516.064955341716 (805) dinf=0.0 (0) time=354.111484s
[ Info: iter=43197 obj=5.138536739403501e7 pinf=5348.61071365395 (906) dinf=0.0 (0) time=354.5691887s
[ Info: iter=43247 obj=5.138544763489034e7 pinf=4488.132637440785 (809) dinf=0.0 (0) time=355.1133881s
[ Info: iter=43297 obj=5.1385474838118345e7 pinf=352.6419604465545 (737) dinf=0.0 (0) time=355.5669475s
[ Info: iter=43347 obj=5.138556733708494e7 pinf=847.1751803260813 (789) dinf=0.0 (0) time=356.0633262s
[ Info: iter=43397 obj=5.1385649595124654e7 pinf=257.5339995584326 (665) dinf=0.0 (0) time=356.5247839s
[ Info: iter=43447 obj=5.1386033647192314e7 pinf=34.60126029724767 (547) dinf=0.0 (0) time=356.9882199s
[ Info: iter=43497 obj=5.13861886976935e7 pinf=23.626715615733975 (493) dinf=0.0 (0) time=357.4548953s
[ Info: iter=43547 obj=5.142519071564896e7 pinf=4684.632604445183 (629) dinf=0.0 (0) time=357.8939903s
[ Info: iter=43597 obj=5.1425511955299355e7 pinf=1017.7626116711849 (565) dinf=0.0 (0) time=358.3631998s
[ Info: iter=43647 obj=5.142553646797323e7 pinf=1219.4178026619463 (514) dinf=0.0 (0) time=358.86733s
[ Info: iter=43697 obj=5.142554937951628e7 pinf=2.770041083821548 (466) dinf=0.0 (0) time=359.3752106s
[ Info: iter=43747 obj=5.1425568404982835e7 pinf=1.5083148036689544 (426) dinf=0.0 (0) time=359.7741588s
[ Info: iter=43797 obj=5.142561091906061e7 pinf=1.4103103676012048 (387) dinf=0.0 (0) time=360.167141s
[ Info: iter=43847 obj=5.1425612407907814e7 pinf=1.3297545003116495 (335) dinf=0.0 (0) time=360.5342901s
[ Info: iter=43897 obj=5.142561490868949e7 pinf=9.14377081045944 (310) dinf=0.0 (0) time=360.9166015s
[ Info: iter=43947 obj=5.142561496802185e7 pinf=1.2776200335224153 (230) dinf=0.0 (0) time=361.3106723s
[ Info: iter=43997 obj=5.142569055949051e7 pinf=0.02771679714803747 (195) dinf=0.0 (0) time=361.6941291s
[ Info: iter=44047 obj=5.142569152811926e7 pinf=0.006008250317089179 (134) dinf=0.0 (0) time=362.0586511s
[ Info: iter=44097 obj=5.142569167589469e7 pinf=0.08541103340041926 (87) dinf=0.0 (0) time=362.4600089s
[ Info: iter=44145 obj=5.142569176206356e7 pinf=0.0 (0) dinf=1.2268584834946667e-6 (11) time=362.8883357s
[ Info: Starting primal cleanup after restoring original costs
[ Info: Starting postsolve cleanup on original LP
[ Info: iter=44146 obj=5.230436153124257e7 pinf=3.432791581679483e6 (2277) dinf=1.8282381213057118e6 (1312) time=364.7159679s
[ Info: iter=44196 obj=-1.3168602173623398e6 pinf=1.5981822244127565e6 (12212) dinf=0.0 (0) time=365.537904s
[ Info: iter=44246 obj=-1.3052559158905768e6 pinf=2.6418109965479844e6 (12277) dinf=0.0 (0) time=366.413438s
[ Info: iter=44296 obj=-1.272480130738994e6 pinf=2.5671158985480634e6 (12170) dinf=0.0 (0) time=367.3193751s
[ Info: iter=44346 obj=-1.2620348755560433e6 pinf=2.561613922401867e6 (12036) dinf=0.0 (0) time=368.0950048s
[ Info: iter=44396 obj=-1.241889639020613e6 pinf=2.735395738189571e6 (11901) dinf=0.0 (0) time=368.9328563s
[ Info: iter=44446 obj=-1.1864866440862492e6 pinf=3.277648594191854e6 (11685) dinf=0.0 (0) time=369.6853304s
[ Info: iter=44496 obj=-1.1821428958504288e6 pinf=3.134890814814213e6 (11476) dinf=0.0 (0) time=370.6114328s
[ Info: iter=44546 obj=-1.1655122926050285e6 pinf=3.3899053613590184e6 (11440) dinf=0.0 (0) time=371.380816s
[ Info: iter=44596 obj=-1.1288377317063117e6 pinf=2.9205824517958555e6 (11417) dinf=0.0 (0) time=372.1389082s
[ Info: iter=44646 obj=-1.1202910185667446e6 pinf=2.8463438473931435e6 (11249) dinf=0.0 (0) time=372.9601164s
[ Info: iter=44696 obj=-1.0406288585786291e6 pinf=2.611428753473334e6 (11182) dinf=0.0 (0) time=373.8033208s
[ Info: iter=44746 obj=-967057.7679242081 pinf=2.5187398242592523e6 (10959) dinf=0.0 (0) time=374.6633703s
[ Info: iter=44796 obj=-893879.5210158242 pinf=2.923087067986931e6 (10616) dinf=0.0 (0) time=375.4449463s
[ Info: iter=44846 obj=-876139.7471547592 pinf=2.7622633899756544e6 (10569) dinf=0.0 (0) time=376.1918872s
[ Info: iter=44896 obj=-859636.0152733907 pinf=2.6598114616644997e6 (10358) dinf=0.0 (0) time=377.0006078s
[ Info: iter=44946 obj=-832724.2200288184 pinf=4.233124662174353e6 (10616) dinf=0.0 (0) time=377.7514381s
[ Info: iter=44996 obj=-818884.4834408681 pinf=4.273084993787884e6 (10583) dinf=0.0 (0) time=378.5667541s
[ Info: iter=45029 obj=-787723.5576426873 pinf=4.488894558997882e6 (10406) dinf=0.0 (0) time=379.1595144s
[ Info: iter=45079 obj=-778446.556123835 pinf=1.4109640107604912e7 (10406) dinf=0.0 (0) time=379.969012s
[ Info: iter=45129 obj=-738763.4834993151 pinf=1.392721739723309e7 (10323) dinf=0.0 (0) time=380.7809054s
[ Info: iter=45179 obj=-726350.3302552509 pinf=1.3979836956061855e7 (10164) dinf=0.0 (0) time=381.5510904s
[ Info: iter=45229 obj=-715670.8916946664 pinf=1.4426134400608404e7 (10045) dinf=0.0 (0) time=382.3430659s
[ Info: iter=45279 obj=-687588.996030326 pinf=1.4711712865251003e7 (9958) dinf=0.0 (0) time=383.1376851s
[ Info: iter=45329 obj=-679502.0746497894 pinf=1.3904690652357526e7 (9829) dinf=0.0 (0) time=383.924304s
[ Info: iter=45379 obj=-651399.1364826756 pinf=1.37101448718776e7 (9883) dinf=0.0 (0) time=384.7243437s
[ Info: iter=45429 obj=-634483.405001272 pinf=1.3411002548328223e7 (9677) dinf=0.0 (0) time=385.4811487s
[ Info: iter=45479 obj=-616369.8087723181 pinf=1.3582937507734746e7 (9699) dinf=0.0 (0) time=386.3469464s
[ Info: iter=45529 obj=-607401.0000142297 pinf=2.2309082873242725e7 (9587) dinf=0.0 (0) time=387.142909s
[ Info: iter=45579 obj=-573457.2663564656 pinf=1.8689977310375983e6 (9332) dinf=0.0 (0) time=387.9962944s
[ Info: iter=45629 obj=-554461.1531219985 pinf=5.043055818184193e6 (9776) dinf=0.0 (0) time=388.8408416s
[ Info: iter=45679 obj=-530084.972928694 pinf=1.2250190535216946e6 (9567) dinf=0.0 (0) time=389.7431975s
[ Info: iter=45729 obj=-522629.8070195761 pinf=1.5249865006550592e6 (9495) dinf=0.0 (0) time=390.5728179s
[ Info: iter=45779 obj=-503779.3363762029 pinf=984987.7139272346 (9264) dinf=0.0 (0) time=391.3904234s
[ Info: iter=45829 obj=-488167.2968288824 pinf=913491.4399034083 (9126) dinf=0.0 (0) time=392.2304189s
[ Info: iter=45879 obj=-458731.89877884777 pinf=893379.3172055151 (9105) dinf=0.0 (0) time=392.9628572s
[ Info: iter=45929 obj=-438246.5262894946 pinf=895623.4037346594 (9012) dinf=0.0 (0) time=393.6381149s
[ Info: iter=45979 obj=-386289.66221496987 pinf=858158.8006594307 (8983) dinf=0.0 (0) time=394.4198452s
[ Info: iter=46029 obj=-244715.45712154586 pinf=830002.3004213728 (8858) dinf=0.0 (0) time=395.1638163s
[ Info: iter=46079 obj=-151083.51460246328 pinf=768805.414677982 (8764) dinf=0.0 (0) time=395.9246317s
[ Info: iter=46129 obj=-123433.55473086212 pinf=734026.4822434994 (8689) dinf=0.0 (0) time=396.6928647s
[ Info: iter=46179 obj=-119685.50275551176 pinf=748948.8903214253 (8600) dinf=0.0 (0) time=397.4711691s
[ Info: iter=46229 obj=-117835.6534576597 pinf=861342.8140205631 (8412) dinf=0.0 (0) time=398.550206s
[ Info: iter=46279 obj=-115551.73241601844 pinf=844147.4463631061 (8148) dinf=0.0 (0) time=399.5497331s
[ Info: iter=46329 obj=-113708.89167886126 pinf=930815.580889583 (7991) dinf=0.0 (0) time=400.2924238s
[ Info: iter=46379 obj=-111292.53952546703 pinf=960824.6859250469 (7965) dinf=0.0 (0) time=401.2725745s
[ Info: iter=46429 obj=-101772.23553205247 pinf=1.0093805084910823e6 (7736) dinf=0.0 (0) time=401.9604997s
[ Info: iter=46479 obj=-101530.18928395308 pinf=1.0098807305421846e6 (7586) dinf=0.0 (0) time=402.6834928s
[ Info: iter=46529 obj=-94564.49616018447 pinf=985392.156013806 (7527) dinf=0.0 (0) time=403.514351s
[ Info: iter=46579 obj=-88064.03767229493 pinf=1.0160329788549872e6 (7306) dinf=0.0 (0) time=404.2732006s
[ Info: iter=46629 obj=-72314.79306638509 pinf=755277.3961639847 (7111) dinf=0.0 (0) time=405.1745083s
[ Info: iter=46679 obj=-63829.30836999825 pinf=736429.683506758 (6792) dinf=0.0 (0) time=405.9564277s
[ Info: iter=46729 obj=-54997.465441336695 pinf=537126.4997578254 (6289) dinf=0.0 (0) time=406.6770141s
[ Info: iter=46779 obj=-48961.595028529875 pinf=605487.0502990054 (6399) dinf=0.0 (0) time=407.5420974s
[ Info: iter=46829 obj=-45819.17621670976 pinf=319332.62419209885 (6083) dinf=0.0 (0) time=408.3058304s
[ Info: iter=46879 obj=-33273.81060747897 pinf=472358.4632977648 (5977) dinf=0.0 (0) time=409.0768685s
[ Info: iter=46929 obj=-30469.652736993914 pinf=1.0903754301454255e6 (6303) dinf=0.0 (0) time=409.9978156s
[ Info: iter=46979 obj=-23554.46195886645 pinf=401259.6688966879 (5885) dinf=0.0 (0) time=410.8233412s
[ Info: iter=47029 obj=-21313.05711833739 pinf=307835.18949428876 (5704) dinf=0.0 (0) time=411.6928072s
[ Info: iter=47079 obj=-20790.029485360195 pinf=536817.4236300602 (5836) dinf=0.0 (0) time=412.4528348s
[ Info: iter=47129 obj=-20433.58814699453 pinf=137603.08534068285 (5275) dinf=0.0 (0) time=413.1912212s
[ Info: iter=47179 obj=-17855.935883567872 pinf=125045.13608090351 (5017) dinf=0.0 (0) time=414.0089841s
[ Info: iter=47229 obj=-16814.98789092568 pinf=140783.91060666743 (4965) dinf=0.0 (0) time=414.7378638s
[ Info: iter=47279 obj=-11073.481510466896 pinf=118439.57303763398 (4964) dinf=0.0 (0) time=415.5481397s
[ Info: iter=47329 obj=-8912.010541473326 pinf=114308.46068574135 (4741) dinf=0.0 (0) time=416.3180059s
[ Info: iter=47379 obj=-6095.886401943513 pinf=3.276702949843051e6 (5552) dinf=0.0 (0) time=417.0925573s
[ Info: iter=47429 obj=-3377.4685777237755 pinf=1.1769719543518485e6 (5157) dinf=0.0 (0) time=417.9508957s
[ Info: iter=47479 obj=-3345.9827497384103 pinf=623093.0585931636 (4893) dinf=0.0 (0) time=418.7129013s
[ Info: iter=47529 obj=-2736.4194012618927 pinf=191645.0475298129 (4395) dinf=0.0 (0) time=419.8158595s
[ Info: iter=47579 obj=-2478.311654558872 pinf=75298.20550144595 (4076) dinf=0.0 (0) time=420.6696927s
[ Info: iter=47629 obj=-1977.735335336978 pinf=109531.7657991535 (4081) dinf=0.0 (0) time=421.6208037s
[ Info: iter=47679 obj=-1921.1800554340516 pinf=293679.2865234799 (4585) dinf=0.0 (0) time=422.5241698s
[ Info: iter=47729 obj=-1631.9680131717687 pinf=215937.89194472367 (4776) dinf=0.0 (0) time=423.3308542s
[ Info: iter=47779 obj=-1331.724340525354 pinf=395422.73635076743 (4708) dinf=0.0 (0) time=424.2097468s
[ Info: iter=47829 obj=-1277.5410397189548 pinf=35589.89157039144 (3969) dinf=0.0 (0) time=425.0309081s
[ Info: iter=47879 obj=-1138.9141042971114 pinf=210764.01219271673 (4796) dinf=0.0 (0) time=425.7902207s
[ Info: iter=47929 obj=-997.7224455277392 pinf=232661.59472922972 (4348) dinf=0.0 (0) time=426.6167554s
[ Info: iter=47979 obj=-950.3353693071913 pinf=199240.15232227172 (4216) dinf=0.0 (0) time=427.4073372s
[ Info: iter=48029 obj=-205.22713442702934 pinf=25571.01864263922 (3458) dinf=0.0 (0) time=428.2837919s
[ Info: iter=48079 obj=-184.08241679126422 pinf=9778.54972881686 (3069) dinf=0.0 (0) time=429.0475478s
[ Info: iter=48129 obj=-144.81467547583088 pinf=13834.525044067232 (3203) dinf=0.0 (0) time=429.8915869s
[ Info: iter=48179 obj=-87.3916385970515 pinf=11656.00915754951 (3139) dinf=0.0 (0) time=430.753162s
[ Info: iter=48229 obj=-59.44781037165558 pinf=27511.2691337722 (3233) dinf=0.0 (0) time=431.5550346s
[ Info: iter=48279 obj=-32.847056232294676 pinf=11945.953589065424 (3162) dinf=0.0 (0) time=432.4539142s
[ Info: iter=48329 obj=-16.456747576695363 pinf=2039.6710960364724 (3136) dinf=0.0 (0) time=433.241249s
[ Info: iter=48379 obj=-7.126794402094305 pinf=1398.5727471585676 (3058) dinf=0.0 (0) time=433.8996132s
[ Info: iter=48429 obj=-4.0367079696667645 pinf=1255.4304136499695 (2913) dinf=0.0 (0) time=434.5851953s
[ Info: iter=48479 obj=-2.622626380782094 pinf=109571.08751334176 (4333) dinf=0.0 (0) time=435.2901894s
[ Info: iter=48529 obj=-1.340312990346547 pinf=3784.5950513487 (3478) dinf=0.0 (0) time=435.9911346s
[ Info: iter=48579 obj=-0.44258789739294 pinf=714.9840198217494 (3244) dinf=0.0 (0) time=436.7308362s
[ Info: iter=48629 obj=-0.38776679827493865 pinf=316.37774547303127 (3063) dinf=0.0 (0) time=437.3375061s
[ Info: iter=48679 obj=-0.3730003189766684 pinf=13.053025788282058 (2769) dinf=0.0 (0) time=438.1191349s
[ Info: iter=48729 obj=-0.3665028343431769 pinf=9.38803119595746 (2354) dinf=0.0 (0) time=438.8640435s
[ Info: iter=48779 obj=-0.3599500733716212 pinf=76.20190472530591 (3186) dinf=0.0 (0) time=439.5590785s
[ Info: iter=48789 obj=-0.35777934463554084 pinf=15.500835952297008 (2994) dinf=0.0 (0) time=439.7461538s
[ Info: iter=48839 obj=-0.3518415430522026 pinf=29.469408073399258 (3422) dinf=0.0 (0) time=440.432265s
[ Info: iter=48889 obj=-0.31705983664070914 pinf=491.32309267430804 (3553) dinf=0.0 (0) time=441.2064734s
[ Info: iter=48939 obj=-0.2838494317867202 pinf=122.7631469822538 (3244) dinf=0.0 (0) time=441.9214201s
[ Info: iter=48989 obj=-0.24476442857267777 pinf=59.829293868630465 (3196) dinf=0.0 (0) time=442.5961832s
[ Info: iter=49039 obj=-0.2221043175371581 pinf=17.588293325314215 (3140) dinf=0.0 (0) time=443.3298767s
[ Info: iter=49089 obj=-0.1977111862930876 pinf=51.47839194445548 (3215) dinf=0.0 (0) time=444.0164746s
[ Info: iter=49139 obj=-0.17853033158963427 pinf=82.164625696287 (3159) dinf=0.0 (0) time=444.7128891s
[ Info: iter=49189 obj=-0.16194901044394916 pinf=10.608798962985137 (2951) dinf=0.0 (0) time=445.3808067s
[ Info: iter=49239 obj=-0.15588814977846255 pinf=254.6053685804461 (3254) dinf=0.0 (0) time=446.0536676s
[ Info: iter=49289 obj=-0.15111167115623148 pinf=23.71976101900989 (3211) dinf=0.0 (0) time=446.7566205s
[ Info: iter=49339 obj=-0.14164879907040273 pinf=23.635162869056945 (3479) dinf=0.0 (0) time=447.4266411s
[ Info: iter=49389 obj=-0.13055727995200944 pinf=0.8298945606052818 (128) dinf=0.0 (0) time=448.2162634s
[ Info: iter=49439 obj=-0.08344280624638145 pinf=299.6852876783142 (3580) dinf=0.0 (0) time=448.8667467s
[ Info: iter=49481 obj=4.7498931773200765e7 pinf=2.6218257458910644e8 (5971) dinf=56173.4047144005 (287) time=449.5213035s
[ Info: iter=49531 obj=4.649276162135889e7 pinf=3.515425878996956e9 (6176) dinf=0.0 (0) time=450.1693326s
[ Info: iter=49581 obj=4.724073913487351e7 pinf=3.5093843219368925e9 (5993) dinf=0.0 (0) time=450.8132497s
[ Info: iter=49631 obj=4.7370487832064435e7 pinf=3.509606420283821e9 (5938) dinf=0.0 (0) time=451.4936957s
[ Info: iter=49681 obj=4.757722705103801e7 pinf=3.5109673856734977e9 (5850) dinf=0.0 (0) time=452.1488029s
[ Info: iter=49731 obj=4.783833031413539e7 pinf=3.5153432575651536e9 (5784) dinf=0.0 (0) time=452.8739559s
[ Info: iter=49781 obj=4.788472147684747e7 pinf=3.515225741348305e9 (5695) dinf=0.0 (0) time=453.5007955s
[ Info: iter=49831 obj=4.82320686212267e7 pinf=3.515056181769184e9 (5629) dinf=0.0 (0) time=454.1411123s
[ Info: iter=49881 obj=4.8471570736810595e7 pinf=4.2924668284613974e7 (5434) dinf=0.0 (0) time=454.8624003s
[ Info: iter=49931 obj=4.8650321563483894e7 pinf=2.1946030568672124e7 (5230) dinf=0.0 (0) time=455.464836s
[ Info: iter=49981 obj=4.88000036460799e7 pinf=2.1997499039476995e9 (5686) dinf=0.0 (0) time=456.1638013s
[ Info: iter=50031 obj=4.8903060202435136e7 pinf=2.157594431126056e9 (5295) dinf=0.0 (0) time=456.9045645s
[ Info: iter=50081 obj=4.907428190436387e7 pinf=1.8704623636538613e9 (5278) dinf=0.0 (0) time=457.5477351s
[ Info: iter=50131 obj=4.912223633265433e7 pinf=1.862878899516486e9 (5203) dinf=0.0 (0) time=458.2807449s
[ Info: iter=50181 obj=4.92021811105077e7 pinf=1.1769827347587407e9 (5356) dinf=0.0 (0) time=458.9369378s
[ Info: iter=50231 obj=4.929709889714019e7 pinf=2.0142036841102034e8 (5050) dinf=0.0 (0) time=459.5864768s
[ Info: iter=50281 obj=4.9404575612552635e7 pinf=2.2556412632792953e7 (4807) dinf=0.0 (0) time=460.3397328s
[ Info: iter=50331 obj=4.9494026223451406e7 pinf=5.027449921277797e7 (4984) dinf=0.0 (0) time=461.022564s
[ Info: iter=50381 obj=4.951064691997194e7 pinf=4.000785649633765e8 (5175) dinf=0.0 (0) time=461.7886485s
[ Info: iter=50431 obj=4.977710188913847e7 pinf=1.6844973006075107e7 (4781) dinf=0.0 (0) time=462.4626181s
[ Info: iter=50481 obj=4.9830345197177686e7 pinf=2.9805751079342972e7 (4843) dinf=0.0 (0) time=463.2145683s
[ Info: iter=50531 obj=4.989075040165961e7 pinf=2.9781421792637215e9 (5050) dinf=0.0 (0) time=463.8855745s
[ Info: iter=50581 obj=4.995477885411061e7 pinf=1.0252306911305536e9 (4892) dinf=0.0 (0) time=464.6303816s
[ Info: iter=50631 obj=4.998502587588987e7 pinf=9.920598885262467e8 (4879) dinf=0.0 (0) time=465.2706907s
[ Info: iter=50637 obj=4.9994809896181956e7 pinf=9.613421596478714e8 (4926) dinf=0.0 (0) time=465.4151181s
[ Info: iter=50687 obj=5.0083396355036825e7 pinf=9.978973967172086e8 (4885) dinf=0.0 (0) time=466.1003376s
[ Info: iter=50737 obj=5.011689698212287e7 pinf=9.998133458672544e8 (4791) dinf=0.0 (0) time=466.8445384s
[ Info: iter=50787 obj=5.012947836106166e7 pinf=9.98749361269185e8 (4762) dinf=0.0 (0) time=467.4948216s
[ Info: iter=50837 obj=5.014093202019933e7 pinf=5.712899892347714e7 (4643) dinf=0.0 (0) time=468.2357351s
[ Info: iter=50887 obj=5.014685461262711e7 pinf=3.2021019255316757e7 (4611) dinf=0.0 (0) time=469.041526s
[ Info: iter=50937 obj=5.01832498118929e7 pinf=7.027264130198106e8 (4895) dinf=0.0 (0) time=469.7302549s
[ Info: iter=50987 obj=5.0208382392031506e7 pinf=2.1879931463642873e7 (4363) dinf=0.0 (0) time=470.4853416s
[ Info: iter=51037 obj=5.023042730218824e7 pinf=1.5453722022249652e7 (4344) dinf=0.0 (0) time=471.1912025s
[ Info: iter=51087 obj=5.0244141431602955e7 pinf=1.502659552367864e7 (4374) dinf=0.0 (0) time=471.9405457s
[ Info: iter=51112 obj=5.02528568404313e7 pinf=1.8806562435681787e8 (4803) dinf=0.0 (0) time=472.3163876s
[ Info: iter=51162 obj=5.02658486512724e7 pinf=9.722195101067756e7 (4417) dinf=0.0 (0) time=472.9932728s
[ Info: iter=51212 obj=5.028072843074338e7 pinf=8.349378502523154e7 (4481) dinf=0.0 (0) time=473.757828s
[ Info: iter=51262 obj=5.02828408453287e7 pinf=9.74705193132125e6 (4171) dinf=0.0 (0) time=474.3734708s
[ Info: iter=51312 obj=5.029128753893216e7 pinf=1.5555832786712044e8 (4432) dinf=0.0 (0) time=474.9643382s
[ Info: iter=51362 obj=5.03159934982555e7 pinf=6.276367567763369e7 (4567) dinf=0.0 (0) time=475.7155539s
[ Info: iter=51412 obj=5.0371403476684675e7 pinf=3.974082362391902e8 (5015) dinf=0.0 (0) time=476.373973s
[ Info: iter=51462 obj=5.041131585602833e7 pinf=5.45403742288568e8 (4991) dinf=0.0 (0) time=477.0312041s
[ Info: iter=51512 obj=5.048152543752491e7 pinf=5.42915571798286e8 (4975) dinf=0.0 (0) time=477.731396s
[ Info: iter=51562 obj=5.049162376705106e7 pinf=3.6263730627884454e8 (4975) dinf=0.0 (0) time=478.466682s
[ Info: iter=51612 obj=5.05168781680131e7 pinf=1.7327553801803386e8 (4389) dinf=0.0 (0) time=479.1984118s
[ Info: iter=51662 obj=5.05487382832889e7 pinf=1.9123010122927973e8 (4231) dinf=0.0 (0) time=479.9562438s
[ Info: iter=51712 obj=5.0549979909246266e7 pinf=1.7388546947469315e8 (4083) dinf=0.0 (0) time=480.6259821s
[ Info: iter=51762 obj=5.0581114040208995e7 pinf=1.7182681352900088e8 (4222) dinf=0.0 (0) time=481.3125288s
[ Info: iter=51812 obj=5.05924647880681e7 pinf=1.7700943387420687e8 (4320) dinf=0.0 (0) time=482.043098s
[ Info: iter=51824 obj=5.060056452343902e7 pinf=4.27374544236005e8 (4395) dinf=0.0 (0) time=482.2584562s
[ Info: iter=51874 obj=5.062365892571875e7 pinf=2.1580019858484924e8 (4236) dinf=0.0 (0) time=483.0205747s
[ Info: iter=51924 obj=5.062995963642289e7 pinf=6.652686895385312e6 (3718) dinf=0.0 (0) time=483.6841459s
[ Info: iter=51974 obj=5.063556356837021e7 pinf=1.234599396877825e7 (3730) dinf=0.0 (0) time=484.3641706s
[ Info: iter=52024 obj=5.0647276449809805e7 pinf=1.3537531937778726e7 (3716) dinf=0.0 (0) time=485.0992203s
[ Info: iter=52074 obj=5.067890821293295e7 pinf=4.801869640274322e7 (3815) dinf=0.0 (0) time=485.7808054s
[ Info: iter=52124 obj=5.068762515590781e7 pinf=3.1643439392014783e7 (3909) dinf=0.0 (0) time=486.518884s
[ Info: iter=52174 obj=5.0692979555231586e7 pinf=2.2011379765212744e7 (3867) dinf=0.0 (0) time=487.19499s
[ Info: iter=52224 obj=5.071374518059577e7 pinf=7.580384544751869e7 (3769) dinf=0.0 (0) time=487.9775598s
[ Info: iter=52257 obj=5.071628802901452e7 pinf=4.213414855192713e7 (3874) dinf=0.0 (0) time=488.4748026s
[ Info: iter=52307 obj=5.0718913096711606e7 pinf=2.6980363487532336e7 (3525) dinf=0.0 (0) time=489.1683092s
[ Info: iter=52330 obj=5.0722493957923904e7 pinf=3.944908966136251e7 (3773) dinf=0.0 (0) time=489.5048721s
[ Info: iter=52380 obj=5.07502531826148e7 pinf=1.3929183491018074e7 (3388) dinf=0.0 (0) time=490.3002316s
[ Info: iter=52430 obj=5.0769516424048424e7 pinf=2.5250685689093594e7 (3522) dinf=0.0 (0) time=490.9855389s
[ Info: iter=52480 obj=5.079206615222216e7 pinf=5.622722407669146e8 (4010) dinf=0.0 (0) time=491.7414626s
[ Info: iter=52502 obj=5.079511566239097e7 pinf=4.1393569220680356e7 (3649) dinf=0.0 (0) time=492.0665846s
[ Info: iter=52525 obj=5.0797038080686204e7 pinf=1.8857385593175612e7 (3472) dinf=0.0 (0) time=492.4176928s
[ Info: iter=52575 obj=5.0849126953977436e7 pinf=1.3121551363233067e7 (3386) dinf=0.0 (0) time=493.1816083s
[ Info: iter=52625 obj=5.088500643262674e7 pinf=9.746576026025286e6 (3245) dinf=0.0 (0) time=493.8790116s
[ Info: iter=52675 obj=5.089562159983068e7 pinf=1.0874889826159628e7 (3204) dinf=0.0 (0) time=494.6249427s
[ Info: iter=52725 obj=5.0895823217482686e7 pinf=1.0796996581442308e7 (3179) dinf=0.0 (0) time=495.2146495s
[ Info: iter=52775 obj=5.0897893327641964e7 pinf=1.3468053740939632e7 (3263) dinf=0.0 (0) time=495.8140073s
[ Info: iter=52825 obj=5.090444053511675e7 pinf=1.383724054043712e7 (3359) dinf=0.0 (0) time=496.5433642s
[ Info: iter=52875 obj=5.092193499879721e7 pinf=1.1150113095457578e7 (3080) dinf=0.0 (0) time=497.2554497s
[ Info: iter=52925 obj=5.09253837195524e7 pinf=2.1820241023079727e7 (3397) dinf=0.0 (0) time=497.9346784s
[ Info: iter=52975 obj=5.0943410572958924e7 pinf=8.95042641657466e6 (3150) dinf=0.0 (0) time=498.65071s
[ Info: iter=53025 obj=5.102059543851407e7 pinf=9.995660863809532e6 (3105) dinf=0.0 (0) time=499.3168423s
[ Info: iter=53075 obj=5.103190441118721e7 pinf=1.5729791824300202e7 (2935) dinf=0.0 (0) time=500.0018096s
[ Info: iter=53125 obj=5.104328253383215e7 pinf=3.6088894460743465e6 (3099) dinf=0.0 (0) time=500.7121273s
[ Info: iter=53175 obj=5.104542171608502e7 pinf=1.8047379889028877e7 (3248) dinf=0.0 (0) time=501.4469054s
[ Info: iter=53225 obj=5.104612792995048e7 pinf=1.477390589361048e7 (3188) dinf=0.0 (0) time=502.1714598s
[ Info: iter=53275 obj=5.1047503029933445e7 pinf=1.6546380779074527e7 (3231) dinf=0.0 (0) time=502.8578273s
[ Info: iter=53325 obj=5.104969182838252e7 pinf=5.229538642966072e6 (3074) dinf=0.0 (0) time=503.6104219s
[ Info: iter=53375 obj=5.1052655483827576e7 pinf=1.4244370874578116e7 (3086) dinf=0.0 (0) time=504.305189s
[ Info: iter=53425 obj=5.107160150014278e7 pinf=3.5651026305642715e6 (2905) dinf=0.0 (0) time=505.0036832s
[ Info: iter=53475 obj=5.1075360307074696e7 pinf=6.8209144038609825e6 (2739) dinf=0.0 (0) time=505.7043975s
[ Info: iter=53520 obj=5.10762946873156e7 pinf=6.859905630556025e6 (2934) dinf=0.0 (0) time=506.4143714s
[ Info: iter=53570 obj=5.107697247716506e7 pinf=1.9520636144567705e6 (2712) dinf=0.0 (0) time=507.1081899s
[ Info: iter=53620 obj=5.107765246544321e7 pinf=3.5784538310827604e6 (2812) dinf=0.0 (0) time=507.8158242s
[ Info: iter=53651 obj=5.108500206374313e7 pinf=3.995621043611548e6 (2836) dinf=0.0 (0) time=508.2601734s
[ Info: iter=53701 obj=5.110115710159985e7 pinf=2.156525796729743e8 (3660) dinf=0.0 (0) time=508.9377392s
[ Info: iter=53751 obj=5.110246725770857e7 pinf=1.6157750459753333e6 (2562) dinf=0.0 (0) time=509.6800754s
[ Info: iter=53801 obj=5.110340938032643e7 pinf=8.655966603121782e6 (2759) dinf=0.0 (0) time=510.2923279s
[ Info: iter=53851 obj=5.110976516240516e7 pinf=6.1514648825309314e7 (3239) dinf=0.0 (0) time=510.9310237s
[ Info: iter=53874 obj=5.111503869911718e7 pinf=9.248423182814461e7 (3535) dinf=0.0 (0) time=511.3127807s
[ Info: iter=53924 obj=5.112086452051854e7 pinf=3.38047100519401e8 (3918) dinf=0.0 (0) time=511.9765678s
[ Info: iter=53974 obj=5.11305144984863e7 pinf=1.8497434002262855e8 (3760) dinf=0.0 (0) time=512.715186s
[ Info: iter=54024 obj=5.1138507046415634e7 pinf=5.655525194231577e7 (3562) dinf=0.0 (0) time=513.4019671s
[ Info: iter=54074 obj=5.114659509769559e7 pinf=5.360975557124181e7 (3641) dinf=0.0 (0) time=514.1559682s
[ Info: iter=54124 obj=5.114991828624975e7 pinf=8.188967554634029e7 (3522) dinf=0.0 (0) time=514.8154134s
[ Info: iter=54174 obj=5.1172098381528854e7 pinf=2.0950241768316026e9 (3666) dinf=0.0 (0) time=515.5060004s
[ Info: iter=54224 obj=5.122592555500507e7 pinf=1.3933140600227753e7 (3309) dinf=0.0 (0) time=516.2686356s
[ Info: iter=54274 obj=5.123875539141451e7 pinf=1.0369884689890947e7 (3210) dinf=0.0 (0) time=516.932057s
[ Info: iter=54324 obj=5.124076281649725e7 pinf=2.0421395959323477e7 (3263) dinf=0.0 (0) time=517.6671737s
[ Info: iter=54374 obj=5.1244312474806264e7 pinf=4.126870252319575e6 (2913) dinf=0.0 (0) time=518.3032082s
[ Info: iter=54424 obj=5.124517001255302e7 pinf=8.405151259209966e6 (2945) dinf=0.0 (0) time=518.9530289s
[ Info: iter=54474 obj=5.124878534001903e7 pinf=3.8178517836998417e6 (2805) dinf=0.0 (0) time=519.6233933s
[ Info: iter=54524 obj=5.124947089113009e7 pinf=3.883934055325738e6 (2986) dinf=0.0 (0) time=520.356903s
[ Info: iter=54574 obj=5.12512953135952e7 pinf=5.423305387029369e6 (2892) dinf=0.0 (0) time=521.0323004s
[ Info: iter=54624 obj=5.125163728874817e7 pinf=5.368932313221349e6 (2870) dinf=0.0 (0) time=521.7511961s
[ Info: iter=54674 obj=5.125223271742243e7 pinf=1.2304061879524216e7 (3008) dinf=0.0 (0) time=522.4039586s
[ Info: iter=54724 obj=5.1252965700860545e7 pinf=3.6598990070752054e7 (3398) dinf=0.0 (0) time=523.125643s
[ Info: iter=54774 obj=5.125296570086071e7 pinf=3.659822240555338e7 (3379) dinf=0.0 (0) time=523.7607792s
[ Info: iter=54824 obj=5.125381818373383e7 pinf=1.167632300925983e7 (2944) dinf=0.0 (0) time=524.433845s
[ Info: iter=54874 obj=5.125629293252849e7 pinf=2.0753104751858104e6 (2633) dinf=0.0 (0) time=525.1350437s
[ Info: iter=54924 obj=5.125803469188002e7 pinf=4.787750385864371e7 (3205) dinf=0.0 (0) time=525.8976486s
[ Info: iter=54974 obj=5.125965401596914e7 pinf=6.2827112090974925e6 (2788) dinf=0.0 (0) time=526.5829849s
[ Info: iter=55024 obj=5.126258310428356e7 pinf=712811.3635522171 (2327) dinf=0.0 (0) time=527.2805042s
[ Info: iter=55074 obj=5.127417976625766e7 pinf=1.9388520564030122e6 (2453) dinf=0.0 (0) time=527.9474548s
[ Info: iter=55124 obj=5.1277790701710865e7 pinf=1.4758225825421314e6 (2354) dinf=0.0 (0) time=528.6809642s
[ Info: iter=55174 obj=5.127884706293575e7 pinf=2.7516904025997785e6 (2569) dinf=0.0 (0) time=529.3793692s
[ Info: iter=55224 obj=5.1279526497858435e7 pinf=7.792520338193557e6 (2695) dinf=0.0 (0) time=530.1067386s
[ Info: iter=55274 obj=5.1284817133291736e7 pinf=1.2144640176610209e7 (2841) dinf=0.0 (0) time=530.7571812s
[ Info: iter=55324 obj=5.1285361993642904e7 pinf=912519.9446081369 (2225) dinf=0.0 (0) time=531.4411397s
[ Info: iter=55374 obj=5.128629445437729e7 pinf=2.0472673736559676e6 (2658) dinf=0.0 (0) time=532.1369412s
[ Info: iter=55424 obj=5.12902455712603e7 pinf=681090.0541763321 (2310) dinf=0.0 (0) time=532.8089552s
[ Info: iter=55474 obj=5.129091665175352e7 pinf=459319.25153739867 (2125) dinf=0.0 (0) time=533.5310997s
[ Info: iter=55524 obj=5.1292852059262335e7 pinf=2.360277885303117e6 (2666) dinf=0.0 (0) time=534.2310557s
[ Info: iter=55574 obj=5.1294345412714705e7 pinf=8.886033008111069e6 (2685) dinf=0.0 (0) time=534.9949205s
[ Info: iter=55624 obj=5.129514799262077e7 pinf=2.314680747525877e6 (2367) dinf=0.0 (0) time=535.6472063s
[ Info: iter=55674 obj=5.1297107617806435e7 pinf=5.182698742477894e6 (2476) dinf=0.0 (0) time=536.3267217s
[ Info: iter=55724 obj=5.129773405051231e7 pinf=1.710346447921497e8 (3013) dinf=0.0 (0) time=537.048635s
[ Info: iter=55774 obj=5.129822651282455e7 pinf=2.1218963583879538e7 (2728) dinf=0.0 (0) time=537.6837062s
[ Info: iter=55824 obj=5.129915831123184e7 pinf=3.369918216715956e7 (2952) dinf=0.0 (0) time=538.3618102s
[ Info: iter=55874 obj=5.129979196362371e7 pinf=955188.4250470711 (2254) dinf=0.0 (0) time=539.0531714s
[ Info: iter=55924 obj=5.129992362924077e7 pinf=1.3518459609038546e6 (2111) dinf=0.0 (0) time=539.6953614s
[ Info: iter=55974 obj=5.130050716963501e7 pinf=3.0614635039163916e6 (2364) dinf=0.0 (0) time=540.4419295s
[ Info: iter=56024 obj=5.1300968609184995e7 pinf=4.7572633314896915e6 (2495) dinf=0.0 (0) time=541.1025727s
[ Info: iter=56074 obj=5.1301707853009395e7 pinf=959753.2179222797 (2199) dinf=0.0 (0) time=541.7466074s
[ Info: iter=56080 obj=5.130177973713449e7 pinf=1.2002619905938525e8 (2924) dinf=0.0 (0) time=541.9077425s
[ Info: iter=56130 obj=5.13447039586923e7 pinf=7.768673267965397e6 (2664) dinf=0.0 (0) time=542.5783831s
[ Info: iter=56180 obj=5.13504757251704e7 pinf=8.021696361797186e6 (2680) dinf=0.0 (0) time=543.2163982s
[ Info: iter=56230 obj=5.135103420881898e7 pinf=3.73356070231588e6 (2798) dinf=0.0 (0) time=543.914517s
[ Info: iter=56280 obj=5.135158176076949e7 pinf=1.184875378067828e6 (2169) dinf=0.0 (0) time=544.5746063s
[ Info: iter=56330 obj=5.135249374509871e7 pinf=6.806098261757451e6 (2512) dinf=0.0 (0) time=545.3132627s
[ Info: iter=56380 obj=5.135386033942814e7 pinf=3.115527797487723e6 (2505) dinf=0.0 (0) time=546.0112186s
[ Info: iter=56430 obj=5.135403291698283e7 pinf=8.917326572092555e6 (2636) dinf=0.0 (0) time=546.6542827s
[ Info: iter=56480 obj=5.1354525137868315e7 pinf=1.5898543514139284e6 (2266) dinf=0.0 (0) time=547.2658955s
[ Info: iter=56530 obj=5.135493995188084e7 pinf=542933.9744421833 (1957) dinf=0.0 (0) time=547.9110969s
[ Info: iter=56580 obj=5.135598482615648e7 pinf=3.1062287849713224e6 (2366) dinf=0.0 (0) time=548.5658266s
[ Info: iter=56630 obj=5.1357530026184596e7 pinf=2.380848220782389e6 (2023) dinf=0.0 (0) time=549.2349951s
[ Info: iter=56680 obj=5.135795384018302e7 pinf=4.636964702605783e6 (2159) dinf=0.0 (0) time=549.9654864s
[ Info: iter=56730 obj=5.135795384018305e7 pinf=4.637848981868949e6 (2154) dinf=0.0 (0) time=550.6233423s
[ Info: iter=56780 obj=5.1357953840183124e7 pinf=4.826706630811285e6 (2145) dinf=0.0 (0) time=551.3389349s
[ Info: iter=56825 obj=5.1357969295761935e7 pinf=4.208344332389337e6 (2177) dinf=0.0 (0) time=551.9283428s
[ Info: iter=56875 obj=5.135825999388145e7 pinf=3.1365286540357362e7 (2300) dinf=0.0 (0) time=552.5521528s
[ Info: iter=56925 obj=5.135846473342195e7 pinf=2.8315484126067883e6 (2321) dinf=0.0 (0) time=553.2605188s
[ Info: iter=56975 obj=5.135911455190327e7 pinf=420023.2152078723 (1784) dinf=0.0 (0) time=553.8963404s
[ Info: iter=57025 obj=5.1359922703074425e7 pinf=543299.714430626 (1846) dinf=0.0 (0) time=554.5773755s
[ Info: iter=57075 obj=5.1360991804455124e7 pinf=1.8543695628039027e6 (2105) dinf=0.0 (0) time=555.2102047s
[ Info: iter=57125 obj=5.13619789234936e7 pinf=3.447919187754985e7 (2274) dinf=0.0 (0) time=555.9433701s
[ Info: iter=57156 obj=5.13622049170744e7 pinf=3.772119965355619e6 (2225) dinf=0.0 (0) time=556.4132059s
[ Info: iter=57206 obj=5.1362850806674995e7 pinf=5.599211105572972e6 (2476) dinf=0.0 (0) time=557.073127s
[ Info: iter=57256 obj=5.13629949734524e7 pinf=657791.300002663 (1987) dinf=0.0 (0) time=557.8309274s
[ Info: iter=57306 obj=5.136299627514966e7 pinf=657704.5525895111 (1978) dinf=0.0 (0) time=558.4659609s
[ Info: iter=57356 obj=5.1363128605899304e7 pinf=7.051504190664021e6 (2658) dinf=0.0 (0) time=559.179428s
[ Info: iter=57406 obj=5.136317849885836e7 pinf=7.158449548758356e6 (2627) dinf=0.0 (0) time=559.7523813s
[ Info: iter=57456 obj=5.136392884234003e7 pinf=8.136238045241089e7 (2917) dinf=0.0 (0) time=560.452466s
[ Info: iter=57506 obj=5.136421013166164e7 pinf=2.28464535333074e6 (1766) dinf=0.0 (0) time=561.1273696s
[ Info: iter=57556 obj=5.1365092998804085e7 pinf=1.2945958118564397e7 (2362) dinf=0.0 (0) time=561.8307544s
[ Info: iter=57606 obj=5.136611783769329e7 pinf=931476.3670307146 (1614) dinf=0.0 (0) time=562.489993s
[ Info: iter=57656 obj=5.136765867506837e7 pinf=3.275159202540255e6 (1808) dinf=0.0 (0) time=563.1874606s
[ Info: iter=57706 obj=5.138650205490421e7 pinf=1.3353398237144903e6 (1622) dinf=0.0 (0) time=563.8069083s
[ Info: iter=57756 obj=5.139029491699438e7 pinf=1.2633646384718246e6 (1685) dinf=0.0 (0) time=564.4050943s
[ Info: iter=57806 obj=5.139075500551635e7 pinf=8.597822322549144e6 (1856) dinf=0.0 (0) time=565.0810303s
[ Info: iter=57856 obj=5.1391097965304464e7 pinf=3.2619193749385234e6 (2181) dinf=0.0 (0) time=565.7943564s
[ Info: iter=57906 obj=5.139137900292975e7 pinf=1.1262281816473538e6 (1502) dinf=0.0 (0) time=566.4735103s
[ Info: iter=57956 obj=5.1391591498362705e7 pinf=756326.2388952292 (1413) dinf=0.0 (0) time=567.2014001s
[ Info: iter=58006 obj=5.139194427125071e7 pinf=439768.6239641379 (1332) dinf=0.0 (0) time=567.8463063s
[ Info: iter=58056 obj=5.1392433449170545e7 pinf=195432.71606518887 (1179) dinf=0.0 (0) time=568.5732773s
[ Info: iter=58106 obj=5.139262047001913e7 pinf=104966.1413664631 (1217) dinf=0.0 (0) time=569.222341s
[ Info: iter=58156 obj=5.1392998277425125e7 pinf=51610.052804838524 (1081) dinf=0.0 (0) time=569.8817008s
[ Info: iter=58206 obj=5.139721282701398e7 pinf=82746.13110408945 (1171) dinf=0.0 (0) time=570.5446344s
[ Info: iter=58256 obj=5.139796811700435e7 pinf=938411.567250927 (1860) dinf=0.0 (0) time=571.1964237s
[ Info: iter=58306 obj=5.139887523822673e7 pinf=2.797406503917259e6 (1684) dinf=0.0 (0) time=571.8832593s
[ Info: iter=58356 obj=5.140108856235411e7 pinf=1.7838806885540284e7 (2047) dinf=0.0 (0) time=572.51895s
[ Info: iter=58406 obj=5.1408471484736115e7 pinf=2.703907431365878e6 (1901) dinf=0.0 (0) time=573.1558295s
[ Info: iter=58456 obj=5.1411037526576385e7 pinf=164730.21490337452 (1147) dinf=0.0 (0) time=573.8532494s
[ Info: iter=58506 obj=5.141129381350814e7 pinf=70879.64374717916 (929) dinf=0.0 (0) time=574.5069295s
[ Info: iter=58556 obj=5.141254752117368e7 pinf=148371.53786302533 (995) dinf=0.0 (0) time=575.2083118s
[ Info: iter=58606 obj=5.141278286219041e7 pinf=191401.25488433352 (1137) dinf=0.0 (0) time=575.8675719s
[ Info: iter=58656 obj=5.1412928114444554e7 pinf=45647.80973304385 (883) dinf=0.0 (0) time=576.5071843s
[ Info: iter=58706 obj=5.141315098379929e7 pinf=212509.48567171258 (1220) dinf=0.0 (0) time=577.2203445s
[ Info: iter=58756 obj=5.14132393409176e7 pinf=284900.3378430836 (1418) dinf=0.0 (0) time=577.879147s
[ Info: iter=58806 obj=5.141338278785966e7 pinf=127606.37270855531 (1146) dinf=0.0 (0) time=578.6181733s
[ Info: iter=58856 obj=5.1413475229317844e7 pinf=164767.56447806282 (1219) dinf=0.0 (0) time=579.3005709s
[ Info: iter=58906 obj=5.1413617379727006e7 pinf=352140.12891564914 (1362) dinf=0.0 (0) time=579.9937743s
[ Info: iter=58956 obj=5.141365903805978e7 pinf=58706.15037339182 (795) dinf=0.0 (0) time=580.6265538s
[ Info: iter=58999 obj=5.141374998283999e7 pinf=74203.18030626241 (701) dinf=0.0 (0) time=581.31512s
[ Info: iter=59049 obj=5.141379134211436e7 pinf=13918.862359209823 (586) dinf=0.0 (0) time=581.9389549s
[ Info: iter=59099 obj=5.141468797141784e7 pinf=74283.1437949423 (805) dinf=0.0 (0) time=582.6051462s
[ Info: iter=59149 obj=5.141475256438957e7 pinf=141840.38420704668 (802) dinf=0.0 (0) time=583.3134669s
[ Info: iter=59199 obj=5.141576395482534e7 pinf=4.403783573740093e6 (1099) dinf=0.0 (0) time=583.9682982s
[ Info: iter=59249 obj=5.141694973187283e7 pinf=2.0840241923243129e6 (1678) dinf=0.0 (0) time=584.6593485s
[ Info: iter=59299 obj=5.1419459439471565e7 pinf=9.12414159847019e6 (2092) dinf=0.0 (0) time=585.299964s
[ Info: iter=59349 obj=5.141977290648837e7 pinf=9.40842879025318e6 (2129) dinf=0.0 (0) time=585.9519426s
[ Info: iter=59399 obj=5.142040987316139e7 pinf=5.459290020292644e6 (2217) dinf=0.0 (0) time=586.6588276s
[ Info: iter=59449 obj=5.142083238679821e7 pinf=6.286040541913566e6 (2292) dinf=0.0 (0) time=587.2969589s
[ Info: iter=59499 obj=5.142124810753317e7 pinf=8.060573834329445e6 (2432) dinf=0.0 (0) time=588.0115503s
[ Info: iter=59549 obj=5.1421347690553024e7 pinf=1.9907934576451997e6 (1616) dinf=0.0 (0) time=588.6538438s
[ Info: iter=59599 obj=5.142174696027482e7 pinf=2.695132864142198e6 (1573) dinf=0.0 (0) time=589.367435s
[ Info: iter=59649 obj=5.142338006948203e7 pinf=3.4147926822647983e6 (1822) dinf=0.0 (0) time=589.970905s
[ Info: iter=59699 obj=5.142361728135331e7 pinf=69133.71466514892 (704) dinf=0.0 (0) time=590.6174003s
[ Info: iter=59749 obj=5.142414946241613e7 pinf=2.675520366699193e7 (2574) dinf=0.0 (0) time=591.2929985s
[ Info: iter=59799 obj=5.142487020156496e7 pinf=143698.56497485438 (554) dinf=0.0 (0) time=591.9820712s
[ Info: iter=59849 obj=5.142551869286756e7 pinf=12273.082612701737 (570) dinf=0.0 (0) time=592.636374s
[ Info: iter=59899 obj=5.142561568517105e7 pinf=5498.529188859435 (391) dinf=0.0 (0) time=593.253783s
[ Info: iter=59949 obj=5.142566773693251e7 pinf=312.5908940832795 (165) dinf=0.0 (0) time=593.9546191s
[ Info: iter=59999 obj=5.142567654333639e7 pinf=681.7497802169995 (159) dinf=0.0 (0) time=594.5394287s
[ Info: iter=60049 obj=5.1425691753523394e7 pinf=0.0011061324487277127 (71) dinf=0.0 (0) time=595.143304s
[ Info: iter=60082 obj=5.1425691762104504e7 pinf=0.0 (0) dinf=5.483175942610975e-7 (5) time=595.5185667s
[ Info: Starting primal cleanup after restoring original costs
[ Info: Solve finished: status=OPTIMAL objective=5.142569176210448e7 iterations=60085 time=596.9261585s
BLAS.get_num_threads() = 1
s.status = OPTIMAL
s.message = "optimal solution found"
s.objective_value = 5.142569176210448e7
s.statistics.iterations = 60085
s.statistics.refactorizations = 1215
s.statistics.elapsed_seconds = 596.9261585
