row,before_basic,after_basic
1,23820,23820
2,31617,31617
3,31618,31618
4,31619,31619
5,31620,31620
6,26265,26265
7,31622,31622
8,26267,26267
9,26268,26268
10,9322,9322
11,26292,26292
12,26271,26271
13,28165,28165
14,24149,24149
15,26159,26159
16,26160,26160
17,31632,31632
18,31633,31633
19,26211,26211
20,27481,27481
21,26279,26279
22,27483,27483
23,27484,27484
24,26216,26216
25,24358,24358
26,31641,31641
27,24360,24360
28,31643,31643
29,23937,23937
30,23979,23979
31,23939,23939
32,23981,23981
33,31648,31648
34,24014,24014
35,24015,24015
36,23081,23081
37,31652,31652
38,31653,31653
39,31654,31654
40,31655,31655
41,22321,22321
42,26314,26314
43,40669,40669
44,24447,24447
45,31660,31660
46,31661,31661
47,31662,31662
48,31663,31663
49,26298,26298
50,31665,31665
51,26300,26300
52,26290,26290
53,26291,26291
54,26193,26193
55,26293,26293
56,26283,26283
57,24404,24404
58,24405,24405
59,24406,24406
60,24407,24407
61,31676,31676
62,24409,24409
63,26301,26301
64,26302,26302
65,26303,26303
66,26304,26304
67,31682,31682
68,29331,29331
69,31684,31684
70,31685,31685
71,26188,26188
72,31687,31687
73,26190,26190
74,10299,10299
75,26192,26192
76,26270,26270
77,11036,11036
78,48300,48300
79,24598,24598
80,24599,24599
81,24600,24600
82,24601,24601
83,24602,24602
84,24327,24327
85,24328,24328
86,48598,48598
87,24330,24330
88,48600,48600
89,24332,24332
90,29470,29470
91,27475,27475
92,24611,24611
93,27477,27477
94,24613,24613
95,24614,24614
96,31711,31711
97,31712,31712
98,31713,31713
99,31714,31714
100,31715,31715
101,31716,31716
102,31717,31717
103,26328,26328
104,26329,26329
105,26330,26330
106,26331,26331
107,26332,26332
108,26345,26345
109,26334,26334
110,26369,26369
111,26348,26348
112,26337,26337
113,26350,26350
114,24038,24038
115,23663,23663
116,23664,23664
117,23665,23665
118,23666,23666
119,23667,23667
120,23668,23668
121,23669,23669
122,23670,23670
123,23671,23671
124,23672,23672
125,23673,23673
126,31741,31741
127,28098,28098
128,28108,28108
129,23729,23729
130,23730,23730
131,28255,28255
132,13495,13495
133,26383,26383
134,6517,6517
135,28115,28115
136,26386,26386
137,23674,23674
138,31753,31753
139,23809,23809
140,23810,23810
141,23811,23811
142,23812,23812
143,23813,23813
144,23814,23814
145,23815,23815
146,23816,23816
147,23817,23817
148,23818,23818
149,23819,23819
150,24226,24226
151,24199,24199
152,24200,24200
153,24201,24201
154,24202,24202
155,24203,24203
156,24204,24204
157,24205,24205
158,24206,24206
159,24207,24207
160,24248,24248
161,24209,24209
162,23675,23675
163,31778,31778
164,31779,31779
165,31780,31780
166,31781,31781
167,31782,31782
168,31783,31783
169,31784,31784
170,31785,31785
171,31786,31786
172,31787,31787
173,31788,31788
174,31789,31789
175,28191,28191
176,27928,27928
177,14879,14879
178,27930,27930
179,28195,28195
180,26382,26382
181,28197,28197
182,27946,27946
183,28223,28223
184,28212,28212
185,26568,26568
186,26570,26570
187,26571,26571
188,26573,26573
189,27044,27044
190,26575,26575
191,41037,41037
192,26599,26599
193,17952,17952
194,31809,31809
195,12570,12570
196,27218,27218
197,31812,31812
198,31813,31813
199,31814,31814
200,26418,26418
201,13312,13312
202,31817,31817
203,31818,31818
204,26420,26420
205,26796,26796
206,31821,31821
207,24480,24480
208,23749,23749
209,31824,31824
210,31825,31825
211,31826,31826
212,31827,31827
213,31828,31828
214,31829,31829
215,31830,31830
216,31831,31831
217,26428,26428
218,12360,12360
219,2539,2539
220,13122,13122
221,31836,31836
222,31837,31837
223,31838,31838
224,31839,31839
225,27508,27508
226,26374,26374
227,26377,26377
228,26378,26378
229,26379,26379
230,26380,26380
231,26381,26381
232,29521,29521
233,7764,7764
234,18016,18016
235,13522,13522
236,28879,28879
237,26417,26417
238,31853,31853
239,31854,31854
240,31855,31855
241,31856,31856
242,26419,26419
243,31858,31858
244,31859,31859
245,31860,31860
246,31861,31861
247,31862,31862
248,31863,31863
249,31864,31864
250,31865,31865
251,31866,31866
252,31867,31867
253,31868,31868
254,31869,31869
255,31870,31870
256,23752,23752
257,23753,23753
258,23754,23754
259,23755,23755
260,23756,23756
261,31876,31876
262,31877,31877
263,31878,31878
264,31879,31879
265,31880,31880
266,31881,31881
267,31882,31882
268,31883,31883
269,31884,31884
270,31885,31885
271,31886,31886
272,31887,31887
273,26421,26421
274,31889,31889
275,31890,31890
276,31891,31891
277,31892,31892
278,31893,31893
279,31894,31894
280,26520,26520
281,26521,26521
282,26522,26522
283,26523,26523
284,26524,26524
285,26525,26525
286,26526,26526
287,26475,26475
288,44735,44735
289,26477,26477
290,51608,51608
291,26479,26479
292,26469,26469
293,26470,26470
294,26411,26411
295,26471,26471
296,44469,44469
297,29491,29491
298,2320,2320
299,23952,23952
300,28852,28852
301,14215,14215
302,26530,26530
303,23744,23744
304,26556,26556
305,26557,26557
306,26558,26558
307,26559,26559
308,26560,26560
309,26625,26625
310,3432,3432
311,15269,15269
312,26628,26628
313,26629,26629
314,26686,26686
315,26665,26665
316,23769,23769
317,23770,23770
318,23771,23771
319,23772,23772
320,23773,23773
321,23774,23774
322,23775,23775
323,23960,23960
324,26640,26640
325,26641,26641
326,26642,26642
327,26643,26643
328,26544,26544
329,23758,23758
330,23759,23759
331,23760,23760
332,23761,23761
333,3311,3311
334,48629,48629
335,26650,26650
336,26673,26673
337,26674,26674
338,26675,26675
339,26676,26676
340,30122,30122
341,24390,24390
342,49744,49744
343,22660,22660
344,27934,27934
345,12060,12060
346,31961,31961
347,31962,31962
348,31963,31963
349,31964,31964
350,31965,31965
351,31966,31966
352,23662,23662
353,31968,31968
354,11964,11964
355,24111,24111
356,15745,15745
357,14187,14187
358,26562,26562
359,7612,7612
360,2725,2725
361,12218,12218
362,24761,24761
363,2625,2625
364,26446,26446
365,30088,30088
366,23794,23794
367,27886,27886
368,23835,23835
369,23797,23797
370,31985,31985
371,31986,31986
372,31987,31987
373,31988,31988
374,31989,31989
375,31990,31990
376,31991,31991
377,31992,31992
378,31993,31993
379,31994,31994
380,31995,31995
381,31996,31996
382,31997,31997
383,55422,55422
384,47203,47203
385,26577,26577
386,32034,32034
387,27416,27416
388,26602,26602
389,27927,27927
390,32005,32005
391,27275,27275
392,26606,26606
393,26583,26583
394,26608,26608
395,12452,12452
396,23839,23839
397,31816,31816
398,28229,28229
399,28045,28045
400,24385,24385
401,44417,44417
402,13165,13165
403,27313,27313
404,31857,31857
405,13297,13297
406,12698,12698
407,26569,26569
408,26431,26431
409,37471,37471
410,2205,2205
411,1597,1597
412,26581,26581
413,26582,26582
414,2532,2532
415,12441,12441
416,26585,26585
417,41379,41379
418,11956,11956
419,39979,39979
420,32035,32035
421,32036,32036
422,32037,32037
423,26146,26146
424,13734,13734
425,26615,26615
426,32041,32041
427,23757,23757
428,32043,32043
429,32044,32044
430,32045,32045
431,26548,26548
432,23762,23762
433,23763,23763
434,23764,23764
435,23765,23765
436,23766,23766
437,23767,23767
438,23768,23768
439,32054,32054
440,32055,32055
441,32056,32056
442,32057,32057
443,15101,15101
444,32059,32059
445,26639,26639
446,26662,26662
447,45383,45383
448,26664,26664
449,26567,26567
450,32065,32065
451,32066,32066
452,32067,32067
453,32068,32068
454,32069,32069
455,32070,32070
456,26661,26661
457,26564,26564
458,26565,26565
459,26566,26566
460,26631,26631
461,32076,32076
462,32077,32077
463,23873,23873
464,32079,32079
465,23799,23799
466,23800,23800
467,23801,23801
468,2710,2710
469,23959,23959
470,23776,23776
471,23777,23777
472,23778,23778
473,48284,48284
474,23780,23780
475,32090,32090
476,32091,32091
477,24084,24084
478,24097,24097
479,27459,27459
480,40664,40664
481,30362,30362
482,27462,27462
483,14193,14193
484,3348,3348
485,27465,27465
486,23184,23184
487,27467,27467
488,27468,27468
489,32104,32104
490,24334,24334
491,30096,30096
492,24336,24336
493,11515,11515
494,24153,24153
495,27480,27480
496,32111,32111
497,27482,27482
498,32113,32113
499,32114,32114
500,27485,27485
501,24612,24612
502,28908,28908
503,29061,29061
504,27472,27472
505,27473,27473
506,27496,27496
507,31730,31730
508,31731,31731
509,31732,31732
510,28087,28087
511,26287,26287
512,31735,31735
513,24420,24420
514,31737,31737
515,31738,31738
516,26811,26811
517,31740,31740
518,24392,24392
519,24393,24393
520,24394,24394
521,27899,27899
522,15191,15191
523,24419,24419
524,31736,31736
525,24399,24399
526,24400,24400
527,24401,24401
528,24402,24402
529,24210,24210
530,32145,32145
531,32146,32146
532,32147,32147
533,32148,32148
534,32149,32149
535,32150,32150
536,23693,23693
537,32152,32152
538,32153,32153
539,27506,27506
540,24364,24364
541,32156,32156
542,32157,32157
543,21979,21979
544,32159,32159
545,32160,32160
546,32161,32161
547,28232,28232
548,23710,23710
549,28234,28234
550,28235,28235
551,29313,29313
552,24403,24403
553,24369,24369
554,27780,27780
555,8384,8384
556,31734,31734
557,24408,24408
558,28257,28257
559,24410,24410
560,24411,24411
561,24412,24412
562,24413,24413
563,24250,24250
564,28202,28202
565,23688,23688
566,23689,23689
567,23690,23690
568,23691,23691
569,23692,23692
570,32151,32151
571,23694,23694
572,23695,23695
573,23696,23696
574,23697,23697
575,32190,32190
576,32191,32191
577,32192,32192
578,32193,32193
579,32194,32194
580,32195,32195
581,32196,32196
582,27457,27457
583,27458,27458
584,27522,27522
585,27523,27523
586,27524,27524
587,27525,27525
588,27526,27526
589,9665,9665
590,24605,24605
591,28912,28912
592,28913,28913
593,29066,29066
594,26148,26148
595,23923,23923
596,45248,45248
597,28053,28053
598,28133,28133
599,19172,19172
600,24475,24475
601,27682,27682
602,31229,31229
603,24467,24467
604,15382,15382
605,7732,7732
606,13751,13751
607,27909,27909
608,24151,24151
609,24152,24152
610,28066,28066
611,28281,28281
612,28188,28188
613,24436,24436
614,28298,28298
615,28299,28299
616,28265,28265
617,24440,24440
618,28111,28111
619,28303,28303
620,3512,3512
621,24444,24444
622,24855,24855
623,15549,15549
624,27359,27359
625,32240,32240
626,23936,23936
627,23978,23978
628,23938,23938
629,23980,23980
630,11738,11738
631,27878,27878
632,27981,27981
633,22098,22098
634,14098,14098
635,27995,27995
636,27068,27068
637,15354,15354
638,28136,28136
639,28137,28137
640,28081,28081
641,23221,23221
642,16320,16320
643,23953,23953
644,23954,23954
645,28251,28251
646,28252,28252
647,28300,28300
648,15485,15485
649,6802,6802
650,30192,30192
651,15488,15488
652,15417,15417
653,27463,27463
654,28307,28307
655,24238,24238
656,27938,27938
657,27939,27939
658,27940,27940
659,14965,14965
660,27942,27942
661,24232,24232
662,28208,28208
663,28209,28209
664,28210,28210
665,28211,28211
666,27948,27948
667,23714,23714
668,28214,28214
669,23704,23704
670,23705,23705
671,23706,23706
672,23707,23707
673,23708,23708
674,28220,28220
675,28221,28221
676,28222,28222
677,32292,32292
678,23713,23713
679,26373,26373
680,27925,27925
681,27926,27926
682,24274,24274
683,24275,24275
684,24276,24276
685,28206,28206
686,27931,27931
687,28196,28196
688,24280,24280
689,24281,24281
690,28199,28199
691,28200,28200
692,32307,32307
693,15673,15673
694,32309,32309
695,7673,7673
696,28236,28236
697,32312,32312
698,48688,48688
699,28086,28086
700,51378,51378
701,31312,31312
702,24114,24114
703,28090,28090
704,28380,28380
705,23088,23088
706,14575,14575
707,15769,15769
708,26164,26164
709,24448,24448
710,2551,2551
711,42862,42862
712,12364,12364
713,3519,3519
714,27107,27107
715,28148,28148
716,28149,28149
717,24550,24550
718,8401,8401
719,28152,28152
720,24481,24481
721,28154,28154
722,28030,28030
723,28264,28264
724,28109,28109
725,14166,14166
726,32341,32341
727,8841,8841
728,28092,28092
729,32344,32344
730,28116,28116
731,28201,28201
732,24471,24471
733,14042,14042
734,14883,14883
735,28290,28290
736,12491,12491
737,28002,28002
738,44702,44702
739,28294,28294
740,17321,17321
741,2496,2496
742,32357,32357
743,2542,2542
744,32359,32359
745,32360,32360
746,32361,32361
747,32362,32362
748,32363,32363
749,32364,32364
750,32365,32365
751,32366,32366
752,32367,32367
753,32368,32368
754,32369,32369
755,32370,32370
756,28396,28396
757,28397,28397
758,28398,28398
759,28399,28399
760,28400,28400
761,28401,28401
762,28402,28402
763,28403,28403
764,28404,28404
765,28405,28405
766,28406,28406
767,28407,28407
768,28408,28408
769,28409,28409
770,28410,28410
771,28411,28411
772,28412,28412
773,28413,28413
774,28414,28414
775,28415,28415
776,28416,28416
777,28417,28417
778,28418,28418
779,28419,28419
780,28420,28420
781,28421,28421
782,28422,28422
783,28423,28423
784,28424,28424
785,28425,28425
786,28426,28426
787,28427,28427
788,28428,28428
789,23965,23965
790,39950,39950
791,4966,4966
792,39994,39994
793,39998,39998
794,23970,23970
795,23971,23971
796,23972,23972
797,23973,23973
798,23974,23974
799,23975,23975
800,23976,23976
801,24120,24120
802,39982,39982
803,39966,39966
804,39980,39980
805,28698,28698
806,24125,24125
807,28700,28700
808,24127,24127
809,28702,28702
810,28703,28703
811,28704,28704
812,24131,24131
813,32428,32428
814,27992,27992
815,30161,30161
816,27994,27994
817,23836,23836
818,23910,23910
819,32434,32434
820,32435,32435
821,55570,55570
822,32437,32437
823,32438,32438
824,32439,32439
825,32440,32440
826,32441,32441
827,32442,32442
828,32443,32443
829,32444,32444
830,13138,13138
831,24239,24239
832,24240,24240
833,24241,24241
834,24242,24242
835,24243,24243
836,24244,24244
837,24245,24245
838,24246,24246
839,24247,24247
840,51359,51359
841,24249,24249
842,21961,21961
843,32458,32458
844,23716,23716
845,23717,23717
846,23718,23718
847,23719,23719
848,23720,23720
849,23721,23721
850,23722,23722
851,23723,23723
852,23724,23724
853,23725,23725
854,26727,26727
855,24482,24482
856,24483,24483
857,32472,32472
858,24485,24485
859,24486,24486
860,24487,24487
861,24488,24488
862,24489,24489
863,24490,24490
864,24491,24491
865,28610,28610
866,32481,32481
867,28613,28613
868,32483,32483
869,28626,28626
870,32485,32485
871,28581,28581
872,24499,24499
873,28630,28630
874,28584,28584
875,28632,28632
876,24553,24553
877,24504,24504
878,24554,24554
879,9754,9754
880,27157,27157
881,28682,28682
882,7927,7927
883,24124,24124
884,28688,28688
885,28738,28738
886,28690,28690
887,28740,28740
888,28741,28741
889,28742,28742
890,28694,28694
891,28722,28722
892,7940,7940
893,28721,28721
894,28725,28725
895,28726,28726
896,24126,24126
897,28728,28728
898,24128,24128
899,24129,24129
900,24130,24130
901,28732,28732
902,28759,28759
903,28748,28748
904,28749,28749
905,28750,28750
906,28751,28751
907,28752,28752
908,28753,28753
909,28754,28754
910,28755,28755
911,28756,28756
912,28757,28757
913,28758,28758
914,28506,28506
915,28518,28518
916,28519,28519
917,28520,28520
918,28521,28521
919,28522,28522
920,28523,28523
921,28524,28524
922,28525,28525
923,28526,28526
924,28527,28527
925,28528,28528
926,28541,28541
927,28542,28542
928,28543,28543
929,28544,28544
930,28545,28545
931,28546,28546
932,28547,28547
933,28548,28548
934,28549,28549
935,28550,28550
936,28551,28551
937,26838,26838
938,28622,28622
939,28623,28623
940,28624,28624
941,28625,28625
942,28615,28615
943,28627,28627
944,28628,28628
945,28629,28629
946,28619,28619
947,28631,28631
948,28621,28621
949,28645,28645
950,28646,28646
951,28647,28647
952,28648,28648
953,28649,28649
954,28650,28650
955,28651,28651
956,28652,28652
957,28653,28653
958,28654,28654
959,28655,28655
960,13844,13844
961,24284,24284
962,23727,23727
963,24286,24286
964,24361,24361
965,24362,24362
966,41283,41283
967,14085,14085
968,23733,23733
969,46090,46090
970,23735,23735
971,23736,23736
972,24287,24287
973,32588,32588
974,32589,32589
975,32590,32590
976,24451,24451
977,32592,32592
978,32593,32593
979,50983,50983
980,32595,32595
981,24665,24665
982,24666,24666
983,24667,24667
984,22138,22138
985,24299,24299
986,24300,24300
987,24301,24301
988,24302,24302
989,24303,24303
990,28058,28058
991,24305,24305
992,24466,24466
993,7768,7768
994,29353,29353
995,11954,11954
996,24492,24492
997,24679,24679
998,24680,24680
999,24681,24681
1000,24682,24682
1001,24683,24683
1002,24684,24684
1003,24685,24685
1004,24686,24686
1005,24687,24687
1006,24688,24688
1007,24689,24689
1008,11726,11726
1009,24346,24346
1010,12599,12599
1011,2348,2348
1012,24190,24190
1013,4596,4596
1014,40024,40024
1015,40025,40025
1016,28911,28911
1017,1606,1606
1018,24888,24888
1019,24856,24856
1020,24333,24333
1021,51497,51497
1022,24505,24505
1023,28906,28906
1024,13739,13739
1025,48595,48595
1026,28874,28874
1027,4680,4680
1028,1527,1527
1029,2506,2506
1030,9750,9750
1031,24458,24458
1032,24621,24621
1033,24506,24506
1034,30128,30128
1035,4804,4804
1036,9747,9747
1037,9461,9461
1038,14829,14829
1039,4495,4495
1040,9563,9563
1041,50743,50743
1042,4683,4683
1043,4544,4544
1044,24633,24633
1045,24634,24634
1046,24635,24635
1047,24636,24636
1048,24637,24637
1049,24638,24638
1050,24639,24639
1051,24640,24640
1052,24641,24641
1053,24642,24642
1054,24643,24643
1055,24644,24644
1056,28856,28856
1057,28857,28857
1058,28894,28894
1059,22776,22776
1060,22059,22059
1061,24350,24350
1062,24884,24884
1063,24885,24885
1064,51788,51788
1065,40027,40027
1066,30522,30522
1067,40029,40029
1068,22236,22236
1069,24144,24144
1070,24134,24134
1071,24135,24135
1072,24136,24136
1073,24137,24137
1074,24138,24138
1075,24139,24139
1076,24140,24140
1077,24141,24141
1078,19208,19208
1079,24143,24143
1080,24645,24645
1081,24646,24646
1082,24647,24647
1083,24648,24648
1084,24649,24649
1085,24650,24650
1086,24651,24651
1087,24652,24652
1088,24653,24653
1089,24654,24654
1090,24655,24655
1091,24656,24656
1092,24657,24657
1093,24658,24658
1094,24659,24659
1095,24660,24660
1096,24661,24661
1097,24662,24662
1098,24663,24663
1099,24664,24664
1100,24478,24478
1101,13525,13525
1102,30277,30277
1103,24668,24668
1104,24669,24669
1105,24670,24670
1106,24671,24671
1107,24672,24672
1108,24673,24673
1109,24674,24674
1110,24675,24675
1111,24676,24676
1112,24677,24677
1113,24678,24678
1114,32729,32729
1115,28052,28052
1116,21971,21971
1117,45767,45767
1118,2505,2505
1119,3256,3256
1120,7410,7410
1121,56168,56168
1122,2530,2530
1123,42006,42006
1124,11884,11884
1125,24690,24690
1126,24691,24691
1127,24692,24692
1128,24693,24693
1129,32744,32744
1130,32745,32745
1131,32746,32746
1132,32747,32747
1133,32748,32748
1134,32749,32749
1135,32750,32750
1136,32751,32751
1137,32752,32752
1138,32753,32753
1139,32754,32754
1140,13772,13772
1141,44410,44410
1142,24696,24696
1143,13949,13949
1144,28043,28043
1145,24699,24699
1146,24700,24700
1147,28244,28244
1148,15380,15380
1149,12,12
1150,24704,24704
1151,24705,24705
1152,28918,28918
1153,28919,28919
1154,28920,28920
1155,28921,28921
1156,28922,28922
1157,28976,28976
1158,28977,28977
1159,28925,28925
1160,28980,28980
1161,28927,28927
1162,28239,28239
1163,28929,28929
1164,28930,28930
1165,28931,28931
1166,24722,24722
1167,28933,28933
1168,28934,28934
1169,28935,28935
1170,28995,28995
1171,28955,28955
1172,26859,26859
1173,24740,24740
1174,24741,24741
1175,28941,28941
1176,27680,27680
1177,29001,29001
1178,28944,28944
1179,26206,26206
1180,28954,28954
1181,26765,26765
1182,28948,28948
1183,28949,28949
1184,28950,28950
1185,24713,24713
1186,28854,28854
1187,29016,29016
1188,29018,29018
1189,28983,28983
1190,28956,28956
1191,24745,24745
1192,46930,46930
1193,2998,2998
1194,29469,29469
1195,29030,29030
1196,28962,28962
1197,28963,28963
1198,24747,24747
1199,28965,28965
1200,28966,28966
1201,29039,29039
1202,28968,28968
1203,32818,32818
1204,29052,29052
1205,21977,21977
1206,2437,2437
1207,24169,24169
1208,11740,11740
1209,32824,32824
1210,32825,32825
1211,32826,32826
1212,32827,32827
1213,32828,32828
1214,32829,32829
1215,51296,51296
1216,32831,32831
1217,32832,32832
1218,49779,49779
1219,9746,9746
1220,3980,3980
1221,32836,32836
1222,51626,51626
1223,26280,26280
1224,32839,32839
1225,32840,32840
1226,27587,27587
1227,27908,27908
1228,28041,28041
1229,37648,37648
1230,22155,22155
1231,27912,27912
1232,13950,13950
1233,27977,27977
1234,28047,28047
1235,23950,23950
1236,27673,27673
1237,27683,27683
1238,10528,10528
1239,44382,44382
1240,30055,30055
1241,29562,29562
1242,29563,29563
1243,29929,29929
1244,22708,22708
1245,29511,29511
1246,30061,30061
1247,30062,30062
1248,49453,49453
1249,27902,27902
1250,23738,23738
1251,30098,30098
1252,29056,29056
1253,48670,48670
1254,29054,29054
1255,32870,32870
1256,29041,29041
1257,32872,32872
1258,32873,32873
1259,29021,29021
1260,45178,45178
1261,29046,29046
1262,32877,32877
1263,29013,29013
1264,12157,12157
1265,29050,29050
1266,29051,29051
1267,24736,24736
1268,24737,24737
1269,24738,24738
1270,28985,28985
1271,28997,28997
1272,28998,28998
1273,24742,24742
1274,29009,29009
1275,24744,24744
1276,29044,29044
1277,32892,32892
1278,29033,29033
1279,24749,24749
1280,24731,24731
1281,24732,24732
1282,32897,32897
1283,32898,32898
1284,32899,32899
1285,27464,27464
1286,32901,32901
1287,32902,32902
1288,32903,32903
1289,32904,32904
1290,24024,24024
1291,32906,32906
1292,32907,32907
1293,32908,32908
1294,32909,32909
1295,32910,32910
1296,32911,32911
1297,24059,24059
1298,32913,32913
1299,32914,32914
1300,29243,29243
1301,29222,29222
1302,32917,32917
1303,22542,22542
1304,16355,16355
1305,16090,16090
1306,16140,16140
1307,29227,29227
1308,29730,29730
1309,16634,16634
1310,13349,13349
1311,8131,8131
1312,15765,15765
1313,16211,16211
1314,31823,31823
1315,32930,32930
1316,32931,32931
1317,26177,26177
1318,32933,32933
1319,32934,32934
1320,1638,1638
1321,32936,32936
1322,23875,23875
1323,23876,23876
1324,23877,23877
1325,32940,32940
1326,32941,32941
1327,32942,32942
1328,32943,32943
1329,32944,32944
1330,29157,29157
1331,22127,22127
1332,32947,32947
1333,32948,32948
1334,32949,32949
1335,8187,8187
1336,29171,29171
1337,32952,32952
1338,32953,32953
1339,45523,45523
1340,32955,32955
1341,32956,32956
1342,29177,29177
1343,45360,45360
1344,32959,32959
1345,32960,32960
1346,32961,32961
1347,3113,3113
1348,32963,32963
1349,32964,32964
1350,12300,12300
1351,32966,32966
1352,32967,32967
1353,29221,29221
1354,29178,29178
1355,29123,29123
1356,21871,21871
1357,47315,47315
1358,29333,29333
1359,29402,29402
1360,12492,12492
1361,29404,29404
1362,32977,32977
1363,29406,29406
1364,29545,29545
1365,57334,57334
1366,29547,29547
1367,24609,24609
1368,29504,29504
1369,24167,24167
1370,8683,8683
1371,29507,29507
1372,29508,29508
1373,29509,29509
1374,29416,29416
1375,17163,17163
1376,30197,30197
1377,29513,29513
1378,29189,29189
1379,22680,22680
1380,24039,24039
1381,29447,29447
1382,48302,48302
1383,17884,17884
1384,28040,28040
1385,17165,17165
1386,24132,24132
1387,49170,49170
1388,27665,27665
1389,14075,14075
1390,29391,29391
1391,27602,27602
1392,423,423
1393,17365,17365
1394,13072,13072
1395,3428,3428
1396,24433,24433
1397,36961,36961
1398,33013,33013
1399,29489,29489
1400,2587,2587
1401,3978,3978
1402,24417,24417
1403,29425,29425
1404,29426,29426
1405,29427,29427
1406,29428,29428
1407,48121,48121
1408,3031,3031
1409,29431,29431
1410,51606,51606
1411,27675,27675
1412,37053,37053
1413,29551,29551
1414,29519,29519
1415,29556,29556
1416,8506,8506
1417,18232,18232
1418,29440,29440
1419,26857,26857
1420,29580,29580
1421,24583,24583
1422,24335,24335
1423,30067,30067
1424,33039,33039
1425,48315,48315
1426,29478,29478
1427,51582,51582
1428,51541,51541
1429,4263,4263
1430,30206,30206
1431,30207,30207
1432,30208,30208
1433,30209,30209
1434,30210,30210
1435,30101,30101
1436,30102,30102
1437,30097,30097
1438,7747,7747
1439,30193,30193
1440,30194,30194
1441,30185,30185
1442,30186,30186
1443,45585,45585
1444,30198,30198
1445,30387,30387
1446,33061,33061
1447,26180,26180
1448,30147,30147
1449,24570,24570
1450,26991,26991
1451,24043,24043
1452,33067,33067
1453,50274,50274
1454,30137,30137
1455,30138,30138
1456,28023,28023
1457,3287,3287
1458,23029,23029
1459,24759,24759
1460,2297,2297
1461,51727,51727
1462,37601,37601
1463,33078,33078
1464,33079,33079
1465,33080,33080
1466,30121,30121
1467,33082,33082
1468,33083,33083
1469,33084,33084
1470,33085,33085
1471,33086,33086
1472,33087,33087
1473,33088,33088
1474,33089,33089
1475,30114,30114
1476,33091,33091
1477,30132,30132
1478,26047,26047
1479,33094,33094
1480,33095,33095
1481,49097,49097
1482,30117,30117
1483,20625,20625
1484,33099,33099
1485,33100,33100
1486,33101,33101
1487,33102,33102
1488,33103,33103
1489,33104,33104
1490,33105,33105
1491,30123,30123
1492,33107,33107
1493,33108,33108
1494,33109,33109
1495,4154,4154
1496,33111,33111
1497,33112,33112
1498,33113,33113
1499,33114,33114
1500,33115,33115
1501,33116,33116
1502,33117,33117
1503,33118,33118
1504,30856,30856
1505,31261,31261
1506,23418,23418
1507,9546,9546
1508,31264,31264
1509,24626,24626
1510,9607,9607
1511,9818,9818
1512,9467,9467
1513,24615,24615
1514,4811,4811
1515,4542,4542
1516,30466,30466
1517,50525,50525
1518,50526,50526
1519,30457,30457
1520,9559,9559
1521,30459,30459
1522,51043,51043
1523,50531,50531
1524,30462,30462
1525,50533,50533
1526,24631,24631
1527,50943,50943
1528,33143,33143
1529,31149,31149
1530,30180,30180
1531,30906,30906
1532,28917,28917
1533,29060,29060
1534,50916,50916
1535,28910,28910
1536,9599,9599
1537,15206,15206
1538,30487,30487
1539,9600,9600
1540,30962,30962
1541,49112,49112
1542,29495,29495
1543,30632,30632
1544,30505,30505
1545,3475,3475
1546,24616,24616
1547,4599,4599
1548,30486,30486
1549,4810,4810
1550,28914,28914
1551,31101,31101
1552,40417,40417
1553,48946,48946
1554,31403,31403
1555,58634,58634
1556,31405,31405
1557,50530,50530
1558,9829,9829
1559,52030,52030
1560,24594,24594
1561,24595,24595
1562,51118,51118
1563,33178,33178
1564,30809,30809
1565,30537,30537
1566,26816,26816
1567,30778,30778
1568,31106,31106
1569,30506,30506
1570,9463,9463
1571,27528,27528
1572,30544,30544
1573,30592,30592
1574,31471,31471
1575,51974,51974
1576,30751,30751
1577,24623,24623
1578,9872,9872
1579,4794,4794
1580,9606,9606
1581,51009,51009
1582,31043,31043
1583,52034,52034
1584,9465,9465
1585,9611,9611
1586,10031,10031
1587,30512,30512
1588,30490,30490
1589,30491,30491
1590,30492,30492
1591,2523,2523
1592,30943,30943
1593,30897,30897
1594,30898,30898
1595,30899,30899
1596,30900,30900
1597,30901,30901
1598,50523,50523
1599,30820,30820
1600,30786,30786
1601,30787,30787
1602,30788,30788
1603,30789,30789
1604,30790,30790
1605,30791,30791
1606,30792,30792
1607,30793,30793
1608,30794,30794
1609,30795,30795
1610,9950,9950
1611,30774,30774
1612,30763,30763
1613,30764,30764
1614,30765,30765
1615,30539,30539
1616,30767,30767
1617,4601,4601
1618,50741,50741
1619,50742,50742
1620,24630,24630
1621,30772,30772
1622,9845,9845
1623,33238,33238
1624,33239,33239
1625,33240,33240
1626,33241,33241
1627,33242,33242
1628,26255,26255
1629,29047,29047
1630,3523,3523
1631,24724,24724
1632,26259,26259
1633,26260,26260
1634,23922,23922
1635,33250,33250
1636,33251,33251
1637,33252,33252
1638,33253,33253
1639,33254,33254
1640,33255,33255
1641,33256,33256
1642,33257,33257
1643,33258,33258
1644,33259,33259
1645,33260,33260
1646,11367,11367
1647,12000,12000
1648,11668,11668
1649,22433,22433
1650,19641,19641
1651,11990,11990
1652,11591,11591
1653,11297,11297
1654,39757,39757
1655,22847,22847
1656,11357,11357
1657,21996,21996
1658,32121,32121
1659,23726,23726
1660,24359,24359
1661,23728,23728
1662,24395,24395
1663,24396,24396
1664,24397,24397
1665,24398,24398
1666,33281,33281
1667,33282,33282
1668,27041,27041
1669,27042,27042
1670,21941,21941
1671,42571,42571
1672,12798,12798
1673,12062,12062
1674,12066,12066
1675,24701,24701
1676,24702,24702
1677,12851,12851
1678,35837,35837
1679,11659,11659
1680,23832,23832
1681,26773,26773
1682,11467,11467
1683,1685,1685
1684,23940,23940
1685,22810,22810
1686,11503,11503
1687,24728,24728
1688,27012,27012
1689,43914,43914
1690,45803,45803
1691,26117,26117
1692,17458,17458
1693,14457,14457
1694,11259,11259
1695,11223,11223
1696,11912,11912
1697,11524,11524
1698,23985,23985
1699,11631,11631
1700,4168,4168
1701,21890,21890
1702,23311,23311
1703,1087,1087
1704,11601,11601
1705,30178,30178
1706,26957,26957
1707,23118,23118
1708,23859,23859
1709,33324,33324
1710,33325,33325
1711,33326,33326
1712,1448,1448
1713,33328,33328
1714,33329,33329
1715,33330,33330
1716,33331,33331
1717,11519,11519
1718,11616,11616
1719,33334,33334
1720,43948,43948
1721,2391,2391
1722,11634,11634
1723,11975,11975
1724,11641,11641
1725,27091,27091
1726,11649,11649
1727,29603,29603
1728,23071,23071
1729,23698,23698
1730,12477,12477
1731,28287,28287
1732,46911,46911
1733,16754,16754
1734,44786,44786
1735,27801,27801
1736,2393,2393
1737,23869,23869
1738,12630,12630
1739,14254,14254
1740,24476,24476
1741,24262,24262
1742,33357,33357
1743,33358,33358
1744,33359,33359
1745,33360,33360
1746,33361,33361
1747,33362,33362
1748,33363,33363
1749,33364,33364
1750,33365,33365
1751,33366,33366
1752,33367,33367
1753,33368,33368
1754,36834,36834
1755,26877,26877
1756,26885,26885
1757,11822,11822
1758,33373,33373
1759,33374,33374
1760,33375,33375
1761,11862,11862
1762,33377,33377
1763,11319,11319
1764,11320,11320
1765,24427,24427
1766,11423,11423
1767,56605,56605
1768,11385,11385
1769,11434,11434
1770,11299,11299
1771,11307,11307
1772,11451,11451
1773,12229,12229
1774,33389,33389
1775,26704,26704
1776,33391,33391
1777,26057,26057
1778,21974,21974
1779,26048,26048
1780,11977,11977
1781,23477,23477
1782,20186,20186
1783,12123,12123
1784,26053,26053
1785,51401,51401
1786,11710,11710
1787,33402,33402
1788,24727,24727
1789,24717,24717
1790,11235,11235
1791,26832,26832
1792,57554,57554
1793,26981,26981
1794,13973,13973
1795,41735,41735
1796,26897,26897
1797,17381,17381
1798,36885,36885
1799,24096,24096
1800,27455,27455
1801,24098,24098
1802,24099,24099
1803,46363,46363
1804,40002,40002
1805,13200,13200
1806,24103,24103
1807,13396,13396
1808,24105,24105
1809,24106,24106
1810,24107,24107
1811,31474,31474
1812,22803,22803
1813,13708,13708
1814,13423,13423
1815,13426,13426
1816,13445,13445
1817,8127,8127
1818,13038,13038
1819,37455,37455
1820,13477,13477
1821,13480,13480
1822,13703,13703
1823,33438,33438
1824,33439,33439
1825,33440,33440
1826,13569,13569
1827,33442,33442
1828,13587,13587
1829,13589,13589
1830,13601,13601
1831,13603,13603
1832,13611,13611
1833,13613,13613
1834,13615,13615
1835,27404,27404
1836,33451,33451
1837,33452,33452
1838,33453,33453
1839,28836,28836
1840,26473,26473
1841,28838,28838
1842,23231,23231
1843,53930,53930
1844,1632,1632
1845,27624,27624
1846,11750,11750
1847,33462,33462
1848,13710,13710
1849,13657,13657
1850,13714,13714
1851,13717,13717
1852,13718,13718
1853,33468,33468
1854,13722,13722
1855,13650,13650
1856,33471,33471
1857,33472,33472
1858,23737,23737
1859,2571,2571
1860,45013,45013
1861,24719,24719
1862,40856,40856
1863,24721,24721
1864,27153,27153
1865,37089,37089
1866,12998,12998
1867,11759,11759
1868,26527,26527
1869,27212,27212
1870,26763,26763
1871,46893,46893
1872,26430,26430
1873,2489,2489
1874,26432,26432
1875,50234,50234
1876,33491,33491
1877,33492,33492
1878,57073,57073
1879,27904,27904
1880,45267,45267
1881,15323,15323
1882,22365,22365
1883,28346,28346
1884,16597,16597
1885,27089,27089
1886,15631,15631
1887,3034,3034
1888,12494,12494
1889,12947,12947
1890,19728,19728
1891,27257,27257
1892,13123,13123
1893,26423,26423
1894,26424,26424
1895,13391,13391
1896,26395,26395
1897,27368,27368
1898,27102,27102
1899,10217,10217
1900,12396,12396
1901,22755,22755
1902,44324,44324
1903,12461,12461
1904,12648,12648
1905,28230,28230
1906,26580,26580
1907,44482,44482
1908,12685,12685
1909,11447,11447
1910,13057,13057
1911,2911,2911
1912,27410,27410
1913,44670,44670
1914,12826,12826
1915,12635,12635
1916,28355,28355
1917,12744,12744
1918,12513,12513
1919,39762,39762
1920,23843,23843
1921,45017,45017
1922,32007,32007
1923,12628,12628
1924,12898,12898
1925,45350,45350
1926,44392,44392
1927,13139,13139
1928,26448,26448
1929,26449,26449
1930,26438,26438
1931,26439,26439
1932,26440,26440
1933,26368,26368
1934,12333,12333
1935,22989,22989
1936,23252,23252
1937,12393,12393
1938,12347,12347
1939,13114,13114
1940,21969,21969
1941,14691,14691
1942,29215,29215
1943,23232,23232
1944,35460,35460
1945,13464,13464
1946,27327,27327
1947,7662,7662
1948,56624,56624
1949,12172,12172
1950,33565,33565
1951,27010,27010
1952,2353,2353
1953,33568,33568
1954,2211,2211
1955,11294,11294
1956,33571,33571
1957,33572,33572
1958,26759,26759
1959,13050,13050
1960,18720,18720
1961,24198,24198
1962,13838,13838
1963,14179,14179
1964,51469,51469
1965,22785,22785
1966,14138,14138
1967,28999,28999
1968,13917,13917
1969,13918,13918
1970,28807,28807
1971,29027,29027
1972,29028,29028
1973,33588,33588
1974,33589,33589
1975,33590,33590
1976,24439,24439
1977,33592,33592
1978,36358,36358
1979,48237,48237
1980,33595,33595
1981,18285,18285
1982,29540,29540
1983,11490,11490
1984,27609,27609
1985,13858,13858
1986,13853,13853
1987,24720,24720
1988,13769,13769
1989,27614,27614
1990,27615,27615
1991,27616,27616
1992,30370,30370
1993,1338,1338
1994,23934,23934
1995,33610,33610
1996,27568,27568
1997,23942,23942
1998,13796,13796
1999,13894,13894
2000,13896,13896
2001,14116,14116
2002,13800,13800
2003,13877,13877
2004,26711,26711
2005,44683,44683
2006,45889,45889
2007,30365,30365
2008,27617,27617
2009,27622,27622
2010,27623,27623
2011,14077,14077
2012,13927,13927
2013,14009,14009
2014,12718,12718
2015,13992,13992
2016,23677,23677
2017,14090,14090
2018,27787,27787
2019,14111,14111
2020,24108,24108
2021,27626,27626
2022,27627,27627
2023,23701,23701
2024,33639,33639
2025,33640,33640
2026,33641,33641
2027,33642,33642
2028,2590,2590
2029,33644,33644
2030,33645,33645
2031,33646,33646
2032,23702,23702
2033,23911,23911
2034,23912,23912
2035,24449,24449
2036,33651,33651
2037,33652,33652
2038,33653,33653
2039,33654,33654
2040,27711,27711
2041,33656,33656
2042,33657,33657
2043,33658,33658
2044,28177,28177
2045,33660,33660
2046,24264,24264
2047,27726,27726
2048,2586,2586
2049,24267,24267
2050,24268,24268
2051,24269,24269
2052,24270,24270
2053,24271,24271
2054,13730,13730
2055,13774,13774
2056,28227,28227
2057,32002,32002
2058,32003,32003
2059,29574,29574
2060,28231,28231
2061,13745,13745
2062,13867,13867
2063,24459,24459
2064,33679,33679
2065,24461,24461
2066,2698,2698
2067,27393,27393
2068,48660,48660
2069,47319,47319
2070,27582,27582
2071,26611,26611
2072,27583,27583
2073,23478,23478
2074,33689,33689
2075,44374,44374
2076,14097,14097
2077,33692,33692
2078,33693,33693
2079,33694,33694
2080,33695,33695
2081,33696,33696
2082,33697,33697
2083,21914,21914
2084,21915,21915
2085,12160,12160
2086,12162,12162
2087,12163,12163
2088,40958,40958
2089,11283,11283
2090,12206,12206
2091,24158,24158
2092,12517,12517
2093,40876,40876
2094,21949,21949
2095,36999,36999
2096,51394,51394
2097,21950,21950
2098,21953,21953
2099,29502,29502
2100,21931,21931
2101,21954,21954
2102,12245,12245
2103,21956,21956
2104,21959,21959
2105,21934,21934
2106,23073,23073
2107,23075,23075
2108,21938,21938
2109,21939,21939
2110,27085,27085
2111,12195,12195
2112,21943,21943
2113,22055,22055
2114,29109,29109
2115,21945,21945
2116,12230,12230
2117,21946,21946
2118,7755,7755
2119,13082,13082
2120,17151,17151
2121,47876,47876
2122,13681,13681
2123,21952,21952
2124,21955,21955
2125,13668,13668
2126,27051,27051
2127,12256,12256
2128,13488,13488
2129,21958,21958
2130,22090,22090
2131,21960,21960
2132,12094,12094
2133,26790,26790
2134,37117,37117
2135,22195,22195
2136,8599,8599
2137,12117,12117
2138,11887,11887
2139,21884,21884
2140,23469,23469
2141,12087,12087
2142,11843,11843
2143,12088,12088
2144,11796,11796
2145,23205,23205
2146,23206,23206
2147,22783,22783
2148,13916,13916
2149,23209,23209
2150,1691,1691
2151,23211,23211
2152,22795,22795
2153,26778,26778
2154,11772,11772
2155,33770,33770
2156,22000,22000
2157,22001,22001
2158,22002,22002
2159,22003,22003
2160,22004,22004
2161,22005,22005
2162,22006,22006
2163,22007,22007
2164,22778,22778
2165,21951,21951
2166,23107,23107
2167,26872,26872
2168,23111,23111
2169,11825,11825
2170,36862,36862
2171,22789,22789
2172,26896,26896
2173,36842,36842
2174,33789,33789
2175,33790,33790
2176,33791,33791
2177,33792,33792
2178,23170,23170
2179,12792,12792
2180,46952,46952
2181,23173,23173
2182,12976,12976
2183,49922,49922
2184,23176,23176
2185,23435,23435
2186,27378,27378
2187,23179,23179
2188,23180,23180
2189,23181,23181
2190,23182,23182
2191,23183,23183
2192,26714,26714
2193,23185,23185
2194,23186,23186
2195,23187,23187
2196,23188,23188
2197,23189,23189
2198,11709,11709
2199,11456,11456
2200,11711,11711
2201,21083,21083
2202,22051,22051
2203,22245,22245
2204,27322,27322
2205,23297,23297
2206,11753,11753
2207,21883,21883
2208,11719,11719
2209,21891,21891
2210,28335,28335
2211,11588,11588
2212,22837,22837
2213,11189,11189
2214,21899,21899
2215,10119,10119
2216,45272,45272
2217,26052,26052
2218,28139,28139
2219,10169,10169
2220,51404,51404
2221,22581,22581
2222,16062,16062
2223,27206,27206
2224,12523,12523
2225,22756,22756
2226,12952,12952
2227,48069,48069
2228,12261,12261
2229,22764,22764
2230,23056,23056
2231,29259,29259
2232,12571,12571
2233,22440,22440
2234,23060,23060
2235,12910,12910
2236,22934,22934
2237,23063,23063
2238,27006,27006
2239,51482,51482
2240,22454,22454
2241,23067,23067
2242,23068,23068
2243,9271,9271
2244,9157,9157
2245,22793,22793
2246,33861,33861
2247,33862,33862
2248,33863,33863
2249,33864,33864
2250,33865,33865
2251,33866,33866
2252,12258,12258
2253,41667,41667
2254,22861,22861
2255,10220,10220
2256,6235,6235
2257,13118,13118
2258,2525,2525
2259,26856,26856
2260,27339,27339
2261,22825,22825
2262,24474,24474
2263,1449,1449
2264,24462,24462
2265,19788,19788
2266,10157,10157
2267,10201,10201
2268,12429,12429
2269,23317,23317
2270,42165,42165
2271,26063,26063
2272,26325,26325
2273,29534,29534
2274,56622,56622
2275,22087,22087
2276,33891,33891
2277,33892,33892
2278,33893,33893
2279,33894,33894
2280,23171,23171
2281,23219,23219
2282,41759,41759
2283,23431,23431
2284,23546,23546
2285,23433,23433
2286,23434,23434
2287,23177,23177
2288,23235,23235
2289,23437,23437
2290,27610,27610
2291,23241,23241
2292,23243,23243
2293,23245,23245
2294,23247,23247
2295,23249,23249
2296,23251,23251
2297,23445,23445
2298,2438,2438
2299,23257,23257
2300,24357,24357
2301,15348,15348
2302,33917,33917
2303,13775,13775
2304,13882,13882
2305,27893,27893
2306,28282,28282
2307,14060,14060
2308,13760,13760
2309,13874,13874
2310,22028,22028
2311,14023,14023
2312,41685,41685
2313,24431,24431
2314,22779,22779
2315,22033,22033
2316,13350,13350
2317,20350,20350
2318,12433,12433
2319,27702,27702
2320,21993,21993
2321,37542,37542
2322,23213,23213
2323,13364,13364
2324,33939,33939
2325,33940,33940
2326,33941,33941
2327,33942,33942
2328,14454,14454
2329,33944,33944
2330,2504,2504
2331,14415,14415
2332,20130,20130
2333,30148,30148
2334,15353,15353
2335,13863,13863
2336,23436,23436
2337,47496,47496
2338,23552,23552
2339,23553,23553
2340,23440,23440
2341,23441,23441
2342,23442,23442
2343,8742,8742
2344,23558,23558
2345,2123,2123
2346,23446,23446
2347,23447,23447
2348,13824,13824
2349,41418,41418
2350,13732,13732
2351,13141,13141
2352,23122,23122
2353,13755,13755
2354,14032,14032
2355,23369,23369
2356,23467,23467
2357,23373,23373
2358,35457,35457
2359,44389,44389
2360,51480,51480
2361,41675,41675
2362,13887,13887
2363,23385,23385
2364,29002,29002
2365,23389,23389
2366,13803,13803
2367,7994,7994
2368,28808,28808
2369,23397,23397
2370,2553,2553
2371,3500,3500
2372,11520,11520
2373,48004,48004
2374,33989,33989
2375,21968,21968
2376,33991,33991
2377,2574,2574
2378,29163,29163
2379,23228,23228
2380,11683,11683
2381,13767,13767
2382,21982,21982
2383,27395,27395
2384,13370,13370
2385,23102,23102
2386,11797,11797
2387,23106,23106
2388,13500,13500
2389,23110,23110
2390,22792,22792
2391,23114,23114
2392,11894,11894
2393,37098,37098
2394,11458,11458
2395,11271,11271
2396,21870,21870
2397,21872,21872
2398,43900,43900
2399,16448,16448
2400,11215,11215
2401,21880,21880
2402,44149,44149
2403,3510,3510
2404,11181,11181
2405,21888,21888
2406,49239,49239
2407,6768,6768
2408,22884,22884
2409,19168,19168
2410,22122,22122
2411,45872,45872
2412,22940,22940
2413,22942,22942
2414,22848,22848
2415,23042,23042
2416,11408,11408
2417,6806,6806
2418,44404,44404
2419,12273,12273
2420,12532,12532
2421,11618,11618
2422,22758,22758
2423,8801,8801
2424,17945,17945
2425,7712,7712
2426,22765,22765
2427,22767,22767
2428,51362,51362
2429,22771,22771
2430,21985,21985
2431,13134,13134
2432,12662,12662
2433,23240,23240
2434,12888,12888
2435,23207,23207
2436,13355,13355
2437,12730,12730
2438,8025,8025
2439,21907,21907
2440,12862,12862
2441,23256,23256
2442,13158,13158
2443,44350,44350
2444,12637,12637
2445,12304,12304
2446,17175,17175
2447,27169,27169
2448,27579,27579
2449,12143,12143
2450,22253,22253
2451,22970,22970
2452,13340,13340
2453,22878,22878
2454,22928,22928
2455,11605,11605
2456,8860,8860
2457,13037,13037
2458,22170,22170
2459,26862,26862
2460,4847,4847
2461,2952,2952
2462,34077,34077
2463,6636,6636
2464,27769,27769
2465,43207,43207
2466,34081,34081
2467,34082,34082
2468,34083,34083
2469,22024,22024
2470,23547,23547
2471,23174,23174
2472,27097,27097
2473,11586,11586
2474,22031,22031
2475,23234,23234
2476,13346,13346
2477,13394,13394
2478,23244,23244
2479,22034,22034
2480,23248,23248
2481,2324,2324
2482,13098,13098
2483,23210,23210
2484,2397,2397
2485,42007,42007
2486,34101,34101
2487,27829,27829
2488,13855,13855
2489,34104,34104
2490,14123,14123
2491,14113,14113
2492,12319,12319
2493,41832,41832
2494,7413,7413
2495,19607,19607
2496,23201,23201
2497,44729,44729
2498,22832,22832
2499,27975,27975
2500,23844,23844
2501,34116,34116
2502,21901,21901
2503,34118,34118
2504,34119,34119
2505,34120,34120
2506,37710,37710
2507,34122,34122
2508,13872,13872
2509,34124,34124
2510,46997,46997
2511,10265,10265
2512,22815,22815
2513,23289,23289
2514,10273,10273
2515,10275,10275
2516,21069,21069
2517,34132,34132
2518,41071,41071
2519,23301,23301
2520,21889,21889
2521,22924,22924
2522,26233,26233
2523,57932,57932
2524,10293,10293
2525,10339,10339
2526,10385,10385
2527,11303,11303
2528,10301,10301
2529,26258,26258
2530,51400,51400
2531,10307,10307
2532,10310,10310
2533,10311,10311
2534,10488,10488
2535,34150,34150
2536,21841,21841
2537,34152,34152
2538,43198,43198
2539,34154,34154
2540,34155,34155
2541,34156,34156
2542,10059,10059
2543,34158,34158
2544,10063,10063
2545,34160,34160
2546,34161,34161
2547,34162,34162
2548,10071,10071
2549,34164,34164
2550,34165,34165
2551,11114,11114
2552,34167,34167
2553,10351,10351
2554,34169,34169
2555,10353,10353
2556,10087,10087
2557,22283,22283
2558,34173,34173
2559,34174,34174
2560,10465,10465
2561,16528,16528
2562,24437,24437
2563,34178,34178
2564,10500,10500
2565,22299,22299
2566,22301,22301
2567,10658,10658
2568,22305,22305
2569,17962,17962
2570,36648,36648
2571,10381,10381
2572,13412,13412
2573,10626,10626
2574,10672,10672
2575,26236,26236
2576,10676,10676
2577,6351,6351
2578,10680,10680
2579,48787,48787
2580,10638,10638
2581,21869,21869
2582,21838,21838
2583,10453,10453
2584,10416,10416
2585,10049,10049
2586,21844,21844
2587,10738,10738
2588,10055,10055
2589,24434,24434
2590,11096,11096
2591,6360,6360
2592,10616,10616
2593,10574,10574
2594,10333,10333
2595,1262,1262
2596,10580,10580
2597,26224,26224
2598,10075,10075
2599,10586,10586
2600,10588,10588
2601,10766,10766
2602,10592,10592
2603,10904,10904
2604,26133,26133
2605,34220,34220
2606,34221,34221
2607,34222,34222
2608,22333,22333
2609,22358,22358
2610,34225,34225
2611,34226,34226
2612,34227,34227
2613,34228,34228
2614,34229,34229
2615,34230,34230
2616,34231,34231
2617,34232,34232
2618,34233,34233
2619,34234,34234
2620,34235,34235
2621,34236,34236
2622,34237,34237
2623,34238,34238
2624,34239,34239
2625,34240,34240
2626,34241,34241
2627,34242,34242
2628,28261,28261
2629,23119,23119
2630,23361,23361
2631,34246,34246
2632,14129,14129
2633,22429,22429
2634,23148,23148
2635,13944,13944
2636,23150,23150
2637,23151,23151
2638,23152,23152
2639,19292,19292
2640,26990,26990
2641,27364,27364
2642,2935,2935
2643,23133,23133
2644,23158,23158
2645,23159,23159
2646,28305,28305
2647,31033,31033
2648,23162,23162
2649,49801,49801
2650,23140,23140
2651,23141,23141
2652,22353,22353
2653,22354,22354
2654,22355,22355
2655,22356,22356
2656,22357,22357
2657,11713,11713
2658,22359,22359
2659,22360,22360
2660,22361,22361
2661,22362,22362
2662,22363,22363
2663,22364,22364
2664,33467,33467
2665,22366,22366
2666,34281,34281
2667,34282,34282
2668,34283,34283
2669,34284,34284
2670,34285,34285
2671,34286,34286
2672,34287,34287
2673,34288,34288
2674,34289,34289
2675,34290,34290
2676,23142,23142
2677,23143,23143
2678,23260,23260
2679,23145,23145
2680,23146,23146
2681,23147,23147
2682,23264,23264
2683,23149,23149
2684,23266,23266
2685,23267,23267
2686,23268,23268
2687,23153,23153
2688,22163,22163
2689,23155,23155
2690,34305,34305
2691,34306,34306
2692,23274,23274
2693,23275,23275
2694,34309,34309
2695,34310,34310
2696,23278,23278
2697,34312,34312
2698,34313,34313
2699,34314,34314
2700,22584,22584
2701,22681,22681
2702,39965,39965
2703,16064,16064
2704,21940,21940
2705,22293,22293
2706,23085,23085
2707,8924,8924
2708,23089,23089
2709,23091,23091
2710,23093,23093
2711,23095,23095
2712,24372,24372
2713,14931,14931
2714,22447,22447
2715,23101,23101
2716,23105,23105
2717,22568,22568
2718,23109,23109
2719,22572,22572
2720,22459,22459
2721,23113,23113
2722,22582,22582
2723,23116,23116
2724,21936,21936
2725,21937,21937
2726,23077,23077
2727,23079,23079
2728,21916,21916
2729,21917,21917
2730,21918,21918
2731,21919,21919
2732,14921,14921
2733,21921,21921
2734,22772,22772
2735,21923,21923
2736,23097,23097
2737,23099,23099
2738,22008,22008
2739,22009,22009
2740,22010,22010
2741,22011,22011
2742,22012,22012
2743,22013,22013
2744,22014,22014
2745,22015,22015
2746,22016,22016
2747,22017,22017
2748,34363,34363
2749,34364,34364
2750,34365,34365
2751,34366,34366
2752,34367,34367
2753,34368,34368
2754,34369,34369
2755,34370,34370
2756,34371,34371
2757,34372,34372
2758,34373,34373
2759,34374,34374
2760,34375,34375
2761,34376,34376
2762,34377,34377
2763,34378,34378
2764,34379,34379
2765,34380,34380
2766,34381,34381
2767,34382,34382
2768,34383,34383
2769,34384,34384
2770,23332,23332
2771,34386,34386
2772,34387,34387
2773,34388,34388
2774,23336,23336
2775,34390,34390
2776,23338,23338
2777,23339,23339
2778,23377,23377
2779,34394,34394
2780,13132,13132
2781,34396,34396
2782,34397,34397
2783,34398,34398
2784,23346,23346
2785,23347,23347
2786,34401,34401
2787,34402,34402
2788,23350,23350
2789,34404,34404
2790,34405,34405
2791,34406,34406
2792,22377,22377
2793,20112,20112
2794,22379,22379
2795,22383,22383
2796,20114,20114
2797,14265,14265
2798,14311,14311
2799,22391,22391
2800,14269,14269
2801,14273,14273
2802,14317,14317
2803,14279,14279
2804,14323,14323
2805,14327,14327
2806,22403,22403
2807,22407,22407
2808,14287,14287
2809,22411,22411
2810,22412,22412
2811,22414,22414
2812,14295,14295
2813,22418,22418
2814,14299,14299
2815,24367,24367
2816,14451,14451
2817,14999,14999
2818,49063,49063
2819,14471,14471
2820,15561,15561
2821,34436,34436
2822,26767,26767
2823,15388,15388
2824,20128,20128
2825,15389,15389
2826,22443,22443
2827,22445,22445
2828,14933,14933
2829,22449,22449
2830,22451,22451
2831,22453,22453
2832,22455,22455
2833,22457,22457
2834,14945,14945
2835,22461,22461
2836,26719,26719
2837,22465,22465
2838,14463,14463
2839,14379,14379
2840,14489,14489
2841,14397,14397
2842,1429,1429
2843,14387,14387
2844,41877,41877
2845,14431,14431
2846,8888,8888
2847,14479,14479
2848,44938,44938
2849,11178,11178
2850,14607,14607
2851,23381,23381
2852,14611,14611
2853,2914,2914
2854,14615,14615
2855,14614,14614
2856,14899,14899
2857,41917,41917
2858,24725,24725
2859,27990,27990
2860,14627,14627
2861,15395,15395
2862,34477,34477
2863,26157,26157
2864,28118,28118
2865,15349,15349
2866,28119,28119
2867,15350,15350
2868,28120,28120
2869,15351,15351
2870,3507,3507
2871,27999,27999
2872,28158,28158
2873,28170,28170
2874,2948,2948
2875,28171,28171
2876,28124,28124
2877,7715,7715
2878,15535,15535
2879,15356,15356
2880,28126,28126
2881,28174,28174
2882,28163,28163
2883,28175,28175
2884,23401,23401
2885,15359,15359
2886,34501,34501
2887,34502,34502
2888,22468,22468
2889,34504,34504
2890,34505,34505
2891,34506,34506
2892,34507,34507
2893,34508,34508
2894,34509,34509
2895,34510,34510
2896,34511,34511
2897,34512,34512
2898,34513,34513
2899,34514,34514
2900,34515,34515
2901,34516,34516
2902,34517,34517
2903,34518,34518
2904,34519,34519
2905,34520,34520
2906,34521,34521
2907,34522,34522
2908,22488,22488
2909,22489,22489
2910,22490,22490
2911,22491,22491
2912,22492,22492
2913,22493,22493
2914,39951,39951
2915,22495,22495
2916,23969,23969
2917,22497,22497
2918,8390,8390
2919,7979,7979
2920,14102,14102
2921,40000,40000
2922,24453,24453
2923,4679,4679
2924,22714,22714
2925,12886,12886
2926,40003,40003
2927,22507,22507
2928,40004,40004
2929,22133,22133
2930,40005,40005
2931,22511,22511
2932,23402,23402
2933,23403,23403
2934,23404,23404
2935,23405,23405
2936,23406,23406
2937,23407,23407
2938,23408,23408
2939,23409,23409
2940,23410,23410
2941,23411,23411
2942,23412,23412
2943,23413,23413
2944,23414,23414
2945,23415,23415
2946,23416,23416
2947,23417,23417
2948,27450,27450
2949,23419,23419
2950,23420,23420
2951,23421,23421
2952,23422,23422
2953,23423,23423
2954,23424,23424
2955,23425,23425
2956,28774,28774
2957,23285,23285
2958,23287,23287
2959,15861,15861
2960,8011,8011
2961,15865,15865
2962,29572,29572
2963,15869,15869
2964,22437,22437
2965,15873,15873
2966,23305,23305
2967,15877,15877
2968,23309,23309
2969,15881,15881
2970,23313,23313
2971,15885,15885
2972,28806,28806
2973,15889,15889
2974,23321,23321
2975,15893,15893
2976,23325,23325
2977,15897,15897
2978,23329,23329
2979,15901,15901
2980,34595,34595
2981,34596,34596
2982,34597,34597
2983,34598,34598
2984,34599,34599
2985,34600,34600
2986,34601,34601
2987,34602,34602
2988,34603,34603
2989,34604,34604
2990,34605,34605
2991,34606,34606
2992,34607,34607
2993,34608,34608
2994,34609,34609
2995,4763,4763
2996,34611,34611
2997,34612,34612
2998,34613,34613
2999,34614,34614
3000,34615,34615
3001,34616,34616
3002,34617,34617
3003,23330,23330
3004,23331,23331
3005,14201,14201
3006,23333,23333
3007,23334,23334
3008,23335,23335
3009,51477,51477
3010,23337,23337
3011,14132,14132
3012,27294,27294
3013,6513,6513
3014,23341,23341
3015,14228,14228
3016,34631,34631
3017,23344,23344
3018,23345,23345
3019,27761,27761
3020,47414,47414
3021,31214,31214
3022,23349,23349
3023,30231,30231
3024,47733,47733
3025,23352,23352
3026,23353,23353
3027,22536,22536
3028,16383,16383
3029,22539,22539
3030,16386,16386
3031,16359,16359
3032,14305,14305
3033,22550,22550
3034,16182,16182
3035,34650,34650
3036,16380,16380
3037,29152,29152
3038,22558,22558
3039,22774,22774
3040,16589,16589
3041,22564,22564
3042,22662,22662
3043,36848,36848
3044,15392,15392
3045,36857,36857
3046,15393,15393
3047,22576,22576
3048,15394,15394
3049,28083,28083
3050,14951,14951
3051,22234,22234
3052,16276,16276
3053,40898,40898
3054,45611,45611
3055,39767,39767
3056,27809,27809
3057,36136,36136
3058,22763,22763
3059,22251,22251
3060,22157,22157
3061,22161,22161
3062,29829,29829
3063,22259,22259
3064,10289,10289
3065,57002,57002
3066,16857,16857
3067,16306,16306
3068,22125,22125
3069,3214,3214
3070,16477,16477
3071,16314,16314
3072,16316,16316
3073,22901,22901
3074,16653,16653
3075,49605,49605
3076,34691,34691
3077,34692,34692
3078,34693,34693
3079,34694,34694
3080,16966,16966
3081,34696,34696
3082,34697,34697
3083,15966,15966
3084,17101,17101
3085,16220,16220
3086,16006,16006
3087,15963,15963
3088,15965,15965
3089,17043,17043
3090,15969,15969
3091,16076,16076
3092,16078,16078
3093,18252,18252
3094,16066,16066
3095,17900,17900
3096,16086,16086
3097,16136,16136
3098,44446,44446
3099,16092,16092
3100,44488,44488
3101,24518,24518
3102,16098,16098
3103,24160,24160
3104,16102,16102
3105,23732,23732
3106,16197,16197
3107,8252,8252
3108,14026,14026
3109,16114,16114
3110,21073,21073
3111,24163,24163
3112,15811,15811
3113,16120,16120
3114,16122,16122
3115,16274,16274
3116,16324,16324
3117,16351,16351
3118,18739,18739
3119,22291,22291
3120,37072,37072
3121,51734,51734
3122,16336,16336
3123,16185,16185
3124,30235,30235
3125,12707,12707
3126,16541,16541
3127,42386,42386
3128,16545,16545
3129,16302,16302
3130,16304,16304
3131,28351,28351
3132,11597,11597
3133,16599,16599
3134,16768,16768
3135,29092,29092
3136,19159,19159
3137,16565,16565
3138,27991,27991
3139,14303,14303
3140,29083,29083
3141,17037,17037
3142,17039,17039
3143,16238,16238
3144,16240,16240
3145,17079,17079
3146,42317,42317
3147,34762,34762
3148,16980,16980
3149,23452,23452
3150,17081,17081
3151,17095,17095
3152,17097,17097
3153,15967,15967
3154,14266,14266
3155,17208,17208
3156,17194,17194
3157,41864,41864
3158,17810,17810
3159,17744,17744
3160,24573,24573
3161,24168,24168
3162,17241,17241
3163,17226,17226
3164,27045,27045
3165,28022,28022
3166,45581,45581
3167,13875,13875
3168,19516,19516
3169,46435,46435
3170,18010,18010
3171,22986,22986
3172,18190,18190
3173,17372,17372
3174,18018,18018
3175,57335,57335
3176,51356,51356
3177,14121,14121
3178,16741,16741
3179,34794,34794
3180,34795,34795
3181,34796,34796
3182,34797,34797
3183,23544,23544
3184,23545,23545
3185,23226,23226
3186,45721,45721
3187,23548,23548
3188,23549,23549
3189,23550,23550
3190,23551,23551
3191,51581,51581
3192,3030,3030
3193,28276,28276
3194,23555,23555
3195,23556,23556
3196,23557,23557
3197,23559,23559
3198,17154,17154
3199,23560,23560
3200,23561,23561
3201,17736,17736
3202,17170,17170
3203,17298,17298
3204,17174,17174
3205,23455,23455
3206,17176,17176
3207,22598,22598
3208,26980,26980
3209,41023,41023
3210,17148,17148
3211,26561,26561
3212,17314,17314
3213,17344,17344
3214,17150,17150
3215,11583,11583
3216,17322,17322
3217,17414,17414
3218,23554,23554
3219,23483,23483
3220,8482,8482
3221,23487,23487
3222,17334,17334
3223,3631,3631
3224,17338,17338
3225,23072,23072
3226,17698,17698
3227,17716,17716
3228,17134,17134
3229,44445,44445
3230,45279,45279
3231,23506,23506
3232,17710,17710
3233,49688,49688
3234,23509,23509
3235,17160,17160
3236,23513,23513
3237,17161,17161
3238,23517,23517
3239,23522,23522
3240,17786,17786
3241,17369,17369
3242,22616,22616
3243,3350,3350
3244,18105,18105
3245,7777,7777
3246,17798,17798
3247,17980,17980
3248,41313,41313
3249,11516,11516
3250,18248,18248
3251,16278,16278
3252,18298,18298
3253,22194,22194
3254,19815,19815
3255,18260,18260
3256,18392,18392
3257,18264,18264
3258,18800,18800
3259,18268,18268
3260,18314,18314
3261,19428,19428
3262,18318,18318
3263,23523,23523
3264,18322,18322
3265,26119,26119
3266,18326,18326
3267,18328,18328
3268,18330,18330
3269,26731,26731
3270,22624,22624
3271,10308,10308
3272,18338,18338
3273,34888,34888
3274,34889,34889
3275,8721,8721
3276,29660,29660
3277,13851,13851
3278,34893,34893
3279,23463,23463
3280,34895,34895
3281,34896,34896
3282,34897,34897
3283,45785,45785
3284,34899,34899
3285,3989,3989
3286,34901,34901
3287,34902,34902
3288,34903,34903
3289,34904,34904
3290,34905,34905
3291,18822,18822
3292,34907,34907
3293,8005,8005
3294,34909,34909
3295,34910,34910
3296,34911,34911
3297,34912,34912
3298,19634,19634
3299,34914,34914
3300,3849,3849
3301,34916,34916
3302,34917,34917
3303,34918,34918
3304,34919,34919
3305,34920,34920
3306,34921,34921
3307,34922,34922
3308,34923,34923
3309,34924,34924
3310,17924,17924
3311,34926,34926
3312,34927,34927
3313,34928,34928
3314,34929,34929
3315,34930,34930
3316,10149,10149
3317,34932,34932
3318,29593,29593
3319,18254,18254
3320,22593,22593
3321,19192,19192
3322,43901,43901
3323,18262,18262
3324,29596,29596
3325,18310,18310
3326,45881,45881
3327,18270,18270
3328,18272,18272
3329,19340,19340
3330,18276,18276
3331,19212,19212
3332,29589,29589
3333,19216,19216
3334,18284,18284
3335,19306,19306
3336,3410,3410
3337,18290,18290
3338,13861,13861
3339,19272,19272
3340,18784,18784
3341,18738,18738
3342,18650,18650
3343,10269,10269
3344,18792,18792
3345,18836,18836
3346,23459,23459
3347,19057,19057
3348,24176,24176
3349,18844,18844
3350,19066,19066
3351,18848,18848
3352,18896,18896
3353,18852,18852
3354,23475,23475
3355,18856,18856
3356,47707,47707
3357,18770,18770
3358,18994,18994
3359,18774,18774
3360,19716,19716
3361,29734,29734
3362,23491,23491
3363,19092,19092
3364,23495,23495
3365,19186,19186
3366,17214,17214
3367,19190,19190
3368,43947,43947
3369,19639,19639
3370,22100,22100
3371,23511,23511
3372,19288,19288
3373,12118,12118
3374,17914,17914
3375,29520,29520
3376,19164,19164
3377,8152,8152
3378,12070,12070
3379,17370,17370
3380,12201,12201
3381,3522,3522
3382,19264,19264
3383,18518,18518
3384,42018,42018
3385,34890,34890
3386,10216,10216
3387,19626,19626
3388,19628,19628
3389,35004,35004
3390,19724,19724
3391,35006,35006
3392,44394,44394
3393,50185,50185
3394,19731,19731
3395,19642,19642
3396,29949,29949
3397,19914,19914
3398,19740,19740
3399,20006,20006
3400,42746,42746
3401,19254,19254
3402,19748,19748
3403,19707,19707
3404,29920,29920
3405,35020,35020
3406,19756,19756
3407,18912,18912
3408,35023,35023
3409,35846,35846
3410,37612,37612
3411,22632,22632
3412,22636,22636
3413,22638,22638
3414,20070,20070
3415,22642,22642
3416,12956,12956
3417,17031,17031
3418,35033,35033
3419,20392,20392
3420,20126,20126
3421,39296,39296
3422,44490,44490
3423,22658,22658
3424,39298,39298
3425,37099,37099
3426,39299,39299
3427,22666,22666
3428,20098,20098
3429,22670,22670
3430,39301,39301
3431,13920,13920
3432,20106,20106
3433,22678,22678
3434,2196,2196
3435,23003,23003
3436,13162,13162
3437,22241,22241
3438,22243,22243
3439,36256,36256
3440,22246,22246
3441,22967,22967
3442,22109,22109
3443,10280,10280
3444,23023,23023
3445,10107,10107
3446,20178,20178
3447,8899,8899
3448,22981,22981
3449,15751,15751
3450,21514,21514
3451,10207,10207
3452,50235,50235
3453,20192,20192
3454,22849,22849
3455,9182,9182
3456,20200,20200
3457,24847,24847
3458,20066,20066
3459,22425,22425
3460,22640,22640
3461,20072,20072
3462,20118,20118
3463,20076,20076
3464,20078,20078
3465,20080,20080
3466,20082,20082
3467,20084,20084
3468,20086,20086
3469,20088,20088
3470,22311,22311
3471,20092,20092
3472,20138,20138
3473,20096,20096
3474,22668,22668
3475,20100,20100
3476,20102,20102
3477,20104,20104
3478,20150,20150
3479,20108,20108
3480,23609,23609
3481,20156,20156
3482,23615,23615
3483,18789,18789
3484,23617,23617
3485,23618,23618
3486,35101,35101
3487,23621,23621
3488,35103,35103
3489,35104,35104
3490,23625,23625
3491,23627,23627
3492,14602,14602
3493,23630,23630
3494,20232,20232
3495,35110,35110
3496,35111,35111
3497,35112,35112
3498,23635,23635
3499,23637,23637
3500,23639,23639
3501,23641,23641
3502,23643,23643
3503,35118,35118
3504,20254,20254
3505,20300,20300
3506,20302,20302
3507,20304,20304
3508,20262,20262
3509,20308,20308
3510,20310,20310
3511,20312,20312
3512,20314,20314
3513,20316,20316
3514,20318,20318
3515,20320,20320
3516,20322,20322
3517,20324,20324
3518,20326,20326
3519,20328,20328
3520,20330,20330
3521,20332,20332
3522,20334,20334
3523,20336,20336
3524,20338,20338
3525,20340,20340
3526,20375,20375
3527,23563,23563
3528,30073,30073
3529,22684,22684
3530,40066,40066
3531,20452,20452
3532,20480,20480
3533,47874,47874
3534,20688,20688
3535,14775,14775
3536,12339,12339
3537,16190,16190
3538,20696,20696
3539,22706,22706
3540,30217,30217
3541,45516,45516
3542,13398,13398
3543,20704,20704
3544,30241,30241
3545,20752,20752
3546,20970,20970
3547,30220,30220
3548,46450,46450
3549,20760,20760
3550,35165,35165
3551,35166,35166
3552,35167,35167
3553,35168,35168
3554,35453,35453
3555,23224,23224
3556,39753,39753
3557,27735,27735
3558,23230,23230
3559,12414,12414
3560,23236,23236
3561,11621,11621
3562,13392,13392
3563,29048,29048
3564,40028,40028
3565,30373,30373
3566,23136,23136
3567,22036,22036
3568,51738,51738
3569,21074,21074
3570,18062,18062
3571,22040,22040
3572,31473,31473
3573,42740,42740
3574,23566,23566
3575,30256,30256
3576,50438,50438
3577,23571,23571
3578,20456,20456
3579,20388,20388
3580,23577,23577
3581,23579,23579
3582,44995,44995
3583,20464,20464
3584,23586,23586
3585,20828,20828
3586,20916,20916
3587,23591,23591
3588,21153,21153
3589,23595,23595
3590,20707,20707
3591,20923,20923
3592,12103,12103
3593,20440,20440
3594,10128,10128
3595,20438,20438
3596,24345,24345
3597,13298,13298
3598,21081,21081
3599,17197,17197
3600,21219,21219
3601,41323,41323
3602,17408,17408
3603,12267,12267
3604,21095,21095
3605,13313,13313
3606,27326,27326
3607,21143,21143
3608,23342,23342
3609,21147,21147
3610,46371,46371
3611,21151,21151
3612,18280,18280
3613,21155,21155
3614,10253,10253
3615,21159,21159
3616,21117,21117
3617,21163,21163
3618,4038,4038
3619,21167,21167
3620,35235,35235
3621,35236,35236
3622,23567,23567
3623,21128,21128
3624,35239,35239
3625,21267,21267
3626,35241,35241
3627,35242,35242
3628,35243,35243
3629,50330,50330
3630,35245,35245
3631,9142,9142
3632,35247,35247
3633,6407,6407
3634,35249,35249
3635,23593,23593
3636,35251,35251
3637,3996,3996
3638,35253,35253
3639,21787,21787
3640,21567,21567
3641,3115,3115
3642,21571,21571
3643,30255,30255
3644,10221,10221
3645,17434,17434
3646,47067,47067
3647,10227,10227
3648,20368,20368
3649,10231,10231
3650,26092,26092
3651,10235,10235
3652,23624,23624
3653,10239,10239
3654,47761,47761
3655,10243,10243
3656,23589,23589
3657,10247,10247
3658,45884,45884
3659,10251,10251
3660,21517,21517
3661,10255,10255
3662,10257,10257
3663,21205,21205
3664,10260,10260
3665,20759,20759
3666,21481,21481
3667,21435,21435
3668,22908,22908
3669,21487,21487
3670,21441,21441
3671,21443,21443
3672,23572,23572
3673,21759,21759
3674,20628,20628
3675,21451,21451
3676,22232,22232
3677,21455,21455
3678,46612,46612
3679,21459,21459
3680,21729,21729
3681,21463,21463
3682,21111,21111
3683,21467,21467
3684,21469,21469
3685,21471,21471
3686,46616,46616
3687,21475,21475
3688,20714,20714
3689,21479,21479
3690,31136,31136
3691,22727,22727
3692,31173,31173
3693,22730,22730
3694,2576,2576
3695,22731,22731
3696,31239,31239
3697,22734,22734
3698,31276,31276
3699,22736,22736
3700,52053,52053
3701,22738,22738
3702,30715,30715
3703,22740,22740
3704,9609,9609
3705,22742,22742
3706,31280,31280
3707,22744,22744
3708,50521,50521
3709,22746,22746
3710,31204,31204
3711,22748,22748
3712,9752,9752
3713,22750,22750
3714,21867,21867
3715,22858,22858
3716,16343,16343
3717,22590,22590
3718,21874,21874
3719,35334,35334
3720,10276,10276
3721,22966,22966
3722,16292,16292
3723,30172,30172
3724,21887,21887
3725,13317,13317
3726,13742,13742
3727,16297,16297
3728,35343,35343
3729,35344,35344
3730,22218,22218
3731,35346,35346
3732,35347,35347
3733,35348,35348
3734,35349,35349
3735,35350,35350
3736,35351,35351
3737,35352,35352
3738,35353,35353
3739,35354,35354
3740,35355,35355
3741,10314,10314
3742,35357,35357
3743,35358,35358
3744,35359,35359
3745,35360,35360
3746,35361,35361
3747,35362,35362
3748,35363,35363
3749,35364,35364
3750,35365,35365
3751,22117,22117
3752,35367,35367
3753,35368,35368
3754,35369,35369
3755,35370,35370
3756,35371,35371
3757,35372,35372
3758,35373,35373
3759,35374,35374
3760,35375,35375
3761,35376,35376
3762,35377,35377
3763,35378,35378
3764,35379,35379
3765,10467,10467
3766,22426,22426
3767,22428,22428
3768,22295,22295
3769,35384,35384
3770,10788,10788
3771,35386,35386
3772,35387,35387
3773,35388,35388
3774,10750,10750
3775,35390,35390
3776,22310,22310
3777,35392,35392
3778,35393,35393
3779,35394,35394
3780,35395,35395
3781,35396,35396
3782,35397,35397
3783,35398,35398
3784,22329,22329
3785,35400,35400
3786,27895,27895
3787,35402,35402
3788,10436,10436
3789,10406,10406
3790,16069,16069
3791,57542,57542
3792,35407,35407
3793,35408,35408
3794,35409,35409
3795,32833,32833
3796,35411,35411
3797,35412,35412
3798,35413,35413
3799,10706,10706
3800,35415,35415
3801,35416,35416
3802,35417,35417
3803,35418,35418
3804,35419,35419
3805,35420,35420
3806,35421,35421
3807,35422,35422
3808,35423,35423
3809,35424,35424
3810,12934,12934
3811,22585,22585
3812,35427,35427
3813,23076,23076
3814,47019,47019
3815,27270,27270
3816,23086,23086
3817,27236,27236
3818,23090,23090
3819,42016,42016
3820,23094,23094
3821,24370,24370
3822,22444,22444
3823,14929,14929
3824,22448,22448
3825,22566,22566
3826,22452,22452
3827,22570,22570
3828,22456,22456
3829,22574,22574
3830,22460,22460
3831,22578,22578
3832,48061,48061
3833,22751,22751
3834,22799,22799
3835,27454,27454
3836,16067,16067
3837,32001,32001
3838,12483,12483
3839,57931,57931
3840,8268,8268
3841,13126,13126
3842,13368,13368
3843,4806,4806
3844,13369,13369
3845,23098,23098
3846,35461,35461
3847,35462,35462
3848,35463,35463
3849,35464,35464
3850,35465,35465
3851,35466,35466
3852,35467,35467
3853,35468,35468
3854,29616,29616
3855,22462,22462
3856,1411,1411
3857,12592,12592
3858,35473,35473
3859,34891,34891
3860,13758,13758
3861,13778,13778
3862,40901,40901
3863,21976,21976
3864,28003,28003
3865,14205,14205
3866,11684,11684
3867,39755,39755
3868,35425,35425
3869,22378,22378
3870,42424,42424
3871,22382,22382
3872,22384,22384
3873,22386,22386
3874,14310,14310
3875,14312,14312
3876,22392,22392
3877,14316,14316
3878,14274,14274
3879,22398,22398
3880,22400,22400
3881,14280,14280
3882,22404,22404
3883,2471,2471
3884,22408,22408
3885,22394,22394
3886,14290,14290
3887,35502,35502
3888,14294,14294
3889,22417,22417
3890,22419,22419
3891,35426,35426
3892,22422,22422
3893,45619,45619
3894,22543,22543
3895,22545,22545
3896,22430,22430
3897,22432,22432
3898,22434,22434
3899,22436,22436
3900,27285,27285
3901,22557,22557
3902,28159,28159
3903,4061,4061
3904,28160,28160
3905,41777,41777
3906,22450,22450
3907,22665,22665
3908,22787,22787
3909,35524,35524
3910,35525,35525
3911,23112,23112
3912,22464,22464
3913,26800,26800
3914,14444,14444
3915,14446,14446
3916,47032,47032
3917,49341,49341
3918,14452,14452
3919,23292,23292
3920,15734,15734
3921,15868,15868
3922,22922,22922
3923,23372,23372
3924,44904,44904
3925,7738,7738
3926,23947,23947
3927,28368,28368
3928,26771,26771
3929,15928,15928
3930,15754,15754
3931,7557,7557
3932,22078,22078
3933,23392,23392
3934,14799,14799
3935,3452,3452
3936,44087,44087
3937,23046,23046
3938,22042,22042
3939,23356,23356
3940,23358,23358
3941,23288,23288
3942,23362,23362
3943,13328,13328
3944,23366,23366
3945,23368,23368
3946,22058,22058
3947,10189,10189
3948,22828,22828
3949,23304,23304
3950,23306,23306
3951,15660,15660
3952,22070,22070
3953,23384,23384
3954,23386,23386
3955,15202,15202
3956,23390,23390
3957,15338,15338
3958,22082,22082
3959,15940,15940
3960,23326,23326
3961,15346,15346
3962,22535,22535
3963,22537,22537
3964,14448,14448
3965,22541,22541
3966,22591,22591
3967,11932,11932
3968,22547,22547
3969,22549,22549
3970,13380,13380
3971,22553,22553
3972,22555,22555
3973,3114,3114
3974,3853,3853
3975,22561,22561
3976,22503,22503
3977,27897,27897
3978,2358,2358
3979,12119,12119
3980,29114,29114
3981,16204,16204
3982,16561,16561
3983,22577,22577
3984,22579,22579
3985,7409,7409
3986,22091,22091
3987,22188,22188
3988,24109,24109
3989,21127,21127
3990,22101,22101
3991,17739,17739
3992,18882,18882
3993,22152,22152
3994,22154,22154
3995,23018,23018
3996,22111,22111
3997,41114,41114
3998,22870,22870
3999,22116,22116
4000,16637,16637
4001,8154,8154
4002,22266,22266
4003,22171,22171
4004,35619,35619
4005,22128,22128
4006,35621,35621
4007,16315,16315
4008,35623,35623
4009,16319,16319
4010,17034,17034
4011,35626,35626
4012,35627,35627
4013,35628,35628
4014,35629,35629
4015,35630,35630
4016,35631,35631
4017,35632,35632
4018,35633,35633
4019,35634,35634
4020,35635,35635
4021,17092,17092
4022,35637,35637
4023,35638,35638
4024,35639,35639
4025,35640,35640
4026,35641,35641
4027,35642,35642
4028,35643,35643
4029,35644,35644
4030,35645,35645
4031,11791,11791
4032,35647,35647
4033,16137,16137
4034,35649,35649
4035,30216,30216
4036,35651,35651
4037,16145,16145
4038,16191,16191
4039,16149,16149
4040,16103,16103
4041,16153,16153
4042,16107,16107
4043,16157,16157
4044,16111,16111
4045,3043,3043
4046,16115,16115
4047,16165,16165
4048,16212,16212
4049,16169,16169
4050,16361,16361
4051,29105,29105
4052,16405,16405
4053,42365,42365
4054,35669,35669
4055,15687,15687
4056,16574,16574
4057,29225,29225
4058,13234,13234
4059,29371,29371
4060,35675,35675
4061,3210,3210
4062,19252,19252
4063,16464,16464
4064,22119,22119
4065,15514,15514
4066,35681,35681
4067,16473,16473
4068,35683,35683
4069,16311,16311
4070,35685,35685
4071,16648,16648
4072,16871,16871
4073,16564,16564
4074,35689,35689
4075,16080,16080
4076,35691,35691
4077,35692,35692
4078,35693,35693
4079,35694,35694
4080,35695,35695
4081,35696,35696
4082,35697,35697
4083,35698,35698
4084,35699,35699
4085,12276,12276
4086,35701,35701
4087,35702,35702
4088,35703,35703
4089,35704,35704
4090,17186,17186
4091,37189,37189
4092,17342,17342
4093,29335,29335
4094,8595,8595
4095,26563,26563
4096,22919,22919
4097,51374,51374
4098,24311,24311
4099,30130,30130
4100,27078,27078
4101,30237,30237
4102,8937,8937
4103,26649,26649
4104,8579,8579
4105,41440,41440
4106,45839,45839
4107,13905,13905
4108,29523,29523
4109,26908,26908
4110,17376,17376
4111,49672,49672
4112,4846,4846
4113,19490,19490
4114,22141,22141
4115,24156,24156
4116,45674,45674
4117,17234,17234
4118,17743,17743
4119,49300,49300
4120,23458,23458
4121,29320,29320
4122,27755,27755
4123,17666,17666
4124,29369,29369
4125,18758,18758
4126,32835,32835
4127,17453,17453
4128,23474,23474
4129,26574,26574
4130,13151,13151
4131,42679,42679
4132,35747,35747
4133,17329,17329
4134,11481,11481
4135,49694,49694
4136,35751,35751
4137,18425,18425
4138,22753,22753
4139,13109,13109
4140,27970,27970
4141,23498,23498
4142,8128,8128
4143,22290,22290
4144,23505,23505
4145,19819,19819
4146,26115,26115
4147,28938,28938
4148,18131,18131
4149,24048,24048
4150,3438,3438
4151,19381,19381
4152,17784,17784
4153,29729,29729
4154,17325,17325
4155,17788,17788
4156,29855,29855
4157,29578,29578
4158,35773,35773
4159,26922,26922
4160,57782,57782
4161,17981,17981
4162,22139,22139
4163,12825,12825
4164,16277,16277
4165,23614,23614
4166,10544,10544
4167,42987,42987
4168,18259,18259
4169,17274,17274
4170,22202,22202
4171,44330,44330
4172,29597,29597
4173,41061,41061
4174,46156,46156
4175,19743,19743
4176,22166,22166
4177,29610,29610
4178,18279,18279
4179,48694,48694
4180,23036,23036
4181,22894,22894
4182,22178,22178
4183,19618,19618
4184,35799,35799
4185,19226,19226
4186,35801,35801
4187,35802,35802
4188,35803,35803
4189,35804,35804
4190,35805,35805
4191,42975,42975
4192,18793,18793
4193,35808,35808
4194,35809,35809
4195,35810,35810
4196,35811,35811
4197,35812,35812
4198,35813,35813
4199,35814,35814
4200,35815,35815
4201,35816,35816
4202,35817,35817
4203,35818,35818
4204,35819,35819
4205,35820,35820
4206,35821,35821
4207,35822,35822
4208,19002,19002
4209,26976,26976
4210,35825,35825
4211,35826,35826
4212,35827,35827
4213,35828,35828
4214,35829,35829
4215,19638,19638
4216,35831,35831
4217,35832,35832
4218,35833,35833
4219,35834,35834
4220,35835,35835
4221,35836,35836
4222,23518,23518
4223,18227,18227
4224,35839,35839
4225,35840,35840
4226,17462,17462
4227,35842,35842
4228,35843,35843
4229,35844,35844
4230,35845,35845
4231,19670,19670
4232,35847,35847
4233,19138,19138
4234,18249,18249
4235,18787,18787
4236,10951,10951
4237,35852,35852
4238,11527,11527
4239,18838,18838
4240,23461,23461
4241,18263,18263
4242,23464,23464
4243,18267,18267
4244,23468,23468
4245,18271,18271
4246,23472,23472
4247,17363,17363
4248,386,386
4249,42604,42604
4250,18769,18769
4251,45661,45661
4252,22175,22175
4253,18287,18287
4254,29602,29602
4255,7725,7725
4256,29614,29614
4257,35872,35872
4258,35873,35873
4259,29714,29714
4260,35875,35875
4261,29715,29715
4262,13365,13365
4263,18837,18837
4264,18839,18839
4265,35880,35880
4266,35881,35881
4267,35882,35882
4268,35883,35883
4269,35884,35884
4270,35885,35885
4271,35886,35886
4272,16722,16722
4273,35888,35888
4274,46314,46314
4275,35890,35890
4276,35891,35891
4277,35892,35892
4278,35893,35893
4279,18828,18828
4280,3654,3654
4281,11613,11613
4282,22589,22589
4283,17896,17896
4284,35899,35899
4285,29925,29925
4286,35901,35901
4287,29816,29816
4288,29479,29479
4289,17892,17892
4290,19553,19553
4291,14165,14165
4292,17959,17959
4293,45870,45870
4294,24001,24001
4295,21107,21107
4296,19258,19258
4297,19480,19480
4298,51627,51627
4299,17973,17973
4300,8423,8423
4301,12104,12104
4302,35917,35917
4303,29824,29824
4304,35919,35919
4305,35920,35920
4306,35921,35921
4307,35922,35922
4308,35923,35923
4309,17814,17814
4310,35925,35925
4311,2491,2491
4312,35927,35927
4313,35928,35928
4314,35929,35929
4315,35930,35930
4316,23233,23233
4317,17581,17581
4318,35933,35933
4319,35934,35934
4320,57706,57706
4321,43125,43125
4322,19709,19709
4323,35938,35938
4324,35939,35939
4325,19708,19708
4326,35941,35941
4327,35942,35942
4328,22631,22631
4329,22633,22633
4330,20253,20253
4331,20255,20255
4332,22639,22639
4333,20071,20071
4334,20261,20261
4335,20075,20075
4336,20121,20121
4337,35952,35952
4338,22654,22654
4339,20083,20083
4340,22655,22655
4341,20087,20087
4342,22659,22659
4343,14251,14251
4344,22663,22663
4345,21988,21988
4346,22667,22667
4347,22669,22669
4348,20289,20289
4349,20103,20103
4350,22675,22675
4351,22677,22677
4352,22187,22187
4353,44399,44399
4354,50227,50227
4355,22240,22240
4356,22242,22242
4357,22244,22244
4358,24472,24472
4359,22248,22248
4360,22250,22250
4361,12377,12377
4362,22254,22254
4363,35978,35978
4364,23024,23024
4365,35980,35980
4366,35981,35981
4367,22216,22216
4368,23032,23032
4369,17790,17790
4370,35985,35985
4371,22990,22990
4372,35987,35987
4373,23640,23640
4374,35989,35989
4375,23644,23644
4376,20065,20065
4377,20067,20067
4378,20069,20069
4379,22641,22641
4380,20073,20073
4381,20119,20119
4382,20077,20077
4383,20079,20079
4384,20125,20125
4385,22653,22653
4386,20085,20085
4387,22657,22657
4388,20089,20089
4389,20135,20135
4390,20137,20137
4391,20095,20095
4392,20097,20097
4393,20143,20143
4394,20101,20101
4395,22673,22673
4396,20105,20105
4397,20107,20107
4398,36013,36013
4399,23610,23610
4400,36015,36015
4401,20399,20399
4402,36017,36017
4403,36018,36018
4404,36019,36019
4405,20167,20167
4406,36021,36021
4407,23623,23623
4408,21096,21096
4409,20223,20223
4410,36025,36025
4411,23629,23629
4412,36027,36027
4413,20183,20183
4414,36029,36029
4415,23634,23634
4416,36031,36031
4417,20191,20191
4418,36033,36033
4419,20195,20195
4420,36035,36035
4421,20199,20199
4422,36037,36037
4423,36038,36038
4424,36039,36039
4425,36040,36040
4426,36041,36041
4427,36042,36042
4428,36043,36043
4429,36044,36044
4430,36045,36045
4431,36046,36046
4432,36047,36047
4433,36048,36048
4434,36049,36049
4435,36050,36050
4436,36051,36051
4437,36052,36052
4438,36053,36053
4439,36054,36054
4440,22671,22671
4441,36056,36056
4442,36057,36057
4443,36058,36058
4444,20374,20374
4445,27233,27233
4446,20377,20377
4447,20676,20676
4448,27211,27211
4449,23570,23570
4450,22691,22691
4451,10097,10097
4452,4051,4051
4453,41062,41062
4454,20689,20689
4455,12251,12251
4456,20784,20784
4457,22705,22705
4458,20697,20697
4459,19518,19518
4460,22711,22711
4461,26925,26925
4462,20705,20705
4463,23597,23597
4464,20709,20709
4465,22721,22721
4466,22723,22723
4467,23137,23137
4468,20442,20442
4469,17228,17228
4470,20446,20446
4471,20448,20448
4472,20554,20554
4473,13186,13186
4474,4041,4041
4475,23135,23135
4476,20774,20774
4477,23578,23578
4478,23580,23580
4479,23582,23582
4480,39297,39297
4481,24181,24181
4482,36097,36097
4483,23590,23590
4484,23594,23594
4485,51894,51894
4486,36101,36101
4487,30176,30176
4488,23600,23600
4489,21249,21249
4490,30254,30254
4491,18024,18024
4492,35448,35448
4493,12943,12943
4494,36109,36109
4495,10132,10132
4496,13307,13307
4497,21085,21085
4498,11175,11175
4499,8823,8823
4500,24709,24709
4501,14181,14181
4502,22255,22255
4503,23022,23022
4504,9154,9154
4505,36120,36120
4506,22262,22262
4507,49803,49803
4508,21108,21108
4509,22713,22713
4510,22844,22844
4511,36126,36126
4512,36127,36127
4513,22276,22276
4514,4258,4258
4515,18645,18645
4516,36131,36131
4517,36132,36132
4518,36133,36133
4519,36134,36134
4520,36135,36135
4521,23574,23574
4522,36137,36137
4523,10233,10233
4524,36139,36139
4525,36140,36140
4526,36141,36141
4527,36142,36142
4528,36143,36143
4529,36144,36144
4530,9221,9221
4531,36146,36146
4532,36147,36147
4533,21112,21112
4534,36149,36149
4535,36150,36150
4536,36151,36151
4537,36152,36152
4538,36153,36153
4539,23611,23611
4540,21300,21300
4541,22685,22685
4542,20721,20721
4543,4686,4686
4544,20385,20385
4545,26091,26091
4546,21449,21449
4547,30259,30259
4548,23581,23581
4549,20647,20647
4550,21276,21276
4551,20419,20419
4552,21236,21236
4553,21510,21510
4554,46939,46939
4555,51725,51725
4556,23596,23596
4557,51595,51595
4558,23638,23638
4559,27765,27765
4560,21165,21165
4561,29274,29274
4562,36177,36177
4563,21434,21434
4564,36179,36179
4565,21486,21486
4566,36181,36181
4567,24069,24069
4568,2696,2696
4569,21446,21446
4570,21356,21356
4571,21586,21586
4572,36187,36187
4573,21589,21589
4574,36189,36189
4575,21458,21458
4576,36191,36191
4577,51745,51745
4578,36193,36193
4579,21466,21466
4580,36195,36195
4581,36196,36196
4582,36197,36197
4583,21743,21743
4584,50261,50261
4585,26531,26531
4586,12231,12231
4587,10033,10033
4588,36203,36203
4589,16469,16469
4590,10036,10036
4591,55354,55354
4592,15721,15721
4593,10131,10131
4594,57069,57069
4595,41125,41125
4596,47128,47128
4597,27366,27366
4598,28113,28113
4599,10045,10045
4600,18466,18466
4601,10047,10047
4602,12734,12734
4603,36218,36218
4604,36219,36219
4605,36220,36220
4606,36221,36221
4607,36222,36222
4608,36223,36223
4609,36224,36224
4610,36225,36225
4611,36226,36226
4612,36227,36227
4613,36228,36228
4614,36229,36229
4615,36230,36230
4616,36231,36231
4617,36232,36232
4618,36233,36233
4619,36234,36234
4620,36235,36235
4621,36236,36236
4622,36237,36237
4623,36238,36238
4624,36239,36239
4625,36240,36240
4626,36241,36241
4627,36242,36242
4628,36243,36243
4629,36244,36244
4630,36245,36245
4631,36246,36246
4632,36247,36247
4633,36248,36248
4634,36249,36249
4635,36250,36250
4636,36251,36251
4637,36252,36252
4638,44203,44203
4639,36254,36254
4640,22813,22813
4641,22197,22197
4642,2531,2531
4643,22061,22061
4644,24710,24710
4645,10066,10066
4646,22097,22097
4647,21706,21706
4648,22201,22201
4649,36264,36264
4650,22334,22334
4651,22294,22294
4652,22298,22298
4653,22303,22303
4654,22309,22309
4655,22313,22313
4656,36271,36271
4657,22319,22319
4658,22323,22323
4659,14298,14298
4660,22423,22423
4661,22427,22427
4662,22431,22431
4663,22435,22435
4664,22439,22439
4665,22442,22442
4666,13203,13203
4667,28245,28245
4668,15583,15583
4669,22458,22458
4670,22463,22463
4671,2989,2989
4672,8878,8878
4673,22494,22494
4674,22496,22496
4675,22498,22498
4676,22500,22500
4677,22502,22502
4678,22504,22504
4679,22506,22506
4680,22509,22509
4681,22510,22510
4682,22540,22540
4683,22544,22544
4684,22548,22548
4685,22552,22552
4686,22556,22556
4687,22559,22559
4688,22563,22563
4689,22567,22567
4690,22571,22571
4691,29592,29592
4692,22580,22580
4693,21962,21962
4694,23500,23500
4695,22596,22596
4696,2548,2548
4697,22603,22603
4698,18094,18094
4699,22614,22614
4700,22617,22617
4701,22620,22620
4702,22626,22626
4703,22726,22726
4704,36319,36319
4705,22686,22686
4706,22690,22690
4707,17747,17747
4708,22697,22697
4709,23092,23092
4710,9321,9321
4711,22709,22709
4712,22712,22712
4713,22718,22718
4714,22720,22720
4715,22725,22725
4716,36331,36331
4717,22732,22732
4718,22733,22733
4719,22735,22735
4720,22737,22737
4721,22739,22739
4722,9947,9947
4723,22743,22743
4724,22745,22745
4725,22747,22747
4726,22749,22749
4727,23048,23048
4728,36343,36343
4729,23053,23053
4730,23055,23055
4731,1532,1532
4732,42374,42374
4733,23178,23178
4734,21059,21059
4735,28384,28384
4736,36839,36839
4737,29496,29496
4738,16214,16214
4739,36354,36354
4740,51475,51475
4741,22099,22099
4742,22103,22103
4743,22827,22827
4744,36359,36359
4745,22144,22144
4746,19772,19772
4747,10323,10323
4748,10327,10327
4749,10331,10331
4750,10662,10662
4751,10295,10295
4752,10387,10387
4753,10303,10303
4754,10349,10349
4755,10355,10355
4756,11227,11227
4757,36372,36372
4758,21878,21878
4759,13860,13860
4760,10151,10151
4761,11340,11340
4762,14563,14563
4763,22221,22221
4764,22079,22079
4765,10213,10213
4766,2929,2929
4767,11164,11164
4768,36383,36383
4769,10141,10141
4770,51358,51358
4771,10195,10195
4772,10155,10155
4773,26061,26061
4774,23906,23906
4775,11257,11257
4776,11309,11309
4777,28878,28878
4778,26699,26699
4779,36394,36394
4780,18394,18394
4781,6825,6825
4782,11339,11339
4783,4992,4992
4784,26072,26072
4785,13729,13729
4786,12668,12668
4787,14623,14623
4788,11265,11265
4789,21169,21169
4790,46474,46474
4791,21135,21135
4792,21139,21139
4793,21099,21099
4794,21595,21595
4795,21511,21511
4796,21515,21515
4797,21115,21115
4798,21523,21523
4799,21527,21527
4800,26100,26100
4801,26101,26101
4802,26034,26034
4803,26035,26035
4804,26104,26104
4805,26105,26105
4806,10377,10377
4807,26039,26039
4808,10343,10343
4809,10079,10079
4810,10083,10083
4811,26043,26043
4812,22047,22047
4813,41396,41396
4814,22102,22102
4815,28802,28802
4816,10287,10287
4817,10291,10291
4818,36433,36433
4819,23033,23033
4820,10347,10347
4821,21909,21909
4822,42642,42642
4823,10359,10359
4824,19816,19816
4825,10367,10367
4826,10371,10371
4827,10375,10375
4828,10065,10065
4829,10383,10383
4830,10584,10584
4831,10391,10391
4832,10395,10395
4833,10399,10399
4834,10404,10404
4835,10423,10423
4836,10427,10427
4837,10283,10283
4838,10572,10572
4839,26038,26038
4840,21857,21857
4841,26040,26040
4842,26041,26041
4843,26042,26042
4844,21865,21865
4845,36460,36460
4846,10598,10598
4847,10456,10456
4848,36463,36463
4849,22289,22289
4850,10604,10604
4851,22297,22297
4852,21849,21849
4853,10435,10435
4854,36469,36469
4855,10442,10442
4856,26156,26156
4857,36472,36472
4858,10477,10477
4859,10472,10472
4860,10460,10460
4861,36476,36476
4862,10507,10507
4863,19903,19903
4864,36479,36479
4865,10505,10505
4866,19904,19904
4867,29121,29121
4868,29450,29450
4869,19948,19948
4870,10516,10516
4871,36486,36486
4872,26123,26123
4873,18967,18967
4874,10534,10534
4875,36490,36490
4876,36491,36491
4877,40033,40033
4878,29947,29947
4879,10546,10546
4880,36495,36495
4881,10560,10560
4882,10562,10562
4883,8850,8850
4884,36499,36499
4885,10648,10648
4886,10650,10650
4887,36502,36502
4888,10792,10792
4889,10575,10575
4890,10668,10668
4891,10628,10628
4892,10632,10632
4893,10636,10636
4894,10640,10640
4895,26228,26228
4896,36511,36511
4897,26197,26197
4898,3263,3263
4899,21852,21852
4900,26920,26920
4901,26201,26201
4902,51315,51315
4903,11072,11072
4904,26237,26237
4905,10637,10637
4906,4205,4205
4907,10692,10692
4908,10696,10696
4909,51311,51311
4910,27057,27057
4911,10794,10794
4912,10712,10712
4913,10716,10716
4914,10720,10720
4915,10724,10724
4916,10728,10728
4917,36532,36532
4918,10780,10780
4919,10784,10784
4920,36535,36535
4921,36536,36536
4922,10838,10838
4923,10800,10800
4924,10804,10804
4925,10808,10808
4926,10812,10812
4927,10816,10816
4928,36543,36543
4929,26229,26229
4930,10828,10828
4931,23945,23945
4932,26069,26069
4933,9225,9225
4934,26234,26234
4935,10760,10760
4936,10764,10764
4937,29441,29441
4938,26238,26238
4939,36554,36554
4940,10824,10824
4941,10536,10536
4942,8588,8588
4943,36558,36558
4944,10882,10882
4945,10844,10844
4946,10848,10848
4947,10852,10852
4948,10856,10856
4949,10860,10860
4950,36565,36565
4951,10868,10868
4952,36567,36567
4953,36568,36568
4954,36569,36569
4955,10926,10926
4956,26129,26129
4957,10892,10892
4958,10896,10896
4959,10900,10900
4960,10948,10948
4961,36576,36576
4962,10912,10912
4963,36578,36578
4964,36579,36579
4965,10924,10924
4966,10928,10928
4967,10932,10932
4968,10936,10936
4969,10940,10940
4970,10944,10944
4971,10992,10992
4972,36587,36587
4973,10956,10956
4974,36589,36589
4975,36590,36590
4976,11012,11012
4977,36592,36592
4978,10976,10976
4979,10980,10980
4980,10984,10984
4981,10988,10988
4982,26282,26282
4983,24426,24426
4984,11088,11088
4985,36600,36600
4986,36601,36601
4987,27079,27079
4988,10927,10927
4989,11020,11020
4990,11024,11024
4991,11028,11028
4992,11032,11032
4993,10684,10684
4994,36609,36609
4995,11085,11085
4996,36611,36611
4997,36612,36612
4998,26037,26037
4999,11102,11102
5000,11108,11108
5001,11112,11112
5002,11116,11116
5003,11076,11076
5004,11080,11080
5005,36620,36620
5006,21876,21876
5007,36622,36622
5008,36623,36623
5009,11056,11056
5010,11059,11059
5011,26223,26223
5012,26130,26130
5013,26142,26142
5014,26132,26132
5015,10770,10770
5016,36631,36631
5017,26124,26124
5018,36633,36633
5019,29024,29024
5020,29436,29436
5021,36636,36636
5022,26140,26140
5023,11068,11068
5024,26131,26131
5025,30242,30242
5026,26144,26144
5027,36642,36642
5028,36643,36643
5029,36644,36644
5030,36645,36645
5031,10744,10744
5032,36647,36647
5033,22307,22307
5034,36649,36649
5035,36650,36650
5036,36651,36651
5037,10768,10768
5038,36653,36653
5039,12634,12634
5040,23899,23899
5041,23943,23943
5042,23944,23944
5043,45684,45684
5044,12129,12129
5045,15841,15841
5046,24442,24442
5047,36662,36662
5048,27584,27584
5049,17246,17246
5050,11275,11275
5051,26774,26774
5052,23796,23796
5053,36668,36668
5054,11662,11662
5055,11368,11368
5056,43206,43206
5057,26706,26706
5058,48792,48792
5059,11538,11538
5060,43892,43892
5061,2394,2394
5062,44908,44908
5063,26736,26736
5064,2436,2436
5065,23254,23254
5066,7199,7199
5067,12046,12046
5068,12005,12005
5069,11331,11331
5070,15185,15185
5071,26806,26806
5072,10199,10199
5073,11345,11345
5074,11443,11443
5075,11353,11353
5076,11405,11405
5077,13528,13528
5078,24425,24425
5079,36694,36694
5080,36695,36695
5081,27460,27460
5082,42433,42433
5083,36698,36698
5084,36699,36699
5085,24091,24091
5086,2323,2323
5087,27258,27258
5088,36703,36703
5089,20848,20848
5090,21868,21868
5091,36706,36706
5092,36707,36707
5093,30260,30260
5094,36709,36709
5095,26183,26183
5096,13323,13323
5097,27812,27812
5098,4076,4076
5099,27894,27894
5100,26874,26874
5101,8262,8262
5102,36717,36717
5103,36718,36718
5104,47034,47034
5105,36720,36720
5106,36721,36721
5107,36722,36722
5108,47327,47327
5109,26776,26776
5110,52035,52035
5111,11881,11881
5112,12135,12135
5113,26772,26772
5114,12936,12936
5115,13776,13776
5116,11729,11729
5117,21944,21944
5118,30175,30175
5119,11293,11293
5120,26769,26769
5121,26770,26770
5122,13352,13352
5123,23837,23837
5124,11224,11224
5125,26764,26764
5126,19687,19687
5127,14977,14977
5128,23982,23982
5129,28166,28166
5130,22023,22023
5131,11922,11922
5132,11286,11286
5133,45944,45944
5134,51875,51875
5135,11595,11595
5136,26965,26965
5137,36752,36752
5138,11607,11607
5139,11657,11657
5140,14485,14485
5141,26802,26802
5142,1422,1422
5143,26804,26804
5144,48605,48605
5145,26794,26794
5146,14066,14066
5147,27670,27670
5148,48625,48625
5149,12782,12782
5150,11449,11449
5151,12213,12213
5152,20354,20354
5153,23676,23676
5154,11262,11262
5155,24794,24794
5156,26805,26805
5157,26962,26962
5158,26807,26807
5159,26808,26808
5160,11645,11645
5161,26810,26810
5162,24208,24208
5163,26812,26812
5164,30106,30106
5165,10176,10176
5166,26815,26815
5167,13198,13198
5168,8412,8412
5169,51676,51676
5170,27023,27023
5171,36786,36786
5172,36787,36787
5173,36788,36788
5174,36789,36789
5175,36790,36790
5176,36791,36791
5177,24503,24503
5178,24347,24347
5179,24348,24348
5180,24349,24349
5181,30226,30226
5182,36797,36797
5183,26757,26757
5184,36799,36799
5185,12136,12136
5186,14467,14467
5187,11762,11762
5188,14125,14125
5189,36804,36804
5190,40956,40956
5191,43982,43982
5192,26742,26742
5193,29059,29059
5194,40960,40960
5195,36810,36810
5196,36811,36811
5197,36812,36812
5198,36813,36813
5199,36814,36814
5200,36815,36815
5201,36816,36816
5202,36817,36817
5203,36818,36818
5204,36819,36819
5205,36820,36820
5206,36821,36821
5207,57563,57563
5208,36823,36823
5209,36824,36824
5210,36825,36825
5211,36826,36826
5212,36827,36827
5213,36828,36828
5214,36829,36829
5215,36830,36830
5216,13801,13801
5217,36832,36832
5218,42379,42379
5219,11819,11819
5220,51644,51644
5221,36836,36836
5222,36837,36837
5223,36838,36838
5224,11824,11824
5225,36840,36840
5226,11799,11799
5227,11827,11827
5228,12205,12205
5229,37000,37000
5230,36845,36845
5231,21925,21925
5232,36847,36847
5233,11845,11845
5234,36849,36849
5235,33376,33376
5236,11848,11848
5237,36852,36852
5238,36853,36853
5239,36854,36854
5240,11860,11860
5241,36856,36856
5242,11847,11847
5243,11863,11863
5244,36859,36859
5245,15603,15603
5246,36861,36861
5247,26883,26883
5248,11872,11872
5249,36864,36864
5250,11871,11871
5251,12093,12093
5252,36867,36867
5253,36868,36868
5254,11875,11875
5255,11876,11876
5256,11877,11877
5257,11890,11890
5258,11891,11891
5259,11892,11892
5260,17932,17932
5261,13940,13940
5262,36877,36877
5263,36878,36878
5264,36879,36879
5265,36880,36880
5266,36881,36881
5267,36882,36882
5268,26723,26723
5269,36884,36884
5270,23871,23871
5271,22759,22759
5272,36887,36887
5273,36888,36888
5274,36889,36889
5275,36890,36890
5276,36891,36891
5277,36892,36892
5278,11909,11909
5279,11397,11397
5280,36895,36895
5281,36896,36896
5282,36897,36897
5283,36898,36898
5284,36899,36899
5285,36900,36900
5286,44188,44188
5287,11902,11902
5288,21965,21965
5289,12050,12050
5290,11577,11577
5291,12012,12012
5292,11928,11928
5293,11978,11978
5294,12026,12026
5295,12028,12028
5296,11495,11495
5297,38534,38534
5298,48708,48708
5299,26716,26716
5300,36915,36915
5301,27832,27832
5302,27676,27676
5303,11754,11754
5304,11934,11934
5305,1431,1431
5306,2579,2579
5307,12255,12255
5308,12080,12080
5309,22183,22183
5310,11523,11523
5311,36926,36926
5312,2733,2733
5313,14007,14007
5314,26929,26929
5315,24716,24716
5316,11545,11545
5317,7619,7619
5318,41761,41761
5319,11655,11655
5320,11656,11656
5321,11955,11955
5322,48842,48842
5323,24428,24428
5324,47126,47126
5325,36646,36646
5326,2495,2495
5327,29543,29543
5328,28049,28049
5329,44359,44359
5330,26934,26934
5331,11363,11363
5332,28021,28021
5333,36948,36948
5334,36949,36949
5335,36950,36950
5336,36951,36951
5337,8923,8923
5338,1643,1643
5339,36954,36954
5340,36955,36955
5341,11715,11715
5342,36957,36957
5343,29550,29550
5344,22067,22067
5345,41063,41063
5346,28074,28074
5347,36962,36962
5348,12092,12092
5349,52367,52367
5350,36965,36965
5351,36966,36966
5352,12096,12096
5353,36968,36968
5354,36969,36969
5355,36970,36970
5356,36971,36971
5357,36972,36972
5358,36973,36973
5359,36974,36974
5360,36975,36975
5361,36976,36976
5362,36977,36977
5363,36978,36978
5364,36979,36979
5365,36980,36980
5366,36981,36981
5367,36982,36982
5368,36983,36983
5369,36984,36984
5370,36985,36985
5371,36986,36986
5372,36987,36987
5373,36988,36988
5374,36989,36989
5375,36990,36990
5376,36991,36991
5377,36992,36992
5378,36993,36993
5379,36994,36994
5380,36995,36995
5381,21866,21866
5382,22143,22143
5383,22022,22022
5384,17219,17219
5385,12152,12152
5386,37001,37001
5387,37002,37002
5388,37003,37003
5389,37004,37004
5390,37005,37005
5391,37006,37006
5392,37007,37007
5393,37008,37008
5394,37009,37009
5395,37010,37010
5396,37011,37011
5397,37012,37012
5398,37013,37013
5399,37014,37014
5400,37015,37015
5401,37016,37016
5402,37017,37017
5403,37018,37018
5404,37019,37019
5405,27053,27053
5406,44182,44182
5407,13508,13508
5408,37023,37023
5409,37024,37024
5410,37025,37025
5411,37026,37026
5412,37027,37027
5413,27825,27825
5414,37029,37029
5415,37030,37030
5416,37031,37031
5417,37032,37032
5418,12196,12196
5419,12197,12197
5420,37035,37035
5421,37036,37036
5422,37037,37037
5423,37038,37038
5424,37039,37039
5425,37040,37040
5426,37041,37041
5427,12185,12185
5428,12164,12164
5429,37044,37044
5430,37045,37045
5431,37046,37046
5432,37047,37047
5433,37048,37048
5434,37049,37049
5435,37050,37050
5436,37051,37051
5437,37052,37052
5438,12151,12151
5439,12215,12215
5440,37055,37055
5441,37056,37056
5442,37057,37057
5443,37058,37058
5444,37059,37059
5445,37060,37060
5446,37061,37061
5447,12186,12186
5448,12165,12165
5449,3434,3434
5450,37065,37065
5451,13086,13086
5452,37067,37067
5453,37068,37068
5454,37069,37069
5455,37070,37070
5456,11737,11737
5457,12250,12250
5458,37073,37073
5459,12154,12154
5460,26748,26748
5461,37076,37076
5462,37077,37077
5463,37078,37078
5464,37079,37079
5465,12207,12207
5466,37081,37081
5467,37082,37082
5468,37083,37083
5469,37084,37084
5470,37085,37085
5471,37086,37086
5472,37087,37087
5473,37088,37088
5474,21987,21987
5475,37090,37090
5476,37091,37091
5477,37092,37092
5478,37093,37093
5479,37094,37094
5480,12226,12226
5481,37096,37096
5482,10172,10172
5483,13102,13102
5484,21927,21927
5485,37100,37100
5486,37101,37101
5487,12248,12248
5488,37103,37103
5489,37104,37104
5490,37105,37105
5491,37106,37106
5492,37107,37107
5493,37108,37108
5494,37109,37109
5495,37110,37110
5496,37111,37111
5497,37112,37112
5498,37113,37113
5499,37114,37114
5500,16275,16275
5501,51531,51531
5502,22760,22760
5503,13281,13281
5504,12654,12654
5505,12089,12089
5506,13291,13291
5507,37122,37122
5508,42214,42214
5509,27201,27201
5510,27280,27280
5511,27281,27281
5512,27160,27160
5513,27161,27161
5514,27162,27162
5515,27163,27163
5516,37131,37131
5517,37132,37132
5518,27166,27166
5519,36844,36844
5520,26614,26614
5521,46937,46937
5522,27650,27650
5523,12642,12642
5524,27061,27061
5525,22791,22791
5526,11800,11800
5527,37142,37142
5528,27188,27188
5529,27189,27189
5530,27190,27190
5531,37146,37146
5532,27192,27192
5533,23879,23879
5534,37149,37149
5535,12626,12626
5536,27196,27196
5537,24423,24423
5538,29004,29004
5539,29326,29326
5540,27282,27282
5541,27283,27283
5542,27877,27877
5543,46525,46525
5544,27982,27982
5545,47198,47198
5546,27194,27194
5547,47201,47201
5548,28377,28377
5549,27197,27197
5550,27040,27040
5551,12732,12732
5552,37167,37167
5553,27329,27329
5554,27229,27229
5555,48058,48058
5556,46903,46903
5557,37172,37172
5558,11203,11203
5559,27207,27207
5560,27303,27303
5561,27312,27312
5562,26415,26415
5563,26726,26726
5564,13178,13178
5565,27228,27228
5566,27227,27227
5567,27230,27230
5568,28032,28032
5569,15318,15318
5570,7765,7765
5571,12525,12525
5572,12526,12526
5573,12527,12527
5574,12528,12528
5575,37190,37190
5576,37191,37191
5577,13292,13292
5578,37193,37193
5579,37194,37194
5580,27332,27332
5581,27333,27333
5582,27334,27334
5583,12786,12786
5584,26609,26609
5585,20376,20376
5586,37201,37201
5587,44686,44686
5588,48654,48654
5589,27295,27295
5590,27217,27217
5591,1645,1645
5592,14241,14241
5593,27251,27251
5594,12078,12078
5595,22809,22809
5596,23450,23450
5597,24150,24150
5598,7749,7749
5599,26579,26579
5600,11793,11793
5601,44481,44481
5602,32006,32006
5603,21898,21898
5604,42994,42994
5605,23941,23941
5606,23750,23750
5607,17496,17496
5608,6800,6800
5609,27917,27917
5610,26572,26572
5611,27259,27259
5612,37227,37227
5613,12663,12663
5614,3119,3119
5615,12711,12711
5616,26604,26604
5617,12237,12237
5618,12686,12686
5619,8104,8104
5620,12544,12544
5621,32000,32000
5622,27381,27381
5623,27799,27799
5624,12616,12616
5625,26933,26933
5626,49541,49541
5627,2578,2578
5628,53886,53886
5629,12822,12822
5630,22583,22583
5631,24085,24085
5632,27202,27202
5633,27203,27203
5634,37249,37249
5635,37250,37250
5636,12408,12408
5637,41887,41887
5638,28134,28134
5639,6118,6118
5640,28942,28942
5641,46940,46940
5642,47212,47212
5643,26576,26576
5644,12950,12950
5645,27235,27235
5646,11752,11752
5647,27376,27376
5648,2936,2936
5649,27249,27249
5650,8014,8014
5651,26932,26932
5652,16162,16162
5653,44380,44380
5654,21963,21963
5655,29107,29107
5656,29323,29323
5657,13618,13618
5658,37273,37273
5659,37274,37274
5660,37275,37275
5661,37276,37276
5662,37277,37277
5663,27374,27374
5664,27375,27375
5665,23751,23751
5666,11765,11765
5667,46953,46953
5668,23238,23238
5669,23242,23242
5670,23246,23246
5671,12858,12858
5672,22041,22041
5673,12415,12415
5674,12419,12419
5675,14196,14196
5676,2580,2580
5677,37292,37292
5678,12034,12034
5679,33466,33466
5680,23562,23562
5681,27213,27213
5682,22757,22757
5683,27331,27331
5684,27244,27244
5685,27245,27245
5686,27338,27338
5687,24050,24050
5688,12534,12534
5689,37304,37304
5690,37305,37305
5691,27862,27862
5692,8155,8155
5693,26860,26860
5694,14070,14070
5695,27049,27049
5696,14669,14669
5697,11606,11606
5698,12241,12241
5699,12692,12692
5700,27380,27380
5701,27361,27361
5702,27362,27362
5703,37318,37318
5704,27993,27993
5705,27813,27813
5706,13725,13725
5707,22843,22843
5708,12337,12337
5709,13907,13907
5710,26854,26854
5711,12946,12946
5712,26422,26422
5713,26705,26705
5714,13736,13736
5715,27335,27335
5716,27394,27394
5717,14949,14949
5718,23868,23868
5719,3400,3400
5720,27145,27145
5721,29546,29546
5722,40041,40041
5723,14134,14134
5724,13008,13008
5725,12938,12938
5726,27903,27903
5727,27215,27215
5728,30093,30093
5729,3051,3051
5730,27315,27315
5731,22043,22043
5732,27164,27164
5733,27165,27165
5734,1641,1641
5735,13283,13283
5736,29137,29137
5737,27385,27385
5738,19158,19158
5739,27916,27916
5740,27388,27388
5741,12944,12944
5742,13303,13303
5743,27415,27415
5744,23864,23864
5745,17367,17367
5746,23779,23779
5747,26584,26584
5748,27342,27342
5749,24116,24116
5750,8016,8016
5751,44431,44431
5752,27400,27400
5753,27401,27401
5754,27402,27402
5755,37370,37370
5756,37371,37371
5757,37372,37372
5758,37373,37373
5759,37374,37374
5760,41535,41535
5761,37376,37376
5762,22045,22045
5763,27409,27409
5764,27577,27577
5765,23840,23840
5766,14130,14130
5767,27086,27086
5768,17346,17346
5769,27330,27330
5770,27435,27435
5771,13336,13336
5772,13338,13338
5773,23132,23132
5774,27420,27420
5775,27421,27421
5776,27422,27422
5777,27423,27423
5778,27424,27424
5779,37394,37394
5780,51449,51449
5781,37396,37396
5782,37397,37397
5783,37398,37398
5784,37399,37399
5785,36205,36205
5786,37401,37401
5787,37402,37402
5788,37403,37403
5789,28228,28228
5790,27383,27383
5791,27418,27418
5792,27419,27419
5793,27439,27439
5794,27440,27440
5795,37410,37410
5796,37411,37411
5797,37412,37412
5798,37413,37413
5799,37414,37414
5800,37415,37415
5801,37416,37416
5802,37417,37417
5803,37418,37418
5804,37419,37419
5805,37420,37420
5806,37421,37421
5807,24695,24695
5808,37423,37423
5809,6509,6509
5810,37425,37425
5811,37426,37426
5812,27509,27509
5813,24694,24694
5814,27896,27896
5815,12602,12602
5816,21942,21942
5817,32107,32107
5818,27573,27573
5819,53778,53778
5820,27566,27566
5821,12501,12501
5822,13826,13826
5823,49286,49286
5824,14163,14163
5825,13782,13782
5826,23904,23904
5827,14791,14791
5828,33643,33643
5829,7412,7412
5830,13773,13773
5831,37446,37446
5832,37447,37447
5833,37448,37448
5834,13777,13777
5835,37450,37450
5836,13808,13808
5837,13783,13783
5838,37473,37473
5839,37454,37454
5840,13812,13812
5841,13813,13813
5842,37457,37457
5843,37458,37458
5844,37459,37459
5845,37460,37460
5846,37451,37451
5847,37462,37462
5848,13785,13785
5849,37464,37464
5850,13822,13822
5851,37466,37466
5852,37467,37467
5853,37468,37468
5854,37469,37469
5855,37470,37470
5856,13781,13781
5857,37472,37472
5858,22775,22775
5859,37474,37474
5860,13498,13498
5861,37476,37476
5862,13828,13828
5863,13829,13829
5864,13830,13830
5865,13831,13831
5866,13832,13832
5867,13833,13833
5868,13834,13834
5869,37484,37484
5870,23355,23355
5871,14030,14030
5872,44046,44046
5873,37488,37488
5874,13837,13837
5875,37490,37490
5876,37491,37491
5877,47320,47320
5878,37493,37493
5879,15689,15689
5880,37495,37495
5881,11044,11044
5882,22025,22025
5883,14043,14043
5884,23376,23376
5885,37500,37500
5886,37501,37501
5887,37502,37502
5888,37503,37503
5889,37504,37504
5890,37505,37505
5891,37506,37506
5892,37507,37507
5893,37508,37508
5894,37509,37509
5895,37510,37510
5896,37511,37511
5897,37512,37512
5898,37513,37513
5899,37514,37514
5900,37515,37515
5901,37516,37516
5902,37517,37517
5903,37518,37518
5904,37519,37519
5905,37520,37520
5906,37521,37521
5907,37522,37522
5908,44334,44334
5909,27113,27113
5910,3327,3327
5911,48674,48674
5912,51479,51479
5913,13820,13820
5914,14049,14049
5915,17141,17141
5916,23846,23846
5917,24188,24188
5918,14021,14021
5919,43941,43941
5920,37535,37535
5921,23175,23175
5922,14074,14074
5923,37538,37538
5924,37539,37539
5925,37540,37540
5926,13881,13881
5927,44830,44830
5928,37543,37543
5929,13983,13983
5930,47306,47306
5931,13966,13966
5932,29529,29529
5933,12677,12677
5934,13972,13972
5935,13974,13974
5936,13937,13937
5937,27810,27810
5938,27694,27694
5939,43924,43924
5940,23125,23125
5941,13947,13947
5942,13989,13989
5943,13930,13930
5944,14213,14213
5945,33655,33655
5946,13957,13957
5947,22831,22831
5948,13961,13961
5949,27695,27695
5950,13924,13924
5951,41703,41703
5952,13969,13969
5953,27709,27709
5954,14013,14013
5955,30164,30164
5956,13977,13977
5957,13978,13978
5958,13941,13941
5959,27634,27634
5960,2305,2305
5961,13987,13987
5962,13929,13929
5963,44677,44677
5964,11347,11347
5965,13318,13318
5966,37581,37581
5967,32154,32154
5968,23059,23059
5969,13963,13963
5970,12541,12541
5971,7445,7445
5972,44086,44086
5973,27593,27593
5974,9134,9134
5975,14015,14015
5976,48123,48123
5977,14018,14018
5978,27371,27371
5979,37594,37594
5980,37595,37595
5981,37596,37596
5982,37597,37597
5983,37598,37598
5984,37599,37599
5985,37600,37600
5986,11332,11332
5987,37602,37602
5988,37603,37603
5989,37497,37497
5990,37605,37605
5991,37606,37606
5992,37607,37607
5993,37608,37608
5994,37609,37609
5995,37610,37610
5996,37611,37611
5997,3395,3395
5998,27664,27664
5999,44467,44467
6000,19210,19210
6001,23905,23905
6002,26476,26476
6003,28102,28102
6004,27693,27693
6005,11910,11910
6006,14004,14004
6007,27911,27911
6008,37623,37623
6009,50430,50430
6010,37625,37625
6011,22209,22209
6012,47197,47197
6013,26712,26712
6014,13984,13984
6015,37630,37630
6016,37631,37631
6017,41749,41749
6018,14104,14104
6019,14106,14106
6020,37635,37635
6021,37636,37636
6022,37637,37637
6023,37638,37638
6024,11473,11473
6025,29341,29341
6026,37641,37641
6027,37642,37642
6028,37643,37643
6029,41067,41067
6030,28027,28027
6031,28809,28809
6032,37647,37647
6033,2585,2585
6034,37649,37649
6035,37650,37650
6036,37651,37651
6037,37652,37652
6038,37653,37653
6039,37654,37654
6040,37655,37655
6041,37656,37656
6042,37657,37657
6043,12606,12606
6044,4916,4916
6045,14135,14135
6046,37661,37661
6047,37662,37662
6048,2522,2522
6049,37664,37664
6050,37665,37665
6051,37666,37666
6052,37667,37667
6053,37668,37668
6054,37669,37669
6055,37670,37670
6056,37671,37671
6057,37672,37672
6058,37673,37673
6059,37674,37674
6060,37675,37675
6061,37676,37676
6062,37677,37677
6063,37678,37678
6064,37679,37679
6065,37680,37680
6066,37681,37681
6067,37682,37682
6068,37683,37683
6069,37684,37684
6070,23191,23191
6071,22142,22142
6072,27715,27715
6073,14234,14234
6074,37689,37689
6075,14236,14236
6076,14237,14237
6077,14238,14238
6078,37693,37693
6079,17969,17969
6080,14025,14025
6081,37696,37696
6082,37697,37697
6083,14039,14039
6084,37699,37699
6085,14199,14199
6086,37701,37701
6087,13754,13754
6088,14247,14247
6089,14190,14190
6090,37705,37705
6091,1520,1520
6092,37707,37707
6093,37708,37708
6094,37709,37709
6095,32155,32155
6096,37711,37711
6097,37712,37712
6098,37713,37713
6099,37714,37714
6100,37715,37715
6101,37716,37716
6102,37717,37717
6103,37718,37718
6104,37719,37719
6105,37720,37720
6106,37721,37721
6107,22381,22381
6108,22385,22385
6109,22389,22389
6110,22393,22393
6111,22397,22397
6112,22401,22401
6113,22405,22405
6114,22409,22409
6115,22413,22413
6116,22416,22416
6117,22420,22420
6118,26167,26167
6119,15385,15385
6120,14411,14411
6121,57840,57840
6122,37737,37737
6123,14405,14405
6124,14401,14401
6125,14421,14421
6126,14427,14427
6127,14475,14475
6128,37743,37743
6129,14437,14437
6130,14443,14443
6131,15181,15181
6132,37747,37747
6133,14449,14449
6134,14913,14913
6135,14447,14447
6136,14465,14465
6137,14915,14915
6138,14499,14499
6139,14461,14461
6140,14513,14513
6141,15398,15398
6142,15315,15315
6143,14967,14967
6144,14531,14531
6145,11567,11567
6146,15683,15683
6147,14519,14519
6148,14547,14547
6149,46987,46987
6150,9095,9095
6151,14509,14509
6152,14537,14537
6153,14543,14543
6154,28192,28192
6155,15187,15187
6156,14651,14651
6157,27937,27937
6158,14585,14585
6159,14591,14591
6160,14643,14643
6161,13196,13196
6162,45232,45232
6163,14655,14655
6164,14659,14659
6165,14663,14663
6166,14987,14987
6167,8000,8000
6168,14675,14675
6169,37784,37784
6170,14633,14633
6171,14639,14639
6172,14707,14707
6173,14647,14647
6174,23129,23129
6175,30105,30105
6176,22565,22565
6177,22889,22889
6178,14795,14795
6179,27947,27947
6180,28347,28347
6181,37796,37796
6182,14681,14681
6183,14687,14687
6184,41903,41903
6185,20773,20773
6186,14881,14881
6187,6824,6824
6188,2939,2939
6189,27945,27945
6190,14839,14839
6191,23492,23492
6192,21141,21141
6193,14677,14677
6194,14697,14697
6195,14703,14703
6196,14739,14739
6197,14695,14695
6198,14713,14713
6199,14719,14719
6200,15225,15225
6201,14709,14709
6202,14729,14729
6203,14735,14735
6204,2325,2325
6205,14725,14725
6206,14745,14745
6207,14751,14751
6208,14769,14769
6209,24310,24310
6210,14761,14761
6211,14767,14767
6212,14523,14523
6213,14757,14757
6214,14805,14805
6215,14811,14811
6216,14917,14917
6217,27340,27340
6218,14971,14971
6219,14827,14827
6220,14831,14831
6221,14834,14834
6222,15805,15805
6223,14796,14796
6224,14847,14847
6225,14849,14849
6226,14809,14809
6227,14859,14859
6228,9097,9097
6229,14821,14821
6230,2541,2541
6231,14891,14891
6232,15114,15114
6233,14943,14943
6234,14903,14903
6235,14907,14907
6236,14865,14865
6237,23795,23795
6238,27009,27009
6239,7761,7761
6240,14909,14909
6241,15003,15003
6242,14919,14919
6243,15011,15011
6244,12416,12416
6245,14975,14975
6246,14935,14935
6247,14983,14983
6248,14941,14941
6249,14991,14991
6250,14995,14995
6251,27950,27950
6252,23456,23456
6253,2537,2537
6254,28010,28010
6255,14925,14925
6256,28056,28056
6257,28194,28194
6258,28014,28014
6259,29049,29049
6260,28339,28339
6261,28017,28017
6262,14997,14997
6263,14959,14959
6264,15049,15049
6265,15055,15055
6266,15057,15057
6267,15019,15019
6268,15023,15023
6269,15027,15027
6270,15073,15073
6271,15035,15035
6272,15039,15039
6273,15041,15041
6274,15047,15047
6275,15093,15093
6276,15184,15184
6277,1676,1676
6278,15063,15063
6279,15067,15067
6280,15071,15071
6281,15163,15163
6282,15079,15079
6283,15083,15083
6284,15085,15085
6285,15091,15091
6286,56617,56617
6287,11763,11763
6288,44662,44662
6289,15107,15107
6290,15111,15111
6291,15158,15158
6292,15295,15295
6293,15123,15123
6294,15127,15127
6295,15129,15129
6296,15135,15135
6297,15649,15649
6298,15143,15143
6299,45004,45004
6300,15151,15151
6301,15155,15155
6302,15159,15159
6303,15849,15849
6304,15167,15167
6305,15171,15171
6306,15173,15173
6307,15221,15221
6308,2713,2713
6309,15275,15275
6310,15569,15569
6311,26474,26474
6312,15199,15199
6313,15246,15246
6314,15207,15207
6315,15211,15211
6316,15215,15215
6317,15217,15217
6318,15223,15223
6319,15227,15227
6320,14503,14503
6321,28143,28143
6322,23731,23731
6323,15243,15243
6324,48836,48836
6325,15251,15251
6326,15253,15253
6327,15259,15259
6328,15261,15261
6329,15267,15267
6330,15781,15781
6331,14527,14527
6332,15233,15233
6333,15283,15283
6334,15287,15287
6335,15291,15291
6336,15803,15803
6337,37952,37952
6338,15303,15303
6339,15305,15305
6340,15311,15311
6341,1102,1102
6342,15319,15319
6343,15657,15657
6344,15327,15327
6345,15331,15331
6346,27300,27300
6347,15339,15339
6348,15343,15343
6349,15347,15347
6350,15551,15551
6351,15557,15557
6352,15825,15825
6353,15653,15653
6354,14927,14927
6355,15573,15573
6356,15577,15577
6357,15669,15669
6358,48795,48795
6359,21957,21957
6360,15725,15725
6361,37976,37976
6362,15361,15361
6363,15362,15362
6364,37979,37979
6365,15364,15364
6366,15365,15365
6367,37982,37982
6368,15367,15367
6369,37984,37984
6370,15369,15369
6371,37986,37986
6372,37987,37987
6373,37988,37988
6374,37989,37989
6375,37990,37990
6376,37991,37991
6377,37992,37992
6378,37993,37993
6379,37994,37994
6380,37995,37995
6381,37996,37996
6382,37997,37997
6383,37998,37998
6384,37999,37999
6385,38000,38000
6386,38001,38001
6387,15386,15386
6388,38003,38003
6389,38004,38004
6390,38005,38005
6391,38006,38006
6392,38007,38007
6393,38008,38008
6394,38009,38009
6395,38010,38010
6396,38011,38011
6397,38012,38012
6398,38013,38013
6399,38014,38014
6400,38015,38015
6401,38016,38016
6402,38017,38017
6403,38018,38018
6404,38019,38019
6405,38020,38020
6406,38021,38021
6407,38022,38022
6408,38023,38023
6409,38024,38024
6410,38025,38025
6411,38026,38026
6412,38027,38027
6413,38028,38028
6414,38029,38029
6415,38030,38030
6416,38031,38031
6417,38032,38032
6418,38033,38033
6419,38034,38034
6420,38035,38035
6421,38036,38036
6422,15421,15421
6423,38038,38038
6424,38039,38039
6425,38040,38040
6426,38041,38041
6427,38042,38042
6428,38043,38043
6429,15428,15428
6430,15429,15429
6431,15430,15430
6432,15431,15431
6433,38048,38048
6434,15433,15433
6435,38050,38050
6436,38051,38051
6437,38052,38052
6438,38053,38053
6439,38054,38054
6440,38055,38055
6441,15440,15440
6442,38057,38057
6443,38058,38058
6444,38059,38059
6445,38060,38060
6446,38061,38061
6447,38062,38062
6448,38063,38063
6449,38064,38064
6450,38065,38065
6451,38066,38066
6452,38067,38067
6453,38068,38068
6454,38069,38069
6455,38070,38070
6456,38071,38071
6457,38072,38072
6458,38073,38073
6459,38074,38074
6460,38075,38075
6461,38076,38076
6462,38077,38077
6463,38078,38078
6464,38079,38079
6465,38080,38080
6466,38081,38081
6467,38082,38082
6468,38083,38083
6469,38084,38084
6470,38085,38085
6471,38086,38086
6472,38087,38087
6473,38088,38088
6474,38089,38089
6475,38090,38090
6476,38091,38091
6477,38092,38092
6478,38093,38093
6479,38094,38094
6480,38095,38095
6481,38096,38096
6482,38097,38097
6483,38098,38098
6484,38099,38099
6485,38100,38100
6486,38101,38101
6487,38102,38102
6488,38103,38103
6489,38104,38104
6490,38105,38105
6491,38106,38106
6492,38107,38107
6493,38108,38108
6494,15493,15493
6495,38110,38110
6496,15495,15495
6497,15496,15496
6498,38113,38113
6499,38114,38114
6500,15499,15499
6501,15500,15500
6502,38117,38117
6503,38118,38118
6504,15503,15503
6505,38120,38120
6506,38121,38121
6507,38122,38122
6508,38123,38123
6509,38124,38124
6510,38125,38125
6511,38126,38126
6512,38127,38127
6513,38128,38128
6514,38129,38129
6515,38130,38130
6516,38131,38131
6517,15516,15516
6518,38133,38133
6519,38134,38134
6520,15519,15519
6521,38136,38136
6522,38137,38137
6523,38138,38138
6524,38139,38139
6525,38140,38140
6526,38141,38141
6527,38142,38142
6528,38143,38143
6529,38144,38144
6530,38145,38145
6531,38146,38146
6532,38147,38147
6533,38148,38148
6534,38149,38149
6535,38150,38150
6536,38151,38151
6537,38152,38152
6538,38153,38153
6539,38154,38154
6540,38155,38155
6541,38156,38156
6542,38157,38157
6543,38158,38158
6544,38159,38159
6545,38160,38160
6546,38161,38161
6547,38162,38162
6548,38163,38163
6549,38164,38164
6550,38165,38165
6551,38166,38166
6552,38167,38167
6553,38168,38168
6554,38169,38169
6555,38170,38170
6556,38171,38171
6557,38172,38172
6558,38173,38173
6559,38174,38174
6560,38175,38175
6561,38176,38176
6562,38177,38177
6563,15771,15771
6564,15645,15645
6565,44353,44353
6566,28322,28322
6567,15788,15788
6568,15661,15661
6569,15621,15621
6570,28326,28326
6571,22573,22573
6572,15677,15677
6573,15681,15681
6574,28695,28695
6575,11918,11918
6576,15605,15605
6577,15609,15609
6578,15611,15611
6579,28078,28078
6580,15753,15753
6581,15625,15625
6582,15629,15629
6583,42173,42173
6584,28340,28340
6585,15639,15639
6586,15777,15777
6587,402,402
6588,15785,15785
6589,15833,15833
6590,15749,15749
6591,15709,15709
6592,15713,15713
6593,26986,26986
6594,15809,15809
6595,15813,15813
6596,15595,15595
6597,13857,13857
6598,15693,15693
6599,13497,13497
6600,15377,15377
6601,22560,22560
6602,23103,23103
6603,15801,15801
6604,15847,15847
6605,28016,28016
6606,28094,28094
6607,16832,16832
6608,15731,15731
6609,29096,29096
6610,15741,15741
6611,2538,2538
6612,11897,11897
6613,28068,28068
6614,11539,11539
6615,12891,12891
6616,10046,10046
6617,28373,28373
6618,28007,28007
6619,15821,15821
6620,41866,41866
6621,15829,15829
6622,15832,15832
6623,15837,15837
6624,11543,11543
6625,15845,15845
6626,27172,27172
6627,15853,15853
6628,15857,15857
6629,28385,28385
6630,23363,23363
6631,14963,14963
6632,47324,47324
6633,45188,45188
6634,18057,18057
6635,28079,28079
6636,27988,27988
6637,23319,23319
6638,29600,29600
6639,16609,16609
6640,27175,27175
6641,28810,28810
6642,28811,28811
6643,28812,28812
6644,28813,28813
6645,28814,28814
6646,28815,28815
6647,28816,28816
6648,28817,28817
6649,28818,28818
6650,28819,28819
6651,28820,28820
6652,23357,23357
6653,23359,23359
6654,23365,23365
6655,23367,23367
6656,23371,23371
6657,23375,23375
6658,23379,23379
6659,23383,23383
6660,23387,23387
6661,23391,23391
6662,23395,23395
6663,23399,23399
6664,22186,22186
6665,46507,46507
6666,16068,16068
6667,23295,23295
6668,23299,23299
6669,23303,23303
6670,23307,23307
6671,13953,13953
6672,23444,23444
6673,10209,10209
6674,23323,23323
6675,15383,15383
6676,15905,15905
6677,15909,15909
6678,15913,15913
6679,15917,15917
6680,15921,15921
6681,15925,15925
6682,15929,15929
6683,15933,15933
6684,15937,15937
6685,15941,15941
6686,15945,15945
6687,22049,22049
6688,51476,51476
6689,22057,22057
6690,28169,28169
6691,2296,2296
6692,22835,22835
6693,27976,27976
6694,22173,22173
6695,22081,22081
6696,22993,22993
6697,22281,22281
6698,16130,16130
6699,8126,8126
6700,16074,16074
6701,16124,16124
6702,16082,16082
6703,16178,16178
6704,22644,22644
6705,29074,29074
6706,16096,16096
6707,16193,16193
6708,21948,21948
6709,16110,16110
6710,16112,16112
6711,16166,16166
6712,42464,42464
6713,29070,29070
6714,29067,29067
6715,16133,16133
6716,16088,16088
6717,29086,29086
6718,29087,29087
6719,16194,16194
6720,16106,16106
6721,16158,16158
6722,16601,16601
6723,13278,13278
6724,21997,21997
6725,12736,12736
6726,29095,29095
6727,29069,29069
6728,29097,29097
6729,29098,29098
6730,29099,29099
6731,29100,29100
6732,29101,29101
6733,28037,28037
6734,29103,29103
6735,29104,29104
6736,22907,22907
6737,13159,13159
6738,44362,44362
6739,22150,22150
6740,29248,29248
6741,15095,15095
6742,16299,16299
6743,22181,22181
6744,22938,22938
6745,16310,16310
6746,3474,3474
6747,45527,45527
6748,16340,16340
6749,16444,16444
6750,57202,57202
6751,16501,16501
6752,16348,16348
6753,14302,14302
6754,22538,22538
6755,16368,16368
6756,16372,16372
6757,16360,16360
6758,16364,16364
6759,22800,22800
6760,11229,11229
6761,29181,29181
6762,16581,16581
6763,16401,16401
6764,16613,16613
6765,46301,46301
6766,16393,16393
6767,16416,16416
6768,16421,16421
6769,16425,16425
6770,16496,16496
6771,16413,16413
6772,16417,16417
6773,16441,16441
6774,16493,16493
6775,16512,16512
6776,16433,16433
6777,16456,16456
6778,16489,16489
6779,16830,16830
6780,16616,16616
6781,16453,16453
6782,16504,16504
6783,42666,42666
6784,16465,16465
6785,2554,2554
6786,16552,16552
6787,16557,16557
6788,16481,16481
6789,29370,29370
6790,29147,29147
6791,16509,16509
6792,41369,41369
6793,16929,16929
6794,16505,16505
6795,16525,16525
6796,16529,16529
6797,16517,16517
6798,16536,16536
6799,16016,16016
6800,16704,16704
6801,16533,16533
6802,29250,29250
6803,16585,16585
6804,40871,40871
6805,45435,45435
6806,16641,16641
6807,16645,16645
6808,16649,16649
6809,18825,18825
6810,29179,29179
6811,29129,29129
6812,17041,17041
6813,29131,29131
6814,29249,29249
6815,29184,29184
6816,29185,29185
6817,29186,29186
6818,29187,29187
6819,29188,29188
6820,29116,29116
6821,16657,16657
6822,16748,16748
6823,16621,16621
6824,16625,16625
6825,16716,16716
6826,16633,16633
6827,3436,3436
6828,16685,16685
6829,16689,16689
6830,16480,16480
6831,18026,18026
6832,16701,16701
6833,16792,16792
6834,16665,16665
6835,16712,16712
6836,16717,16717
6837,16720,16720
6838,16813,16813
6839,16729,16729
6840,16733,16733
6841,16737,16737
6842,45494,45494
6843,16745,16745
6844,16836,16836
6845,16709,16709
6846,16713,16713
6847,16761,16761
6848,16721,16721
6849,45479,45479
6850,49540,49540
6851,16777,16777
6852,16781,16781
6853,16785,16785
6854,16789,16789
6855,16880,16880
6856,16753,16753
6857,16757,16757
6858,16805,16805
6859,16765,16765
6860,45490,45490
6861,16771,16771
6862,16821,16821
6863,16825,16825
6864,16829,16829
6865,46018,46018
6866,16356,16356
6867,16797,16797
6868,16801,16801
6869,16893,16893
6870,16941,16941
6871,45501,45501
6872,16156,16156
6873,16865,16865
6874,16869,16869
6875,16917,16917
6876,16877,16877
6877,16923,16923
6878,16841,16841
6879,16290,16290
6880,43950,43950
6881,55558,55558
6882,29251,29251
6883,16553,16553
6884,16909,16909
6885,16913,16913
6886,29255,29255
6887,16921,16921
6888,16925,16925
6889,16885,16885
6890,3075,3075
6891,29260,29260
6892,16894,16894
6893,29262,29262
6894,1617,1617
6895,16953,16953
6896,16957,16957
6897,16961,16961
6898,14259,14259
6899,16282,16282
6900,7728,7728
6901,38516,38516
6902,16937,16937
6903,16938,16938
6904,9363,9363
6905,23131,23131
6906,3078,3078
6907,15105,15105
6908,19717,19717
6909,38524,38524
6910,38525,38525
6911,38526,38526
6912,17159,17159
6913,38528,38528
6914,38529,38529
6915,18372,18372
6916,27351,27351
6917,38532,38532
6918,38533,38533
6919,29400,29400
6920,38535,38535
6921,38536,38536
6922,38537,38537
6923,38538,38538
6924,38539,38539
6925,38540,38540
6926,38541,38541
6927,38542,38542
6928,38543,38543
6929,38544,38544
6930,38545,38545
6931,38546,38546
6932,38547,38547
6933,38548,38548
6934,38549,38549
6935,38550,38550
6936,45883,45883
6937,38552,38552
6938,45584,45584
6939,38554,38554
6940,38555,38555
6941,38556,38556
6942,17184,17184
6943,17190,17190
6944,17253,17253
6945,17221,17221
6946,17429,17429
6947,17145,17145
6948,17261,17261
6949,18341,18341
6950,45625,45625
6951,17349,17349
6952,17207,17207
6953,17212,17212
6954,47657,47657
6955,17257,17257
6956,12505,12505
6957,17192,17192
6958,29327,29327
6959,8521,8521
6960,17290,17290
6961,35447,35447
6962,17266,17266
6963,17435,17435
6964,18524,18524
6965,17209,17209
6966,16327,16327
6967,27654,27654
6968,38583,38583
6969,17294,17294
6970,17386,17386
6971,17302,17302
6972,3642,3642
6973,17310,17310
6974,17478,17478
6975,17270,17270
6976,45642,45642
6977,17398,17398
6978,17402,17402
6979,17362,17362
6980,16195,16195
6981,49731,49731
6982,45675,45675
6983,42681,42681
6984,17426,17426
6985,51562,51562
6986,29355,29355
6987,47036,47036
6988,17351,17351
6989,14924,14924
6990,23471,23471
6991,49669,49669
6992,29361,29361
6993,29362,29362
6994,17375,17375
6995,51603,51603
6996,17522,17522
6997,17523,17523
6998,17441,17441
6999,17490,17490
7000,17149,17149
7001,17781,17781
7002,17502,17502
7003,17550,17550
7004,17553,17553
7005,17558,17558
7006,17518,17518
7007,17804,17804
7008,42525,42525
7009,18300,18300
7010,17485,17485
7011,29380,29380
7012,17313,17313
7013,17542,17542
7014,25286,25286
7015,17460,17460
7016,17466,17466
7017,17468,17468
7018,29387,29387
7019,17566,17566
7020,17655,17655
7021,17529,17529
7022,17534,17534
7023,17538,17538
7024,17586,17586
7025,17546,17546
7026,17594,17594
7027,17597,17597
7028,17602,17602
7029,17562,17562
7030,17610,17610
7031,17570,17570
7032,17616,17616
7033,17578,17578
7034,17582,17582
7035,17630,17630
7036,3384,3384
7037,17638,17638
7038,17598,17598
7039,8660,8660
7040,17606,17606
7041,17654,17654
7042,17614,17614
7043,45709,45709
7044,47365,47365
7045,17626,17626
7046,17674,17674
7047,17634,17634
7048,27204,27204
7049,15789,15789
7050,18730,18730
7051,17650,17650
7052,17432,17432
7053,17526,17526
7054,17350,17350
7055,29424,29424
7056,17670,17670
7057,19652,19652
7058,18364,18364
7059,17326,17326
7060,29385,29385
7061,18824,18824
7062,17694,17694
7063,17700,17700
7064,23134,23134
7065,18702,18702
7066,17622,17622
7067,29414,29414
7068,23516,23516
7069,29864,29864
7070,18145,18145
7071,8411,8411
7072,27141,27141
7073,17155,17155
7074,45610,45610
7075,17724,17724
7076,17766,17766
7077,17734,17734
7078,17721,17721
7079,17808,17808
7080,17825,17825
7081,17942,17942
7082,8035,8035
7083,17750,17750
7084,23074,23074
7085,13221,13221
7086,42729,42729
7087,17769,17769
7088,51635,51635
7089,29321,29321
7090,29836,29836
7091,44406,44406
7092,17818,17818
7093,42744,42744
7094,17776,17776
7095,37537,37537
7096,17922,17922
7097,18144,18144
7098,17794,17794
7099,17934,17934
7100,17938,17938
7101,17806,17806
7102,17830,17830
7103,26938,26938
7104,17838,17838
7105,17822,17822
7106,17845,17845
7107,17850,17850
7108,17886,17886
7109,17858,17858
7110,17878,17878
7111,17861,17861
7112,17866,17866
7113,17988,17988
7114,17874,17874
7115,45748,45748
7116,17882,17882
7117,18032,18032
7118,17890,17890
7119,3369,3369
7120,28130,28130
7121,18076,18076
7122,17906,17906
7123,45791,45791
7124,17986,17986
7125,18120,18120
7126,17950,17950
7127,41334,41334
7128,18002,18002
7129,41341,41341
7130,17966,17966
7131,42795,42795
7132,17974,17974
7133,23535,23535
7134,17982,17982
7135,29459,29459
7136,11507,11507
7137,17994,17994
7138,17951,17951
7139,17135,17135
7140,30238,30238
7141,7407,7407
7142,8954,8954
7143,29512,29512
7144,17690,17690
7145,17474,17474
7146,18030,18030
7147,23533,23533
7148,18038,18038
7149,42822,42822
7150,18046,18046
7151,19296,19296
7152,18054,18054
7153,23526,23526
7154,11429,11429
7155,18108,18108
7156,18070,18070
7157,18074,18074
7158,29969,29969
7159,18082,18082
7160,17137,17137
7161,18090,18090
7162,23519,23519
7163,18098,18098
7164,42804,42804
7165,18149,18149
7166,18242,18242
7167,18114,18114
7168,29339,29339
7169,23502,23502
7170,18126,18126
7171,17751,17751
7172,18220,18220
7173,18182,18182
7174,19343,19343
7175,8616,8616
7176,19351,19351
7177,8940,8940
7178,3982,3982
7179,18206,18206
7180,42587,42587
7181,18170,18170
7182,19596,19596
7183,19598,19598
7184,19557,19557
7185,18186,18186
7186,23480,23480
7187,18238,18238
7188,18198,18198
7189,18202,18202
7190,18162,18162
7191,18164,18164
7192,18214,18214
7193,18174,18174
7194,19245,19245
7195,18316,18316
7196,18230,18230
7197,29821,29821
7198,18194,18194
7199,11559,11559
7200,18246,18246
7201,23497,23497
7202,29486,29486
7203,29838,29838
7204,15474,15474
7205,29463,29463
7206,22306,22306
7207,28369,28369
7208,28370,28370
7209,23529,23529
7210,27073,27073
7211,29569,29569
7212,29581,29581
7213,46307,46307
7214,17301,17301
7215,23014,23014
7216,29607,29607
7217,17357,17357
7218,29609,29609
7219,19074,19074
7220,29611,29611
7221,23531,23531
7222,29613,29613
7223,18779,18779
7224,20158,20158
7225,18564,18564
7226,27387,27387
7227,36835,36835
7228,17913,17913
7229,18714,18714
7230,3264,3264
7231,29942,29942
7232,29601,29601
7233,23041,23041
7234,19181,19181
7235,16280,16280
7236,29605,29605
7237,19196,19196
7238,18397,18397
7239,18358,18358
7240,18138,18138
7241,18366,18366
7242,18370,18370
7243,19262,19262
7244,19311,19311
7245,19228,19228
7246,41295,41295
7247,18346,18346
7248,18436,18436
7249,18398,18398
7250,18402,18402
7251,18406,18406
7252,18410,18410
7253,18414,18414
7254,18418,18418
7255,3499,3499
7256,18426,18426
7257,18472,18472
7258,18566,18566
7259,18480,18480
7260,18442,18442
7261,18446,18446
7262,18450,18450
7263,18454,18454
7264,18458,18458
7265,18462,18462
7266,18554,18554
7267,18470,18470
7268,18384,18384
7269,18653,18653
7270,17306,17306
7271,18486,18486
7272,18490,18490
7273,18494,18494
7274,18498,18498
7275,18502,18502
7276,18506,18506
7277,57361,57361
7278,18514,18514
7279,18604,18604
7280,29638,29638
7281,18570,18570
7282,18530,18530
7283,18534,18534
7284,18538,18538
7285,18542,18542
7286,18546,18546
7287,18550,18550
7288,12900,12900
7289,18558,18558
7290,18516,18516
7291,49876,49876
7292,29661,29661
7293,18574,18574
7294,18578,18578
7295,18582,18582
7296,18278,18278
7297,18282,18282
7298,18594,18594
7299,17557,17557
7300,18602,18602
7301,18428,18428
7302,18434,18434
7303,29672,29672
7304,18618,18618
7305,18622,18622
7306,18626,18626
7307,18630,18630
7308,18634,18634
7309,18638,18638
7310,3451,3451
7311,18646,18646
7312,21529,21529
7313,29627,29627
7314,18700,18700
7315,18662,18662
7316,18666,18666
7317,18670,18670
7318,18674,18674
7319,18678,18678
7320,18682,18682
7321,37695,37695
7322,18690,18690
7323,21438,21438
7324,29671,29671
7325,11531,11531
7326,18706,18706
7327,18710,18710
7328,18274,18274
7329,18718,18718
7330,18722,18722
7331,18286,18286
7332,22277,22277
7333,18734,18734
7334,23453,23453
7335,29726,29726
7336,29595,29595
7337,23465,23465
7338,8828,8828
7339,23473,23473
7340,19474,19474
7341,19436,19436
7342,19528,19528
7343,19179,19179
7344,23493,23493
7345,29604,29604
7346,29571,29571
7347,22198,22198
7348,29717,29717
7349,29608,29608
7350,8604,8604
7351,29720,29720
7352,18904,18904
7353,18908,18908
7354,34906,34906
7355,38970,38970
7356,12695,12695
7357,27386,27386
7358,8028,8028
7359,29739,29739
7360,18804,18804
7361,23154,23154
7362,18766,18766
7363,17926,17926
7364,12590,12590
7365,21992,21992
7366,11996,11996
7367,18692,18692
7368,18878,18878
7369,18748,18748
7370,18932,18932
7371,18892,18892
7372,18940,18940
7373,18900,18900
7374,18860,18860
7375,18864,18864
7376,18956,18956
7377,18916,18916
7378,18918,18918
7379,18743,18743
7380,18928,18928
7381,18888,18888
7382,18936,18936
7383,18984,18984
7384,18944,18944
7385,18948,18948
7386,18772,18772
7387,18954,18954
7388,18960,18960
7389,19008,19008
7390,18968,18968
7391,39006,39006
7392,18976,18976
7393,18980,18980
7394,18982,18982
7395,18988,18988
7396,57561,57561
7397,18952,18952
7398,18998,18998
7399,4776,4776
7400,43234,43234
7401,19012,19012
7402,29738,29738
7403,19020,19020
7404,19024,19024
7405,19026,19026
7406,19032,19032
7407,19036,19036
7408,19084,19084
7409,19042,19042
7410,26997,26997
7411,19050,19050
7412,19054,19054
7413,18969,18969
7414,19064,19064
7415,19068,19068
7416,19116,19116
7417,19076,19076
7418,19080,19080
7419,19040,19040
7420,19086,19086
7421,29746,29746
7422,49754,49754
7423,19100,19100
7424,19101,19101
7425,19108,19108
7426,19112,19112
7427,46056,46056
7428,19120,19120
7429,19124,19124
7430,29744,29744
7431,19130,19130
7432,18872,18872
7433,29736,29736
7434,29737,29737
7435,8790,8790
7436,19692,19692
7437,29740,29740
7438,29741,29741
7439,29742,29742
7440,18101,18101
7441,19128,19128
7442,19758,19758
7443,19136,19136
7444,29813,29813
7445,29814,29814
7446,29815,29815
7447,35830,35830
7448,29817,29817
7449,17956,17956
7450,4977,4977
7451,19966,19966
7452,29622,29622
7453,29612,29612
7454,29830,29830
7455,23537,23537
7456,20159,20159
7457,23503,23503
7458,19240,19240
7459,36258,36258
7460,22207,22207
7461,29579,29579
7462,29831,29831
7463,19659,19659
7464,19175,19175
7465,19268,19268
7466,18294,18294
7467,19232,19232
7468,39083,39083
7469,10143,10143
7470,19332,19332
7471,19248,19248
7472,18362,18362
7473,19256,19256
7474,50047,50047
7475,18374,18374
7476,2360,2360
7477,18382,18382
7478,19276,19276
7479,19280,19280
7480,19284,19284
7481,19506,19506
7482,19465,19465
7483,18050,18050
7484,17921,17921
7485,17977,17977
7486,19308,19308
7487,19312,19312
7488,19316,19316
7489,19320,19320
7490,19367,19367
7491,19328,19328
7492,19462,19462
7493,19336,19336
7494,29863,29863
7495,19387,19387
7496,19524,19524
7497,19352,19352
7498,19356,19356
7499,19360,19360
7500,19364,19364
7501,19368,19368
7502,19372,19372
7503,19200,19200
7504,19380,19380
7505,17454,17454
7506,18586,18586
7507,18590,18590
7508,19396,19396
7509,19400,19400
7510,19404,19404
7511,19408,19408
7512,42768,42768
7513,19416,19416
7514,17752,17752
7515,19424,19424
7516,45804,45804
7517,19388,19388
7518,19568,19568
7519,19440,19440
7520,19444,19444
7521,19448,19448
7522,19452,19452
7523,19218,19218
7524,19460,19460
7525,17352,17352
7526,19204,19204
7527,27968,27968
7528,19520,19520
7529,29548,29548
7530,19484,19484
7531,19488,19488
7532,19492,19492
7533,19496,19496
7534,19500,19500
7535,19504,19504
7536,43188,43188
7537,19512,19512
7538,29382,29382
7539,19476,19476
7540,12380,12380
7541,18726,18726
7542,19532,19532
7543,19536,19536
7544,19540,19540
7545,19544,19544
7546,19548,19548
7547,42567,42567
7548,19556,19556
7549,22162,22162
7550,19608,19608
7551,19612,19612
7552,19572,19572
7553,19576,19576
7554,19580,19580
7555,19584,19584
7556,19588,19588
7557,19592,19592
7558,23510,23510
7559,19600,19600
7560,50122,50122
7561,19562,19562
7562,19392,19392
7563,19616,19616
7564,19620,19620
7565,19624,19624
7566,23499,23499
7567,22149,22149
7568,21089,21089
7569,29839,29839
7570,29840,29840
7571,29464,29464
7572,12121,12121
7573,23481,23481
7574,23485,23485
7575,19714,19714
7576,23539,23539
7577,29979,29979
7578,10319,10319
7579,19917,19917
7580,19780,19780
7581,29983,29983
7582,19651,19651
7583,13239,13239
7584,29953,29953
7585,29976,29976
7586,29823,29823
7587,19672,19672
7588,39203,39203
7589,21877,21877
7590,23507,23507
7591,22205,22205
7592,19696,19696
7593,19293,19293
7594,39209,39209
7595,22219,22219
7596,19712,19712
7597,45797,45797
7598,22185,22185
7599,19768,19768
7600,10051,10051
7601,19752,19752
7602,19736,19736
7603,19784,19784
7604,29973,29973
7605,19792,19792
7606,29986,29986
7607,27296,27296
7608,19802,19802
7609,19808,19808
7610,19812,19812
7611,10363,10363
7612,39227,39227
7613,19824,19824
7614,19828,19828
7615,19832,19832
7616,19836,19836
7617,29997,29997
7618,19844,19844
7619,19846,19846
7620,19852,19852
7621,19856,19856
7622,10411,10411
7623,19864,19864
7624,19868,19868
7625,19872,19872
7626,19876,19876
7627,19880,19880
7628,19882,19882
7629,19888,19888
7630,19890,19890
7631,19896,19896
7632,19900,19900
7633,10484,10484
7634,39249,39249
7635,19912,19912
7636,19916,19916
7637,30039,30039
7638,19924,19924
7639,39254,39254
7640,19932,19932
7641,19934,19934
7642,19940,19940
7643,19944,19944
7644,10496,10496
7645,19952,19952
7646,19956,19956
7647,39262,39262
7648,30017,30017
7649,39264,39264
7650,30008,30008
7651,19976,19976
7652,19978,19978
7653,19984,19984
7654,19988,19988
7655,10512,10512
7656,29992,29992
7657,20000,20000
7658,19960,19960
7659,30028,30028
7660,39275,39275
7661,30030,30030
7662,20020,20020
7663,20022,20022
7664,20028,20028
7665,29968,29968
7666,10532,10532
7667,44676,44676
7668,29971,29971
7669,20004,20004
7670,39285,39285
7671,20012,20012
7672,30041,30041
7673,20017,20017
7674,29745,29745
7675,21703,21703
7676,39291,39291
7677,39292,39292
7678,39293,39293
7679,11760,11760
7680,22649,22649
7681,22651,22651
7682,22656,22656
7683,22661,22661
7684,22664,22664
7685,39300,39300
7686,22674,22674
7687,39302,39302
7688,20164,20164
7689,20168,20168
7690,20172,20172
7691,30048,30048
7692,30049,30049
7693,30050,30050
7694,30051,30051
7695,30052,30052
7696,21257,21257
7697,39312,39312
7698,20216,20216
7699,20220,20220
7700,30057,30057
7701,30058,30058
7702,21553,21553
7703,20236,20236
7704,20240,20240
7705,20244,20244
7706,30063,30063
7707,39322,39322
7708,39323,39323
7709,20677,20677
7710,28189,28189
7711,20535,20535
7712,20384,20384
7713,20684,20684
7714,20484,20484
7715,20373,20373
7716,20380,20380
7717,27358,27358
7718,20406,20406
7719,20412,20412
7720,39335,39335
7721,21171,21171
7722,51976,51976
7723,20682,20682
7724,12286,12286
7725,20414,20414
7726,20868,20868
7727,12814,12814
7728,46514,46514
7729,20432,20432
7730,4066,4066
7731,20672,20672
7732,12471,12471
7733,20445,20445
7734,20476,20476
7735,20504,20504
7736,20508,20508
7737,20488,20488
7738,39353,39353
7739,28915,28915
7740,20500,20500
7741,20455,20455
7742,20612,20612
7743,20512,20512
7744,39359,39359
7745,39360,39360
7746,20524,20524
7747,20544,20544
7748,21033,21033
7749,20648,20648
7750,27384,27384
7751,21794,21794
7752,20540,20540
7753,20560,20560
7754,39369,39369
7755,20207,20207
7756,20556,20556
7757,20576,20576
7758,28249,28249
7759,20567,20567
7760,20604,20604
7761,24058,24058
7762,39377,39377
7763,20583,20583
7764,46396,46396
7765,20624,20624
7766,39381,39381
7767,39382,39382
7768,27476,27476
7769,51731,51731
7770,39385,39385
7771,20615,20615
7772,20620,20620
7773,20640,20640
7774,30104,30104
7775,39390,39390
7776,20636,20636
7777,20728,20728
7778,20644,20644
7779,39394,39394
7780,20724,20724
7781,20900,20900
7782,20732,20732
7783,20736,20736
7784,20652,20652
7785,21280,21280
7786,20748,20748
7787,20708,20708
7788,20710,20710
7789,20716,20716
7790,20379,20379
7791,9328,9328
7792,30356,30356
7793,16094,16094
7794,30081,30081
7795,30151,30151
7796,30152,30152
7797,30153,30153
7798,30154,30154
7799,20800,20800
7800,22630,22630
7801,39416,39416
7802,20768,20768
7803,20816,20816
7804,20776,20776
7805,20780,20780
7806,30205,30205
7807,20788,20788
7808,20792,20792
7809,20796,20796
7810,20882,20882
7811,20804,20804
7812,39427,39427
7813,20812,20812
7814,20856,20856
7815,21041,21041
7816,20824,20824
7817,21000,21000
7818,47899,47899
7819,20836,20836
7820,20840,20840
7821,20799,20799
7822,26122,26122
7823,39438,39438
7824,20852,20852
7825,46512,46512
7826,20626,20626
7827,20864,20864
7828,1631,1631
7829,20872,20872
7830,20876,20876
7831,47133,47133
7832,35255,35255
7833,20888,20888
7834,20896,20896
7835,20944,20944
7836,27956,27956
7837,27007,27007
7838,29348,29348
7839,21004,21004
7840,20920,20920
7841,20968,20968
7842,9336,9336
7843,20932,20932
7844,39459,39459
7845,20940,20940
7846,20988,20988
7847,20948,20948
7848,20952,20952
7849,21044,21044
7850,35109,35109
7851,20964,20964
7852,21012,21012
7853,20926,20926
7854,20976,20976
7855,39470,39470
7856,20984,20984
7857,21032,21032
7858,20992,20992
7859,20996,20996
7860,26114,26114
7861,20424,20424
7862,21008,21008
7863,21056,21056
7864,21060,21060
7865,21020,21020
7866,20977,20977
7867,21973,21973
7868,21067,21067
7869,21036,21036
7870,21040,21040
7871,22211,22211
7872,21149,21149
7873,21052,21052
7874,9156,9156
7875,9168,9168
7876,21064,21064
7877,39492,39492
7878,21131,21131
7879,23575,23575
7880,21804,21804
7881,26093,26093
7882,46600,46600
7883,2575,2575
7884,21779,21779
7885,30374,30374
7886,46427,46427
7887,29978,29978
7888,39503,39503
7889,39504,39504
7890,39505,39505
7891,39506,39506
7892,39507,39507
7893,39508,39508
7894,39509,39509
7895,39510,39510
7896,39511,39511
7897,39512,39512
7898,4269,4269
7899,29311,29311
7900,24610,24610
7901,30257,30257
7902,21444,21444
7903,21587,21587
7904,8520,8520
7905,22115,22115
7906,21048,21048
7907,21559,21559
7908,21519,21519
7909,26098,26098
7910,13051,13051
7911,21485,21485
7912,11211,11211
7913,11469,11469
7914,21499,21499
7915,11241,11241
7916,23587,23587
7917,30361,30361
7918,15757,15757
7919,23255,23255
7920,21522,21522
7921,26054,26054
7922,21213,21213
7923,21175,21175
7924,21179,21179
7925,21224,21224
7926,21229,21229
7927,21191,21191
7928,21195,21195
7929,21199,21199
7930,21203,21203
7931,21207,21207
7932,21211,21211
7933,18648,18648
7934,21087,21087
7935,21223,21223
7936,21227,21227
7937,21231,21231
7938,21235,21235
7939,21003,21003
7940,21243,21243
7941,21247,21247
7942,21251,21251
7943,21255,21255
7944,17172,17172
7945,21217,21217
7946,21265,21265
7947,21271,21271
7948,21275,21275
7949,21279,21279
7950,21283,21283
7951,21287,21287
7952,21291,21291
7953,21295,21295
7954,21299,21299
7955,21389,21389
7956,21307,21307
7957,21355,21355
7958,21315,21315
7959,21319,21319
7960,21323,21323
7961,21327,21327
7962,21331,21331
7963,21335,21335
7964,21339,21339
7965,21343,21343
7966,21125,21125
7967,21351,21351
7968,21353,21353
7969,21359,21359
7970,21363,21363
7971,21367,21367
7972,21371,21371
7973,21375,21375
7974,21379,21379
7975,21383,21383
7976,21387,21387
7977,46662,46662
7978,21395,21395
7979,9268,9268
7980,21403,21403
7981,21407,21407
7982,21411,21411
7983,21415,21415
7984,21419,21419
7985,21423,21423
7986,21119,21119
7987,21431,21431
7988,26089,26089
7989,26090,26090
7990,23573,23573
7991,21716,21716
7992,21635,21635
7993,21103,21103
7994,26095,26095
7995,26096,26096
7996,21651,21651
7997,20666,20666
7998,26099,26099
7999,21663,21663
8000,21490,21490
8001,30357,30357
8002,20460,20460
8003,39759,39759
8004,21507,21507
8005,21239,21239
8006,39766,39766
8007,26097,26097
8008,30364,30364
8009,35257,35257
8010,26969,26969
8011,21535,21535
8012,22199,22199
8013,23126,23126
8014,21503,21503
8015,21815,21815
8016,56223,56223
8017,36883,36883
8018,21113,21113
8019,23138,23138
8020,27174,27174
8021,21573,21573
8022,21710,21710
8023,21583,21583
8024,21543,21543
8025,21547,21547
8026,21551,21551
8027,21643,21643
8028,21647,21647
8029,21563,21563
8030,21655,21655
8031,21659,21659
8032,21619,21619
8033,50458,50458
8034,21627,21627
8035,21675,21675
8036,21591,21591
8037,21683,21683
8038,21599,21599
8039,21603,21603
8040,21605,21605
8041,21609,21609
8042,21615,21615
8043,20205,20205
8044,4308,4308
8045,21671,21671
8046,21631,21631
8047,21767,21767
8048,21639,21639
8049,21687,21687
8050,21735,21735
8051,21783,21783
8052,21699,21699
8053,16485,16485
8054,21707,21707
8055,21711,21711
8056,21715,21715
8057,20372,20372
8058,21679,21679
8059,21771,21771
8060,21775,21775
8061,21691,21691
8062,21695,21695
8063,20572,20572
8064,21747,21747
8065,21795,21795
8066,21755,21755
8067,30379,30379
8068,21719,21719
8069,21723,21723
8070,21727,21727
8071,21731,21731
8072,20660,20660
8073,21739,21739
8074,20843,20843
8075,21791,21791
8076,21751,21751
8077,21799,21799
8078,21539,21539
8079,21068,21068
8080,23583,23583
8081,20420,20420
8082,20700,20700
8083,21823,21823
8084,23599,23599
8085,21611,21611
8086,21835,21835
8087,30377,30377
8088,30378,30378
8089,21803,21803
8090,30380,30380
8091,21811,21811
8092,30382,30382
8093,21819,21819
8094,12841,12841
8095,21827,21827
8096,23603,23603
8097,23607,23607
8098,6506,6506
8099,6507,6507
8100,39715,39715
8101,44376,44376
8102,12864,12864
8103,6511,6511
8104,6512,6512
8105,26603,26603
8106,6514,6514
8107,39722,39722
8108,6516,6516
8109,27155,27155
8110,39725,39725
8111,6519,6519
8112,6520,6520
8113,39728,39728
8114,39729,39729
8115,39730,39730
8116,39731,39731
8117,39732,39732
8118,6526,6526
8119,6527,6527
8120,6528,6528
8121,6529,6529
8122,6530,6530
8123,6531,6531
8124,39739,39739
8125,39740,39740
8126,39741,39741
8127,39742,39742
8128,39743,39743
8129,39744,39744
8130,39745,39745
8131,6539,6539
8132,6540,6540
8133,6541,6541
8134,6542,6542
8135,23050,23050
8136,39751,39751
8137,39752,39752
8138,39761,39761
8139,44971,44971
8140,22501,22501
8141,43929,43929
8142,21072,21072
8143,10037,10037
8144,10038,10038
8145,10039,10039
8146,23740,23740
8147,22769,22769
8148,20912,20912
8149,22780,22780
8150,22784,22784
8151,16206,16206
8152,22672,22672
8153,22796,22796
8154,27474,27474
8155,39770,39770
8156,27379,27379
8157,2197,2197
8158,7201,7201
8159,7202,7202
8160,15418,15418
8161,48104,48104
8162,44723,44723
8163,1630,1630
8164,17366,17366
8165,7206,7206
8166,39781,39781
8167,39782,39782
8168,39783,39783
8169,39784,39784
8170,8719,8719
8171,13068,13068
8172,7212,7212
8173,14853,14853
8174,56084,56084
8175,39790,39790
8176,39791,39791
8177,39792,39792
8178,39793,39793
8179,39794,39794
8180,39795,39795
8181,39796,39796
8182,27488,27488
8183,27489,27489
8184,27490,27490
8185,27491,27491
8186,27492,27492
8187,27493,27493
8188,27494,27494
8189,27495,27495
8190,39805,39805
8191,39806,39806
8192,48020,48020
8193,9892,9892
8194,7225,7225
8195,50740,50740
8196,39811,39811
8197,39812,39812
8198,22179,22179
8199,30174,30174
8200,7245,7245
8201,39816,39816
8202,39817,39817
8203,39818,39818
8204,39819,39819
8205,39820,39820
8206,39821,39821
8207,39822,39822
8208,39823,39823
8209,39824,39824
8210,39825,39825
8211,39826,39826
8212,7257,7257
8213,7258,7258
8214,39829,39829
8215,39830,39830
8216,39831,39831
8217,39832,39832
8218,39833,39833
8219,39834,39834
8220,39835,39835
8221,39836,39836
8222,39837,39837
8223,39838,39838
8224,39839,39839
8225,39840,39840
8226,39841,39841
8227,39842,39842
8228,39843,39843
8229,39844,39844
8230,39845,39845
8231,39846,39846
8232,39847,39847
8233,39848,39848
8234,39849,39849
8235,39850,39850
8236,39851,39851
8237,39852,39852
8238,39853,39853
8239,39854,39854
8240,39855,39855
8241,39856,39856
8242,39857,39857
8243,39858,39858
8244,39859,39859
8245,39860,39860
8246,39861,39861
8247,39862,39862
8248,39863,39863
8249,39864,39864
8250,39865,39865
8251,39866,39866
8252,39867,39867
8253,39868,39868
8254,39869,39869
8255,39870,39870
8256,39871,39871
8257,39872,39872
8258,39873,39873
8259,7843,7843
8260,39875,39875
8261,2829,2829
8262,7846,7846
8263,39878,39878
8264,2832,2832
8265,7849,7849
8266,39881,39881
8267,39882,39882
8268,7852,7852
8269,39884,39884
8270,39885,39885
8271,39886,39886
8272,39887,39887
8273,39888,39888
8274,39889,39889
8275,39890,39890
8276,39891,39891
8277,39892,39892
8278,39893,39893
8279,39894,39894
8280,39895,39895
8281,39896,39896
8282,39897,39897
8283,39898,39898
8284,39899,39899
8285,39900,39900
8286,39901,39901
8287,39902,39902
8288,39903,39903
8289,39904,39904
8290,39905,39905
8291,39906,39906
8292,39907,39907
8293,39908,39908
8294,39909,39909
8295,39910,39910
8296,39911,39911
8297,39912,39912
8298,39913,39913
8299,39914,39914
8300,39915,39915
8301,39916,39916
8302,39917,39917
8303,39918,39918
8304,39919,39919
8305,39920,39920
8306,39921,39921
8307,39922,39922
8308,39923,39923
8309,39924,39924
8310,39925,39925
8311,39926,39926
8312,39927,39927
8313,39928,39928
8314,39929,39929
8315,39930,39930
8316,39931,39931
8317,39932,39932
8318,39933,39933
8319,39934,39934
8320,39935,39935
8321,39936,39936
8322,7911,7911
8323,39938,39938
8324,39939,39939
8325,39940,39940
8326,39941,39941
8327,39942,39942
8328,39943,39943
8329,39944,39944
8330,39945,39945
8331,39946,39946
8332,39947,39947
8333,39948,39948
8334,39949,39949
8335,39978,39978
8336,23967,23967
8337,28683,28683
8338,39953,39953
8339,39954,39954
8340,39955,39955
8341,7929,7929
8342,39957,39957
8343,39958,39958
8344,39959,39959
8345,7931,7931
8346,7932,7932
8347,7933,7933
8348,7934,7934
8349,23966,23966
8350,28720,28720
8351,23968,23968
8352,39967,39967
8353,39968,39968
8354,39969,39969
8355,7944,7944
8356,39971,39971
8357,39972,39972
8358,39973,39973
8359,7946,7946
8360,7947,7947
8361,7948,7948
8362,7949,7949
8363,39992,39992
8364,39993,39993
8365,39983,39983
8366,28763,28763
8367,28764,28764
8368,28765,28765
8369,7959,7959
8370,7969,7969
8371,39986,39986
8372,39987,39987
8373,7967,7967
8374,7960,7960
8375,7963,7963
8376,7964,7964
8377,7974,7974
8378,24122,24122
8379,24123,24123
8380,24121,24121
8381,39996,39996
8382,39997,39997
8383,7975,7975
8384,28767,28767
8385,28768,28768
8386,40001,40001
8387,39999,39999
8388,52629,52629
8389,7982,7982
8390,7984,7984
8391,40006,40006
8392,24322,24322
8393,30090,30090
8394,24324,24324
8395,24325,24325
8396,24326,24326
8397,40012,40012
8398,40013,40013
8399,40014,40014
8400,40015,40015
8401,40016,40016
8402,40017,40017
8403,40018,40018
8404,40019,40019
8405,24569,24569
8406,51499,51499
8407,51500,51500
8408,51501,51501
8409,51502,51502
8410,51503,51503
8411,40026,40026
8412,51505,51505
8413,51506,51506
8414,51507,51507
8415,28969,28969
8416,8068,8068
8417,27064,27064
8418,28947,28947
8419,28996,28996
8420,26210,26210
8421,29045,29045
8422,29000,29000
8423,27288,27288
8424,11880,11880
8425,1674,1674
8426,2999,2999
8427,40042,40042
8428,40043,40043
8429,40044,40044
8430,40045,40045
8431,40046,40046
8432,40047,40047
8433,40048,40048
8434,40049,40049
8435,40050,40050
8436,40051,40051
8437,40052,40052
8438,40053,40053
8439,40054,40054
8440,40055,40055
8441,40056,40056
8442,40057,40057
8443,40058,40058
8444,40059,40059
8445,40060,40060
8446,40061,40061
8447,40062,40062
8448,40063,40063
8449,40064,40064
8450,9445,9445
8451,51769,51769
8452,40067,40067
8453,40068,40068
8454,40069,40069
8455,40070,40070
8456,40071,40071
8457,40072,40072
8458,40073,40073
8459,40074,40074
8460,40075,40075
8461,40076,40076
8462,9457,9457
8463,4803,4803
8464,30527,30527
8465,9460,9460
8466,30482,30482
8467,30518,30518
8468,9748,9748
8469,51150,51150
8470,4600,4600
8471,4497,4497
8472,30546,30546
8473,40088,40088
8474,40089,40089
8475,50562,50562
8476,31163,31163
8477,30574,30574
8478,12763,12763
8479,29063,29063
8480,9596,9596
8481,24886,24886
8482,24887,24887
8483,50730,50730
8484,4982,4982
8485,40100,40100
8486,40101,40101
8487,40102,40102
8488,40103,40103
8489,40104,40104
8490,40105,40105
8491,40106,40106
8492,40107,40107
8493,40108,40108
8494,40109,40109
8495,40110,40110
8496,9491,9491
8497,9492,9492
8498,40113,40113
8499,40114,40114
8500,40115,40115
8501,40116,40116
8502,40117,40117
8503,40118,40118
8504,40119,40119
8505,40120,40120
8506,40121,40121
8507,40122,40122
8508,40123,40123
8509,40124,40124
8510,40125,40125
8511,40126,40126
8512,40127,40127
8513,40128,40128
8514,40129,40129
8515,40130,40130
8516,40131,40131
8517,40132,40132
8518,40133,40133
8519,40134,40134
8520,40135,40135
8521,40136,40136
8522,40137,40137
8523,40138,40138
8524,40139,40139
8525,9520,9520
8526,40141,40141
8527,40142,40142
8528,4455,4455
8529,4456,4456
8530,9525,9525
8531,40146,40146
8532,40147,40147
8533,40148,40148
8534,40149,40149
8535,40150,40150
8536,40151,40151
8537,40152,40152
8538,40153,40153
8539,40154,40154
8540,40155,40155
8541,40156,40156
8542,40157,40157
8543,40158,40158
8544,40159,40159
8545,40160,40160
8546,40161,40161
8547,40162,40162
8548,40163,40163
8549,40164,40164
8550,40165,40165
8551,40166,40166
8552,40167,40167
8553,40168,40168
8554,50641,50641
8555,30676,30676
8556,4490,4490
8557,50644,50644
8558,9547,9547
8559,40174,40174
8560,40175,40175
8561,40176,40176
8562,40177,40177
8563,40178,40178
8564,40179,40179
8565,40180,40180
8566,40181,40181
8567,50654,50654
8568,51773,51773
8569,51774,51774
8570,9560,9560
8571,50905,50905
8572,30716,30716
8573,30717,30717
8574,30718,30718
8575,30719,30719
8576,30746,30746
8577,40192,40192
8578,40193,40193
8579,50666,50666
8580,9570,9570
8581,9571,9571
8582,9572,9572
8583,9573,9573
8584,9574,9574
8585,9575,9575
8586,9576,9576
8587,9577,9577
8588,9578,9578
8589,9579,9579
8590,40205,40205
8591,40206,40206
8592,40207,40207
8593,40208,40208
8594,40209,40209
8595,40210,40210
8596,40211,40211
8597,40212,40212
8598,40213,40213
8599,40214,40214
8600,50688,50688
8601,9591,9591
8602,30738,30738
8603,30942,30942
8604,8862,8862
8605,30756,30756
8606,30757,30757
8607,30543,30543
8608,30759,30759
8609,30760,30760
8610,51026,51026
8611,40226,40226
8612,40227,40227
8613,9603,9603
8614,9604,9604
8615,30999,30999
8616,31212,31212
8617,31430,31430
8618,9475,9475
8619,9608,9608
8620,9476,9476
8621,24607,24607
8622,9479,9479
8623,40238,40238
8624,40239,40239
8625,40240,40240
8626,40241,40241
8627,40242,40242
8628,40243,40243
8629,40244,40244
8630,40245,40245
8631,40246,40246
8632,40247,40247
8633,40248,40248
8634,40249,40249
8635,40250,40250
8636,40251,40251
8637,40252,40252
8638,40253,40253
8639,40254,40254
8640,40255,40255
8641,40256,40256
8642,40257,40257
8643,40258,40258
8644,40259,40259
8645,40260,40260
8646,40261,40261
8647,40262,40262
8648,40263,40263
8649,40264,40264
8650,40265,40265
8651,40266,40266
8652,40267,40267
8653,40268,40268
8654,40269,40269
8655,40270,40270
8656,40271,40271
8657,40272,40272
8658,31137,31137
8659,9649,9649
8660,31151,31151
8661,27013,27013
8662,40277,40277
8663,40278,40278
8664,40279,40279
8665,40280,40280
8666,40281,40281
8667,40282,40282
8668,40283,40283
8669,40284,40284
8670,40285,40285
8671,9661,9661
8672,9662,9662
8673,30953,30953
8674,30656,30656
8675,30634,30634
8676,30635,30635
8677,30636,30636
8678,50941,50941
8679,9669,9669
8680,50535,50535
8681,40296,40296
8682,40297,40297
8683,40298,40298
8684,40299,40299
8685,40300,40300
8686,40301,40301
8687,40302,40302
8688,40303,40303
8689,40304,40304
8690,40305,40305
8691,40306,40306
8692,9682,9682
8693,40308,40308
8694,40309,40309
8695,40310,40310
8696,40311,40311
8697,9687,9687
8698,50786,50786
8699,9689,9689
8700,9690,9690
8701,9691,9691
8702,9692,9692
8703,51823,51823
8704,40319,40319
8705,40320,40320
8706,40321,40321
8707,31039,31039
8708,40323,40323
8709,40324,40324
8710,40325,40325
8711,40326,40326
8712,40327,40327
8713,40328,40328
8714,40329,40329
8715,9705,9705
8716,40331,40331
8717,40332,40332
8718,40333,40333
8719,40334,40334
8720,40335,40335
8721,40336,40336
8722,40337,40337
8723,40338,40338
8724,40339,40339
8725,40340,40340
8726,40341,40341
8727,40342,40342
8728,40343,40343
8729,40344,40344
8730,40345,40345
8731,40346,40346
8732,40347,40347
8733,40348,40348
8734,40349,40349
8735,40350,40350
8736,40351,40351
8737,40352,40352
8738,40353,40353
8739,40354,40354
8740,30915,30915
8741,9824,9824
8742,40357,40357
8743,27984,27984
8744,40359,40359
8745,40360,40360
8746,40361,40361
8747,40362,40362
8748,40363,40363
8749,40364,40364
8750,40365,40365
8751,40366,40366
8752,40367,40367
8753,9743,9743
8754,9744,9744
8755,9827,9827
8756,30552,30552
8757,30541,30541
8758,30554,30554
8759,30555,30555
8760,30556,30556
8761,30557,30557
8762,30488,30488
8763,40378,40378
8764,52038,52038
8765,9755,9755
8766,9756,9756
8767,51784,51784
8768,9757,9757
8769,50857,50857
8770,9760,9760
8771,30758,30758
8772,4694,4694
8773,9761,9761
8774,50921,50921
8775,40390,40390
8776,9765,9765
8777,31262,31262
8778,40393,40393
8779,40394,40394
8780,40395,40395
8781,40396,40396
8782,40397,40397
8783,40398,40398
8784,40399,40399
8785,40400,40400
8786,40401,40401
8787,40402,40402
8788,9776,9776
8789,40404,40404
8790,50996,50996
8791,40406,40406
8792,40407,40407
8793,40408,40408
8794,40409,40409
8795,40410,40410
8796,51022,51022
8797,40412,40412
8798,40413,40413
8799,40414,40414
8800,31161,31161
8801,30799,30799
8802,31127,31127
8803,40010,40010
8804,40419,40419
8805,40420,40420
8806,40421,40421
8807,40422,40422
8808,40423,40423
8809,40424,40424
8810,31283,31283
8811,30594,30594
8812,31138,31138
8813,31332,31332
8814,30976,30976
8815,50937,50937
8816,40490,40490
8817,22741,22741
8818,50951,50951
8819,31181,31181
8820,24196,24196
8821,4963,4963
8822,40437,40437
8823,24868,24868
8824,28905,28905
8825,9813,9813
8826,9814,9814
8827,9815,9815
8828,9816,9816
8829,9817,9817
8830,4681,4681
8831,50728,50728
8832,9820,9820
8833,9821,9821
8834,40449,40449
8835,40450,40450
8836,52050,52050
8837,31275,31275
8838,24587,24587
8839,50984,50984
8840,40455,40455
8841,50986,50986
8842,50999,50999
8843,51000,51000
8844,51001,51001
8845,31193,31193
8846,40461,40461
8847,20346,20346
8848,40463,40463
8849,40464,40464
8850,4584,4584
8851,30729,30729
8852,40467,40467
8853,9841,9841
8854,51023,51023
8855,31230,31230
8856,51025,51025
8857,48679,48679
8858,40473,40473
8859,30195,30195
8860,31210,31210
8861,31211,31211
8862,31253,31253
8863,9462,9462
8864,31201,31201
8865,31202,31202
8866,32596,32596
8867,50897,50897
8868,24889,24889
8869,40484,40484
8870,50956,50956
8871,51028,51028
8872,48925,48925
8873,31240,31240
8874,30740,30740
8875,9561,9561
8876,50939,50939
8877,30508,30508
8878,50896,50896
8879,31231,31231
8880,9693,9693
8881,40496,40496
8882,31273,31273
8883,40008,40008
8884,9592,9592
8885,4691,4691
8886,31323,31323
8887,51089,51089
8888,4598,4598
8889,24617,24617
8890,51081,51081
8891,51082,51082
8892,9833,9833
8893,40508,40508
8894,31285,31285
8895,40510,40510
8896,40511,40511
8897,40512,40512
8898,40513,40513
8899,40514,40514
8900,40515,40515
8901,40516,40516
8902,40517,40517
8903,51105,51105
8904,27531,27531
8905,40520,40520
8906,31308,31308
8907,31320,31320
8908,40523,40523
8909,40524,40524
8910,40525,40525
8911,40526,40526
8912,40527,40527
8913,40528,40528
8914,51140,51140
8915,31363,31363
8916,9903,9903
8917,31413,31413
8918,31390,31390
8919,48984,48984
8920,51805,51805
8921,31358,31358
8922,50881,50881
8923,9912,9912
8924,31444,31444
8925,4845,4845
8926,51129,51129
8927,51164,51164
8928,49048,49048
8929,51988,51988
8930,9650,9650
8931,31225,31225
8932,51902,51902
8933,40548,40548
8934,40549,40549
8935,40550,40550
8936,40551,40551
8937,40552,40552
8938,40553,40553
8939,31319,31319
8940,9929,9929
8941,40556,40556
8942,40557,40557
8943,40558,40558
8944,40559,40559
8945,40560,40560
8946,40561,40561
8947,40562,40562
8948,40563,40563
8949,40564,40564
8950,40565,40565
8951,40566,40566
8952,40567,40567
8953,24588,24588
8954,31333,31333
8955,30802,30802
8956,4878,4878
8957,51194,51194
8958,51195,51195
8959,51196,51196
8960,51197,51197
8961,51962,51962
8962,40577,40577
8963,40578,40578
8964,40579,40579
8965,9954,9954
8966,9955,9955
8967,9956,9956
8968,51205,51205
8969,9958,9958
8970,9959,9959
8971,9960,9960
8972,9961,9961
8973,9962,9962
8974,51211,51211
8975,40590,40590
8976,40591,40591
8977,40592,40592
8978,40593,40593
8979,40594,40594
8980,40595,40595
8981,40596,40596
8982,40597,40597
8983,40598,40598
8984,40599,40599
8985,40600,40600
8986,40601,40601
8987,40602,40602
8988,40603,40603
8989,9978,9978
8990,9979,9979
8991,51228,51228
8992,9981,9981
8993,51230,51230
8994,51231,51231
8995,51232,51232
8996,51233,51233
8997,31365,31365
8998,40613,40613
8999,40614,40614
9000,40615,40615
9001,40616,40616
9002,40617,40617
9003,40618,40618
9004,40619,40619
9005,40620,40620
9006,40621,40621
9007,40622,40622
9008,40623,40623
9009,40624,40624
9010,9999,9999
9011,10000,10000
9012,10001,10001
9013,31453,31453
9014,51251,51251
9015,10004,10004
9016,24194,24194
9017,4938,4938
9018,4937,4937
9019,10008,10008
9020,31425,31425
9021,10010,10010
9022,40637,40637
9023,40638,40638
9024,40639,40639
9025,40640,40640
9026,40641,40641
9027,40642,40642
9028,40643,40643
9029,40644,40644
9030,40645,40645
9031,40646,40646
9032,40647,40647
9033,10022,10022
9034,10023,10023
9035,10024,10024
9036,10025,10025
9037,51274,51274
9038,10027,10027
9039,10028,10028
9040,10029,10029
9041,10030,10030
9042,24197,24197
9043,40658,40658
9044,40659,40659
9045,40660,40660
9046,40661,40661
9047,40662,40662
9048,40663,40663
9049,22165,22165
9050,40665,40665
9051,26191,26191
9052,40667,40667
9053,10306,10306
9054,16697,16697
9055,21840,21840
9056,40671,40671
9057,40672,40672
9058,40673,40673
9059,26138,26138
9060,26139,26139
9061,10888,10888
9062,26141,26141
9063,10345,10345
9064,26143,26143
9065,26326,26326
9066,21388,21388
9067,40682,40682
9068,40683,40683
9069,40684,40684
9070,26276,26276
9071,22213,22213
9072,11064,11064
9073,26213,26213
9074,1263,1263
9075,11120,11120
9076,1265,1265
9077,17854,17854
9078,40693,40693
9079,26126,26126
9080,26127,26127
9081,40696,40696
9082,40697,40697
9083,40698,40698
9084,40699,40699
9085,40700,40700
9086,40701,40701
9087,40702,40702
9088,10418,10418
9089,40707,40707
9090,40705,40705
9091,13161,13161
9092,40716,40716
9093,40708,40708
9094,40709,40709
9095,40710,40710
9096,40711,40711
9097,40712,40712
9098,40713,40713
9099,10450,10450
9100,40715,40715
9101,12538,12538
9102,40717,40717
9103,40718,40718
9104,10479,10479
9105,40720,40720
9106,40721,40721
9107,10491,10491
9108,40723,40723
9109,40724,40724
9110,40725,40725
9111,40726,40726
9112,40727,40727
9113,40728,40728
9114,10539,10539
9115,40730,40730
9116,40731,40731
9117,40732,40732
9118,40733,40733
9119,19052,19052
9120,40735,40735
9121,40736,40736
9122,10555,10555
9123,40738,40738
9124,40739,40739
9125,40740,40740
9126,10775,10775
9127,40742,40742
9128,40743,40743
9129,40744,40744
9130,40745,40745
9131,21854,21854
9132,40747,40747
9133,40748,40748
9134,26269,26269
9135,40750,40750
9136,40751,40751
9137,40752,40752
9138,40753,40753
9139,40754,40754
9140,40755,40755
9141,29859,29859
9142,40757,40757
9143,40758,40758
9144,40759,40759
9145,26549,26549
9146,40761,40761
9147,40762,40762
9148,10644,10644
9149,40764,40764
9150,40765,40765
9151,10656,10656
9152,10660,10660
9153,40768,40768
9154,40769,40769
9155,24317,24317
9156,26247,26247
9157,40772,40772
9158,11124,11124
9159,40774,40774
9160,12307,12307
9161,40776,40776
9162,17996,17996
9163,32834,32834
9164,10751,10751
9165,10624,10624
9166,26312,26312
9167,6366,6366
9168,36652,36652
9169,26249,26249
9170,10863,10863
9171,40786,40786
9172,40787,40787
9173,10431,10431
9174,10880,10880
9175,40790,40790
9176,40791,40791
9177,40792,40792
9178,6431,6431
9179,40794,40794
9180,40795,40795
9181,10907,10907
9182,40797,40797
9183,40798,40798
9184,40799,40799
9185,40800,40800
9186,40801,40801
9187,40802,40802
9188,40803,40803
9189,40804,40804
9190,40805,40805
9191,40806,40806
9192,10949,10949
9193,40808,40808
9194,40809,40809
9195,40810,40810
9196,40811,40811
9197,11014,11014
9198,40813,40813
9199,40814,40814
9200,40815,40815
9201,40816,40816
9202,40817,40817
9203,11083,11083
9204,40819,40819
9205,40820,40820
9206,40821,40821
9207,40822,40822
9208,40823,40823
9209,24432,24432
9210,40825,40825
9211,1348,1348
9212,22325,22325
9213,40828,40828
9214,10358,10358
9215,40830,40830
9216,40831,40831
9217,40832,40832
9218,40833,40833
9219,40834,40834
9220,40835,40835
9221,26323,26323
9222,26313,26313
9223,1408,1408
9224,26194,26194
9225,11039,11039
9226,40841,40841
9227,40842,40842
9228,12768,12768
9229,8502,8502
9230,26128,26128
9231,40846,40846
9232,40847,40847
9233,50259,50259
9234,26281,26281
9235,40850,40850
9236,40851,40851
9237,11167,11167
9238,40853,40853
9239,11792,11792
9240,19644,19644
9241,20387,20387
9242,11639,11639
9243,11251,11251
9244,40859,40859
9245,13080,13080
9246,11221,11221
9247,11225,11225
9248,18610,18610
9249,11233,11233
9250,43937,43937
9251,21886,21886
9252,11342,11342
9253,11249,11249
9254,11255,11255
9255,1607,1607
9256,45885,45885
9257,24164,24164
9258,40873,40873
9259,11273,11273
9260,40875,40875
9261,27216,27216
9262,26781,26781
9263,11243,11243
9264,11185,11185
9265,10203,10203
9266,12848,12848
9267,10123,10123
9268,40883,40883
9269,362,362
9270,40885,40885
9271,40886,40886
9272,40887,40887
9273,26708,26708
9274,11426,11426
9275,8402,8402
9276,40891,40891
9277,27836,27836
9278,40893,40893
9279,9166,9166
9280,40895,40895
9281,11267,11267
9282,40897,40897
9283,18832,18832
9284,40899,40899
9285,40900,40900
9286,51446,51446
9287,3312,3312
9288,40903,40903
9289,40904,40904
9290,44063,44063
9291,40906,40906
9292,40907,40907
9293,45262,45262
9294,40909,40909
9295,40910,40910
9296,2709,2709
9297,12762,12762
9298,22871,22871
9299,40914,40914
9300,40915,40915
9301,24095,24095
9302,40917,40917
9303,29314,29314
9304,11452,11452
9305,11457,11457
9306,18964,18964
9307,40922,40922
9308,2983,2983
9309,22249,22249
9310,12805,12805
9311,13866,13866
9312,40927,40927
9313,11491,11491
9314,40929,40929
9315,24222,24222
9316,19680,19680
9317,17746,17746
9318,26792,26792
9319,29346,29346
9320,33464,33464
9321,11482,11482
9322,15750,15750
9323,44862,44862
9324,40939,40939
9325,21014,21014
9326,19183,19183
9327,40942,40942
9328,11727,11727
9329,40944,40944
9330,40945,40945
9331,40946,40946
9332,40947,40947
9333,40948,40948
9334,27143,27143
9335,40950,40950
9336,40951,40951
9337,40952,40952
9338,40953,40953
9339,40954,40954
9340,11731,11731
9341,43981,43981
9342,11735,11735
9343,12139,12139
9344,30232,30232
9345,30183,30183
9346,26849,26849
9347,12232,12232
9348,40963,40963
9349,40964,40964
9350,40965,40965
9351,46608,46608
9352,18261,18261
9353,11764,11764
9354,17870,17870
9355,43904,43904
9356,11767,11767
9357,11768,11768
9358,12269,12269
9359,11770,11770
9360,8826,8826
9361,21065,21065
9362,21967,21967
9363,37692,37692
9364,2572,2572
9365,36870,36870
9366,11889,11889
9367,10035,10035
9368,12144,12144
9369,27038,27038
9370,11893,11893
9371,21272,21272
9372,21999,21999
9373,26867,26867
9374,11820,11820
9375,11794,11794
9376,11795,11795
9377,11823,11823
9378,26881,26881
9379,11846,11846
9380,24282,24282
9381,36851,36851
9382,36843,36843
9383,13490,13490
9384,11821,11821
9385,21994,21994
9386,11844,11844
9387,26888,26888
9388,11861,11861
9389,26890,26890
9390,36858,36858
9391,11842,11842
9392,41780,41780
9393,11859,11859
9394,26893,26893
9395,11870,11870
9396,26895,26895
9397,36863,36863
9398,11756,11756
9399,21929,21929
9400,23066,23066
9401,26898,26898
9402,36866,36866
9403,26882,26882
9404,11826,11826
9405,21935,21935
9406,27214,27214
9407,45442,45442
9408,28253,28253
9409,11896,11896
9410,17605,17605
9411,11898,11898
9412,11899,11899
9413,28138,28138
9414,1672,1672
9415,21123,21123
9416,8203,8203
9417,8186,8186
9418,12099,12099
9419,12111,12111
9420,12112,12112
9421,24714,24714
9422,26978,26978
9423,12125,12125
9424,11521,11521
9425,41040,41040
9426,13356,13356
9427,11176,11176
9428,26921,26921
9429,43882,43882
9430,12068,12068
9431,21989,21989
9432,41047,41047
9433,41066,41066
9434,16318,16318
9435,12098,12098
9436,11329,11329
9437,12100,12100
9438,36886,36886
9439,11769,11769
9440,17358,17358
9441,44123,44123
9442,12105,12105
9443,13166,13166
9444,11471,11471
9445,11716,11716
9446,12109,12109
9447,11742,11742
9448,11723,11723
9449,43204,43204
9450,46515,46515
9451,418,418
9452,29956,29956
9453,12137,12137
9454,11728,11728
9455,41070,41070
9456,8388,8388
9457,22770,22770
9458,24711,24711
9459,3212,3212
9460,12090,12090
9461,48839,48839
9462,12124,12124
9463,39756,39756
9464,19257,19257
9465,12127,12127
9466,12128,12128
9467,43927,43927
9468,12130,12130
9469,12131,12131
9470,12132,12132
9471,12133,12133
9472,12134,12134
9473,47418,47418
9474,14126,14126
9475,12175,12175
9476,12140,12140
9477,37080,37080
9478,22030,22030
9479,12179,12179
9480,12180,12180
9481,45260,45260
9482,12146,12146
9483,55310,55310
9484,41099,41099
9485,41100,41100
9486,17272,17272
9487,10147,10147
9488,11479,11479
9489,41104,41104
9490,10159,10159
9491,10162,10162
9492,10167,10167
9493,41108,41108
9494,50434,50434
9495,41110,41110
9496,41111,41111
9497,2708,2708
9498,10101,10101
9499,40890,40890
9500,26071,26071
9501,27323,27323
9502,10206,10206
9503,10211,10211
9504,41119,41119
9505,41120,41120
9506,41121,41121
9507,41122,41122
9508,41669,41669
9509,10103,10103
9510,40913,40913
9511,10197,10197
9512,11191,11191
9513,26927,26927
9514,44101,44101
9515,20422,20422
9516,13046,13046
9517,41132,41132
9518,41133,41133
9519,41134,41134
9520,1531,1531
9521,22026,22026
9522,12166,12166
9523,21983,21983
9524,11878,11878
9525,12916,12916
9526,12385,12385
9527,12158,12158
9528,11455,11455
9529,12148,12148
9530,12149,12149
9531,12150,12150
9532,12214,12214
9533,12176,12176
9534,27088,27088
9535,12199,12199
9536,7244,7244
9537,12219,12219
9538,27137,27137
9539,12171,12171
9540,46946,46946
9541,12161,12161
9542,23083,23083
9543,37022,37022
9544,21920,21920
9545,21922,21922
9546,16300,16300
9547,28381,28381
9548,2928,2928
9549,41164,41164
9550,12182,12182
9551,44113,44113
9552,12173,12173
9553,12174,12174
9554,24697,24697
9555,37034,37034
9556,27046,27046
9557,14571,14571
9558,12200,12200
9559,18768,18768
9560,52516,52516
9561,12203,12203
9562,27136,27136
9563,12184,12184
9564,37043,37043
9565,12187,12187
9566,12223,12223
9567,12224,12224
9568,12190,12190
9569,12191,12191
9570,12192,12192
9571,14797,14797
9572,13006,13006
9573,16428,16428
9574,29423,29423
9575,12986,12986
9576,26320,26320
9577,12178,12178
9578,12253,12253
9579,12254,12254
9580,12181,12181
9581,29015,29015
9582,11611,11611
9583,41198,41198
9584,8036,8036
9585,37064,37064
9586,27003,27003
9587,19165,19165
9588,12169,12169
9589,12227,12227
9590,12221,12221
9591,12899,12899
9592,44730,44730
9593,45633,45633
9594,29403,29403
9595,46921,46921
9596,42430,42430
9597,12233,12233
9598,12202,12202
9599,37097,37097
9600,27094,27094
9601,41216,41216
9602,52648,52648
9603,12209,12209
9604,12210,12210
9605,44257,44257
9606,12235,12235
9607,41346,41346
9608,11514,11514
9609,12217,12217
9610,29554,29554
9611,12243,12243
9612,12113,12113
9613,6753,6753
9614,27112,27112
9615,44243,44243
9616,37095,37095
9617,51327,51327
9618,30397,30397
9619,1584,1584
9620,13202,13202
9621,11757,11757
9622,27072,27072
9623,21933,21933
9624,27126,27126
9625,12244,12244
9626,27135,27135
9627,27074,27074
9628,2740,2740
9629,22206,22206
9630,31150,31150
9631,12155,12155
9632,12156,12156
9633,27740,27740
9634,12338,12338
9635,27346,27346
9636,37115,37115
9637,41252,41252
9638,44002,44002
9639,2697,2697
9640,56458,56458
9641,8024,8024
9642,46905,46905
9643,2588,2588
9644,26735,26735
9645,27662,27662
9646,27029,27029
9647,12828,12828
9648,12281,12281
9649,44309,44309
9650,11535,11535
9651,41266,41266
9652,12371,12371
9653,40925,40925
9654,17720,17720
9655,8705,8705
9656,44314,44314
9657,12313,12313
9658,12315,12315
9659,29457,29457
9660,3506,3506
9661,41276,41276
9662,12994,12994
9663,41278,41278
9664,13360,13360
9665,41280,41280
9666,12271,12271
9667,27373,27373
9668,23080,23080
9669,12285,12285
9670,23747,23747
9671,45037,45037
9672,12497,12497
9673,13112,13112
9674,12457,12457
9675,27382,27382
9676,44480,44480
9677,12980,12980
9678,29442,29442
9679,41294,41294
9680,13293,13293
9681,16233,16233
9682,12548,12548
9683,12830,12830
9684,10736,10736
9685,12603,12603
9686,27156,27156
9687,12400,12400
9688,12940,12940
9689,16376,16376
9690,12609,12609
9691,26817,26817
9692,27181,27181
9693,23931,23931
9694,11940,11940
9695,11603,11603
9696,12691,12691
9697,22957,22957
9698,12702,12702
9699,12706,12706
9700,12708,12708
9701,13617,13617
9702,12296,12296
9703,41318,41318
9704,11942,11942
9705,41320,41320
9706,12824,12824
9707,42373,42373
9708,20403,20403
9709,12604,12604
9710,12784,12784
9711,12398,12398
9712,22866,22866
9713,41328,41328
9714,41329,41329
9715,35458,35458
9716,12770,12770
9717,41332,41332
9718,12778,12778
9719,27016,27016
9720,13215,13215
9721,23078,23078
9722,44377,44377
9723,44310,44310
9724,12608,12608
9725,30243,30243
9726,14183,14183
9727,53189,53189
9728,21926,21926
9729,13354,13354
9730,27357,27357
9731,47200,47200
9732,17737,17737
9733,28226,28226
9734,27158,27158
9735,13056,13056
9736,41881,41881
9737,41289,41289
9738,44487,44487
9739,27363,27363
9740,12272,12272
9741,12697,12697
9742,27413,27413
9743,13070,13070
9744,12960,12960
9745,29146,29146
9746,14277,14277
9747,43403,43403
9748,29057,29057
9749,1518,1518
9750,24424,24424
9751,28597,28597
9752,13108,13108
9753,32105,32105
9754,12832,12832
9755,12507,12507
9756,1639,1639
9757,12116,12116
9758,53156,53156
9759,41374,41374
9760,12638,12638
9761,13146,13146
9762,41377,41377
9763,23865,23865
9764,12594,12594
9765,42353,42353
9766,8789,8789
9767,13358,13358
9768,41383,41383
9769,13176,13176
9770,41385,41385
9771,41386,41386
9772,41387,41387
9773,28006,28006
9774,27314,27314
9775,33372,33372
9776,13206,13206
9777,13041,13041
9778,22845,22845
9779,41394,41394
9780,12737,12737
9781,45529,45529
9782,13228,13228
9783,41398,41398
9784,13235,13235
9785,41400,41400
9786,13245,13245
9787,13250,13250
9788,13253,13253
9789,13257,13257
9790,41405,41405
9791,22802,22802
9792,13400,13400
9793,41408,41408
9794,13873,13873
9795,13406,13406
9796,13408,13408
9797,13410,13410
9798,14283,14283
9799,13414,13414
9800,13416,13416
9801,13418,13418
9802,41417,41417
9803,13505,13505
9804,44547,44547
9805,44548,44548
9806,22762,22762
9807,13510,13510
9808,13268,13268
9809,36846,36846
9810,23100,23100
9811,13476,13476
9812,41427,41427
9813,13530,13530
9814,13532,13532
9815,13533,13533
9816,22806,22806
9817,13625,13625
9818,13627,13627
9819,44660,44660
9820,12593,12593
9821,13304,13304
9822,21843,21843
9823,12646,12646
9824,12799,12799
9825,44551,44551
9826,27612,27612
9827,44288,44288
9828,12746,12746
9829,12511,12511
9830,12490,12490
9831,23203,23203
9832,43605,43605
9833,23064,23064
9834,12853,12853
9835,14073,14073
9836,13362,13362
9837,44462,44462
9838,12485,12485
9839,13334,13334
9840,13386,13386
9841,13494,13494
9842,22073,22073
9843,13371,13371
9844,53908,53908
9845,12240,12240
9846,13504,13504
9847,44289,44289
9848,13125,13125
9849,10105,10105
9850,27365,27365
9851,12622,12622
9852,24386,24386
9853,22804,22804
9854,41469,41469
9855,13264,13264
9856,13265,13265
9857,13428,13428
9858,13430,13430
9859,13432,13432
9860,13434,13434
9861,13436,13436
9862,13438,13438
9863,41478,41478
9864,41479,41479
9865,13424,13424
9866,13266,13266
9867,13446,13446
9868,44552,44552
9869,13450,13450
9870,13452,13452
9871,13454,13454
9872,13456,13456
9873,41488,41488
9874,13442,13442
9875,13444,13444
9876,13460,13460
9877,13270,13270
9878,13474,13474
9879,13466,13466
9880,13468,13468
9881,13470,13470
9882,41497,41497
9883,13492,13492
9884,13462,13462
9885,13272,13272
9886,17152,17152
9887,13478,13478
9888,13373,13373
9889,41504,41504
9890,20278,20278
9891,13274,13274
9892,13484,13484
9893,27180,27180
9894,41509,41509
9895,57758,57758
9896,13486,13486
9897,13280,13280
9898,13489,13489
9899,41514,41514
9900,13493,13493
9901,20734,20734
9902,27461,27461
9903,13499,13499
9904,13501,13501
9905,40919,40919
9906,21433,21433
9907,13061,13061
9908,10443,10443
9909,26046,26046
9910,41525,41525
9911,13975,13975
9912,22604,22604
9913,3262,3262
9914,48669,48669
9915,53974,53974
9916,13622,13622
9917,13623,13623
9918,27118,27118
9919,13527,13527
9920,16231,16231
9921,13550,13550
9922,13551,13551
9923,13554,13554
9924,13556,13556
9925,13557,13557
9926,13559,13559
9927,13561,13561
9928,13563,13563
9929,13566,13566
9930,13568,13568
9931,13705,13705
9932,33441,33441
9933,13572,13572
9934,13573,13573
9935,13575,13575
9936,13577,13577
9937,13579,13579
9938,13581,13581
9939,13584,13584
9940,13586,13586
9941,13570,13570
9942,13707,13707
9943,33443,33443
9944,33444,33444
9945,13591,13591
9946,13594,13594
9947,13595,13595
9948,13598,13598
9949,13600,13600
9950,13588,13588
9951,13590,13590
9952,33445,33445
9953,33446,33446
9954,13605,13605
9955,13608,13608
9956,13610,13610
9957,13602,13602
9958,13604,13604
9959,33447,33447
9960,33448,33448
9961,33449,33449
9962,13612,13612
9963,13614,13614
9964,13616,13616
9965,13285,13285
9966,13287,13287
9967,13289,13289
9968,12268,12268
9969,53806,53806
9970,13502,13502
9971,22233,22233
9972,22807,22807
9973,13637,13637
9974,13639,13639
9975,13641,13641
9976,13643,13643
9977,13645,13645
9978,13647,13647
9979,12817,12817
9980,27050,27050
9981,13633,13633
9982,13635,13635
9983,13711,13711
9984,13713,13713
9985,13659,13659
9986,13661,13661
9987,13663,13663
9988,13665,13665
9989,13649,13649
9990,13669,13669
9991,13653,13653
9992,13655,13655
9993,13629,13629
9994,13715,13715
9995,13675,13675
9996,14250,14250
9997,13679,13679
9998,13667,13667
9999,13683,13683
10000,13671,13671
10001,13673,13673
10002,12611,12611
10003,13677,13677
10004,13689,13689
10005,13878,13878
10006,13630,13630
10007,13685,13685
10008,13687,13687
10009,13721,13721
10010,13691,13691
10011,13651,13651
10012,11254,11254
10013,13697,13697
10014,13699,13699
10015,13701,13701
10016,27052,27052
10017,41632,41632
10018,41633,41633
10019,41634,41634
10020,29247,29247
10021,13738,13738
10022,12713,12713
10023,41648,41648
10024,41639,41639
10025,48643,48643
10026,14186,14186
10027,34102,34102
10028,41643,41643
10029,23195,23195
10030,41645,41645
10031,14206,14206
10032,27168,27168
10033,41705,41705
10034,41649,41649
10035,13825,13825
10036,27570,27570
10037,25945,25945
10038,50307,50307
10039,17444,17444
10040,41752,41752
10041,7240,7240
10042,33469,33469
10043,14120,14120
10044,37477,37477
10045,37478,37478
10046,37479,37479
10047,29456,29456
10048,41663,41663
10049,14200,14200
10050,41665,41665
10051,41666,41666
10052,14222,14222
10053,41668,41668
10054,13848,13848
10055,46950,46950
10056,13852,13852
10057,13883,13883
10058,13884,13884
10059,13885,13885
10060,37463,37463
10061,28805,28805
10062,13888,13888
10063,13879,13879
10064,13277,13277
10065,28853,28853
10066,44659,44659
10067,26793,26793
10068,2312,2312
10069,15699,15699
10070,2356,2356
10071,14184,14184
10072,44439,44439
10073,12220,12220
10074,13890,13890
10075,14255,14255
10076,37534,37534
10077,27910,27910
10078,13780,13780
10079,13385,13385
10080,12189,12189
10081,9876,9876
10082,14194,14194
10083,13997,13997
10084,2229,2229
10085,27674,27674
10086,30158,30158
10087,13965,13965
10088,34110,34110
10089,14082,14082
10090,23096,23096
10091,14118,14118
10092,14087,14087
10093,14154,14154
10094,14055,14055
10095,28140,28140
10096,29401,29401
10097,14034,14034
10098,14083,14083
10099,14036,14036
10100,14037,14037
10101,17142,17142
10102,13909,13909
10103,51696,51696
10104,14223,14223
10105,14246,14246
10106,14059,14059
10107,1686,1686
10108,14045,14045
10109,28135,28135
10110,47111,47111
10111,13802,13802
10112,14027,14027
10113,22508,22508
10114,14221,14221
10115,13759,13759
10116,13390,13390
10117,17917,17917
10118,8251,8251
10119,26275,26275
10120,1078,1078
10121,23907,23907
10122,14110,14110
10123,27816,27816
10124,24225,24225
10125,51625,51625
10126,14046,14046
10127,23237,23237
10128,34115,34115
10129,13210,13210
10130,20742,20742
10131,13959,13959
10132,4160,4160
10133,52276,52276
10134,2984,2984
10135,44671,44671
10136,14182,14182
10137,14210,14210
10138,13903,13903
10139,34117,34117
10140,27692,27692
10141,11263,11263
10142,56237,56237
10143,41758,41758
10144,21495,21495
10145,14115,14115
10146,2392,2392
10147,41762,41762
10148,41763,41763
10149,41764,41764
10150,22037,22037
10151,3852,3852
10152,41767,41767
10153,3857,3857
10154,23058,23058
10155,41770,41770
10156,7358,7358
10157,41772,41772
10158,43606,43606
10159,14175,14175
10160,12682,12682
10161,14031,14031
10162,14189,14189
10163,14226,14226
10164,14191,14191
10165,28246,28246
10166,29438,29438
10167,15623,15623
10168,13889,13889
10169,10110,10110
10170,8007,8007
10171,14225,14225
10172,14044,14044
10173,14227,14227
10174,41724,41724
10175,27701,27701
10176,27681,27681
10177,14216,14216
10178,22275,22275
10179,14188,14188
10180,14198,14198
10181,20160,20160
10182,14202,14202
10183,26730,26730
10184,28939,28939
10185,49756,49756
10186,14084,14084
10187,41698,41698
10188,7751,7751
10189,13252,13252
10190,8004,8004
10191,27751,27751
10192,27841,27841
10193,14235,14235
10194,37690,37690
10195,41810,41810
10196,4088,4088
10197,14239,14239
10198,14240,14240
10199,47497,47497
10200,41815,41815
10201,14243,14243
10202,14244,14244
10203,24726,24726
10204,37688,37688
10205,23120,23120
10206,37702,37702
10207,41822,41822
10208,13763,13763
10209,14249,14249
10210,41713,41713
10211,59272,59272
10212,47486,47486
10213,2434,2434
10214,8273,8273
10215,14233,14233
10216,14203,14203
10217,14128,14128
10218,12872,12872
10219,45177,45177
10220,12678,12678
10221,1605,1605
10222,1642,1642
10223,27184,27184
10224,48239,48239
10225,29564,29564
10226,16017,16017
10227,41842,41842
10228,22645,22645
10229,20663,20663
10230,14319,14319
10231,2473,2473
10232,20136,20136
10233,41848,41848
10234,41849,41849
10235,7477,7477
10236,4972,4972
10237,14258,14258
10238,41853,41853
10239,14309,14309
10240,14313,14313
10241,22029,22029
10242,50221,50221
10243,7486,7486
10244,7487,7487
10245,14333,14333
10246,7483,7483
10247,14329,14329
10248,41863,41863
10249,13062,13062
10250,41865,41865
10251,14459,14459
10252,41867,41867
10253,41868,41868
10254,41869,41869
10255,41870,41870
10256,41871,41871
10257,14453,14453
10258,12257,12257
10259,14727,14727
10260,41875,41875
10261,41876,41876
10262,14875,14875
10263,27929,27929
10264,14968,14968
10265,41880,41880
10266,10270,10270
10267,41882,41882
10268,7617,7617
10269,15231,15231
10270,7724,7724
10271,14783,14783
10272,14787,14787
10273,14790,14790
10274,28048,28048
10275,14843,14843
10276,14803,14803
10277,41892,41892
10278,41893,41893
10279,41894,41894
10280,28288,28288
10281,41896,41896
10282,41897,41897
10283,41898,41898
10284,14755,14755
10285,14403,14403
10286,41901,41901
10287,41902,41902
10288,14723,14723
10289,41904,41904
10290,41905,41905
10291,41906,41906
10292,44072,44072
10293,41908,41908
10294,41909,41909
10295,14765,14765
10296,14961,14961
10297,14599,14599
10298,1447,1447
10299,13344,13344
10300,41915,41915
10301,2493,2493
10302,27356,27356
10303,26944,26944
10304,30199,30199
10305,12499,12499
10306,14871,14871
10307,30213,30213
10308,28333,28333
10309,23842,23842
10310,14887,14887
10311,29351,29351
10312,15800,15800
10313,14217,14217
10314,41929,41929
10315,30145,30145
10316,41931,41931
10317,41932,41932
10318,41933,41933
10319,24755,24755
10320,51744,51744
10321,18053,18053
10322,8003,8003
10323,44228,44228
10324,22089,22089
10325,41940,41940
10326,3445,3445
10327,14450,14450
10328,12481,12481
10329,15005,15005
10330,22554,22554
10331,28077,28077
10332,22562,22562
10333,14979,14979
10334,16202,16202
10335,15029,15029
10336,16605,16605
10337,16607,16607
10338,46873,46873
10339,13308,13308
10340,15139,15139
10341,15099,15099
10342,44960,44960
10343,2600,2600
10344,11487,11487
10345,48125,48125
10346,14985,14985
10347,14989,14989
10348,44081,44081
10349,41964,41964
10350,15089,15089
10351,23903,23903
10352,27033,27033
10353,1528,1528
10354,45257,45257
10355,29411,29411
10356,10115,10115
10357,41972,41972
10358,41973,41973
10359,41974,41974
10360,41975,41975
10361,41976,41976
10362,15271,15271
10363,7576,7576
10364,14779,14779
10365,41980,41980
10366,41981,41981
10367,15888,15888
10368,14038,14038
10369,41984,41984
10370,41985,41985
10371,41986,41986
10372,7299,7299
10373,14391,14391
10374,24698,24698
10375,28110,28110
10376,46517,46517
10377,2544,2544
10378,41993,41993
10379,12904,12904
10380,15852,15852
10381,41996,41996
10382,41997,41997
10383,15265,15265
10384,29455,29455
10385,2550,2550
10386,56457,56457
10387,42002,42002
10388,14170,14170
10389,23734,23734
10390,42005,42005
10391,5443,5443
10392,11239,11239
10393,42008,42008
10394,42009,42009
10395,12141,12141
10396,18476,18476
10397,28334,28334
10398,15322,15322
10399,42014,42014
10400,15872,15872
10401,24703,24703
10402,15589,15589
10403,13372,13372
10404,42019,42019
10405,15373,15373
10406,15374,15374
10407,42022,42022
10408,42023,42023
10409,23128,23128
10410,15390,15390
10411,2938,2938
10412,23930,23930
10413,28291,28291
10414,24715,24715
10415,37395,37395
10416,26777,26777
10417,15409,15409
10418,42033,42033
10419,42034,42034
10420,42035,42035
10421,7702,7702
10422,2632,2632
10423,24758,24758
10424,24154,24154
10425,2677,2677
10426,2635,2635
10427,15538,15538
10428,42043,42043
10429,13220,13220
10430,42045,42045
10431,28240,28240
10432,45808,45808
10433,22499,22499
10434,28012,28012
10435,15545,15545
10436,14939,14939
10437,45596,45596
10438,15478,15478
10439,24446,24446
10440,42055,42055
10441,42056,42056
10442,42057,42057
10443,42058,42058
10444,2641,2641
10445,2642,2642
10446,7658,7658
10447,1594,1594
10448,2637,2637
10449,24760,24760
10450,7663,7663
10451,2680,2680
10452,42067,42067
10453,42068,42068
10454,42069,42069
10455,42070,42070
10456,42071,42071
10457,7774,7774
10458,15510,15510
10459,49336,49336
10460,2686,2686
10461,49338,49338
10462,46091,46091
10463,2659,2659
10464,26715,26715
10465,42080,42080
10466,47332,47332
10467,14813,14813
10468,15352,15352
10469,23958,23958
10470,24757,24757
10471,4023,4023
10472,23961,23961
10473,23962,23962
10474,23963,23963
10475,23964,23964
10476,42091,42091
10477,42092,42092
10478,42093,42093
10479,20408,20408
10480,8955,8955
10481,15532,15532
10482,15544,15544
10483,28184,28184
10484,32607,32607
10485,27672,27672
10486,7315,7315
10487,53919,53919
10488,24555,24555
10489,42104,42104
10490,42105,42105
10491,23087,23087
10492,42107,42107
10493,45807,45807
10494,23928,23928
10495,42110,42110
10496,2996,2996
10497,42112,42112
10498,23932,23932
10499,31078,31078
10500,42115,42115
10501,7710,7710
10502,15541,15541
10503,15472,15472
10504,15543,15543
10505,24045,24045
10506,42121,42121
10507,2701,2701
10508,42123,42123
10509,2703,2703
10510,42125,42125
10511,42126,42126
10512,2707,2707
10513,24438,24438
10514,15531,15531
10515,22441,22441
10516,7727,7727
10517,15534,15534
10518,42124,42124
10519,2714,2714
10520,15536,15536
10521,14579,14579
10522,42137,42137
10523,42138,42138
10524,42139,42139
10525,7737,7737
10526,15743,15743
10527,42142,42142
10528,42143,42143
10529,7741,7741
10530,15585,15585
10531,42146,42146
10532,7744,7744
10533,42148,42148
10534,24869,24869
10535,2552,2552
10536,41438,41438
10537,15613,15613
10538,15617,15617
10539,51598,51598
10540,27666,27666
10541,24479,24479
10542,11186,11186
10543,39760,39760
10544,42159,42159
10545,42160,42160
10546,48106,48106
10547,14817,14817
10548,47108,47108
10549,42164,42164
10550,24374,24374
10551,2737,2737
10552,43505,43505
10553,42168,42168
10554,22650,22650
10555,42170,42170
10556,42171,42171
10557,42172,42172
10558,31162,31162
10559,8421,8421
10560,42175,42175
10561,42176,42176
10562,26924,26924
10563,42178,42178
10564,42179,42179
10565,15724,15724
10566,42181,42181
10567,23364,23364
10568,15737,15737
10569,14550,14550
10570,2343,2343
10571,28379,28379
10572,29565,29565
10573,30060,30060
10574,28371,28371
10575,18196,18196
10576,15637,15637
10577,15815,15815
10578,42193,42193
10579,28387,28387
10580,28388,28388
10581,3347,3347
10582,29525,29525
10583,28391,28391
10584,14566,14566
10585,15119,15119
10586,42201,42201
10587,28395,28395
10588,51367,51367
10589,42204,42204
10590,45294,45294
10591,15607,15607
10592,14778,14778
10593,12289,12289
10594,14253,14253
10595,15844,15844
10596,15717,15717
10597,14842,14842
10598,7365,7365
10599,22093,22093
10600,23144,23144
10601,44065,44065
10602,23124,23124
10603,27845,27845
10604,23340,23340
10605,42220,42220
10606,22839,22839
10607,10163,10163
10608,2912,2912
10609,14232,14232
10610,51691,51691
10611,42226,42226
10612,42227,42227
10613,42228,42228
10614,29490,29490
10615,44689,44689
10616,3517,3517
10617,14559,14559
10618,2917,2917
10619,14185,14185
10620,2918,2918
10621,23139,23139
10622,27466,27466
10623,42238,42238
10624,22190,22190
10625,23293,23293
10626,27677,27677
10627,22969,22969
10628,17404,17404
10629,22833,22833
10630,14229,14229
10631,14230,14230
10632,23393,23393
10633,24115,24115
10634,3033,3033
10635,42250,42250
10636,42251,42251
10637,15912,15912
10638,2958,2958
10639,45290,45290
10640,15924,15924
10641,28366,28366
10642,42257,42257
10643,42570,42570
10644,8023,8023
10645,15944,15944
10646,42261,42261
10647,15907,15907
10648,8022,8022
10649,2959,2959
10650,15103,15103
10651,8037,8037
10652,8038,8038
10653,8034,8034
10654,22829,22829
10655,42270,42270
10656,8042,8042
10657,42272,42272
10658,15953,15953
10659,15957,15957
10660,42275,42275
10661,42276,42276
10662,42277,42277
10663,42278,42278
10664,8080,8080
10665,3006,3006
10666,8082,8082
10667,3008,3008
10668,8084,8084
10669,3010,3010
10670,8086,8086
10671,42286,42286
10672,42287,42287
10673,42288,42288
10674,42289,42289
10675,42290,42290
10676,42291,42291
10677,42292,42292
10678,42293,42293
10679,42294,42294
10680,42295,42295
10681,42296,42296
10682,42297,42297
10683,42298,42298
10684,42299,42299
10685,12733,12733
10686,16174,16174
10687,16070,16070
10688,16072,16072
10689,42304,42304
10690,42305,42305
10691,3048,3048
10692,28343,28343
10693,49525,49525
10694,16146,16146
10695,3032,3032
10696,29089,29089
10697,8107,8107
10698,16161,16161
10699,8109,8109
10700,16121,16121
10701,42316,42316
10702,16128,16128
10703,29068,29068
10704,42319,42319
10705,16141,16141
10706,3039,3039
10707,49538,49538
10708,49539,49539
10709,8118,8118
10710,13130,13130
10711,42326,42326
10712,45450,45450
10713,16172,16172
10714,23457,23457
10715,29085,29085
10716,12097,12097
10717,13129,13129
10718,13269,13269
10719,16198,16198
10720,22781,22781
10721,3028,3028
10722,21932,21932
10723,36216,36216
10724,42339,42339
10725,42340,42340
10726,16384,16384
10727,42342,42342
10728,42343,42343
10729,42344,42344
10730,42345,42345
10731,42346,42346
10732,42347,42347
10733,42348,42348
10734,42349,42349
10735,42350,42350
10736,42351,42351
10737,42352,42352
10738,22910,22910
10739,16284,16284
10740,12107,12107
10741,27167,27167
10742,16294,16294
10743,42358,42358
10744,8149,8149
10745,45331,45331
10746,3077,3077
10747,45886,45886
10748,8156,8156
10749,42364,42364
10750,16385,16385
10751,42366,42366
10752,16335,16335
10753,42368,42368
10754,42369,42369
10755,22546,22546
10756,16392,16392
10757,42372,42372
10758,17023,17023
10759,16573,16573
10760,16374,16374
10761,29182,29182
10762,42377,42377
10763,42378,42378
10764,16571,16571
10765,42380,42380
10766,42381,42381
10767,42382,42382
10768,42383,42383
10769,42384,42384
10770,42385,42385
10771,16436,16436
10772,42387,42387
10773,42388,42388
10774,42389,42389
10775,42390,42390
10776,42391,42391
10777,42392,42392
10778,42393,42393
10779,42394,42394
10780,42395,42395
10781,42396,42396
10782,42397,42397
10783,16544,16544
10784,17937,17937
10785,42400,42400
10786,42401,42401
10787,42402,42402
10788,16484,16484
10789,42404,42404
10790,42405,42405
10791,42406,42406
10792,42407,42407
10793,16520,16520
10794,42409,42409
10795,42410,42410
10796,42411,42411
10797,42412,42412
10798,42413,42413
10799,42414,42414
10800,42415,42415
10801,16624,16624
10802,16540,16540
10803,16632,16632
10804,51557,51557
10805,16640,16640
10806,42421,42421
10807,42422,42422
10808,16960,16960
10809,29128,29128
10810,16408,16408
10811,22646,22646
10812,27436,27436
10813,24464,24464
10814,47819,47819
10815,16593,16593
10816,14937,14937
10817,23108,23108
10818,16210,16210
10819,13279,13279
10820,42435,42435
10821,42436,42436
10822,42437,42437
10823,16668,16668
10824,42439,42439
10825,16676,16676
10826,16725,16725
10827,16684,16684
10828,42443,42443
10829,16692,16692
10830,8207,8207
10831,42446,42446
10832,42447,42447
10833,42448,42448
10834,42449,42449
10835,42450,42450
10836,42451,42451
10837,16680,16680
10838,42453,42453
10839,42454,42454
10840,42455,42455
10841,39513,39513
10842,42457,42457
10843,42458,42458
10844,42459,42459
10845,16889,16889
10846,16760,16760
10847,16764,16764
10848,15109,15109
10849,16773,16773
10850,42465,42465
10851,42466,42466
10852,16740,16740
10853,42468,42468
10854,42469,42469
10855,42470,42470
10856,16800,16800
10857,16804,16804
10858,16808,16808
10859,16856,16856
10860,16817,16817
10861,42476,42476
10862,42477,42477
10863,16784,16784
10864,42479,42479
10865,42480,42480
10866,42481,42481
10867,22108,22108
10868,42483,42483
10869,16852,16852
10870,16901,16901
10871,16200,16200
10872,42487,42487
10873,42488,42488
10874,16828,16828
10875,16831,16831
10876,42491,42491
10877,42492,42492
10878,42493,42493
10879,42494,42494
10880,42495,42495
10881,8263,8263
10882,42497,42497
10883,29264,29264
10884,29265,29265
10885,16914,16914
10886,42501,42501
10887,42502,42502
10888,42503,42503
10889,16886,16886
10890,42505,42505
10891,16895,16895
10892,8195,8195
10893,42508,42508
10894,29231,29231
10895,29232,29232
10896,8278,8278
10897,42512,42512
10898,17237,17237
10899,42514,42514
10900,47516,47516
10901,16672,16672
10902,7613,7613
10903,16945,16945
10904,8289,8289
10905,3213,3213
10906,29254,29254
10907,42522,42522
10908,42523,42523
10909,42524,42524
10910,15817,15817
10911,29892,29892
10912,42527,42527
10913,8296,8296
10914,8297,8297
10915,8298,8298
10916,8299,8299
10917,8300,8300
10918,8301,8301
10919,8302,8302
10920,8303,8303
10921,42536,42536
10922,42537,42537
10923,17089,17089
10924,42539,42539
10925,42540,42540
10926,42541,42541
10927,3233,3233
10928,8308,8308
10929,3235,3235
10930,8310,8310
10931,3237,3237
10932,8312,8312
10933,3239,3239
10934,8314,8314
10935,42550,42550
10936,42551,42551
10937,22694,22694
10938,42553,42553
10939,42554,42554
10940,42555,42555
10941,3245,3245
10942,8320,8320
10943,3247,3247
10944,8322,8322
10945,3249,3249
10946,8324,8324
10947,3251,3251
10948,8326,8326
10949,17156,17156
10950,17869,17869
10951,17158,17158
10952,51609,51609
10953,27974,27974
10954,47374,47374
10955,3807,3807
10956,23479,23479
10957,17164,17164
10958,13320,13320
10959,17166,17166
10960,17233,17233
10961,17178,17178
10962,17205,17205
10963,17278,17278
10964,17494,17494
10965,17318,17318
10966,42581,42581
10967,42222,42222
10968,27719,27719
10969,4945,4945
10970,17382,17382
10971,22588,22588
10972,17730,17730
10973,26775,26775
10974,45580,45580
10975,49780,49780
10976,11388,11388
10977,39775,39775
10978,11441,11441
10979,2479,2479
10980,19456,19456
10981,30087,30087
10982,17191,17191
10983,18253,18253
10984,19859,19859
10985,17976,17976
10986,17230,17230
10987,42602,42602
10988,42603,42603
10989,3079,3079
10990,17712,17712
10991,23451,23451
10992,44608,44608
10993,29446,29446
10994,40884,40884
10995,17262,17262
10996,17249,17249
10997,19991,19991
10998,17242,17242
10999,42614,42614
11000,42615,42615
11001,19055,19055
11002,27760,27760
11003,42618,42618
11004,17297,17297
11005,17286,17286
11006,17287,17287
11007,17292,17292
11008,51604,51604
11009,45708,45708
11010,3050,3050
11011,17309,17309
11012,17521,17521
11013,8693,8693
11014,8504,8504
11015,17396,17396
11016,17537,17537
11017,42632,42632
11018,17545,17545
11019,3606,3606
11020,17418,17418
11021,42636,42636
11022,49786,49786
11023,17340,17340
11024,8382,8382
11025,17393,17393
11026,17277,17277
11027,30080,30080
11028,15619,15619
11029,29394,29394
11030,19214,19214
11031,22622,22622
11032,42647,42647
11033,9145,9145
11034,17384,17384
11035,17390,17390
11036,42651,42651
11037,18308,18308
11038,18000,18000
11039,11360,11360
11040,37074,37074
11041,17505,17505
11042,17510,17510
11043,18510,18510
11044,49764,49764
11045,17862,17862
11046,17265,17265
11047,17437,17437
11048,3439,3439
11049,17354,17354
11050,42665,42665
11051,3285,3285
11052,8409,8409
11053,6805,6805
11054,17465,17465
11055,17470,17470
11056,8413,8413
11057,17476,17476
11058,17482,17482
11059,42674,42674
11060,3309,3309
11061,18044,18044
11062,55323,55323
11063,19246,19246
11064,17549,17549
11065,17554,17554
11066,18642,18642
11067,17649,17649
11068,17565,17565
11069,17658,17658
11070,17573,17573
11071,17665,17665
11072,49758,49758
11073,42688,42688
11074,17589,17589
11075,17593,17593
11076,17642,17642
11077,18686,18686
11078,29375,29375
11079,17609,17609
11080,22148,22148
11081,17662,17662
11082,29492,29492
11083,42698,42698
11084,42699,42699
11085,17633,17633
11086,17637,17637
11087,17641,17641
11088,17646,17646
11089,2734,2734
11090,17653,17653
11091,45616,45616
11092,49631,49631
11093,17446,17446
11094,42709,42709
11095,42710,42710
11096,17677,17677
11097,17681,17681
11098,17685,17685
11099,3360,3360
11100,3427,3427
11101,22096,22096
11102,17283,17283
11103,29379,29379
11104,28376,28376
11105,42720,42720
11106,42363,42363
11107,42722,42722
11108,17682,17682
11109,21980,21980
11110,17333,17333
11111,27185,27185
11112,42727,42727
11113,42728,42728
11114,1425,1425
11115,14076,14076
11116,17696,17696
11117,42732,42732
11118,42733,42733
11119,42734,42734
11120,45753,45753
11121,42736,42736
11122,19411,19411
11123,51622,51622
11124,42739,42739
11125,43355,43355
11126,12451,12451
11127,46912,46912
11128,19155,19155
11129,45757,45757
11130,17778,17778
11131,17911,17911
11132,8478,8478
11133,42748,42748
11134,17929,17929
11135,45875,45875
11136,24161,24161
11137,17803,17803
11138,45799,45799
11139,29903,29903
11140,42755,42755
11141,42756,42756
11142,17826,17826
11143,42758,42758
11144,42759,42759
11145,42760,42760
11146,42761,42761
11147,17846,17846
11148,42763,42763
11149,42764,42764
11150,42765,42765
11151,42766,42766
11152,42767,42767
11153,17990,17990
11154,42769,42769
11155,42770,42770
11156,42771,42771
11157,17498,17498
11158,26231,26231
11159,17894,17894
11160,42775,42775
11161,18034,18034
11162,24049,24049
11163,17910,17910
11164,19203,19203
11165,18093,18093
11166,18097,18097
11167,42782,42782
11168,42783,42783
11169,3997,3997
11170,42785,42785
11171,17809,17809
11172,46951,46951
11173,13827,13827
11174,19330,19330
11175,29818,29818
11176,29819,29819
11177,21071,21071
11178,29743,29743
11179,17374,17374
11180,29955,29955
11181,1583,1583
11182,17984,17984
11183,18078,18078
11184,42799,42799
11185,17998,17998
11186,17305,17305
11187,18226,18226
11188,29510,29510
11189,17925,17925
11190,29373,29373
11191,22716,22716
11192,2390,2390
11193,18028,18028
11194,45844,45844
11195,42810,42810
11196,18042,18042
11197,18040,18040
11198,42813,42813
11199,3448,3448
11200,18056,18056
11201,29396,29396
11202,42817,42817
11203,42818,42818
11204,42819,42819
11205,18165,18165
11206,42821,42821
11207,18086,18086
11208,29497,29497
11209,18137,18137
11210,18141,18141
11211,18100,18100
11212,42827,42827
11213,17686,17686
11214,42829,42829
11215,42830,42830
11216,29848,29848
11217,42832,42832
11218,18130,18130
11219,19510,19510
11220,19604,19604
11221,42836,42836
11222,18234,18234
11223,42838,42838
11224,41766,41766
11225,42840,42840
11226,42841,42841
11227,14157,14157
11228,42843,42843
11229,43133,43133
11230,29218,29218
11231,51624,51624
11232,22595,22595
11233,18188,18188
11234,18192,18192
11235,29522,29522
11236,49567,49567
11237,18204,18204
11238,19683,19683
11239,29342,29342
11240,17672,17672
11241,18222,18222
11242,11533,11533
11243,22121,22121
11244,18013,18013
11245,8581,8581
11246,7990,7990
11247,24376,24376
11248,42863,42863
11249,42864,42864
11250,26909,26909
11251,27983,27983
11252,28065,28065
11253,12802,12802
11254,22610,22610
11255,44357,44357
11256,12122,12122
11257,22177,22177
11258,27286,27286
11259,10309,10309
11260,29359,29359
11261,57401,57401
11262,18438,18438
11263,18353,18353
11264,10748,10748
11265,17406,17406
11266,18560,18560
11267,18859,18859
11268,7226,7226
11269,8598,8598
11270,8607,8607
11271,42886,42886
11272,18350,18350
11273,8610,8610
11274,42889,42889
11275,8613,8613
11276,18360,18360
11277,18409,18409
11278,18413,18413
11279,18417,18417
11280,8617,8617
11281,8619,8619
11282,57483,57483
11283,57484,57484
11284,8621,8621
11285,18440,18440
11286,42901,42901
11287,42902,42902
11288,18452,18452
11289,18456,18456
11290,8629,8629
11291,8630,8630
11292,18468,18468
11293,57471,57471
11294,57472,57472
11295,8633,8633
11296,18484,18484
11297,18444,18444
11298,8643,8643
11299,18496,18496
11300,18500,18500
11301,8641,8641
11302,8642,8642
11303,18512,18512
11304,57436,57436
11305,16861,16861
11306,8645,8645
11307,18529,18529
11308,18488,18488
11309,8655,8655
11310,18541,18541
11311,18545,18545
11312,8653,8653
11313,8654,8654
11314,18557,18557
11315,57447,57447
11316,57448,57448
11317,8657,8657
11318,18572,18572
11319,42934,42934
11320,42935,42935
11321,18584,18584
11322,18588,18588
11323,18592,18592
11324,18598,18598
11325,23534,23534
11326,57424,57424
11327,23924,23924
11328,8659,8659
11329,18617,18617
11330,18576,18576
11331,18580,18580
11332,18629,18629
11333,18633,18633
11334,18637,18637
11335,17513,17513
11336,8679,8679
11337,57435,57435
11338,57459,57459
11339,18522,18522
11340,18661,18661
11341,42956,42956
11342,42957,42957
11343,3627,3627
11344,18676,18676
11345,8689,8689
11346,8690,8690
11347,8691,8691
11348,17282,17282
11349,19682,19682
11350,17530,17530
11351,8696,8696
11352,42967,42967
11353,3626,3626
11354,18716,18716
11355,8711,8711
11356,3641,3641
11357,17601,17601
11358,8703,8703
11359,18297,18297
11360,19684,19684
11361,29606,29606
11362,8708,8708
11363,42978,42978
11364,8709,8709
11365,8614,8614
11366,18903,18903
11367,23484,23484
11368,45649,45649
11369,18724,18724
11370,42985,42985
11371,42986,42986
11372,22196,22196
11373,42988,42988
11374,18798,18798
11375,42990,42990
11376,45874,45874
11377,42992,42992
11378,42993,42993
11379,18820,18820
11380,18868,18868
11381,9326,9326
11382,42997,42997
11383,29760,29760
11384,19103,19103
11385,43000,43000
11386,43001,43001
11387,43002,43002
11388,43003,43003
11389,18368,18368
11390,8730,8730
11391,43006,43006
11392,43007,43007
11393,19013,19013
11394,8729,8729
11395,43010,43010
11396,43011,43011
11397,43012,43012
11398,43013,43013
11399,43014,43014
11400,18947,18947
11401,43016,43016
11402,43017,43017
11403,43018,43018
11404,57590,57590
11405,18879,18879
11406,43021,43021
11407,43022,43022
11408,43023,43023
11409,18938,18938
11410,43025,43025
11411,29721,29721
11412,43027,43027
11413,43028,43028
11414,43029,43029
11415,43030,43030
11416,19011,19011
11417,18972,18972
11418,43033,43033
11419,43034,43034
11420,19072,19072
11421,43036,43036
11422,19035,19035
11423,57568,57568
11424,43039,43039
11425,57597,57597
11426,43041,43041
11427,17389,17389
11428,19016,19016
11429,43044,43044
11430,43045,43045
11431,57604,57604
11432,43047,43047
11433,19079,19079
11434,57573,57573
11435,43050,43050
11436,8773,8773
11437,19142,19142
11438,19098,19098
11439,19015,19015
11440,43055,43055
11441,29806,29806
11442,43057,43057
11443,19118,19118
11444,19123,19123
11445,43060,43060
11446,43061,43061
11447,43062,43062
11448,12405,12405
11449,17569,17569
11450,43065,43065
11451,43066,43066
11452,19065,19065
11453,43068,43068
11454,43069,43069
11455,29350,29350
11456,43071,43071
11457,43072,43072
11458,19134,19134
11459,19139,19139
11460,43075,43075
11461,45299,45299
11462,43077,43077
11463,43078,43078
11464,50013,50013
11465,8397,8397
11466,2490,2490
11467,51467,51467
11468,19173,19173
11469,43084,43084
11470,43085,43085
11471,43086,43086
11472,19236,19236
11473,29461,29461
11474,19244,19244
11475,18176,18176
11476,28181,28181
11477,8874,8874
11478,29854,29854
11479,17660,17660
11480,43095,43095
11481,29857,29857
11482,43097,43097
11483,29881,29881
11484,29506,29506
11485,19242,19242
11486,8838,8838
11487,19787,19787
11488,17410,17410
11489,29865,29865
11490,8843,8843
11491,19223,19223
11492,29868,29868
11493,43108,43108
11494,48157,48157
11495,29871,29871
11496,43111,43111
11497,27240,27240
11498,43257,43257
11499,43114,43114
11500,19478,19478
11501,19220,19220
11502,19355,19355
11503,29879,29879
11504,43119,43119
11505,29826,29826
11506,29882,29882
11507,19376,19376
11508,29884,29884
11509,10109,10109
11510,13496,13496
11511,29887,29887
11512,43127,43127
11513,3511,3511
11514,29890,29890
11515,43130,43130
11516,42754,42754
11517,29893,29893
11518,29894,29894
11519,29895,29895
11520,29852,29852
11521,19431,19431
11522,29898,29898
11523,43138,43138
11524,19398,19398
11525,29901,29901
11526,43141,43141
11527,43142,43142
11528,29904,29904
11529,19464,19464
11530,29906,29906
11531,19472,19472
11532,19425,19425
11533,48661,48661
11534,43149,43149
11535,19442,19442
11536,29912,29912
11537,43152,43152
11538,24047,24047
11539,29915,29915
11540,19508,19508
11541,19201,19201
11542,12110,12110
11543,29919,29919
11544,46114,46114
11545,19482,19482
11546,19486,19486
11547,29923,29923
11548,43163,43163
11549,29936,29936
11550,29926,29926
11551,29927,29927
11552,29928,29928
11553,19249,19249
11554,29930,29930
11555,29931,29931
11556,19526,19526
11557,19530,19530
11558,29934,29934
11559,43174,43174
11560,19324,19324
11561,29937,29937
11562,29938,29938
11563,2345,2345
11564,23880,23880
11565,29941,29941
11566,19522,19522
11567,19570,19570
11568,8927,8927
11569,29945,29945
11570,43185,43185
11571,51281,51281
11572,8909,8909
11573,42778,42778
11574,8935,8935
11575,19513,19513
11576,22886,22886
11577,19610,19610
11578,43193,43193
11579,8939,8939
11580,19764,19764
11581,43196,43196
11582,11461,11461
11583,41786,41786
11584,43199,43199
11585,43200,43200
11586,43201,43201
11587,43202,43202
11588,43203,43203
11589,22890,22890
11590,43205,43205
11591,11261,11261
11592,26205,26205
11593,43208,43208
11594,19771,19771
11595,19776,19776
11596,43211,43211
11597,43212,43212
11598,8936,8936
11599,43214,43214
11600,19840,19840
11601,19800,19800
11602,43217,43217
11603,57835,57835
11604,43219,43219
11605,42787,42787
11606,19820,19820
11607,43222,43222
11608,43223,43223
11609,19920,19920
11610,43225,43225
11611,19884,19884
11612,43227,43227
11613,43228,43228
11614,43229,43229
11615,43230,43230
11616,18302,18302
11617,30014,30014
11618,43233,43233
11619,3758,3758
11620,46264,46264
11621,43236,43236
11622,19928,19928
11623,43238,43238
11624,43239,43239
11625,43240,43240
11626,43241,43241
11627,43242,43242
11628,19908,19908
11629,43244,43244
11630,43245,43245
11631,19963,19963
11632,43247,43247
11633,19793,19793
11634,43249,43249
11635,43250,43250
11636,43251,43251
11637,43252,43252
11638,18746,18746
11639,57818,57818
11640,43255,43255
11641,29972,29972
11642,20008,20008
11643,29974,29974
11644,19796,19796
11645,43260,43260
11646,43261,43261
11647,43262,43262
11648,43263,43263
11649,17481,17481
11650,43265,43265
11651,43266,43266
11652,43267,43267
11653,17918,17918
11654,19968,19968
11655,20015,20015
11656,43271,43271
11657,43272,43272
11658,43273,43273
11659,43274,43274
11660,43275,43275
11661,8989,8989
11662,43277,43277
11663,43278,43278
11664,29841,29841
11665,43280,43280
11666,45593,45593
11667,29987,29987
11668,20024,20024
11669,57830,57830
11670,43285,43285
11671,51672,51672
11672,9038,9038
11673,13850,13850
11674,14275,14275
11675,10034,10034
11676,43291,43291
11677,20094,20094
11678,20142,20142
11679,9045,9045
11680,43295,43295
11681,43296,43296
11682,22191,22191
11683,20162,20162
11684,20166,20166
11685,20170,20170
11686,3983,3983
11687,20694,20694
11688,30059,30059
11689,19304,19304
11690,20750,20750
11691,4126,4126
11692,22231,22231
11693,43308,43308
11694,20359,20359
11695,20212,20212
11696,28365,28365
11697,20903,20903
11698,20234,20234
11699,46312,46312
11700,22217,22217
11701,45837,45837
11702,8522,8522
11703,28372,28372
11704,20248,20248
11705,43320,43320
11706,9072,9072
11707,9073,9073
11708,9074,9074
11709,9075,9075
11710,20274,20274
11711,9077,9077
11712,9078,9078
11713,9079,9079
11714,9080,9080
11715,9081,9081
11716,43331,43331
11717,20306,20306
11718,9084,9084
11719,20266,20266
11720,9086,9086
11721,9088,9088
11722,12619,12619
11723,9089,9089
11724,20288,20288
11725,9091,9091
11726,9093,9093
11727,43342,43342
11728,10271,10271
11729,20364,20364
11730,28141,28141
11731,43346,43346
11732,20451,20451
11733,43348,43348
11734,3416,3416
11735,44294,44294
11736,21437,21437
11737,36356,36356
11738,24173,24173
11739,30236,30236
11740,27372,27372
11741,43356,43356
11742,15600,15600
11743,8079,8079
11744,10612,10612
11745,23872,23872
11746,20955,20955
11747,26713,26713
11748,20426,20426
11749,20430,20430
11750,4162,4162
11751,27840,27840
11752,20444,20444
11753,20551,20551
11754,43369,43369
11755,20527,20527
11756,18172,18172
11757,29452,29452
11758,43373,43373
11759,43374,43374
11760,43375,43375
11761,20543,20543
11762,43377,43377
11763,43378,43378
11764,43379,43379
11765,3979,3979
11766,43381,43381
11767,43382,43382
11768,30367,30367
11769,20592,20592
11770,43385,43385
11771,20599,20599
11772,21066,21066
11773,20607,20607
11774,43389,43389
11775,43390,43390
11776,43391,43391
11777,43392,43392
11778,21763,21763
11779,20631,20631
11780,43395,43395
11781,20639,20639
11782,9329,9329
11783,20719,20719
11784,43399,43399
11785,20622,20622
11786,4262,4262
11787,20907,20907
11788,7989,7989
11789,46513,46513
11790,43405,43405
11791,43406,43406
11792,20755,20755
11793,14178,14178
11794,20673,20673
11795,47877,47877
11796,15735,15735
11797,9128,9128
11798,12673,12673
11799,12745,12745
11800,22710,22710
11801,43416,43416
11802,2732,2732
11803,18006,18006
11804,13194,13194
11805,20763,20763
11806,47082,47082
11807,20899,20899
11808,30076,30076
11809,28020,28020
11810,35107,35107
11811,32597,32597
11812,20746,20746
11813,22991,22991
11814,20927,20927
11815,2337,2337
11816,20891,20891
11817,46441,46441
11818,27647,27647
11819,20904,20904
11820,20908,20908
11821,26094,26094
11822,51692,51692
11823,12410,12410
11824,20924,20924
11825,46493,46493
11826,32610,32610
11827,20935,20935
11828,43443,43443
11829,20943,20943
11830,20947,20947
11831,20951,20951
11832,20956,20956
11833,21193,21193
11834,43449,43449
11835,43450,43450
11836,20971,20971
11837,43452,43452
11838,20979,20979
11839,43454,43454
11840,20987,20987
11841,20991,20991
11842,20995,20995
11843,20999,20999
11844,43459,43459
11845,43460,43460
11846,43461,43461
11847,21015,21015
11848,30266,30266
11849,21023,21023
11850,21028,21028
11851,4208,4208
11852,21182,21182
11853,21039,21039
11854,21681,21681
11855,20915,20915
11856,43471,43471
11857,43472,43472
11858,21263,21263
11859,43474,43474
11860,10223,10223
11861,43476,43476
11862,20528,20528
11863,11638,11638
11864,21185,21185
11865,46370,46370
11866,9057,9057
11867,43482,43482
11868,43483,43483
11869,30386,30386
11870,43485,43485
11871,8704,8704
11872,20352,20352
11873,47898,47898
11874,1519,1519
11875,41899,41899
11876,18808,18808
11877,24182,24182
11878,22269,22269
11879,39758,39758
11880,37698,37698
11881,29408,29408
11882,20154,20154
11883,23613,23613
11884,21798,21798
11885,22247,22247
11886,51743,51743
11887,4050,4050
11888,23270,23270
11889,9164,9164
11890,46614,46614
11891,23598,23598
11892,17378,17378
11893,50429,50429
11894,21215,21215
11895,21392,21392
11896,21133,21133
11897,58198,58198
11898,15490,15490
11899,21145,21145
11900,46446,46446
11901,40039,40039
11902,21157,21157
11903,21161,21161
11904,4173,4173
11905,21259,21259
11906,21201,21201
11907,9295,9295
11908,21183,21183
11909,21187,21187
11910,43525,43525
11911,58095,58095
11912,21197,21197
11913,58088,58088
11914,21162,21162
11915,9254,9254
11916,21303,21303
11917,21245,21245
11918,36145,36145
11919,21268,21268
11920,21273,21273
11921,21233,21233
11922,9257,9257
11923,21241,21241
11924,58064,58064
11925,21293,21293
11926,9266,9266
11927,21302,21302
11928,58098,58098
11929,21311,21311
11930,21314,21314
11931,21318,21318
11932,4230,4230
11933,4131,4131
11934,50328,50328
11935,20711,20711
11936,21337,21337
11937,4210,4210
11938,4233,4233
11939,9096,9096
11940,58112,58112
11941,21402,21402
11942,21406,21406
11943,21320,21320
11944,21414,21414
11945,21329,21329
11946,21333,21333
11947,21381,21381
11948,21340,21340
11949,21345,21345
11950,24179,24179
11951,21399,21399
11952,21357,21357
11953,9293,9293
11954,21365,21365
11955,21369,21369
11956,21373,21373
11957,21377,21377
11958,21426,21426
11959,21385,21385
11960,20447,20447
11961,9279,9279
11962,58052,58052
11963,4073,4073
11964,21502,21502
11965,43580,43580
11966,9245,9245
11967,43582,43582
11968,43583,43583
11969,23039,23039
11970,43585,43585
11971,20347,20347
11972,43587,43587
11973,43588,43588
11974,21137,21137
11975,9320,9320
11976,46412,46412
11977,4170,4170
11978,10249,10249
11979,20880,20880
11980,21427,21427
11981,10263,10263
11982,23354,23354
11983,43598,43598
11984,23569,23569
11985,46442,46442
11986,21093,21093
11987,24590,24590
11988,28009,28009
11989,30239,30239
11990,21513,21513
11991,45274,45274
11992,18065,18065
11993,23044,23044
11994,22911,22911
11995,21578,21578
11996,50366,50366
11997,21541,21541
11998,21545,21545
11999,21549,21549
12000,20787,20787
12001,21557,21557
12002,21561,21561
12003,21565,21565
12004,21537,21537
12005,21607,21607
12006,21629,21629
12007,21697,21697
12008,21630,21630
12009,21721,21721
12010,9352,9352
12011,21597,21597
12012,21601,21601
12013,58159,58159
12014,9353,9353
12015,9361,9361
12016,21617,21617
12017,58171,58171
12018,58181,58181
12019,21717,21717
12020,21633,21633
12021,21637,21637
12022,21641,21641
12023,21645,21645
12024,43639,43639
12025,9370,9370
12026,9373,9373
12027,21661,21661
12028,58183,58183
12029,46613,46613
12030,21673,21673
12031,21677,21677
12032,21190,21190
12033,21685,21685
12034,21689,21689
12035,43650,43650
12036,9382,9382
12037,9385,9385
12038,21705,21705
12039,21754,21754
12040,21741,21741
12041,21806,21806
12042,21766,21766
12043,50439,50439
12044,20959,20959
12045,21733,21733
12046,21737,21737
12047,21831,21831
12048,21745,21745
12049,21749,21749
12050,58219,58219
12051,58195,58195
12052,21761,21761
12053,21810,21810
12054,43669,43669
12055,21818,21818
12056,43671,43671
12057,43672,43672
12058,9387,9387
12059,43674,43674
12060,10731,10731
12061,21533,21533
12062,43677,43677
12063,58162,58162
12064,9273,9273
12065,43680,43680
12066,21047,21047
12067,43682,43682
12068,43683,43683
12069,9392,9392
12070,43685,43685
12071,43686,43686
12072,43687,43687
12073,43688,43688
12074,43689,43689
12075,43690,43690
12076,43691,43691
12077,43692,43692
12078,43693,43693
12079,43694,43694
12080,43695,43695
12081,43696,43696
12082,26315,26315
12083,43698,43698
12084,43699,43699
12085,43700,43700
12086,43701,43701
12087,43702,43702
12088,10334,10334
12089,43704,43704
12090,43705,43705
12091,43706,43706
12092,43707,43707
12093,43708,43708
12094,43709,43709
12095,43710,43710
12096,43711,43711
12097,43712,43712
12098,43713,43713
12099,10378,10378
12100,43715,43715
12101,43716,43716
12102,43717,43717
12103,43718,43718
12104,43719,43719
12105,43720,43720
12106,43721,43721
12107,43722,43722
12108,43723,43723
12109,43724,43724
12110,43725,43725
12111,43726,43726
12112,43727,43727
12113,43728,43728
12114,43729,43729
12115,43730,43730
12116,43731,43731
12117,43732,43732
12118,43733,43733
12119,43734,43734
12120,43735,43735
12121,43736,43736
12122,43737,43737
12123,43738,43738
12124,43739,43739
12125,43740,43740
12126,43741,43741
12127,43742,43742
12128,43743,43743
12129,43744,43744
12130,43745,43745
12131,43746,43746
12132,43747,43747
12133,43748,43748
12134,43749,43749
12135,43750,43750
12136,43751,43751
12137,43752,43752
12138,43753,43753
12139,43754,43754
12140,43755,43755
12141,43756,43756
12142,43757,43757
12143,43758,43758
12144,43759,43759
12145,43760,43760
12146,43761,43761
12147,43762,43762
12148,43763,43763
12149,43764,43764
12150,43765,43765
12151,43766,43766
12152,43767,43767
12153,43768,43768
12154,43769,43769
12155,43770,43770
12156,43771,43771
12157,43772,43772
12158,43773,43773
12159,43774,43774
12160,43775,43775
12161,43776,43776
12162,43777,43777
12163,43778,43778
12164,43779,43779
12165,43780,43780
12166,43781,43781
12167,43782,43782
12168,43783,43783
12169,43784,43784
12170,43785,43785
12171,43786,43786
12172,43787,43787
12173,43788,43788
12174,43789,43789
12175,43790,43790
12176,43791,43791
12177,43792,43792
12178,43793,43793
12179,43794,43794
12180,43795,43795
12181,43796,43796
12182,43797,43797
12183,43798,43798
12184,43799,43799
12185,43800,43800
12186,43801,43801
12187,43802,43802
12188,43803,43803
12189,43804,43804
12190,43805,43805
12191,43806,43806
12192,43807,43807
12193,43808,43808
12194,10772,10772
12195,43810,43810
12196,43811,43811
12197,43812,43812
12198,43813,43813
12199,43814,43814
12200,43815,43815
12201,43816,43816
12202,43817,43817
12203,43818,43818
12204,43819,43819
12205,43820,43820
12206,43821,43821
12207,43822,43822
12208,43823,43823
12209,43824,43824
12210,43825,43825
12211,43826,43826
12212,43827,43827
12213,43828,43828
12214,43829,43829
12215,43830,43830
12216,43831,43831
12217,43832,43832
12218,43833,43833
12219,43834,43834
12220,43835,43835
12221,43836,43836
12222,10970,10970
12223,43838,43838
12224,43839,43839
12225,43840,43840
12226,43841,43841
12227,43842,43842
12228,43843,43843
12229,43844,43844
12230,43845,43845
12231,43846,43846
12232,43847,43847
12233,43848,43848
12234,43849,43849
12235,43850,43850
12236,43851,43851
12237,43852,43852
12238,43853,43853
12239,43854,43854
12240,43855,43855
12241,43856,43856
12242,43857,43857
12243,43858,43858
12244,43859,43859
12245,43860,43860
12246,43861,43861
12247,43862,43862
12248,43863,43863
12249,43864,43864
12250,43865,43865
12251,43866,43866
12252,43867,43867
12253,43868,43868
12254,43869,43869
12255,11103,11103
12256,43871,43871
12257,43872,43872
12258,43873,43873
12259,43874,43874
12260,43875,43875
12261,43876,43876
12262,11205,11205
12263,43878,43878
12264,10277,10277
12265,11177,11177
12266,11289,11289
12267,28008,28008
12268,27883,27883
12269,43884,43884
12270,2529,2529
12271,43886,43886
12272,11412,11412
12273,11279,11279
12274,10185,10185
12275,40035,40035
12276,21978,21978
12277,11246,11246
12278,43893,43893
12279,43894,43894
12280,18022,18022
12281,10125,10125
12282,11563,11563
12283,43898,43898
12284,10088,10088
12285,14224,14224
12286,13048,13048
12287,40912,40912
12288,43903,43903
12289,1595,1595
12290,46961,46961
12291,36873,36873
12292,43907,43907
12293,43908,43908
12294,43909,43909
12295,43910,43910
12296,43911,43911
12297,43912,43912
12298,27707,27707
12299,13174,13174
12300,11337,11337
12301,11432,11432
12302,28024,28024
12303,43918,43918
12304,43919,43919
12305,43920,43920
12306,11361,11361
12307,43922,43922
12308,27576,27576
12309,11525,11525
12310,43925,43925
12311,43926,43926
12312,40902,40902
12313,43928,43928
12314,42452,42452
12315,26916,26916
12316,43931,43931
12317,43932,43932
12318,55312,55312
12319,43934,43934
12320,43935,43935
12321,27770,27770
12322,40889,40889
12323,43938,43938
12324,26709,26709
12325,43940,43940
12326,26784,26784
12327,43942,43942
12328,29398,29398
12329,10175,10175
12330,43945,43945
12331,21873,21873
12332,11466,11466
12333,40854,40854
12334,41378,41378
12335,12264,12264
12336,45660,45660
12337,43952,43952
12338,43953,43953
12339,26051,26051
12340,12694,12694
12341,12044,12044
12342,46959,46959
12343,43958,43958
12344,48007,48007
12345,29194,29194
12346,11480,11480
12347,14976,14976
12348,2122,2122
12349,43964,43964
12350,11771,11771
12351,44371,44371
12352,43967,43967
12353,43968,43968
12354,43969,43969
12355,43970,43970
12356,43971,43971
12357,43972,43972
12358,43973,43973
12359,13242,13242
12360,43975,43975
12361,43976,43976
12362,43977,43977
12363,43978,43978
12364,43979,43979
12365,11730,11730
12366,11761,11761
12367,40957,40957
12368,43983,43983
12369,11739,11739
12370,43985,43985
12371,43986,43986
12372,43987,43987
12373,43988,43988
12374,43989,43989
12375,43990,43990
12376,27778,27778
12377,8381,8381
12378,1637,1637
12379,2960,2960
12380,11755,11755
12381,47407,47407
12382,27353,27353
12383,26966,26966
12384,43999,43999
12385,12536,12536
12386,44001,44001
12387,29043,29043
12388,17238,17238
12389,26319,26319
12390,26848,26848
12391,11766,11766
12392,44007,44007
12393,44008,44008
12394,57524,57524
12395,44010,44010
12396,27048,27048
12397,21998,21998
12398,26876,26876
12399,33370,33370
12400,26878,26878
12401,26879,26879
12402,26880,26880
12403,36855,36855
12404,26889,26889
12405,27083,27083
12406,26884,26884
12407,1553,1553
12408,26868,26868
12409,33371,33371
12410,26886,26886
12411,26887,26887
12412,36860,36860
12413,26894,26894
12414,36841,36841
12415,26891,26891
12416,26869,26869
12417,12810,12810
12418,26892,26892
12419,1654,1654
12420,11798,11798
12421,13565,13565
12422,13567,13567
12423,7208,7208
12424,13593,13593
12425,26873,26873
12426,36865,36865
12427,7756,7756
12428,21930,21930
12429,36850,36850
12430,26875,26875
12431,12095,12095
12432,20588,20588
12433,21885,21885
12434,44049,44049
12435,21893,21893
12436,29368,29368
12437,44209,44209
12438,2300,2300
12439,44054,44054
12440,27684,27684
12441,11895,11895
12442,26782,26782
12443,3521,3521
12444,29393,29393
12445,18552,18552
12446,30276,30276
12447,44062,44062
12448,30221,30221
12449,22095,22095
12450,11231,11231
12451,12054,12054
12452,14053,14053
12453,11476,11476
12454,49228,49228
12455,11643,11643
12456,20428,20428
12457,2395,2395
12458,12878,12878
12459,11952,11952
12460,44075,44075
12461,7760,7760
12462,44077,44077
12463,51326,51326
12464,51543,51543
12465,44080,44080
12466,7992,7992
12467,44082,44082
12468,44083,44083
12469,43954,43954
12470,36257,36257
12471,37054,37054
12472,48686,48686
12473,44088,44088
12474,44089,44089
12475,12091,12091
12476,44091,44091
12477,23605,23605
12478,44093,44093
12479,44094,44094
12480,44095,44095
12481,44096,44096
12482,44097,44097
12483,44098,44098
12484,2346,2346
12485,2295,2295
12486,29226,29226
12487,12114,12114
12488,24119,24119
12489,43347,43347
12490,24729,24729
12491,37071,37071
12492,12542,12542
12493,26992,26992
12494,44109,44109
12495,44110,44110
12496,44790,44790
12497,44112,44112
12498,2349,2349
12499,29487,29487
12500,26989,26989
12501,28182,28182
12502,12367,12367
12503,11483,11483
12504,44119,44119
12505,44120,44120
12506,44121,44121
12507,44122,44122
12508,13727,13727
12509,44124,44124
12510,44125,44125
12511,44126,44126
12512,10191,10191
12513,24430,24430
12514,44129,44129
12515,48678,48678
12516,44131,44131
12517,44132,44132
12518,6807,6807
12519,10219,10219
12520,44135,44135
12521,44136,44136
12522,44137,44137
12523,10145,10145
12524,43881,43881
12525,10153,10153
12526,44141,44141
12527,44142,44142
12528,44143,44143
12529,44144,44144
12530,13309,13309
12531,44146,44146
12532,44147,44147
12533,44148,44148
12534,43902,43902
12535,10193,10193
12536,13880,13880
12537,1423,1423
12538,44153,44153
12539,44154,44154
12540,49452,49452
12541,24266,24266
12542,44157,44157
12543,44158,44158
12544,44159,44159
12545,36956,36956
12546,47317,47317
12547,28100,28100
12548,12142,12142
12549,44164,44164
12550,44165,44165
12551,1522,1522
12552,44167,44167
12553,28028,28028
12554,44169,44169
12555,22754,22754
12556,26799,26799
12557,2311,2311
12558,22151,22151
12559,12153,12153
12560,30139,30139
12561,36831,36831
12562,27171,27171
12563,27173,27173
12564,51317,51317
12565,12159,12159
12566,27452,27452
12567,29042,29042
12568,44183,44183
12569,19152,19152
12570,12188,12188
12571,12167,12167
12572,12168,12168
12573,47211,47211
12574,44189,44189
12575,8071,8071
12576,44610,44610
12577,28994,28994
12578,22053,22053
12579,2354,2354
12580,18218,18218
12581,12177,12177
12582,28357,28357
12583,13911,13911
12584,13209,13209
12585,12234,12234
12586,27093,27093
12587,12183,12183
12588,29719,29719
12589,44204,44204
12590,27077,27077
12591,28940,28940
12592,1530,1530
12593,47210,47210
12594,43963,43963
12595,44210,44210
12596,12193,12193
12597,27084,27084
12598,44213,44213
12599,18312,18312
12600,44152,44152
12601,12198,12198
12602,29349,29349
12603,27099,27099
12604,21928,21928
12605,12247,12247
12606,27111,27111
12607,12204,12204
12608,44223,44223
12609,47106,47106
12610,8835,8835
12611,12208,12208
12612,23239,23239
12613,48228,48228
12614,44229,44229
12615,12212,12212
12616,31822,31822
12617,27571,27571
12618,46894,46894
12619,12216,12216
12620,46928,46928
12621,23084,23084
12622,28069,28069
12623,27092,27092
12624,27125,27125
12625,12222,12222
12626,44241,44241
12627,26963,26963
12628,12225,12225
12629,44244,44244
12630,44245,44245
12631,12228,12228
12632,35824,35824
12633,21947,21947
12634,23443,23443
12635,30156,30156
12636,27837,27837
12637,27110,27110
12638,46945,46945
12639,12236,12236
12640,44255,44255
12641,44256,44256
12642,12239,12239
12643,28952,28952
12644,19166,19166
12645,12242,12242
12646,52560,52560
12647,46931,46931
12648,13670,13670
12649,12246,12246
12650,27134,27134
12651,37102,37102
12652,12249,12249
12653,44825,44825
12654,18344,18344
12655,12252,12252
12656,12329,12329
12657,26851,26851
12658,17561,17561
12659,44274,44274
12660,44478,44478
12661,44276,44276
12662,44277,44277
12663,12260,12260
12664,7999,7999
12665,12263,12263
12666,42577,42577
12667,12266,12266
12668,32071,32071
12669,44199,44199
12670,8802,8802
12671,31888,31888
12672,44287,44287
12673,12279,12279
12674,39294,39294
12675,44290,44290
12676,44291,44291
12677,37075,37075
12678,44293,44293
12679,12397,12397
12680,14466,14466
12681,44296,44296
12682,44297,44297
12683,12316,12316
12684,3856,3856
12685,26242,26242
12686,44301,44301
12687,44302,44302
12688,44303,44303
12689,22085,22085
12690,51629,51629
12691,12473,12473
12692,44307,44307
12693,44308,44308
12694,13330,13330
12695,27104,27104
12696,2289,2289
12697,21077,21077
12698,27348,27348
12699,23863,23863
12700,12509,12509
12701,22551,22551
12702,12515,12515
12703,12519,12519
12704,41521,41521
12705,44320,44320
12706,44321,44321
12707,44322,44322
12708,12787,12787
12709,12106,12106
12710,13378,13378
12711,27225,27225
12712,12790,12790
12713,49582,49582
12714,8853,8853
12715,23198,23198
12716,27887,27887
12717,26578,26578
12718,11544,11544
12719,45445,45445
12720,44335,44335
12721,17427,17427
12722,15960,15960
12723,44338,44338
12724,44339,44339
12725,12709,12709
12726,44356,44356
12727,44342,44342
12728,44343,44343
12729,44344,44344
12730,44345,44345
12731,12472,12472
12732,44347,44347
12733,44348,44348
12734,44349,44349
12735,27575,27575
12736,12401,12401
12737,26785,26785
12738,26766,26766
12739,44354,44354
12740,45734,45734
12741,18154,18154
12742,12774,12774
12743,44358,44358
12744,12145,12145
12745,17210,17210
12746,44361,44361
12747,12954,12954
12748,3284,3284
12749,22768,22768
12750,55752,55752
12751,12658,12658
12752,52343,52343
12753,27839,27839
12754,13353,13353
12755,23250,23250
12756,22724,22724
12757,12932,12932
12758,11460,11460
12759,12357,12357
12760,12931,12931
12761,11571,11571
12762,29325,29325
12763,18210,18210
12764,12961,12961
12765,12495,12495
12766,44381,44381
12767,30258,30258
12768,23466,23466
12769,8410,8410
12770,43080,43080
12771,8074,8074
12772,44387,44387
12773,27252,27252
12774,46603,46603
12775,8026,8026
12776,12342,12342
12777,13110,13110
12778,24133,24133
12779,27034,27034
12780,12958,12958
12781,27973,27973
12782,26701,26701
12783,27341,27341
12784,7200,7200
12785,13301,13301
12786,44401,44401
12787,13150,13150
12788,13152,13152
12789,51474,51474
12790,41375,41375
12791,29422,29422
12792,13170,13170
12793,44408,44408
12794,12346,12346
12795,12259,12259
12796,44411,44411
12797,44412,44412
12798,6553,6553
12799,19299,19299
12800,26870,26870
12801,18407,18407
12802,13163,13163
12803,44418,44418
12804,13218,13218
12805,44420,44420
12806,13226,13226
12807,44422,44422
12808,44423,44423
12809,13236,13236
12810,44425,44425
12811,44426,44426
12812,44427,44427
12813,13251,13251
12814,13255,13255
12815,44430,44430
12816,22801,22801
12817,13399,13399
12818,20722,20722
12819,13404,13404
12820,44435,44435
12821,44436,44436
12822,13409,13409
12823,13271,13271
12824,13413,13413
12825,13415,13415
12826,13417,13417
12827,13419,13419
12828,37186,37186
12829,29388,29388
12830,13294,13294
12831,2310,2310
12832,49007,49007
12833,15279,15279
12834,14010,14010
12835,44367,44367
12836,26984,26984
12837,22797,22797
12838,13529,13529
12839,13531,13531
12840,13296,13296
12841,22805,22805
12842,13624,13624
12843,13626,13626
12844,13628,13628
12845,13300,13300
12846,12598,12598
12847,13117,13117
12848,27411,27411
12849,1602,1602
12850,3117,3117
12851,44466,44466
12852,11917,11917
12853,28193,28193
12854,27855,27855
12855,27437,27437
12856,27438,27438
12857,46915,46915
12858,13395,13395
12859,26384,26384
12860,13002,13002
12861,14057,14057
12862,44477,44477
12863,34908,34908
12864,44479,44479
12865,16849,16849
12866,12323,12323
12867,9330,9330
12868,44483,44483
12869,44484,44484
12870,30253,30253
12871,13374,13374
12872,13376,13376
12873,12874,12874
12874,22700,22700
12875,14211,14211
12876,13348,13348
12877,22505,22505
12878,41428,41428
12879,23194,23194
12880,44495,44495
12881,44496,44496
12882,44497,44497
12883,13429,13429
12884,13411,13411
12885,13433,13433
12886,13435,13435
12887,13437,13437
12888,13439,13439
12889,44504,44504
12890,13263,13263
12891,44506,44506
12892,44507,44507
12893,13447,13447
12894,13431,13431
12895,13451,13451
12896,13453,13453
12897,13455,13455
12898,13457,13457
12899,13441,13441
12900,44515,44515
12901,13267,13267
12902,13461,13461
12903,13449,13449
12904,13465,13465
12905,13467,13467
12906,13469,13469
12907,13471,13471
12908,13459,13459
12909,13448,13448
12910,13463,13463
12911,13475,13475
12912,27814,27814
12913,13479,13479
12914,13481,13481
12915,13473,13473
12916,13723,13723
12917,13275,13275
12918,13258,13258
12919,13487,13487
12920,13483,13483
12921,13485,13485
12922,13634,13634
12923,44538,44538
12924,44539,44539
12925,44540,44540
12926,29501,29501
12927,11399,11399
12928,22949,22949
12929,23741,23741
12930,2728,2728
12931,45740,45740
12932,13506,13506
12933,13507,13507
12934,44549,44549
12935,44550,44550
12936,13512,13512
12937,13514,13514
12938,13516,13516
12939,13518,13518
12940,13520,13520
12941,8012,8012
12942,13524,13524
12943,13526,13526
12944,43430,43430
12945,20298,20298
12946,13549,13549
12947,13534,13534
12948,13553,13553
12949,13555,13555
12950,13538,13538
12951,13540,13540
12952,13542,13542
12953,13544,13544
12954,13546,13546
12955,13548,13548
12956,13704,13704
12957,13552,13552
12958,13571,13571
12959,13536,13536
12960,13558,13558
12961,13560,13560
12962,13562,13562
12963,13564,13564
12964,13607,13607
12965,13609,13609
12966,13295,13295
12967,13706,13706
12968,13574,13574
12969,13576,13576
12970,13578,13578
12971,13580,13580
12972,13582,13582
12973,13583,13583
12974,13585,13585
12975,13535,13535
12976,13537,13537
12977,13592,13592
12978,22782,22782
12979,13596,13596
12980,13597,13597
12981,13599,13599
12982,13539,13539
12983,13541,13541
12984,13606,13606
12985,23115,23115
12986,23117,23117
12987,13543,13543
12988,13545,13545
12989,13547,13547
12990,44605,44605
12991,44606,44606
12992,44607,44607
12993,30274,30274
12994,44609,44609
12995,27144,27144
12996,26979,26979
12997,27456,27456
12998,13636,13636
12999,13638,13638
13000,13640,13640
13001,13642,13642
13002,13644,13644
13003,13646,13646
13004,13648,13648
13005,13631,13631
13006,13632,13632
13007,13654,13654
13008,33463,33463
13009,13656,13656
13010,13658,13658
13011,13660,13660
13012,13662,13662
13013,13664,13664
13014,13666,13666
13015,13682,13682
13016,13652,13652
13017,13672,13672
13018,13712,13712
13019,33465,33465
13020,13674,13674
13021,13676,13676
13022,13678,13678
13023,13680,13680
13024,13692,13692
13025,13695,13695
13026,13686,13686
13027,13716,13716
13028,13719,13719
13029,13688,13688
13030,13690,13690
13031,13698,13698
13032,13684,13684
13033,13696,13696
13034,13720,13720
13035,8129,8129
13036,33470,33470
13037,13694,13694
13038,13702,13702
13039,13693,13693
13040,13700,13700
13041,22794,22794
13042,13731,13731
13043,13733,13733
13044,13735,13735
13045,13737,13737
13046,44661,44661
13047,20692,20692
13048,44663,44663
13049,44664,44664
13050,1075,1075
13051,44666,44666
13052,44667,44667
13053,44668,44668
13054,13893,13893
13055,41721,41721
13056,17800,17800
13057,44672,44672
13058,13771,13771
13059,13792,13792
13060,44675,44675
13061,13912,13912
13062,13779,13779
13063,27667,27667
13064,27668,27668
13065,27679,27679
13066,26923,26923
13067,24178,24178
13068,27838,27838
13069,44684,44684
13070,44685,44685
13071,29378,29378
13072,27058,27058
13073,44688,44688
13074,13839,13839
13075,44690,44690
13076,44691,44691
13077,13845,13845
13078,44693,44693
13079,14002,14002
13080,47880,47880
13081,44747,44747
13082,44697,44697
13083,27818,27818
13084,44699,44699
13085,44700,44700
13086,37066,37066
13087,9319,9319
13088,24061,24061
13089,44704,44704
13090,3457,3457
13091,44706,44706
13092,44707,44707
13093,27790,27790
13094,44709,44709
13095,44710,44710
13096,44711,44711
13097,44712,44712
13098,13094,13094
13099,44714,44714
13100,7448,7448
13101,23123,23123
13102,15177,15177
13103,2924,2924
13104,27592,27592
13105,18225,18225
13106,13933,13933
13107,13995,13995
13108,13996,13996
13109,22038,22038
13110,3399,3399
13111,16572,16572
13112,27686,27686
13113,27601,27601
13114,27580,27580
13115,13970,13970
13116,22071,22071
13117,22075,22075
13118,14072,14072
13119,13958,13958
13120,1633,1633
13121,45131,45131
13122,44737,44737
13123,44738,44738
13124,44739,44739
13125,44740,44740
13126,17218,17218
13127,44742,44742
13128,27768,27768
13129,44744,44744
13130,44745,44745
13131,44746,44746
13132,23229,23229
13133,44748,44748
13134,44749,44749
13135,44750,44750
13136,44751,44751
13137,48145,48145
13138,44753,44753
13139,44754,44754
13140,37691,37691
13141,22027,22027
13142,44757,44757
13143,14048,14048
13144,14050,14050
13145,14052,14052
13146,14071,14071
13147,14109,14109
13148,14220,14220
13149,14078,14078
13150,37536,37536
13151,12463,12463
13152,41789,41789
13153,14086,14086
13154,14088,14088
13155,44770,44770
13156,23253,23253
13157,47947,47947
13158,44773,44773
13159,44774,44774
13160,27657,27657
13161,44776,44776
13162,44777,44777
13163,44778,44778
13164,44779,44779
13165,55511,55511
13166,44781,44781
13167,27742,27742
13168,44783,44783
13169,13895,13895
13170,51393,51393
13171,25848,25848
13172,44787,44787
13173,44788,44788
13174,18654,18654
13175,3505,3505
13176,44791,44791
13177,44792,44792
13178,27687,27687
13179,53968,53968
13180,44795,44795
13181,27019,27019
13182,44797,44797
13183,14174,14174
13184,43441,43441
13185,44800,44800
13186,44801,44801
13187,44802,44802
13188,46874,46874
13189,44804,44804
13190,44805,44805
13191,26850,26850
13192,23212,23212
13193,26852,26852
13194,44809,44809
13195,26478,26478
13196,23606,23606
13197,11968,11968
13198,44813,44813
13199,44814,44814
13200,44815,44815
13201,44816,44816
13202,14195,14195
13203,44818,44818
13204,33575,33575
13205,44820,44820
13206,30179,30179
13207,44822,44822
13208,28031,28031
13209,23127,23127
13210,14209,14209
13211,23202,23202
13212,47369,47369
13213,30240,30240
13214,28070,28070
13215,11972,11972
13216,1867,1867
13217,37700,37700
13218,44833,44833
13219,27843,27843
13220,44835,44835
13221,37704,37704
13222,27846,27846
13223,27847,27847
13224,27848,27848
13225,44840,44840
13226,27850,27850
13227,34121,34121
13228,27852,27852
13229,23190,23190
13230,44845,44845
13231,28096,28096
13232,44847,44847
13233,4060,4060
13234,46982,46982
13235,37694,37694
13236,29415,29415
13237,14242,14242
13238,11758,11758
13239,9,9
13240,14245,14245
13241,44856,44856
13242,44857,44857
13243,27800,27800
13244,44859,44859
13245,44860,44860
13246,44861,44861
13247,27154,27154
13248,44863,44863
13249,55560,55560
13250,14993,14993
13251,20110,20110
13252,44867,44867
13253,44868,44868
13254,14271,14271
13255,44870,44870
13256,14321,14321
13257,22402,22402
13258,44873,44873
13259,44874,44874
13260,44875,44875
13261,14341,14341
13262,14257,14257
13263,44878,44878
13264,22388,22388
13265,22390,22390
13266,7484,7484
13267,16100,16100
13268,2470,2470
13269,22406,22406
13270,7490,7490
13271,44886,44886
13272,27103,27103
13273,44888,44888
13274,44889,44889
13275,44890,44890
13276,44891,44891
13277,44892,44892
13278,44893,44893
13279,44894,44894
13280,44895,44895
13281,44896,44896
13282,44897,44897
13283,12381,12381
13284,44899,44899
13285,15727,15727
13286,44901,44901
13287,44902,44902
13288,44903,44903
13289,14507,14507
13290,44905,44905
13291,44906,44906
13292,44907,44907
13293,28064,28064
13294,44909,44909
13295,44982,44982
13296,44911,44911
13297,44912,44912
13298,44913,44913
13299,44914,44914
13300,15255,15255
13301,44916,44916
13302,44917,44917
13303,44918,44918
13304,44919,44919
13305,27762,27762
13306,44921,44921
13307,44922,44922
13308,44923,44923
13309,44924,44924
13310,44925,44925
13311,44926,44926
13312,44927,44927
13313,44928,44928
13314,44929,44929
13315,44930,44930
13316,44931,44931
13317,44932,44932
13318,44933,44933
13319,44934,44934
13320,44935,44935
13321,44936,44936
13322,44937,44937
13323,14603,14603
13324,44939,44939
13325,44940,44940
13326,44941,44941
13327,14667,14667
13328,44943,44943
13329,44944,44944
13330,14807,14807
13331,23291,23291
13332,14815,14815
13333,14819,14819
13334,14823,14823
13335,14972,14972
13336,23948,23948
13337,27297,27297
13338,14619,14619
13339,44954,44954
13340,44955,44955
13341,44956,44956
13342,44957,44957
13343,44958,44958
13344,44959,44959
13345,15015,15015
13346,44961,44961
13347,44962,44962
13348,44963,44963
13349,44964,44964
13350,44965,44965
13351,44966,44966
13352,14911,14911
13353,16369,16369
13354,14001,14001
13355,15484,15484
13356,44910,44910
13357,16587,16587
13358,42865,42865
13359,14119,14119
13360,45448,45448
13361,27398,27398
13362,16167,16167
13363,14955,14955
13364,33566,33566
13365,23227,23227
13366,44981,44981
13367,14483,14483
13368,44983,44983
13369,26413,26413
13370,44985,44985
13371,44986,44986
13372,14988,14988
13373,15036,15036
13374,44989,44989
13375,51381,51381
13376,45795,45795
13377,23957,23957
13378,45900,45900
13379,44994,44994
13380,26734,26734
13381,44996,44996
13382,44997,44997
13383,44998,44998
13384,44999,44999
13385,45000,45000
13386,45001,45001
13387,45002,45002
13388,45003,45003
13389,45221,45221
13390,45005,45005
13391,45006,45006
13392,45007,45007
13393,45008,45008
13394,45009,45009
13395,45010,45010
13396,45011,45011
13397,45012,45012
13398,41883,41883
13399,3503,3503
13400,15235,15235
13401,2675,2675
13402,26722,26722
13403,45018,45018
13404,27344,27344
13405,36259,36259
13406,45021,45021
13407,45022,45022
13408,45023,45023
13409,45024,45024
13410,45025,45025
13411,45026,45026
13412,45027,45027
13413,45028,45028
13414,45029,45029
13415,45030,45030
13416,45031,45031
13417,45032,45032
13418,45033,45033
13419,45034,45034
13420,45035,45035
13421,45036,45036
13422,18219,18219
13423,45038,45038
13424,45039,45039
13425,45040,45040
13426,45041,45041
13427,45042,45042
13428,45043,45043
13429,45044,45044
13430,45045,45045
13431,45046,45046
13432,45047,45047
13433,45048,45048
13434,22702,22702
13435,28243,28243
13436,2712,2712
13437,28161,28161
13438,28162,28162
13439,15358,15358
13440,28164,28164
13441,15372,15372
13442,45057,45057
13443,45058,45058
13444,45059,45059
13445,45060,45060
13446,42119,42119
13447,15548,15548
13448,15379,15379
13449,7726,7726
13450,2702,2702
13451,7719,7719
13452,24762,24762
13453,45068,45068
13454,45069,45069
13455,12290,12290
13456,15387,15387
13457,27412,27412
13458,28242,28242
13459,23929,23929
13460,28013,28013
13461,15476,15476
13462,49340,49340
13463,28247,28247
13464,28248,28248
13465,15396,15396
13466,15397,15397
13467,45082,45082
13468,15399,15399
13469,15400,15400
13470,15401,15401
13471,15402,15402
13472,15403,15403
13473,15404,15404
13474,15405,15405
13475,15406,15406
13476,15407,15407
13477,45092,45092
13478,45093,45093
13479,15410,15410
13480,15411,15411
13481,45096,45096
13482,15413,15413
13483,15414,15414
13484,15415,15415
13485,15416,15416
13486,13120,13120
13487,28283,28283
13488,15419,15419
13489,15468,15468
13490,45105,45105
13491,15470,15470
13492,15471,15471
13493,27090,27090
13494,28254,28254
13495,24363,24363
13496,15475,15475
13497,28269,28269
13498,26607,26607
13499,28259,28259
13500,28260,28260
13501,45116,45116
13502,15481,15481
13503,15482,15482
13504,15483,15483
13505,31733,31733
13506,28301,28301
13507,28302,28302
13508,15487,15487
13509,28304,28304
13510,28150,28150
13511,28306,28306
13512,15479,15479
13513,15504,15504
13514,45129,45129
13515,45130,45130
13516,15507,15507
13517,27022,27022
13518,15509,15509
13519,28147,28147
13520,15511,15511
13521,15512,15512
13522,49681,49681
13523,28151,28151
13524,15515,15515
13525,45140,45140
13526,28309,28309
13527,28310,28310
13528,28311,28311
13529,28312,28312
13530,28313,28313
13531,2704,2704
13532,28315,28315
13533,28316,28316
13534,28317,28317
13535,28318,28318
13536,45151,45151
13537,15529,15529
13538,15530,15530
13539,11529,11529
13540,15473,15473
13541,28279,28279
13542,15391,15391
13543,16905,16905
13544,28338,28338
13545,2715,2715
13546,45150,45150
13547,45162,45162
13548,45163,45163
13549,45164,45164
13550,45165,45165
13551,45166,45166
13552,45167,45167
13553,45168,45168
13554,45169,45169
13555,45170,45170
13556,45171,45171
13557,45172,45172
13558,45173,45173
13559,45174,45174
13560,12022,12022
13561,6216,6216
13562,27479,27479
13563,26760,26760
13564,7216,7216
13565,45180,45180
13566,2604,2604
13567,45182,45182
13568,20404,20404
13569,45184,45184
13570,45185,45185
13571,45186,45186
13572,45187,45187
13573,2596,2596
13574,45189,45189
13575,45190,45190
13576,45191,45191
13577,45192,45192
13578,45193,45193
13579,45194,45194
13580,45195,45195
13581,45196,45196
13582,45197,45197
13583,45198,45198
13584,32109,32109
13585,45200,45200
13586,45201,45201
13587,45202,45202
13588,45203,45203
13589,45204,45204
13590,45205,45205
13591,45206,45206
13592,45207,45207
13593,14768,14768
13594,45209,45209
13595,45210,45210
13596,45211,45211
13597,45212,45212
13598,45213,45213
13599,3498,3498
13600,45215,45215
13601,403,403
13602,42203,42203
13603,45218,45218
13604,45219,45219
13605,45220,45220
13606,14969,14969
13607,45222,45222
13608,45223,45223
13609,45224,45224
13610,28393,28393
13611,45226,45226
13612,15855,15855
13613,42786,42786
13614,45229,45229
13615,45230,45230
13616,45231,45231
13617,14555,14555
13618,45233,45233
13619,45234,45234
13620,45235,45235
13621,45019,45019
13622,45237,45237
13623,2752,2752
13624,45239,45239
13625,45240,45240
13626,45241,45241
13627,45242,45242
13628,45243,45243
13629,45244,45244
13630,45245,45245
13631,45246,45246
13632,45247,45247
13633,44942,44942
13634,45249,45249
13635,45250,45250
13636,45251,45251
13637,45252,45252
13638,49467,49467
13639,2923,2923
13640,2925,2925
13641,2547,2547
13642,2926,2926
13643,45258,45258
13644,45259,45259
13645,3120,3120
13646,11948,11948
13647,52476,52476
13648,45263,45263
13649,45264,45264
13650,14957,14957
13651,2478,2478
13652,10040,10040
13653,21975,21975
13654,27835,27835
13655,29599,29599
13656,2920,2920
13657,44171,44171
13658,17143,17143
13659,27070,27070
13660,45275,45275
13661,45276,45276
13662,45277,45277
13663,45278,45278
13664,18132,18132
13665,45280,45280
13666,45281,45281
13667,45282,45282
13668,45283,45283
13669,2953,2953
13670,45285,45285
13671,45286,45286
13672,45287,45287
13673,45288,45288
13674,45289,45289
13675,37119,37119
13676,45291,45291
13677,45292,45292
13678,45293,45293
13679,8040,8040
13680,45295,45295
13681,45296,45296
13682,45297,45297
13683,15955,15955
13684,56933,56933
13685,17094,17094
13686,17099,17099
13687,45302,45302
13688,45303,45303
13689,45304,45304
13690,45305,45305
13691,45306,45306
13692,45307,45307
13693,45308,45308
13694,45309,45309
13695,45310,45310
13696,45311,45311
13697,49616,49616
13698,45313,45313
13699,45314,45314
13700,45315,45315
13701,45316,45316
13702,45317,45317
13703,45318,45318
13704,45319,45319
13705,45320,45320
13706,45321,45321
13707,45322,45322
13708,45323,45323
13709,45324,45324
13710,45325,45325
13711,3288,3288
13712,45327,45327
13713,45328,45328
13714,45329,45329
13715,16180,16180
13716,3052,3052
13717,45332,45332
13718,45333,45333
13719,16151,16151
13720,45335,45335
13721,45336,45336
13722,45337,45337
13723,12902,12902
13724,45339,45339
13725,16976,16976
13726,45341,45341
13727,45342,45342
13728,45343,45343
13729,45344,45344
13730,45345,45345
13731,16591,16591
13732,45347,45347
13733,45348,45348
13734,45349,45349
13735,15767,15767
13736,42741,42741
13737,45352,45352
13738,24157,24157
13739,9046,9046
13740,45355,45355
13741,45356,45356
13742,3053,3053
13743,16108,16108
13744,29102,29102
13745,3057,3057
13746,8848,8848
13747,45362,45362
13748,45363,45363
13749,57092,57092
13750,15962,15962
13751,45366,45366
13752,45367,45367
13753,45368,45368
13754,45369,45369
13755,45370,45370
13756,45371,45371
13757,45372,45372
13758,45373,45373
13759,45374,45374
13760,45375,45375
13761,22380,22380
13762,46030,46030
13763,45378,45378
13764,3073,3073
13765,47570,47570
13766,45381,45381
13767,16196,16196
13768,52477,52477
13769,45384,45384
13770,45385,45385
13771,22136,22136
13772,45387,45387
13773,45388,45388
13774,45389,45389
13775,45390,45390
13776,45391,45391
13777,45392,45392
13778,45393,45393
13779,45394,45394
13780,45395,45395
13781,45396,45396
13782,45397,45397
13783,45398,45398
13784,45399,45399
13785,45400,45400
13786,45401,45401
13787,45402,45402
13788,45403,45403
13789,45404,45404
13790,45405,45405
13791,45406,45406
13792,45407,45407
13793,45408,45408
13794,45409,45409
13795,45410,45410
13796,45411,45411
13797,45412,45412
13798,45413,45413
13799,45414,45414
13800,16549,16549
13801,45416,45416
13802,45417,45417
13803,45418,45418
13804,16651,16651
13805,45420,45420
13806,45421,45421
13807,45422,45422
13808,45423,45423
13809,45424,45424
13810,45425,45425
13811,45426,45426
13812,45427,45427
13813,45428,45428
13814,45429,45429
13815,16660,16660
13816,45431,45431
13817,45432,45432
13818,45433,45433
13819,45434,45434
13820,16769,16769
13821,45436,45436
13822,45437,45437
13823,45438,45438
13824,45483,45483
13825,45440,45440
13826,16570,16570
13827,16286,16286
13828,45443,45443
13829,45444,45444
13830,16192,16192
13831,45446,45446
13832,45447,45447
13833,15761,15761
13834,45449,45449
13835,41392,41392
13836,45451,45451
13837,45452,45452
13838,45453,45453
13839,45454,45454
13840,45455,45455
13841,45456,45456
13842,16900,16900
13843,45458,45458
13844,45459,45459
13845,45460,45460
13846,21524,21524
13847,45462,45462
13848,45463,45463
13849,45464,45464
13850,45465,45465
13851,45466,45466
13852,45467,45467
13853,45468,45468
13854,45469,45469
13855,45470,45470
13856,45471,45471
13857,45472,45472
13858,45473,45473
13859,45474,45474
13860,45475,45475
13861,45476,45476
13862,45477,45477
13863,45478,45478
13864,29240,29240
13865,45480,45480
13866,45481,45481
13867,45482,45482
13868,45505,45505
13869,45484,45484
13870,45485,45485
13871,45486,45486
13872,45487,45487
13873,45488,45488
13874,45489,45489
13875,45512,45512
13876,45491,45491
13877,45492,45492
13878,45493,45493
13879,45538,45538
13880,45495,45495
13881,45496,45496
13882,45497,45497
13883,45498,45498
13884,45499,45499
13885,45500,45500
13886,29229,29229
13887,45502,45502
13888,45503,45503
13889,45504,45504
13890,16870,16870
13891,45506,45506
13892,45507,45507
13893,45508,45508
13894,45509,45509
13895,45510,45510
13896,45511,45511
13897,7474,7474
13898,45513,45513
13899,45514,45514
13900,45515,45515
13901,45439,45439
13902,45517,45517
13903,45518,45518
13904,45519,45519
13905,22648,22648
13906,45521,45521
13907,45522,45522
13908,16942,16942
13909,45524,45524
13910,45525,45525
13911,45526,45526
13912,24092,24092
13913,45528,45528
13914,22689,22689
13915,45530,45530
13916,3209,3209
13917,45532,45532
13918,45533,45533
13919,29154,29154
13920,45535,45535
13921,45536,45536
13922,45537,45537
13923,22951,22951
13924,45539,45539
13925,57116,57116
13926,16979,16979
13927,45542,45542
13928,45543,45543
13929,45544,45544
13930,45545,45545
13931,45546,45546
13932,45547,45547
13933,45548,45548
13934,45549,45549
13935,45550,45550
13936,45551,45551
13937,45552,45552
13938,45553,45553
13939,45554,45554
13940,45555,45555
13941,45556,45556
13942,45557,45557
13943,45558,45558
13944,45559,45559
13945,45560,45560
13946,45561,45561
13947,45562,45562
13948,45563,45563
13949,45564,45564
13950,45565,45565
13951,17902,17902
13952,3649,3649
13953,45568,45568
13954,45569,45569
13955,45570,45570
13956,45571,45571
13957,45572,45572
13958,45573,45573
13959,45574,45574
13960,45575,45575
13961,45576,45576
13962,29365,29365
13963,45578,45578
13964,45579,45579
13965,27611,27611
13966,23515,23515
13967,17139,17139
13968,45583,45583
13969,42593,42593
13970,45659,45659
13971,45586,45586
13972,45587,45587
13973,45588,45588
13974,45589,45589
13975,45590,45590
13976,45591,45591
13977,45592,45592
13978,4025,4025
13979,45594,45594
13980,45595,45595
13981,17153,17153
13982,29397,29397
13983,45598,45598
13984,47726,47726
13985,45600,45600
13986,45601,45601
13987,45602,45602
13988,45603,45603
13989,18304,18304
13990,45605,45605
13991,45606,45606
13992,45607,45607
13993,45608,45608
13994,45609,45609
13995,22235,22235
13996,16975,16975
13997,48247,48247
13998,17182,17182
13999,45614,45614
14000,45615,45615
14001,45641,45641
14002,45617,45617
14003,43367,43367
14004,18694,18694
14005,17267,17267
14006,35454,35454
14007,45622,45622
14008,45623,45623
14009,45624,45624
14010,45629,45629
14011,45626,45626
14012,45627,45627
14013,45628,45628
14014,17254,17254
14015,45630,45630
14016,45631,45631
14017,45632,45632
14018,45430,45430
14019,17574,17574
14020,45635,45635
14021,45636,45636
14022,17284,17284
14023,17618,17618
14024,45639,45639
14025,45640,45640
14026,17146,17146
14027,18306,18306
14028,45643,45643
14029,45644,45644
14030,45645,45645
14031,17319,17319
14032,45647,45647
14033,45648,45648
14034,23602,23602
14035,45650,45650
14036,17211,17211
14037,29505,29505
14038,2933,2933
14039,45654,45654
14040,45655,45655
14041,45656,45656
14042,45657,45657
14043,17967,17967
14044,51601,51601
14045,22722,22722
14046,22627,22627
14047,45662,45662
14048,45663,45663
14049,45664,45664
14050,45665,45665
14051,45666,45666
14052,46929,46929
14053,18363,18363
14054,45669,45669
14055,51414,51414
14056,45671,45671
14057,45672,45672
14058,45673,45673
14059,18874,18874
14060,23200,23200
14061,17439,17439
14062,45677,45677
14063,45678,45678
14064,45679,45679
14065,3336,3336
14066,3854,3854
14067,45682,45682
14068,45683,45683
14069,27198,27198
14070,45685,45685
14071,45686,45686
14072,45687,45687
14073,45688,45688
14074,45689,45689
14075,17215,17215
14076,45691,45691
14077,45692,45692
14078,45693,45693
14079,45694,45694
14080,45695,45695
14081,45696,45696
14082,17524,17524
14083,45698,45698
14084,45699,45699
14085,45700,45700
14086,45701,45701
14087,17543,17543
14088,45703,45703
14089,45704,45704
14090,45705,45705
14091,45706,45706
14092,45707,45707
14093,17611,17611
14094,17615,17615
14095,17576,17576
14096,45711,45711
14097,45712,45712
14098,45713,45713
14099,45714,45714
14100,45715,45715
14101,45716,45716
14102,45717,45717
14103,45718,45718
14104,17612,17612
14105,17659,17659
14106,17620,17620
14107,45722,45722
14108,45723,45723
14109,3386,3386
14110,45725,45725
14111,45726,45726
14112,45727,45727
14113,45728,45728
14114,45729,45729
14115,17656,17656
14116,18970,18970
14117,45732,45732
14118,45733,45733
14119,2631,2631
14120,45735,45735
14121,45736,45736
14122,45737,45737
14123,45738,45738
14124,45739,45739
14125,21079,21079
14126,45741,45741
14127,42565,42565
14128,45743,45743
14129,45744,45744
14130,45745,45745
14131,45746,45746
14132,45747,45747
14133,22679,22679
14134,45749,45749
14135,45750,45750
14136,43936,43936
14137,45752,45752
14138,29376,29376
14139,45754,45754
14140,45755,45755
14141,45756,45756
14142,42789,42789
14143,45758,45758
14144,19831,19831
14145,45760,45760
14146,45817,45817
14147,45762,45762
14148,17796,17796
14149,45764,45764
14150,45765,45765
14151,45766,45766
14152,17706,17706
14153,45768,45768
14154,45769,45769
14155,45770,45770
14156,45771,45771
14157,45772,45772
14158,45773,45773
14159,45774,45774
14160,45775,45775
14161,45776,45776
14162,45777,45777
14163,45778,45778
14164,45779,45779
14165,45780,45780
14166,45781,45781
14167,45782,45782
14168,19552,19552
14169,45784,45784
14170,45742,45742
14171,45786,45786
14172,45824,45824
14173,45788,45788
14174,45789,45789
14175,45790,45790
14176,18128,18128
14177,8517,8517
14178,45848,45848
14179,45794,45794
14180,17368,17368
14181,45796,45796
14182,29419,29419
14183,45798,45798
14184,17742,17742
14185,45800,45800
14186,28097,28097
14187,17842,17842
14188,17138,17138
14189,17961,17961
14190,23521,23521
14191,8484,8484
14192,3315,3315
14193,17975,17975
14194,45809,45809
14195,29526,29526
14196,29389,29389
14197,45812,45812
14198,45835,45835
14199,47485,47485
14200,18003,18003
14201,45816,45816
14202,29909,29909
14203,51695,51695
14204,45819,45819
14205,26956,26956
14206,29278,29278
14207,45822,45822
14208,45823,45823
14209,45846,45846
14210,18087,18087
14211,16809,16809
14212,45827,45827
14213,45828,45828
14214,45829,45829
14215,45830,45830
14216,45831,45831
14217,45832,45832
14218,45833,45833
14219,45834,45834
14220,19198,19198
14221,49189,49189
14222,19337,19337
14223,45838,45838
14224,29372,29372
14225,45840,45840
14226,45841,45841
14227,45842,45842
14228,45843,45843
14229,18208,18208
14230,45845,45845
14231,30056,30056
14232,19468,19468
14233,45859,45859
14234,45849,45849
14235,1424,1424
14236,45851,45851
14237,45852,45852
14238,45853,45853
14239,45854,45854
14240,45855,45855
14241,45856,45856
14242,45857,45857
14243,20224,20224
14244,18179,18179
14245,45860,45860
14246,18231,18231
14247,15759,15759
14248,15763,15763
14249,18200,18200
14250,45865,45865
14251,50288,50288
14252,45867,45867
14253,18216,18216
14254,47716,47716
14255,49690,49690
14256,45871,45871
14257,8842,8842
14258,45873,45873
14259,41851,41851
14260,24170,24170
14261,45876,45876
14262,45877,45877
14263,45878,45878
14264,45879,45879
14265,26995,26995
14266,49755,49755
14267,45882,45882
14268,3520,3520
14269,19169,19169
14270,17449,17449
14271,9194,9194
14272,30376,30376
14273,45888,45888
14274,17834,17834
14275,3534,3534
14276,45891,45891
14277,3529,3529
14278,3530,3530
14279,3531,3531
14280,3532,3532
14281,3533,3533
14282,45897,45897
14283,3535,3535
14284,45899,45899
14285,15533,15533
14286,30476,30476
14287,45902,45902
14288,45903,45903
14289,45904,45904
14290,18451,18451
14291,45906,45906
14292,45907,45907
14293,18596,18596
14294,45909,45909
14295,45910,45910
14296,18432,18432
14297,45912,45912
14298,45913,45913
14299,45914,45914
14300,45915,45915
14301,45916,45916
14302,45917,45917
14303,45918,45918
14304,45919,45919
14305,45920,45920
14306,45921,45921
14307,18448,18448
14308,45923,45923
14309,45924,45924
14310,45925,45925
14311,45926,45926
14312,18495,18495
14313,45928,45928
14314,45929,45929
14315,45930,45930
14316,45931,45931
14317,45932,45932
14318,18388,18388
14319,45934,45934
14320,45935,45935
14321,45936,45936
14322,45937,45937
14323,18583,18583
14324,45939,45939
14325,45940,45940
14326,45941,45941
14327,45942,45942
14328,45943,45943
14329,2961,2961
14330,45945,45945
14331,45946,45946
14332,45947,45947
14333,45948,45948
14334,45949,45949
14335,45950,45950
14336,45951,45951
14337,18376,18376
14338,45953,45953
14339,45954,45954
14340,18923,18923
14341,45956,45956
14342,45957,45957
14343,45958,45958
14344,45959,45959
14345,18671,18671
14346,45961,45961
14347,45962,45962
14348,18684,18684
14349,45964,45964
14350,45965,45965
14351,45966,45966
14352,45967,45967
14353,45968,45968
14354,45969,45969
14355,45970,45970
14356,18608,18608
14357,45972,45972
14358,45973,45973
14359,45974,45974
14360,45975,45975
14361,45976,45976
14362,45977,45977
14363,45978,45978
14364,45979,45979
14365,45980,45980
14366,45981,45981
14367,18715,18715
14368,45983,45983
14369,45984,45984
14370,18728,18728
14371,45986,45986
14372,45987,45987
14373,45988,45988
14374,45989,45989
14375,45990,45990
14376,45991,45991
14377,45992,45992
14378,22612,22612
14379,45994,45994
14380,45995,45995
14381,22280,22280
14382,45997,45997
14383,45998,45998
14384,45999,45999
14385,46000,46000
14386,46001,46001
14387,46002,46002
14388,46003,46003
14389,46004,46004
14390,46005,46005
14391,46006,46006
14392,46007,46007
14393,46008,46008
14394,29771,29771
14395,46010,46010
14396,46011,46011
14397,46012,46012
14398,46013,46013
14399,46014,46014
14400,46015,46015
14401,46016,46016
14402,46017,46017
14403,18876,18876
14404,46019,46019
14405,46020,46020
14406,46021,46021
14407,46022,46022
14408,46023,46023
14409,46024,46024
14410,46025,46025
14411,46026,46026
14412,46027,46027
14413,46028,46028
14414,18920,18920
14415,19725,19725
14416,18926,18926
14417,46032,46032
14418,46033,46033
14419,46034,46034
14420,46035,46035
14421,46036,46036
14422,46037,46037
14423,46038,46038
14424,46039,46039
14425,46040,46040
14426,46041,46041
14427,29749,29749
14428,46043,46043
14429,46044,46044
14430,46045,46045
14431,46046,46046
14432,46047,46047
14433,46048,46048
14434,46049,46049
14435,46050,46050
14436,46051,46051
14437,46052,46052
14438,19014,19014
14439,46054,46054
14440,46055,46055
14441,19028,19028
14442,46057,46057
14443,46058,46058
14444,46059,46059
14445,46060,46060
14446,46061,46061
14447,46062,46062
14448,8877,8877
14449,19058,19058
14450,46065,46065
14451,46066,46066
14452,46067,46067
14453,46068,46068
14454,46069,46069
14455,46070,46070
14456,46071,46071
14457,46072,46072
14458,19096,19096
14459,57578,57578
14460,57537,57537
14461,46076,46076
14462,46077,46077
14463,46078,46078
14464,46079,46079
14465,46080,46080
14466,46081,46081
14467,46082,46082
14468,46083,46083
14469,46084,46084
14470,46085,46085
14471,46086,46086
14472,46087,46087
14473,46088,46088
14474,22159,22159
14475,22976,22976
14476,24062,24062
14477,12623,12623
14478,46093,46093
14479,46094,46094
14480,46095,46095
14481,46096,46096
14482,46097,46097
14483,19238,19238
14484,46099,46099
14485,19289,19289
14486,19338,19338
14487,46102,46102
14488,19749,19749
14489,46104,46104
14490,46105,46105
14491,46106,46106
14492,46107,46107
14493,46108,46108
14494,46109,46109
14495,46110,46110
14496,9140,9140
14497,19384,19384
14498,46113,46113
14499,19390,19390
14500,46115,46115
14501,46116,46116
14502,46117,46117
14503,46118,46118
14504,46119,46119
14505,46120,46120
14506,46121,46121
14507,46122,46122
14508,30082,30082
14509,46124,46124
14510,29732,29732
14511,46126,46126
14512,46127,46127
14513,46128,46128
14514,46129,46129
14515,46130,46130
14516,19370,19370
14517,46132,46132
14518,19421,19421
14519,3260,3260
14520,46135,46135
14521,35841,35841
14522,46137,46137
14523,46138,46138
14524,46139,46139
14525,46140,46140
14526,46141,46141
14527,46142,46142
14528,46143,46143
14529,19291,19291
14530,29874,29874
14531,46146,46146
14532,19346,19346
14533,46148,46148
14534,29900,29900
14535,46150,46150
14536,46151,46151
14537,46152,46152
14538,19458,19458
14539,17407,17407
14540,19509,19509
14541,1426,1426
14542,46157,46157
14543,34925,34925
14544,46159,46159
14545,29911,29911
14546,46161,46161
14547,46162,46162
14548,46163,46163
14549,19502,19502
14550,46165,46165
14551,19466,19466
14552,19560,19560
14553,46168,46168
14554,45850,45850
14555,46170,46170
14556,46171,46171
14557,46172,46172
14558,46173,46173
14559,46174,46174
14560,46175,46175
14561,46176,46176
14562,18178,18178
14563,29907,29907
14564,46179,46179
14565,19302,19302
14566,46181,46181
14567,29933,29933
14568,46183,46183
14569,46184,46184
14570,46185,46185
14571,46186,46186
14572,46187,46187
14573,19597,19597
14574,19205,19205
14575,46190,46190
14576,19972,19972
14577,46192,46192
14578,29944,29944
14579,46194,46194
14580,46195,46195
14581,46196,46196
14582,46197,46197
14583,46198,46198
14584,13065,13065
14585,29885,29885
14586,46201,46201
14587,19260,19260
14588,46203,46203
14589,46204,46204
14590,46205,46205
14591,46206,46206
14592,46207,46207
14593,46208,46208
14594,46209,46209
14595,46210,46210
14596,46211,46211
14597,46212,46212
14598,46213,46213
14599,46214,46214
14600,19753,19753
14601,46216,46216
14602,46217,46217
14603,46218,46218
14604,46219,46219
14605,46220,46220
14606,46221,46221
14607,46222,46222
14608,46223,46223
14609,46224,46224
14610,20016,20016
14611,46226,46226
14612,46227,46227
14613,50149,50149
14614,46229,46229
14615,46230,46230
14616,46231,46231
14617,46232,46232
14618,46233,46233
14619,46234,46234
14620,46235,46235
14621,46236,46236
14622,46237,46237
14623,46238,46238
14624,46239,46239
14625,46240,46240
14626,46241,46241
14627,46242,46242
14628,46243,46243
14629,46244,46244
14630,46245,46245
14631,46246,46246
14632,46247,46247
14633,46248,46248
14634,46249,46249
14635,46250,46250
14636,46251,46251
14637,46252,46252
14638,46253,46253
14639,46254,46254
14640,46255,46255
14641,30006,30006
14642,46257,46257
14643,46258,46258
14644,46259,46259
14645,19891,19891
14646,46261,46261
14647,46262,46262
14648,46263,46263
14649,29970,29970
14650,46265,46265
14651,46266,46266
14652,46267,46267
14653,46268,46268
14654,46269,46269
14655,46270,46270
14656,46271,46271
14657,46272,46272
14658,46273,46273
14659,46274,46274
14660,46275,46275
14661,46276,46276
14662,46277,46277
14663,46278,46278
14664,46279,46279
14665,46280,46280
14666,46281,46281
14667,46282,46282
14668,46283,46283
14669,46284,46284
14670,46285,46285
14671,46286,46286
14672,46287,46287
14673,46288,46288
14674,46289,46289
14675,46290,46290
14676,46291,46291
14677,20018,20018
14678,8999,8999
14679,45759,45759
14680,46295,46295
14681,20116,20116
14682,46297,46297
14683,22647,22647
14684,43286,43286
14685,44332,44332
14686,8866,8866
14687,3973,3973
14688,3974,3974
14689,3975,3975
14690,46305,46305
14691,46306,46306
14692,22193,22193
14693,46308,46308
14694,46309,46309
14695,46310,46310
14696,46311,46311
14697,27856,27856
14698,20181,20181
14699,22077,22077
14700,9051,9051
14701,46316,46316
14702,22279,22279
14703,46318,46318
14704,46319,46319
14705,46320,46320
14706,46321,46321
14707,46322,46322
14708,46323,46323
14709,46324,46324
14710,46325,46325
14711,3995,3995
14712,20238,20238
14713,9064,9064
14714,20246,20246
14715,46330,46330
14716,46331,46331
14717,46332,46332
14718,46333,46333
14719,46334,46334
14720,46335,46335
14721,46336,46336
14722,46337,46337
14723,46338,46338
14724,46339,46339
14725,15959,15959
14726,46341,46341
14727,46342,46342
14728,4014,4014
14729,46344,46344
14730,4016,4016
14731,4017,4017
14732,4018,4018
14733,4019,4019
14734,4020,4020
14735,46350,46350
14736,46351,46351
14737,46352,46352
14738,30202,30202
14739,20356,20356
14740,46355,46355
14741,46356,46356
14742,46357,46357
14743,46358,46358
14744,46359,46359
14745,30146,30146
14746,46361,46361
14747,46362,46362
14748,20686,20686
14749,46364,46364
14750,26168,26168
14751,46366,46366
14752,46367,46367
14753,10215,10215
14754,46369,46369
14755,19206,19206
14756,20416,20416
14757,46372,46372
14758,46373,46373
14759,24094,24094
14760,50369,50369
14761,46376,46376
14762,46377,46377
14763,46378,46378
14764,46379,46379
14765,46380,46380
14766,46381,46381
14767,20516,20516
14768,46383,46383
14769,46384,46384
14770,46385,46385
14771,46386,46386
14772,46387,46387
14773,46388,46388
14774,46389,46389
14775,46390,46390
14776,46391,46391
14777,11625,11625
14778,46611,46611
14779,46394,46394
14780,46395,46395
14781,48789,48789
14782,46397,46397
14783,46398,46398
14784,46399,46399
14785,46400,46400
14786,46401,46401
14787,46402,46402
14788,46403,46403
14789,46404,46404
14790,46405,46405
14791,20609,20609
14792,46407,46407
14793,46408,46408
14794,46409,46409
14795,46410,46410
14796,46411,46411
14797,20738,20738
14798,46413,46413
14799,46414,46414
14800,46415,46415
14801,46416,46416
14802,46417,46417
14803,13342,13342
14804,20381,20381
14805,20386,20386
14806,46421,46421
14807,46422,46422
14808,46423,46423
14809,46424,46424
14810,46425,46425
14811,46426,46426
14812,8886,8886
14813,46428,46428
14814,46429,46429
14815,35238,35238
14816,46431,46431
14817,20730,20730
14818,4133,4133
14819,4136,4136
14820,20744,20744
14821,9144,9144
14822,43082,43082
14823,46438,46438
14824,46439,46439
14825,46440,46440
14826,9150,9150
14827,20772,20772
14828,46443,46443
14829,46444,46444
14830,21232,21232
14831,4206,4206
14832,20790,20790
14833,46448,46448
14834,46449,46449
14835,1596,1596
14836,46451,46451
14837,46452,46452
14838,46453,46453
14839,46454,46454
14840,46455,46455
14841,46456,46456
14842,46457,46457
14843,46458,46458
14844,46459,46459
14845,46460,46460
14846,46461,46461
14847,46462,46462
14848,46463,46463
14849,46464,46464
14850,46465,46465
14851,46466,46466
14852,46467,46467
14853,46468,46468
14854,46469,46469
14855,46470,46470
14856,46471,46471
14857,46472,46472
14858,46473,46473
14859,28019,28019
14860,46475,46475
14861,46476,46476
14862,46477,46477
14863,46478,46478
14864,46479,46479
14865,46480,46480
14866,46481,46481
14867,46482,46482
14868,46483,46483
14869,46484,46484
14870,46485,46485
14871,46486,46486
14872,3301,3301
14873,46488,46488
14874,26321,26321
14875,46490,46490
14876,46491,46491
14877,46492,46492
14878,35254,35254
14879,46494,46494
14880,46495,46495
14881,46496,46496
14882,46497,46497
14883,46498,46498
14884,46499,46499
14885,46500,46500
14886,46501,46501
14887,46502,46502
14888,46503,46503
14889,47132,47132
14890,4281,4281
14891,46506,46506
14892,21531,21531
14893,46559,46559
14894,51332,51332
14895,9223,9223
14896,21501,21501
14897,21505,21505
14898,21509,21509
14899,21465,21465
14900,46956,46956
14901,46516,46516
14902,29211,29211
14903,21168,21168
14904,21129,21129
14905,4166,4166
14906,4167,4167
14907,40878,40878
14908,4169,4169
14909,21555,21555
14910,51470,51470
14911,4172,4172
14912,46527,46527
14913,4174,4174
14914,21212,21212
14915,46530,46530
14916,46531,46531
14917,46532,46532
14918,21184,21184
14919,46534,46534
14920,50354,50354
14921,46536,46536
14922,46537,46537
14923,46538,46538
14924,21209,21209
14925,21256,21256
14926,21084,21084
14927,46542,46542
14928,46543,46543
14929,50363,50363
14930,21364,21364
14931,46601,46601
14932,21216,21216
14933,50367,50367
14934,50368,50368
14935,21384,21384
14936,22909,22909
14937,21261,21261
14938,46553,46553
14939,21269,21269
14940,46555,46555
14941,10240,10240
14942,46557,46557
14943,46558,46558
14944,51720,51720
14945,57193,57193
14946,21297,21297
14947,46562,46562
14948,46563,46563
14949,46564,46564
14950,46565,46565
14951,46566,46566
14952,21321,21321
14953,46568,46568
14954,46569,46569
14955,46570,46570
14956,21325,21325
14957,21341,21341
14958,21347,21347
14959,46574,46574
14960,46575,46575
14961,23576,23576
14962,46577,46577
14963,20765,20765
14964,46579,46579
14965,4231,4231
14966,4232,4232
14967,21361,21361
14968,4253,4253
14969,21391,21391
14970,46585,46585
14971,46586,46586
14972,46587,46587
14973,46588,46588
14974,46589,46589
14975,46590,46590
14976,46591,46591
14977,46592,46592
14978,46593,46593
14979,46594,46594
14980,21124,21124
14981,46596,46596
14982,46597,46597
14983,36138,36138
14984,4252,4252
14985,20228,20228
14986,21774,21774
14987,9155,9155
14988,12757,12757
14989,46604,46604
14990,20713,20713
14991,46606,46606
14992,43498,43498
14993,21489,21489
14994,21030,21030
14995,21497,21497
14996,27595,27595
14997,20740,20740
14998,23031,23031
14999,13090,13090
15000,46615,46615
15001,23601,23601
15002,46617,46617
15003,23005,23005
15004,46619,46619
15005,4274,4274
15006,26324,26324
15007,9349,9349
15008,50441,50441
15009,50442,50442
15010,4278,4278
15011,4279,4279
15012,50445,50445
15013,3132,3132
15014,46629,46629
15015,46630,46630
15016,46631,46631
15017,50469,50469
15018,46633,46633
15019,46634,46634
15020,46635,46635
15021,46636,46636
15022,46637,46637
15023,46638,46638
15024,50457,50457
15025,21621,21621
15026,46641,46641
15027,46642,46642
15028,21674,21674
15029,46644,46644
15030,46645,46645
15031,46646,46646
15032,46647,46647
15033,46648,46648
15034,50467,50467
15035,50468,50468
15036,21665,21665
15037,46652,46652
15038,46653,46653
15039,21762,21762
15040,46655,46655
15041,46656,46656
15042,4313,4313
15043,4314,4314
15044,46659,46659
15045,46660,46660
15046,4317,4317
15047,21750,21750
15048,46663,46663
15049,46664,46664
15050,21584,21584
15051,46666,46666
15052,46667,46667
15053,46668,46668
15054,46669,46669
15055,46670,46670
15056,46671,46671
15057,50490,50490
15058,21530,21530
15059,46674,46674
15060,46675,46675
15061,21760,21760
15062,46677,46677
15063,46678,46678
15064,46679,46679
15065,46680,46680
15066,46681,46681
15067,46682,46682
15068,46683,46683
15069,46684,46684
15070,46685,46685
15071,46686,46686
15072,46687,46687
15073,46688,46688
15074,46689,46689
15075,46690,46690
15076,46691,46691
15077,46692,46692
15078,46693,46693
15079,46694,46694
15080,46695,46695
15081,46696,46696
15082,27497,27497
15083,27498,27498
15084,27499,27499
15085,27500,27500
15086,27501,27501
15087,27502,27502
15088,27503,27503
15089,27504,27504
15090,27505,27505
15091,31739,31739
15092,27507,27507
15093,46708,46708
15094,46709,46709
15095,46710,46710
15096,46711,46711
15097,46712,46712
15098,46713,46713
15099,46714,46714
15100,46715,46715
15101,46716,46716
15102,46717,46717
15103,46718,46718
15104,46719,46719
15105,46720,46720
15106,46721,46721
15107,46722,46722
15108,46723,46723
15109,46724,46724
15110,46725,46725
15111,46726,46726
15112,46727,46727
15113,46728,46728
15114,46729,46729
15115,46730,46730
15116,46731,46731
15117,46732,46732
15118,46733,46733
15119,46734,46734
15120,46735,46735
15121,46736,46736
15122,46737,46737
15123,46738,46738
15124,46739,46739
15125,46740,46740
15126,46741,46741
15127,46742,46742
15128,46743,46743
15129,46744,46744
15130,46745,46745
15131,46746,46746
15132,46747,46747
15133,46748,46748
15134,46749,46749
15135,46750,46750
15136,46751,46751
15137,46752,46752
15138,46753,46753
15139,46754,46754
15140,46755,46755
15141,46756,46756
15142,46757,46757
15143,46758,46758
15144,46759,46759
15145,46760,46760
15146,46761,46761
15147,46762,46762
15148,46763,46763
15149,46764,46764
15150,46765,46765
15151,46766,46766
15152,46767,46767
15153,46768,46768
15154,46769,46769
15155,46770,46770
15156,46771,46771
15157,46772,46772
15158,46773,46773
15159,46774,46774
15160,46775,46775
15161,46776,46776
15162,46777,46777
15163,46778,46778
15164,46779,46779
15165,46780,46780
15166,46781,46781
15167,46782,46782
15168,46783,46783
15169,46784,46784
15170,46785,46785
15171,46786,46786
15172,46787,46787
15173,46788,46788
15174,46789,46789
15175,46790,46790
15176,46791,46791
15177,46792,46792
15178,46793,46793
15179,46794,46794
15180,46795,46795
15181,46796,46796
15182,46797,46797
15183,46798,46798
15184,46799,46799
15185,46800,46800
15186,46801,46801
15187,46802,46802
15188,46803,46803
15189,46804,46804
15190,46805,46805
15191,46806,46806
15192,46807,46807
15193,46808,46808
15194,46809,46809
15195,46810,46810
15196,46811,46811
15197,46812,46812
15198,46813,46813
15199,46814,46814
15200,46815,46815
15201,46816,46816
15202,46817,46817
15203,46818,46818
15204,46819,46819
15205,46820,46820
15206,46821,46821
15207,46822,46822
15208,46823,46823
15209,46824,46824
15210,46825,46825
15211,46826,46826
15212,46827,46827
15213,46828,46828
15214,46829,46829
15215,46830,46830
15216,46831,46831
15217,46832,46832
15218,46833,46833
15219,46834,46834
15220,46835,46835
15221,46836,46836
15222,46837,46837
15223,46838,46838
15224,46839,46839
15225,46840,46840
15226,46841,46841
15227,21972,21972
15228,46843,46843
15229,46844,46844
15230,46845,46845
15231,46846,46846
15232,46847,46847
15233,46848,46848
15234,11499,11499
15235,26376,26376
15236,11171,11171
15237,27833,27833
15238,51912,51912
15239,33327,33327
15240,26768,26768
15241,27998,27998
15242,1608,1608
15243,21114,21114
15244,46859,46859
15245,46860,46860
15246,27054,27054
15247,27055,27055
15248,46863,46863
15249,46864,46864
15250,46865,46865
15251,46866,46866
15252,46867,46867
15253,46868,46868
15254,46869,46869
15255,46870,46870
15256,46871,46871
15257,27065,27065
15258,13753,13753
15259,27067,27067
15260,46875,46875
15261,46876,46876
15262,46877,46877
15263,46878,46878
15264,46879,46879
15265,46880,46880
15266,46881,46881
15267,27075,27075
15268,27076,27076
15269,46884,46884
15270,46885,46885
15271,46886,46886
15272,46887,46887
15273,46888,46888
15274,46889,46889
15275,46890,46890
15276,46891,46891
15277,29594,29594
15278,12465,12465
15279,27087,27087
15280,46895,46895
15281,46896,46896
15282,46897,46897
15283,46898,46898
15284,46899,46899
15285,46900,46900
15286,46901,46901
15287,27095,27095
15288,40844,40844
15289,46904,46904
15290,27098,27098
15291,46906,46906
15292,46907,46907
15293,46908,46908
15294,46909,46909
15295,46910,46910
15296,48071,48071
15297,27105,27105
15298,46913,46913
15299,46914,46914
15300,27108,27108
15301,46916,46916
15302,46917,46917
15303,46918,46918
15304,46919,46919
15305,46920,46920
15306,27114,27114
15307,27115,27115
15308,27116,27116
15309,27117,27117
15310,46925,46925
15311,46926,46926
15312,46927,46927
15313,27121,27121
15314,27122,27122
15315,27123,27123
15316,27124,27124
15317,46932,46932
15318,46933,46933
15319,27127,27127
15320,27128,27128
15321,27129,27129
15322,27130,27130
15323,27131,27131
15324,27132,27132
15325,27133,27133
15326,46941,46941
15327,46942,46942
15328,46943,46943
15329,46944,46944
15330,27138,27138
15331,27139,27139
15332,46947,46947
15333,27149,27149
15334,27150,27150
15335,27151,27151
15336,12262,12262
15337,27152,27152
15338,12265,12265
15339,46954,46954
15340,23881,23881
15341,23882,23882
15342,46957,46957
15343,32033,32033
15344,21491,21491
15345,12283,12283
15346,37498,37498
15347,12292,12292
15348,44398,44398
15349,13619,13619
15350,46965,46965
15351,27292,27292
15352,28057,28057
15353,12409,12409
15354,27191,27191
15355,26951,26951
15356,46971,46971
15357,12425,12425
15358,24723,24723
15359,26724,26724
15360,46975,46975
15361,23917,23917
15362,46977,46977
15363,44323,44323
15364,10048,10048
15365,23860,23860
15366,13367,13367
15367,27047,27047
15368,46983,46983
15369,46984,46984
15370,46985,46985
15371,46986,46986
15372,2524,2524
15373,46988,46988
15374,33570,33570
15375,23861,23861
15376,27223,27223
15377,27224,27224
15378,46993,46993
15379,23745,23745
15380,12942,12942
15381,23739,23739
15382,22140,22140
15383,12965,12965
15384,26988,26988
15385,26928,26928
15386,12876,12876
15387,23489,23489
15388,32605,32605
15389,12846,12846
15390,12583,12583
15391,15489,15489
15392,47007,47007
15393,27269,27269
15394,44193,44193
15395,27271,27271
15396,27272,27272
15397,15486,15486
15398,27264,27264
15399,27265,27265
15400,9129,9129
15401,27267,27267
15402,47017,47017
15403,27279,27279
15404,13326,13326
15405,30113,30113
15406,47021,47021
15407,12789,12789
15408,44669,44669
15409,22106,22106
15410,26858,26858
15411,21991,21991
15412,27820,27820
15413,34892,34892
15414,35806,35806
15415,13786,13786
15416,47031,47031
15417,26610,26610
15418,47033,47033
15419,28122,28122
15420,23841,23841
15421,12836,12836
15422,12297,12297
15423,47038,47038
15424,44952,44952
15425,47040,47040
15426,47041,47041
15427,47042,47042
15428,47043,47043
15429,47044,47044
15430,37523,37523
15431,47046,47046
15432,47047,47047
15433,47056,47056
15434,47049,47049
15435,23470,23470
15436,47051,47051
15437,27360,27360
15438,48681,48681
15439,47054,47054
15440,47055,47055
15441,2500,2500
15442,44318,44318
15443,27354,27354
15444,13357,13357
15445,21152,21152
15446,47061,47061
15447,26761,26761
15448,47063,47063
15449,47064,47064
15450,29538,29538
15451,47066,47066
15452,29477,29477
15453,29115,29115
15454,3259,3259
15455,47070,47070
15456,23862,23862
15457,13145,13145
15458,13147,13147
15459,11970,11970
15460,47075,47075
15461,23874,23874
15462,42182,42182
15463,23172,23172
15464,40924,40924
15465,47080,47080
15466,41407,41407
15467,44328,44328
15468,13229,13229
15469,44785,44785
15470,13237,13237
15471,12881,12881
15472,13246,13246
15473,13247,13247
15474,47089,47089
15475,47090,47090
15476,13260,13260
15477,47092,47092
15478,47093,47093
15479,44494,44494
15480,47095,47095
15481,47096,47096
15482,47097,47097
15483,47098,47098
15484,47099,47099
15485,47100,47100
15486,47101,47101
15487,47102,47102
15488,47103,47103
15489,47104,47104
15490,27405,27405
15491,27406,27406
15492,27403,27403
15493,13282,13282
15494,13284,13284
15495,13286,13286
15496,13288,13288
15497,13290,13290
15498,47113,47113
15499,47114,47114
15500,47115,47115
15501,47116,47116
15502,47117,47117
15503,27567,27567
15504,2499,2499
15505,29682,29682
15506,28071,28071
15507,14248,14248
15508,27414,27414
15509,11000,11000
15510,44325,44325
15511,12010,12010
15512,29827,29827
15513,12373,12373
15514,13345,13345
15515,24104,24104
15516,57300,57300
15517,14028,14028
15518,27147,27147
15519,27425,27425
15520,27426,27426
15521,27427,27427
15522,27428,27428
15523,27429,27429
15524,27430,27430
15525,27431,27431
15526,27432,27432
15527,27433,27433
15528,27434,27434
15529,13332,13332
15530,16844,16844
15531,13339,13339
15532,13388,13388
15533,44438,44438
15534,11722,11722
15535,47150,47150
15536,47151,47151
15537,47152,47152
15538,47153,47153
15539,47154,47154
15540,47155,47155
15541,47156,47156
15542,47157,47157
15543,47158,47158
15544,47159,47159
15545,47160,47160
15546,47161,47161
15547,47162,47162
15548,47163,47163
15549,47164,47164
15550,47165,47165
15551,47166,47166
15552,47167,47167
15553,47168,47168
15554,47169,47169
15555,47170,47170
15556,47171,47171
15557,47172,47172
15558,47173,47173
15559,47174,47174
15560,47175,47175
15561,47176,47176
15562,47177,47177
15563,47178,47178
15564,47179,47179
15565,47180,47180
15566,47181,47181
15567,47182,47182
15568,47183,47183
15569,47184,47184
15570,47185,47185
15571,47186,47186
15572,47187,47187
15573,47188,47188
15574,47189,47189
15575,47190,47190
15576,47191,47191
15577,47192,47192
15578,47193,47193
15579,47194,47194
15580,12489,12489
15581,13128,13128
15582,21924,21924
15583,12301,12301
15584,23104,23104
15585,22786,22786
15586,22790,22790
15587,13503,13503
15588,27441,27441
15589,27442,27442
15590,27443,27443
15591,27444,27444
15592,13509,13509
15593,13511,13511
15594,13513,13513
15595,13515,13515
15596,13517,13517
15597,13519,13519
15598,13521,13521
15599,13523,13523
15600,47215,47215
15601,47216,47216
15602,47217,47217
15603,47218,47218
15604,47219,47219
15605,47220,47220
15606,47221,47221
15607,47222,47222
15608,47223,47223
15609,47224,47224
15610,47225,47225
15611,47226,47226
15612,47227,47227
15613,47228,47228
15614,47229,47229
15615,47230,47230
15616,47231,47231
15617,47232,47232
15618,47233,47233
15619,47234,47234
15620,47235,47235
15621,47236,47236
15622,47237,47237
15623,47238,47238
15624,47239,47239
15625,47240,47240
15626,47241,47241
15627,47242,47242
15628,47243,47243
15629,47244,47244
15630,47245,47245
15631,47246,47246
15632,47247,47247
15633,47248,47248
15634,47249,47249
15635,47250,47250
15636,47251,47251
15637,47252,47252
15638,47253,47253
15639,47254,47254
15640,47255,47255
15641,47256,47256
15642,47257,47257
15643,47258,47258
15644,47259,47259
15645,47260,47260
15646,47261,47261
15647,47262,47262
15648,47263,47263
15649,47264,47264
15650,47265,47265
15651,47266,47266
15652,47267,47267
15653,47268,47268
15654,47269,47269
15655,47270,47270
15656,47271,47271
15657,47272,47272
15658,47273,47273
15659,47274,47274
15660,47275,47275
15661,47276,47276
15662,47277,47277
15663,47278,47278
15664,47279,47279
15665,47280,47280
15666,47281,47281
15667,47282,47282
15668,47283,47283
15669,47284,47284
15670,47285,47285
15671,47286,47286
15672,47287,47287
15673,47288,47288
15674,47289,47289
15675,47290,47290
15676,47291,47291
15677,47292,47292
15678,47293,47293
15679,47294,47294
15680,47295,47295
15681,47296,47296
15682,47297,47297
15683,47298,47298
15684,47299,47299
15685,47300,47300
15686,47301,47301
15687,47302,47302
15688,47303,47303
15689,47304,47304
15690,12403,12403
15691,13741,13741
15692,47307,47307
15693,47308,47308
15694,47309,47309
15695,13724,13724
15696,47376,47376
15697,13728,13728
15698,47313,47313
15699,27569,27569
15700,23900,23900
15701,47316,47316
15702,47109,47109
15703,14061,14061
15704,27574,27574
15705,23898,23898
15706,11463,11463
15707,27831,27831
15708,27578,27578
15709,56206,56206
15710,47325,47325
15711,47326,47326
15712,14173,14173
15713,7988,7988
15714,23919,23919
15715,47330,47330
15716,27618,27618
15717,12801,12801
15718,47333,47333
15719,47334,47334
15720,47335,47335
15721,47336,47336
15722,47337,47337
15723,47338,47338
15724,47339,47339
15725,47340,47340
15726,47341,47341
15727,47342,47342
15728,47343,47343
15729,47344,47344
15730,47345,47345
15731,47346,47346
15732,47347,47347
15733,47348,47348
15734,47349,47349
15735,47350,47350
15736,47351,47351
15737,47352,47352
15738,47353,47353
15739,47354,47354
15740,47355,47355
15741,47356,47356
15742,47357,47357
15743,47358,47358
15744,47359,47359
15745,47360,47360
15746,47361,47361
15747,47362,47362
15748,47363,47363
15749,47364,47364
15750,44871,44871
15751,47366,47366
15752,47367,47367
15753,47368,47368
15754,43885,43885
15755,47370,47370
15756,47371,47371
15757,47372,47372
15758,47373,47373
15759,21970,21970
15760,47375,47375
15761,51468,51468
15762,47377,47377
15763,13384,13384
15764,47379,47379
15765,47380,47380
15766,47381,47381
15767,47382,47382
15768,47383,47383
15769,47384,47384
15770,47385,47385
15771,47386,47386
15772,47387,47387
15773,47388,47388
15774,47389,47389
15775,47390,47390
15776,47391,47391
15777,47392,47392
15778,47393,47393
15779,47394,47394
15780,47395,47395
15781,47396,47396
15782,47397,47397
15783,47398,47398
15784,47399,47399
15785,47400,47400
15786,47401,47401
15787,23902,23902
15788,47403,47403
15789,47404,47404
15790,47405,47405
15791,26983,26983
15792,26746,26746
15793,47408,47408
15794,45183,45183
15795,47410,47410
15796,47411,47411
15797,47412,47412
15798,47413,47413
15799,27710,27710
15800,8133,8133
15801,47416,47416
15802,47417,47417
15803,27723,27723
15804,47419,47419
15805,47420,47420
15806,47421,47421
15807,47422,47422
15808,47423,47423
15809,47424,47424
15810,47425,47425
15811,47426,47426
15812,47427,47427
15813,47428,47428
15814,53795,53795
15815,24463,24463
15816,14022,14022
15817,47432,47432
15818,47433,47433
15819,47434,47434
15820,47435,47435
15821,47436,47436
15822,47437,47437
15823,47438,47438
15824,47439,47439
15825,47440,47440
15826,47441,47441
15827,47442,47442
15828,12620,12620
15829,47444,47444
15830,47445,47445
15831,47142,47142
15832,47447,47447
15833,47448,47448
15834,47449,47449
15835,47450,47450
15836,47451,47451
15837,47452,47452
15838,47453,47453
15839,47454,47454
15840,47455,47455
15841,47456,47456
15842,47457,47457
15843,47458,47458
15844,47459,47459
15845,47460,47460
15846,47461,47461
15847,47462,47462
15848,47463,47463
15849,47464,47464
15850,47465,47465
15851,47466,47466
15852,47467,47467
15853,47468,47468
15854,47469,47469
15855,47470,47470
15856,47471,47471
15857,47472,47472
15858,47473,47473
15859,47474,47474
15860,47475,47475
15861,47476,47476
15862,47477,47477
15863,47478,47478
15864,47479,47479
15865,47480,47480
15866,47481,47481
15867,47482,47482
15868,47483,47483
15869,26930,26930
15870,1609,1609
15871,39779,39779
15872,47487,47487
15873,47488,47488
15874,47489,47489
15875,47490,47490
15876,47491,47491
15877,47492,47492
15878,47493,47493
15879,47494,47494
15880,47495,47495
15881,13743,13743
15882,27250,27250
15883,47498,47498
15884,47499,47499
15885,47500,47500
15886,47501,47501
15887,47502,47502
15888,47503,47503
15889,47504,47504
15890,47505,47505
15891,47506,47506
15892,47507,47507
15893,47508,47508
15894,47509,47509
15895,47510,47510
15896,47511,47511
15897,47512,47512
15898,47513,47513
15899,47514,47514
15900,47515,47515
15901,28837,28837
15902,47517,47517
15903,47518,47518
15904,47519,47519
15905,47520,47520
15906,47521,47521
15907,47522,47522
15908,47523,47523
15909,47524,47524
15910,47525,47525
15911,47526,47526
15912,47527,47527
15913,47528,47528
15914,47529,47529
15915,47530,47530
15916,47531,47531
15917,47532,47532
15918,47533,47533
15919,47534,47534
15920,47535,47535
15921,47536,47536
15922,47537,47537
15923,47538,47538
15924,47539,47539
15925,47540,47540
15926,47541,47541
15927,47542,47542
15928,47543,47543
15929,47544,47544
15930,47545,47545
15931,47546,47546
15932,47547,47547
15933,47548,47548
15934,47549,47549
15935,47550,47550
15936,47551,47551
15937,47552,47552
15938,47553,47553
15939,47554,47554
15940,47555,47555
15941,47556,47556
15942,47557,47557
15943,47558,47558
15944,47559,47559
15945,47560,47560
15946,47561,47561
15947,47562,47562
15948,47563,47563
15949,47564,47564
15950,47565,47565
15951,16577,16577
15952,47567,47567
15953,47568,47568
15954,47569,47569
15955,28951,28951
15956,47571,47571
15957,47572,47572
15958,27367,27367
15959,47574,47574
15960,47575,47575
15961,47576,47576
15962,47577,47577
15963,47578,47578
15964,47579,47579
15965,47580,47580
15966,47581,47581
15967,47582,47582
15968,47583,47583
15969,47584,47584
15970,47585,47585
15971,47586,47586
15972,47587,47587
15973,47588,47588
15974,47589,47589
15975,47590,47590
15976,47591,47591
15977,47592,47592
15978,47593,47593
15979,47594,47594
15980,47595,47595
15981,47596,47596
15982,47597,47597
15983,47598,47598
15984,47599,47599
15985,47600,47600
15986,47601,47601
15987,47602,47602
15988,47603,47603
15989,47604,47604
15990,47605,47605
15991,47606,47606
15992,47607,47607
15993,47608,47608
15994,47609,47609
15995,47610,47610
15996,47611,47611
15997,47612,47612
15998,47613,47613
15999,47614,47614
16000,47615,47615
16001,47616,47616
16002,29322,29322
16003,47618,47618
16004,47619,47619
16005,47620,47620
16006,47621,47621
16007,22587,22587
16008,29328,29328
16009,29329,29329
16010,47625,47625
16011,47626,47626
16012,47627,47627
16013,47628,47628
16014,47629,47629
16015,47630,47630
16016,47631,47631
16017,47632,47632
16018,47633,47633
16019,47634,47634
16020,47635,47635
16021,47636,47636
16022,47637,47637
16023,47638,47638
16024,47639,47639
16025,47640,47640
16026,47641,47641
16027,47642,47642
16028,47643,47643
16029,47644,47644
16030,47645,47645
16031,47646,47646
16032,47647,47647
16033,47648,47648
16034,47649,47649
16035,3630,3630
16036,47651,47651
16037,15162,15162
16038,30214,30214
16039,47654,47654
16040,47655,47655
16041,47656,47656
16042,44092,44092
16043,47658,47658
16044,47659,47659
16045,47660,47660
16046,47661,47661
16047,47662,47662
16048,47663,47663
16049,47664,47664
16050,47665,47665
16051,17472,17472
16052,47667,47667
16053,47668,47668
16054,47669,47669
16055,47670,47670
16056,47671,47671
16057,47672,47672
16058,47673,47673
16059,47674,47674
16060,47675,47675
16061,47676,47676
16062,47677,47677
16063,47678,47678
16064,47679,47679
16065,47680,47680
16066,47681,47681
16067,47682,47682
16068,47683,47683
16069,47684,47684
16070,47685,47685
16071,47686,47686
16072,47687,47687
16073,47688,47688
16074,47689,47689
16075,47690,47690
16076,47691,47691
16077,47692,47692
16078,47693,47693
16079,47694,47694
16080,47695,47695
16081,47696,47696
16082,47697,47697
16083,47698,47698
16084,47699,47699
16085,47700,47700
16086,47701,47701
16087,47702,47702
16088,47703,47703
16089,47704,47704
16090,46365,46365
16091,47706,47706
16092,46092,46092
16093,47708,47708
16094,29454,29454
16095,8926,8926
16096,47711,47711
16097,28042,28042
16098,47713,47713
16099,47714,47714
16100,47715,47715
16101,17347,17347
16102,47717,47717
16103,47718,47718
16104,47719,47719
16105,47720,47720
16106,47721,47721
16107,47722,47722
16108,47723,47723
16109,47724,47724
16110,47725,47725
16111,29471,29471
16112,29472,29472
16113,29473,29473
16114,29474,29474
16115,47730,47730
16116,46073,46073
16117,47732,47732
16118,47035,47035
16119,47734,47734
16120,47735,47735
16121,47736,47736
16122,47737,47737
16123,31141,31141
16124,47739,47739
16125,47740,47740
16126,47741,47741
16127,47742,47742
16128,47743,47743
16129,47744,47744
16130,47745,47745
16131,47746,47746
16132,47747,47747
16133,47748,47748
16134,47749,47749
16135,47750,47750
16136,47751,47751
16137,47752,47752
16138,45582,45582
16139,47622,47622
16140,9130,9130
16141,47756,47756
16142,23069,23069
16143,23208,23208
16144,17360,17360
16145,47760,47760
16146,3702,3702
16147,47762,47762
16148,47763,47763
16149,47764,47764
16150,47765,47765
16151,47766,47766
16152,47767,47767
16153,47768,47768
16154,47769,47769
16155,3437,3437
16156,47771,47771
16157,47772,47772
16158,47773,47773
16159,47774,47774
16160,47775,47775
16161,47776,47776
16162,47777,47777
16163,47778,47778
16164,47779,47779
16165,47780,47780
16166,47781,47781
16167,47782,47782
16168,47783,47783
16169,47784,47784
16170,47785,47785
16171,47786,47786
16172,47787,47787
16173,47788,47788
16174,47789,47789
16175,47790,47790
16176,47791,47791
16177,47792,47792
16178,47793,47793
16179,47794,47794
16180,47795,47795
16181,36211,36211
16182,29364,29364
16183,47798,47798
16184,47799,47799
16185,47800,47800
16186,47801,47801
16187,47802,47802
16188,47803,47803
16189,47804,47804
16190,47805,47805
16191,47806,47806
16192,47807,47807
16193,47808,47808
16194,47809,47809
16195,47810,47810
16196,47811,47811
16197,47812,47812
16198,47813,47813
16199,51403,51403
16200,47815,47815
16201,47816,47816
16202,47817,47817
16203,47818,47818
16204,20680,20680
16205,47820,47820
16206,47821,47821
16207,47822,47822
16208,47823,47823
16209,47824,47824
16210,47825,47825
16211,47826,47826
16212,47827,47827
16213,47828,47828
16214,47829,47829
16215,47830,47830
16216,47831,47831
16217,47832,47832
16218,47833,47833
16219,47834,47834
16220,20494,20494
16221,30116,30116
16222,47837,47837
16223,47838,47838
16224,47839,47839
16225,47840,47840
16226,47841,47841
16227,47842,47842
16228,47843,47843
16229,47844,47844
16230,47845,47845
16231,47846,47846
16232,47847,47847
16233,47848,47848
16234,47849,47849
16235,47850,47850
16236,47851,47851
16237,47852,47852
16238,47853,47853
16239,47854,47854
16240,47855,47855
16241,47856,47856
16242,47857,47857
16243,47858,47858
16244,47859,47859
16245,47860,47860
16246,47861,47861
16247,47862,47862
16248,47863,47863
16249,47864,47864
16250,9143,9143
16251,47866,47866
16252,47867,47867
16253,47868,47868
16254,4161,4161
16255,47870,47870
16256,47871,47871
16257,47872,47872
16258,47873,47873
16259,28342,28342
16260,47875,47875
16261,20693,20693
16262,20699,20699
16263,47878,47878
16264,45805,45805
16265,4077,4077
16266,47881,47881
16267,47882,47882
16268,47883,47883
16269,47884,47884
16270,47885,47885
16271,47886,47886
16272,47887,47887
16273,47888,47888
16274,47889,47889
16275,47890,47890
16276,47891,47891
16277,47892,47892
16278,47893,47893
16279,47894,47894
16280,47895,47895
16281,21034,21034
16282,47897,47897
16283,28076,28076
16284,20832,20832
16285,47900,47900
16286,47901,47901
16287,4127,4127
16288,47903,47903
16289,47904,47904
16290,47905,47905
16291,47906,47906
16292,47907,47907
16293,47908,47908
16294,47909,47909
16295,50279,50279
16296,47911,47911
16297,47912,47912
16298,4268,4268
16299,9158,9158
16300,47915,47915
16301,47916,47916
16302,47917,47917
16303,47918,47918
16304,47919,47919
16305,47920,47920
16306,47921,47921
16307,47922,47922
16308,47923,47923
16309,21478,21478
16310,47925,47925
16311,47926,47926
16312,47927,47927
16313,47928,47928
16314,47929,47929
16315,47930,47930
16316,47931,47931
16317,47932,47932
16318,47933,47933
16319,30071,30071
16320,4137,4137
16321,47936,47936
16322,47937,47937
16323,47938,47938
16324,47939,47939
16325,47940,47940
16326,47941,47941
16327,47942,47942
16328,47943,47943
16329,47944,47944
16330,47945,47945
16331,47946,47946
16332,26931,26931
16333,28029,28029
16334,47949,47949
16335,47950,47950
16336,27905,27905
16337,14208,14208
16338,37706,37706
16339,26256,26256
16340,26257,26257
16341,51288,51288
16342,22039,22039
16343,47409,47409
16344,26217,26217
16345,47960,47960
16346,47961,47961
16347,30182,30182
16348,28033,28033
16349,28034,28034
16350,26278,26278
16351,26235,26235
16352,50440,50440
16353,28038,28038
16354,28039,28039
16355,20519,20519
16356,47971,47971
16357,47972,47972
16358,47973,47973
16359,47974,47974
16360,47975,47975
16361,47976,47976
16362,47977,47977
16363,47978,47978
16364,47979,47979
16365,47980,47980
16366,26339,26339
16367,47982,47982
16368,31223,31223
16369,26342,26342
16370,26343,26343
16371,26366,26366
16372,47987,47987
16373,48597,48597
16374,47989,47989
16375,47990,47990
16376,48707,48707
16377,47992,47992
16378,47993,47993
16379,26363,26363
16380,26364,26364
16381,26365,26365
16382,48584,48584
16383,26367,26367
16384,20865,20865
16385,24329,24329
16386,26370,26370
16387,49204,49204
16388,26372,26372
16389,12924,12924
16390,47322,47322
16391,48006,48006
16392,24473,24473
16393,48008,48008
16394,48009,48009
16395,48010,48010
16396,48011,48011
16397,48012,48012
16398,48013,48013
16399,48014,48014
16400,48015,48015
16401,48016,48016
16402,48017,48017
16403,51785,51785
16404,48019,48019
16405,27757,27757
16406,26747,26747
16407,18348,18348
16408,27767,27767
16409,12147,12147
16410,29291,29291
16411,26973,26973
16412,45690,45690
16413,26975,26975
16414,26954,26954
16415,1516,1516
16416,26926,26926
16417,32115,32115
16418,48033,48033
16419,48034,48034
16420,26972,26972
16421,39754,39754
16422,27021,27021
16423,11982,11982
16424,21526,21526
16425,60008,60008
16426,3215,3215
16427,26968,26968
16428,27176,27176
16429,27177,27177
16430,27178,27178
16431,30160,30160
16432,22069,22069
16433,30140,30140
16434,27036,27036
16435,27343,27343
16436,27397,27397
16437,27345,27345
16438,47214,47214
16439,48054,48054
16440,48055,48055
16441,48056,48056
16442,27208,27208
16443,27209,27209
16444,48059,48059
16445,48060,48060
16446,27222,27222
16447,48062,48062
16448,48063,48063
16449,48064,48064
16450,48065,48065
16451,48066,48066
16452,26429,26429
16453,27254,27254
16454,40704,40704
16455,48070,48070
16456,13104,13104
16457,48072,48072
16458,48073,48073
16459,48074,48074
16460,27247,27247
16461,27273,27273
16462,48077,48077
16463,27293,27293
16464,7986,7986
16465,15542,15542
16466,13899,13899
16467,47484,47484
16468,12990,12990
16469,27849,27849
16470,51628,51628
16471,48086,48086
16472,27349,27349
16473,27350,27350
16474,22873,22873
16475,19602,19602
16476,26952,26952
16477,27396,27396
16478,12818,12818
16479,27290,27290
16480,29420,29420
16481,4091,4091
16482,27377,27377
16483,28018,28018
16484,2503,2503
16485,2355,2355
16486,2982,2982
16487,27698,27698
16488,27603,27603
16489,27604,27604
16490,27605,27605
16491,27606,27606
16492,29267,29267
16493,28131,28131
16494,48109,48109
16495,28145,28145
16496,7614,7614
16497,27669,27669
16498,45415,45415
16499,48114,48114
16500,14231,14231
16501,27725,27725
16502,14981,14981
16503,57356,57356
16504,27728,27728
16505,27613,27613
16506,2940,2940
16507,27056,27056
16508,12712,12712
16509,27733,27733
16510,12238,12238
16511,13943,13943
16512,48127,48127
16513,27697,27697
16514,20685,20685
16515,27699,27699
16516,48131,48131
16517,48132,48132
16518,2507,2507
16519,13938,13938
16520,26865,26865
16521,17216,17216
16522,27706,27706
16523,47402,47402
16524,27678,27678
16525,27581,27581
16526,27730,27730
16527,28036,28036
16528,27732,27732
16529,50233,50233
16530,27734,27734
16531,48146,48146
16532,12721,12721
16533,48148,48148
16534,15238,15238
16535,24712,24712
16536,48151,48151
16537,29357,29357
16538,23351,23351
16539,20702,20702
16540,48155,48155
16541,48156,48156
16542,3352,3352
16543,48158,48158
16544,48159,48159
16545,48160,48160
16546,2543,2543
16547,48162,48162
16548,4256,4256
16549,48164,48164
16550,12866,12866
16551,14771,14771
16552,48167,48167
16553,48168,48168
16554,9183,9183
16555,26250,26250
16556,28107,28107
16557,26414,26414
16558,14207,14207
16559,30099,30099
16560,27588,27588
16561,23746,23746
16562,22823,22823
16563,13124,13124
16564,28044,28044
16565,28190,28190
16566,24791,24791
16567,48182,48182
16568,27941,27941
16569,15147,15147
16570,27943,27943
16571,27920,27920
16572,27299,27299
16573,24798,24798
16574,48189,48189
16575,48190,48190
16576,24273,24273
16577,29951,29951
16578,28204,28204
16579,14551,14551
16580,24277,24277
16581,27919,27919
16582,24279,24279
16583,27921,27921
16584,24235,24235
16585,48200,48200
16586,24283,24283
16587,24460,24460
16588,48203,48203
16589,48204,48204
16590,27881,27881
16591,27882,27882
16592,2931,2931
16593,8593,8593
16594,27827,27827
16595,13849,13849
16596,23901,23901
16597,26707,26707
16598,26221,26221
16599,30184,30184
16600,28046,28046
16601,27005,27005
16602,27922,27922
16603,30188,30188
16604,30189,30189
16605,28937,28937
16606,27589,27589
16607,9040,9040
16608,2980,2980
16609,27352,27352
16610,27572,27572
16611,3116,3116
16612,2656,2656
16613,15381,15381
16614,23327,23327
16615,27980,27980
16616,48231,48231
16617,48232,48232
16618,48233,48233
16619,48234,48234
16620,48235,48235
16621,42793,42793
16622,8009,8009
16623,48238,48238
16624,28114,28114
16625,48240,48240
16626,48241,48241
16627,27598,27598
16628,51392,51392
16629,48244,48244
16630,48245,48245
16631,28055,28055
16632,24278,24278
16633,26289,26289
16634,48249,48249
16635,26907,26907
16636,48251,48251
16637,48252,48252
16638,48253,48253
16639,28203,28203
16640,14595,14595
16641,28205,28205
16642,48257,48257
16643,28207,28207
16644,48259,48259
16645,23687,23687
16646,28215,28215
16647,28216,28216
16648,28217,28217
16649,28218,28218
16650,28219,28219
16651,27944,27944
16652,2589,2589
16653,28198,28198
16654,28187,28187
16655,28224,28224
16656,23703,23703
16657,1655,1655
16658,48273,48273
16659,44915,44915
16660,28146,28146
16661,12211,12211
16662,12948,12948
16663,26597,26597
16664,27159,27159
16665,27417,27417
16666,23866,23866
16667,23867,23867
16668,23709,23709
16669,27933,27933
16670,23711,23711
16671,48286,48286
16672,23933,23933
16673,48288,48288
16674,48289,48289
16675,48290,48290
16676,48291,48291
16677,48292,48292
16678,48293,48293
16679,48294,48294
16680,48295,48295
16681,48296,48296
16682,48297,48297
16683,48298,48298
16684,48299,48299
16685,28880,28880
16686,48301,48301
16687,29312,29312
16688,48303,48303
16689,30095,30095
16690,24323,24323
16691,30103,30103
16692,26253,26253
16693,26254,26254
16694,24177,24177
16695,30120,30120
16696,30181,30181
16697,30092,30092
16698,30215,30215
16699,48314,48314
16700,30201,30201
16701,48316,48316
16702,2990,2990
16703,27370,27370
16704,30191,30191
16705,48948,48948
16706,27906,27906
16707,26222,26222
16708,9127,9127
16709,30196,30196
16710,4087,4087
16711,26226,26226
16712,26227,26227
16713,30212,30212
16714,40009,40009
16715,51732,51732
16716,29583,29583
16717,4032,4032
16718,23592,23592
16719,13054,13054
16720,24184,24184
16721,3986,3986
16722,27004,27004
16723,48913,48913
16724,30479,30479
16725,30480,30480
16726,48341,48341
16727,48342,48342
16728,48343,48343
16729,48344,48344
16730,48345,48345
16731,48346,48346
16732,48347,48347
16733,48348,48348
16734,30571,30571
16735,48924,48924
16736,30503,30503
16737,48996,48996
16738,31369,31369
16739,27471,27471
16740,30519,30519
16741,10005,10005
16742,30521,30521
16743,17181,17181
16744,30523,30523
16745,30536,30536
16746,48968,48968
16747,30550,30550
16748,30551,30551
16749,48905,48905
16750,48365,48365
16751,29062,29062
16752,24852,24852
16753,31055,31055
16754,31232,31232
16755,48370,48370
16756,48371,48371
16757,49027,49027
16758,48892,48892
16759,31176,31176
16760,48997,48997
16761,30588,30588
16762,30589,30589
16763,30590,30590
16764,30591,30591
16765,31019,31019
16766,48381,48381
16767,48382,48382
16768,30619,30619
16769,30620,30620
16770,48385,48385
16771,48386,48386
16772,48387,48387
16773,48388,48388
16774,48389,48389
16775,48390,48390
16776,48391,48391
16777,48392,48392
16778,48393,48393
16779,48983,48983
16780,48395,48395
16781,48985,48985
16782,49065,49065
16783,30646,30646
16784,30647,30647
16785,48400,48400
16786,48401,48401
16787,48402,48402
16788,48403,48403
16789,30652,30652
16790,30653,30653
16791,30666,30666
16792,30667,30667
16793,49019,49019
16794,48409,48409
16795,48410,48410
16796,48411,48411
16797,48412,48412
16798,48413,48413
16799,48414,48414
16800,48415,48415
16801,49005,49005
16802,30689,30689
16803,30690,30690
16804,28873,28873
16805,30680,30680
16806,30681,30681
16807,30682,30682
16808,30683,30683
16809,30696,30696
16810,30697,30697
16811,30798,30798
16812,48902,48902
16813,49053,49053
16814,49086,49086
16815,49008,49008
16816,48431,48431
16817,48432,48432
16818,48433,48433
16819,48434,48434
16820,48435,48435
16821,48436,48436
16822,30525,30525
16823,48957,48957
16824,49006,49006
16825,49075,49075
16826,48960,48960
16827,30826,30826
16828,30827,30827
16829,30828,30828
16830,30829,30829
16831,30830,30830
16832,30831,30831
16833,30927,30927
16834,4964,4964
16835,49085,49085
16836,30907,30907
16837,30954,30954
16838,48453,48453
16839,48454,48454
16840,48455,48455
16841,48456,48456
16842,48457,48457
16843,48458,48458
16844,31113,31113
16845,30997,30997
16846,30929,30929
16847,30918,30918
16848,48971,48971
16849,30932,30932
16850,30933,30933
16851,30934,30934
16852,30935,30935
16853,30936,30936
16854,30937,30937
16855,48470,48470
16856,30963,30963
16857,4720,4720
16858,48473,48473
16859,49076,49076
16860,48475,48475
16861,48476,48476
16862,48477,48477
16863,48478,48478
16864,48479,48479
16865,48480,48480
16866,30985,30985
16867,30986,30986
16868,30075,30075
16869,48484,48484
16870,48485,48485
16871,48486,48486
16872,48487,48487
16873,48488,48488
16874,48489,48489
16875,48490,48490
16876,48491,48491
16877,31102,31102
16878,50969,50969
16879,31104,31104
16880,26220,26220
16881,30540,30540
16882,31107,31107
16883,31108,31108
16884,31109,31109
16885,31110,31110
16886,31111,31111
16887,31112,31112
16888,48503,48503
16889,31114,31114
16890,48903,48903
16891,48904,48904
16892,49104,49104
16893,31130,31130
16894,31131,31131
16895,31132,31132
16896,31133,31133
16897,31134,31134
16898,31135,31135
16899,31330,31330
16900,31331,31331
16901,31344,31344
16902,31345,31345
16903,48927,48927
16904,48519,48519
16905,48520,48520
16906,48521,48521
16907,48522,48522
16908,48523,48523
16909,48524,48524
16910,48525,48525
16911,48994,48994
16912,31379,31379
16913,31380,31380
16914,24850,24850
16915,31382,31382
16916,31383,31383
16917,31384,31384
16918,31385,31385
16919,31386,31386
16920,48535,48535
16921,26698,26698
16922,26762,26762
16923,26789,26789
16924,26801,26801
16925,48540,48540
16926,27311,27311
16927,29330,29330
16928,27597,27597
16929,27607,27607
16930,26399,26399
16931,48546,48546
16932,27880,27880
16933,26689,26689
16934,27884,27884
16935,27901,27901
16936,27907,27907
16937,20514,20514
16938,14533,14533
16939,27961,27961
16940,48555,48555
16941,23994,23994
16942,27625,27625
16943,24006,24006
16944,13744,13744
16945,28574,28574
16946,28586,28586
16947,28598,28598
16948,48563,48563
16949,23896,23896
16950,29315,29315
16951,14445,14445
16952,30100,30100
16953,48568,48568
16954,48569,48569
16955,48570,48570
16956,48571,48571
16957,48572,48572
16958,48573,48573
16959,48574,48574
16960,48575,48575
16961,48576,48576
16962,48577,48577
16963,48578,48578
16964,48579,48579
16965,26340,26340
16966,48581,48581
16967,48582,48582
16968,48583,48583
16969,44769,44769
16970,48585,48585
16971,48586,48586
16972,48587,48587
16973,48588,48588
16974,48589,48589
16975,48590,48590
16976,48591,48591
16977,48592,48592
16978,48593,48593
16979,48594,48594
16980,26355,26355
16981,48596,48596
16982,26357,26357
16983,24905,24905
16984,48599,48599
16985,24907,24907
16986,48601,48601
16987,24211,24211
16988,26791,26791
16989,48604,48604
16990,49469,49469
16991,48606,48606
16992,48607,48607
16993,48608,48608
16994,48609,48609
16995,48610,48610
16996,48611,48611
16997,48612,48612
16998,26795,26795
16999,26803,26803
17000,48615,48615
17001,48616,48616
17002,48617,48617
17003,48618,48618
17004,48619,48619
17005,48620,48620
17006,26905,26905
17007,48622,48622
17008,48623,48623
17009,48624,48624
17010,12918,12918
17011,48626,48626
17012,48627,48627
17013,48628,48628
17014,3508,3508
17015,48630,48630
17016,48631,48631
17017,48632,48632
17018,48633,48633
17019,48634,48634
17020,48635,48635
17021,48636,48636
17022,48637,48637
17023,48638,48638
17024,48639,48639
17025,48640,48640
17026,48641,48641
17027,48642,48642
17028,22926,22926
17029,12277,12277
17030,48645,48645
17031,46980,46980
17032,51596,51596
17033,48648,48648
17034,48649,48649
17035,27226,27226
17036,48651,48651
17037,48652,48652
17038,12126,12126
17039,27246,27246
17040,48655,48655
17041,48656,48656
17042,27255,27255
17043,27256,27256
17044,48659,48659
17045,44050,44050
17046,44292,44292
17047,48662,48662
17048,48663,48663
17049,48664,48664
17050,48665,48665
17051,48666,48666
17052,27729,27729
17053,49723,49723
17054,6256,6256
17055,12926,12926
17056,48671,48671
17057,48672,48672
17058,48673,48673
17059,23130,23130
17060,48675,48675
17061,48676,48676
17062,9844,9844
17063,49495,49495
17064,27898,27898
17065,48680,48680
17066,28275,28275
17067,27600,27600
17068,48683,48683
17069,48684,48684
17070,48685,48685
17071,401,401
17072,27324,27324
17073,2301,2301
17074,48689,48689
17075,48690,48690
17076,48691,48691
17077,48692,48692
17078,48693,48693
17079,14212,14212
17080,48695,48695
17081,30167,30167
17082,48697,48697
17083,51485,51485
17084,48699,48699
17085,27696,27696
17086,48701,48701
17087,48702,48702
17088,48703,48703
17089,11411,11411
17090,29332,29332
17091,48706,48706
17092,27703,27703
17093,27714,27714
17094,48709,48709
17095,48710,48710
17096,48711,48711
17097,48712,48712
17098,48713,48713
17099,32900,32900
17100,48715,48715
17101,2336,2336
17102,48717,48717
17103,14197,14197
17104,48719,48719
17105,48720,48720
17106,48721,48721
17107,48722,48722
17108,48723,48723
17109,48724,48724
17110,48725,48725
17111,48726,48726
17112,48727,48727
17113,48728,48728
17114,48729,48729
17115,48730,48730
17116,48731,48731
17117,48732,48732
17118,48733,48733
17119,48734,48734
17120,48735,48735
17121,48736,48736
17122,48737,48737
17123,48738,48738
17124,48739,48739
17125,48740,48740
17126,48741,48741
17127,48742,48742
17128,48743,48743
17129,48744,48744
17130,48745,48745
17131,48746,48746
17132,48747,48747
17133,48748,48748
17134,48749,48749
17135,48750,48750
17136,48751,48751
17137,27962,27962
17138,27963,27963
17139,27964,27964
17140,48755,48755
17141,48756,48756
17142,48757,48757
17143,48758,48758
17144,48759,48759
17145,48760,48760
17146,48761,48761
17147,48762,48762
17148,48763,48763
17149,48764,48764
17150,48765,48765
17151,48766,48766
17152,48767,48767
17153,48768,48768
17154,48769,48769
17155,48770,48770
17156,48771,48771
17157,48772,48772
17158,48773,48773
17159,48774,48774
17160,48775,48775
17161,48776,48776
17162,48777,48777
17163,28085,28085
17164,12705,12705
17165,24371,24371
17166,28088,28088
17167,28089,28089
17168,28112,28112
17169,48784,48784
17170,48785,48785
17171,28093,28093
17172,28988,28988
17173,48788,48788
17174,41647,41647
17175,15097,15097
17176,48791,48791
17177,26913,26913
17178,48793,48793
17179,21525,21525
17180,28233,28233
17181,2942,2942
17182,48797,48797
17183,48798,48798
17184,48799,48799
17185,48800,48800
17186,48801,48801
17187,48802,48802
17188,48803,48803
17189,48804,48804
17190,48805,48805
17191,48806,48806
17192,48807,48807
17193,48808,48808
17194,48809,48809
17195,48810,48810
17196,48811,48811
17197,48812,48812
17198,48813,48813
17199,48814,48814
17200,48815,48815
17201,48816,48816
17202,27035,27035
17203,48818,48818
17204,48819,48819
17205,28263,28263
17206,28075,28075
17207,11421,11421
17208,28266,28266
17209,48824,48824
17210,28268,28268
17211,48826,48826
17212,48827,48827
17213,48828,48828
17214,28272,28272
17215,28286,28286
17216,2304,2304
17217,46960,46960
17218,48833,48833
17219,48834,48834
17220,15378,15378
17221,26935,26935
17222,18060,18060
17223,24174,24174
17224,28295,28295
17225,28296,28296
17226,28587,28587
17227,28576,28576
17228,48843,48843
17229,48844,48844
17230,48845,48845
17231,48846,48846
17232,48847,48847
17233,48848,48848
17234,48849,48849
17235,48850,48850
17236,48851,48851
17237,28575,28575
17238,28588,28588
17239,28589,28589
17240,28590,28590
17241,28591,28591
17242,28580,28580
17243,28593,28593
17244,28594,28594
17245,28595,28595
17246,20410,20410
17247,47062,47062
17248,48841,48841
17249,28600,28600
17250,28601,28601
17251,28578,28578
17252,28603,28603
17253,28604,28604
17254,28605,28605
17255,28606,28606
17256,48871,48871
17257,48872,48872
17258,45887,45887
17259,48874,48874
17260,48875,48875
17261,48876,48876
17262,48877,48877
17263,48878,48878
17264,48879,48879
17265,48880,48880
17266,48881,48881
17267,48882,48882
17268,48883,48883
17269,48884,48884
17270,48885,48885
17271,48886,48886
17272,48887,48887
17273,48888,48888
17274,48889,48889
17275,31125,31125
17276,30892,30892
17277,9908,9908
17278,48893,48893
17279,48894,48894
17280,48895,48895
17281,48896,48896
17282,48897,48897
17283,48898,48898
17284,48899,48899
17285,48900,48900
17286,48901,48901
17287,30514,30514
17288,31070,31070
17289,30516,30516
17290,30908,30908
17291,48906,48906
17292,48907,48907
17293,48908,48908
17294,48909,48909
17295,48910,48910
17296,48911,48911
17297,30675,30675
17298,30584,30584
17299,48914,48914
17300,30739,30739
17301,48916,48916
17302,48917,48917
17303,48918,48918
17304,48919,48919
17305,48920,48920
17306,48921,48921
17307,48922,48922
17308,48923,48923
17309,31378,31378
17310,30631,30631
17311,48926,48926
17312,49087,49087
17313,48928,48928
17314,48929,48929
17315,48930,48930
17316,48931,48931
17317,48932,48932
17318,48933,48933
17319,48934,48934
17320,48935,48935
17321,48936,48936
17322,48937,48937
17323,48938,48938
17324,48939,48939
17325,48940,48940
17326,48941,48941
17327,48942,48942
17328,48943,48943
17329,48944,48944
17330,48945,48945
17331,40392,40392
17332,48947,48947
17333,30713,30713
17334,24191,24191
17335,48950,48950
17336,48951,48951
17337,48952,48952
17338,48953,48953
17339,48954,48954
17340,48955,48955
17341,49015,49015
17342,49016,49016
17343,48958,48958
17344,48959,48959
17345,30931,30931
17346,48961,48961
17347,48962,48962
17348,48963,48963
17349,48964,48964
17350,48965,48965
17351,48966,48966
17352,48967,48967
17353,30642,30642
17354,48969,48969
17355,48970,48970
17356,30645,30645
17357,48972,48972
17358,48973,48973
17359,48974,48974
17360,48975,48975
17361,48976,48976
17362,48977,48977
17363,48978,48978
17364,48979,48979
17365,48980,48980
17366,48981,48981
17367,28904,28904
17368,30822,30822
17369,30800,30800
17370,30824,30824
17371,30825,30825
17372,48987,48987
17373,48988,48988
17374,48989,48989
17375,48990,48990
17376,48991,48991
17377,48992,48992
17378,48993,48993
17379,30688,30688
17380,48995,48995
17381,31322,31322
17382,9839,9839
17383,48998,48998
17384,48999,48999
17385,49000,49000
17386,49001,49001
17387,49002,49002
17388,49003,49003
17389,48956,48956
17390,30268,30268
17391,31027,31027
17392,31252,31252
17393,30668,30668
17394,49009,49009
17395,49010,49010
17396,49011,49011
17397,49012,49012
17398,49013,49013
17399,49014,49014
17400,48437,48437
17401,48891,48891
17402,49017,49017
17403,49018,49018
17404,30691,30691
17405,49020,49020
17406,49021,49021
17407,49022,49022
17408,49023,49023
17409,49024,49024
17410,49025,49025
17411,48338,48338
17412,28870,28870
17413,49028,49028
17414,49029,49029
17415,49030,49030
17416,49031,49031
17417,49032,49032
17418,49033,49033
17419,49034,49034
17420,49035,49035
17421,49036,49036
17422,49037,49037
17423,30549,30549
17424,49039,49039
17425,49040,49040
17426,49041,49041
17427,49042,49042
17428,49043,49043
17429,49044,49044
17430,49045,49045
17431,49046,49046
17432,49047,49047
17433,51050,51050
17434,51051,51051
17435,49050,49050
17436,49049,49049
17437,49052,49052
17438,50982,50982
17439,49054,49054
17440,49055,49055
17441,49056,49056
17442,49057,49057
17443,49058,49058
17444,49059,49059
17445,49060,49060
17446,49061,49061
17447,49062,49062
17448,30998,30998
17449,49064,49064
17450,50948,50948
17451,49066,49066
17452,49067,49067
17453,49068,49068
17454,49069,49069
17455,49070,49070
17456,49071,49071
17457,49072,49072
17458,49073,49073
17459,49074,49074
17460,31128,31128
17461,27470,27470
17462,49077,49077
17463,49078,49078
17464,49079,49079
17465,49080,49080
17466,49081,49081
17467,49082,49082
17468,49083,49083
17469,49084,49084
17470,50994,50994
17471,30801,30801
17472,31346,31346
17473,49088,49088
17474,49089,49089
17475,49090,49090
17476,49091,49091
17477,49092,49092
17478,49093,49093
17479,49094,49094
17480,31196,31196
17481,49096,49096
17482,51063,51063
17483,49098,49098
17484,49099,49099
17485,49100,49100
17486,49101,49101
17487,49102,49102
17488,49103,49103
17489,30587,30587
17490,49105,49105
17491,49106,49106
17492,49107,49107
17493,49108,49108
17494,49109,49109
17495,49110,49110
17496,49111,49111
17497,31237,31237
17498,49113,49113
17499,49114,49114
17500,49115,49115
17501,49116,49116
17502,49117,49117
17503,49118,49118
17504,49119,49119
17505,49120,49120
17506,49121,49121
17507,49122,49122
17508,49123,49123
17509,49124,49124
17510,49125,49125
17511,49126,49126
17512,49127,49127
17513,49128,49128
17514,49129,49129
17515,49130,49130
17516,49131,49131
17517,49132,49132
17518,49133,49133
17519,26135,26135
17520,49135,49135
17521,49136,49136
17522,49137,49137
17523,49138,49138
17524,49139,49139
17525,6364,6364
17526,26214,26214
17527,10393,10393
17528,10596,10596
17529,49144,49144
17530,28364,28364
17531,49146,49146
17532,49147,49147
17533,49148,49148
17534,49149,49149
17535,49150,49150
17536,10341,10341
17537,26203,26203
17538,6480,6480
17539,11078,11078
17540,26102,26102
17541,26103,26103
17542,49157,49157
17543,49158,49158
17544,26106,26106
17545,26107,26107
17546,26108,26108
17547,26109,26109
17548,26110,26110
17549,26111,26111
17550,26172,26172
17551,49166,49166
17552,10407,10407
17553,49168,49168
17554,49169,49169
17555,24009,24009
17556,49171,49171
17557,49172,49172
17558,26198,26198
17559,49174,49174
17560,49175,49175
17561,49176,49176
17562,49177,49177
17563,6403,6403
17564,49179,49179
17565,10623,10623
17566,26202,26202
17567,49182,49182
17568,49183,49183
17569,49184,49184
17570,49185,49185
17571,49186,49186
17572,11094,11094
17573,26199,26199
17574,26200,26200
17575,49190,49190
17576,24147,24147
17577,49192,49192
17578,26204,26204
17579,6433,6433
17580,49195,49195
17581,49196,49196
17582,26353,26353
17583,26354,26354
17584,26344,26344
17585,26356,26356
17586,27140,27140
17587,26358,26358
17588,26359,26359
17589,26360,26360
17590,26361,26361
17591,26351,26351
17592,26352,26352
17593,28871,28871
17594,24882,24882
17595,49210,49210
17596,49211,49211
17597,49234,49234
17598,49213,49213
17599,13314,13314
17600,26058,26058
17601,26059,26059
17602,10108,10108
17603,22167,22167
17604,26073,26073
17605,10165,10165
17606,26064,26064
17607,26065,26065
17608,49212,49212
17609,49224,49224
17610,26068,26068
17611,49226,49226
17612,26070,26070
17613,11245,11245
17614,26050,26050
17615,50432,50432
17616,26074,26074
17617,26075,26075
17618,26076,26076
17619,13847,13847
17620,49235,49235
17621,11874,11874
17622,13914,13914
17623,27248,27248
17624,26060,26060
17625,26871,26871
17626,26062,26062
17627,11305,11305
17628,11901,11901
17629,26899,26899
17630,49245,49245
17631,49246,49246
17632,51338,51338
17633,49248,49248
17634,27391,27391
17635,27392,27392
17636,27389,27389
17637,27302,27302
17638,28277,28277
17639,49250,49250
17640,27407,27407
17641,27453,27453
17642,49257,49257
17643,17021,17021
17644,14261,14261
17645,22387,22387
17646,14315,14315
17647,22395,22395
17648,22399,22399
17649,14281,14281
17650,14331,14331
17651,14335,14335
17652,14339,14339
17653,14343,14343
17654,27863,27863
17655,27864,27864
17656,27865,27865
17657,27866,27866
17658,27867,27867
17659,27868,27868
17660,27869,27869
17661,27870,27870
17662,27871,27871
17663,27872,27872
17664,27873,27873
17665,49280,49280
17666,27619,27619
17667,27960,27960
17668,14743,14743
17669,49284,49284
17670,49285,49285
17671,12725,12725
17672,17225,17225
17673,49288,49288
17674,24175,24175
17675,26346,26346
17676,49291,49291
17677,28348,28348
17678,9152,9152
17679,14578,14578
17680,49295,49295
17681,49296,49296
17682,27183,27183
17683,49298,49298
17684,49299,49299
17685,33573,33573
17686,49301,49301
17687,49302,49302
17688,49303,49303
17689,17968,17968
17690,49468,49468
17691,29106,29106
17692,27985,27985
17693,29434,29434
17694,29435,29435
17695,14894,14894
17696,41393,41393
17697,29276,29276
17698,19145,19145
17699,49314,49314
17700,13982,13982
17701,28332,28332
17702,28241,28241
17703,23926,23926
17704,24441,24441
17705,28256,28256
17706,28337,28337
17707,28015,28015
17708,47328,47328
17709,48230,48230
17710,28238,28238
17711,28155,28155
17712,28156,28156
17713,28157,28157
17714,49329,49329
17715,49330,49330
17716,49331,49331
17717,49332,49332
17718,49333,49333
17719,49334,49334
17720,49335,49335
17721,28280,28280
17722,28173,28173
17723,15513,15513
17724,49339,49339
17725,28284,28284
17726,48752,48752
17727,49342,49342
17728,49343,49343
17729,49344,49344
17730,15540,15540
17731,37118,37118
17732,47137,47137
17733,2306,2306
17734,2711,2711
17735,28314,28314
17736,15546,15546
17737,15477,15477
17738,2738,2738
17739,15491,15491
17740,49355,49355
17741,14495,14495
17742,28132,28132
17743,29136,29136
17744,23946,23946
17745,28183,28183
17746,32594,32594
17747,24443,24443
17748,13276,13276
17749,7729,7729
17750,26398,26398
17751,28430,28430
17752,28431,28431
17753,28432,28432
17754,28433,28433
17755,28434,28434
17756,28435,28435
17757,28436,28436
17758,28437,28437
17759,28438,28438
17760,28439,28439
17761,28440,28440
17762,28478,28478
17763,28479,28479
17764,28480,28480
17765,28481,28481
17766,28482,28482
17767,28483,28483
17768,28484,28484
17769,28485,28485
17770,28486,28486
17771,28487,28487
17772,28488,28488
17773,28490,28490
17774,28491,28491
17775,28492,28492
17776,28493,28493
17777,28494,28494
17778,28495,28495
17779,28496,28496
17780,28497,28497
17781,28498,28498
17782,28499,28499
17783,28500,28500
17784,28502,28502
17785,28503,28503
17786,28504,28504
17787,28505,28505
17788,28511,28511
17789,28512,28512
17790,28513,28513
17791,28514,28514
17792,28515,28515
17793,28516,28516
17794,28517,28517
17795,28552,28552
17796,28553,28553
17797,28554,28554
17798,28555,28555
17799,28556,28556
17800,28557,28557
17801,28558,28558
17802,28559,28559
17803,28560,28560
17804,28561,28561
17805,28562,28562
17806,28563,28563
17807,28564,28564
17808,28565,28565
17809,28566,28566
17810,28567,28567
17811,28568,28568
17812,28569,28569
17813,28570,28570
17814,28571,28571
17815,28572,28572
17816,28573,28573
17817,28530,28530
17818,28531,28531
17819,28532,28532
17820,28533,28533
17821,28534,28534
17822,28535,28535
17823,28536,28536
17824,28537,28537
17825,28538,28538
17826,28539,28539
17827,28540,28540
17828,28599,28599
17829,48603,48603
17830,28577,28577
17831,28602,28602
17832,28579,28579
17833,28592,28592
17834,28617,28617
17835,28582,28582
17836,28583,28583
17837,28620,28620
17838,28585,28585
17839,28634,28634
17840,28635,28635
17841,28636,28636
17842,28637,28637
17843,28638,28638
17844,28639,28639
17845,28640,28640
17846,28641,28641
17847,28642,28642
17848,28643,28643
17849,28644,28644
17850,28786,28786
17851,49466,49466
17852,28788,28788
17853,28789,28789
17854,28790,28790
17855,28791,28791
17856,28792,28792
17857,28793,28793
17858,28794,28794
17859,28795,28795
17860,28796,28796
17861,28797,28797
17862,49477,49477
17863,49478,49478
17864,49479,49479
17865,49480,49480
17866,49481,49481
17867,49482,49482
17868,49483,49483
17869,49484,49484
17870,49485,49485
17871,49486,49486
17872,49487,49487
17873,23449,23449
17874,49489,49489
17875,49490,49490
17876,49491,49491
17877,49492,49492
17878,49493,49493
17879,49494,49494
17880,44386,44386
17881,49496,49496
17882,49497,49497
17883,49498,49498
17884,49499,49499
17885,28821,28821
17886,28822,28822
17887,28823,28823
17888,28824,28824
17889,28825,28825
17890,28826,28826
17891,28827,28827
17892,28828,28828
17893,28829,28829
17894,28830,28830
17895,28831,28831
17896,28775,28775
17897,28776,28776
17898,28777,28777
17899,28778,28778
17900,28779,28779
17901,28780,28780
17902,28781,28781
17903,28782,28782
17904,28783,28783
17905,28784,28784
17906,28785,28785
17907,49522,49522
17908,49523,49523
17909,49524,49524
17910,57811,57811
17911,49526,49526
17912,49527,49527
17913,49528,49528
17914,49529,49529
17915,49530,49530
17916,49531,49531
17917,49532,49532
17918,15949,15949
17919,49534,49534
17920,51510,51510
17921,8269,8269
17922,24159,24159
17923,29090,29090
17924,45346,45346
17925,32112,32112
17926,29091,29091
17927,8130,8130
17928,49543,49543
17929,49544,49544
17930,49545,49545
17931,49546,49546
17932,49547,49547
17933,49548,49548
17934,49549,49549
17935,49550,49550
17936,49551,49551
17937,49552,49552
17938,49553,49553
17939,49554,49554
17940,49555,49555
17941,49556,49556
17942,49557,49557
17943,49558,49558
17944,49559,49559
17945,49560,49560
17946,49561,49561
17947,49562,49562
17948,29142,29142
17949,49564,49564
17950,49565,49565
17951,49566,49566
17952,2494,2494
17953,49568,49568
17954,49569,49569
17955,49570,49570
17956,49571,49571
17957,49572,49572
17958,51585,51585
17959,29266,29266
17960,26195,26195
17961,49576,49576
17962,49577,49577
17963,29573,29573
17964,49579,49579
17965,49580,49580
17966,49581,49581
17967,29108,29108
17968,49583,49583
17969,49584,49584
17970,49585,49585
17971,29237,29237
17972,49587,49587
17973,49588,49588
17974,49589,49589
17975,49590,49590
17976,49591,49591
17977,49592,49592
17978,49593,49593
17979,49594,49594
17980,49595,49595
17981,29130,29130
17982,49597,49597
17983,49598,49598
17984,49599,49599
17985,12845,12845
17986,49601,49601
17987,49602,49602
17988,49603,49603
17989,49604,49604
17990,17762,17762
17991,49606,49606
17992,29258,29258
17993,16396,16396
17994,16583,16583
17995,49610,49610
17996,16466,16466
17997,49612,49612
17998,49613,49613
17999,49614,49614
18000,14297,14297
18001,15947,15947
18002,49617,49617
18003,47566,47566
18004,49619,49619
18005,22113,22113
18006,49621,49621
18007,16943,16943
18008,49623,49623
18009,49624,49624
18010,49625,49625
18011,29846,29846
18012,49696,49696
18013,49628,49628
18014,49629,49629
18015,29270,29270
18016,29183,29183
18017,12521,12521
18018,16537,16537
18019,49634,49634
18020,49635,49635
18021,1656,1656
18022,29158,29158
18023,29515,29515
18024,8836,8836
18025,49640,49640
18026,49641,49641
18027,57369,57369
18028,17422,17422
18029,29421,29421
18030,51607,51607
18031,49646,49646
18032,26613,26613
18033,49739,49739
18034,29445,29445
18035,17688,17688
18036,30134,30134
18037,17280,17280
18038,49653,49653
18039,49654,49654
18040,49655,49655
18041,49656,49656
18042,49657,49657
18043,29405,29405
18044,49659,49659
18045,49660,49660
18046,389,389
18047,8406,8406
18048,29300,29300
18049,29516,29516
18050,49665,49665
18051,29518,29518
18052,49667,49667
18053,49668,49668
18054,29360,29360
18055,49670,49670
18056,49671,49671
18057,28271,28271
18058,49673,49673
18059,29377,29377
18060,17764,17764
18061,22158,22158
18062,22602,22602
18063,29381,29381
18064,18760,18760
18065,29576,29576
18066,29384,29384
18067,17371,17371
18068,29386,29386
18069,13900,13900
18070,47617,47617
18071,29527,29527
18072,49687,49687
18073,49173,49173
18074,3303,3303
18075,9041,9041
18076,29532,29532
18077,49692,49692
18078,23845,23845
18079,22961,22961
18080,49695,49695
18081,49652,49652
18082,49293,49293
18083,47195,47195
18084,42578,42578
18085,18088,18088
18086,18134,18134
18087,3435,3435
18088,49703,49703
18089,49704,49704
18090,29430,29430
18091,35823,35823
18092,29354,29354
18093,43076,43076
18094,17258,17258
18095,20608,20608
18096,29358,29358
18097,26846,26846
18098,28390,28390
18099,4035,4035
18100,17971,17971
18101,3866,3866
18102,18291,18291
18103,29825,29825
18104,51588,51588
18105,49720,49720
18106,49721,49721
18107,49722,49722
18108,23482,23482
18109,12475,12475
18110,29460,29460
18111,29849,29849
18112,29462,29462
18113,44047,44047
18114,40877,40877
18115,3509,3509
18116,29466,29466
18117,29467,29467
18118,49193,49193
18119,29113,29113
18120,49735,49735
18121,49736,49736
18122,49737,49737
18123,49738,49738
18124,17701,17701
18125,51620,51620
18126,19151,19151
18127,8405,8405
18128,24166,24166
18129,2294,2294
18130,29860,29860
18131,29432,29432
18132,29366,29366
18133,8516,8516
18134,29338,29338
18135,51587,51587
18136,29340,29340
18137,49752,49752
18138,29167,29167
18139,18116,18116
18140,29344,29344
18141,29539,29539
18142,49757,49757
18143,29541,29541
18144,49759,49759
18145,45271,45271
18146,49761,49761
18147,49762,49762
18148,49763,49763
18149,29558,29558
18150,29476,29476
18151,8508,8508
18152,23834,23834
18153,29828,29828
18154,32058,32058
18155,4257,4257
18156,13074,13074
18157,49772,49772
18158,49773,49773
18159,49774,49774
18160,49775,49775
18161,49776,49776
18162,49777,49777
18163,29412,29412
18164,4965,4965
18165,27120,27120
18166,49781,49781
18167,49782,49782
18168,49783,49783
18169,49784,49784
18170,49785,49785
18171,49706,49706
18172,29316,29316
18173,29336,29336
18174,49789,49789
18175,1675,1675
18176,15797,15797
18177,3049,3049
18178,21042,21042
18179,29566,29566
18180,14137,14137
18181,27979,27979
18182,51612,51612
18183,49798,49798
18184,49799,49799
18185,49800,49800
18186,30133,30133
18187,49802,49802
18188,17456,17456
18189,49804,49804
18190,49805,49805
18191,49806,49806
18192,49807,49807
18193,49808,49808
18194,29615,29615
18195,29433,29433
18196,29617,29617
18197,29618,29618
18198,29619,29619
18199,29620,29620
18200,29621,29621
18201,22035,22035
18202,29623,29623
18203,29624,29624
18204,29625,29625
18205,29626,29626
18206,18390,18390
18207,29628,29628
18208,29629,29629
18209,29630,29630
18210,29631,29631
18211,29632,29632
18212,29633,29633
18213,29634,29634
18214,29635,29635
18215,29636,29636
18216,29637,29637
18217,12794,12794
18218,29639,29639
18219,29640,29640
18220,29641,29641
18221,29642,29642
18222,29643,29643
18223,29644,29644
18224,29645,29645
18225,29646,29646
18226,29647,29647
18227,29648,29648
18228,18478,18478
18229,29650,29650
18230,29651,29651
18231,29652,29652
18232,29653,29653
18233,29654,29654
18234,29655,29655
18235,29656,29656
18236,29657,29657
18237,29658,29658
18238,29659,29659
18239,18258,18258
18240,18568,18568
18241,29662,29662
18242,29663,29663
18243,29664,29664
18244,29665,29665
18245,29666,29666
18246,29667,29667
18247,29668,29668
18248,29669,29669
18249,29670,29670
18250,17947,17947
18251,18658,18658
18252,29673,29673
18253,29674,29674
18254,29675,29675
18255,29676,29676
18256,29677,29677
18257,29678,29678
18258,29679,29679
18259,29680,29680
18260,29681,29681
18261,29649,29649
18262,29683,29683
18263,29684,29684
18264,29685,29685
18265,29686,29686
18266,29687,29687
18267,29688,29688
18268,29689,29689
18269,29690,29690
18270,29691,29691
18271,29692,29692
18272,29693,29693
18273,29694,29694
18274,29695,29695
18275,29696,29696
18276,29697,29697
18277,29698,29698
18278,29699,29699
18279,29700,29700
18280,29701,29701
18281,29702,29702
18282,29703,29703
18283,29704,29704
18284,29705,29705
18285,29706,29706
18286,29707,29707
18287,29708,29708
18288,29709,29709
18289,29710,29710
18290,29711,29711
18291,29712,29712
18292,29713,29713
18293,29582,29582
18294,22819,22819
18295,29584,29584
18296,29585,29585
18297,29586,29586
18298,29587,29587
18299,23742,23742
18300,60032,60032
18301,29590,29590
18302,29591,29591
18303,22575,22575
18304,49919,49919
18305,49920,49920
18306,49921,49921
18307,18754,18754
18308,49923,49923
18309,49924,49924
18310,49925,49925
18311,49926,49926
18312,49927,49927
18313,3546,3546
18314,49929,49929
18315,29747,29747
18316,29759,29759
18317,49932,49932
18318,29750,29750
18319,29751,29751
18320,29752,29752
18321,29753,29753
18322,29754,29754
18323,29755,29755
18324,29756,29756
18325,29757,29757
18326,29758,29758
18327,18790,18790
18328,21875,21875
18329,29761,29761
18330,29762,29762
18331,29763,29763
18332,29764,29764
18333,29765,29765
18334,29766,29766
18335,29767,29767
18336,29768,29768
18337,29769,29769
18338,29770,29770
18339,29804,29804
18340,29772,29772
18341,29773,29773
18342,29774,29774
18343,29775,29775
18344,29776,29776
18345,29777,29777
18346,29778,29778
18347,29779,29779
18348,29780,29780
18349,29781,29781
18350,18747,18747
18351,29783,29783
18352,29784,29784
18353,29785,29785
18354,29786,29786
18355,29787,29787
18356,29788,29788
18357,29789,29789
18358,29790,29790
18359,29791,29791
18360,29792,29792
18361,49976,49976
18362,29794,29794
18363,29795,29795
18364,29796,29796
18365,29797,29797
18366,29798,29798
18367,29799,29799
18368,29800,29800
18369,29801,29801
18370,29802,29802
18371,29803,29803
18372,49987,49987
18373,29805,29805
18374,49989,49989
18375,29807,29807
18376,29808,29808
18377,29809,29809
18378,29810,29810
18379,29811,29811
18380,29812,29812
18381,18324,18324
18382,57602,57602
18383,19059,19059
18384,29728,29728
18385,9466,9466
18386,12369,12369
18387,18812,18812
18388,18990,18990
18389,29722,29722
18390,18778,18778
18391,29724,29724
18392,50007,50007
18393,50008,50008
18394,50009,50009
18395,50010,50010
18396,50011,50011
18397,50012,50012
18398,19654,19654
18399,50014,50014
18400,50015,50015
18401,50016,50016
18402,50017,50017
18403,23496,23496
18404,50019,50019
18405,50020,50020
18406,23508,23508
18407,23512,23512
18408,19700,19700
18409,29853,29853
18410,19566,19566
18411,23528,23528
18412,29856,29856
18413,19270,19270
18414,29858,29858
18415,50030,50030
18416,46225,46225
18417,29861,29861
18418,19333,19333
18419,50034,50034
18420,18811,18811
18421,9146,9146
18422,29866,29866
18423,29867,29867
18424,19314,19314
18425,29869,29869
18426,50041,50041
18427,19326,19326
18428,29872,29872
18429,29873,29873
18430,50045,50045
18431,29875,29875
18432,29876,29876
18433,29877,29877
18434,29878,29878
18435,19358,19358
18436,29880,29880
18437,50052,50052
18438,50053,50053
18439,29883,29883
18440,19422,19422
18441,19514,19514
18442,29886,29886
18443,50058,50058
18444,29888,29888
18445,29889,29889
18446,19402,19402
18447,29891,29891
18448,29914,29914
18449,19414,19414
18450,19420,19420
18451,23514,23514
18452,50067,50067
18453,29897,29897
18454,43957,43957
18455,29899,29899
18456,8583,8583
18457,19446,19446
18458,29902,29902
18459,13224,13224
18460,50075,50075
18461,29905,29905
18462,28099,28099
18463,29918,29918
18464,29908,29908
18465,46158,46158
18466,29910,29910
18467,56552,56552
18468,23538,23538
18469,29913,29913
18470,29870,29870
18471,50086,50086
18472,29916,29916
18473,29917,29917
18474,50089,50089
18475,3313,3313
18476,13042,13042
18477,29921,29921
18478,29922,29922
18479,19534,19534
18480,29924,29924
18481,50096,50096
18482,50097,50097
18483,19550,19550
18484,19377,19377
18485,19470,19470
18486,7205,7205
18487,50102,50102
18488,29932,29932
18489,50104,50104
18490,19578,19578
18491,29935,29935
18492,50107,50107
18493,50108,50108
18494,19418,19418
18495,19334,19334
18496,19379,19379
18497,23520,23520
18498,43210,43210
18499,29943,29943
18500,9135,9135
18501,19622,19622
18502,29485,29485
18503,50118,50118
18504,50119,50119
18505,45783,45783
18506,19554,19554
18507,21892,21892
18508,17140,17140
18509,22913,22913
18510,23530,23530
18511,19266,19266
18512,23536,23536
18513,50128,50128
18514,50129,50129
18515,50130,50130
18516,50131,50131
18517,50132,50132
18518,50133,50133
18519,50134,50134
18520,50135,50135
18521,50136,50136
18522,50137,50137
18523,50138,50138
18524,29946,29946
18525,29980,29980
18526,29981,29981
18527,29982,29982
18528,29950,29950
18529,19873,19873
18530,50145,50145
18531,19209,19209
18532,30042,30042
18533,29988,29988
18534,29989,29989
18535,29990,29990
18536,29991,29991
18537,30003,30003
18538,29993,29993
18539,29994,29994
18540,29995,29995
18541,50156,50156
18542,19837,19837
18543,29998,29998
18544,29999,29999
18545,30000,30000
18546,30001,30001
18547,30002,30002
18548,19906,19906
18549,30004,30004
18550,30005,30005
18551,19964,19964
18552,50167,50167
18553,19969,19969
18554,30009,30009
18555,30010,30010
18556,30011,30011
18557,30012,30012
18558,30013,30013
18559,30036,30036
18560,30015,30015
18561,30016,30016
18562,20023,20023
18563,50178,50178
18564,30019,30019
18565,30020,30020
18566,30021,30021
18567,30022,30022
18568,30023,30023
18569,30024,30024
18570,30025,30025
18571,30026,30026
18572,30027,30027
18573,29984,29984
18574,50189,50189
18575,12082,12082
18576,30031,30031
18577,30032,30032
18578,30033,30033
18579,30034,30034
18580,30035,30035
18581,19648,19648
18582,30037,30037
18583,30038,30038
18584,19744,19744
18585,50200,50200
18586,19925,19925
18587,9034,9034
18588,30043,30043
18589,30044,30044
18590,19632,19632
18591,18922,18922
18592,23504,23504
18593,22874,22874
18594,47770,47770
18595,29954,29954
18596,50211,50211
18597,29975,29975
18598,50213,50213
18599,50214,50214
18600,1693,1693
18601,29094,29094
18602,16389,16389
18603,20074,20074
18604,20122,20122
18605,22652,22652
18606,20132,20132
18607,20090,20090
18608,20140,20140
18609,20144,20144
18610,20148,20148
18611,22676,22676
18612,18742,18742
18613,30045,30045
18614,30046,30046
18615,30047,30047
18616,20176,20176
18617,20180,20180
18618,20184,20184
18619,20188,20188
18620,4043,4043
18621,30177,30177
18622,50237,50237
18623,20256,20256
18624,20260,20260
18625,20264,20264
18626,20268,20268
18627,20272,20272
18628,20276,20276
18629,20280,20280
18630,20282,20282
18631,20286,20286
18632,20290,20290
18633,20296,20296
18634,50249,50249
18635,50250,50250
18636,50251,50251
18637,30078,30078
18638,30079,30079
18639,47896,47896
18640,26232,26232
18641,4099,4099
18642,30083,30083
18643,30084,30084
18644,30085,30085
18645,30086,30086
18646,48143,48143
18647,50262,50262
18648,8054,8054
18649,24857,24857
18650,50265,50265
18651,30074,30074
18652,4261,4261
18653,21986,21986
18654,50269,50269
18655,30066,30066
18656,24574,24574
18657,51424,51424
18658,50273,50273
18659,50285,50285
18660,50275,50275
18661,50276,50276
18662,30204,30204
18663,20655,20655
18664,4254,4254
18665,50280,50280
18666,50281,50281
18667,50282,50282
18668,50283,50283
18669,50284,50284
18670,30136,30136
18671,50286,50286
18672,50287,50287
18673,27069,27069
18674,50289,50289
18675,50290,50290
18676,50291,50291
18677,50292,50292
18678,50293,50293
18679,50294,50294
18680,30112,30112
18681,44468,44468
18682,26842,26842
18683,22879,22879
18684,29896,29896
18685,30141,30141
18686,30229,30229
18687,30143,30143
18688,48088,48088
18689,21091,21091
18690,50305,50305
18691,50306,50306
18692,30149,30149
18693,30150,30150
18694,4159,4159
18695,8726,8726
18696,30142,30142
18697,30165,30165
18698,51472,51472
18699,24142,24142
18700,50315,50315
18701,31091,31091
18702,20558,20558
18703,26472,26472
18704,27106,27106
18705,4156,4156
18706,30228,30228
18707,20703,20703
18708,30230,30230
18709,29363,29363
18710,24753,24753
18711,50326,50326
18712,30234,30234
18713,29161,29161
18714,24180,24180
18715,10237,10237
18716,4265,4265
18717,50332,50332
18718,50333,50333
18719,50334,50334
18720,6771,6771
18721,50336,50336
18722,30289,30289
18723,30290,30290
18724,30291,30291
18725,30292,30292
18726,30293,30293
18727,30294,30294
18728,30295,30295
18729,30296,30296
18730,30297,30297
18731,30298,30298
18732,30299,30299
18733,30300,30300
18734,30301,30301
18735,30302,30302
18736,30303,30303
18737,30304,30304
18738,30305,30305
18739,30306,30306
18740,30307,30307
18741,30308,30308
18742,30309,30309
18743,30310,30310
18744,30311,30311
18745,30312,30312
18746,30313,30313
18747,30314,30314
18748,30315,30315
18749,30316,30316
18750,30317,30317
18751,30318,30318
18752,30319,30319
18753,30320,30320
18754,30321,30321
18755,30322,30322
18756,30323,30323
18757,30324,30324
18758,30325,30325
18759,30326,30326
18760,30327,30327
18761,30328,30328
18762,30329,30329
18763,30330,30330
18764,30331,30331
18765,30332,30332
18766,30333,30333
18767,30334,30334
18768,30335,30335
18769,30336,30336
18770,30337,30337
18771,30338,30338
18772,30339,30339
18773,30340,30340
18774,30341,30341
18775,30342,30342
18776,30343,30343
18777,35237,35237
18778,30345,30345
18779,30346,30346
18780,30347,30347
18781,30348,30348
18782,30349,30349
18783,30350,30350
18784,30351,30351
18785,30352,30352
18786,30353,30353
18787,30354,30354
18788,30278,30278
18789,27989,27989
18790,43879,43879
18791,45520,45520
18792,30381,30381
18793,30261,30261
18794,30383,30383
18795,30384,30384
18796,30385,30385
18797,2941,2941
18798,16873,16873
18799,30344,30344
18800,30279,30279
18801,30280,30280
18802,30281,30281
18803,30282,30282
18804,30283,30283
18805,30284,30284
18806,30285,30285
18807,30286,30286
18808,30287,30287
18809,30288,30288
18810,50425,50425
18811,47836,47836
18812,21447,21447
18813,30225,30225
18814,24060,24060
18815,30162,30162
18816,50431,50431
18817,24183,24183
18818,50433,50433
18819,24185,24185
18820,50435,50435
18821,30388,30388
18822,30389,30389
18823,30390,30390
18824,30391,30391
18825,30392,30392
18826,30393,30393
18827,30394,30394
18828,30395,30395
18829,30396,30396
18830,16118,16118
18831,30398,30398
18832,30399,30399
18833,30400,30400
18834,30401,30401
18835,30402,30402
18836,30403,30403
18837,30404,30404
18838,30405,30405
18839,30406,30406
18840,30407,30407
18841,30408,30408
18842,30409,30409
18843,30410,30410
18844,30411,30411
18845,30412,30412
18846,30413,30413
18847,30414,30414
18848,30415,30415
18849,30416,30416
18850,30417,30417
18851,30418,30418
18852,30419,30419
18853,30420,30420
18854,30421,30421
18855,30422,30422
18856,30423,30423
18857,30424,30424
18858,30425,30425
18859,30426,30426
18860,30427,30427
18861,30428,30428
18862,30429,30429
18863,30430,30430
18864,30431,30431
18865,30432,30432
18866,30433,30433
18867,30434,30434
18868,30435,30435
18869,30436,30436
18870,30437,30437
18871,30438,30438
18872,30439,30439
18873,30440,30440
18874,30441,30441
18875,30442,30442
18876,30443,30443
18877,30444,30444
18878,30445,30445
18879,30446,30446
18880,30447,30447
18881,30448,30448
18882,30449,30449
18883,30450,30450
18884,30451,30451
18885,30452,30452
18886,30453,30453
18887,30355,30355
18888,42662,42662
18889,22821,22821
18890,30358,30358
18891,22701,22701
18892,30360,30360
18893,30262,30262
18894,10044,10044
18895,47879,47879
18896,12039,12039
18897,8910,8910
18898,50513,50513
18899,50514,50514
18900,24870,24870
18901,4491,4491
18902,50517,50517
18903,50518,50518
18904,50519,50519
18905,50520,50520
18906,9612,9612
18907,50522,50522
18908,4765,4765
18909,50524,50524
18910,31222,31222
18911,51980,51980
18912,9825,9825
18913,30598,30598
18914,30471,30471
18915,30472,30472
18916,31074,31074
18917,30474,30474
18918,30475,30475
18919,24619,24619
18920,30949,30949
18921,50536,50536
18922,50537,50537
18923,30893,30893
18924,30894,30894
18925,30930,30930
18926,30896,30896
18927,30730,30730
18928,30731,30731
18929,30732,30732
18930,30733,30733
18931,30734,30734
18932,30511,30511
18933,50548,50548
18934,30513,30513
18935,50550,50550
18936,50551,50551
18937,50552,50552
18938,50553,50553
18939,50554,50554
18940,50555,50555
18941,50556,50556
18942,50557,50557
18943,50558,50558
18944,50559,50559
18945,50560,50560
18946,30560,30560
18947,30526,30526
18948,30538,30538
18949,30528,30528
18950,30529,30529
18951,30530,30530
18952,30531,30531
18953,30532,30532
18954,30533,30533
18955,30534,30534
18956,30535,30535
18957,30548,30548
18958,30572,30572
18959,30562,30562
18960,9593,9593
18961,30575,30575
18962,30576,30576
18963,30577,30577
18964,30578,30578
18965,30579,30579
18966,30580,30580
18967,30581,30581
18968,30595,30595
18969,30561,30561
18970,30573,30573
18971,30563,30563
18972,30564,30564
18973,30565,30565
18974,30566,30566
18975,30567,30567
18976,30568,30568
18977,30569,30569
18978,30570,30570
18979,50594,50594
18980,49004,49004
18981,30630,30630
18982,30597,30597
18983,30586,30586
18984,30633,30633
18985,30611,30611
18986,30612,30612
18987,30613,30613
18988,30614,30614
18989,30615,30615
18990,30639,30639
18991,31388,31388
18992,30629,30629
18993,30596,30596
18994,24859,24859
18995,30470,30470
18996,30599,30599
18997,30600,30600
18998,30601,30601
18999,30602,30602
19000,30603,30603
19001,30604,30604
19002,31147,31147
19003,30618,30618
19004,30607,30607
19005,30608,30608
19006,2981,2981
19007,30610,30610
19008,50997,50997
19009,31228,31228
19010,30840,30840
19011,31269,31269
19012,31270,31270
19013,30616,30616
19014,50629,50629
19015,30664,30664
19016,30665,30665
19017,30654,30654
19018,30644,30644
19019,9860,9860
19020,30657,30657
19021,30658,30658
19022,30659,30659
19023,30660,30660
19024,30661,30661
19025,30685,30685
19026,30904,30904
19027,50642,50642
19028,30677,30677
19029,30655,30655
19030,30679,30679
19031,30692,30692
19032,30693,30693
19033,30694,30694
19034,30695,30695
19035,30684,30684
19036,30662,30662
19037,50652,50652
19038,30699,30699
19039,30711,30711
19040,30701,30701
19041,30678,30678
19042,30714,30714
19043,4539,4539
19044,23348,23348
19045,9564,9564
19046,9478,9478
19047,9566,9566
19048,24632,24632
19049,50664,50664
19050,30710,30710
19051,30700,30700
19052,30712,30712
19053,30702,30702
19054,30703,30703
19055,30704,30704
19056,30705,30705
19057,30706,30706
19058,30707,30707
19059,30708,30708
19060,30709,30709
19061,50676,50676
19062,30725,30725
19063,30737,30737
19064,30727,30727
19065,30481,30481
19066,24902,24902
19067,31266,31266
19068,31279,31279
19069,30485,30485
19070,31305,31305
19071,26371,26371
19072,30720,30720
19073,30736,30736
19074,30726,30726
19075,52062,52062
19076,31040,31040
19077,2986,2986
19078,2212,2212
19079,27987,27987
19080,51091,51091
19081,31338,31338
19082,30510,30510
19083,30735,30735
19084,50699,50699
19085,50700,50700
19086,30916,30916
19087,30753,30753
19088,9472,9472
19089,4805,4805
19090,30741,30741
19091,30742,30742
19092,30743,30743
19093,30744,30744
19094,30745,30745
19095,9477,9477
19096,50711,50711
19097,50712,50712
19098,30752,30752
19099,24848,24848
19100,30754,30754
19101,30755,30755
19102,28909,28909
19103,9668,9668
19104,28900,28900
19105,29064,29064
19106,29065,29065
19107,30761,30761
19108,30775,30775
19109,30776,30776
19110,30777,30777
19111,31392,31392
19112,30779,30779
19113,30780,30780
19114,30781,30781
19115,30782,30782
19116,30783,30783
19117,30784,30784
19118,30785,30785
19119,30926,30926
19120,50549,50549
19121,30502,30502
19122,30515,30515
19123,30895,30895
19124,30517,30517
19125,30944,30944
19126,30945,30945
19127,30946,30946
19128,30947,30947
19129,30948,30948
19130,30902,30902
19131,48912,48912
19132,30810,30810
19133,30823,30823
19134,30812,30812
19135,30813,30813
19136,30814,30814
19137,30815,30815
19138,30816,30816
19139,30817,30817
19140,30818,30818
19141,30819,30819
19142,30832,30832
19143,30833,30833
19144,30834,30834
19145,30835,30835
19146,4841,4841
19147,30271,30271
19148,50763,50763
19149,30507,30507
19150,52056,52056
19151,30841,30841
19152,30842,30842
19153,9764,9764
19154,30844,30844
19155,30845,30845
19156,30846,30846
19157,30847,30847
19158,30848,30848
19159,30837,30837
19160,30838,30838
19161,30839,30839
19162,30852,30852
19163,30853,30853
19164,30854,30854
19165,30855,30855
19166,30857,30857
19167,30858,30858
19168,30859,30859
19169,30860,30860
19170,31393,31393
19171,30850,30850
19172,30851,30851
19173,30864,30864
19174,30865,30865
19175,30866,30866
19176,30867,30867
19177,30868,30868
19178,30869,30869
19179,30870,30870
19180,4583,4583
19181,30872,30872
19182,30861,30861
19183,30862,30862
19184,30863,30863
19185,30876,30876
19186,30637,30637
19187,30638,30638
19188,30879,30879
19189,30880,30880
19190,30881,30881
19191,30882,30882
19192,30871,30871
19193,30884,30884
19194,30873,30873
19195,30874,30874
19196,30875,30875
19197,30888,30888
19198,30877,30877
19199,30878,30878
19200,30891,30891
19201,31024,31024
19202,31025,31025
19203,30951,30951
19204,30883,30883
19205,31105,31105
19206,30885,30885
19207,30886,30886
19208,30887,30887
19209,26347,26347
19210,30889,30889
19211,30890,30890
19212,46938,46938
19213,52119,52119
19214,30905,30905
19215,30917,30917
19216,9910,9910
19217,30919,30919
19218,30920,30920
19219,30921,30921
19220,30922,30922
19221,30923,30923
19222,30924,30924
19223,30925,30925
19224,51978,51978
19225,30939,30939
19226,30928,30928
19227,30941,30941
19228,30766,30766
19229,4807,4807
19230,50845,50845
19231,9562,9562
19232,24629,24629
19233,9751,9751
19234,31340,31340
19235,31020,31020
19236,50851,50851
19237,31037,31037
19238,30940,30940
19239,30987,30987
19240,51019,51019
19241,31129,31129
19242,51021,51021
19243,30979,30979
19244,9762,9762
19245,30981,30981
19246,30982,30982
19247,52048,52048
19248,50863,50863
19249,50864,50864
19250,27186,27186
19251,4840,4840
19252,9651,9651
19253,30977,30977
19254,50869,50869
19255,31002,31002
19256,50871,50871
19257,50872,50872
19258,50873,50873
19259,50874,50874
19260,50875,50875
19261,50876,50876
19262,49038,49038
19263,31012,31012
19264,9745,9745
19265,31014,31014
19266,24192,24192
19267,11596,11596
19268,30980,30980
19269,24606,24606
19270,51360,51360
19271,24608,24608
19272,50887,50887
19273,50888,50888
19274,31038,31038
19275,40405,40405
19276,31028,31028
19277,31000,31000
19278,50893,50893
19279,4844,4844
19280,31003,31003
19281,24618,24618
19282,31306,31306
19283,9984,9984
19284,50899,50899
19285,50900,50900
19286,26341,26341
19287,31224,31224
19288,25228,25228
19289,31041,31041
19290,50927,50927
19291,31016,31016
19292,31017,31017
19293,31045,31045
19294,31046,31046
19295,9880,9880
19296,4918,4918
19297,31026,31026
19298,27469,27469
19299,31140,31140
19300,4085,4085
19301,9474,9474
19302,31031,31031
19303,31032,31032
19304,9666,9666
19305,31034,31034
19306,51153,51153
19307,30501,30501
19308,9731,9731
19309,9871,9871
19310,24849,24849
19311,31072,31072
19312,40537,40537
19313,52033,52033
19314,31044,31044
19315,31076,31076
19316,9832,9832
19317,30843,30843
19318,31148,31148
19319,50934,50934
19320,50935,50935
19321,50936,50936
19322,31177,31177
19323,50938,50938
19324,50950,50950
19325,50940,50940
19326,24854,24854
19327,50942,50942
19328,50966,50966
19329,50944,50944
19330,50945,50945
19331,50946,50946
19332,50947,50947
19333,48986,48986
19334,50949,50949
19335,31189,31189
19336,31190,31190
19337,50952,50952
19338,31077,31077
19339,50954,50954
19340,31219,31219
19341,9870,9870
19342,31103,31103
19343,50958,50958
19344,50959,50959
19345,50960,50960
19346,50961,50961
19347,50962,50962
19348,50963,50963
19349,50964,50964
19350,50965,50965
19351,31100,31100
19352,50967,50967
19353,50968,50968
19354,31126,31126
19355,50970,50970
19356,50971,50971
19357,50972,50972
19358,50973,50973
19359,50974,50974
19360,50975,50975
19361,50976,50976
19362,50977,50977
19363,50978,50978
19364,31194,31194
19365,51108,51108
19366,9895,9895
19367,31263,31263
19368,31164,31164
19369,31049,31049
19370,31142,31142
19371,31143,31143
19372,50987,50987
19373,31145,31145
19374,31146,31146
19375,50990,50990
19376,30559,30559
19377,22729,22729
19378,31184,31184
19379,4721,4721
19380,50995,50995
19381,31187,31187
19382,51148,51148
19383,50998,50998
19384,14973,14973
19385,50988,50988
19386,50953,50953
19387,51002,51002
19388,51003,51003
19389,51898,51898
19390,6808,6808
19391,29058,29058
19392,31198,31198
19393,40011,40011
19394,31166,31166
19395,31167,31167
19396,31168,31168
19397,4774,4774
19398,52505,52505
19399,51014,51014
19400,51015,51015
19401,31249,31249
19402,31174,31174
19403,31175,31175
19404,4667,4667
19405,9909,9909
19406,31178,31178
19407,31179,31179
19408,31180,31180
19409,51024,51024
19410,31182,31182
19411,31183,31183
19412,31058,31058
19413,51039,51039
19414,51029,51029
19415,51030,51030
19416,51031,51031
19417,51032,51032
19418,51033,51033
19419,51034,51034
19420,51035,51035
19421,51036,51036
19422,9797,9797
19423,51038,51038
19424,31207,31207
19425,31197,31197
19426,51041,51041
19427,51042,51042
19428,30483,30483
19429,51044,51044
19430,51045,51045
19431,51046,51046
19432,51047,51047
19433,51048,51048
19434,31260,31260
19435,31090,31090
19436,49051,49051
19437,51052,51052
19438,51053,51053
19439,51054,51054
19440,51055,51055
19441,51056,51056
19442,51057,51057
19443,51058,51058
19444,51059,51059
19445,51060,51060
19446,51061,51061
19447,51062,51062
19448,20678,20678
19449,51064,51064
19450,51065,51065
19451,51066,51066
19452,51067,51067
19453,51068,51068
19454,51069,51069
19455,51070,51070
19456,51071,51071
19457,51072,51072
19458,51909,51909
19459,31238,31238
19460,4582,4582
19461,50516,50516
19462,52052,52052
19463,51078,51078
19464,31243,31243
19465,31244,31244
19466,31245,31245
19467,31246,31246
19468,51083,51083
19469,51947,51947
19470,31250,31250
19471,31251,31251
19472,4677,4677
19473,31199,31199
19474,31254,31254
19475,31255,31255
19476,31256,31256
19477,31257,31257
19478,31258,31258
19479,31259,31259
19480,31284,31284
19481,51993,51993
19482,31286,31286
19483,31287,31287
19484,31288,31288
19485,31265,31265
19486,31302,31302
19487,31267,31267
19488,31268,31268
19489,4980,4980
19490,50989,50989
19491,9670,9670
19492,51107,51107
19493,31297,31297
19494,31298,31298
19495,31299,31299
19496,31300,31300
19497,31277,31277
19498,31278,31278
19499,31314,31314
19500,31326,31326
19501,31281,31281
19502,31282,31282
19503,31364,31364
19504,51982,51982
19505,51016,51016
19506,31309,31309
19507,31310,31310
19508,31311,31311
19509,31289,31289
19510,31290,31290
19511,31291,31291
19512,31292,31292
19513,9902,9902
19514,12894,12894
19515,9904,9904
19516,51131,51131
19517,49743,49743
19518,4839,4839
19519,31356,31356
19520,31357,31357
19521,31301,31301
19522,31359,31359
19523,31303,31303
19524,31304,31304
19525,31362,31362
19526,51141,51141
19527,31307,31307
19528,52027,52027
19529,31414,31414
19530,49197,49197
19531,31404,31404
19532,31051,31051
19533,31313,31313
19534,31395,31395
19535,31315,31315
19536,31316,31316
19537,31317,31317
19538,31318,31318
19539,31389,31389
19540,4792,4792
19541,52051,52051
19542,49745,49745
19543,31334,31334
19544,31324,31324
19545,31325,31325
19546,51161,51161
19547,31327,31327
19548,31328,31328
19549,31329,31329
19550,51165,51165
19551,51166,51166
19552,51167,51167
19553,51168,51168
19554,51169,51169
19555,51170,51170
19556,31336,31336
19557,4409,4409
19558,30509,30509
19559,31339,31339
19560,51924,51924
19561,51990,51990
19562,31366,31366
19563,31391,31391
19564,24593,24593
19565,31029,31029
19566,40431,40431
19567,31360,31360
19568,31361,31361
19569,31421,31421
19570,31422,31422
19571,4625,4625
19572,51187,51187
19573,52076,52076
19574,29053,29053
19575,51190,51190
19576,51191,51191
19577,51192,51192
19578,51193,51193
19579,31371,31371
19580,31372,31372
19581,31373,31373
19582,31374,31374
19583,51198,51198
19584,31448,31448
19585,31354,31354
19586,31355,31355
19587,31321,31321
19588,30836,30836
19589,31165,31165
19590,31394,31394
19591,31431,31431
19592,31396,31396
19593,31397,31397
19594,31398,31398
19595,31399,31399
19596,31437,31437
19597,31438,31438
19598,31415,31415
19599,31416,31416
19600,31417,31417
19601,31406,31406
19602,31407,31407
19603,31408,31408
19604,31409,31409
19605,31410,31410
19606,31411,31411
19607,31007,31007
19608,31401,31401
19609,31402,31402
19610,31427,31427
19611,31428,31428
19612,31429,31429
19613,31418,31418
19614,31419,31419
19615,31420,31420
19616,31457,31457
19617,31458,31458
19618,31423,31423
19619,4791,4791
19620,31274,31274
19621,31439,31439
19622,31440,31440
19623,31441,31441
19624,50985,50985
19625,31467,31467
19626,31432,31432
19627,31433,31433
19628,31434,31434
19629,31435,31435
19630,31460,31460
19631,31461,31461
19632,31462,31462
19633,31451,31451
19634,31452,31452
19635,52031,52031
19636,31442,31442
19637,31443,31443
19638,10006,10006
19639,31445,31445
19640,31446,31446
19641,31447,31447
19642,40532,40532
19643,31426,31426
19644,31463,31463
19645,31464,31464
19646,31465,31465
19647,31454,31454
19648,31455,31455
19649,31456,31456
19650,24195,24195
19651,52036,52036
19652,31459,31459
19653,31400,31400
19654,31449,31449
19655,31450,31450
19656,51040,51040
19657,31013,31013
19658,30849,30849
19659,31466,31466
19660,24193,24193
19661,31468,31468
19662,31469,31469
19663,31470,31470
19664,51106,51106
19665,26112,26112
19666,16977,16977
19667,10279,10279
19668,26036,26036
19669,26116,26116
19670,44366,44366
19671,26118,26118
19672,19348,19348
19673,26120,26120
19674,26121,26121
19675,18293,18293
19676,51291,51291
19677,51292,51292
19678,51293,51293
19679,51294,51294
19680,51295,51295
19681,24068,24068
19682,51297,51297
19683,51298,51298
19684,51299,51299
19685,51300,51300
19686,51301,51301
19687,51302,51302
19688,51303,51303
19689,51304,51304
19690,51305,51305
19691,51306,51306
19692,51307,51307
19693,51308,51308
19694,51309,51309
19695,51310,51310
19696,47213,47213
19697,51312,51312
19698,51313,51313
19699,10756,10756
19700,6362,6362
19701,51316,51316
19702,2930,2930
19703,51318,51318
19704,49223,49223
19705,27337,27337
19706,27066,27066
19707,11924,11924
19708,7478,7478
19709,14065,14065
19710,26710,26710
19711,27289,27289
19712,11743,11743
19713,26385,26385
19714,12194,12194
19715,26814,26814
19716,23082,23082
19717,47378,47378
19718,51333,51333
19719,51334,51334
19720,51335,51335
19721,51336,51336
19722,51337,51337
19723,27278,27278
19724,27301,27301
19725,47105,47105
19726,51341,51341
19727,51342,51342
19728,26433,26433
19729,51344,51344
19730,51345,51345
19731,51346,51346
19732,51347,51347
19733,51348,51348
19734,51349,51349
19735,27876,27876
19736,51351,51351
19737,27828,27828
19738,51353,51353
19739,51354,51354
19740,51355,51355
19741,44329,44329
19742,47199,47199
19743,41919,41919
19744,22851,22851
19745,30169,30169
19746,27875,27875
19747,48653,48653
19748,37033,37033
19749,27889,27889
19750,51365,51365
19751,51366,51366
19752,28374,28374
19753,8135,8135
19754,27914,27914
19755,27915,27915
19756,11511,11511
19757,13761,13761
19758,27210,27210
19759,14219,14219
19760,51375,51375
19761,24797,24797
19762,51377,51377
19763,18257,18257
19764,27924,27924
19765,51397,51397
19766,8898,8898
19767,51382,51382
19768,27954,27954
19769,2307,2307
19770,51385,51385
19771,27958,27958
19772,27959,27959
19773,12758,12758
19774,27966,27966
19775,27967,27967
19776,51391,51391
19777,27971,27971
19778,48045,48045
19779,2535,2535
19780,51395,51395
19781,15793,15793
19782,28336,28336
19783,13273,13273
19784,44463,44463
19785,16603,16603
19786,47143,47143
19787,51402,51402
19788,16308,16308
19789,13620,13620
19790,51405,51405
19791,28142,28142
19792,46949,46949
19793,51408,51408
19794,41942,41942
19795,51410,51410
19796,51411,51411
19797,51412,51412
19798,51413,51413
19799,23927,23927
19800,51415,51415
19801,51416,51416
19802,28153,28153
19803,14381,14381
19804,28167,28167
19805,28168,28168
19806,14923,14923
19807,10041,10041
19808,27986,27986
19809,28172,28172
19810,51423,51423
19811,7730,7730
19812,14947,14947
19813,14204,14204
19814,28178,28178
19815,51430,51430
19816,24792,24792
19817,51432,51432
19818,51433,51433
19819,51434,51434
19820,24796,24796
19821,51436,51436
19822,2657,2657
19823,51438,51438
19824,51439,51439
19825,27062,27062
19826,51441,51441
19827,51442,51442
19828,28262,28262
19829,19148,19148
19830,40935,40935
19831,27688,27688
19832,28274,28274
19833,12742,12742
19834,57704,57704
19835,51450,51450
19836,51451,51451
19837,51452,51452
19838,13066,13066
19839,24484,24484
19840,51455,51455
19841,51456,51456
19842,51457,51457
19843,51458,51458
19844,51459,51459
19845,51460,51460
19846,51461,51461
19847,51462,51462
19848,28787,28787
19849,27599,27599
19850,11334,11334
19851,56604,56604
19852,27834,27834
19853,27287,27287
19854,27080,27080
19855,44665,44665
19856,14067,14067
19857,2234,2234
19858,15678,15678
19859,28798,28798
19860,28799,28799
19861,28800,28800
19862,28801,28801
19863,51478,51478
19864,28803,28803
19865,28804,28804
19866,51481,51481
19867,13167,13167
19868,51483,51483
19869,51484,51484
19870,8006,8006
19871,51486,51486
19872,30223,30223
19873,30469,30469
19874,28872,28872
19875,48949,48949
19876,24851,24851
19877,47814,47814
19878,24853,24853
19879,28877,28877
19880,29299,29299
19881,28176,28176
19882,28881,28881
19883,51498,51498
19884,28895,28895
19885,28896,28896
19886,28897,28897
19887,28898,28898
19888,28899,28899
19889,51504,51504
19890,28901,28901
19891,28902,28902
19892,28903,28903
19893,29071,29071
19894,29072,29072
19895,29073,29073
19896,16184,16184
19897,29075,29075
19898,29076,29076
19899,29077,29077
19900,29078,29078
19901,29079,29079
19902,29080,29080
19903,29081,29081
19904,51519,51519
19905,51520,51520
19906,51521,51521
19907,51522,51522
19908,51523,51523
19909,51524,51524
19910,51525,51525
19911,51526,51526
19912,51527,51527
19913,51528,51528
19914,51529,51529
19915,26161,26161
19916,14301,14301
19917,40977,40977
19918,49596,49596
19919,16186,16186
19920,29271,29271
19921,29272,29272
19922,29112,29112
19923,22569,22569
19924,24162,24162
19925,16208,16208
19926,29244,29244
19927,29133,29133
19928,29268,29268
19929,29135,29135
19930,57905,57905
19931,51546,51546
19932,51547,51547
19933,51548,51548
19934,51549,51549
19935,51550,51550
19936,51551,51551
19937,51552,51552
19938,51553,51553
19939,51554,51554
19940,51555,51555
19941,51556,51556
19942,29499,29499
19943,29155,29155
19944,51559,51559
19945,51560,51560
19946,51561,51561
19947,29160,29160
19948,44433,44433
19949,29162,29162
19950,51565,51565
19951,51566,51566
19952,51567,51567
19953,3074,3074
19954,51569,51569
19955,51570,51570
19956,51571,51571
19957,29230,29230
19958,51573,51573
19959,51574,51574
19960,51575,51575
19961,51576,51576
19962,27020,27020
19963,29269,29269
19964,51579,51579
19965,28382,28382
19966,29111,29111
19967,29273,29273
19968,52039,52039
19969,29275,29275
19970,29324,29324
19971,29277,29277
19972,29570,29570
19973,56875,56875
19974,51589,51589
19975,51590,51590
19976,29337,29337
19977,51592,51592
19978,51593,51593
19979,51594,51594
19980,3351,3351
19981,26209,26209
19982,51597,51597
19983,45826,45826
19984,51599,51599
19985,29439,29439
19986,29429,29429
19987,51602,51602
19988,29409,29409
19989,29444,29444
19990,51605,51605
19991,30089,30089
19992,45253,45253
19993,23315,23315
19994,29488,29488
19995,27685,27685
19996,51611,51611
19997,2540,2540
19998,51613,51613
19999,51614,51614
20000,49310,49310
20001,51616,51616
20002,51617,51617
20003,51650,51650
20004,29514,29514
20005,10611,10611
20006,30091,30091
20007,11475,11475
20008,51623,51623
20009,24751,24751
20010,29842,29842
20011,29843,29843
20012,29844,29844
20013,29845,29845
20014,21120,21120
20015,19677,19677
20016,11873,11873
20017,18656,18656
20018,18266,18266
20019,16296,16296
20020,29598,29598
20021,29820,29820
20022,19170,19170
20023,29822,29822
20024,12387,12387
20025,18292,18292
20026,29725,29725
20027,17953,17953
20028,51643,51643
20029,57248,57248
20030,57609,57609
20031,20391,20391
20032,29731,29731
20033,18816,18816
20034,29733,29733
20035,29977,29977
20036,29735,29735
20037,29847,29847
20038,57649,57649
20039,55336,55336
20040,29850,29850
20041,29851,29851
20042,29940,29940
20043,8163,8163
20044,29832,29832
20045,29833,29833
20046,29834,29834
20047,51662,51662
20048,51663,51663
20049,51664,51664
20050,51665,51665
20051,51666,51666
20052,51667,51667
20053,51668,51668
20054,15241,15241
20055,48039,48039
20056,26837,26837
20057,20196,20196
20058,20198,20198
20059,30222,30222
20060,43465,43465
20061,24189,24189
20062,12056,12056
20063,45268,45268
20064,51679,51679
20065,51680,51680
20066,51681,51681
20067,51682,51682
20068,51683,51683
20069,51684,51684
20070,30129,30129
20071,51686,51686
20072,51687,51687
20073,23568,23568
20074,30170,30170
20075,24337,24337
20076,24338,24338
20077,23585,23585
20078,16104,16104
20079,13955,13955
20080,10002,10002
20081,29298,29298
20082,8832,8832
20083,51698,51698
20084,51699,51699
20085,51700,51700
20086,51701,51701
20087,51702,51702
20088,51703,51703
20089,51704,51704
20090,51705,51705
20091,51706,51706
20092,51707,51707
20093,23199,23199
20094,30224,30224
20095,51710,51710
20096,51711,51711
20097,51712,51712
20098,51713,51713
20099,51714,51714
20100,51715,51715
20101,51716,51716
20102,51717,51717
20103,51718,51718
20104,51719,51719
20105,7759,7759
20106,51721,51721
20107,51722,51722
20108,51723,51723
20109,51724,51724
20110,14214,14214
20111,51726,51726
20112,18378,18378
20113,51728,51728
20114,30267,30267
20115,51730,51730
20116,30269,30269
20117,30270,30270
20118,27109,27109
20119,30272,30272
20120,30273,30273
20121,51899,51899
20122,30363,30363
20123,29503,29503
20124,26738,26738
20125,30366,30366
20126,51741,51741
20127,51685,51685
20128,30369,30369
20129,14176,14176
20130,30371,30371
20131,30372,30372
20132,30218,30218
20133,30275,30275
20134,30375,30375
20135,27008,27008
20136,51751,51751
20137,51752,51752
20138,51753,51753
20139,51754,51754
20140,51755,51755
20141,51756,51756
20142,51757,51757
20143,51758,51758
20144,51759,51759
20145,51760,51760
20146,51761,51761
20147,51762,51762
20148,51763,51763
20149,9831,9831
20150,51765,51765
20151,51766,51766
20152,51767,51767
20153,30478,30478
20154,30974,30974
20155,30975,30975
20156,50677,50677
20157,9458,9458
20158,9459,9459
20159,30504,30504
20160,51775,51775
20161,51776,51776
20162,51777,51777
20163,51778,51778
20164,51779,51779
20165,51780,51780
20166,51781,51781
20167,9470,9470
20168,51783,51783
20169,48915,48915
20170,4934,4934
20171,51786,51786
20172,51787,51787
20173,31144,31144
20174,51789,51789
20175,51790,51790
20176,4974,4974
20177,51792,51792
20178,51793,51793
20179,51794,51794
20180,51795,51795
20181,51796,51796
20182,51797,51797
20183,51798,51798
20184,51799,51799
20185,51800,51800
20186,51801,51801
20187,51802,51802
20188,51803,51803
20189,51804,51804
20190,30728,30728
20191,51806,51806
20192,51807,51807
20193,51808,51808
20194,51809,51809
20195,51810,51810
20196,51811,51811
20197,51812,51812
20198,51813,51813
20199,51814,51814
20200,51815,51815
20201,51816,51816
20202,51817,51817
20203,51818,51818
20204,51819,51819
20205,51820,51820
20206,51821,51821
20207,51822,51822
20208,30605,30605
20209,51824,51824
20210,51825,51825
20211,51826,51826
20212,51827,51827
20213,51828,51828
20214,51829,51829
20215,51830,51830
20216,51831,51831
20217,51832,51832
20218,51833,51833
20219,51834,51834
20220,51835,51835
20221,51836,51836
20222,51837,51837
20223,51838,51838
20224,51839,51839
20225,9544,9544
20226,51841,51841
20227,51842,51842
20228,51843,51843
20229,51844,51844
20230,51845,51845
20231,9557,9557
20232,51847,51847
20233,51848,51848
20234,51849,51849
20235,51850,51850
20236,51851,51851
20237,51852,51852
20238,51853,51853
20239,51854,51854
20240,51855,51855
20241,51856,51856
20242,51857,51857
20243,51858,51858
20244,51859,51859
20245,51860,51860
20246,51861,51861
20247,51862,51862
20248,51863,51863
20249,51864,51864
20250,51865,51865
20251,51866,51866
20252,30721,30721
20253,24187,24187
20254,51869,51869
20255,51870,51870
20256,9590,9590
20257,51872,51872
20258,51873,51873
20259,51874,51874
20260,9664,9664
20261,51876,51876
20262,51877,51877
20263,51878,51878
20264,51879,51879
20265,51880,51880
20266,51881,51881
20267,31342,31342
20268,24858,24858
20269,51884,51884
20270,51885,51885
20271,51886,51886
20272,51887,51887
20273,51888,51888
20274,51889,51889
20275,51890,51890
20276,51891,51891
20277,51892,51892
20278,24622,24622
20279,44789,44789
20280,51895,51895
20281,51896,51896
20282,51897,51897
20283,15773,15773
20284,28916,28916
20285,51900,51900
20286,51901,51901
20287,30966,30966
20288,7243,7243
20289,51904,51904
20290,30520,30520
20291,51906,51906
20292,51907,51907
20293,24596,24596
20294,9648,9648
20295,51910,51910
20296,51911,51911
20297,51917,51917
20298,51913,51913
20299,51914,51914
20300,51915,51915
20301,51916,51916
20302,9663,9663
20303,51918,51918
20304,24603,24603
20305,51920,51920
20306,51921,51921
20307,51922,51922
20308,51923,51923
20309,51791,51791
20310,51925,51925
20311,51926,51926
20312,51927,51927
20313,51928,51928
20314,51929,51929
20315,51930,51930
20316,51931,51931
20317,51932,51932
20318,51933,51933
20319,51934,51934
20320,51935,51935
20321,51936,51936
20322,51937,51937
20323,51938,51938
20324,51939,51939
20325,51940,51940
20326,51941,51941
20327,51942,51942
20328,51943,51943
20329,51944,51944
20330,51945,51945
20331,51946,51946
20332,9730,9730
20333,51948,51948
20334,51949,51949
20335,9733,9733
20336,51951,51951
20337,51952,51952
20338,51953,51953
20339,51954,51954
20340,51955,51955
20341,51956,51956
20342,24625,24625
20343,50534,50534
20344,51959,51959
20345,51960,51960
20346,51961,51961
20347,28026,28026
20348,51963,51963
20349,51964,51964
20350,51965,51965
20351,51966,51966
20352,51967,51967
20353,9759,9759
20354,51969,51969
20355,51970,51970
20356,51971,51971
20357,51972,51972
20358,51973,51973
20359,30961,30961
20360,30950,30950
20361,50957,50957
20362,30952,30952
20363,30984,30984
20364,30973,30973
20365,31343,31343
20366,30585,30585
20367,29449,29449
20368,30996,30996
20369,50701,50701
20370,51985,51985
20371,31021,31021
20372,31010,31010
20373,31011,31011
20374,51989,51989
20375,51893,51893
20376,51991,51991
20377,51992,51992
20378,4719,4719
20379,51994,51994
20380,51995,51995
20381,51996,51996
20382,9812,9812
20383,31092,31092
20384,31093,31093
20385,31094,31094
20386,31095,31095
20387,31096,31096
20388,31097,31097
20389,31098,31098
20390,31099,31099
20391,51037,51037
20392,31208,31208
20393,9787,9787
20394,31115,31115
20395,31116,31116
20396,31117,31117
20397,31118,31118
20398,31119,31119
20399,31120,31120
20400,31121,31121
20401,31122,31122
20402,31123,31123
20403,52018,52018
20404,52019,52019
20405,52020,52020
20406,52021,52021
20407,58635,58635
20408,51011,51011
20409,51012,51012
20410,51013,51013
20411,4777,4777
20412,4802,4802
20413,52028,52028
20414,52029,52029
20415,30609,30609
20416,31241,31241
20417,31242,31242
20418,51958,51958
20419,9877,9877
20420,9879,9879
20421,30545,30545
20422,31247,31247
20423,52133,52133
20424,12120,12120
20425,51770,51770
20426,52041,52041
20427,52042,52042
20428,52043,52043
20429,52044,52044
20430,52045,52045
20431,52046,52046
20432,52047,52047
20433,9878,9878
20434,52049,52049
20435,9907,9907
20436,29483,29483
20437,9873,9873
20438,31381,31381
20439,51159,51159
20440,24592,24592
20441,31337,31337
20442,4848,4848
20443,9915,9915
20444,30983,30983
20445,52060,52060
20446,52061,52061
20447,52040,52040
20448,52815,52815
20449,52064,52064
20450,24591,24591
20451,52066,52066
20452,31075,31075
20453,51151,51151
20454,9914,9914
20455,52070,52070
20456,9917,9917
20457,52072,52072
20458,52073,52073
20459,52074,52074
20460,52075,52075
20461,9928,9928
20462,52077,52077
20463,52078,52078
20464,52079,52079
20465,52080,52080
20466,52081,52081
20467,52082,52082
20468,9942,9942
20469,9943,9943
20470,4876,4876
20471,31370,31370
20472,50729,50729
20473,9946,9946
20474,9948,9948
20475,9949,9949
20476,31375,31375
20477,52092,52092
20478,52093,52093
20479,52094,52094
20480,52095,52095
20481,52096,52096
20482,9957,9957
20483,52098,52098
20484,52099,52099
20485,52100,52100
20486,52101,52101
20487,52102,52102
20488,9963,9963
20489,52104,52104
20490,52105,52105
20491,52106,52106
20492,52107,52107
20493,52108,52108
20494,52109,52109
20495,52110,52110
20496,52111,52111
20497,52112,52112
20498,9980,9980
20499,52114,52114
20500,52115,52115
20501,52116,52116
20502,52117,52117
20503,52118,52118
20504,9986,9986
20505,52120,52120
20506,52121,52121
20507,52122,52122
20508,52123,52123
20509,52124,52124
20510,52125,52125
20511,52126,52126
20512,52127,52127
20513,52128,52128
20514,52129,52129
20515,52130,52130
20516,52131,52131
20517,52132,52132
20518,10009,10009
20519,52134,52134
20520,52135,52135
20521,52136,52136
20522,52137,52137
20523,52138,52138
20524,52139,52139
20525,52140,52140
20526,52141,52141
20527,52142,52142
20528,10026,10026
20529,52144,52144
20530,52145,52145
20531,52146,52146
20532,52147,52147
20533,52148,52148
20534,10267,10267
20535,26145,26145
20536,24055,24055
20537,23847,23847
20538,26153,26153
20539,28285,28285
20540,52155,52155
20541,52156,52156
20542,28237,28237
20543,26688,26688
20544,26703,26703
20545,27965,27965
20546,24567,24567
20547,26739,26739
20548,26834,26834
20549,24470,24470
20550,39769,39769
20551,2995,2995
20552,27148,27148
20553,28225,28225
20554,18247,18247
20555,27199,27199
20556,26427,26427
20557,27231,27231
20558,27243,27243
20559,27268,27268
20560,27291,27291
20561,27328,27328
20562,24036,24036
20563,27585,27585
20564,51339,51339
20565,49251,49251
20566,23781,23781
20567,27399,27399
20568,27408,27408
20569,28213,28213
20570,27632,27632
20571,13747,13747
20572,27629,27629
20573,27621,27621
20574,27826,27826
20575,11163,11163
20576,27874,27874
20577,27957,27957
20578,2194,2194
20579,27949,27949
20580,2200,2200
20581,27891,27891
20582,27969,27969
20583,52198,52198
20584,52199,52199
20585,52200,52200
20586,52201,52201
20587,52202,52202
20588,52203,52203
20589,28744,28744
20590,24597,24597
20591,29082,29082
20592,16060,16060
20593,52208,52208
20594,29317,29317
20595,12545,12545
20596,52211,52211
20597,29127,29127
20598,29132,29132
20599,29159,29159
20600,30110,30110
20601,11614,11614
20602,29453,29453
20603,26176,26176
20604,29334,29334
20605,17756,17756
20606,29484,29484
20607,29475,29475
20608,24165,24165
20609,22728,22728
20610,30072,30072
20611,29443,29443
20612,29458,29458
20613,18250,18250
20614,18786,18786
20615,19137,19137
20616,52231,52231
20617,22752,22752
20618,52233,52233
20619,52234,52234
20620,52235,52235
20621,29480,29480
20622,24321,24321
20623,24272,24272
20624,52239,52239
20625,52240,52240
20626,24748,24748
20627,52242,52242
20628,43350,43350
20629,21483,21483
20630,30547,30547
20631,31079,31079
20632,30617,30617
20633,30663,30663
20634,30724,30724
20635,30762,30762
20636,52251,52251
20637,24186,24186
20638,52253,52253
20639,31236,31236
20640,31248,31248
20641,31341,31341
20642,52257,52257
20643,31412,31412
20644,52259,52259
20645,31436,31436
20646,52261,52261
20647,52262,52262
20648,52263,52263
20649,52264,52264
20650,52265,52265
20651,52266,52266
20652,52267,52267
20653,52268,52268
20654,52269,52269
20655,52270,52270
20656,6504,6504
20657,6501,6501
20658,52273,52273
20659,26447,26447
20660,52275,52275
20661,6510,6510
20662,51363,51363
20663,12959,12959
20664,13076,13076
20665,45016,45016
20666,52281,52281
20667,52282,52282
20668,52283,52283
20669,52284,52284
20670,52285,52285
20671,52286,52286
20672,52287,52287
20673,52288,52288
20674,52289,52289
20675,52290,52290
20676,52291,52291
20677,52292,52292
20678,52293,52293
20679,52294,52294
20680,52295,52295
20681,52296,52296
20682,52297,52297
20683,52298,52298
20684,52299,52299
20685,52300,52300
20686,52301,52301
20687,52302,52302
20688,52303,52303
20689,52304,52304
20690,52305,52305
20691,52306,52306
20692,52307,52307
20693,52308,52308
20694,52309,52309
20695,52310,52310
20696,52311,52311
20697,52312,52312
20698,52313,52313
20699,52314,52314
20700,52315,52315
20701,52316,52316
20702,52317,52317
20703,52318,52318
20704,52319,52319
20705,52320,52320
20706,52321,52321
20707,52322,52322
20708,52323,52323
20709,52324,52324
20710,52325,52325
20711,52326,52326
20712,52327,52327
20713,52328,52328
20714,52329,52329
20715,52330,52330
20716,52331,52331
20717,52332,52332
20718,52333,52333
20719,52334,52334
20720,52335,52335
20721,52336,52336
20722,52337,52337
20723,52338,52338
20724,52339,52339
20725,52340,52340
20726,52341,52341
20727,52342,52342
20728,27652,27652
20729,52344,52344
20730,52345,52345
20731,52346,52346
20732,52347,52347
20733,52348,52348
20734,52349,52349
20735,52350,52350
20736,52351,52351
20737,52352,52352
20738,52353,52353
20739,52354,52354
20740,52355,52355
20741,52356,52356
20742,52357,52357
20743,52358,52358
20744,45793,45793
20745,6752,6752
20746,52361,52361
20747,52362,52362
20748,52363,52363
20749,52364,52364
20750,41765,41765
20751,52366,52366
20752,44953,44953
20753,52368,52368
20754,52369,52369
20755,52370,52370
20756,52371,52371
20757,52372,52372
20758,52373,52373
20759,52374,52374
20760,52375,52375
20761,52376,52376
20762,52377,52377
20763,52378,52378
20764,52379,52379
20765,52380,52380
20766,2477,2477
20767,52382,52382
20768,52383,52383
20769,52384,52384
20770,52385,52385
20771,52386,52386
20772,52387,52387
20773,52388,52388
20774,52389,52389
20775,52390,52390
20776,27011,27011
20777,52392,52392
20778,52393,52393
20779,52394,52394
20780,52395,52395
20781,52396,52396
20782,52397,52397
20783,52398,52398
20784,52399,52399
20785,52400,52400
20786,52401,52401
20787,52402,52402
20788,52403,52403
20789,52404,52404
20790,52405,52405
20791,52406,52406
20792,52407,52407
20793,52408,52408
20794,52409,52409
20795,52410,52410
20796,52411,52411
20797,52412,52412
20798,52413,52413
20799,52414,52414
20800,52415,52415
20801,52416,52416
20802,52417,52417
20803,52418,52418
20804,52419,52419
20805,52420,52420
20806,52421,52421
20807,52422,52422
20808,52423,52423
20809,52424,52424
20810,52425,52425
20811,52426,52426
20812,52427,52427
20813,52428,52428
20814,52429,52429
20815,52430,52430
20816,52431,52431
20817,6988,6988
20818,7072,7072
20819,7073,7073
20820,7074,7074
20821,52436,52436
20822,52437,52437
20823,52438,52438
20824,7246,7246
20825,7247,7247
20826,7248,7248
20827,7249,7249
20828,7250,7250
20829,7251,7251
20830,7252,7252
20831,7253,7253
20832,7254,7254
20833,7255,7255
20834,7256,7256
20835,27390,27390
20836,52451,52451
20837,52452,52452
20838,52453,52453
20839,52454,52454
20840,52455,52455
20841,52456,52456
20842,52457,52457
20843,52458,52458
20844,52459,52459
20845,52460,52460
20846,52461,52461
20847,52462,52462
20848,52463,52463
20849,52464,52464
20850,24718,24718
20851,2293,2293
20852,52466,52466
20853,12766,12766
20854,52467,52467
20855,52470,52470
20856,52471,52471
20857,52472,52472
20858,52473,52473
20859,52474,52474
20860,52475,52475
20861,52479,52479
20862,27369,27369
20863,52478,52478
20864,7328,7328
20865,52480,52480
20866,52481,52481
20867,52482,52482
20868,52483,52483
20869,52484,52484
20870,52485,52485
20871,52486,52486
20872,52487,52487
20873,52488,52488
20874,52489,52489
20875,52490,52490
20876,52491,52491
20877,52492,52492
20878,52493,52493
20879,52494,52494
20880,52495,52495
20881,52496,52496
20882,52497,52497
20883,52498,52498
20884,52499,52499
20885,52500,52500
20886,52501,52501
20887,52502,52502
20888,52503,52503
20889,52504,52504
20890,48141,48141
20891,52506,52506
20892,52507,52507
20893,52508,52508
20894,52509,52509
20895,52510,52510
20896,52511,52511
20897,2357,2357
20898,52513,52513
20899,52514,52514
20900,52515,52515
20901,12170,12170
20902,52517,52517
20903,52518,52518
20904,52519,52519
20905,52520,52520
20906,52521,52521
20907,52522,52522
20908,52523,52523
20909,52524,52524
20910,52525,52525
20911,52526,52526
20912,52527,52527
20913,52528,52528
20914,52529,52529
20915,52530,52530
20916,52531,52531
20917,52532,52532
20918,52533,52533
20919,52534,52534
20920,52535,52535
20921,52536,52536
20922,52537,52537
20923,52538,52538
20924,52539,52539
20925,52540,52540
20926,52541,52541
20927,52542,52542
20928,52543,52543
20929,52544,52544
20930,52545,52545
20931,52546,52546
20932,52547,52547
20933,52548,52548
20934,52549,52549
20935,52550,52550
20936,52551,52551
20937,52552,52552
20938,52553,52553
20939,52554,52554
20940,52555,52555
20941,52556,52556
20942,4155,4155
20943,52559,52559
20944,7443,7443
20945,52557,52557
20946,7446,7446
20947,2431,2431
20948,52562,52562
20949,7452,7452
20950,52565,52565
20951,52566,52566
20952,26049,26049
20953,42225,42225
20954,52569,52569
20955,52570,52570
20956,52571,52571
20957,52572,52572
20958,52573,52573
20959,52574,52574
20960,52575,52575
20961,52576,52576
20962,52577,52577
20963,52578,52578
20964,52579,52579
20965,52580,52580
20966,52581,52581
20967,52582,52582
20968,52583,52583
20969,52584,52584
20970,57267,57267
20971,52586,52586
20972,7511,7511
20973,52588,52588
20974,52589,52589
20975,52590,52590
20976,48236,48236
20977,52592,52592
20978,3280,3280
20979,7555,7555
20980,27731,27731
20981,27059,27059
20982,7558,7558
20983,52598,52598
20984,51742,51742
20985,52600,52600
20986,52601,52601
20987,52602,52602
20988,52603,52603
20989,52604,52604
20990,52605,52605
20991,52606,52606
20992,52607,52607
20993,52608,52608
20994,52609,52609
20995,52610,52610
20996,52611,52611
20997,52612,52612
20998,52613,52613
20999,52614,52614
21000,52615,52615
21001,52616,52616
21002,52617,52617
21003,52618,52618
21004,52619,52619
21005,52620,52620
21006,52621,52621
21007,52622,52622
21008,52623,52623
21009,52624,52624
21010,7956,7956
21011,52626,52626
21012,52627,52627
21013,7976,7976
21014,7977,7977
21015,28766,28766
21016,52631,52631
21017,7981,7981
21018,7980,7980
21019,28770,28770
21020,28771,28771
21021,28772,28772
21022,28773,28773
21023,52638,52638
21024,52639,52639
21025,52640,52640
21026,52641,52641
21027,52642,52642
21028,52643,52643
21029,8051,8051
21030,8052,8052
21031,52646,52646
21032,52647,52647
21033,24881,24881
21034,52649,52649
21035,52650,52650
21036,52651,52651
21037,52652,52652
21038,52653,52653
21039,52654,52654
21040,52655,52655
21041,52656,52656
21042,52657,52657
21043,52658,52658
21044,52659,52659
21045,8105,8105
21046,8106,8106
21047,52662,52662
21048,8108,8108
21049,52664,52664
21050,52665,52665
21051,52666,52666
21052,52667,52667
21053,52668,52668
21054,52669,52669
21055,52670,52670
21056,52671,52671
21057,52672,52672
21058,52673,52673
21059,52674,52674
21060,52675,52675
21061,8210,8210
21062,8211,8211
21063,8212,8212
21064,8213,8213
21065,8218,8218
21066,8215,8215
21067,3141,3141
21068,8217,8217
21069,3143,3143
21070,8219,8219
21071,52686,52686
21072,52687,52687
21073,52688,52688
21074,52689,52689
21075,52690,52690
21076,52691,52691
21077,52692,52692
21078,52693,52693
21079,52694,52694
21080,52695,52695
21081,52696,52696
21082,52697,52697
21083,52698,52698
21084,52699,52699
21085,52700,52700
21086,52701,52701
21087,52702,52702
21088,52703,52703
21089,52704,52704
21090,52705,52705
21091,52706,52706
21092,52707,52707
21093,52708,52708
21094,52709,52709
21095,52710,52710
21096,52711,52711
21097,52712,52712
21098,52713,52713
21099,52714,52714
21100,52715,52715
21101,52716,52716
21102,52717,52717
21103,52718,52718
21104,52719,52719
21105,52720,52720
21106,52721,52721
21107,52722,52722
21108,52723,52723
21109,52724,52724
21110,52725,52725
21111,52726,52726
21112,52727,52727
21113,52728,52728
21114,52729,52729
21115,52730,52730
21116,52731,52731
21117,3320,3320
21118,8394,8394
21119,8416,8416
21120,8417,8417
21121,52736,52736
21122,52737,52737
21123,52738,52738
21124,52739,52739
21125,52740,52740
21126,52741,52741
21127,52742,52742
21128,52743,52743
21129,52744,52744
21130,52745,52745
21131,52746,52746
21132,52747,52747
21133,52748,52748
21134,52749,52749
21135,52750,52750
21136,52751,52751
21137,52752,52752
21138,52753,52753
21139,52754,52754
21140,52755,52755
21141,52756,52756
21142,52757,52757
21143,52758,52758
21144,52759,52759
21145,52760,52760
21146,52761,52761
21147,52762,52762
21148,52763,52763
21149,52764,52764
21150,52765,52765
21151,52766,52766
21152,52767,52767
21153,52768,52768
21154,52769,52769
21155,52770,52770
21156,52771,52771
21157,52772,52772
21158,52773,52773
21159,9052,9052
21160,20182,20182
21161,9054,9054
21162,51677,51677
21163,20190,20190
21164,23636,23636
21165,20194,20194
21166,9059,9059
21167,52782,52782
21168,52783,52783
21169,52784,52784
21170,52785,52785
21171,52786,52786
21172,52787,52787
21173,52788,52788
21174,52789,52789
21175,52790,52790
21176,52791,52791
21177,52792,52792
21178,52793,52793
21179,52794,52794
21180,52795,52795
21181,52796,52796
21182,52797,52797
21183,52798,52798
21184,52799,52799
21185,9800,9800
21186,9801,9801
21187,9802,9802
21188,9803,9803
21189,9804,9804
21190,9805,9805
21191,9806,9806
21192,9807,9807
21193,9808,9808
21194,9809,9809
21195,9848,9848
21196,9849,9849
21197,9850,9850
21198,9851,9851
21199,9852,9852
21200,9853,9853
21201,4585,4585
21202,9855,9855
21203,9856,9856
21204,9857,9857
21205,52820,52820
21206,52821,52821
21207,52822,52822
21208,52823,52823
21209,25229,25229
21210,52825,52825
21211,52826,52826
21212,52827,52827
21213,52828,52828
21214,52829,52829
21215,52830,52830
21216,52831,52831
21217,25226,25226
21218,52833,52833
21219,52834,52834
21220,52835,52835
21221,52836,52836
21222,52837,52837
21223,52838,52838
21224,52839,52839
21225,52840,52840
21226,52841,52841
21227,52842,52842
21228,52843,52843
21229,52844,52844
21230,52845,52845
21231,52846,52846
21232,52847,52847
21233,52848,52848
21234,52849,52849
21235,52850,52850
21236,52851,52851
21237,52852,52852
21238,52853,52853
21239,52854,52854
21240,52855,52855
21241,52856,52856
21242,52857,52857
21243,52858,52858
21244,52859,52859
21245,52860,52860
21246,52861,52861
21247,52862,52862
21248,52863,52863
21249,52864,52864
21250,52865,52865
21251,52866,52866
21252,52867,52867
21253,52868,52868
21254,52869,52869
21255,52870,52870
21256,52871,52871
21257,52872,52872
21258,52873,52873
21259,52874,52874
21260,52875,52875
21261,52876,52876
21262,52877,52877
21263,52878,52878
21264,52879,52879
21265,52880,52880
21266,52881,52881
21267,52882,52882
21268,52883,52883
21269,52884,52884
21270,52885,52885
21271,52886,52886
21272,52887,52887
21273,52888,52888
21274,52889,52889
21275,52890,52890
21276,52891,52891
21277,52892,52892
21278,52893,52893
21279,52894,52894
21280,52895,52895
21281,52896,52896
21282,52897,52897
21283,52898,52898
21284,52899,52899
21285,52900,52900
21286,52901,52901
21287,52902,52902
21288,52903,52903
21289,52904,52904
21290,52905,52905
21291,52906,52906
21292,52907,52907
21293,52908,52908
21294,52909,52909
21295,52910,52910
21296,52911,52911
21297,52912,52912
21298,52913,52913
21299,52914,52914
21300,52915,52915
21301,52916,52916
21302,52917,52917
21303,52918,52918
21304,52919,52919
21305,52920,52920
21306,52921,52921
21307,52922,52922
21308,52923,52923
21309,52924,52924
21310,52925,52925
21311,52926,52926
21312,52927,52927
21313,52928,52928
21314,52929,52929
21315,52930,52930
21316,52931,52931
21317,52932,52932
21318,52933,52933
21319,52934,52934
21320,52935,52935
21321,52936,52936
21322,52937,52937
21323,52938,52938
21324,52939,52939
21325,52940,52940
21326,52941,52941
21327,52942,52942
21328,52943,52943
21329,52944,52944
21330,52945,52945
21331,52946,52946
21332,52947,52947
21333,52948,52948
21334,52949,52949
21335,52950,52950
21336,52951,52951
21337,52952,52952
21338,52953,52953
21339,52954,52954
21340,52955,52955
21341,52956,52956
21342,52957,52957
21343,52958,52958
21344,52959,52959
21345,52960,52960
21346,52961,52961
21347,52962,52962
21348,52963,52963
21349,52964,52964
21350,52965,52965
21351,52966,52966
21352,52967,52967
21353,52968,52968
21354,52969,52969
21355,52970,52970
21356,52971,52971
21357,52972,52972
21358,52973,52973
21359,52974,52974
21360,52975,52975
21361,52976,52976
21362,52977,52977
21363,52978,52978
21364,52979,52979
21365,52980,52980
21366,52981,52981
21367,52982,52982
21368,52983,52983
21369,52984,52984
21370,52985,52985
21371,52986,52986
21372,52987,52987
21373,52988,52988
21374,52989,52989
21375,52990,52990
21376,52991,52991
21377,52992,52992
21378,52993,52993
21379,52994,52994
21380,52995,52995
21381,52996,52996
21382,52997,52997
21383,52998,52998
21384,52999,52999
21385,53000,53000
21386,53001,53001
21387,53002,53002
21388,53003,53003
21389,53004,53004
21390,53005,53005
21391,53006,53006
21392,53007,53007
21393,53008,53008
21394,53009,53009
21395,53010,53010
21396,53011,53011
21397,53012,53012
21398,53013,53013
21399,53014,53014
21400,53015,53015
21401,53016,53016
21402,53017,53017
21403,53018,53018
21404,53019,53019
21405,53020,53020
21406,53021,53021
21407,53022,53022
21408,53023,53023
21409,53024,53024
21410,53025,53025
21411,53026,53026
21412,53027,53027
21413,53028,53028
21414,53029,53029
21415,53030,53030
21416,53031,53031
21417,53032,53032
21418,53033,53033
21419,53034,53034
21420,53035,53035
21421,53036,53036
21422,53037,53037
21423,53038,53038
21424,53039,53039
21425,53040,53040
21426,53041,53041
21427,53042,53042
21428,53043,53043
21429,53044,53044
21430,53045,53045
21431,53046,53046
21432,53047,53047
21433,53048,53048
21434,53049,53049
21435,53050,53050
21436,53051,53051
21437,53052,53052
21438,53053,53053
21439,53054,53054
21440,53055,53055
21441,53056,53056
21442,53057,53057
21443,53058,53058
21444,53059,53059
21445,53060,53060
21446,53061,53061
21447,53062,53062
21448,53063,53063
21449,53064,53064
21450,53065,53065
21451,53066,53066
21452,53067,53067
21453,53068,53068
21454,53069,53069
21455,53070,53070
21456,53071,53071
21457,53072,53072
21458,53073,53073
21459,53074,53074
21460,53075,53075
21461,53076,53076
21462,53077,53077
21463,53078,53078
21464,53079,53079
21465,53080,53080
21466,53081,53081
21467,53082,53082
21468,53083,53083
21469,53084,53084
21470,53085,53085
21471,53086,53086
21472,53087,53087
21473,53088,53088
21474,53089,53089
21475,53090,53090
21476,53091,53091
21477,53092,53092
21478,53093,53093
21479,53094,53094
21480,53095,53095
21481,53096,53096
21482,53097,53097
21483,53098,53098
21484,53099,53099
21485,53100,53100
21486,53101,53101
21487,53102,53102
21488,53103,53103
21489,53104,53104
21490,53105,53105
21491,53106,53106
21492,53107,53107
21493,53108,53108
21494,53109,53109
21495,53110,53110
21496,53111,53111
21497,53112,53112
21498,53113,53113
21499,53114,53114
21500,53115,53115
21501,53116,53116
21502,53117,53117
21503,53118,53118
21504,53119,53119
21505,53120,53120
21506,53121,53121
21507,53122,53122
21508,53123,53123
21509,53124,53124
21510,53125,53125
21511,53126,53126
21512,53127,53127
21513,53128,53128
21514,53129,53129
21515,53130,53130
21516,53131,53131
21517,53132,53132
21518,53133,53133
21519,53134,53134
21520,53135,53135
21521,53136,53136
21522,53137,53137
21523,53138,53138
21524,53139,53139
21525,53140,53140
21526,53141,53141
21527,53142,53142
21528,53143,53143
21529,53144,53144
21530,53145,53145
21531,53146,53146
21532,53147,53147
21533,53148,53148
21534,53149,53149
21535,53150,53150
21536,53151,53151
21537,53152,53152
21538,53153,53153
21539,53154,53154
21540,53155,53155
21541,25245,25245
21542,53157,53157
21543,53158,53158
21544,53159,53159
21545,53160,53160
21546,53161,53161
21547,53162,53162
21548,53163,53163
21549,53164,53164
21550,4979,4979
21551,53166,53166
21552,53167,53167
21553,53168,53168
21554,53169,53169
21555,53170,53170
21556,53171,53171
21557,53172,53172
21558,53173,53173
21559,53174,53174
21560,53175,53175
21561,53176,53176
21562,53177,53177
21563,53178,53178
21564,53179,53179
21565,53180,53180
21566,53181,53181
21567,53182,53182
21568,53183,53183
21569,53184,53184
21570,53185,53185
21571,53186,53186
21572,53187,53187
21573,53188,53188
21574,25277,25277
21575,53190,53190
21576,53191,53191
21577,53192,53192
21578,53193,53193
21579,53194,53194
21580,53195,53195
21581,53196,53196
21582,53197,53197
21583,47796,47796
21584,53199,53199
21585,53200,53200
21586,53201,53201
21587,53202,53202
21588,53203,53203
21589,53204,53204
21590,53205,53205
21591,53206,53206
21592,25268,25268
21593,53208,53208
21594,53209,53209
21595,53210,53210
21596,53211,53211
21597,53212,53212
21598,53213,53213
21599,53214,53214
21600,53215,53215
21601,53216,53216
21602,53217,53217
21603,53218,53218
21604,53219,53219
21605,53220,53220
21606,53221,53221
21607,53222,53222
21608,53223,53223
21609,53224,53224
21610,53225,53225
21611,53226,53226
21612,53227,53227
21613,53228,53228
21614,53229,53229
21615,53230,53230
21616,53231,53231
21617,53232,53232
21618,53233,53233
21619,53234,53234
21620,53235,53235
21621,53236,53236
21622,53237,53237
21623,53238,53238
21624,53239,53239
21625,53240,53240
21626,53241,53241
21627,53242,53242
21628,53243,53243
21629,53244,53244
21630,53245,53245
21631,53246,53246
21632,53247,53247
21633,53248,53248
21634,53249,53249
21635,53250,53250
21636,53251,53251
21637,53252,53252
21638,53253,53253
21639,53254,53254
21640,53255,53255
21641,53256,53256
21642,53257,53257
21643,53258,53258
21644,53259,53259
21645,53260,53260
21646,53261,53261
21647,53262,53262
21648,53263,53263
21649,53264,53264
21650,53265,53265
21651,53266,53266
21652,53267,53267
21653,53268,53268
21654,53269,53269
21655,53270,53270
21656,53271,53271
21657,53272,53272
21658,53273,53273
21659,53274,53274
21660,53275,53275
21661,53276,53276
21662,53277,53277
21663,53278,53278
21664,53279,53279
21665,53280,53280
21666,53281,53281
21667,53282,53282
21668,53283,53283
21669,53284,53284
21670,53285,53285
21671,53286,53286
21672,53287,53287
21673,53288,53288
21674,53289,53289
21675,53290,53290
21676,53291,53291
21677,53292,53292
21678,53293,53293
21679,53294,53294
21680,53295,53295
21681,53296,53296
21682,53297,53297
21683,53298,53298
21684,53299,53299
21685,53300,53300
21686,53301,53301
21687,53302,53302
21688,53303,53303
21689,53304,53304
21690,53305,53305
21691,53306,53306
21692,53307,53307
21693,53308,53308
21694,53309,53309
21695,53310,53310
21696,53311,53311
21697,53312,53312
21698,53313,53313
21699,53314,53314
21700,53315,53315
21701,53316,53316
21702,53317,53317
21703,53318,53318
21704,53319,53319
21705,53320,53320
21706,53321,53321
21707,53322,53322
21708,53323,53323
21709,53324,53324
21710,53325,53325
21711,53326,53326
21712,53327,53327
21713,53328,53328
21714,53329,53329
21715,53330,53330
21716,53331,53331
21717,53332,53332
21718,53333,53333
21719,53334,53334
21720,53335,53335
21721,53336,53336
21722,53337,53337
21723,53338,53338
21724,53339,53339
21725,53340,53340
21726,53341,53341
21727,53342,53342
21728,53343,53343
21729,53344,53344
21730,53345,53345
21731,53346,53346
21732,53347,53347
21733,53348,53348
21734,53349,53349
21735,53350,53350
21736,53351,53351
21737,53352,53352
21738,53353,53353
21739,53354,53354
21740,53355,53355
21741,53356,53356
21742,53357,53357
21743,53358,53358
21744,53359,53359
21745,53360,53360
21746,53361,53361
21747,53362,53362
21748,53363,53363
21749,53364,53364
21750,53365,53365
21751,53366,53366
21752,53367,53367
21753,53368,53368
21754,53369,53369
21755,53370,53370
21756,53371,53371
21757,53372,53372
21758,53373,53373
21759,53374,53374
21760,53375,53375
21761,53376,53376
21762,53377,53377
21763,53378,53378
21764,53379,53379
21765,53380,53380
21766,53381,53381
21767,53382,53382
21768,53383,53383
21769,53384,53384
21770,53385,53385
21771,53386,53386
21772,53387,53387
21773,53388,53388
21774,53389,53389
21775,53390,53390
21776,53391,53391
21777,53392,53392
21778,53393,53393
21779,53394,53394
21780,53395,53395
21781,53396,53396
21782,53397,53397
21783,53398,53398
21784,53399,53399
21785,53400,53400
21786,53401,53401
21787,53402,53402
21788,53403,53403
21789,53404,53404
21790,53405,53405
21791,53406,53406
21792,53407,53407
21793,53408,53408
21794,53409,53409
21795,53410,53410
21796,53411,53411
21797,53412,53412
21798,53413,53413
21799,53414,53414
21800,53415,53415
21801,53416,53416
21802,53417,53417
21803,53418,53418
21804,53419,53419
21805,53420,53420
21806,53421,53421
21807,53422,53422
21808,53423,53423
21809,53424,53424
21810,53425,53425
21811,53426,53426
21812,53427,53427
21813,53428,53428
21814,53429,53429
21815,53430,53430
21816,53431,53431
21817,53432,53432
21818,53433,53433
21819,53434,53434
21820,53435,53435
21821,53436,53436
21822,53437,53437
21823,53438,53438
21824,53439,53439
21825,53440,53440
21826,53441,53441
21827,53442,53442
21828,53443,53443
21829,53444,53444
21830,53445,53445
21831,53446,53446
21832,53447,53447
21833,53448,53448
21834,53449,53449
21835,53450,53450
21836,53451,53451
21837,53452,53452
21838,53453,53453
21839,53454,53454
21840,53455,53455
21841,53456,53456
21842,53457,53457
21843,53458,53458
21844,53459,53459
21845,53460,53460
21846,53461,53461
21847,53462,53462
21848,53463,53463
21849,53464,53464
21850,53465,53465
21851,53466,53466
21852,53467,53467
21853,53468,53468
21854,53469,53469
21855,53470,53470
21856,53471,53471
21857,53472,53472
21858,53473,53473
21859,53474,53474
21860,53475,53475
21861,53476,53476
21862,53477,53477
21863,53478,53478
21864,53479,53479
21865,53480,53480
21866,53481,53481
21867,53482,53482
21868,53483,53483
21869,53484,53484
21870,53485,53485
21871,53486,53486
21872,53487,53487
21873,53488,53488
21874,53489,53489
21875,53490,53490
21876,53491,53491
21877,53492,53492
21878,53493,53493
21879,53494,53494
21880,53495,53495
21881,53496,53496
21882,53497,53497
21883,53498,53498
21884,53499,53499
21885,53500,53500
21886,53501,53501
21887,53502,53502
21888,53503,53503
21889,53504,53504
21890,53505,53505
21891,53506,53506
21892,53507,53507
21893,53508,53508
21894,53509,53509
21895,53510,53510
21896,53511,53511
21897,53512,53512
21898,53513,53513
21899,53514,53514
21900,53515,53515
21901,53516,53516
21902,53517,53517
21903,53518,53518
21904,53519,53519
21905,53520,53520
21906,53521,53521
21907,53522,53522
21908,53523,53523
21909,53524,53524
21910,53525,53525
21911,53526,53526
21912,53527,53527
21913,53528,53528
21914,53529,53529
21915,53530,53530
21916,53531,53531
21917,53532,53532
21918,53533,53533
21919,53534,53534
21920,53535,53535
21921,53536,53536
21922,53537,53537
21923,53538,53538
21924,53539,53539
21925,53540,53540
21926,53541,53541
21927,53542,53542
21928,53543,53543
21929,53544,53544
21930,53545,53545
21931,53546,53546
21932,53547,53547
21933,53548,53548
21934,53549,53549
21935,53550,53550
21936,53551,53551
21937,53552,53552
21938,53553,53553
21939,53554,53554
21940,53555,53555
21941,53556,53556
21942,53557,53557
21943,53558,53558
21944,53559,53559
21945,53560,53560
21946,53561,53561
21947,53562,53562
21948,53563,53563
21949,53564,53564
21950,53565,53565
21951,53566,53566
21952,53567,53567
21953,53568,53568
21954,53569,53569
21955,53570,53570
21956,53571,53571
21957,53572,53572
21958,53573,53573
21959,53574,53574
21960,53575,53575
21961,53576,53576
21962,53577,53577
21963,53578,53578
21964,53579,53579
21965,53580,53580
21966,53581,53581
21967,53582,53582
21968,53583,53583
21969,53584,53584
21970,53585,53585
21971,53586,53586
21972,53587,53587
21973,53588,53588
21974,53589,53589
21975,53590,53590
21976,53591,53591
21977,53592,53592
21978,53593,53593
21979,53594,53594
21980,53595,53595
21981,53596,53596
21982,53597,53597
21983,53598,53598
21984,53599,53599
21985,53600,53600
21986,53601,53601
21987,53602,53602
21988,53603,53603
21989,53604,53604
21990,53605,53605
21991,53606,53606
21992,53607,53607
21993,53608,53608
21994,53609,53609
21995,53610,53610
21996,53611,53611
21997,53612,53612
21998,53613,53613
21999,53614,53614
22000,53615,53615
22001,53616,53616
22002,53617,53617
22003,53618,53618
22004,53619,53619
22005,53620,53620
22006,53621,53621
22007,53622,53622
22008,53623,53623
22009,53624,53624
22010,53625,53625
22011,53626,53626
22012,53627,53627
22013,53628,53628
22014,53629,53629
22015,53630,53630
22016,53631,53631
22017,53632,53632
22018,53633,53633
22019,53634,53634
22020,53635,53635
22021,53636,53636
22022,53637,53637
22023,53638,53638
22024,53639,53639
22025,53640,53640
22026,53641,53641
22027,53642,53642
22028,53643,53643
22029,53644,53644
22030,53645,53645
22031,53646,53646
22032,53647,53647
22033,53648,53648
22034,53649,53649
22035,53650,53650
22036,53651,53651
22037,53652,53652
22038,53653,53653
22039,53654,53654
22040,53655,53655
22041,53656,53656
22042,53657,53657
22043,53658,53658
22044,53659,53659
22045,53660,53660
22046,53661,53661
22047,53662,53662
22048,53663,53663
22049,53664,53664
22050,53665,53665
22051,53666,53666
22052,53667,53667
22053,53668,53668
22054,53669,53669
22055,53670,53670
22056,53671,53671
22057,53672,53672
22058,53673,53673
22059,53674,53674
22060,53675,53675
22061,53676,53676
22062,53677,53677
22063,53678,53678
22064,53679,53679
22065,53680,53680
22066,53681,53681
22067,53682,53682
22068,53683,53683
22069,53684,53684
22070,53685,53685
22071,53686,53686
22072,53687,53687
22073,53688,53688
22074,53689,53689
22075,53690,53690
22076,53691,53691
22077,53692,53692
22078,53693,53693
22079,53694,53694
22080,53695,53695
22081,53696,53696
22082,53697,53697
22083,53698,53698
22084,53699,53699
22085,53700,53700
22086,53701,53701
22087,53702,53702
22088,53703,53703
22089,53704,53704
22090,53705,53705
22091,53706,53706
22092,53707,53707
22093,53708,53708
22094,53709,53709
22095,53710,53710
22096,53711,53711
22097,53712,53712
22098,53713,53713
22099,53714,53714
22100,53715,53715
22101,53716,53716
22102,53717,53717
22103,53718,53718
22104,53719,53719
22105,53720,53720
22106,53721,53721
22107,53722,53722
22108,53723,53723
22109,53724,53724
22110,53725,53725
22111,53726,53726
22112,53727,53727
22113,53728,53728
22114,53729,53729
22115,53730,53730
22116,53731,53731
22117,53732,53732
22118,53733,53733
22119,53734,53734
22120,53735,53735
22121,53736,53736
22122,53737,53737
22123,53738,53738
22124,53739,53739
22125,53740,53740
22126,53741,53741
22127,53742,53742
22128,53743,53743
22129,53744,53744
22130,53745,53745
22131,53746,53746
22132,53747,53747
22133,53748,53748
22134,53749,53749
22135,53750,53750
22136,53751,53751
22137,53752,53752
22138,53753,53753
22139,53754,53754
22140,53755,53755
22141,53756,53756
22142,53757,53757
22143,53758,53758
22144,53759,53759
22145,53760,53760
22146,53761,53761
22147,53762,53762
22148,53763,53763
22149,53764,53764
22150,53765,53765
22151,53766,53766
22152,53767,53767
22153,53768,53768
22154,53769,53769
22155,25859,25859
22156,53771,53771
22157,53772,53772
22158,53773,53773
22159,53774,53774
22160,53775,53775
22161,53776,53776
22162,53777,53777
22163,59870,59870
22164,53779,53779
22165,53780,53780
22166,53781,53781
22167,53782,53782
22168,53783,53783
22169,53784,53784
22170,53785,53785
22171,53786,53786
22172,53787,53787
22173,53788,53788
22174,53789,53789
22175,53790,53790
22176,53791,53791
22177,53792,53792
22178,53793,53793
22179,53794,53794
22180,4678,4678
22181,53796,53796
22182,53797,53797
22183,53798,53798
22184,53799,53799
22185,53800,53800
22186,53801,53801
22187,53802,53802
22188,53803,53803
22189,53804,53804
22190,53805,53805
22191,3425,3425
22192,53807,53807
22193,53808,53808
22194,53809,53809
22195,53810,53810
22196,30190,30190
22197,53812,53812
22198,53813,53813
22199,53814,53814
22200,53815,53815
22201,53816,53816
22202,2299,2299
22203,53818,53818
22204,53819,53819
22205,53820,53820
22206,53821,53821
22207,53822,53822
22208,53823,53823
22209,53824,53824
22210,53825,53825
22211,53826,53826
22212,53827,53827
22213,23439,23439
22214,53829,53829
22215,53830,53830
22216,53831,53831
22217,53832,53832
22218,53833,53833
22219,53834,53834
22220,53835,53835
22221,53836,53836
22222,53837,53837
22223,53838,53838
22224,53839,53839
22225,53840,53840
22226,53841,53841
22227,53842,53842
22228,53843,53843
22229,53844,53844
22230,53845,53845
22231,53846,53846
22232,53847,53847
22233,53848,53848
22234,53849,53849
22235,53850,53850
22236,53851,53851
22237,53852,53852
22238,53853,53853
22239,53854,53854
22240,53855,53855
22241,53856,53856
22242,53857,53857
22243,53858,53858
22244,53859,53859
22245,53860,53860
22246,53861,53861
22247,53862,53862
22248,53863,53863
22249,53864,53864
22250,53865,53865
22251,53866,53866
22252,53867,53867
22253,53868,53868
22254,53869,53869
22255,53870,53870
22256,53871,53871
22257,53872,53872
22258,53873,53873
22259,53874,53874
22260,53875,53875
22261,53876,53876
22262,53877,53877
22263,53878,53878
22264,53879,53879
22265,53880,53880
22266,53881,53881
22267,53882,53882
22268,53883,53883
22269,53884,53884
22270,53885,53885
22271,27266,27266
22272,53887,53887
22273,53888,53888
22274,53889,53889
22275,53890,53890
22276,53891,53891
22277,53892,53892
22278,53893,53893
22279,53894,53894
22280,53895,53895
22281,53896,53896
22282,53897,53897
22283,53898,53898
22284,53899,53899
22285,53900,53900
22286,53901,53901
22287,53902,53902
22288,53903,53903
22289,53904,53904
22290,53905,53905
22291,53906,53906
22292,53907,53907
22293,12690,12690
22294,53909,53909
22295,53910,53910
22296,53911,53911
22297,53912,53912
22298,53913,53913
22299,53914,53914
22300,53915,53915
22301,53916,53916
22302,53917,53917
22303,53918,53918
22304,26955,26955
22305,53920,53920
22306,53921,53921
22307,53922,53922
22308,53923,53923
22309,53924,53924
22310,53925,53925
22311,53926,53926
22312,53927,53927
22313,53928,53928
22314,53929,53929
22315,55121,55121
22316,53931,53931
22317,53932,53932
22318,53933,53933
22319,53934,53934
22320,53935,53935
22321,53936,53936
22322,53937,53937
22323,53938,53938
22324,53939,53939
22325,53940,53940
22326,13621,13621
22327,53942,53942
22328,53943,53943
22329,53944,53944
22330,53945,53945
22331,53946,53946
22332,53947,53947
22333,53948,53948
22334,53949,53949
22335,53950,53950
22336,53951,53951
22337,26797,26797
22338,53953,53953
22339,53954,53954
22340,53955,53955
22341,53956,53956
22342,50538,50538
22343,7968,7968
22344,53959,53959
22345,53960,53960
22346,53961,53961
22347,53962,53962
22348,53963,53963
22349,53964,53964
22350,53965,53965
22351,53966,53966
22352,30811,30811
22353,12524,12524
22354,9471,9471
22355,9605,9605
22356,53971,53971
22357,53972,53972
22358,26942,26942
22359,1164,1164
22360,15547,15547
22361,12437,12437
22362,24620,24620
22363,4975,4975
22364,24899,24899
22365,53980,53980
22366,24589,24589
22367,53982,53982
22368,40478,40478
22369,30542,30542
22370,9597,9597
22371,31018,31018
22372,27530,27530
22373,50733,50733
22374,53989,53989
22375,24910,24910
22376,53991,53991
22377,11920,11920
22378,30155,30155
22379,53994,53994
22380,4989,4989
22381,25232,25232
22382,53997,53997
22383,4986,4986
22384,53999,53999
22385,54000,54000
22386,4995,4995
22387,54002,54002
22388,54003,54003
22389,54004,54004
22390,54005,54005
22391,54006,54006
22392,54007,54007
22393,54008,54008
22394,54009,54009
22395,54010,54010
22396,54011,54011
22397,54012,54012
22398,54013,54013
22399,54014,54014
22400,54015,54015
22401,54016,54016
22402,54017,54017
22403,54018,54018
22404,54019,54019
22405,54020,54020
22406,54021,54021
22407,54022,54022
22408,54023,54023
22409,54024,54024
22410,54025,54025
22411,54026,54026
22412,54027,54027
22413,54028,54028
22414,54029,54029
22415,54030,54030
22416,54031,54031
22417,54032,54032
22418,54033,54033
22419,54034,54034
22420,54035,54035
22421,54036,54036
22422,54037,54037
22423,54038,54038
22424,54039,54039
22425,54040,54040
22426,54041,54041
22427,54042,54042
22428,54043,54043
22429,54044,54044
22430,54045,54045
22431,54046,54046
22432,54047,54047
22433,54048,54048
22434,54049,54049
22435,54050,54050
22436,54051,54051
22437,54052,54052
22438,54053,54053
22439,54054,54054
22440,54055,54055
22441,54056,54056
22442,54057,54057
22443,54058,54058
22444,54059,54059
22445,54060,54060
22446,54061,54061
22447,54062,54062
22448,54063,54063
22449,54064,54064
22450,54065,54065
22451,54066,54066
22452,54067,54067
22453,54068,54068
22454,54069,54069
22455,54070,54070
22456,54071,54071
22457,54072,54072
22458,54073,54073
22459,54074,54074
22460,54075,54075
22461,54076,54076
22462,54077,54077
22463,54078,54078
22464,54079,54079
22465,54080,54080
22466,54081,54081
22467,54082,54082
22468,54083,54083
22469,54084,54084
22470,54085,54085
22471,54086,54086
22472,54087,54087
22473,54088,54088
22474,54089,54089
22475,54090,54090
22476,54091,54091
22477,54092,54092
22478,54093,54093
22479,54094,54094
22480,54095,54095
22481,54096,54096
22482,54097,54097
22483,54098,54098
22484,54099,54099
22485,54100,54100
22486,54101,54101
22487,54102,54102
22488,54103,54103
22489,54104,54104
22490,54105,54105
22491,54106,54106
22492,54107,54107
22493,54108,54108
22494,54109,54109
22495,54110,54110
22496,54111,54111
22497,54112,54112
22498,54113,54113
22499,54114,54114
22500,54115,54115
22501,54116,54116
22502,54117,54117
22503,54118,54118
22504,54119,54119
22505,54120,54120
22506,54121,54121
22507,54122,54122
22508,54123,54123
22509,54124,54124
22510,54125,54125
22511,54126,54126
22512,54127,54127
22513,54128,54128
22514,54129,54129
22515,54130,54130
22516,54131,54131
22517,54132,54132
22518,54133,54133
22519,54134,54134
22520,54135,54135
22521,54136,54136
22522,54137,54137
22523,54138,54138
22524,54139,54139
22525,54140,54140
22526,54141,54141
22527,54142,54142
22528,54143,54143
22529,54144,54144
22530,54145,54145
22531,54146,54146
22532,54147,54147
22533,54148,54148
22534,54149,54149
22535,54150,54150
22536,54151,54151
22537,54152,54152
22538,54153,54153
22539,54154,54154
22540,54155,54155
22541,54156,54156
22542,54157,54157
22543,54158,54158
22544,54159,54159
22545,54160,54160
22546,54161,54161
22547,54162,54162
22548,54163,54163
22549,54164,54164
22550,54165,54165
22551,54166,54166
22552,54167,54167
22553,54168,54168
22554,54169,54169
22555,54170,54170
22556,54171,54171
22557,54172,54172
22558,54173,54173
22559,54174,54174
22560,54175,54175
22561,54176,54176
22562,54177,54177
22563,54178,54178
22564,54179,54179
22565,54180,54180
22566,54181,54181
22567,54182,54182
22568,54183,54183
22569,54184,54184
22570,54185,54185
22571,54186,54186
22572,54187,54187
22573,54188,54188
22574,54189,54189
22575,54190,54190
22576,54191,54191
22577,54192,54192
22578,54193,54193
22579,54194,54194
22580,54195,54195
22581,54196,54196
22582,54197,54197
22583,54198,54198
22584,54199,54199
22585,54200,54200
22586,54201,54201
22587,54202,54202
22588,54203,54203
22589,54204,54204
22590,54205,54205
22591,54206,54206
22592,54207,54207
22593,54208,54208
22594,54209,54209
22595,54210,54210
22596,54211,54211
22597,54212,54212
22598,54213,54213
22599,54214,54214
22600,54215,54215
22601,54216,54216
22602,54217,54217
22603,54218,54218
22604,54219,54219
22605,54220,54220
22606,54221,54221
22607,54222,54222
22608,54223,54223
22609,54224,54224
22610,54225,54225
22611,54226,54226
22612,54227,54227
22613,54228,54228
22614,54229,54229
22615,54230,54230
22616,54231,54231
22617,54232,54232
22618,54233,54233
22619,54234,54234
22620,54235,54235
22621,54236,54236
22622,54237,54237
22623,54238,54238
22624,54239,54239
22625,54240,54240
22626,54241,54241
22627,54242,54242
22628,54243,54243
22629,54244,54244
22630,54245,54245
22631,54246,54246
22632,54247,54247
22633,54248,54248
22634,54249,54249
22635,54250,54250
22636,54251,54251
22637,54252,54252
22638,54253,54253
22639,54254,54254
22640,54255,54255
22641,54256,54256
22642,54257,54257
22643,54258,54258
22644,54259,54259
22645,54260,54260
22646,54261,54261
22647,54262,54262
22648,54263,54263
22649,54264,54264
22650,54265,54265
22651,54266,54266
22652,54267,54267
22653,54268,54268
22654,54269,54269
22655,54270,54270
22656,54271,54271
22657,54272,54272
22658,54273,54273
22659,54274,54274
22660,54275,54275
22661,54276,54276
22662,54277,54277
22663,54278,54278
22664,54279,54279
22665,54280,54280
22666,54281,54281
22667,54282,54282
22668,54283,54283
22669,54284,54284
22670,54285,54285
22671,54286,54286
22672,54287,54287
22673,54288,54288
22674,54289,54289
22675,54290,54290
22676,54291,54291
22677,54292,54292
22678,54293,54293
22679,54294,54294
22680,54295,54295
22681,54296,54296
22682,54297,54297
22683,54298,54298
22684,54299,54299
22685,54300,54300
22686,54301,54301
22687,54302,54302
22688,54303,54303
22689,54304,54304
22690,54305,54305
22691,54306,54306
22692,54307,54307
22693,54308,54308
22694,54309,54309
22695,54310,54310
22696,54311,54311
22697,54312,54312
22698,54313,54313
22699,54314,54314
22700,54315,54315
22701,54316,54316
22702,25237,25237
22703,54318,54318
22704,54319,54319
22705,53973,53973
22706,54321,54321
22707,5386,5386
22708,25243,25243
22709,54324,54324
22710,5390,5390
22711,54326,54326
22712,54327,54327
22713,25248,25248
22714,54329,54329
22715,54330,54330
22716,59216,59216
22717,54332,54332
22718,5398,5398
22719,25254,25254
22720,54335,54335
22721,54334,54334
22722,54337,54337
22723,54338,54338
22724,25259,25259
22725,54340,54340
22726,54341,54341
22727,59192,59192
22728,54343,54343
22729,5410,5410
22730,28105,28105
22731,54346,54346
22732,14276,14276
22733,54348,54348
22734,54349,54349
22735,5418,5418
22736,54351,54351
22737,54352,54352
22738,25271,25271
22739,54354,54354
22740,54355,54355
22741,59250,59250
22742,54357,54357
22743,5426,5426
22744,5433,5433
22745,54360,54360
22746,54361,54361
22747,25280,25280
22748,54363,54363
22749,54364,54364
22750,26528,26528
22751,54366,54366
22752,5436,5436
22753,13213,13213
22754,54369,54369
22755,54370,54370
22756,53979,53979
22757,54372,54372
22758,54373,54373
22759,59242,59242
22760,54375,54375
22761,5446,5446
22762,25291,25291
22763,54378,54378
22764,5450,5450
22765,54380,54380
22766,5453,5453
22767,25300,25300
22768,54383,54383
22769,54384,54384
22770,25328,25328
22771,54386,54386
22772,54387,54387
22773,59266,59266
22774,54389,54389
22775,5466,5466
22776,58839,58839
22777,54392,54392
22778,54393,54393
22779,54394,54394
22780,54395,54395
22781,54396,54396
22782,54397,54397
22783,54398,54398
22784,54399,54399
22785,54400,54400
22786,54401,54401
22787,54402,54402
22788,54403,54403
22789,54404,54404
22790,54405,54405
22791,54406,54406
22792,54407,54407
22793,54408,54408
22794,54409,54409
22795,54410,54410
22796,54411,54411
22797,54412,54412
22798,54413,54413
22799,54414,54414
22800,54415,54415
22801,54416,54416
22802,54417,54417
22803,54418,54418
22804,59227,59227
22805,54420,54420
22806,54421,54421
22807,59307,59307
22808,54423,54423
22809,54424,54424
22810,54425,54425
22811,54426,54426
22812,54427,54427
22813,54428,54428
22814,54429,54429
22815,54430,54430
22816,54431,54431
22817,54432,54432
22818,54433,54433
22819,54434,54434
22820,54435,54435
22821,54436,54436
22822,54437,54437
22823,54438,54438
22824,54439,54439
22825,54440,54440
22826,54441,54441
22827,54442,54442
22828,54443,54443
22829,54444,54444
22830,54445,54445
22831,54446,54446
22832,54447,54447
22833,54448,54448
22834,54449,54449
22835,54450,54450
22836,54451,54451
22837,54452,54452
22838,54453,54453
22839,54454,54454
22840,54455,54455
22841,54456,54456
22842,54457,54457
22843,54458,54458
22844,54459,54459
22845,54460,54460
22846,54461,54461
22847,54462,54462
22848,54463,54463
22849,54464,54464
22850,54465,54465
22851,54466,54466
22852,54467,54467
22853,54468,54468
22854,54469,54469
22855,54470,54470
22856,54471,54471
22857,54472,54472
22858,54473,54473
22859,54474,54474
22860,54475,54475
22861,54476,54476
22862,54477,54477
22863,54478,54478
22864,54479,54479
22865,54480,54480
22866,54481,54481
22867,54482,54482
22868,54483,54483
22869,54484,54484
22870,54485,54485
22871,54486,54486
22872,54487,54487
22873,54488,54488
22874,54489,54489
22875,54490,54490
22876,54491,54491
22877,54492,54492
22878,54493,54493
22879,54494,54494
22880,54495,54495
22881,54496,54496
22882,54497,54497
22883,54498,54498
22884,54499,54499
22885,54500,54500
22886,54501,54501
22887,54502,54502
22888,54503,54503
22889,54504,54504
22890,54505,54505
22891,54506,54506
22892,54507,54507
22893,54508,54508
22894,54509,54509
22895,54510,54510
22896,54511,54511
22897,54512,54512
22898,54513,54513
22899,54514,54514
22900,54515,54515
22901,54516,54516
22902,54517,54517
22903,54518,54518
22904,54519,54519
22905,54520,54520
22906,54521,54521
22907,54522,54522
22908,54523,54523
22909,54524,54524
22910,54525,54525
22911,54526,54526
22912,54527,54527
22913,54528,54528
22914,54529,54529
22915,54530,54530
22916,54531,54531
22917,54532,54532
22918,54533,54533
22919,54534,54534
22920,54535,54535
22921,54536,54536
22922,54537,54537
22923,54538,54538
22924,54539,54539
22925,54540,54540
22926,54541,54541
22927,54542,54542
22928,54543,54543
22929,54544,54544
22930,54545,54545
22931,54546,54546
22932,54547,54547
22933,54548,54548
22934,54549,54549
22935,54550,54550
22936,54551,54551
22937,54552,54552
22938,54553,54553
22939,54554,54554
22940,54555,54555
22941,54556,54556
22942,54557,54557
22943,54558,54558
22944,54559,54559
22945,54560,54560
22946,54561,54561
22947,54562,54562
22948,54563,54563
22949,54564,54564
22950,54565,54565
22951,54566,54566
22952,54567,54567
22953,54568,54568
22954,54569,54569
22955,54570,54570
22956,54571,54571
22957,54572,54572
22958,54573,54573
22959,54574,54574
22960,54575,54575
22961,54576,54576
22962,54577,54577
22963,54578,54578
22964,54579,54579
22965,54580,54580
22966,54581,54581
22967,54582,54582
22968,54583,54583
22969,54584,54584
22970,54585,54585
22971,54586,54586
22972,54587,54587
22973,54588,54588
22974,54589,54589
22975,54590,54590
22976,54591,54591
22977,54592,54592
22978,54593,54593
22979,54594,54594
22980,54595,54595
22981,54596,54596
22982,54597,54597
22983,54598,54598
22984,54599,54599
22985,54600,54600
22986,54601,54601
22987,54602,54602
22988,54603,54603
22989,54604,54604
22990,54605,54605
22991,54606,54606
22992,54607,54607
22993,54608,54608
22994,54609,54609
22995,54610,54610
22996,54611,54611
22997,54612,54612
22998,54613,54613
22999,54614,54614
23000,54615,54615
23001,54616,54616
23002,54617,54617
23003,54618,54618
23004,54619,54619
23005,54620,54620
23006,54621,54621
23007,54622,54622
23008,54623,54623
23009,54624,54624
23010,54625,54625
23011,54626,54626
23012,54627,54627
23013,54628,54628
23014,54629,54629
23015,54630,54630
23016,54631,54631
23017,54632,54632
23018,54633,54633
23019,54634,54634
23020,54635,54635
23021,54636,54636
23022,54637,54637
23023,54638,54638
23024,54639,54639
23025,54640,54640
23026,54641,54641
23027,54642,54642
23028,54643,54643
23029,54644,54644
23030,54645,54645
23031,54646,54646
23032,54647,54647
23033,54648,54648
23034,54649,54649
23035,54650,54650
23036,54651,54651
23037,54652,54652
23038,54653,54653
23039,54654,54654
23040,54655,54655
23041,54656,54656
23042,54657,54657
23043,54658,54658
23044,54659,54659
23045,54660,54660
23046,54661,54661
23047,54662,54662
23048,54663,54663
23049,54664,54664
23050,54665,54665
23051,54666,54666
23052,54667,54667
23053,54668,54668
23054,54669,54669
23055,54670,54670
23056,54671,54671
23057,54672,54672
23058,54673,54673
23059,54674,54674
23060,54675,54675
23061,54676,54676
23062,54677,54677
23063,54678,54678
23064,54679,54679
23065,54680,54680
23066,54681,54681
23067,54682,54682
23068,54683,54683
23069,54684,54684
23070,54685,54685
23071,54686,54686
23072,54687,54687
23073,54688,54688
23074,54689,54689
23075,54690,54690
23076,54691,54691
23077,54692,54692
23078,54693,54693
23079,54694,54694
23080,54695,54695
23081,54696,54696
23082,54697,54697
23083,54698,54698
23084,54699,54699
23085,54700,54700
23086,54701,54701
23087,54702,54702
23088,54703,54703
23089,54704,54704
23090,54705,54705
23091,54706,54706
23092,54707,54707
23093,54708,54708
23094,54709,54709
23095,54710,54710
23096,54711,54711
23097,54712,54712
23098,54713,54713
23099,54714,54714
23100,54715,54715
23101,54716,54716
23102,54717,54717
23103,54718,54718
23104,54719,54719
23105,54720,54720
23106,54721,54721
23107,54722,54722
23108,54723,54723
23109,54724,54724
23110,54725,54725
23111,54726,54726
23112,54727,54727
23113,54728,54728
23114,54729,54729
23115,54730,54730
23116,54731,54731
23117,54732,54732
23118,54733,54733
23119,54734,54734
23120,54735,54735
23121,54736,54736
23122,54737,54737
23123,54738,54738
23124,54739,54739
23125,54740,54740
23126,54741,54741
23127,54742,54742
23128,54743,54743
23129,54744,54744
23130,54745,54745
23131,54746,54746
23132,54747,54747
23133,54748,54748
23134,54749,54749
23135,54750,54750
23136,54751,54751
23137,54752,54752
23138,54753,54753
23139,54754,54754
23140,54755,54755
23141,54756,54756
23142,54757,54757
23143,54758,54758
23144,54759,54759
23145,54760,54760
23146,54761,54761
23147,54762,54762
23148,54763,54763
23149,54764,54764
23150,54765,54765
23151,54766,54766
23152,54767,54767
23153,54768,54768
23154,54769,54769
23155,54770,54770
23156,54771,54771
23157,54772,54772
23158,54773,54773
23159,54774,54774
23160,54775,54775
23161,54776,54776
23162,54777,54777
23163,54778,54778
23164,54779,54779
23165,54780,54780
23166,54781,54781
23167,54782,54782
23168,54783,54783
23169,54784,54784
23170,54785,54785
23171,54786,54786
23172,54787,54787
23173,54788,54788
23174,54789,54789
23175,54790,54790
23176,54791,54791
23177,54792,54792
23178,54793,54793
23179,54794,54794
23180,54795,54795
23181,54796,54796
23182,54797,54797
23183,54798,54798
23184,54799,54799
23185,54800,54800
23186,54801,54801
23187,54802,54802
23188,54803,54803
23189,54804,54804
23190,54805,54805
23191,54806,54806
23192,54807,54807
23193,54808,54808
23194,54809,54809
23195,54810,54810
23196,54811,54811
23197,54812,54812
23198,54813,54813
23199,54814,54814
23200,54815,54815
23201,54816,54816
23202,54817,54817
23203,54818,54818
23204,54819,54819
23205,54820,54820
23206,54821,54821
23207,54822,54822
23208,54823,54823
23209,54824,54824
23210,54825,54825
23211,54826,54826
23212,54827,54827
23213,54828,54828
23214,54829,54829
23215,54830,54830
23216,54831,54831
23217,54832,54832
23218,54833,54833
23219,54834,54834
23220,54835,54835
23221,54836,54836
23222,54837,54837
23223,54838,54838
23224,54839,54839
23225,54840,54840
23226,54841,54841
23227,54842,54842
23228,54843,54843
23229,54844,54844
23230,54845,54845
23231,54846,54846
23232,54847,54847
23233,54848,54848
23234,54849,54849
23235,54850,54850
23236,54851,54851
23237,54852,54852
23238,54853,54853
23239,54854,54854
23240,54855,54855
23241,54856,54856
23242,54857,54857
23243,54858,54858
23244,54859,54859
23245,54860,54860
23246,54861,54861
23247,54862,54862
23248,54863,54863
23249,54864,54864
23250,54865,54865
23251,54866,54866
23252,54867,54867
23253,54868,54868
23254,54869,54869
23255,54870,54870
23256,54871,54871
23257,54872,54872
23258,54873,54873
23259,54874,54874
23260,54875,54875
23261,54876,54876
23262,54877,54877
23263,54878,54878
23264,54879,54879
23265,54880,54880
23266,54881,54881
23267,54882,54882
23268,54883,54883
23269,54884,54884
23270,54885,54885
23271,54886,54886
23272,54887,54887
23273,54888,54888
23274,54889,54889
23275,54890,54890
23276,54891,54891
23277,54892,54892
23278,54893,54893
23279,54894,54894
23280,54895,54895
23281,54896,54896
23282,54897,54897
23283,54898,54898
23284,54899,54899
23285,54900,54900
23286,54901,54901
23287,54902,54902
23288,54903,54903
23289,54904,54904
23290,54905,54905
23291,54906,54906
23292,54907,54907
23293,54908,54908
23294,54909,54909
23295,54910,54910
23296,54911,54911
23297,54912,54912
23298,54913,54913
23299,54914,54914
23300,54915,54915
23301,54916,54916
23302,54917,54917
23303,54918,54918
23304,54919,54919
23305,54920,54920
23306,54921,54921
23307,54922,54922
23308,54923,54923
23309,54924,54924
23310,54925,54925
23311,54926,54926
23312,54927,54927
23313,54928,54928
23314,54929,54929
23315,54930,54930
23316,54931,54931
23317,49632,49632
23318,54933,54933
23319,54934,54934
23320,54935,54935
23321,6120,6120
23322,54937,54937
23323,54938,54938
23324,54939,54939
23325,54940,54940
23326,54941,54941
23327,54942,54942
23328,54943,54943
23329,54944,54944
23330,54945,54945
23331,54946,54946
23332,54947,54947
23333,54948,54948
23334,54949,54949
23335,6135,6135
23336,54951,54951
23337,54952,54952
23338,54953,54953
23339,54954,54954
23340,54955,54955
23341,54956,54956
23342,54957,54957
23343,54958,54958
23344,54959,54959
23345,54960,54960
23346,54961,54961
23347,54962,54962
23348,54963,54963
23349,54964,54964
23350,54965,54965
23351,54966,54966
23352,54967,54967
23353,54968,54968
23354,54969,54969
23355,54970,54970
23356,54971,54971
23357,54972,54972
23358,54973,54973
23359,54974,54974
23360,54975,54975
23361,54976,54976
23362,54977,54977
23363,54978,54978
23364,54979,54979
23365,54980,54980
23366,6169,6169
23367,54982,54982
23368,54983,54983
23369,54984,54984
23370,54985,54985
23371,54986,54986
23372,54987,54987
23373,54988,54988
23374,54989,54989
23375,54990,54990
23376,54991,54991
23377,6181,6181
23378,54993,54993
23379,54994,54994
23380,54995,54995
23381,54996,54996
23382,54997,54997
23383,54998,54998
23384,54999,54999
23385,55000,55000
23386,55001,55001
23387,55002,55002
23388,6193,6193
23389,55004,55004
23390,55005,55005
23391,55006,55006
23392,55007,55007
23393,55008,55008
23394,55009,55009
23395,55010,55010
23396,55011,55011
23397,55012,55012
23398,55013,55013
23399,6205,6205
23400,55015,55015
23401,55016,55016
23402,55017,55017
23403,55018,55018
23404,55019,55019
23405,55020,55020
23406,59955,59955
23407,55022,55022
23408,55023,55023
23409,55024,55024
23410,55025,55025
23411,55026,55026
23412,55027,55027
23413,55028,55028
23414,55029,55029
23415,55030,55030
23416,55031,55031
23417,55032,55032
23418,55033,55033
23419,55034,55034
23420,6232,6232
23421,1134,1134
23422,55037,55037
23423,55038,55038
23424,55039,55039
23425,55040,55040
23426,55041,55041
23427,55042,55042
23428,55043,55043
23429,55044,55044
23430,55045,55045
23431,55046,55046
23432,55047,55047
23433,55048,55048
23434,55049,55049
23435,55050,55050
23436,55051,55051
23437,55052,55052
23438,55053,55053
23439,55054,55054
23440,55055,55055
23441,55056,55056
23442,55057,55057
23443,55058,55058
23444,55059,55059
23445,55060,55060
23446,55061,55061
23447,55062,55062
23448,6260,6260
23449,55064,55064
23450,55065,55065
23451,55066,55066
23452,55067,55067
23453,55068,55068
23454,55069,55069
23455,55070,55070
23456,55071,55071
23457,55072,55072
23458,55073,55073
23459,6272,6272
23460,55075,55075
23461,55076,55076
23462,55077,55077
23463,55078,55078
23464,55079,55079
23465,55080,55080
23466,55081,55081
23467,55082,55082
23468,55083,55083
23469,55084,55084
23470,6284,6284
23471,55086,55086
23472,55087,55087
23473,55088,55088
23474,55089,55089
23475,55090,55090
23476,55091,55091
23477,55092,55092
23478,55093,55093
23479,55094,55094
23480,55095,55095
23481,6296,6296
23482,55097,55097
23483,55098,55098
23484,55099,55099
23485,55100,55100
23486,55101,55101
23487,55102,55102
23488,55103,55103
23489,55104,55104
23490,55105,55105
23491,55106,55106
23492,55107,55107
23493,55108,55108
23494,55109,55109
23495,55110,55110
23496,55111,55111
23497,55112,55112
23498,55113,55113
23499,55114,55114
23500,55115,55115
23501,55116,55116
23502,55117,55117
23503,55118,55118
23504,55119,55119
23505,55120,55120
23506,6324,6324
23507,55122,55122
23508,55123,55123
23509,55124,55124
23510,55125,55125
23511,55126,55126
23512,55127,55127
23513,55128,55128
23514,55129,55129
23515,55130,55130
23516,55131,55131
23517,1239,1239
23518,55133,55133
23519,55134,55134
23520,55135,55135
23521,55136,55136
23522,55137,55137
23523,55138,55138
23524,55139,55139
23525,55140,55140
23526,55141,55141
23527,55142,55142
23528,55143,55143
23529,55144,55144
23530,55145,55145
23531,55146,55146
23532,55147,55147
23533,55148,55148
23534,55149,55149
23535,55150,55150
23536,55151,55151
23537,55152,55152
23538,55153,55153
23539,55154,55154
23540,26322,26322
23541,6339,6339
23542,55157,55157
23543,1409,1409
23544,55159,55159
23545,55160,55160
23546,55161,55161
23547,55162,55162
23548,55163,55163
23549,55164,55164
23550,55165,55165
23551,55166,55166
23552,55167,55167
23553,55168,55168
23554,55169,55169
23555,55170,55170
23556,55171,55171
23557,55172,55172
23558,55173,55173
23559,55174,55174
23560,55175,55175
23561,55176,55176
23562,55177,55177
23563,55178,55178
23564,55179,55179
23565,55180,55180
23566,55181,55181
23567,55182,55182
23568,55183,55183
23569,55184,55184
23570,55185,55185
23571,55186,55186
23572,55187,55187
23573,55188,55188
23574,55189,55189
23575,55190,55190
23576,55191,55191
23577,55192,55192
23578,55193,55193
23579,55194,55194
23580,55195,55195
23581,55196,55196
23582,55197,55197
23583,55198,55198
23584,55199,55199
23585,55200,55200
23586,55201,55201
23587,55202,55202
23588,55203,55203
23589,55204,55204
23590,55205,55205
23591,55206,55206
23592,55207,55207
23593,55208,55208
23594,55209,55209
23595,55210,55210
23596,55211,55211
23597,55212,55212
23598,55213,55213
23599,55214,55214
23600,55215,55215
23601,55216,55216
23602,55217,55217
23603,55218,55218
23604,55219,55219
23605,55220,55220
23606,55221,55221
23607,55222,55222
23608,55223,55223
23609,55224,55224
23610,55225,55225
23611,55226,55226
23612,55227,55227
23613,55228,55228
23614,1396,1396
23615,55230,55230
23616,6352,6352
23617,55232,55232
23618,55233,55233
23619,55234,55234
23620,55235,55235
23621,55236,55236
23622,55237,55237
23623,55238,55238
23624,55239,55239
23625,55240,55240
23626,24318,24318
23627,6479,6479
23628,55243,55243
23629,55244,55244
23630,55245,55245
23631,55246,55246
23632,55247,55247
23633,55248,55248
23634,55249,55249
23635,55250,55250
23636,55251,55251
23637,55252,55252
23638,55253,55253
23639,55254,55254
23640,55255,55255
23641,55256,55256
23642,55257,55257
23643,55258,55258
23644,55259,55259
23645,55260,55260
23646,55261,55261
23647,55262,55262
23648,55263,55263
23649,55264,55264
23650,55265,55265
23651,55266,55266
23652,55267,55267
23653,55268,55268
23654,55269,55269
23655,55270,55270
23656,55271,55271
23657,55272,55272
23658,55273,55273
23659,55274,55274
23660,55275,55275
23661,55276,55276
23662,55277,55277
23663,1385,1385
23664,55279,55279
23665,55280,55280
23666,55281,55281
23667,55282,55282
23668,55283,55283
23669,55284,55284
23670,6487,6487
23671,6488,6488
23672,55287,55287
23673,55288,55288
23674,6490,6490
23675,6443,6443
23676,6493,6493
23677,55292,55292
23678,55293,55293
23679,55294,55294
23680,55295,55295
23681,55296,55296
23682,55297,55297
23683,55298,55298
23684,1406,1406
23685,1407,1407
23686,24319,24319
23687,6365,6365
23688,1410,1410
23689,24072,24072
23690,55305,55305
23691,55306,55306
23692,55307,55307
23693,55308,55308
23694,55309,55309
23695,6548,6548
23696,55311,55311
23697,6550,6550
23698,55313,55313
23699,55314,55314
23700,6551,6551
23701,6552,6552
23702,29417,29417
23703,18520,18520
23704,8706,8706
23705,18049,18049
23706,55321,55321
23707,1427,1427
23708,6559,6559
23709,22180,22180
23710,55325,55325
23711,55326,55326
23712,55327,55327
23713,55328,55328
23714,55329,55329
23715,55330,55330
23716,55331,55331
23717,55332,55332
23718,55333,55333
23719,55334,55334
23720,55335,55335
23721,6572,6572
23722,55337,55337
23723,55338,55338
23724,55339,55339
23725,6576,6576
23726,2313,2313
23727,28001,28001
23728,2603,2603
23729,6580,6580
23730,55345,55345
23731,55346,55346
23732,55347,55347
23733,55348,55348
23734,55349,55349
23735,55350,55350
23736,6587,6587
23737,55352,55352
23738,55353,55353
23739,6590,6590
23740,55355,55355
23741,55356,55356
23742,55357,55357
23743,55358,55358
23744,55359,55359
23745,55360,55360
23746,55361,55361
23747,55362,55362
23748,55363,55363
23749,55364,55364
23750,6601,6601
23751,55366,55366
23752,1474,1474
23753,1475,1475
23754,1476,1476
23755,1477,1477
23756,1478,1478
23757,1479,1479
23758,1480,1480
23759,1481,1481
23760,1482,1482
23761,55376,55376
23762,55377,55377
23763,55378,55378
23764,55379,55379
23765,55380,55380
23766,55381,55381
23767,55382,55382
23768,55383,55383
23769,55384,55384
23770,55385,55385
23771,55386,55386
23772,55387,55387
23773,55388,55388
23774,55389,55389
23775,55390,55390
23776,55391,55391
23777,55392,55392
23778,55393,55393
23779,55394,55394
23780,55395,55395
23781,55396,55396
23782,55397,55397
23783,55398,55398
23784,55399,55399
23785,55400,55400
23786,55401,55401
23787,55402,55402
23788,55403,55403
23789,55404,55404
23790,55405,55405
23791,55406,55406
23792,55407,55407
23793,46981,46981
23794,2433,2433
23795,27170,27170
23796,6630,6630
23797,45868,45868
23798,6631,6631
23799,13214,13214
23800,28293,28293
23801,1669,1669
23802,55417,55417
23803,55418,55418
23804,6641,6641
23805,6642,6642
23806,1640,1640
23807,27900,27900
23808,27195,27195
23809,1721,1721
23810,6643,6643
23811,6648,6648
23812,6649,6649
23813,27063,27063
23814,55429,55429
23815,55430,55430
23816,6653,6653
23817,1539,1539
23818,1540,1540
23819,1541,1541
23820,55435,55435
23821,55436,55436
23822,55437,55437
23823,55438,55438
23824,55439,55439
23825,55440,55440
23826,55441,55441
23827,55442,55442
23828,55443,55443
23829,6666,6666
23830,1552,1552
23831,33369,33369
23832,1554,1554
23833,1555,1555
23834,55449,55449
23835,55450,55450
23836,55451,55451
23837,55452,55452
23838,55453,55453
23839,55454,55454
23840,55455,55455
23841,55456,55456
23842,55457,55457
23843,1565,1565
23844,1566,1566
23845,1567,1567
23846,1568,1568
23847,1569,1569
23848,55463,55463
23849,55464,55464
23850,55465,55465
23851,55466,55466
23852,55467,55467
23853,1575,1575
23854,1576,1576
23855,1577,1577
23856,1578,1578
23857,1579,1579
23858,55473,55473
23859,55474,55474
23860,55475,55475
23861,28035,28035
23862,4139,4139
23863,8002,8002
23864,55479,55479
23865,55480,55480
23866,55481,55481
23867,55482,55482
23868,55483,55483
23869,55484,55484
23870,55485,55485
23871,6708,6708
23872,8589,8589
23873,53952,53952
23874,2435,2435
23875,27951,27951
23876,55491,55491
23877,55492,55492
23878,55493,55493
23879,55494,55494
23880,6717,6717
23881,1614,1614
23882,1604,1604
23883,6720,6720
23884,3216,3216
23885,37121,37121
23886,12102,12102
23887,27691,27691
23888,55503,55503
23889,55504,55504
23890,55505,55505
23891,6728,6728
23892,6729,6729
23893,1603,1603
23894,55509,55509
23895,6736,6736
23896,26906,26906
23897,55512,55512
23898,12038,12038
23899,22278,22278
23900,55515,55515
23901,55516,55516
23902,55517,55517
23903,55518,55518
23904,55519,55519
23905,55520,55520
23906,6743,6743
23907,6744,6744
23908,12345,12345
23909,1523,1523
23910,27759,27759
23911,28855,28855
23912,55527,55527
23913,6749,6749
23914,6751,6751
23915,42120,42120
23916,27952,27952
23917,57460,57460
23918,24429,24429
23919,13192,13192
23920,48079,48079
23921,6758,6758
23922,6757,6757
23923,24155,24155
23924,55539,55539
23925,55540,55540
23926,55541,55541
23927,55542,55542
23928,55543,55543
23929,55544,55544
23930,55545,55545
23931,48113,48113
23932,6769,6769
23933,7204,7204
23934,50025,50025
23935,6772,6772
23936,55551,55551
23937,55552,55552
23938,55553,55553
23939,6775,6775
23940,1662,1662
23941,30368,30368
23942,6777,6777
23943,6779,6779
23944,55559,55559
23945,6781,6781
23946,55561,55561
23947,1681,1681
23948,55563,55563
23949,55564,55564
23950,6787,6787
23951,6788,6788
23952,29352,29352
23953,14100,14100
23954,1860,1860
23955,2308,2308
23956,55571,55571
23957,55572,55572
23958,55573,55573
23959,1535,1535
23960,55575,55575
23961,55576,55576
23962,55577,55577
23963,2910,2910
23964,28054,28054
23965,55580,55580
23966,55581,55581
23967,23197,23197
23968,1690,1690
23969,28349,28349
23970,1692,1692
23971,12115,12115
23972,55587,55587
23973,55588,55588
23974,55589,55589
23975,55590,55590
23976,55591,55591
23977,55592,55592
23978,55593,55593
23979,55594,55594
23980,55595,55595
23981,55596,55596
23982,55597,55597
23983,55598,55598
23984,55599,55599
23985,55600,55600
23986,55601,55601
23987,55602,55602
23988,6826,6826
23989,55604,55604
23990,6828,6828
23991,6829,6829
23992,6830,6830
23993,6831,6831
23994,6832,6832
23995,11647,11647
23996,55611,55611
23997,55612,55612
23998,55613,55613
23999,6836,6836
24000,1663,1663
24001,55616,55616
24002,6837,6837
24003,6838,6838
24004,6841,6841
24005,6842,6842
24006,6843,6843
24007,55622,55622
24008,55623,55623
24009,55624,55624
24010,55625,55625
24011,55626,55626
24012,55627,55627
24013,55628,55628
24014,55629,55629
24015,55630,55630
24016,55631,55631
24017,55632,55632
24018,55633,55633
24019,55634,55634
24020,55635,55635
24021,55636,55636
24022,55637,55637
24023,55638,55638
24024,55639,55639
24025,55640,55640
24026,55641,55641
24027,55642,55642
24028,55643,55643
24029,55644,55644
24030,55645,55645
24031,55646,55646
24032,55647,55647
24033,55648,55648
24034,55649,55649
24035,55650,55650
24036,55651,55651
24037,55652,55652
24038,55653,55653
24039,55654,55654
24040,55655,55655
24041,55656,55656
24042,55657,55657
24043,55658,55658
24044,55659,55659
24045,55660,55660
24046,55661,55661
24047,55662,55662
24048,55663,55663
24049,55664,55664
24050,55665,55665
24051,55666,55666
24052,55667,55667
24053,55668,55668
24054,55669,55669
24055,55670,55670
24056,55671,55671
24057,55672,55672
24058,55673,55673
24059,55674,55674
24060,55675,55675
24061,55676,55676
24062,55677,55677
24063,55678,55678
24064,55679,55679
24065,55680,55680
24066,55681,55681
24067,55682,55682
24068,55683,55683
24069,55684,55684
24070,55685,55685
24071,55686,55686
24072,55687,55687
24073,55688,55688
24074,55689,55689
24075,55690,55690
24076,55691,55691
24077,55692,55692
24078,55693,55693
24079,55694,55694
24080,55695,55695
24081,55696,55696
24082,55697,55697
24083,55698,55698
24084,55699,55699
24085,55700,55700
24086,55701,55701
24087,55702,55702
24088,55703,55703
24089,55704,55704
24090,55705,55705
24091,55706,55706
24092,55707,55707
24093,55708,55708
24094,55709,55709
24095,55710,55710
24096,55711,55711
24097,55712,55712
24098,55713,55713
24099,55714,55714
24100,55715,55715
24101,55716,55716
24102,55717,55717
24103,55718,55718
24104,55719,55719
24105,55720,55720
24106,55721,55721
24107,55722,55722
24108,55723,55723
24109,55724,55724
24110,55725,55725
24111,55726,55726
24112,55727,55727
24113,55728,55728
24114,55729,55729
24115,55730,55730
24116,55731,55731
24117,55732,55732
24118,55733,55733
24119,55734,55734
24120,55735,55735
24121,55736,55736
24122,55737,55737
24123,55738,55738
24124,55739,55739
24125,55740,55740
24126,55741,55741
24127,55742,55742
24128,55743,55743
24129,55744,55744
24130,55745,55745
24131,55746,55746
24132,55747,55747
24133,55748,55748
24134,55749,55749
24135,55750,55750
24136,6953,6953
24137,47110,47110
24138,55753,55753
24139,6954,6954
24140,6957,6957
24141,28103,28103
24142,55757,55757
24143,6958,6958
24144,1868,1868
24145,1869,1869
24146,1870,1870
24147,1871,1871
24148,1872,1872
24149,55764,55764
24150,55765,55765
24151,55766,55766
24152,55767,55767
24153,55768,55768
24154,55769,55769
24155,55770,55770
24156,55771,55771
24157,55772,55772
24158,55773,55773
24159,55774,55774
24160,55775,55775
24161,55776,55776
24162,55777,55777
24163,55778,55778
24164,55779,55779
24165,55780,55780
24166,55781,55781
24167,55782,55782
24168,55783,55783
24169,55784,55784
24170,55785,55785
24171,55786,55786
24172,55787,55787
24173,1897,1897
24174,1898,1898
24175,1899,1899
24176,1900,1900
24177,1901,1901
24178,1902,1902
24179,1903,1903
24180,1904,1904
24181,55796,55796
24182,6985,6985
24183,1907,1907
24184,55799,55799
24185,55800,55800
24186,55801,55801
24187,1916,1916
24188,1917,1917
24189,1918,1918
24190,1919,1919
24191,1920,1920
24192,1921,1921
24193,1922,1922
24194,1923,1923
24195,1924,1924
24196,1925,1925
24197,1926,1926
24198,1927,1927
24199,1928,1928
24200,1929,1929
24201,1930,1930
24202,1931,1931
24203,1932,1932
24204,1933,1933
24205,1934,1934
24206,1935,1935
24207,1936,1936
24208,1937,1937
24209,1938,1938
24210,1939,1939
24211,1940,1940
24212,1941,1941
24213,1942,1942
24214,1943,1943
24215,1944,1944
24216,1945,1945
24217,1946,1946
24218,55833,55833
24219,55834,55834
24220,55835,55835
24221,55836,55836
24222,55837,55837
24223,55838,55838
24224,55839,55839
24225,55840,55840
24226,55841,55841
24227,55842,55842
24228,55843,55843
24229,55844,55844
24230,55845,55845
24231,55846,55846
24232,55847,55847
24233,55848,55848
24234,55849,55849
24235,55850,55850
24236,55851,55851
24237,55852,55852
24238,55853,55853
24239,55854,55854
24240,55855,55855
24241,55856,55856
24242,55857,55857
24243,55858,55858
24244,55859,55859
24245,55860,55860
24246,55861,55861
24247,55862,55862
24248,55863,55863
24249,55864,55864
24250,55865,55865
24251,55866,55866
24252,55867,55867
24253,55868,55868
24254,55869,55869
24255,55870,55870
24256,55871,55871
24257,55872,55872
24258,55873,55873
24259,55874,55874
24260,55875,55875
24261,55876,55876
24262,55877,55877
24263,55878,55878
24264,55879,55879
24265,55880,55880
24266,55881,55881
24267,55882,55882
24268,55883,55883
24269,55884,55884
24270,55885,55885
24271,55886,55886
24272,55887,55887
24273,55888,55888
24274,55889,55889
24275,55890,55890
24276,55891,55891
24277,55892,55892
24278,55893,55893
24279,55894,55894
24280,55895,55895
24281,55896,55896
24282,55897,55897
24283,55898,55898
24284,55899,55899
24285,55900,55900
24286,55901,55901
24287,55902,55902
24288,55903,55903
24289,55904,55904
24290,2021,2021
24291,2022,2022
24292,2023,2023
24293,2024,2024
24294,2025,2025
24295,2026,2026
24296,2035,2035
24297,2036,2036
24298,2037,2037
24299,2038,2038
24300,2039,2039
24301,55916,55916
24302,55917,55917
24303,55918,55918
24304,55919,55919
24305,55920,55920
24306,55921,55921
24307,55922,55922
24308,55923,55923
24309,55924,55924
24310,55925,55925
24311,55926,55926
24312,55927,55927
24313,55928,55928
24314,55929,55929
24315,55930,55930
24316,55931,55931
24317,55932,55932
24318,55933,55933
24319,55934,55934
24320,55935,55935
24321,55936,55936
24322,55937,55937
24323,55938,55938
24324,55939,55939
24325,55940,55940
24326,55941,55941
24327,55942,55942
24328,55943,55943
24329,55944,55944
24330,55945,55945
24331,55946,55946
24332,55947,55947
24333,55948,55948
24334,55949,55949
24335,55950,55950
24336,55951,55951
24337,55952,55952
24338,55953,55953
24339,55954,55954
24340,55955,55955
24341,55956,55956
24342,55957,55957
24343,55958,55958
24344,55959,55959
24345,55960,55960
24346,55961,55961
24347,55962,55962
24348,55963,55963
24349,55964,55964
24350,55965,55965
24351,55966,55966
24352,55967,55967
24353,55968,55968
24354,55969,55969
24355,55970,55970
24356,55971,55971
24357,55972,55972
24358,55973,55973
24359,55974,55974
24360,55975,55975
24361,55976,55976
24362,55977,55977
24363,55978,55978
24364,55979,55979
24365,55980,55980
24366,55981,55981
24367,55982,55982
24368,55983,55983
24369,55984,55984
24370,55985,55985
24371,55986,55986
24372,55987,55987
24373,55988,55988
24374,55989,55989
24375,55990,55990
24376,55991,55991
24377,55992,55992
24378,55993,55993
24379,55994,55994
24380,55995,55995
24381,55996,55996
24382,55997,55997
24383,30359,30359
24384,7146,7146
24385,56000,56000
24386,56001,56001
24387,56002,56002
24388,56003,56003
24389,56004,56004
24390,56005,56005
24391,56006,56006
24392,56007,56007
24393,56008,56008
24394,56009,56009
24395,56010,56010
24396,56011,56011
24397,56012,56012
24398,56013,56013
24399,56014,56014
24400,56015,56015
24401,56016,56016
24402,56017,56017
24403,56018,56018
24404,56019,56019
24405,56020,56020
24406,56021,56021
24407,56022,56022
24408,56023,56023
24409,56024,56024
24410,56025,56025
24411,56026,56026
24412,56027,56027
24413,56028,56028
24414,56029,56029
24415,56030,56030
24416,56031,56031
24417,56032,56032
24418,56033,56033
24419,56034,56034
24420,56035,56035
24421,56036,56036
24422,56037,56037
24423,56038,56038
24424,56039,56039
24425,56040,56040
24426,56041,56041
24427,56042,56042
24428,56043,56043
24429,56044,56044
24430,56045,56045
24431,56046,56046
24432,56047,56047
24433,56048,56048
24434,56049,56049
24435,56050,56050
24436,56051,56051
24437,56052,56052
24438,56053,56053
24439,56054,56054
24440,56055,56055
24441,56056,56056
24442,56057,56057
24443,56058,56058
24444,56059,56059
24445,56060,56060
24446,56061,56061
24447,2186,2186
24448,2187,2187
24449,2188,2188
24450,2189,2189
24451,2190,2190
24452,2191,2191
24453,2192,2192
24454,2193,2193
24455,27913,27913
24456,27888,27888
24457,2202,2202
24458,2203,2203
24459,2198,2198
24460,2199,2199
24461,27953,27953
24462,2201,2201
24463,2195,2195
24464,23283,23283
24465,2204,2204
24466,19434,19434
24467,56082,56082
24468,56083,56083
24469,2217,2217
24470,7213,7213
24471,7214,7214
24472,7215,7215
24473,9595,9595
24474,2213,2213
24475,2214,2214
24476,2215,2215
24477,2216,2216
24478,27527,27527
24479,56094,56094
24480,56095,56095
24481,56096,56096
24482,2227,2227
24483,23878,23878
24484,56099,56099
24485,2236,2236
24486,2237,2237
24487,2238,2238
24488,7237,7237
24489,2241,2241
24490,44388,44388
24491,56106,56106
24492,56107,56107
24493,56108,56108
24494,2239,2239
24495,7238,7238
24496,2240,2240
24497,7224,7224
24498,24627,24627
24499,2225,2225
24500,7236,7236
24501,2226,2226
24502,7239,7239
24503,56118,56118
24504,56119,56119
24505,56120,56120
24506,56121,56121
24507,56122,56122
24508,56123,56123
24509,56124,56124
24510,56125,56125
24511,56126,56126
24512,56127,56127
24513,56128,56128
24514,56129,56129
24515,56130,56130
24516,56131,56131
24517,56132,56132
24518,56133,56133
24519,56134,56134
24520,56135,56135
24521,56136,56136
24522,56137,56137
24523,56138,56138
24524,56139,56139
24525,56140,56140
24526,56141,56141
24527,56142,56142
24528,56143,56143
24529,56144,56144
24530,56145,56145
24531,56146,56146
24532,56147,56147
24533,56148,56148
24534,56149,56149
24535,56150,56150
24536,7292,7292
24537,7293,7293
24538,7294,7294
24539,56154,56154
24540,56155,56155
24541,56156,56156
24542,56157,56157
24543,47431,47431
24544,56159,56159
24545,56160,56160
24546,56161,56161
24547,56162,56162
24548,7304,7304
24549,7305,7305
24550,7306,7306
24551,56166,56166
24552,56167,56167
24553,44719,44719
24554,7739,7739
24555,27797,27797
24556,52465,52465
24557,52469,52469
24558,26953,26953
24559,44145,44145
24560,23908,23908
24561,26663,26663
24562,24388,24388
24563,56178,56178
24564,56179,56179
24565,16331,16331
24566,24265,24265
24567,14095,14095
24568,2735,2735
24569,26612,26612
24570,7472,7472
24571,7322,7322
24572,27671,27671
24573,27704,27704
24574,41798,41798
24575,56190,56190
24576,56191,56191
24577,56192,56192
24578,56193,56193
24579,56194,56194
24580,56195,56195
24581,7336,7336
24582,56197,56197
24583,56198,56198
24584,41055,41055
24585,7340,7340
24586,7342,7342
24587,56202,56202
24588,56203,56203
24589,56204,56204
24590,56205,56205
24591,7347,7347
24592,7348,7348
24593,56208,56208
24594,56209,56209
24595,56210,56210
24596,11301,11301
24597,7352,7352
24598,7354,7354
24599,56214,56214
24600,56215,56215
24601,56216,56216
24602,27032,27032
24603,56218,56218
24604,7359,7359
24605,56220,56220
24606,29723,29723
24607,12882,12882
24608,48103,48103
24609,26780,26780
24610,23909,23909
24611,56226,56226
24612,56227,56227
24613,56228,56228
24614,7370,7370
24615,47323,47323
24616,48982,48982
24617,8876,8876
24618,27700,27700
24619,44732,44732
24620,56235,56235
24621,7377,7377
24622,7378,7378
24623,56238,56238
24624,56239,56239
24625,56240,56240
24626,56241,56241
24627,56242,56242
24628,56243,56243
24629,56244,56244
24630,56245,56245
24631,56246,56246
24632,56247,56247
24633,7388,7388
24634,7390,7390
24635,56250,56250
24636,56251,56251
24637,56252,56252
24638,56253,56253
24639,56254,56254
24640,56255,56255
24641,56256,56256
24642,56257,56257
24643,56258,56258
24644,56259,56259
24645,56260,56260
24646,56261,56261
24647,56262,56262
24648,56263,56263
24649,56264,56264
24650,56265,56265
24651,24042,24042
24652,12413,12413
24653,8150,8150
24654,2480,2480
24655,29588,29588
24656,8193,8193
24657,26798,26798
24658,2482,2482
24659,56274,56274
24660,56275,56275
24661,56276,56276
24662,56277,56277
24663,56278,56278
24664,56279,56279
24665,56280,56280
24666,56281,56281
24667,56282,56282
24668,7424,7424
24669,56284,56284
24670,7426,7426
24671,56286,56286
24672,56287,56287
24673,56288,56288
24674,56289,56289
24675,56290,56290
24676,56291,56291
24677,56292,56292
24678,56293,56293
24679,56294,56294
24680,7436,7436
24681,56296,56296
24682,7438,7438
24683,2424,2424
24684,2430,2430
24685,2426,2426
24686,2427,2427
24687,2428,2428
24688,2429,2429
24689,2425,2425
24690,52558,52558
24691,2432,2432
24692,7450,7450
24693,11355,11355
24694,7454,7454
24695,11900,11900
24696,28101,28101
24697,27918,27918
24698,56313,56313
24699,56314,56314
24700,56315,56315
24701,56316,56316
24702,56317,56317
24703,56318,56318
24704,56319,56319
24705,56320,56320
24706,56321,56321
24707,56322,56322
24708,56323,56323
24709,7466,7466
24710,56325,56325
24711,56326,56326
24712,56327,56327
24713,56328,56328
24714,56329,56329
24715,56330,56330
24716,56331,56331
24717,29174,29174
24718,56333,56333
24719,56334,56334
24720,2461,2461
24721,56336,56336
24722,56337,56337
24723,56338,56338
24724,56339,56339
24725,56340,56340
24726,22410,22410
24727,56342,56342
24728,56343,56343
24729,14325,14325
24730,7488,7488
24731,2472,2472
24732,14337,14337
24733,2474,2474
24734,56349,56349
24735,56350,56350
24736,7493,7493
24737,41889,41889
24738,2481,2481
24739,2309,2309
24740,4027,4027
24741,17954,17954
24742,2483,2483
24743,2484,2484
24744,2485,2485
24745,56360,56360
24746,56361,56361
24747,7504,7504
24748,7505,7505
24749,42743,42743
24750,7507,7507
24751,56366,56366
24752,22777,22777
24753,7509,7509
24754,29437,29437
24755,8013,8013
24756,56371,56371
24757,2498,2498
24758,7514,7514
24759,14825,14825
24760,13740,13740
24761,44760,44760
24762,12576,12576
24763,26753,26753
24764,2502,2502
24765,14108,14108
24766,4696,4696
24767,2508,2508
24768,56383,56383
24769,56384,56384
24770,56385,56385
24771,56386,56386
24772,2513,2513
24773,2514,2514
24774,2515,2515
24775,2516,2516
24776,2517,2517
24777,56392,56392
24778,56393,56393
24779,56394,56394
24780,56395,56395
24781,16933,16933
24782,3504,3504
24783,28144,28144
24784,16377,16377
24785,2526,2526
24786,2527,2527
24787,2528,2528
24788,2396,2396
24789,48796,48796
24790,51399,51399
24791,31191,31191
24792,56407,56407
24793,7550,7550
24794,8189,8189
24795,11994,11994
24796,7554,7554
24797,27590,27590
24798,41991,41991
24799,7556,7556
24800,44352,44352
24801,12868,12868
24802,7559,7559
24803,7560,7560
24804,56419,56419
24805,2546,2546
24806,51445,51445
24807,30144,30144
24808,2549,2549
24809,2573,2573
24810,2629,2629
24811,28851,28851
24812,5461,5461
24813,37120,37120
24814,56429,56429
24815,56430,56430
24816,56431,56431
24817,56432,56432
24818,56433,56433
24819,56434,56434
24820,56435,56435
24821,56436,56436
24822,56437,56437
24823,56438,56438
24824,56439,56439
24825,56440,56440
24826,56441,56441
24827,56442,56442
24828,56443,56443
24829,56444,56444
24830,15665,15665
24831,2934,2934
24832,3518,3518
24833,14861,14861
24834,19156,19156
24835,8483,8483
24836,2577,2577
24837,29531,29531
24838,27823,27823
24839,14689,14689
24840,56455,56455
24841,56456,56456
24842,7599,7599
24843,7600,7600
24844,2745,2745
24845,51372,51372
24846,7752,7752
24847,7604,7604
24848,7605,7605
24849,28025,28025
24850,56465,56465
24851,56466,56466
24852,56467,56467
24853,56468,56468
24854,56469,56469
24855,14252,14252
24856,14688,14688
24857,2601,2601
24858,2599,2599
24859,24793,24793
24860,15627,15627
24861,2602,2602
24862,47068,47068
24863,2598,2598
24864,56479,56479
24865,56480,56480
24866,56481,56481
24867,56482,56482
24868,7625,7625
24869,7626,7626
24870,2665,2665
24871,56486,56486
24872,56487,56487
24873,7631,7631
24874,7653,7653
24875,56490,56490
24876,56491,56491
24877,56492,56492
24878,56493,56493
24879,7636,7636
24880,2691,2691
24881,2610,2610
24882,56497,56497
24883,56498,56498
24884,7637,7637
24885,7642,7642
24886,56501,56501
24887,7644,7644
24888,7645,7645
24889,2653,2653
24890,24756,24756
24891,2687,2687
24892,7694,7694
24893,7692,7692
24894,2658,2658
24895,7707,7707
24896,2634,2634
24897,56512,56512
24898,56513,56513
24899,7656,7656
24900,2645,2645
24901,2646,2646
24902,2643,2643
24903,2644,2644
24904,7657,7657
24905,7659,7659
24906,2647,2647
24907,2648,2648
24908,56523,56523
24909,56524,56524
24910,7667,7667
24911,56526,56526
24912,7691,7691
24913,7669,7669
24914,2621,2621
24915,49337,49337
24916,7670,7670
24917,24800,24800
24918,7650,7650
24919,56534,56534
24920,56535,56535
24921,56536,56536
24922,56537,56537
24923,2630,2630
24924,7680,7680
24925,2688,2688
24926,56541,56541
24927,56542,56542
24928,7685,7685
24929,7686,7686
24930,56545,56545
24931,56546,56546
24932,56547,56547
24933,56548,56548
24934,2666,2666
24935,7705,7705
24936,2654,2654
24937,2614,2614
24938,56553,56553
24939,2636,2636
24940,2298,2298
24941,56556,56556
24942,56557,56557
24943,56558,56558
24944,56559,56559
24945,2655,2655
24946,2633,2633
24947,2676,2676
24948,56563,56563
24949,56564,56564
24950,7696,7696
24951,51428,51428
24952,56567,56567
24953,7711,7711
24954,2695,2695
24955,28180,28180
24956,42149,42149
24957,2700,2700
24958,7716,7716
24959,57071,57071
24960,24795,24795
24961,7714,7714
24962,42122,42122
24963,7718,7718
24964,56579,56579
24965,56580,56580
24966,3433,3433
24967,11584,11584
24968,24110,24110
24969,19157,19157
24970,2699,2699
24971,7717,7717
24972,14671,14671
24973,7731,7731
24974,13078,13078
24975,2716,2716
24976,56591,56591
24977,56592,56592
24978,56593,56593
24979,56594,56594
24980,2721,2721
24981,28323,28323
24982,56597,56597
24983,56598,56598
24984,15581,15581
24985,13892,13892
24986,56601,56601
24987,15593,15593
24988,56603,56603
24989,46955,46955
24990,7713,7713
24991,22153,22153
24992,27478,27478
24993,16283,16283
24994,26950,26950
24995,28179,28179
24996,41139,41139
24997,27978,27978
24998,8070,8070
24999,28050,28050
25000,56615,56615
25001,56616,56616
25002,45014,45014
25003,56618,56618
25004,27955,27955
25005,2597,2597
25006,56621,56621
25007,23476,23476
25008,14169,14169
25009,51396,51396
25010,1644,1644
25011,22169,22169
25012,56627,56627
25013,56628,56628
25014,56629,56629
25015,56630,56630
25016,56631,56631
25017,28278,28278
25018,7772,7772
25019,56634,56634
25020,15712,15712
25021,56636,56636
25022,56637,56637
25023,56638,56638
25024,56639,56639
25025,56640,56640
25026,56641,56641
25027,56642,56642
25028,56643,56643
25029,56644,56644
25030,56645,56645
25031,56646,56646
25032,56647,56647
25033,56648,56648
25034,56649,56649
25035,56650,56650
25036,56651,56651
25037,56652,56652
25038,56653,56653
25039,56654,56654
25040,56655,56655
25041,56656,56656
25042,56657,56657
25043,56658,56658
25044,56659,56659
25045,56660,56660
25046,56661,56661
25047,56662,56662
25048,56663,56663
25049,56664,56664
25050,56665,56665
25051,56666,56666
25052,56667,56667
25053,56668,56668
25054,56669,56669
25055,56670,56670
25056,56671,56671
25057,56672,56672
25058,56673,56673
25059,56674,56674
25060,56675,56675
25061,56676,56676
25062,56677,56677
25063,56678,56678
25064,56679,56679
25065,56680,56680
25066,56681,56681
25067,56682,56682
25068,56683,56683
25069,56684,56684
25070,56685,56685
25071,56686,56686
25072,56687,56687
25073,56688,56688
25074,56689,56689
25075,56690,56690
25076,56691,56691
25077,56692,56692
25078,56693,56693
25079,56694,56694
25080,56695,56695
25081,56696,56696
25082,56697,56697
25083,56698,56698
25084,56699,56699
25085,56700,56700
25086,2827,2827
25087,2828,2828
25088,7842,7842
25089,2830,2830
25090,2831,2831
25091,7845,7845
25092,56707,56707
25093,56708,56708
25094,56709,56709
25095,56710,56710
25096,56711,56711
25097,56712,56712
25098,56713,56713
25099,56714,56714
25100,56715,56715
25101,56716,56716
25102,56717,56717
25103,56718,56718
25104,56719,56719
25105,56720,56720
25106,56721,56721
25107,56722,56722
25108,56723,56723
25109,56724,56724
25110,56725,56725
25111,56726,56726
25112,56727,56727
25113,56728,56728
25114,56729,56729
25115,56730,56730
25116,56731,56731
25117,56732,56732
25118,56733,56733
25119,56734,56734
25120,56735,56735
25121,56736,56736
25122,56737,56737
25123,56738,56738
25124,56739,56739
25125,56740,56740
25126,56741,56741
25127,56742,56742
25128,56743,56743
25129,56744,56744
25130,56745,56745
25131,56746,56746
25132,56747,56747
25133,56748,56748
25134,56749,56749
25135,56750,56750
25136,56751,56751
25137,56752,56752
25138,56753,56753
25139,56754,56754
25140,56755,56755
25141,56756,56756
25142,56757,56757
25143,56758,56758
25144,56759,56759
25145,56760,56760
25146,56761,56761
25147,56762,56762
25148,56763,56763
25149,56764,56764
25150,56765,56765
25151,56766,56766
25152,56767,56767
25153,56768,56768
25154,28596,28596
25155,56770,56770
25156,56771,56771
25157,56772,56772
25158,56773,56773
25159,56774,56774
25160,56775,56775
25161,56776,56776
25162,56777,56777
25163,56778,56778
25164,56779,56779
25165,56780,56780
25166,56781,56781
25167,56782,56782
25168,56783,56783
25169,2992,2992
25170,27972,27972
25171,27594,27594
25172,2913,2913
25173,2736,2736
25174,2915,2915
25175,2916,2916
25176,23949,23949
25177,26863,26863
25178,2919,2919
25179,24117,24117
25180,56795,56795
25181,56796,56796
25182,18336,18336
25183,23196,23196
25184,14164,14164
25185,15194,15194
25186,15355,15355
25187,15334,15334
25188,28072,28072
25189,47573,47573
25190,26779,26779
25191,56806,56806
25192,13921,13921
25193,41439,41439
25194,3118,3118
25195,7766,7766
25196,48794,48794
25197,29093,29093
25198,6804,6804
25199,23870,23870
25200,27932,27932
25201,2927,2927
25202,56817,56817
25203,56818,56818
25204,56819,56819
25205,56820,56820
25206,56821,56821
25207,7723,7723
25208,2949,2949
25209,2950,2950
25210,56825,56825
25211,22261,22261
25212,15895,15895
25213,2954,2954
25214,56829,56829
25215,56830,56830
25216,56831,56831
25217,2962,2962
25218,28345,28345
25219,37063,37063
25220,48781,48781
25221,42268,42268
25222,2963,2963
25223,2966,2966
25224,2965,2965
25225,2964,2964
25226,2967,2967
25227,2968,2968
25228,2969,2969
25229,2970,2970
25230,2971,2971
25231,2972,2972
25232,2973,2973
25233,2974,2974
25234,2975,2975
25235,2976,2976
25236,2977,2977
25237,2978,2978
25238,2979,2979
25239,24860,24860
25240,28907,28907
25241,27591,27591
25242,2501,2501
25243,19194,19194
25244,2985,2985
25245,40023,40023
25246,56861,56861
25247,8065,8065
25248,28945,28945
25249,28946,28946
25250,56862,56862
25251,40030,40030
25252,2993,2993
25253,2994,2994
25254,2991,2991
25255,28876,28876
25256,2997,2997
25257,53817,53817
25258,30265,30265
25259,56874,56874
25260,8078,8078
25261,8317,8317
25262,8192,8192
25263,56878,56878
25264,3005,3005
25265,8083,8083
25266,3007,3007
25267,8085,8085
25268,3009,3009
25269,8087,8087
25270,3011,3011
25271,56886,56886
25272,56887,56887
25273,56888,56888
25274,56889,56889
25275,56890,56890
25276,56891,56891
25277,56892,56892
25278,56893,56893
25279,56894,56894
25280,56895,56895
25281,56896,56896
25282,56897,56897
25283,56898,56898
25284,8101,8101
25285,8102,8102
25286,8103,8103
25287,8110,8110
25288,29084,29084
25289,8115,8115
25290,3055,3055
25291,8119,8119
25292,3056,3056
25293,12040,12040
25294,56909,56909
25295,56910,56910
25296,56911,56911
25297,3038,3038
25298,3041,3041
25299,3040,3040
25300,10043,10043
25301,16815,16815
25302,15357,15357
25303,56918,56918
25304,8120,8120
25305,56920,56920
25306,8124,8124
25307,56921,56921
25308,29088,29088
25309,8125,8125
25310,11237,11237
25311,3029,3029
25312,3054,3054
25313,37400,37400
25314,8132,8132
25315,15633,15633
25316,26919,26919
25317,56932,56932
25318,8136,8136
25319,8077,8077
25320,56935,56935
25321,56936,56936
25322,56937,56937
25323,56938,56938
25324,56939,56939
25325,56940,56940
25326,56941,56941
25327,56942,56942
25328,56943,56943
25329,56944,56944
25330,56945,56945
25331,56946,56946
25332,8188,8188
25333,3112,3112
25334,16378,16378
25335,3076,3076
25336,16303,16303
25337,22129,22129
25338,13799,13799
25339,3080,3080
25340,56955,56955
25341,56956,56956
25342,56957,56957
25343,56958,56958
25344,56959,56959
25345,56960,56960
25346,56961,56961
25347,56962,56962
25348,56963,56963
25349,56964,56964
25350,56965,56965
25351,56966,56966
25352,56967,56967
25353,56968,56968
25354,56969,56969
25355,56970,56970
25356,56971,56971
25357,56972,56972
25358,56973,56973
25359,56974,56974
25360,56975,56975
25361,56976,56976
25362,56977,56977
25363,56978,56978
25364,56979,56979
25365,56980,56980
25366,56981,56981
25367,56982,56982
25368,56983,56983
25369,56984,56984
25370,8030,8030
25371,45199,45199
25372,13322,13322
25373,27096,27096
25374,26697,26697
25375,27298,27298
25376,30263,30263
25377,13919,13919
25378,26917,26917
25379,1585,1585
25380,56995,56995
25381,56996,56996
25382,56997,56997
25383,56998,56998
25384,56999,56999
25385,57000,57000
25386,57001,57001
25387,34900,34900
25388,57003,57003
25389,57004,57004
25390,57005,57005
25391,9331,9331
25392,57007,57007
25393,57008,57008
25394,3135,3135
25395,3136,3136
25396,3137,3137
25397,3138,3138
25398,3139,3139
25399,3140,3140
25400,8214,8214
25401,3142,3142
25402,8216,8216
25403,3144,3144
25404,57019,57019
25405,57020,57020
25406,57021,57021
25407,57022,57022
25408,57023,57023
25409,57024,57024
25410,57025,57025
25411,8227,8227
25412,57027,57027
25413,57028,57028
25414,57029,57029
25415,57030,57030
25416,57031,57031
25417,57032,57032
25418,57033,57033
25419,57034,57034
25420,8236,8236
25421,57036,57036
25422,57037,57037
25423,57038,57038
25424,8240,8240
25425,57040,57040
25426,57041,57041
25427,57042,57042
25428,57043,57043
25429,57044,57044
25430,57045,57045
25431,57046,57046
25432,57047,57047
25433,57048,57048
25434,57049,57049
25435,57050,57050
25436,16595,16595
25437,57052,57052
25438,57053,57053
25439,57054,57054
25440,57055,57055
25441,57056,57056
25442,57057,57057
25443,57058,57058
25444,57059,57059
25445,57060,57060
25446,22836,22836
25447,29207,29207
25448,8265,8265
25449,8266,8266
25450,8267,8267
25451,51586,51586
25452,57067,57067
25453,8270,8270
25454,8271,8271
25455,8272,8272
25456,13382,13382
25457,8274,8274
25458,44471,44471
25459,10032,10032
25460,57070,57070
25461,28769,28769
25462,24528,24528
25463,8264,8264
25464,57079,57079
25465,57080,57080
25466,8283,8283
25467,57081,57081
25468,3208,3208
25469,16931,16931
25470,3211,3211
25471,8287,8287
25472,8288,8288
25473,29253,29253
25474,8290,8290
25475,29567,29567
25476,57091,57091
25477,8294,8294
25478,29110,29110
25479,57094,57094
25480,3221,3221
25481,3222,3222
25482,3223,3223
25483,3224,3224
25484,3225,3225
25485,3226,3226
25486,3227,3227
25487,3228,3228
25488,57103,57103
25489,57104,57104
25490,57105,57105
25491,57106,57106
25492,8309,8309
25493,3234,3234
25494,8311,8311
25495,3236,3236
25496,8313,8313
25497,3238,3238
25498,8315,8315
25499,3240,3240
25500,57115,57115
25501,8318,8318
25502,8293,8293
25503,57118,57118
25504,8321,8321
25505,3246,3246
25506,8323,8323
25507,3248,3248
25508,8325,8325
25509,3250,3250
25510,8327,8327
25511,3252,3252
25512,57127,57127
25513,57128,57128
25514,57129,57129
25515,8331,8331
25516,8332,8332
25517,57132,57132
25518,8333,8333
25519,28104,28104
25520,3027,3027
25521,8510,8510
25522,8337,8337
25523,43960,43960
25524,57139,57139
25525,57140,57140
25526,57141,57141
25527,57142,57142
25528,57143,57143
25529,57144,57144
25530,57145,57145
25531,57146,57146
25532,57147,57147
25533,57148,57148
25534,8350,8350
25535,8351,8351
25536,57151,57151
25537,57152,57152
25538,57153,57153
25539,8355,8355
25540,57155,57155
25541,57156,57156
25542,8357,8357
25543,24118,24118
25544,8359,8359
25545,29392,29392
25546,8361,8361
25547,10258,10258
25548,57163,57163
25549,57164,57164
25550,57165,57165
25551,57166,57166
25552,57167,57167
25553,57168,57168
25554,57169,57169
25555,57170,57170
25556,57171,57171
25557,57172,57172
25558,57173,57173
25559,57174,57174
25560,3349,3349
25561,20817,20817
25562,8374,8374
25563,57178,57178
25564,3305,3305
25565,57180,57180
25566,57181,57181
25567,57182,57182
25568,42552,42552
25569,11749,11749
25570,22606,22606
25571,27119,27119
25572,22876,22876
25573,17946,17946
25574,18283,18283
25575,45604,45604
25576,57191,57191
25577,57192,57192
25578,8393,8393
25579,3323,3323
25580,3321,3321
25581,3322,3322
25582,52585,52585
25583,47406,47406
25584,57199,57199
25585,57200,57200
25586,17416,17416
25587,57288,57288
25588,24041,24041
25589,57204,57204
25590,57205,57205
25591,17442,17442
25592,57207,57207
25593,57208,57208
25594,57209,57209
25595,47623,47623
25596,57211,57211
25597,3314,3314
25598,18122,18122
25599,47666,47666
25600,57215,57215
25601,3345,3345
25602,3346,3346
25603,3344,3344
25604,6731,6731
25605,3343,3343
25606,49297,49297
25607,22982,22982
25608,3362,3362
25609,26918,26918
25610,29552,29552
25611,44984,44984
25612,57227,57227
25613,57228,57228
25614,57229,57229
25615,57230,57230
25616,57231,57231
25617,57232,57232
25618,57233,57233
25619,22613,22613
25620,3372,3372
25621,8433,8433
25622,57237,57237
25623,57238,57238
25624,57239,57239
25625,57240,57240
25626,57241,57241
25627,57242,57242
25628,8442,8442
25629,57244,57244
25630,57245,57245
25631,8445,8445
25632,57247,57784
25633,8447,8447
25634,57249,57249
25635,57250,57250
25636,57251,57251
25637,57252,57252
25638,57253,57253
25639,57254,57254
25640,57255,57255
25641,57256,57256
25642,57257,57257
25643,8457,8457
25644,57259,57259
25645,8459,8459
25646,57261,57261
25647,57262,57262
25648,57263,57263
25649,57264,57264
25650,57265,57265
25651,57266,57266
25652,8466,8466
25653,57268,57268
25654,50069,50069
25655,57270,57270
25656,3397,3397
25657,3398,3398
25658,42796,42796
25659,8473,8473
25660,57275,57275
25661,57276,57276
25662,57277,57277
25663,57278,57278
25664,8480,8480
25665,57280,57280
25666,22611,22611
25667,57282,57282
25668,17792,17792
25669,50076,50076
25670,57285,57285
25671,57286,57286
25672,57287,57287
25673,8487,8487
25674,57289,57289
25675,8488,8488
25676,57291,57291
25677,57292,57292
25678,57293,57293
25679,8492,8492
25680,57295,57295
25681,57296,57296
25682,8494,8494
25683,57298,57298
25684,3283,3283
25685,8889,8889
25686,8499,8499
25687,50085,50085
25688,57303,57303
25689,57304,57304
25690,57305,57305
25691,16138,16138
25692,3310,3310
25693,20671,20671
25694,26243,26243
25695,24172,24172
25696,3462,3462
25697,52391,52391
25698,11751,11751
25699,57314,57314
25700,57315,57315
25701,57316,57316
25702,57317,57317
25703,57318,57318
25704,29530,29530
25705,3458,3458
25706,50215,50215
25707,1472,1472
25708,43949,43949
25709,57324,57324
25710,8400,8400
25711,8830,8830
25712,57327,57327
25713,57328,57328
25714,57329,57329
25715,57330,57330
25716,8529,8529
25717,8530,8530
25718,51600,51600
25719,8532,8532
25720,8533,8533
25721,8534,8534
25722,17144,17144
25723,57338,57338
25724,57339,57339
25725,57340,57340
25726,57341,57341
25727,57342,57342
25728,57343,57343
25729,8542,8542
25730,57345,57345
25731,8544,8544
25732,57347,57347
25733,8546,8546
25734,8547,8547
25735,57350,57350
25736,57351,57351
25737,57352,57352
25738,57353,57353
25739,57354,57354
25740,8553,8553
25741,8554,8554
25742,57357,57357
25743,57358,57358
25744,57359,57359
25745,57360,57360
25746,8559,8559
25747,57362,57362
25748,57363,57363
25749,57364,57364
25750,57365,57365
25751,57366,57366
25752,57367,57367
25753,8565,8565
25754,29568,29568
25755,8568,8568
25756,8569,8569
25757,57370,57370
25758,17179,17179
25759,3497,3497
25760,57375,57375
25761,57376,57376
25762,8575,8575
25763,8576,8576
25764,28004,28004
25765,6801,6801
25766,1593,1593
25767,29465,29465
25768,17774,17774
25769,26847,26847
25770,30219,30219
25771,11264,11264
25772,57387,57387
25773,57388,57388
25774,57389,57389
25775,3316,3316
25776,27781,27781
25777,55343,55343
25778,46160,46160
25779,29383,29383
25780,45132,45132
25781,8385,8385
25782,47202,47202
25783,57398,57398
25784,18697,18697
25785,27727,27727
25786,8600,8600
25787,8601,8601
25788,8602,8602
25789,57399,57399
25790,18320,18320
25791,8605,8605
25792,8625,8625
25793,23488,23488
25794,45880,45880
25795,57410,57410
25796,57411,57411
25797,8611,8611
25798,8609,8609
25799,57414,57414
25800,18356,18356
25801,8698,8698
25802,3594,3594
25803,8624,8624
25804,8618,8618
25805,18422,18422
25806,18380,18380
25807,57422,57422
25808,8622,8622
25809,8623,8623
25810,18482,18482
25811,8603,8603
25812,8626,8626
25813,8627,8627
25814,8628,8628
25815,12138,12138
25816,18460,18460
25817,57432,57432
25818,18492,18492
25819,57434,57434
25820,8634,8634
25821,8635,8635
25822,18526,18526
25823,8756,8756
25824,8779,8779
25825,8780,8780
25826,8781,8781
25827,8782,8782
25828,18504,18504
25829,18464,18464
25830,45911,45911
25831,57446,57446
25832,8646,8646
25833,8647,8647
25834,23460,23460
25835,8727,8727
25836,8650,8650
25837,8651,8651
25838,8652,8652
25839,8684,8684
25840,18549,18549
25841,18508,18508
25842,18641,18641
25843,57458,57458
25844,8658,8658
25845,18614,18614
25846,8669,8669
25847,8661,8661
25848,8662,8662
25849,8663,8663
25850,8664,8664
25851,8665,8665
25852,8666,8666
25853,8672,8672
25854,43313,43313
25855,57470,57470
25856,8670,8670
25857,18613,18613
25858,8681,8681
25859,8673,8673
25860,8674,8674
25861,8675,8675
25862,8676,8676
25863,8677,8677
25864,8678,8678
25865,8701,8701
25866,18600,18600
25867,57482,57482
25868,8682,8682
25869,21493,21493
25870,8695,8695
25871,8783,8783
25872,8803,8803
25873,8687,8687
25874,8688,8688
25875,18672,18672
25876,3629,3629
25877,18332,18332
25878,3643,3643
25879,57494,57494
25880,17201,17201
25881,57496,57496
25882,8707,8707
25883,41364,41364
25884,57499,57499
25885,8699,8699
25886,8615,8615
25887,8743,8743
25888,8702,8702
25889,8713,8713
25890,14081,14081
25891,57506,57506
25892,11733,11733
25893,44444,44444
25894,57423,57423
25895,17533,17533
25896,57511,57511
25897,3638,3638
25898,17288,17288
25899,8800,8800
25900,8714,8714
25901,12612,12612
25902,46445,46445
25903,57518,57518
25904,57519,57519
25905,57520,57520
25906,2210,2210
25907,57522,57522
25908,24171,24171
25909,17239,17239
25910,57525,57525
25911,57526,57526
25912,57527,57527
25913,18915,18915
25914,8497,8497
25915,57567,57567
25916,8791,8791
25917,8731,8731
25918,8732,8732
25919,8733,8733
25920,8734,8734
25921,8735,8735
25922,8792,8792
25923,12600,12600
25924,57539,57539
25925,57540,57540
25926,57541,57541
25927,29318,29318
25928,19947,19947
25929,57544,57544
25930,57545,57545
25931,57546,57546
25932,57547,57547
25933,57548,57548
25934,57549,57549
25935,8793,8793
25936,57551,57551
25937,57552,57552
25938,57553,57553
25939,8763,8763
25940,8754,8754
25941,8755,8755
25942,8636,8636
25943,8757,8757
25944,8758,8758
25945,8759,8759
25946,8795,8795
25947,57603,57603
25948,57591,57591
25949,57592,57592
25950,57565,57565
25951,57531,57531
25952,8648,8648
25953,8767,8767
25954,8768,8768
25955,8769,8769
25956,8770,8770
25957,8771,8771
25958,8776,8776
25959,57530,57530
25960,8774,8774
25961,8784,8784
25962,57577,57577
25963,8799,8799
25964,29748,29748
25965,8637,8637
25966,8638,8638
25967,8639,8639
25968,8640,8640
25969,8649,8649
25970,8685,8685
25971,57586,57586
25972,57587,57587
25973,57566,57566
25974,57589,57589
25975,57579,57579
25976,57580,57580
25977,8712,8712
25978,57556,57556
25979,8740,8740
25980,8752,8752
25981,8753,8753
25982,8764,8764
25983,57598,57598
25984,57599,57599
25985,8775,8775
25986,57601,57601
25987,8728,8728
25988,57555,57555
25989,8794,8794
25990,8804,8804
25991,8805,8805
25992,8806,8806
25993,8807,8807
25994,8686,8686
25995,57610,57610
25996,57611,57611
25997,8761,8761
25998,57613,57613
25999,57614,57614
26000,57615,57615
26001,57616,57616
26002,57617,57617
26003,57618,57618
26004,57619,57619
26005,57620,57620
26006,57621,57621
26007,57622,57622
26008,57623,57623
26009,57624,57624
26010,8824,8824
26011,8825,8825
26012,8837,8837
26013,8827,8827
26014,2235,2235
26015,8829,8829
26016,57216,57216
26017,44679,44679
26018,57626,57626
26019,57634,57634
26020,8845,8845
26021,57636,57636
26022,57637,57637
26023,8010,8010
26024,8847,8847
26025,8839,8839
26026,29862,29862
26027,27785,27785
26028,8925,8925
26029,20754,20754
26030,57645,57645
26031,10113,10113
26032,8856,8856
26033,57648,57648
26034,57661,57661
26035,8849,8849
26036,8859,8859
26037,8851,8851
26038,8852,8852
26039,8864,8864
26040,8854,8854
26041,41382,41382
26042,57650,57650
26043,57658,57658
26044,8868,8868
26045,57660,57660
26046,57673,57673
26047,8861,8861
26048,8871,8871
26049,8863,8863
26050,46256,46256
26051,29356,29356
26052,57667,57667
26053,10187,10187
26054,57662,57662
26055,57670,57670
26056,8880,8880
26057,57672,57672
26058,57685,57685
26059,8873,8873
26060,8883,8883
26061,8875,8875
26062,23527,23527
26063,29542,29542
26064,18228,18228
26065,26225,26225
26066,57674,57674
26067,57682,57682
26068,8904,8904
26069,57684,57684
26070,57697,57697
26071,8885,8885
26072,8895,8895
26073,8887,8887
26074,4209,4209
26075,29524,29524
26076,19432,19432
26077,57692,57692
26078,57693,57693
26079,57694,57694
26080,57686,57686
26081,57696,57696
26082,13366,13366
26083,8897,8897
26084,8920,8920
26085,13324,13324
26086,8900,8900
26087,8901,8901
26088,8902,8902
26089,8072,8072
26090,57698,57698
26091,47196,47196
26092,8929,8929
26093,57708,57708
26094,57709,57709
26095,57710,57710
26096,16288,16288
26097,8911,8911
26098,8912,8912
26099,8913,8913
26100,8914,8914
26101,8915,8915
26102,8916,8916
26103,8917,8917
26104,45419,45419
26105,57720,57720
26106,57721,57721
26107,8921,8921
26108,51646,51646
26109,8932,8932
26110,29939,29939
26111,374,374
26112,39764,39764
26113,8938,8938
26114,8928,8928
26115,19574,19574
26116,8941,8941
26117,57732,57732
26118,57733,57733
26119,8933,8933
26120,8931,8931
26121,29577,29577
26122,1689,1689
26123,19469,19469
26124,22164,22164
26125,22609,22609
26126,19177,19177
26127,27851,27851
26128,21075,21075
26129,57744,57744
26130,57745,57745
26131,57746,57746
26132,57747,57747
26133,57748,57748
26134,57749,57749
26135,57750,57750
26136,57751,57751
26137,57752,57752
26138,57753,57753
26139,57754,57754
26140,57755,57755
26141,57769,57769
26142,8956,8956
26143,8957,8957
26144,8958,8958
26145,8959,8959
26146,8960,8960
26147,8961,8961
26148,8966,8966
26149,9013,9013
26150,57765,57765
26151,19762,19762
26152,57767,57767
26153,8967,8967
26154,8968,8968
26155,8969,8969
26156,8970,8970
26157,8971,8971
26158,8972,8972
26159,8973,8973
26160,8978,8978
26161,8977,8977
26162,57781,57781
26163,57778,57778
26164,57779,57779
26165,8979,8979
26166,8980,8980
26167,8981,8981
26168,8982,8982
26169,8983,8983
26170,8984,8984
26171,8985,8985
26172,8990,8990
26173,57829,57829
26174,57805,57805
26175,57790,57790
26176,57791,57791
26177,57757,57757
26178,8992,8992
26179,8993,8993
26180,8994,8994
26181,8995,8995
26182,8996,8996
26183,8997,8997
26184,9002,9002
26185,57756,57756
26186,57801,57801
26187,8953,8953
26188,57803,57803
26189,57817,57817
26190,9004,9004
26191,9005,9005
26192,9006,9006
26193,9007,9007
26194,9008,9008
26195,9009,9009
26196,9014,9014
26197,57812,57812
26198,57813,57813
26199,57792,57792
26200,57815,57815
26201,9015,9015
26202,9016,9016
26203,9026,9026
26204,9018,9018
26205,9019,9019
26206,9020,9020
26207,9021,9021
26208,57828,57828
26209,8965,8965
26210,9025,9025
26211,28378,28378
26212,57827,57827
26213,57793,57793
26214,9028,9028
26215,9029,9029
26216,9030,9030
26217,9031,9031
26218,9032,9032
26219,9033,9033
26220,9017,9017
26221,12803,12803
26222,57837,57837
26223,9001,9001
26224,57839,57839
26225,9039,9039
26226,44434,44434
26227,57841,57841
26228,9042,9042
26229,9043,9043
26230,26538,26538
26231,57846,57846
26232,44437,44437
26233,9047,9047
26234,20146,20146
26235,57850,57850
26236,57851,57851
26237,52778,52778
26238,21285,21285
26239,9055,9055
26240,3981,3981
26241,20174,20174
26242,48817,48817
26243,3984,3984
26244,9053,9053
26245,3985,3985
26246,4037,4037
26247,57862,57862
26248,20242,20242
26249,57864,57864
26250,15755,15755
26251,3994,3994
26252,57867,57867
26253,9061,9061
26254,41775,41775
26255,57866,57866
26256,3987,3987
26257,3998,3998
26258,57873,57873
26259,4000,4000
26260,4001,4001
26261,4002,4002
26262,4003,4003
26263,4004,4004
26264,4005,4005
26265,4006,4006
26266,4007,4007
26267,4008,4008
26268,4009,4009
26269,57884,57884
26270,57885,57885
26271,9085,9085
26272,9083,9083
26273,9087,9087
26274,4015,4015
26275,9076,9076
26276,9090,9090
26277,20284,20284
26278,9092,9092
26279,20292,20292
26280,4021,4021
26281,57896,57896
26282,3516,3516
26283,22698,22698
26284,29575,29575
26285,8420,8420
26286,4024,4024
26287,57902,57902
26288,57903,57903
26289,9099,9099
26290,9101,9101
26291,9102,9102
26292,57907,57907
26293,57908,57908
26294,50260,50260
26295,20436,20436
26296,20434,20434
26297,50331,50331
26298,57913,57913
26299,57914,57914
26300,30159,30159
26301,21445,21445
26302,4130,4130
26303,57918,57918
26304,57919,57919
26305,57920,57920
26306,57921,57921
26307,57922,57922
26308,57923,57923
26309,9116,9116
26310,20463,20463
26311,4052,4052
26312,9121,9121
26313,4054,4054
26314,4055,4055
26315,57930,57930
26316,22683,22683
26317,4083,4083
26318,4065,4065
26319,4086,4086
26320,27263,27263
26321,9153,9153
26322,4526,4526
26323,9874,9874
26324,30173,30173
26325,5380,5380
26326,4067,4067
26327,57942,57942
26328,57943,57943
26329,57944,57944
26330,57945,57945
26331,9272,9272
26332,12847,12847
26333,51693,51693
26334,9191,9191
26335,27355,27355
26336,4036,4036
26337,57952,57952
26338,57953,57953
26339,57954,57954
26340,57955,57955
26341,4082,4082
26342,30264,30264
26343,30187,30187
26344,9594,9594
26345,4063,4063
26346,9151,9151
26347,2536,2536
26348,9324,9324
26349,4090,4090
26350,27451,27451
26351,57966,57966
26352,57967,57967
26353,57968,57968
26354,57969,57969
26355,57970,57970
26356,57971,57971
26357,57972,57972
26358,58022,58022
26359,57974,57974
26360,57975,57975
26361,4138,4138
26362,21289,21289
26363,57978,57978
26364,57979,57979
26365,57980,57980
26366,57981,57981
26367,57982,57982
26368,57983,57983
26369,57984,57984
26370,57985,57985
26371,57986,57986
26372,57987,57987
26373,12435,12435
26374,57989,57989
26375,57990,57990
26376,57991,57991
26377,57992,57992
26378,57993,57993
26379,57994,57994
26380,57995,57995
26381,57996,57996
26382,57997,57997
26383,57998,57998
26384,57999,57999
26385,4114,4114
26386,4103,4103
26387,58002,58002
26388,58003,58003
26389,9198,9198
26390,24070,24070
26391,17501,17501
26392,4026,4026
26393,4134,4134
26394,4135,4135
26395,9202,9202
26396,4053,4053
26397,22229,22229
26398,4102,4102
26399,58014,58014
26400,58015,58015
26401,58016,58016
26402,58017,58017
26403,58018,58018
26404,9213,9213
26405,58020,58020
26406,58021,58021
26407,9214,9214
26408,9215,9215
26409,9218,9218
26410,9219,9219
26411,58026,58026
26412,9222,9222
26413,4042,4042
26414,24071,24071
26415,30163,30163
26416,4266,4266
26417,4267,4267
26418,4264,4264
26419,20712,20712
26420,9228,9228
26421,1657,1657
26422,58037,58037
26423,58038,58038
26424,9234,9234
26425,9235,9235
26426,9236,9236
26427,21277,21277
26428,10261,10261
26429,4171,4171
26430,9240,9240
26431,9233,9233
26432,50345,50345
26433,49662,49662
26434,58049,58049
26435,58050,58050
26436,58051,58051
26437,9247,9247
26438,9248,9248
26439,9249,9249
26440,9250,9250
26441,9251,9251
26442,9252,9252
26443,9253,9253
26444,9258,9258
26445,21208,21208
26446,58061,58061
26447,58062,58062
26448,58063,58063
26449,9259,9259
26450,9260,9260
26451,9261,9261
26452,9262,9262
26453,9263,9263
26454,9264,9264
26455,9265,9265
26456,9280,9280
26457,21253,21253
26458,58073,58073
26459,9269,9269
26460,9270,9270
26461,9292,9292
26462,51690,51690
26463,9165,9165
26464,9274,9274
26465,21281,21281
26466,58081,58081
26467,58075,58075
26468,9246,9246
26469,49765,49765
26470,58085,58085
26471,9281,9281
26472,9282,9282
26473,9283,9283
26474,9284,9284
26475,9285,9285
26476,9286,9286
26477,9287,9287
26478,9288,9288
26479,9289,9289
26480,9304,9304
26481,9303,9303
26482,58097,58097
26483,46511,46511
26484,9294,9294
26485,58074,58074
26486,9296,9296
26487,9297,9297
26488,9298,9298
26489,50342,50342
26490,9300,9300
26491,9301,9301
26492,20667,20667
26493,58099,58099
26494,58109,58109
26495,9305,9305
26496,9306,9306
26497,9307,9307
26498,9308,9308
26499,9309,9309
26500,9310,9310
26501,9311,9311
26502,9312,9312
26503,9313,9313
26504,21237,21237
26505,58087,58087
26506,58121,58121
26507,58122,58122
26508,58123,58123
26509,58124,58124
26510,10232,10232
26511,9323,9323
26512,45270,45270
26513,50343,50343
26514,58129,58129
26515,4089,4089
26516,7470,7470
26517,4234,4234
26518,58133,58133
26519,2534,2534
26520,9277,9277
26521,20858,20858
26522,9224,9224
26523,4158,4158
26524,30227,30227
26525,4132,4132
26526,4157,4157
26527,9170,9170
26528,26758,26758
26529,58144,58144
26530,58145,58145
26531,58146,58146
26532,22264,22264
26533,9343,9343
26534,9344,9344
26535,9345,9345
26536,9346,9346
26537,50443,50443
26538,9340,9340
26539,50444,50444
26540,21569,21569
26541,58156,58156
26542,58157,58157
26543,58158,58158
26544,9354,9354
26545,9355,9355
26546,9356,9356
26547,21593,21593
26548,9358,9358
26549,9359,9359
26550,9360,9360
26551,9351,9351
26552,21613,21613
26553,58168,58168
26554,9364,9364
26555,9365,9365
26556,9366,9366
26557,9367,9367
26558,9368,9368
26559,9369,9369
26560,9375,9375
26561,58176,58176
26562,58177,58177
26563,21653,21653
26564,21657,21657
26565,58180,58180
26566,9376,9376
26567,9377,9377
26568,9378,9378
26569,9379,9379
26570,9380,9380
26571,9381,9381
26572,58169,58169
26573,9383,9383
26574,58189,58189
26575,21786,21786
26576,21701,21701
26577,58192,58192
26578,9388,9388
26579,9389,9389
26580,9390,9390
26581,9391,9391
26582,21830,21830
26583,21725,21725
26584,9394,9394
26585,9395,9395
26586,9396,9396
26587,9399,9399
26588,58217,58217
26589,58204,58204
26590,9400,9400
26591,9401,9401
26592,9402,9402
26593,9403,9403
26594,9404,9404
26595,9405,9405
26596,9406,9406
26597,9407,9407
26598,9408,9408
26599,9411,9411
26600,4316,4316
26601,58216,58216
26602,9412,9412
26603,58207,58207
26604,9414,9414
26605,9415,9415
26606,9416,9416
26607,9417,9417
26608,9418,9418
26609,9419,9419
26610,9420,9420
26611,58193,58193
26612,58205,58205
26613,58228,58228
26614,58229,58229
26615,58230,58230
26616,58231,58231
26617,58232,58232
26618,58233,58233
26619,58234,58234
26620,58235,58235
26621,58236,58236
26622,58237,58237
26623,58238,58238
26624,58239,58239
26625,58240,58240
26626,58241,58241
26627,58242,58242
26628,58243,58243
26629,58244,58244
26630,58245,58245
26631,58246,58246
26632,58247,58247
26633,58248,58248
26634,58249,58249
26635,58250,58250
26636,4377,4377
26637,4378,4378
26638,4379,4379
26639,4380,4380
26640,58255,58255
26641,58256,58256
26642,58257,58257
26643,58258,58258
26644,58259,58259
26645,58260,58260
26646,58261,58261
26647,58262,58262
26648,4389,4389
26649,4390,4390
26650,4391,4391
26651,4392,4392
26652,4393,4393
26653,4394,4394
26654,4395,4395
26655,4396,4396
26656,4397,4397
26657,4398,4398
26658,4399,4399
26659,58274,58274
26660,58275,58275
26661,4402,4402
26662,4403,4403
26663,4404,4404
26664,4405,4405
26665,4406,4406
26666,4407,4407
26667,4408,4408
26668,24628,24628
26669,4410,4410
26670,4411,4411
26671,58286,58286
26672,58287,58287
26673,58288,58288
26674,58289,58289
26675,58290,58290
26676,58291,58291
26677,58292,58292
26678,58293,58293
26679,58294,58294
26680,58295,58295
26681,58296,58296
26682,58297,58297
26683,58298,58298
26684,58299,58299
26685,58300,58300
26686,58301,58301
26687,58302,58302
26688,58303,58303
26689,58304,58304
26690,58305,58305
26691,58306,58306
26692,58307,58307
26693,58308,58308
26694,58309,58309
26695,58310,58310
26696,58311,58311
26697,58312,58312
26698,58313,58313
26699,58314,58314
26700,58315,58315
26701,58316,58316
26702,58317,58317
26703,58318,58318
26704,58319,58319
26705,58320,58320
26706,58321,58321
26707,58322,58322
26708,58323,58323
26709,58324,58324
26710,58325,58325
26711,4452,4452
26712,4453,4453
26713,4454,4454
26714,9516,9516
26715,9519,9519
26716,4457,4457
26717,58332,58332
26718,58333,58333
26719,58334,58334
26720,58335,58335
26721,58336,58336
26722,58337,58337
26723,58338,58338
26724,58339,58339
26725,58340,58340
26726,58341,58341
26727,58342,58342
26728,58343,58343
26729,58344,58344
26730,58345,58345
26731,58346,58346
26732,58347,58347
26733,58348,58348
26734,58349,58349
26735,4476,4476
26736,4477,4477
26737,4478,4478
26738,4479,4479
26739,9558,9558
26740,4481,4481
26741,58356,58356
26742,58357,58357
26743,58358,58358
26744,58359,58359
26745,58360,58360
26746,58361,58361
26747,58362,58362
26748,4489,4489
26749,4480,4480
26750,30458,30458
26751,4492,4492
26752,4493,4493
26753,30956,30956
26754,9464,9464
26755,4764,4764
26756,4494,4494
26757,4543,4543
26758,58373,58373
26759,58374,58374
26760,58375,58375
26761,4502,4502
26762,4503,4503
26763,4504,4504
26764,4505,4505
26765,4506,4506
26766,4507,4507
26767,4508,4508
26768,4509,4509
26769,4510,4510
26770,4511,4511
26771,4512,4512
26772,4513,4513
26773,58388,58388
26774,58389,58389
26775,58390,58390
26776,58391,58391
26777,58392,58392
26778,58393,58393
26779,58394,58394
26780,58395,58395
26781,4522,4522
26782,4523,4523
26783,4524,4524
26784,4525,4525
26785,4062,4062
26786,4527,4527
26787,4528,4528
26788,4529,4529
26789,4530,4530
26790,4531,4531
26791,4532,4532
26792,58407,58407
26793,58408,58408
26794,4535,4535
26795,4536,4536
26796,4537,4537
26797,4538,4538
26798,50731,50731
26799,4540,4540
26800,4541,4541
26801,48621,48621
26802,9565,9565
26803,4498,4498
26804,58419,58419
26805,58420,58420
26806,58421,58421
26807,58422,58422
26808,58423,58423
26809,58424,58424
26810,58425,58425
26811,58426,58426
26812,58427,58427
26813,58428,58428
26814,58429,58429
26815,58430,58430
26816,58431,58431
26817,58432,58432
26818,58433,58433
26819,58434,58434
26820,58435,58435
26821,58436,58436
26822,58437,58437
26823,58438,58438
26824,58439,58439
26825,58440,58440
26826,58441,58441
26827,58442,58442
26828,58443,58443
26829,58444,58444
26830,58445,58445
26831,58446,58446
26832,58447,58447
26833,58448,58448
26834,58449,58449
26835,58450,58450
26836,58451,58451
26837,58452,58452
26838,58453,58453
26839,4580,4580
26840,4581,4581
26841,40418,40418
26842,51977,51977
26843,30964,30964
26844,9758,9758
26845,58460,58460
26846,58461,58461
26847,58462,58462
26848,58463,58463
26849,58464,58464
26850,58465,58465
26851,58466,58466
26852,4593,4593
26853,4594,4594
26854,4595,4595
26855,9473,9473
26856,4597,4597
26857,9667,9667
26858,24604,24604
26859,9598,9598
26860,9819,9819
26861,4602,4602
26862,58477,58477
26863,58478,58478
26864,58479,58479
26865,58480,58480
26866,58481,58481
26867,58482,58482
26868,58483,58483
26869,58484,58484
26870,58485,58485
26871,58486,58486
26872,58487,58487
26873,58488,58488
26874,58489,58489
26875,58490,58490
26876,58491,58491
26877,58492,58492
26878,58493,58493
26879,58494,58494
26880,4621,4621
26881,4622,4622
26882,4623,4623
26883,4624,4624
26884,31057,31057
26885,58500,58500
26886,58501,58501
26887,58502,58502
26888,58503,58503
26889,58504,58504
26890,58505,58505
26891,58506,58506
26892,58507,58507
26893,58508,58508
26894,58509,58509
26895,58510,58510
26896,58511,58511
26897,58512,58512
26898,58513,58513
26899,58514,58514
26900,58515,58515
26901,58516,58516
26902,58517,58517
26903,58518,58518
26904,58519,58519
26905,58520,58520
26906,58521,58521
26907,58522,58522
26908,58523,58523
26909,58524,58524
26910,58525,58525
26911,58526,58526
26912,58527,58527
26913,58528,58528
26914,58529,58529
26915,58530,58530
26916,58531,58531
26917,58532,58532
26918,58533,58533
26919,58534,58534
26920,58535,58535
26921,4662,4662
26922,4663,4663
26923,4664,4664
26924,4665,4665
26925,4666,4666
26926,4843,4843
26927,58542,58542
26928,58543,58543
26929,58544,58544
26930,58545,58545
26931,58546,58546
26932,58547,58547
26933,58548,58548
26934,4675,4675
26935,4722,4722
26936,31368,31368
26937,18334,18334
26938,24046,24046
26939,30484,30484
26940,28875,28875
26941,4682,4682
26942,9610,9610
26943,4684,4684
26944,58559,58559
26945,9894,9894
26946,4687,4687
26947,4688,4688
26948,4689,4689
26949,4690,4690
26950,31050,31050
26951,4692,4692
26952,4693,4693
26953,9763,9763
26954,4695,4695
26955,31047,31047
26956,4697,4697
26957,4698,4698
26958,4699,4699
26959,58574,58574
26960,58575,58575
26961,58576,58576
26962,58577,58577
26963,58578,58578
26964,58579,58579
26965,58580,58580
26966,58581,58581
26967,4708,4708
26968,4709,4709
26969,4710,4710
26970,58585,58585
26971,58586,58586
26972,58587,58587
26973,58588,58588
26974,58589,58589
26975,58590,58590
26976,58591,58591
26977,58592,58592
26978,51984,51984
26979,24624,24624
26980,9697,9697
26981,4676,4676
26982,58597,58597
26983,58598,58598
26984,58599,58599
26985,58600,58600
26986,58601,58601
26987,58602,58602
26988,58603,58603
26989,58604,58604
26990,58605,58605
26991,4732,4732
26992,4733,4733
26993,4734,4734
26994,4735,4735
26995,4736,4736
26996,4737,4737
26997,4738,4738
26998,4739,4739
26999,4740,4740
27000,4741,4741
27001,58616,58616
27002,58617,58617
27003,4744,4744
27004,4745,4745
27005,4746,4746
27006,4747,4747
27007,4748,4748
27008,4749,4749
27009,4750,4750
27010,4751,4751
27011,4752,4752
27012,4753,4753
27013,58628,58628
27014,58629,58629
27015,58630,58630
27016,58631,58631
27017,31186,31186
27018,9838,9838
27019,52063,52063
27020,4799,4799
27021,9865,9865
27022,51128,51128
27023,31192,31192
27024,51908,51908
27025,58640,58640
27026,58641,58641
27027,58642,58642
27028,58643,58643
27029,4798,4798
27030,4771,4771
27031,51020,51020
27032,4773,4773
27033,9843,9843
27034,4775,4775
27035,8419,8419
27036,50745,50745
27037,58652,58652
27038,58653,58653
27039,4780,4780
27040,4781,4781
27041,4782,4782
27042,4783,4783
27043,4784,4784
27044,4785,4785
27045,4786,4786
27046,4787,4787
27047,4788,4788
27048,4789,4789
27049,58664,58664
27050,4920,4920
27051,9863,9863
27052,4793,4793
27053,4796,4796
27054,4795,4795
27055,9862,9862
27056,4797,4797
27057,49198,49198
27058,4762,4762
27059,58674,58674
27060,58675,58675
27061,24586,24586
27062,31367,31367
27063,51981,51981
27064,27795,27795
27065,4064,4064
27066,15701,15701
27067,9749,9749
27068,4809,4809
27069,4808,4808
27070,4496,4496
27071,4812,4812
27072,58687,58687
27073,58688,58688
27074,58689,58689
27075,58690,58690
27076,58691,58691
27077,58692,58692
27078,58693,58693
27079,58694,58694
27080,58695,58695
27081,58696,58696
27082,58697,58697
27083,31006,31006
27084,58699,58699
27085,58700,58700
27086,58701,58701
27087,58702,58702
27088,58703,58703
27089,58704,58704
27090,58705,58705
27091,58706,58706
27092,58707,58707
27093,31004,31004
27094,51130,51130
27095,58710,58710
27096,58711,58711
27097,58712,58712
27098,31048,31048
27099,9861,9861
27100,51950,51950
27101,31226,31226
27102,4936,4936
27103,52055,52055
27104,51162,51162
27105,7231,7231
27106,51163,51163
27107,51152,51152
27108,4849,4849
27109,4850,4850
27110,4851,4851
27111,4852,4852
27112,4853,4853
27113,4854,4854
27114,58729,58729
27115,58730,58730
27116,58731,58731
27117,58732,58732
27118,58733,58733
27119,58734,58734
27120,58735,58735
27121,58736,58736
27122,58737,58737
27123,58738,58738
27124,58739,58739
27125,58740,58740
27126,58741,58741
27127,58742,58742
27128,58743,58743
27129,58744,58744
27130,58745,58745
27131,58746,58746
27132,58747,58747
27133,58748,58748
27134,4875,4875
27135,9945,9945
27136,4877,4877
27137,9944,9944
27138,4879,4879
27139,4880,4880
27140,4881,4881
27141,4882,4882
27142,58757,58757
27143,58758,58758
27144,58759,58759
27145,58760,58760
27146,4887,4887
27147,4888,4888
27148,4889,4889
27149,4890,4890
27150,4891,4891
27151,4892,4892
27152,4893,4893
27153,4894,4894
27154,4895,4895
27155,4896,4896
27156,4897,4897
27157,4898,4898
27158,4899,4899
27159,58774,58774
27160,58775,58775
27161,58776,58776
27162,58777,58777
27163,58778,58778
27164,58779,58779
27165,58780,58780
27166,58781,58781
27167,58782,58782
27168,58783,58783
27169,58784,58784
27170,4911,4911
27171,4912,4912
27172,4913,4913
27173,4914,4914
27174,4915,4915
27175,27861,27861
27176,4917,4917
27177,40416,40416
27178,4919,4919
27179,9859,9859
27180,58795,58795
27181,58796,58796
27182,58797,58797
27183,58798,58798
27184,58799,58799
27185,58800,58800
27186,58801,58801
27187,58802,58802
27188,58803,58803
27189,58804,58804
27190,58805,58805
27191,4932,4932
27192,4933,4933
27193,4084,4084
27194,4935,4935
27195,4842,4842
27196,31054,31054
27197,10007,10007
27198,4939,4939
27199,4940,4940
27200,4941,4941
27201,4942,4942
27202,4943,4943
27203,4944,4944
27204,49095,49095
27205,4946,4946
27206,58821,58821
27207,58822,58822
27208,58823,58823
27209,58824,58824
27210,58825,58825
27211,58826,58826
27212,58827,58827
27213,4954,4954
27214,4955,4955
27215,4956,4956
27216,4957,4957
27217,4958,4958
27218,4959,4959
27219,4960,4960
27220,4961,4961
27221,4962,4962
27222,30796,30796
27223,58838,58838
27224,4985,4985
27225,56249,56249
27226,4987,4987
27227,58842,58842
27228,52824,52824
27229,58844,58844
27230,5404,5404
27231,59205,59205
27232,58847,58847
27233,25234,25234
27234,58843,58843
27235,58850,58850
27236,58851,58851
27237,58852,58852
27238,58853,58853
27239,58854,58854
27240,58855,58855
27241,58856,58856
27242,58857,58857
27243,58858,58858
27244,58859,58859
27245,58860,58860
27246,58861,58861
27247,58862,58862
27248,58863,58863
27249,58864,58864
27250,58865,58865
27251,58866,58866
27252,58867,58867
27253,58868,58868
27254,58869,58869
27255,58870,58870
27256,58871,58871
27257,58872,58872
27258,58873,58873
27259,58874,58874
27260,58875,58875
27261,58876,58876
27262,58877,58877
27263,58878,58878
27264,58879,58879
27265,58880,58880
27266,58881,58881
27267,58882,58882
27268,58883,58883
27269,58884,58884
27270,58885,58885
27271,58886,58886
27272,58887,58887
27273,58888,58888
27274,58889,58889
27275,58890,58890
27276,58891,58891
27277,58892,58892
27278,58893,58893
27279,58894,58894
27280,58895,58895
27281,58896,58896
27282,58897,58897
27283,58898,58898
27284,58899,58899
27285,58900,58900
27286,58901,58901
27287,58902,58902
27288,58903,58903
27289,58904,58904
27290,58905,58905
27291,58906,58906
27292,58907,58907
27293,58908,58908
27294,58909,58909
27295,58910,58910
27296,58911,58911
27297,58912,58912
27298,58913,58913
27299,58914,58914
27300,58915,58915
27301,58916,58916
27302,58917,58917
27303,58918,58918
27304,58919,58919
27305,58920,58920
27306,58921,58921
27307,58922,58922
27308,58923,58923
27309,58924,58924
27310,58925,58925
27311,58926,58926
27312,58927,58927
27313,58928,58928
27314,58929,58929
27315,58930,58930
27316,58931,58931
27317,58932,58932
27318,58933,58933
27319,58934,58934
27320,58935,58935
27321,58936,58936
27322,58937,58937
27323,58938,58938
27324,58939,58939
27325,58940,58940
27326,58941,58941
27327,58942,58942
27328,58943,58943
27329,58944,58944
27330,58945,58945
27331,58946,58946
27332,58947,58947
27333,58948,58948
27334,58949,58949
27335,58950,58950
27336,58951,58951
27337,58952,58952
27338,58953,58953
27339,58954,58954
27340,58955,58955
27341,58956,58956
27342,58957,58957
27343,58958,58958
27344,58959,58959
27345,58960,58960
27346,58961,58961
27347,58962,58962
27348,58963,58963
27349,58964,58964
27350,58965,58965
27351,58966,58966
27352,58967,58967
27353,58968,58968
27354,58969,58969
27355,58970,58970
27356,58971,58971
27357,58972,58972
27358,58973,58973
27359,58974,58974
27360,58975,58975
27361,58976,58976
27362,58977,58977
27363,58978,58978
27364,58979,58979
27365,58980,58980
27366,58981,58981
27367,58982,58982
27368,58983,58983
27369,58984,58984
27370,58985,58985
27371,58986,58986
27372,58987,58987
27373,58988,58988
27374,58989,58989
27375,58990,58990
27376,58991,58991
27377,58992,58992
27378,58993,58993
27379,58994,58994
27380,58995,58995
27381,58996,58996
27382,58997,58997
27383,58998,58998
27384,58999,58999
27385,59000,59000
27386,59001,59001
27387,59002,59002
27388,59003,59003
27389,59004,59004
27390,59005,59005
27391,59006,59006
27392,59007,59007
27393,59008,59008
27394,59009,59009
27395,59010,59010
27396,59011,59011
27397,59012,59012
27398,59013,59013
27399,59014,59014
27400,59015,59015
27401,59016,59016
27402,59017,59017
27403,59018,59018
27404,59019,59019
27405,59020,59020
27406,59021,59021
27407,59022,59022
27408,59023,59023
27409,59024,59024
27410,59025,59025
27411,59026,59026
27412,59027,59027
27413,59028,59028
27414,59029,59029
27415,59030,59030
27416,59031,59031
27417,59032,59032
27418,59033,59033
27419,59034,59034
27420,59035,59035
27421,59036,59036
27422,59037,59037
27423,59038,59038
27424,59039,59039
27425,59040,59040
27426,59041,59041
27427,59042,59042
27428,59043,59043
27429,59044,59044
27430,59045,59045
27431,59046,59046
27432,59047,59047
27433,59048,59048
27434,59049,59049
27435,59050,59050
27436,59051,59051
27437,59052,59052
27438,59053,59053
27439,59054,59054
27440,59055,59055
27441,59056,59056
27442,59057,59057
27443,59058,59058
27444,59059,59059
27445,59060,59060
27446,59061,59061
27447,59062,59062
27448,59063,59063
27449,59064,59064
27450,59065,59065
27451,59066,59066
27452,59067,59067
27453,59068,59068
27454,59069,59069
27455,59070,59070
27456,59071,59071
27457,59072,59072
27458,59073,59073
27459,59074,59074
27460,59075,59075
27461,59076,59076
27462,59077,59077
27463,59078,59078
27464,59079,59079
27465,59080,59080
27466,59081,59081
27467,59082,59082
27468,59083,59083
27469,59084,59084
27470,59085,59085
27471,59086,59086
27472,59087,59087
27473,59088,59088
27474,59089,59089
27475,59090,59090
27476,59091,59091
27477,59092,59092
27478,59093,59093
27479,59094,59094
27480,59095,59095
27481,59096,59096
27482,59097,59097
27483,59098,59098
27484,59099,59099
27485,59100,59100
27486,59101,59101
27487,59102,59102
27488,59103,59103
27489,59104,59104
27490,59105,59105
27491,59106,59106
27492,59107,59107
27493,59108,59108
27494,59109,59109
27495,59110,59110
27496,59111,59111
27497,59112,59112
27498,59113,59113
27499,59114,59114
27500,59115,59115
27501,59116,59116
27502,59117,59117
27503,59118,59118
27504,59119,59119
27505,59120,59120
27506,59121,59121
27507,59122,59122
27508,59123,59123
27509,59124,59124
27510,59125,59125
27511,59126,59126
27512,59127,59127
27513,59128,59128
27514,59129,59129
27515,59130,59130
27516,59131,59131
27517,59132,59132
27518,59133,59133
27519,59134,59134
27520,59135,59135
27521,59136,59136
27522,59137,59137
27523,59138,59138
27524,59139,59139
27525,59140,59140
27526,59141,59141
27527,59142,59142
27528,59143,59143
27529,59144,59144
27530,59145,59145
27531,59146,59146
27532,59147,59147
27533,59148,59148
27534,59149,59149
27535,59150,59150
27536,59151,59151
27537,59152,59152
27538,59153,59153
27539,59154,59154
27540,59155,59155
27541,59156,59156
27542,59157,59157
27543,59158,59158
27544,59159,59159
27545,59160,59160
27546,59161,59161
27547,59162,59162
27548,59163,59163
27549,59164,59164
27550,59165,59165
27551,59166,59166
27552,59167,59167
27553,59168,59168
27554,59169,59169
27555,59170,59170
27556,59171,59171
27557,59172,59172
27558,59173,59173
27559,59174,59174
27560,59175,59175
27561,59176,59176
27562,59177,59177
27563,59178,59178
27564,59179,59179
27565,59180,59180
27566,59181,59181
27567,59182,59182
27568,59183,59183
27569,59184,59184
27570,59185,59185
27571,59186,59186
27572,59187,59187
27573,59188,59188
27574,59189,59189
27575,59190,59190
27576,59191,59191
27577,5395,5395
27578,5383,5383
27579,5384,5384
27580,5385,5385
27581,25240,25240
27582,59204,59204
27583,52381,52381
27584,59218,59218
27585,59193,59193
27586,30203,30203
27587,59202,59202
27588,59203,59203
27589,5407,5407
27590,59194,59194
27591,5396,5396
27592,5397,5397
27593,25251,25251
27594,5399,5399
27595,5392,5392
27596,59217,59217
27597,59212,59212
27598,25256,25256
27599,59214,59214
27600,59215,59215
27601,5387,5387
27602,59268,59268
27603,5408,5408
27604,5409,5409
27605,25265,25265
27606,5411,5411
27607,53198,53198
27608,24331,24331
27609,59224,59224
27610,15537,15537
27611,59226,59226
27612,59265,59265
27613,25262,25262
27614,59229,59229
27615,59251,59251
27616,59252,59252
27617,412,412
27618,5424,5424
27619,5425,5425
27620,25274,25274
27621,5427,5427
27622,53207,53207
27623,5423,5423
27624,421,421
27625,59240,59240
27626,59241,59241
27627,422,422
27628,5434,5434
27629,5435,5435
27630,25283,25283
27631,5437,5437
27632,35250,35250
27633,59253,59253
27634,3261,3261
27635,59230,59230
27636,59231,59231
27637,411,411
27638,413,413
27639,29468,29468
27640,25288,25288
27641,5447,5447
27642,4978,4978
27643,59206,59206
27644,59232,59232
27645,5451,5451
27646,25297,25297
27647,5454,5454
27648,59262,59262
27649,59264,59264
27650,21995,21995
27651,5462,5462
27652,5463,5463
27653,5464,5464
27654,5465,5465
27655,25331,25331
27656,59306,59306
27657,58841,58841
27658,16949,16949
27659,59274,59274
27660,59275,59275
27661,59276,59276
27662,59277,59277
27663,59278,59278
27664,59279,59279
27665,59280,59280
27666,59281,59281
27667,59282,59282
27668,59283,59283
27669,59284,59284
27670,59285,59285
27671,59286,59286
27672,59287,59287
27673,59288,59288
27674,59289,59289
27675,59290,59290
27676,59291,59291
27677,59292,59292
27678,59293,59293
27679,59294,59294
27680,59295,59295
27681,59296,59296
27682,59297,59297
27683,59298,59298
27684,59299,59299
27685,59300,59300
27686,59301,59301
27687,59302,59302
27688,59303,59303
27689,59304,59304
27690,59305,59305
27691,5467,5467
27692,5503,5503
27693,5504,5504
27694,5505,5505
27695,5506,5506
27696,28011,28011
27697,59312,59312
27698,59313,59313
27699,59314,59314
27700,59315,59315
27701,59316,59316
27702,59317,59317
27703,59318,59318
27704,59319,59319
27705,59320,59320
27706,59321,59321
27707,59322,59322
27708,59323,59323
27709,59324,59324
27710,59325,59325
27711,59326,59326
27712,59327,59327
27713,59328,59328
27714,59329,59329
27715,59330,59330
27716,59331,59331
27717,59332,59332
27718,59333,59333
27719,59334,59334
27720,59335,59335
27721,59336,59336
27722,59337,59337
27723,59338,59338
27724,59339,59339
27725,59340,59340
27726,59341,59341
27727,59342,59342
27728,59343,59343
27729,59344,59344
27730,59345,59345
27731,59346,59346
27732,59347,59347
27733,59348,59348
27734,59349,59349
27735,59350,59350
27736,59351,59351
27737,59352,59352
27738,59353,59353
27739,59354,59354
27740,59355,59355
27741,59356,59356
27742,59357,59357
27743,59358,59358
27744,59359,59359
27745,59360,59360
27746,59361,59361
27747,59362,59362
27748,59363,59363
27749,59364,59364
27750,59365,59365
27751,59366,59366
27752,59367,59367
27753,59368,59368
27754,59369,59369
27755,59370,59370
27756,59371,59371
27757,59372,59372
27758,59373,59373
27759,59374,59374
27760,59375,59375
27761,59376,59376
27762,59377,59377
27763,59378,59378
27764,59379,59379
27765,59380,59380
27766,59381,59381
27767,59382,59382
27768,59383,59383
27769,59384,59384
27770,59385,59385
27771,59386,59386
27772,59387,59387
27773,59388,59388
27774,59389,59389
27775,59390,59390
27776,59391,59391
27777,59392,59392
27778,59393,59393
27779,59394,59394
27780,59395,59395
27781,59396,59396
27782,59397,59397
27783,59398,59398
27784,59399,59399
27785,59400,59400
27786,59401,59401
27787,59402,59402
27788,59403,59403
27789,59404,59404
27790,59405,59405
27791,59406,59406
27792,59407,59407
27793,59408,59408
27794,59409,59409
27795,59410,59410
27796,59411,59411
27797,59412,59412
27798,59413,59413
27799,59414,59414
27800,59415,59415
27801,59416,59416
27802,59417,59417
27803,59418,59418
27804,59419,59419
27805,59420,59420
27806,59421,59421
27807,59422,59422
27808,59423,59423
27809,59424,59424
27810,59425,59425
27811,59426,59426
27812,59427,59427
27813,59428,59428
27814,59429,59429
27815,59430,59430
27816,59431,59431
27817,59432,59432
27818,59433,59433
27819,59434,59434
27820,59435,59435
27821,59436,59436
27822,59437,59437
27823,59438,59438
27824,59439,59439
27825,59440,59440
27826,59441,59441
27827,59442,59442
27828,59443,59443
27829,59444,59444
27830,59445,59445
27831,59446,59446
27832,59447,59447
27833,59448,59448
27834,59449,59449
27835,59450,59450
27836,59451,59451
27837,59452,59452
27838,59453,59453
27839,59454,59454
27840,59455,59455
27841,59456,59456
27842,59457,59457
27843,59458,59458
27844,59459,59459
27845,59460,59460
27846,59461,59461
27847,59462,59462
27848,59463,59463
27849,59464,59464
27850,59465,59465
27851,59466,59466
27852,59467,59467
27853,59468,59468
27854,59469,59469
27855,59470,59470
27856,59471,59471
27857,59472,59472
27858,59473,59473
27859,59474,59474
27860,59475,59475
27861,59476,59476
27862,59477,59477
27863,59478,59478
27864,59479,59479
27865,59480,59480
27866,59481,59481
27867,59482,59482
27868,59483,59483
27869,59484,59484
27870,59485,59485
27871,59486,59486
27872,59487,59487
27873,59488,59488
27874,59489,59489
27875,59490,59490
27876,59491,59491
27877,59492,59492
27878,59493,59493
27879,59494,59494
27880,59495,59495
27881,59496,59496
27882,59497,59497
27883,59498,59498
27884,59499,59499
27885,59500,59500
27886,59501,59501
27887,59502,59502
27888,59503,59503
27889,59504,59504
27890,59505,59505
27891,59506,59506
27892,59507,59507
27893,59508,59508
27894,59509,59509
27895,59510,59510
27896,59511,59511
27897,59512,59512
27898,59513,59513
27899,59514,59514
27900,59515,59515
27901,59516,59516
27902,59517,59517
27903,59518,59518
27904,59519,59519
27905,59520,59520
27906,59521,59521
27907,59522,59522
27908,59523,59523
27909,59524,59524
27910,59525,59525
27911,59526,59526
27912,59527,59527
27913,59528,59528
27914,59529,59529
27915,59530,59530
27916,59531,59531
27917,59532,59532
27918,59533,59533
27919,59534,59534
27920,59535,59535
27921,59536,59536
27922,59537,59537
27923,59538,59538
27924,59539,59539
27925,59540,59540
27926,59541,59541
27927,59542,59542
27928,59543,59543
27929,59544,59544
27930,59545,59545
27931,59546,59546
27932,59547,59547
27933,59548,59548
27934,59549,59549
27935,59550,59550
27936,59551,59551
27937,59552,59552
27938,59553,59553
27939,59554,59554
27940,59555,59555
27941,59556,59556
27942,59557,59557
27943,59558,59558
27944,59559,59559
27945,59560,59560
27946,59561,59561
27947,59562,59562
27948,59563,59563
27949,59564,59564
27950,59565,59565
27951,59566,59566
27952,59567,59567
27953,59568,59568
27954,59569,59569
27955,59570,59570
27956,59571,59571
27957,59572,59572
27958,59573,59573
27959,59574,59574
27960,59575,59575
27961,59576,59576
27962,59577,59577
27963,59578,59578
27964,59579,59579
27965,59580,59580
27966,59581,59581
27967,59582,59582
27968,59583,59583
27969,59584,59584
27970,59585,59585
27971,59586,59586
27972,59587,59587
27973,59588,59588
27974,59589,59589
27975,59590,59590
27976,59591,59591
27977,59592,59592
27978,59593,59593
27979,59594,59594
27980,59595,59595
27981,59596,59596
27982,59597,59597
27983,59598,59598
27984,59599,59599
27985,59600,59600
27986,59601,59601
27987,59602,59602
27988,59603,59603
27989,59604,59604
27990,59605,59605
27991,59606,59606
27992,59607,59607
27993,59608,59608
27994,59609,59609
27995,59610,59610
27996,59611,59611
27997,59612,59612
27998,59613,59613
27999,59614,59614
28000,59615,59615
28001,59616,59616
28002,59617,59617
28003,59618,59618
28004,59619,59619
28005,59620,59620
28006,59621,59621
28007,59622,59622
28008,59623,59623
28009,59624,59624
28010,59625,59625
28011,59626,59626
28012,59627,59627
28013,59628,59628
28014,59629,59629
28015,59630,59630
28016,59631,59631
28017,59632,59632
28018,59633,59633
28019,59634,59634
28020,59635,59635
28021,59636,59636
28022,59637,59637
28023,59638,59638
28024,59639,59639
28025,59640,59640
28026,59641,59641
28027,59642,59642
28028,59643,59643
28029,59644,59644
28030,59645,59645
28031,59646,59646
28032,59647,59647
28033,59648,59648
28034,59649,59649
28035,59650,59650
28036,59651,59651
28037,59652,59652
28038,59653,59653
28039,59654,59654
28040,59655,59655
28041,59656,59656
28042,59657,59657
28043,59658,59658
28044,59659,59659
28045,59660,59660
28046,59661,59661
28047,59662,59662
28048,59663,59663
28049,59664,59664
28050,59665,59665
28051,59666,59666
28052,59667,59667
28053,59668,59668
28054,59669,59669
28055,59670,59670
28056,59671,59671
28057,59672,59672
28058,59673,59673
28059,59674,59674
28060,59675,59675
28061,59676,59676
28062,59677,59677
28063,59678,59678
28064,59679,59679
28065,59680,59680
28066,59681,59681
28067,59682,59682
28068,59683,59683
28069,59684,59684
28070,59685,59685
28071,59686,59686
28072,59687,59687
28073,59688,59688
28074,59689,59689
28075,59690,59690
28076,59691,59691
28077,59692,59692
28078,59693,59693
28079,59694,59694
28080,59695,59695
28081,59696,59696
28082,59697,59697
28083,59698,59698
28084,59699,59699
28085,59700,59700
28086,59701,59701
28087,59702,59702
28088,59703,59703
28089,59704,59704
28090,59705,59705
28091,59706,59706
28092,59707,59707
28093,59708,59708
28094,59709,59709
28095,59710,59710
28096,59711,59711
28097,59712,59712
28098,59713,59713
28099,59714,59714
28100,59715,59715
28101,59716,59716
28102,59717,59717
28103,59718,59718
28104,59719,59719
28105,59720,59720
28106,59721,59721
28107,59722,59722
28108,59723,59723
28109,59724,59724
28110,59725,59725
28111,59726,59726
28112,59727,59727
28113,59728,59728
28114,59729,59729
28115,59730,59730
28116,59731,59731
28117,59732,59732
28118,59733,59733
28119,59734,59734
28120,59735,59735
28121,59736,59736
28122,59737,59737
28123,59738,59738
28124,59739,59739
28125,59740,59740
28126,59741,59741
28127,59742,59742
28128,59743,59743
28129,59744,59744
28130,59745,59745
28131,59746,59746
28132,59747,59747
28133,59748,59748
28134,59749,59749
28135,59750,59750
28136,59751,59751
28137,59752,59752
28138,59753,59753
28139,59754,59754
28140,59755,59755
28141,59756,59756
28142,59757,59757
28143,59758,59758
28144,59759,59759
28145,59760,59760
28146,59761,59761
28147,59762,59762
28148,59763,59763
28149,59764,59764
28150,59765,59765
28151,59766,59766
28152,59767,59767
28153,59768,59768
28154,59769,59769
28155,59770,59770
28156,59771,59771
28157,59772,59772
28158,59773,59773
28159,59774,59774
28160,59775,59775
28161,59776,59776
28162,59777,59777
28163,59778,59778
28164,59779,59779
28165,59780,59780
28166,59781,59781
28167,59782,59782
28168,59783,59783
28169,59784,59784
28170,59785,59785
28171,59786,59786
28172,59787,59787
28173,59788,59788
28174,59789,59789
28175,59790,59790
28176,59791,59791
28177,59792,59792
28178,59793,59793
28179,59794,59794
28180,59795,59795
28181,59796,59796
28182,59797,59797
28183,59798,59798
28184,59799,59799
28185,59800,59800
28186,59801,59801
28187,59802,59802
28188,59803,59803
28189,59804,59804
28190,59805,59805
28191,59806,59806
28192,59807,59807
28193,59808,59808
28194,59809,59809
28195,59810,59810
28196,59811,59811
28197,59812,59812
28198,59813,59813
28199,59814,59814
28200,59815,59815
28201,59816,59816
28202,59817,59817
28203,59818,59818
28204,59819,59819
28205,59820,59820
28206,59821,59821
28207,59822,59822
28208,59823,59823
28209,59824,59824
28210,59825,59825
28211,59826,59826
28212,59827,59827
28213,59828,59828
28214,59829,59829
28215,59830,59830
28216,59831,59831
28217,59832,59832
28218,59833,59833
28219,59834,59834
28220,59835,59835
28221,59836,59836
28222,59837,59837
28223,59838,59838
28224,59839,59839
28225,59840,59840
28226,59841,59841
28227,59842,59842
28228,59843,59843
28229,59844,59844
28230,59845,59845
28231,59846,59846
28232,59847,59847
28233,59848,59848
28234,59849,59849
28235,59850,59850
28236,59851,59851
28237,59852,59852
28238,59853,59853
28239,59854,59854
28240,59855,59855
28241,59856,59856
28242,59857,59857
28243,59858,59858
28244,59859,59859
28245,59860,59860
28246,59861,59861
28247,59862,59862
28248,59863,59863
28249,59864,59864
28250,59865,59865
28251,59866,59866
28252,59867,59867
28253,59868,59868
28254,59869,59869
28255,6121,6121
28256,6122,6122
28257,6123,6123
28258,6124,6124
28259,6117,6117
28260,59875,59875
28261,59876,59876
28262,59877,59877
28263,12870,12870
28264,59879,59879
28265,59880,59880
28266,59881,59881
28267,59882,59882
28268,59883,59883
28269,59884,59884
28270,6136,6136
28271,6137,6137
28272,6138,6138
28273,6139,6139
28274,48786,48786
28275,59890,59890
28276,59891,59891
28277,59892,59892
28278,59893,59893
28279,59894,59894
28280,59895,59895
28281,59896,59896
28282,59897,59897
28283,59898,59898
28284,59899,59899
28285,59900,59900
28286,59901,59901
28287,59902,59902
28288,59903,59903
28289,59904,59904
28290,59905,59905
28291,59906,59906
28292,6170,6170
28293,6171,6171
28294,6172,6172
28295,6173,6173
28296,53941,53941
28297,59912,59912
28298,1077,1077
28299,2937,2937
28300,59915,59915
28301,59916,59916
28302,59917,59917
28303,59918,59918
28304,6182,6182
28305,6183,6183
28306,6184,6184
28307,6185,6185
28308,26809,26809
28309,1099,1099
28310,1100,1100
28311,1101,1101
28312,59927,59927
28313,59928,59928
28314,59929,59929
28315,59930,59930
28316,6194,6194
28317,6195,6195
28318,6196,6196
28319,6197,6197
28320,13726,13726
28321,1088,1088
28322,1089,1089
28323,1090,1090
28324,59939,59939
28325,59940,59940
28326,59941,59941
28327,59942,59942
28328,59943,59943
28329,59944,59944
28330,59945,59945
28331,59946,59946
28332,59947,59947
28333,59948,59948
28334,59949,59949
28335,59950,59950
28336,59951,59951
28337,59952,59952
28338,59953,59953
28339,30171,30171
28340,6218,6218
28341,59954,59954
28342,59957,59957
28343,59958,59958
28344,59959,59959
28345,59960,59960
28346,59961,59961
28347,59962,59962
28348,59963,59963
28349,59964,59964
28350,59965,59965
28351,59966,59966
28352,59967,59967
28353,59968,59968
28354,6233,6233
28355,53811,53811
28356,59971,59971
28357,59972,59972
28358,59973,59973
28359,6234,6234
28360,59975,59975
28361,59976,59976
28362,59977,59977
28363,59978,59978
28364,59979,59979
28365,59980,59980
28366,59981,59981
28367,59982,59982
28368,59983,59983
28369,59984,59984
28370,59985,59985
28371,59986,59986
28372,59987,59987
28373,59988,59988
28374,59989,59989
28375,59990,59990
28376,59991,59991
28377,59992,59992
28378,59993,59993
28379,59994,59994
28380,59995,59995
28381,6261,6261
28382,6262,6262
28383,6263,6263
28384,6264,6264
28385,60020,60020
28386,1176,1176
28387,60002,60002
28388,60003,60003
28389,60004,60004
28390,60005,60005
28391,60006,60006
28392,60007,60007
28393,6273,6273
28394,6274,6274
28395,6275,6275
28396,6276,6276
28397,53828,53828
28398,1188,1188
28399,60014,60014
28400,60015,60015
28401,60016,60016
28402,60017,60017
28403,60018,60018
28404,60019,60019
28405,6285,6285
28406,6286,6286
28407,6287,6287
28408,6288,6288
28409,51379,51379
28410,1200,1200
28411,60026,60026
28412,60027,60027
28413,60028,60028
28414,60029,60029
28415,60030,60030
28416,60031,60031
28417,6297,6297
28418,6298,6298
28419,6299,6299
28420,6300,6300
28421,47112,47112
28422,24093,24093
28423,60038,60038
28424,60039,60039
28425,60040,60040
28426,60041,60041
28427,60042,60042
28428,60043,60043
28429,60044,60044
28430,60045,60045
28431,60046,60046
28432,60047,60047
28433,60048,60048
28434,60049,60049
28435,60050,60050
28436,60051,60051
28437,60052,60052
28438,60053,60053
28439,60054,60054
28440,60055,60055
28441,60056,60056
28442,60057,60057
28443,60058,60058
28444,60059,60059
28445,6325,6325
28446,6326,6326
28447,6327,6327
28448,6328,6328
28449,26529,26529
28450,60065,60065
28451,60066,60066
28452,60067,60067
28453,1,1
