[ Info: Loaded problem: rows=43021 columns=47148 nnz=277210
[ Info: Starting presolve
[ Info: After presolve: rows=28453 columns=31615 nnz=211789
[ Info: iter=50 obj=-100336.03631980416 pinf=289.4942327764376 (424) dinf=0.0 (0) time=11.2004918s
[ Info: iter=100 obj=-62987.525825945326 pinf=212.8481575909037 (404) dinf=0.0 (0) time=11.3973307s
[ Info: iter=150 obj=-21701.48535065837 pinf=137.2752703620033 (301) dinf=0.0 (0) time=11.5828151s
[ Info: iter=200 obj=-4006.265508197336 pinf=83.5258552808016 (222) dinf=0.0 (0) time=11.7621752s
[ Info: iter=250 obj=-137.65501278548078 pinf=13.568442217853068 (126) dinf=0.0 (0) time=11.946602s
[ Info: iter=257 obj=-7.5095241887883935e6 pinf=383149.01107378054 (3089) dinf=36998.32632978309 (226) time=12.0279037s
[ Info: iter=307 obj=-7.951015946512618e6 pinf=167847.4469583909 (3040) dinf=0.0 (0) time=12.2299904s
[ Info: iter=357 obj=-7.748282796693329e6 pinf=92872.04262785635 (3003) dinf=0.0 (0) time=12.4068831s
[ Info: iter=407 obj=-2.751854778210663e6 pinf=57936.56999322399 (2936) dinf=0.0 (0) time=12.5855308s
[ Info: iter=457 obj=-1.4088317850571447e6 pinf=60786.011614894305 (2967) dinf=0.0 (0) time=12.7691064s
[ Info: iter=507 obj=-518934.94452967425 pinf=51969.30259630213 (2935) dinf=0.0 (0) time=12.9977866s
[ Info: iter=557 obj=-29451.36790285888 pinf=46183.15348403188 (2938) dinf=0.0 (0) time=13.1809712s
[ Info: iter=607 obj=500177.6865967285 pinf=92416.92552960514 (3002) dinf=0.0 (0) time=13.367557s
[ Info: iter=657 obj=665290.614742882 pinf=45840.522811359355 (3079) dinf=0.0 (0) time=13.5574621s
[ Info: iter=707 obj=1.0703894780889149e6 pinf=47357.76943602762 (3193) dinf=0.0 (0) time=13.7518864s
[ Info: iter=757 obj=2.1027902449852275e6 pinf=61418.5023991594 (3194) dinf=0.0 (0) time=13.9480315s
[ Info: iter=807 obj=2.312072130780901e6 pinf=51295.8321849984 (3257) dinf=0.0 (0) time=14.1352956s
[ Info: iter=857 obj=2.7414920332939094e6 pinf=55504.00302629782 (3276) dinf=0.0 (0) time=14.342968s
[ Info: iter=907 obj=3.223030113957843e6 pinf=9.334041233517312e6 (3348) dinf=0.0 (0) time=14.5465027s
[ Info: iter=957 obj=3.3047621283489414e6 pinf=1.0571994212404553e7 (3371) dinf=0.0 (0) time=14.7579757s
[ Info: iter=1007 obj=3.986302661336873e6 pinf=9.973784584913816e6 (3469) dinf=0.0 (0) time=14.9577827s
[ Info: iter=1057 obj=4.217169262268303e6 pinf=9.934725558681954e6 (3500) dinf=0.0 (0) time=15.2120806s
[ Info: iter=1107 obj=4.291518167824877e6 pinf=9.784241736465776e6 (3510) dinf=0.0 (0) time=15.4557377s
[ Info: iter=1157 obj=4.524394473356711e6 pinf=7.760350508247576e6 (3502) dinf=0.0 (0) time=15.7038796s
[ Info: iter=1207 obj=4.68328155115686e6 pinf=1.1534130198706842e6 (3544) dinf=0.0 (0) time=15.9338871s
[ Info: iter=1257 obj=5.053331146577348e6 pinf=1.4219810265903277e6 (3622) dinf=0.0 (0) time=16.1486747s
[ Info: iter=1307 obj=5.255420054384446e6 pinf=1.5226193107767724e6 (3617) dinf=0.0 (0) time=16.3646769s
[ Info: iter=1357 obj=5.612160667043934e6 pinf=985230.5221104042 (3665) dinf=0.0 (0) time=16.6160794s
[ Info: iter=1407 obj=5.64437051290444e6 pinf=983493.4455816682 (3700) dinf=0.0 (0) time=16.8206973s
[ Info: iter=1457 obj=5.770107815283175e6 pinf=989771.6141445903 (3725) dinf=0.0 (0) time=17.0773248s
[ Info: iter=1507 obj=6.02077904912954e6 pinf=1.0543964182214683e6 (3754) dinf=0.0 (0) time=17.3266275s
[ Info: iter=1557 obj=6.104940985788856e6 pinf=1.0189370001023706e6 (3763) dinf=0.0 (0) time=17.5418695s
[ Info: iter=1607 obj=6.1904646217760155e6 pinf=1.0023470239245543e6 (3769) dinf=0.0 (0) time=17.7688538s
[ Info: iter=1657 obj=6.199572832687392e6 pinf=1.007309387568001e6 (3789) dinf=0.0 (0) time=17.9761732s
[ Info: iter=1707 obj=6.201096546647977e6 pinf=1.2305264503108861e6 (3808) dinf=0.0 (0) time=18.1798701s
[ Info: iter=1757 obj=6.201096546647976e6 pinf=1.0914550545669885e6 (3827) dinf=0.0 (0) time=18.4021523s
[ Info: iter=1807 obj=6.358541057513468e6 pinf=1.0672879232287307e6 (3825) dinf=0.0 (0) time=18.6086623s
[ Info: iter=1857 obj=6.367944652567133e6 pinf=1.07190104052986e6 (3840) dinf=0.0 (0) time=18.836035s
[ Info: iter=1907 obj=6.588238481190517e6 pinf=1.0859349317517409e6 (3892) dinf=0.0 (0) time=19.0451146s
[ Info: iter=1957 obj=6.698685330592741e6 pinf=1.1685907980956438e6 (3901) dinf=0.0 (0) time=19.2803411s
[ Info: iter=2007 obj=6.698685330592741e6 pinf=1.1604184075084578e6 (3911) dinf=0.0 (0) time=19.5041487s
[ Info: iter=2057 obj=6.737728894948332e6 pinf=1.34130310237579e6 (3917) dinf=0.0 (0) time=19.7627644s
[ Info: iter=2107 obj=6.755645136635814e6 pinf=1.451607606753219e6 (3936) dinf=0.0 (0) time=19.9811372s
[ Info: iter=2157 obj=6.755645136635814e6 pinf=1.4617474674417723e6 (3934) dinf=0.0 (0) time=20.1937401s
[ Info: iter=2207 obj=6.755645136635814e6 pinf=1.5466881380031782e6 (3940) dinf=0.0 (0) time=20.4261335s
[ Info: iter=2257 obj=6.767981097205824e6 pinf=1.4492688553665823e6 (3952) dinf=0.0 (0) time=20.6551661s
[ Info: iter=2307 obj=6.827290745221934e6 pinf=1.447840835535085e6 (3981) dinf=0.0 (0) time=20.9038463s
[ Info: iter=2357 obj=6.955188001585771e6 pinf=1.438716784693701e6 (4006) dinf=0.0 (0) time=21.1311375s
[ Info: iter=2407 obj=6.955383775681671e6 pinf=1.4402363837382267e6 (4019) dinf=0.0 (0) time=21.3617552s
[ Info: iter=2457 obj=6.987644036743138e6 pinf=1.4457054174779607e6 (4043) dinf=0.0 (0) time=21.591581s
[ Info: iter=2507 obj=6.987644036743138e6 pinf=1.4442017611360042e6 (4053) dinf=0.0 (0) time=21.8136966s
[ Info: iter=2557 obj=7.024114186512364e6 pinf=1.4501079071650344e6 (4077) dinf=0.0 (0) time=22.0281819s
[ Info: iter=2607 obj=7.031527740981261e6 pinf=1.4778236666767546e6 (4101) dinf=0.0 (0) time=22.2662627s
[ Info: iter=2657 obj=7.119108537983258e6 pinf=1.5756787409970397e6 (4113) dinf=0.0 (0) time=22.5477847s
[ Info: iter=2707 obj=7.177707004991767e6 pinf=1.4819485835682352e6 (4120) dinf=0.0 (0) time=22.7750828s
[ Info: iter=2757 obj=7.22975494226872e6 pinf=2.640134383061424e6 (4114) dinf=0.0 (0) time=22.985866s
[ Info: iter=2760 obj=7.22975494226872e6 pinf=1.6896305774409117e6 (4109) dinf=0.0 (0) time=23.6037387s
[ Info: iter=2810 obj=7.565405306307265e6 pinf=1.6817050143376824e6 (4100) dinf=0.0 (0) time=23.8155812s
[ Info: iter=2860 obj=7.806724466403737e6 pinf=1.6580058351474218e6 (4119) dinf=0.0 (0) time=24.0309373s
[ Info: iter=2910 obj=7.844465530270467e6 pinf=1.6941725490946048e6 (4127) dinf=0.0 (0) time=24.251156s
[ Info: iter=2960 obj=7.98399088327728e6 pinf=1.7086248083413895e6 (4126) dinf=0.0 (0) time=24.5008213s
[ Info: iter=3010 obj=8.738029245385582e6 pinf=1.8729031128610896e6 (4144) dinf=0.0 (0) time=24.7096828s
[ Info: iter=3060 obj=8.738662352153355e6 pinf=715240.2931999494 (4170) dinf=0.0 (0) time=24.9504617s
[ Info: iter=3110 obj=1.0245114687108673e7 pinf=1.0467944695844711e6 (4183) dinf=0.0 (0) time=25.1624559s
[ Info: iter=3160 obj=1.0454358405552048e7 pinf=213754.07137962934 (4188) dinf=0.0 (0) time=25.4339781s
[ Info: iter=3210 obj=1.0662425957716681e7 pinf=200383.96787036335 (4224) dinf=0.0 (0) time=25.6563461s
[ Info: iter=3260 obj=1.0818655826001652e7 pinf=197125.4963485011 (4223) dinf=0.0 (0) time=25.864825s
[ Info: iter=3310 obj=1.0861872919814557e7 pinf=199070.87303608021 (4273) dinf=0.0 (0) time=26.0844105s
[ Info: iter=3360 obj=1.0917029537114915e7 pinf=203442.81537119314 (4288) dinf=0.0 (0) time=26.3038064s
[ Info: iter=3410 obj=1.1053911691389285e7 pinf=205380.41316060425 (4286) dinf=0.0 (0) time=26.5222589s
[ Info: iter=3460 obj=1.1055847727981597e7 pinf=3.4236879220947535e6 (4297) dinf=0.0 (0) time=26.7511024s
[ Info: iter=3510 obj=1.1061180734206213e7 pinf=3.4222956721472414e6 (4293) dinf=0.0 (0) time=27.0108378s
[ Info: iter=3560 obj=1.1116565107875317e7 pinf=3.4147355974512985e6 (4283) dinf=0.0 (0) time=27.2395487s
[ Info: iter=3610 obj=1.1152351307486441e7 pinf=3.5369732534063617e6 (4284) dinf=0.0 (0) time=27.4812353s
[ Info: iter=3660 obj=1.1152351307486441e7 pinf=3.55334854298642e6 (4286) dinf=0.0 (0) time=27.7039694s
[ Info: iter=3710 obj=1.1152351307486525e7 pinf=3.9789030176105876e6 (4296) dinf=0.0 (0) time=27.9578192s
[ Info: iter=3760 obj=1.1152351307486443e7 pinf=4.266207098908469e6 (4298) dinf=0.0 (0) time=28.1737217s
[ Info: iter=3810 obj=1.1230563079189388e7 pinf=3.442452878423182e6 (4376) dinf=0.0 (0) time=28.3990743s
[ Info: iter=3860 obj=1.1278479148972511e7 pinf=3.466334175774326e6 (4376) dinf=0.0 (0) time=28.6265348s
[ Info: iter=3910 obj=1.13174786218008e7 pinf=3.4396842649900145e6 (4358) dinf=0.0 (0) time=28.8532273s
[ Info: iter=3960 obj=1.13174786218008e7 pinf=3.4504776712383754e6 (4369) dinf=0.0 (0) time=29.0759378s
[ Info: iter=4010 obj=1.13174786218008e7 pinf=3.8502336821141457e6 (4387) dinf=0.0 (0) time=29.3059828s
[ Info: iter=4060 obj=1.1321355837294964e7 pinf=3.444230489656115e6 (4397) dinf=0.0 (0) time=29.5405767s
[ Info: iter=4110 obj=1.1348514200532924e7 pinf=3.4521529036999596e6 (4416) dinf=0.0 (0) time=29.7680253s
[ Info: iter=4160 obj=1.1795550234219871e7 pinf=3.4436350049355743e6 (4452) dinf=0.0 (0) time=29.9901885s
[ Info: iter=4210 obj=1.4147518406743374e7 pinf=3.4235654743318316e6 (4459) dinf=0.0 (0) time=30.2367569s
[ Info: iter=4260 obj=1.4218096707474658e7 pinf=3.428408283713714e6 (4500) dinf=0.0 (0) time=30.4550392s
[ Info: iter=4310 obj=1.4379496890312135e7 pinf=3.4233277697555474e6 (4482) dinf=0.0 (0) time=30.7258082s
[ Info: iter=4360 obj=1.4566764433353089e7 pinf=3.4330130035399715e6 (4493) dinf=0.0 (0) time=30.9644779s
[ Info: iter=4410 obj=1.4859951005377643e7 pinf=3.657917932288755e6 (4485) dinf=0.0 (0) time=31.2165915s
[ Info: iter=4460 obj=1.7245866533669278e7 pinf=3.7169638525215895e6 (4513) dinf=0.0 (0) time=31.4465311s
[ Info: iter=4510 obj=1.919148815832328e7 pinf=3.7186970542071685e6 (4530) dinf=0.0 (0) time=31.6819918s
[ Info: iter=4560 obj=1.9885410355323598e7 pinf=3.7157467806900875e6 (4535) dinf=0.0 (0) time=31.9097427s
[ Info: iter=4610 obj=2.103915126101583e7 pinf=3.6896102626372706e6 (4535) dinf=0.0 (0) time=32.1402346s
[ Info: iter=4660 obj=2.1097515179172467e7 pinf=5.930100357264978e6 (4584) dinf=0.0 (0) time=32.3730601s
[ Info: iter=4710 obj=2.11542199597522e7 pinf=3.7921750668770056e6 (4597) dinf=0.0 (0) time=32.61297s
[ Info: iter=4760 obj=2.116495625393849e7 pinf=3.9073006456363057e6 (4643) dinf=0.0 (0) time=32.8563969s
[ Info: iter=4810 obj=2.119011408323197e7 pinf=3.804544558698601e6 (4688) dinf=0.0 (0) time=33.1204577s
[ Info: iter=4860 obj=2.119351232566397e7 pinf=3.8458358138979506e6 (4649) dinf=0.0 (0) time=33.3558648s
[ Info: iter=4910 obj=2.121036942550921e7 pinf=3.871660275402415e6 (4671) dinf=0.0 (0) time=33.6424457s
[ Info: iter=4960 obj=2.1244206529703442e7 pinf=3.8693692220757864e6 (4698) dinf=0.0 (0) time=33.8811394s
[ Info: iter=5010 obj=2.2361011390303515e7 pinf=3.897755502960636e6 (4709) dinf=0.0 (0) time=34.1144631s
[ Info: iter=5060 obj=2.2398201914096877e7 pinf=3.898111249205823e6 (4718) dinf=0.0 (0) time=34.346866s
[ Info: iter=5110 obj=2.2554858934966475e7 pinf=3.914588436074569e6 (4741) dinf=0.0 (0) time=34.5881364s
[ Info: iter=5160 obj=2.3060228471317492e7 pinf=3.838906452226134e6 (4697) dinf=0.0 (0) time=34.8236529s
[ Info: iter=5210 obj=2.3143601748823036e7 pinf=3.9320474763186434e6 (4683) dinf=0.0 (0) time=35.0609285s
[ Info: iter=5260 obj=2.314538734708413e7 pinf=3.9266039322351785e6 (4690) dinf=0.0 (0) time=35.3215057s
[ Info: iter=5310 obj=2.3150334282940418e7 pinf=4.605559424488008e6 (4686) dinf=0.0 (0) time=35.575495s
[ Info: iter=5360 obj=2.3150334282942653e7 pinf=8.316157264888726e7 (4681) dinf=0.0 (0) time=35.8201786s
[ Info: iter=5410 obj=2.31503342829403e7 pinf=8.026264026662837e7 (4679) dinf=0.0 (0) time=36.0787943s
[ Info: iter=5460 obj=2.31503342829403e7 pinf=8.033571394935389e7 (4686) dinf=0.0 (0) time=36.3630198s
[ Info: iter=5510 obj=2.315033428294003e7 pinf=8.306509292335309e7 (4683) dinf=0.0 (0) time=36.6107514s
[ Info: iter=5560 obj=2.3176014298402146e7 pinf=1.115626222630949e7 (4698) dinf=0.0 (0) time=36.8574805s
[ Info: iter=5610 obj=2.318748719262868e7 pinf=1.119848629368504e7 (4703) dinf=0.0 (0) time=37.136689s
[ Info: iter=5660 obj=2.320176461468625e7 pinf=1.1103676793925747e7 (4690) dinf=0.0 (0) time=37.3967069s
[ Info: iter=5710 obj=2.321225886400819e7 pinf=1.1099846143899476e7 (4690) dinf=0.0 (0) time=37.6326391s
[ Info: iter=5760 obj=2.322082795701757e7 pinf=1.1093924481622087e7 (4705) dinf=0.0 (0) time=37.8687134s
[ Info: iter=5810 obj=2.3299298829820946e7 pinf=1.1092834602669373e7 (4716) dinf=0.0 (0) time=38.1132649s
[ Info: iter=5860 obj=2.3655879384067923e7 pinf=1.113281987534207e7 (4706) dinf=0.0 (0) time=38.3497264s
[ Info: iter=5910 obj=2.367559917136769e7 pinf=1.1412880856179362e7 (4714) dinf=0.0 (0) time=38.582363s
[ Info: iter=5960 obj=2.367559917136769e7 pinf=1.4050803768158069e7 (4727) dinf=0.0 (0) time=38.8546442s
[ Info: iter=6010 obj=2.367559917136769e7 pinf=1.4120272440747578e7 (4734) dinf=0.0 (0) time=39.1396144s
[ Info: iter=6060 obj=2.367559917136766e7 pinf=1.4398054685564777e7 (4732) dinf=0.0 (0) time=39.3840119s
[ Info: iter=6110 obj=2.3675599171368048e7 pinf=1.5628694048489435e7 (4740) dinf=0.0 (0) time=39.6102569s
[ Info: iter=6160 obj=2.367738525084515e7 pinf=1.1279258144226322e7 (4783) dinf=0.0 (0) time=39.8505558s
[ Info: iter=6210 obj=2.3685642648429528e7 pinf=1.1252697227143573e7 (4797) dinf=0.0 (0) time=40.0996873s
[ Info: iter=6260 obj=2.4134293115012437e7 pinf=1.1249402638788203e7 (4805) dinf=0.0 (0) time=40.34497s
[ Info: iter=6310 obj=2.4157029316290006e7 pinf=1.1248951147025019e7 (4805) dinf=0.0 (0) time=40.5896864s
[ Info: iter=6360 obj=2.4196223956219524e7 pinf=1.1238396878626363e7 (4787) dinf=0.0 (0) time=40.8459898s
[ Info: iter=6410 obj=2.468756224045089e7 pinf=1.1133460385509051e7 (4789) dinf=0.0 (0) time=41.0955275s
[ Info: iter=6460 obj=2.5003163534651518e7 pinf=1.1054083585443562e7 (4759) dinf=0.0 (0) time=41.3952762s
[ Info: iter=6510 obj=2.5003163534651488e7 pinf=1.1064699598431408e7 (4770) dinf=0.0 (0) time=41.6955384s
[ Info: iter=6560 obj=2.5013849428720668e7 pinf=1.1197361996189728e7 (4788) dinf=0.0 (0) time=41.9633588s
[ Info: iter=6610 obj=2.503619380364558e7 pinf=1.104403515180935e7 (4791) dinf=0.0 (0) time=42.2112592s
[ Info: iter=6660 obj=2.532055360953927e7 pinf=1.0463874343330644e7 (4739) dinf=0.0 (0) time=42.4672746s
[ Info: iter=6710 obj=2.5433862394742027e7 pinf=1.0442535511305656e7 (4741) dinf=0.0 (0) time=42.7071223s
[ Info: iter=6760 obj=2.5748586773862436e7 pinf=1.0470976391806033e7 (4729) dinf=0.0 (0) time=42.9830053s
[ Info: iter=6810 obj=2.581572470467864e7 pinf=1.0478282615767373e7 (4737) dinf=0.0 (0) time=43.2259016s
[ Info: iter=6860 obj=2.5815724704654783e7 pinf=1.0481112854152212e7 (4747) dinf=0.0 (0) time=43.4808377s
[ Info: iter=6910 obj=2.5815724704678625e7 pinf=1.0722809430460641e7 (4750) dinf=0.0 (0) time=43.7439408s
[ Info: iter=6960 obj=2.581772124027303e7 pinf=1.0684858670783827e7 (4760) dinf=0.0 (0) time=44.045856s
[ Info: iter=7010 obj=2.5832136435898364e7 pinf=1.070310711900979e7 (4736) dinf=0.0 (0) time=44.3439665s
[ Info: iter=7060 obj=2.5850685838514924e7 pinf=1.0933649755039636e7 (4778) dinf=0.0 (0) time=44.6086278s
[ Info: iter=7110 obj=2.587341737861696e7 pinf=1.1004652220436944e7 (4796) dinf=0.0 (0) time=44.8723357s
[ Info: iter=7160 obj=2.587341737861678e7 pinf=1.2957008650217595e7 (4798) dinf=0.0 (0) time=45.1475952s
[ Info: iter=7210 obj=2.587341738402094e7 pinf=1.1017933280403223e7 (4793) dinf=0.0 (0) time=45.4127701s
[ Info: iter=7260 obj=2.58771781234778e7 pinf=1.098006389641925e7 (4798) dinf=0.0 (0) time=45.6729674s
[ Info: iter=7310 obj=2.5890881867170393e7 pinf=1.3348031464303924e7 (4817) dinf=0.0 (0) time=45.9353498s
[ Info: iter=7360 obj=2.592027732026656e7 pinf=1.1481768581823166e7 (4860) dinf=0.0 (0) time=46.1981474s
[ Info: iter=7410 obj=2.6440485990812227e7 pinf=1.1105617819843948e7 (4866) dinf=0.0 (0) time=46.4797712s
[ Info: iter=7460 obj=2.646981632390061e7 pinf=1.1076704924835145e7 (4879) dinf=0.0 (0) time=46.7728976s
[ Info: iter=7510 obj=2.6623817205861613e7 pinf=1.1072882406946016e7 (4879) dinf=0.0 (0) time=47.0368336s
[ Info: iter=7560 obj=2.6623822315894425e7 pinf=1.107422908635674e7 (4897) dinf=0.0 (0) time=47.2856983s
[ Info: iter=7610 obj=2.6666634465872943e7 pinf=1.2125337753718207e7 (4953) dinf=0.0 (0) time=47.5507842s
[ Info: iter=7660 obj=2.926216836645563e7 pinf=1.1649239940409139e7 (4929) dinf=0.0 (0) time=47.8424775s
[ Info: iter=7710 obj=2.9393602845239013e7 pinf=1.166657826701314e7 (4929) dinf=0.0 (0) time=48.1168851s
[ Info: iter=7760 obj=2.9471509804707885e7 pinf=1.5530634210701715e7 (4973) dinf=0.0 (0) time=48.3860653s
[ Info: iter=7810 obj=3.036674239131923e7 pinf=1.519287622453374e7 (4953) dinf=0.0 (0) time=48.6431328s
[ Info: iter=7860 obj=3.0526586386089344e7 pinf=8.960632066930562e6 (4967) dinf=0.0 (0) time=48.9208727s
[ Info: iter=7910 obj=3.0538418063236833e7 pinf=3.798864229744592e7 (4997) dinf=0.0 (0) time=49.2411013s
[ Info: iter=7960 obj=3.061092436576426e7 pinf=8.88809940664863e6 (4988) dinf=0.0 (0) time=49.490322s
[ Info: iter=8010 obj=3.0649523022335164e7 pinf=9.439982863689369e6 (4985) dinf=0.0 (0) time=49.7490456s
[ Info: iter=8060 obj=3.082951205931475e7 pinf=5.987327944420507e6 (4941) dinf=0.0 (0) time=50.007959s
[ Info: iter=8110 obj=3.092151693273641e7 pinf=7.071514303864441e6 (4998) dinf=0.0 (0) time=50.2841951s
[ Info: iter=8160 obj=3.103593331186924e7 pinf=7.077100337167907e6 (4972) dinf=0.0 (0) time=50.5413625s
[ Info: iter=8210 obj=3.1056711406138692e7 pinf=7.595139520314525e6 (5030) dinf=0.0 (0) time=50.8084905s
[ Info: iter=8260 obj=3.1056711406138692e7 pinf=7.640488621652065e6 (5049) dinf=0.0 (0) time=51.0690338s
[ Info: iter=8310 obj=3.1067080088593036e7 pinf=7.414785082407058e6 (5047) dinf=0.0 (0) time=51.3680384s
[ Info: iter=8360 obj=3.1080306392705955e7 pinf=7.320966252484253e6 (5053) dinf=0.0 (0) time=51.6660315s
[ Info: iter=8410 obj=3.1080306392705984e7 pinf=1.6312201357356614e7 (5061) dinf=0.0 (0) time=51.9693266s
[ Info: iter=8460 obj=3.109812515438888e7 pinf=6.702623094891313e6 (5050) dinf=0.0 (0) time=52.247683s
[ Info: iter=8510 obj=3.1227752010748226e7 pinf=7.558932000026491e6 (5029) dinf=0.0 (0) time=52.515834s
[ Info: iter=8560 obj=3.1325483306402676e7 pinf=6.612870694203883e6 (5048) dinf=0.0 (0) time=52.7826943s
[ Info: iter=8610 obj=3.1405605750977516e7 pinf=6.889244714839742e6 (5037) dinf=0.0 (0) time=53.0531713s
[ Info: iter=8660 obj=3.144724009281636e7 pinf=6.622917724656575e6 (5056) dinf=0.0 (0) time=53.3343104s
[ Info: iter=8710 obj=3.144773012398886e7 pinf=6.612196847142758e6 (5048) dinf=0.0 (0) time=53.600669s
[ Info: iter=8760 obj=3.1461977476112008e7 pinf=6.623980868245574e6 (5072) dinf=0.0 (0) time=53.8940591s
[ Info: iter=8810 obj=3.1497357993208475e7 pinf=6.588749733371259e6 (5128) dinf=0.0 (0) time=54.2167891s
[ Info: iter=8860 obj=3.1506876397988148e7 pinf=7.533678013714554e6 (5171) dinf=0.0 (0) time=54.4968178s
[ Info: iter=8910 obj=3.1509614041894067e7 pinf=7.59862833866701e6 (5190) dinf=0.0 (0) time=54.7558774s
[ Info: iter=8960 obj=3.151171511215909e7 pinf=1.9981221619696476e7 (5191) dinf=0.0 (0) time=55.019879s
[ Info: iter=9010 obj=3.1511715112159133e7 pinf=2.960155714624808e7 (5216) dinf=0.0 (0) time=55.2817544s
[ Info: iter=9060 obj=3.1764181730237044e7 pinf=6.523243395972754e6 (5166) dinf=0.0 (0) time=55.5436999s
[ Info: iter=9110 obj=3.179664732606604e7 pinf=9.217520468557961e6 (5174) dinf=0.0 (0) time=55.8329834s
[ Info: iter=9160 obj=3.181137293075957e7 pinf=8.028743559915291e6 (5152) dinf=0.0 (0) time=56.1108839s
[ Info: iter=9210 obj=3.197204540973558e7 pinf=7.867033113342537e6 (5186) dinf=0.0 (0) time=56.4152311s
[ Info: iter=9260 obj=3.1980577781558163e7 pinf=8.990174502238967e6 (5136) dinf=0.0 (0) time=56.6971638s
[ Info: iter=9310 obj=3.2076574852815025e7 pinf=9.104221920629479e6 (5155) dinf=0.0 (0) time=57.0322326s
[ Info: iter=9360 obj=3.2098598864083946e7 pinf=1.410254238045245e7 (5199) dinf=0.0 (0) time=57.307847s
[ Info: iter=9410 obj=3.2099656821165875e7 pinf=2.9529684024589185e7 (5194) dinf=0.0 (0) time=57.5903629s
[ Info: iter=9460 obj=3.2116420511650726e7 pinf=1.5725693492541883e7 (5196) dinf=0.0 (0) time=57.8762521s
[ Info: iter=9510 obj=3.214115894950433e7 pinf=1.816489502614985e7 (5230) dinf=0.0 (0) time=58.1933565s
[ Info: iter=9560 obj=3.2177532685681157e7 pinf=1.862914116476307e7 (5240) dinf=0.0 (0) time=58.4949487s
[ Info: iter=9610 obj=3.244400371583321e7 pinf=5.028034983177124e6 (5247) dinf=0.0 (0) time=58.8074827s
[ Info: iter=9660 obj=3.2562849937264882e7 pinf=4.677190874494377e6 (5259) dinf=0.0 (0) time=59.131321s
[ Info: iter=9710 obj=3.2801328195050653e7 pinf=5.920526908280672e6 (5231) dinf=0.0 (0) time=59.4211222s
[ Info: iter=9760 obj=3.3005730760475364e7 pinf=5.281520552061405e6 (5258) dinf=0.0 (0) time=59.7546989s
[ Info: iter=9810 obj=3.348097385967149e7 pinf=5.365972482187402e6 (5294) dinf=0.0 (0) time=60.0550281s
[ Info: iter=9860 obj=3.3499331175473593e7 pinf=7.891459001312425e6 (5298) dinf=0.0 (0) time=60.3414564s
[ Info: iter=9910 obj=3.3501829568440374e7 pinf=8.22457518264559e6 (5279) dinf=0.0 (0) time=60.6084691s
[ Info: iter=9960 obj=3.35048519545482e7 pinf=7.878514971718941e6 (5296) dinf=0.0 (0) time=60.8851981s
[ Info: iter=10010 obj=3.3515434938338555e7 pinf=3.684547253252268e6 (5301) dinf=0.0 (0) time=61.2070869s
[ Info: iter=10060 obj=3.358778968334984e7 pinf=3.6940504638320995e6 (5304) dinf=0.0 (0) time=61.5532078s
[ Info: iter=10110 obj=3.366811244504677e7 pinf=3.7037008654249012e6 (5318) dinf=0.0 (0) time=61.8871332s
[ Info: iter=10160 obj=3.406098838613593e7 pinf=3.8373960209044805e6 (5339) dinf=0.0 (0) time=62.1830954s
[ Info: iter=10210 obj=3.411861637889866e7 pinf=4.282893499974128e6 (5375) dinf=0.0 (0) time=62.4727312s
[ Info: iter=10260 obj=3.415969843987329e7 pinf=6.89526333439539e6 (5411) dinf=0.0 (0) time=62.7606926s
[ Info: iter=10310 obj=3.417636190125482e7 pinf=7.684456197627395e6 (5408) dinf=0.0 (0) time=63.0684833s
[ Info: iter=10360 obj=3.417774675659086e7 pinf=1.434138094402109e7 (5389) dinf=0.0 (0) time=63.3743294s
[ Info: iter=10410 obj=3.443129407156992e7 pinf=6.460850542424752e6 (5453) dinf=0.0 (0) time=63.7276523s
[ Info: iter=10460 obj=3.458834414086912e7 pinf=1.1855441421143746e7 (5453) dinf=0.0 (0) time=64.0122069s
[ Info: iter=10510 obj=3.4616744531572476e7 pinf=1.0764599470779568e7 (5458) dinf=0.0 (0) time=64.323011s
[ Info: iter=10560 obj=3.462810508509308e7 pinf=2.189098478604096e7 (5543) dinf=0.0 (0) time=64.6393003s
[ Info: iter=10610 obj=3.4630879220361814e7 pinf=2.9154589700738218e7 (5525) dinf=0.0 (0) time=64.930737s
[ Info: iter=10660 obj=3.465590509018304e7 pinf=8.019485861260258e6 (5476) dinf=0.0 (0) time=65.259258s
[ Info: iter=10710 obj=3.490748557407306e7 pinf=7.327771834433579e6 (5460) dinf=0.0 (0) time=65.6019464s
[ Info: iter=10760 obj=3.501978675754817e7 pinf=8.403346312618297e6 (5414) dinf=0.0 (0) time=65.9286885s
[ Info: iter=10810 obj=3.503007828718676e7 pinf=3.8031591662154673e6 (5404) dinf=0.0 (0) time=66.2412826s
[ Info: iter=10860 obj=3.503653205425831e7 pinf=9.064305838089192e6 (5481) dinf=0.0 (0) time=66.579986s
[ Info: iter=10910 obj=3.504134417495148e7 pinf=1.758156945375903e7 (5492) dinf=0.0 (0) time=66.8816331s
[ Info: iter=10960 obj=3.504134417495148e7 pinf=1.7611371735486064e7 (5500) dinf=0.0 (0) time=67.146765s
[ Info: iter=11010 obj=3.504134417495169e7 pinf=2.6502999721271683e7 (5503) dinf=0.0 (0) time=67.4205351s
[ Info: iter=11060 obj=3.504134417495179e7 pinf=2.6228383361050084e7 (5503) dinf=0.0 (0) time=67.7304672s
[ Info: iter=11110 obj=3.5041344174951285e7 pinf=2.5692683969415937e7 (5507) dinf=0.0 (0) time=68.077422s
[ Info: iter=11160 obj=3.5041344174951516e7 pinf=2.602705997773986e7 (5530) dinf=0.0 (0) time=68.3498461s
[ Info: iter=11210 obj=3.5041344174951516e7 pinf=2.5038178426647622e7 (5528) dinf=0.0 (0) time=68.6440583s
[ Info: iter=11260 obj=3.5041344174892485e7 pinf=2.2071653522713504e9 (5569) dinf=0.0 (0) time=68.9502539s
[ Info: iter=11310 obj=3.5041344174827576e7 pinf=2.177183836085657e9 (5567) dinf=0.0 (0) time=69.2287775s
[ Info: iter=11360 obj=3.504134417489624e7 pinf=2.9030452122453566e9 (5565) dinf=0.0 (0) time=69.52446s
[ Info: iter=11410 obj=3.504670842486452e7 pinf=1.6760262393412976e7 (5525) dinf=0.0 (0) time=69.8898499s
[ Info: iter=11460 obj=3.505139917484529e7 pinf=2.440168834011849e7 (5577) dinf=0.0 (0) time=70.1927628s
[ Info: iter=11510 obj=3.50638715104736e7 pinf=7.354881613202369e6 (5619) dinf=0.0 (0) time=70.5194508s
[ Info: iter=11560 obj=3.508045443946182e7 pinf=9.393109761919461e6 (5559) dinf=0.0 (0) time=70.8955087s
[ Info: iter=11610 obj=3.510604796970351e7 pinf=1.534704801519262e7 (5536) dinf=0.0 (0) time=71.2295261s
[ Info: iter=11660 obj=3.513783193862309e7 pinf=4.645734273959906e7 (5652) dinf=0.0 (0) time=71.5829234s
[ Info: iter=11710 obj=3.516015546779609e7 pinf=4.819553130796309e7 (5644) dinf=0.0 (0) time=71.9911554s
[ Info: iter=11760 obj=3.517346662802315e7 pinf=2.4291983288820195e8 (5654) dinf=0.0 (0) time=72.3550644s
[ Info: iter=11810 obj=3.517353608482218e7 pinf=2.6859566637187388e7 (5651) dinf=0.0 (0) time=72.6979203s
[ Info: iter=11860 obj=3.518256903681961e7 pinf=2.395111518101759e7 (5710) dinf=0.0 (0) time=73.030702s
[ Info: iter=11910 obj=3.5187134001744926e7 pinf=5.570424499256816e7 (5731) dinf=0.0 (0) time=73.3532488s
[ Info: iter=11960 obj=3.521778327767348e7 pinf=4.9481270757289425e7 (5675) dinf=0.0 (0) time=73.6857757s
[ Info: iter=12010 obj=3.525601442190564e7 pinf=1.774325841926841e7 (5709) dinf=0.0 (0) time=74.0524066s
[ Info: iter=12060 obj=3.527365647914907e7 pinf=2.0067770460172508e7 (5719) dinf=0.0 (0) time=74.4379607s
[ Info: iter=12110 obj=3.527384246446875e7 pinf=2.0108774514302332e7 (5735) dinf=0.0 (0) time=74.7643067s
[ Info: iter=12160 obj=3.528568584321046e7 pinf=2.713848231875065e7 (5769) dinf=0.0 (0) time=75.0932266s
[ Info: iter=12210 obj=3.529875406105435e7 pinf=3.631871967637909e7 (5761) dinf=0.0 (0) time=75.4459671s
[ Info: iter=12260 obj=3.532262871668434e7 pinf=1.1108717365530065e8 (5760) dinf=0.0 (0) time=75.7534146s
[ Info: iter=12310 obj=3.542180876024485e7 pinf=3.2547033047887087e7 (5863) dinf=0.0 (0) time=76.0852099s
[ Info: iter=12360 obj=3.621830010270605e7 pinf=2.213477782870114e7 (5865) dinf=0.0 (0) time=76.4862168s
[ Info: iter=12410 obj=3.629894334347439e7 pinf=3.439538250410868e7 (5841) dinf=0.0 (0) time=76.8248169s
[ Info: iter=12460 obj=3.667819503038144e7 pinf=3.394449010707806e7 (5864) dinf=0.0 (0) time=77.2918715s
[ Info: iter=12510 obj=3.6817989983254075e7 pinf=3.5408783503641404e7 (5784) dinf=0.0 (0) time=77.7096671s
[ Info: iter=12560 obj=3.6847144809096575e7 pinf=4.5439586601224385e7 (5864) dinf=0.0 (0) time=78.0793998s
[ Info: iter=12610 obj=3.6867308863064766e7 pinf=4.80842844457885e7 (5896) dinf=0.0 (0) time=78.426927s
[ Info: iter=12660 obj=3.686730886306572e7 pinf=4.814751453441551e7 (5898) dinf=0.0 (0) time=78.7896497s
[ Info: iter=12710 obj=3.686730886306548e7 pinf=4.809168913757011e7 (5905) dinf=0.0 (0) time=79.0587846s
[ Info: iter=12760 obj=3.688073576249051e7 pinf=6.117218714004393e8 (5898) dinf=0.0 (0) time=79.4067507s
[ Info: iter=12810 obj=3.688073576249266e7 pinf=6.108728254388956e8 (5934) dinf=0.0 (0) time=79.7135631s
[ Info: iter=12860 obj=3.688073576247978e7 pinf=6.704031719670815e8 (5916) dinf=0.0 (0) time=80.0318334s
[ Info: iter=12910 obj=3.690573797882509e7 pinf=1.0472372966131736e8 (6024) dinf=0.0 (0) time=80.3647092s
[ Info: iter=12960 obj=3.695233398089713e7 pinf=7.683366729001994e7 (6050) dinf=0.0 (0) time=80.7827961s
[ Info: iter=13010 obj=3.696600200910607e7 pinf=1.1447308098764783e8 (6086) dinf=0.0 (0) time=81.0904626s
[ Info: iter=13060 obj=3.697655446765539e7 pinf=2.309970537747554e8 (6112) dinf=0.0 (0) time=81.4162471s
[ Info: iter=13110 obj=3.6988060045191854e7 pinf=4.3587840007063806e8 (6046) dinf=0.0 (0) time=81.7854535s
[ Info: iter=13160 obj=3.700261661805737e7 pinf=2.748407471561181e8 (6052) dinf=0.0 (0) time=82.1493388s
[ Info: iter=13210 obj=3.702103237015948e7 pinf=2.92271344401148e7 (5974) dinf=0.0 (0) time=82.5321443s
[ Info: iter=13260 obj=3.7055249253223896e7 pinf=2.95710483103358e7 (5983) dinf=0.0 (0) time=82.9151407s
[ Info: iter=13310 obj=3.719356379008716e7 pinf=5.653705682547206e7 (6039) dinf=0.0 (0) time=83.2521812s
[ Info: iter=13360 obj=3.731912123401415e7 pinf=7.148818778761443e7 (5954) dinf=0.0 (0) time=83.5869713s
[ Info: iter=13410 obj=3.732288325052199e7 pinf=2.725905420301201e7 (5782) dinf=0.0 (0) time=83.9044429s
[ Info: iter=13460 obj=3.733306614161414e7 pinf=1.8857597520122536e7 (5844) dinf=0.0 (0) time=84.2951605s
[ Info: iter=13510 obj=3.7344046563544184e7 pinf=2.3149396193204354e7 (5893) dinf=0.0 (0) time=84.7006339s
[ Info: iter=13560 obj=3.736331348205763e7 pinf=1.0885473280895764e8 (6047) dinf=0.0 (0) time=85.063779s
[ Info: iter=13610 obj=3.7373255620263964e7 pinf=9.492311883078595e7 (5955) dinf=0.0 (0) time=85.4025594s
[ Info: iter=13660 obj=3.738932414392564e7 pinf=6.4984753385472514e7 (5907) dinf=0.0 (0) time=85.7475353s
[ Info: iter=13710 obj=3.740160034695858e7 pinf=6.5315152089174785e7 (5902) dinf=0.0 (0) time=86.122802s
[ Info: iter=13760 obj=3.741028837484187e7 pinf=6.92677863396501e7 (5946) dinf=0.0 (0) time=86.5142978s
[ Info: iter=13810 obj=3.742455667714608e7 pinf=2.0593533811646353e7 (5847) dinf=0.0 (0) time=86.8560258s
[ Info: iter=13860 obj=3.743308614098576e7 pinf=3.354240333410589e7 (5956) dinf=0.0 (0) time=87.1940878s
[ Info: iter=13910 obj=3.7457306491241634e7 pinf=3.003571975159919e7 (5894) dinf=0.0 (0) time=87.5447933s
[ Info: iter=13960 obj=3.7474448749614745e7 pinf=6.156663133359654e7 (5889) dinf=0.0 (0) time=87.9029372s
[ Info: iter=14010 obj=3.754818268832642e7 pinf=1.7485226187756246e8 (5856) dinf=0.0 (0) time=88.2480576s
[ Info: iter=14060 obj=3.7795393001680195e7 pinf=2.383931554480887e9 (5770) dinf=0.0 (0) time=88.6330885s
[ Info: iter=14110 obj=3.8439580277748674e7 pinf=5.499631021061947e7 (5819) dinf=0.0 (0) time=88.9476109s
[ Info: iter=14160 obj=3.851160384988409e7 pinf=5.424116306270332e7 (5853) dinf=0.0 (0) time=89.2744774s
[ Info: iter=14210 obj=3.86217793372058e7 pinf=5.415233146754261e7 (5874) dinf=0.0 (0) time=89.5947148s
[ Info: iter=14260 obj=3.8702490299931884e7 pinf=5.43157085418002e7 (5856) dinf=0.0 (0) time=89.9207449s
[ Info: iter=14310 obj=3.875236681953555e7 pinf=1.6652931084738275e8 (5888) dinf=0.0 (0) time=90.3388878s
[ Info: iter=14360 obj=3.878759573186624e7 pinf=1.2561917773016445e8 (5945) dinf=0.0 (0) time=90.7327466s
[ Info: iter=14410 obj=3.881717563754484e7 pinf=1.850509395347468e8 (5897) dinf=0.0 (0) time=91.1191171s
[ Info: iter=14460 obj=3.8826089561770916e7 pinf=2.2071522713691753e8 (5955) dinf=0.0 (0) time=91.4867714s
[ Info: iter=14510 obj=3.882749832308996e7 pinf=2.2161789514537463e8 (5893) dinf=0.0 (0) time=91.8426992s
[ Info: iter=14560 obj=3.883155985902119e7 pinf=7.465358990543182e7 (5888) dinf=0.0 (0) time=92.1956878s
[ Info: iter=14610 obj=3.8847833524827e7 pinf=7.131415054992679e7 (5899) dinf=0.0 (0) time=92.6439937s
[ Info: iter=14660 obj=3.885136602411033e7 pinf=1.6695135481399214e7 (5801) dinf=0.0 (0) time=92.9880549s
[ Info: iter=14710 obj=3.8862888856443346e7 pinf=1.4237224578429254e7 (5745) dinf=0.0 (0) time=93.3682486s
[ Info: iter=14760 obj=3.887595568305367e7 pinf=1.1905844910537787e7 (5850) dinf=0.0 (0) time=93.8009534s
[ Info: iter=14810 obj=3.890464817183524e7 pinf=1.0967529889580848e7 (5812) dinf=0.0 (0) time=94.2250983s
[ Info: iter=14860 obj=3.8925621769332886e7 pinf=3.031474231601479e9 (6040) dinf=0.0 (0) time=94.6327363s
[ Info: iter=14910 obj=3.919880123192978e7 pinf=6.839342629028635e8 (5999) dinf=0.0 (0) time=94.998753s
[ Info: iter=14960 obj=3.9217293642082214e7 pinf=2.927467333176685e8 (5975) dinf=0.0 (0) time=95.4019137s
[ Info: iter=15010 obj=3.936400710053128e7 pinf=2.8028019747184914e7 (5844) dinf=0.0 (0) time=95.7829377s
[ Info: iter=15060 obj=3.938733527311897e7 pinf=3.88346237142291e8 (5989) dinf=0.0 (0) time=96.2106444s
[ Info: iter=15110 obj=3.939949133089733e7 pinf=1.2229598718788235e8 (5895) dinf=0.0 (0) time=96.6539362s
[ Info: iter=15160 obj=3.942078256354904e7 pinf=1.988668360882051e8 (5840) dinf=0.0 (0) time=97.0546143s
[ Info: iter=15210 obj=3.9445032910353184e7 pinf=5.642709594102696e7 (5803) dinf=0.0 (0) time=97.4722784s
[ Info: iter=15260 obj=3.946023534862137e7 pinf=1.6647351911897728e8 (5900) dinf=0.0 (0) time=97.8687567s
[ Info: iter=15310 obj=3.946663108271217e7 pinf=1.7119547333613393e8 (5892) dinf=0.0 (0) time=98.3052711s
[ Info: iter=15360 obj=3.947018374678421e7 pinf=4.8038267945287853e8 (5871) dinf=0.0 (0) time=98.7446061s
[ Info: iter=15410 obj=3.9478040278473616e7 pinf=5.5276634033298336e7 (5820) dinf=0.0 (0) time=99.1777616s
[ Info: iter=15460 obj=3.955032276237488e7 pinf=6.243275409209047e7 (5847) dinf=0.0 (0) time=99.5990518s
[ Info: iter=15510 obj=3.964066328320789e7 pinf=4.572187572623491e7 (5785) dinf=0.0 (0) time=100.0298433s
[ Info: iter=15560 obj=3.9803212388056755e7 pinf=1.2057014559677723e8 (5834) dinf=0.0 (0) time=100.4572337s
[ Info: iter=15610 obj=3.9913131233379364e7 pinf=3.8548589856832135e8 (5877) dinf=0.0 (0) time=100.8298923s
[ Info: iter=15660 obj=4.005178966156149e7 pinf=5.3843931994575486e7 (5729) dinf=0.0 (0) time=101.2701387s
[ Info: iter=15710 obj=4.0133801465801954e7 pinf=1.2094838327629246e7 (5628) dinf=0.0 (0) time=101.6674576s
[ Info: iter=15760 obj=4.016893280913816e7 pinf=1.1462792765594872e7 (5660) dinf=0.0 (0) time=102.0966805s
[ Info: iter=15810 obj=4.025762994577062e7 pinf=1.6865222916604962e7 (5737) dinf=0.0 (0) time=102.5342613s
[ Info: iter=15860 obj=4.03278282404151e7 pinf=3.220654126804669e7 (5739) dinf=0.0 (0) time=102.9403898s
[ Info: iter=15910 obj=4.062908081430423e7 pinf=2.226845396361615e7 (5663) dinf=0.0 (0) time=103.315726s
[ Info: iter=15960 obj=4.074530428057721e7 pinf=1.4474783170339217e7 (5645) dinf=0.0 (0) time=103.6692964s
[ Info: iter=16010 obj=4.0788678088804245e7 pinf=2.530161446427048e7 (5803) dinf=0.0 (0) time=104.1317133s
[ Info: iter=16060 obj=4.0936911035288334e7 pinf=1.2913723467876893e7 (5681) dinf=0.0 (0) time=104.4957191s
[ Info: iter=16110 obj=4.09590654842782e7 pinf=5.610353189911594e7 (5830) dinf=0.0 (0) time=104.8900216s
[ Info: iter=16160 obj=4.0975677962191105e7 pinf=2.7918499909934346e7 (5938) dinf=0.0 (0) time=105.2640798s
[ Info: iter=16210 obj=4.0980402839419365e7 pinf=8.16146239661387e7 (5926) dinf=0.0 (0) time=105.6550167s
[ Info: iter=16260 obj=4.098040283942318e7 pinf=8.161770714661355e7 (5933) dinf=0.0 (0) time=105.9724941s
[ Info: iter=16310 obj=4.0997860645122886e7 pinf=1.8279028168247995e8 (5917) dinf=0.0 (0) time=106.3973395s
[ Info: iter=16360 obj=4.101641647301483e7 pinf=3.30571419126336e8 (6077) dinf=0.0 (0) time=106.7788182s
[ Info: iter=16410 obj=4.103402209750593e7 pinf=1.0814035948791093e8 (5817) dinf=0.0 (0) time=107.1607748s
[ Info: iter=16460 obj=4.105825918841833e7 pinf=8.631897372108252e7 (5833) dinf=0.0 (0) time=107.5656329s
[ Info: iter=16510 obj=4.1093435273800194e7 pinf=8.417213856019455e7 (5808) dinf=0.0 (0) time=107.9877951s
[ Info: iter=16560 obj=4.114525219595188e7 pinf=2.3578568795216285e7 (5771) dinf=0.0 (0) time=108.3420909s
[ Info: iter=16610 obj=4.1491990058600426e7 pinf=2.2947571460792e7 (5765) dinf=0.0 (0) time=108.7012105s
[ Info: iter=16660 obj=4.1933905543123595e7 pinf=4.833559468939038e7 (5788) dinf=0.0 (0) time=109.1037494s
[ Info: iter=16710 obj=4.19518957597605e7 pinf=3.987727739308836e7 (5757) dinf=0.0 (0) time=109.5667535s
[ Info: iter=16760 obj=4.199098140730178e7 pinf=1.3736389113397257e7 (5621) dinf=0.0 (0) time=109.9808463s
[ Info: iter=16810 obj=4.206680416686544e7 pinf=1.2056419612350108e7 (5612) dinf=0.0 (0) time=110.3464976s
[ Info: iter=16860 obj=4.210682242841035e7 pinf=1.1012935914679542e7 (5620) dinf=0.0 (0) time=110.6906132s
[ Info: iter=16910 obj=4.222508191290605e7 pinf=1.5133629118941726e7 (5634) dinf=0.0 (0) time=111.0380746s
[ Info: iter=16960 obj=4.2440392872467786e7 pinf=1.2359440710179262e7 (5589) dinf=0.0 (0) time=111.3912625s
[ Info: iter=17010 obj=4.252208210170221e7 pinf=1.238651569354001e7 (5566) dinf=0.0 (0) time=111.7712018s
[ Info: iter=17060 obj=4.254793400665882e7 pinf=8.295494094635003e6 (5685) dinf=0.0 (0) time=112.1441063s
[ Info: iter=17110 obj=4.256465469401702e7 pinf=1.2824314009317808e7 (5696) dinf=0.0 (0) time=112.5417632s
[ Info: iter=17160 obj=4.26079251753152e7 pinf=3.8320648273950946e6 (5397) dinf=0.0 (0) time=112.9468609s
[ Info: iter=17210 obj=4.278160983402619e7 pinf=4.466845576530177e6 (5454) dinf=0.0 (0) time=113.333582s
[ Info: iter=17260 obj=4.286135430508673e7 pinf=4.269181608078026e6 (5420) dinf=0.0 (0) time=113.6635307s
[ Info: iter=17310 obj=4.298140761847359e7 pinf=4.499988702103501e6 (5411) dinf=0.0 (0) time=114.0058101s
[ Info: iter=17360 obj=4.304244870668438e7 pinf=6.301782712294561e6 (5499) dinf=0.0 (0) time=114.3328007s
[ Info: iter=17410 obj=4.3183267931275845e7 pinf=6.320295995015009e6 (5468) dinf=0.0 (0) time=114.6730353s
[ Info: iter=17460 obj=4.339500045570421e7 pinf=6.228136351803081e6 (5428) dinf=0.0 (0) time=115.0988286s
[ Info: iter=17510 obj=4.349459953146589e7 pinf=6.417336162540748e6 (5429) dinf=0.0 (0) time=115.4355584s
[ Info: iter=17560 obj=4.360848388582286e7 pinf=5.843730257703646e6 (5432) dinf=0.0 (0) time=115.7763386s
[ Info: iter=17610 obj=4.368088860183281e7 pinf=6.149383844616251e6 (5440) dinf=0.0 (0) time=116.127926s
[ Info: iter=17660 obj=4.371108326888627e7 pinf=7.561861583268359e6 (5550) dinf=0.0 (0) time=116.5035837s
[ Info: iter=17710 obj=4.372704122920227e7 pinf=2.0236067273526426e7 (5584) dinf=0.0 (0) time=116.9585452s
[ Info: iter=17760 obj=4.3742699128778994e7 pinf=1.4241795768173134e7 (5504) dinf=0.0 (0) time=117.3392873s
[ Info: iter=17810 obj=4.3755043866839156e7 pinf=2.064090989479355e7 (5291) dinf=0.0 (0) time=117.7234118s
[ Info: iter=17860 obj=4.3770358173942e7 pinf=3.9345037598699755e6 (5308) dinf=0.0 (0) time=118.112836s
[ Info: iter=17910 obj=4.3790551324260354e7 pinf=4.007498323717248e6 (5277) dinf=0.0 (0) time=118.5231328s
[ Info: iter=17960 obj=4.381105619332585e7 pinf=7.215239875258174e6 (5577) dinf=0.0 (0) time=118.9494331s
[ Info: iter=18010 obj=4.3823010195997864e7 pinf=3.5655533610507627e6 (5295) dinf=0.0 (0) time=119.3294223s
[ Info: iter=18060 obj=4.383671798221113e7 pinf=4.559082776491801e6 (5395) dinf=0.0 (0) time=119.7109296s
[ Info: iter=18110 obj=4.3848278648903444e7 pinf=4.319763980518972e6 (5346) dinf=0.0 (0) time=120.0947626s
[ Info: iter=18160 obj=4.3867012953318596e7 pinf=5.353984173829885e6 (5346) dinf=0.0 (0) time=120.5347873s
[ Info: iter=18210 obj=4.387779433480303e7 pinf=5.017253386811663e6 (5419) dinf=0.0 (0) time=120.9167864s
[ Info: iter=18260 obj=4.399666335409844e7 pinf=4.857387510689676e6 (5367) dinf=0.0 (0) time=121.2758511s
[ Info: iter=18310 obj=4.40492454618053e7 pinf=4.421449162246293e6 (5329) dinf=0.0 (0) time=121.6235769s
[ Info: iter=18360 obj=4.410697555417547e7 pinf=4.0857376287748446e6 (5335) dinf=0.0 (0) time=121.9919974s
[ Info: iter=18410 obj=4.4148448802568406e7 pinf=5.556925816267777e6 (5330) dinf=0.0 (0) time=122.4037691s
[ Info: iter=18460 obj=4.436020843919413e7 pinf=5.527216935388335e6 (5361) dinf=0.0 (0) time=122.7723851s
[ Info: iter=18510 obj=4.446479738707e7 pinf=5.721714038966885e6 (5353) dinf=0.0 (0) time=123.1281525s
[ Info: iter=18560 obj=4.449322644089225e7 pinf=1.5266949804542746e7 (5447) dinf=0.0 (0) time=123.5426216s
[ Info: iter=18610 obj=4.4509515589000225e7 pinf=7.284459971814943e6 (5397) dinf=0.0 (0) time=124.012888s
[ Info: iter=18660 obj=4.4527335368299365e7 pinf=2.2264606398336917e7 (5528) dinf=0.0 (0) time=124.4519357s
[ Info: iter=18710 obj=4.4535017746383905e7 pinf=6.46921167358472e6 (5357) dinf=0.0 (0) time=124.8616216s
[ Info: iter=18760 obj=4.45580391793752e7 pinf=6.255948652495488e6 (5394) dinf=0.0 (0) time=125.2510309s
[ Info: iter=18810 obj=4.4568550560083434e7 pinf=1.2779356203235839e7 (5492) dinf=0.0 (0) time=125.6774149s
[ Info: iter=18860 obj=4.46092677945652e7 pinf=1.227392828864584e7 (5449) dinf=0.0 (0) time=126.0851022s
[ Info: iter=18910 obj=4.471384845259735e7 pinf=1.3461898580132503e7 (5455) dinf=0.0 (0) time=126.4758137s
[ Info: iter=18960 obj=4.474180016571295e7 pinf=2.7372555900328152e7 (5637) dinf=0.0 (0) time=126.8963132s
[ Info: iter=19010 obj=4.475217663468814e7 pinf=2.22573265917384e7 (5442) dinf=0.0 (0) time=127.3122601s
[ Info: iter=19060 obj=4.475761864482474e7 pinf=8.663681319656274e7 (5495) dinf=0.0 (0) time=127.7467013s
[ Info: iter=19110 obj=4.476812874060008e7 pinf=9.155430477314519e6 (5431) dinf=0.0 (0) time=128.1166073s
[ Info: iter=19160 obj=4.4775482170146346e7 pinf=5.0584324955095105e7 (5605) dinf=0.0 (0) time=128.5245564s
[ Info: iter=19210 obj=4.4790935476052284e7 pinf=1.6103981463980429e7 (5430) dinf=0.0 (0) time=128.9322178s
[ Info: iter=19260 obj=4.48754891844618e7 pinf=2.2202525271568026e7 (5480) dinf=0.0 (0) time=129.3361538s
[ Info: iter=19310 obj=4.4922463572717786e7 pinf=2.8344402776774563e7 (5495) dinf=0.0 (0) time=129.6673403s
[ Info: iter=19360 obj=4.5011315592249274e7 pinf=2.8486142004796557e7 (5493) dinf=0.0 (0) time=130.0164671s
[ Info: iter=19410 obj=4.508913029075104e7 pinf=2.924316023327732e7 (5425) dinf=0.0 (0) time=130.3988088s
[ Info: iter=19460 obj=4.514694772143495e7 pinf=2.905070823528421e7 (5353) dinf=0.0 (0) time=130.7972781s
[ Info: iter=19510 obj=4.527841840969396e7 pinf=2.862760272028225e7 (5317) dinf=0.0 (0) time=131.1601108s
[ Info: iter=19560 obj=4.542152057802582e7 pinf=3.5156836792807035e7 (5298) dinf=0.0 (0) time=131.5117436s
[ Info: iter=19610 obj=4.548838491478801e7 pinf=2.4384292234684503e8 (5366) dinf=0.0 (0) time=131.8795068s
[ Info: iter=19660 obj=4.549638031724548e7 pinf=2.030386900328901e7 (5140) dinf=0.0 (0) time=132.3457055s
[ Info: iter=19710 obj=4.550181804170179e7 pinf=2.0311893431913227e7 (5215) dinf=0.0 (0) time=132.728901s
[ Info: iter=19760 obj=4.550910401194751e7 pinf=1.687874527259421e7 (5249) dinf=0.0 (0) time=133.1463818s
[ Info: iter=19810 obj=4.5516387179593086e7 pinf=1.4895732691634636e7 (5187) dinf=0.0 (0) time=133.5689444s
[ Info: iter=19860 obj=4.5538834375486374e7 pinf=1.4399325451956304e7 (5147) dinf=0.0 (0) time=133.9111499s
[ Info: iter=19910 obj=4.555246805293727e7 pinf=1.3191777273089962e7 (5233) dinf=0.0 (0) time=134.3771689s
[ Info: iter=19960 obj=4.565226786858213e7 pinf=1.2258180014272545e7 (5236) dinf=0.0 (0) time=134.7992607s
[ Info: iter=20010 obj=4.5686886197280884e7 pinf=1.1821804449212357e7 (5166) dinf=0.0 (0) time=135.2608386s
[ Info: iter=20060 obj=4.569955106565952e7 pinf=1.1705123100656945e7 (5152) dinf=0.0 (0) time=135.6442283s
[ Info: iter=20110 obj=4.582039433711672e7 pinf=1.1912257993549038e7 (5118) dinf=0.0 (0) time=136.0357843s
[ Info: iter=20160 obj=4.587690391563511e7 pinf=1.1946203757417481e7 (5111) dinf=0.0 (0) time=136.43958s
[ Info: iter=20210 obj=4.594760363311899e7 pinf=1.1914479875405703e7 (5120) dinf=0.0 (0) time=136.8225016s
[ Info: iter=20260 obj=4.60282970998441e7 pinf=1.1809082232869528e7 (5111) dinf=0.0 (0) time=137.177835s
[ Info: iter=20310 obj=4.605132563828105e7 pinf=1.353536922114571e7 (5330) dinf=0.0 (0) time=137.6154734s
[ Info: iter=20360 obj=4.605760060707301e7 pinf=1.6935345209717963e7 (5344) dinf=0.0 (0) time=138.0959819s
[ Info: iter=20410 obj=4.606354061103356e7 pinf=1.6918569787574787e7 (5329) dinf=0.0 (0) time=138.4908464s
[ Info: iter=20460 obj=4.616583399690026e7 pinf=1.0931423200154768e7 (5355) dinf=0.0 (0) time=138.8829496s
[ Info: iter=20510 obj=4.616909004819965e7 pinf=4.2166484954749905e7 (5414) dinf=0.0 (0) time=139.3001516s
[ Info: iter=20560 obj=4.617277518378019e7 pinf=3.3666234478390455e7 (5396) dinf=0.0 (0) time=139.7387323s
[ Info: iter=20610 obj=4.617704578989375e7 pinf=3.2722624609488316e7 (5463) dinf=0.0 (0) time=140.1649965s
[ Info: iter=20660 obj=4.619437557966095e7 pinf=3.869721134844723e8 (5432) dinf=0.0 (0) time=140.6011146s
[ Info: iter=20710 obj=4.629092800255078e7 pinf=3.864210104937115e8 (5387) dinf=0.0 (0) time=141.0018622s
[ Info: iter=20760 obj=4.63568402178798e7 pinf=4.074647952901003e8 (5381) dinf=0.0 (0) time=141.4399801s
[ Info: iter=20810 obj=4.6398497946482345e7 pinf=1.451673277172748e8 (5339) dinf=0.0 (0) time=141.8198523s
[ Info: iter=20860 obj=4.640239996173827e7 pinf=5.117132344600199e6 (5279) dinf=0.0 (0) time=142.253328s
[ Info: iter=20910 obj=4.640614284600191e7 pinf=3.4596209649708524e7 (5278) dinf=0.0 (0) time=142.7210591s
[ Info: iter=20960 obj=4.642188351868081e7 pinf=1.4588428900780183e8 (5374) dinf=0.0 (0) time=143.1770968s
[ Info: iter=21010 obj=4.642801797224617e7 pinf=1.0481847446092696e8 (5372) dinf=0.0 (0) time=143.5965149s
[ Info: iter=21060 obj=4.644270187353468e7 pinf=3.1711161864961296e8 (5464) dinf=0.0 (0) time=144.0424552s
[ Info: iter=21110 obj=4.646808348294735e7 pinf=3.3695008444420344e8 (5441) dinf=0.0 (0) time=144.4572931s
[ Info: iter=21160 obj=4.651420972730374e7 pinf=3.301898249541463e8 (5485) dinf=0.0 (0) time=144.9009743s
[ Info: iter=21210 obj=4.654137739258313e7 pinf=3.339577325223343e8 (5487) dinf=0.0 (0) time=145.2478836s
[ Info: iter=21260 obj=4.6565067345468044e7 pinf=3.3750665936855024e8 (5496) dinf=0.0 (0) time=145.6115866s
[ Info: iter=21310 obj=4.662913504201317e7 pinf=2.7061775656080353e8 (5479) dinf=0.0 (0) time=146.0008917s
[ Info: iter=21360 obj=4.665885488567066e7 pinf=5.263364231743116e8 (5455) dinf=0.0 (0) time=146.4450132s
[ Info: iter=21410 obj=4.6666960157756805e7 pinf=7.074667467547215e8 (5558) dinf=0.0 (0) time=146.9087874s
[ Info: iter=21460 obj=4.667256009712362e7 pinf=1.206196210942179e8 (5472) dinf=0.0 (0) time=147.3245653s
[ Info: iter=21510 obj=4.6677596685863405e7 pinf=4.213453772055715e7 (5298) dinf=0.0 (0) time=147.72523s
[ Info: iter=21560 obj=4.668197002088034e7 pinf=5.49472253280356e7 (5389) dinf=0.0 (0) time=148.1746107s
[ Info: iter=21610 obj=4.6690181204211205e7 pinf=1.1223416826321337e8 (5467) dinf=0.0 (0) time=148.592256s
[ Info: iter=21660 obj=4.670607161552875e7 pinf=4.788118525543811e7 (5380) dinf=0.0 (0) time=149.0210225s
[ Info: iter=21710 obj=4.671562738600907e7 pinf=8.696015556113413e6 (5349) dinf=0.0 (0) time=149.4361807s
[ Info: iter=21760 obj=4.671876415096104e7 pinf=1.8118802397422742e7 (5235) dinf=0.0 (0) time=149.8749645s
[ Info: iter=21810 obj=4.6732707073736295e7 pinf=5.423334743484994e6 (5322) dinf=0.0 (0) time=150.3508866s
[ Info: iter=21860 obj=4.673933746170978e7 pinf=7.756426561148332e7 (5527) dinf=0.0 (0) time=150.7613009s
[ Info: iter=21910 obj=4.675090955902848e7 pinf=5.85193392587545e6 (5332) dinf=0.0 (0) time=151.201172s
[ Info: iter=21960 obj=4.6751911304267436e7 pinf=1.6875292207499024e7 (5383) dinf=0.0 (0) time=151.664701s
[ Info: iter=22010 obj=4.6757601260321096e7 pinf=1.508240556025038e7 (5374) dinf=0.0 (0) time=152.139703s
[ Info: iter=22060 obj=4.675760126032144e7 pinf=1.3955402842621148e7 (5367) dinf=0.0 (0) time=152.5670642s
[ Info: iter=22110 obj=4.676306171410587e7 pinf=1.3416487489438506e7 (5047) dinf=0.0 (0) time=153.0489549s
[ Info: iter=22160 obj=4.68086077597394e7 pinf=1.9519940365920195e8 (5401) dinf=0.0 (0) time=153.5776905s
[ Info: iter=22210 obj=4.68128640670512e7 pinf=1.1790273659974787e7 (5331) dinf=0.0 (0) time=154.1546115s
[ Info: iter=22260 obj=4.681811216957307e7 pinf=2.619625622964056e8 (5445) dinf=0.0 (0) time=154.6199468s
[ Info: iter=22310 obj=4.6831666321107626e7 pinf=7.144894443635169e7 (5370) dinf=0.0 (0) time=155.0783478s
[ Info: iter=22360 obj=4.683994093395138e7 pinf=2.8636573899001735e8 (5427) dinf=0.0 (0) time=155.5868255s
[ Info: iter=22410 obj=4.6846065030656606e7 pinf=1.2649445620313177e7 (5238) dinf=0.0 (0) time=156.0829619s
[ Info: iter=22460 obj=4.685457156125927e7 pinf=1.521327929111974e8 (5260) dinf=0.0 (0) time=156.6195839s
[ Info: iter=22510 obj=4.685995673183441e7 pinf=4.272079120029874e7 (5125) dinf=0.0 (0) time=157.1213886s
[ Info: iter=22560 obj=4.686562928364508e7 pinf=1.0945189932990436e7 (5112) dinf=0.0 (0) time=157.5878713s
[ Info: iter=22610 obj=4.6872794342270546e7 pinf=2.0781530017853603e7 (5100) dinf=0.0 (0) time=158.1086813s
[ Info: iter=22660 obj=4.68856738746109e7 pinf=1.524934203938685e8 (5241) dinf=0.0 (0) time=158.5484307s
[ Info: iter=22710 obj=4.6887613562459946e7 pinf=1.0394243240924141e8 (5272) dinf=0.0 (0) time=158.9411863s
[ Info: iter=22760 obj=4.688892209669924e7 pinf=1.0348735920473175e8 (5262) dinf=0.0 (0) time=159.2785738s
[ Info: iter=22810 obj=4.694718675394249e7 pinf=4.188210672070436e8 (5358) dinf=0.0 (0) time=159.718008s
[ Info: iter=22860 obj=4.70163237369709e7 pinf=4.07019528816166e8 (5327) dinf=0.0 (0) time=160.1641582s
[ Info: iter=22910 obj=4.728267410049248e7 pinf=4.0828679167171484e8 (5346) dinf=0.0 (0) time=160.5384642s
[ Info: iter=22960 obj=4.735903862912512e7 pinf=1.1616113200615755e8 (5193) dinf=0.0 (0) time=160.9440413s
[ Info: iter=23010 obj=4.74076459854604e7 pinf=5.410287634821184e7 (5160) dinf=0.0 (0) time=161.3352374s
[ Info: iter=23060 obj=4.7441318247546196e7 pinf=2.514830279802485e8 (5237) dinf=0.0 (0) time=161.8044789s
[ Info: iter=23110 obj=4.749571357902527e7 pinf=2.4546614252196544e8 (5186) dinf=0.0 (0) time=162.1826963s
[ Info: iter=23160 obj=4.757002255949783e7 pinf=1.9258134318450347e8 (5244) dinf=0.0 (0) time=162.5640011s
[ Info: iter=23210 obj=4.757364100084782e7 pinf=1.4255667313438046e8 (5314) dinf=0.0 (0) time=162.9722371s
[ Info: iter=23260 obj=4.7613413485888004e7 pinf=9.405392088455586e7 (5125) dinf=0.0 (0) time=163.3650909s
[ Info: iter=23310 obj=4.766377659017658e7 pinf=3.19316791847777e8 (5255) dinf=0.0 (0) time=163.8294687s
[ Info: iter=23360 obj=4.770056349469805e7 pinf=1.0777569105059227e8 (5093) dinf=0.0 (0) time=164.2198215s
[ Info: iter=23410 obj=4.7756607877064705e7 pinf=1.0859262874521579e8 (5082) dinf=0.0 (0) time=164.6100039s
[ Info: iter=23460 obj=4.781813694768524e7 pinf=5.0476383892516893e8 (5206) dinf=0.0 (0) time=165.0333562s
[ Info: iter=23510 obj=4.787968637107897e7 pinf=7.201201741761026e7 (4992) dinf=0.0 (0) time=165.468231s
[ Info: iter=23560 obj=4.793096857233381e7 pinf=7.358496125875883e7 (4987) dinf=0.0 (0) time=165.8456865s
[ Info: iter=23610 obj=4.797057881300163e7 pinf=8.511321656185408e7 (4981) dinf=0.0 (0) time=166.23068s
[ Info: iter=23660 obj=4.805652404870415e7 pinf=7.862049709697945e7 (4952) dinf=0.0 (0) time=166.6579838s
[ Info: iter=23710 obj=4.8074679787034035e7 pinf=2.1941846399758074e7 (4897) dinf=0.0 (0) time=167.1051879s
[ Info: iter=23760 obj=4.8078048473882675e7 pinf=1.6766190255722946e8 (5034) dinf=0.0 (0) time=167.5739663s
[ Info: iter=23810 obj=4.808002888267803e7 pinf=3.0858670540206738e7 (4898) dinf=0.0 (0) time=168.0231324s
[ Info: iter=23860 obj=4.808185846597576e7 pinf=2.5020763688735515e7 (4864) dinf=0.0 (0) time=168.4766369s
[ Info: iter=23910 obj=4.808635496291351e7 pinf=5.246862058003764e8 (5110) dinf=0.0 (0) time=168.9030107s
[ Info: iter=23960 obj=4.810321131171131e7 pinf=1.7516780032219383e8 (5150) dinf=0.0 (0) time=169.3781082s
[ Info: iter=24010 obj=4.8109788368206024e7 pinf=1.398090334087443e8 (5167) dinf=0.0 (0) time=169.7962036s
[ Info: iter=24060 obj=4.811183583681941e7 pinf=3.2502012499901537e7 (4948) dinf=0.0 (0) time=170.2049236s
[ Info: iter=24110 obj=4.8115899193739414e7 pinf=2.4695384759196393e7 (4972) dinf=0.0 (0) time=170.6549602s
[ Info: iter=24160 obj=4.812126692751646e7 pinf=5.43238364747869e7 (5065) dinf=0.0 (0) time=171.1448577s
[ Info: iter=24210 obj=4.812433493783909e7 pinf=1.4877276392454632e7 (5028) dinf=0.0 (0) time=171.5855623s
[ Info: iter=24260 obj=4.8127922273346215e7 pinf=7.929309752466238e6 (4769) dinf=0.0 (0) time=172.0895392s
[ Info: iter=24310 obj=4.813249059891793e7 pinf=8.87664576908285e6 (4954) dinf=0.0 (0) time=172.6273786s
[ Info: iter=24360 obj=4.813468954032113e7 pinf=1.7253039340816963e7 (5067) dinf=0.0 (0) time=173.0443428s
[ Info: iter=24410 obj=4.813770784451389e7 pinf=1.422670342072142e7 (4879) dinf=0.0 (0) time=173.5005568s
[ Info: iter=24460 obj=4.81457475714221e7 pinf=1.1415113091120891e8 (5282) dinf=0.0 (0) time=173.9465666s
[ Info: iter=24510 obj=4.81664884990325e7 pinf=1.1468510174020061e8 (5248) dinf=0.0 (0) time=174.4152578s
[ Info: iter=24560 obj=4.817826405675125e7 pinf=1.5307170652232976e9 (5353) dinf=0.0 (0) time=174.9057263s
[ Info: iter=24569 obj=4.8180217474925995e7 pinf=1.0546325288361098e9 (5495) dinf=0.0 (0) time=175.0261828s
[ Info: iter=24619 obj=4.819911870549011e7 pinf=1.7894143706457844e9 (5355) dinf=0.0 (0) time=175.5174017s
[ Info: iter=24669 obj=4.8364834997356415e7 pinf=1.7893190967431786e9 (5337) dinf=0.0 (0) time=175.9613508s
[ Info: iter=24719 obj=4.837929340578842e7 pinf=2.629070256245258e8 (5326) dinf=0.0 (0) time=176.4265759s
[ Info: iter=24769 obj=4.8453539284674644e7 pinf=2.6569293594336635e8 (5296) dinf=0.0 (0) time=176.8313271s
[ Info: iter=24819 obj=4.847052934150767e7 pinf=3.732046868611213e7 (5064) dinf=0.0 (0) time=177.2570803s
[ Info: iter=24869 obj=4.855425109557414e7 pinf=4.5952953246094674e7 (5125) dinf=0.0 (0) time=177.7012163s
[ Info: iter=24919 obj=4.858440115038717e7 pinf=4.2077641081816964e7 (5034) dinf=0.0 (0) time=178.2064404s
[ Info: iter=24969 obj=4.861001921614385e7 pinf=4.597422216300434e7 (5029) dinf=0.0 (0) time=178.5980682s
[ Info: iter=25019 obj=4.861753200184417e7 pinf=5.1118206974275306e7 (5135) dinf=0.0 (0) time=179.0258822s
[ Info: iter=25069 obj=4.8622075902433634e7 pinf=5.3078119297312915e7 (5111) dinf=0.0 (0) time=179.4563511s
[ Info: iter=25119 obj=4.862627128752518e7 pinf=9.710075471748444e8 (5432) dinf=0.0 (0) time=179.9599331s
[ Info: iter=25169 obj=4.862871393335652e7 pinf=2.252611246128909e8 (5346) dinf=0.0 (0) time=180.4066218s
[ Info: iter=25219 obj=4.863527300382292e7 pinf=1.1545254911372186e8 (5188) dinf=0.0 (0) time=180.8517759s
[ Info: iter=25269 obj=4.8653120170824416e7 pinf=6.906297502388543e7 (5091) dinf=0.0 (0) time=181.2538366s
[ Info: iter=25319 obj=4.8661664513380975e7 pinf=8.583365959098697e7 (5107) dinf=0.0 (0) time=181.7631903s
[ Info: iter=25369 obj=4.867368909075859e7 pinf=8.735813137602328e7 (5128) dinf=0.0 (0) time=182.1896598s
[ Info: iter=25419 obj=4.8683105931637526e7 pinf=3.094659792675809e8 (5338) dinf=0.0 (0) time=182.6503318s
[ Info: iter=25469 obj=4.8713558057644725e7 pinf=1.8419755023034763e8 (5192) dinf=0.0 (0) time=183.1275499s
[ Info: iter=25519 obj=4.873948862028992e7 pinf=4.365056973175586e7 (5063) dinf=0.0 (0) time=183.6090259s
[ Info: iter=25569 obj=4.875148067599661e7 pinf=3.666239225093452e7 (5031) dinf=0.0 (0) time=184.0567334s
[ Info: iter=25619 obj=4.876168732403801e7 pinf=1.1893389466871573e8 (5106) dinf=0.0 (0) time=184.5099643s
[ Info: iter=25669 obj=4.877548251187219e7 pinf=4.144441229963793e7 (5017) dinf=0.0 (0) time=185.0209714s
[ Info: iter=25719 obj=4.882740494938545e7 pinf=4.291729329865979e7 (4970) dinf=0.0 (0) time=185.5316307s
[ Info: iter=25769 obj=4.888150762426841e7 pinf=5.872566231688073e7 (4984) dinf=0.0 (0) time=185.9547361s
[ Info: iter=25819 obj=4.8977151575029075e7 pinf=5.358428163636537e7 (4976) dinf=0.0 (0) time=186.3780302s
[ Info: iter=25869 obj=4.905109855405122e7 pinf=5.3385608338480376e7 (4933) dinf=0.0 (0) time=186.8229961s
[ Info: iter=25919 obj=4.908236622625834e7 pinf=5.1412013277227685e7 (4947) dinf=0.0 (0) time=187.3019226s
[ Info: iter=25969 obj=4.9135742416514635e7 pinf=5.685069493835123e7 (4930) dinf=0.0 (0) time=187.6764851s
[ Info: iter=26019 obj=4.920724870045486e7 pinf=4.392124259514556e7 (4895) dinf=0.0 (0) time=188.0884172s
[ Info: iter=26069 obj=4.9244971082690686e7 pinf=4.436163147928085e7 (4848) dinf=0.0 (0) time=188.4821178s
[ Info: iter=26119 obj=4.927881695889638e7 pinf=4.335977466947823e7 (4914) dinf=0.0 (0) time=188.9398247s
[ Info: iter=26169 obj=4.931787102299589e7 pinf=4.312354425534067e7 (4876) dinf=0.0 (0) time=189.3518964s
[ Info: iter=26219 obj=4.936291611534104e7 pinf=4.09410472416295e7 (4897) dinf=0.0 (0) time=189.7649574s
[ Info: iter=26269 obj=4.939220125395105e7 pinf=4.1609694963310264e7 (4873) dinf=0.0 (0) time=190.1763013s
[ Info: iter=26319 obj=4.940351114129192e7 pinf=4.1604596128241144e7 (4883) dinf=0.0 (0) time=190.6388274s
[ Info: iter=26369 obj=4.943255347313011e7 pinf=4.2495887783105694e7 (4867) dinf=0.0 (0) time=191.1005692s
[ Info: iter=26419 obj=4.9476651728137136e7 pinf=4.287096529625734e7 (4879) dinf=0.0 (0) time=191.5148069s
[ Info: iter=26469 obj=4.949706347633576e7 pinf=4.2657746596653104e7 (4810) dinf=0.0 (0) time=191.9326981s
[ Info: iter=26519 obj=4.9513010147269994e7 pinf=4.26150394904156e7 (4763) dinf=0.0 (0) time=192.4058865s
[ Info: iter=26569 obj=4.9526729497291535e7 pinf=4.256495092922795e7 (4783) dinf=0.0 (0) time=192.8707217s
[ Info: iter=26619 obj=4.954554011002375e7 pinf=4.502610498735461e7 (4777) dinf=0.0 (0) time=193.3017598s
[ Info: iter=26669 obj=4.955348204208503e7 pinf=8.543197782677914e7 (4785) dinf=0.0 (0) time=193.7565766s
[ Info: iter=26719 obj=4.9556740173429415e7 pinf=3.686584441224338e7 (4822) dinf=0.0 (0) time=194.2351841s
[ Info: iter=26769 obj=4.95580674231652e7 pinf=4.500347622298699e7 (4749) dinf=0.0 (0) time=194.7383067s
[ Info: iter=26819 obj=4.955905447193605e7 pinf=2.637599997598591e7 (4647) dinf=0.0 (0) time=195.2123241s
[ Info: iter=26869 obj=4.9561057579666495e7 pinf=3.321760865985976e7 (4614) dinf=0.0 (0) time=195.6795711s
[ Info: iter=26919 obj=4.956638253446196e7 pinf=9.106872380342536e6 (4501) dinf=0.0 (0) time=196.1631263s
[ Info: iter=26969 obj=4.956946797165918e7 pinf=2.1294608346886292e8 (4849) dinf=0.0 (0) time=196.6930331s
[ Info: iter=27019 obj=4.957492502578533e7 pinf=2.2506686080550328e8 (4740) dinf=0.0 (0) time=197.1674878s
[ Info: iter=27069 obj=4.958779696903309e7 pinf=6.515875418295659e7 (4783) dinf=0.0 (0) time=197.6448473s
[ Info: iter=27119 obj=4.959195330921134e7 pinf=3.9141227836912416e7 (4536) dinf=0.0 (0) time=198.1874955s
[ Info: iter=27169 obj=4.9593753005806446e7 pinf=1.1400264678254254e7 (4593) dinf=0.0 (0) time=198.6612349s
[ Info: iter=27219 obj=4.959587009956354e7 pinf=1.4422759505143508e8 (4894) dinf=0.0 (0) time=199.0991037s
[ Info: iter=27269 obj=4.959874684097314e7 pinf=2.8559733090462577e7 (4763) dinf=0.0 (0) time=199.606036s
[ Info: iter=27319 obj=4.960634732240164e7 pinf=7.264569906657878e7 (4771) dinf=0.0 (0) time=200.0983549s
[ Info: iter=27369 obj=4.960950167783463e7 pinf=4.689844921601276e7 (4841) dinf=0.0 (0) time=200.5780033s
[ Info: iter=27419 obj=4.961793881996119e7 pinf=4.041099619673514e7 (4965) dinf=0.0 (0) time=201.0651578s
[ Info: iter=27469 obj=4.963159974201502e7 pinf=3.527229689053034e7 (4659) dinf=0.0 (0) time=201.5690576s
[ Info: iter=27519 obj=4.9635158441060975e7 pinf=2.9550375779503256e7 (4740) dinf=0.0 (0) time=202.0615606s
[ Info: iter=27569 obj=4.9637856597708985e7 pinf=3.388202835943984e7 (4660) dinf=0.0 (0) time=202.5371742s
[ Info: iter=27619 obj=4.964205675887379e7 pinf=1.934875825452658e8 (4900) dinf=0.0 (0) time=202.9878668s
[ Info: iter=27669 obj=4.964430646181184e7 pinf=1.462566545496233e8 (5030) dinf=0.0 (0) time=203.5267802s
[ Info: iter=27719 obj=4.964864826891327e7 pinf=3.340431348903931e8 (5089) dinf=0.0 (0) time=204.0527282s
[ Info: iter=27769 obj=4.965171092625624e7 pinf=2.5554312160844788e7 (4771) dinf=0.0 (0) time=204.5436671s
[ Info: iter=27819 obj=4.9654263605644226e7 pinf=9.818319805407454e7 (5091) dinf=0.0 (0) time=205.0539171s
[ Info: iter=27869 obj=4.9659541652661234e7 pinf=1.3347367493910173e7 (4571) dinf=0.0 (0) time=205.6041076s
[ Info: iter=27919 obj=4.9663458570242465e7 pinf=3.542588963802509e7 (4842) dinf=0.0 (0) time=206.0833698s
[ Info: iter=27969 obj=4.9669028858909786e7 pinf=1.4655549193012547e7 (4746) dinf=0.0 (0) time=206.5725027s
[ Info: iter=28019 obj=4.967328329291916e7 pinf=2.172543953648113e8 (4803) dinf=0.0 (0) time=207.0666697s
[ Info: iter=28058 obj=4.967536756237841e7 pinf=8.199069600246754e7 (4615) dinf=0.0 (0) time=207.4902116s
[ Info: iter=28108 obj=4.9678756780225754e7 pinf=4.799334075327253e7 (4777) dinf=0.0 (0) time=208.0130615s
[ Info: iter=28158 obj=4.968058999916983e7 pinf=5.4341867075432785e7 (4799) dinf=0.0 (0) time=208.5004479s
[ Info: iter=28208 obj=4.968808673101616e7 pinf=8.362822664216197e7 (4729) dinf=0.0 (0) time=208.9968538s
[ Info: iter=28258 obj=4.969352659195399e7 pinf=2.4241335891754936e7 (4541) dinf=0.0 (0) time=209.5166723s
[ Info: iter=28308 obj=4.96961837259016e7 pinf=1.3190654749956551e8 (4752) dinf=0.0 (0) time=209.9999623s
[ Info: iter=28358 obj=4.969905919287956e7 pinf=1.04110102333933e7 (4241) dinf=0.0 (0) time=210.4933608s
[ Info: iter=28408 obj=4.970829296260691e7 pinf=4.622775188715082e7 (4763) dinf=0.0 (0) time=211.0194523s
[ Info: iter=28458 obj=4.9714731557216644e7 pinf=8.085133833537252e8 (4971) dinf=0.0 (0) time=211.494279s
[ Info: iter=28508 obj=4.971822582193422e7 pinf=6.88631303086387e7 (4790) dinf=0.0 (0) time=211.983541s
[ Info: iter=28558 obj=4.972344194968629e7 pinf=3.8280773802415e7 (4478) dinf=0.0 (0) time=212.4821601s
[ Info: iter=28608 obj=4.972765189410615e7 pinf=4.400717021805978e7 (4633) dinf=0.0 (0) time=213.0168272s
[ Info: iter=28658 obj=4.973155417686903e7 pinf=9.856895267723875e6 (4388) dinf=0.0 (0) time=213.4797586s
[ Info: iter=28708 obj=4.9735425025007114e7 pinf=9.047163922469629e6 (4819) dinf=0.0 (0) time=213.9701994s
[ Info: iter=28758 obj=4.973715647309679e7 pinf=2.728248939013882e7 (4521) dinf=0.0 (0) time=214.5048493s
[ Info: iter=28808 obj=4.973885817060094e7 pinf=6.008900560591475e6 (4313) dinf=0.0 (0) time=214.9713906s
[ Info: iter=28858 obj=4.974196114131257e7 pinf=1.0167079340404218e7 (4513) dinf=0.0 (0) time=215.4934882s
[ Info: iter=28908 obj=4.974506229824449e7 pinf=9.416086048765479e6 (4533) dinf=0.0 (0) time=215.9864721s
[ Info: iter=28958 obj=4.9749337934286535e7 pinf=8.167581567019154e7 (4668) dinf=0.0 (0) time=216.543431s
[ Info: iter=29008 obj=4.9752451496565074e7 pinf=1.687512735186523e7 (4424) dinf=0.0 (0) time=217.0465462s
[ Info: iter=29058 obj=4.9754402881069854e7 pinf=2.812377269151324e6 (4189) dinf=0.0 (0) time=217.5161711s
[ Info: iter=29108 obj=4.975731608140232e7 pinf=2.3240477337244365e7 (4377) dinf=0.0 (0) time=218.031443s
[ Info: iter=29158 obj=4.975997435612677e7 pinf=1.061640826692446e7 (4317) dinf=0.0 (0) time=218.5615838s
[ Info: iter=29208 obj=4.976351933465297e7 pinf=1.4883645313207528e7 (4513) dinf=0.0 (0) time=219.0622458s
[ Info: iter=29258 obj=4.976587164223931e7 pinf=1.1667454778064432e7 (4320) dinf=0.0 (0) time=219.6090158s
[ Info: iter=29308 obj=4.977032626908196e7 pinf=2.3514350860326705e6 (4206) dinf=0.0 (0) time=220.1834633s
[ Info: iter=29358 obj=4.977454073174742e7 pinf=3.912922050707946e6 (4247) dinf=0.0 (0) time=220.7128012s
[ Info: iter=29408 obj=4.977516707612628e7 pinf=1.1429168326371636e7 (4460) dinf=0.0 (0) time=221.1940023s
[ Info: iter=29458 obj=4.977727378795485e7 pinf=3.2968683896996878e7 (4608) dinf=0.0 (0) time=221.688414s
[ Info: iter=29508 obj=4.9780041248821914e7 pinf=1.8988351534066122e7 (4663) dinf=0.0 (0) time=222.2498804s
[ Info: iter=29558 obj=4.978256614861894e7 pinf=2.015463712210534e7 (4544) dinf=0.0 (0) time=222.7428916s
[ Info: iter=29608 obj=4.978449344339122e7 pinf=2.810572802867597e7 (4421) dinf=0.0 (0) time=223.2716358s
[ Info: iter=29658 obj=4.978626940718152e7 pinf=1.4323475370973153e7 (4384) dinf=0.0 (0) time=223.7862144s
[ Info: iter=29708 obj=4.978776797698918e7 pinf=2.0702657835606977e7 (4635) dinf=0.0 (0) time=224.3286133s
[ Info: iter=29758 obj=4.9789046581847206e7 pinf=8.351611444252773e6 (4358) dinf=0.0 (0) time=224.8394449s
[ Info: iter=29808 obj=4.9790755660566784e7 pinf=3.533667773796231e7 (4568) dinf=0.0 (0) time=225.3431296s
[ Info: iter=29834 obj=4.979157734029714e7 pinf=1.68967650313065e7 (4501) dinf=0.0 (0) time=225.645819s
[ Info: iter=29884 obj=4.979277316127117e7 pinf=8.447906537070878e6 (4473) dinf=0.0 (0) time=226.2090897s
[ Info: iter=29934 obj=4.980945412603325e7 pinf=1.8578914940987986e7 (4623) dinf=0.0 (0) time=226.7099253s
[ Info: iter=29984 obj=4.9810356659756996e7 pinf=2.1687242254627075e7 (4598) dinf=0.0 (0) time=227.203768s
[ Info: iter=30034 obj=4.981171329222728e7 pinf=5.27100101827405e6 (4350) dinf=0.0 (0) time=227.7007455s
[ Info: iter=30084 obj=4.9814330245548725e7 pinf=6.2192179894724535e6 (4461) dinf=0.0 (0) time=228.2163026s
[ Info: iter=30134 obj=4.981751795836777e7 pinf=9.80487186089506e6 (4515) dinf=0.0 (0) time=228.6976555s
[ Info: iter=30184 obj=4.9820170957481764e7 pinf=7.453246368287398e7 (4865) dinf=0.0 (0) time=229.1861159s
[ Info: iter=30234 obj=4.9823458191894285e7 pinf=3.9421344923003833e6 (4453) dinf=0.0 (0) time=229.6943055s
[ Info: iter=30284 obj=4.982487771085687e7 pinf=2.5998977896764506e7 (4552) dinf=0.0 (0) time=230.2067782s
[ Info: iter=30334 obj=4.9827391899831355e7 pinf=2.345940077100256e7 (4219) dinf=0.0 (0) time=230.6775552s
[ Info: iter=30384 obj=4.983605343344925e7 pinf=2.388268266828346e7 (4301) dinf=0.0 (0) time=231.1888322s
[ Info: iter=30434 obj=4.986147179068981e7 pinf=6.76204330642114e6 (4264) dinf=0.0 (0) time=231.6866917s
[ Info: iter=30484 obj=4.986782911682663e7 pinf=831299.5244083571 (3845) dinf=0.0 (0) time=232.1695811s
[ Info: iter=30534 obj=4.989151650351346e7 pinf=753375.8396522778 (3752) dinf=0.0 (0) time=232.623849s
[ Info: iter=30584 obj=4.9914217502795786e7 pinf=1.0171377866851967e6 (3750) dinf=0.0 (0) time=233.1011066s
[ Info: iter=30634 obj=4.9929367779326685e7 pinf=2.840835310095338e6 (4077) dinf=0.0 (0) time=233.5780307s
[ Info: iter=30684 obj=4.9931593826588005e7 pinf=2.5653785345179066e7 (4310) dinf=0.0 (0) time=234.0583714s
[ Info: iter=30734 obj=4.9933843579379566e7 pinf=3.633792014090917e7 (4417) dinf=0.0 (0) time=234.5489941s
[ Info: iter=30784 obj=4.993610159193065e7 pinf=1.0303255492482774e7 (4191) dinf=0.0 (0) time=235.0568008s
[ Info: iter=30834 obj=4.993868994673745e7 pinf=2.8375665102301255e7 (4368) dinf=0.0 (0) time=235.5778074s
[ Info: iter=30884 obj=4.9941458959518924e7 pinf=1.4633683675053106e6 (3994) dinf=0.0 (0) time=236.0762752s
[ Info: iter=30934 obj=4.9942455013055205e7 pinf=3.3102450200754846e6 (4026) dinf=0.0 (0) time=236.5684857s
[ Info: iter=30984 obj=4.994420502814237e7 pinf=1.677791785787405e7 (4197) dinf=0.0 (0) time=237.0839408s
[ Info: iter=31034 obj=4.994570350390653e7 pinf=5.3660783187685255e6 (4161) dinf=0.0 (0) time=237.5474827s
[ Info: iter=31084 obj=4.99479056841291e7 pinf=2.0851171438864563e7 (4325) dinf=0.0 (0) time=238.0454214s
[ Info: iter=31134 obj=4.994886924278912e7 pinf=3.459424147878779e6 (4082) dinf=0.0 (0) time=238.5535553s
[ Info: iter=31184 obj=4.995159625228339e7 pinf=5.592074002958826e6 (4353) dinf=0.0 (0) time=239.0357698s
[ Info: iter=31234 obj=4.995420352723917e7 pinf=727086.1561068565 (3850) dinf=0.0 (0) time=239.5486578s
[ Info: iter=31284 obj=4.9957415214215465e7 pinf=2.9335634135000487e6 (4131) dinf=0.0 (0) time=240.0515286s
[ Info: iter=31334 obj=4.99584957226217e7 pinf=813389.469061249 (3703) dinf=0.0 (0) time=240.5339298s
[ Info: iter=31384 obj=4.9970813040175535e7 pinf=4.341197328151811e6 (4030) dinf=0.0 (0) time=241.0542911s
[ Info: iter=31434 obj=4.997301349120954e7 pinf=5.616105865744995e6 (4115) dinf=0.0 (0) time=241.6134851s
[ Info: iter=31484 obj=4.997518157773388e7 pinf=1.905007345850175e7 (4253) dinf=0.0 (0) time=242.1073026s
[ Info: iter=31534 obj=4.997741111675659e7 pinf=1.0673572474530435e6 (3888) dinf=0.0 (0) time=242.6105463s
[ Info: iter=31584 obj=4.9979560050640225e7 pinf=1.6097062175197316e7 (4260) dinf=0.0 (0) time=243.1529047s
[ Info: iter=31634 obj=4.998185556956045e7 pinf=1.7131723737981585e8 (4217) dinf=0.0 (0) time=243.627804s
[ Info: iter=31684 obj=4.998343642316711e7 pinf=7.491497528879629e7 (4102) dinf=0.0 (0) time=244.1092496s
[ Info: iter=31734 obj=4.998431681443422e7 pinf=3.868800327484808e7 (3966) dinf=0.0 (0) time=244.6242684s
[ Info: iter=31784 obj=4.998615859614865e7 pinf=4.403304398229944e7 (4167) dinf=0.0 (0) time=245.1120445s
[ Info: iter=31834 obj=4.998835411018068e7 pinf=1.7633154475716576e8 (4154) dinf=0.0 (0) time=245.5957047s
[ Info: iter=31884 obj=4.9990916823113814e7 pinf=3.663353803944398e7 (4115) dinf=0.0 (0) time=246.1127039s
[ Info: iter=31934 obj=4.999214980418578e7 pinf=1.2236728056346154e7 (3832) dinf=0.0 (0) time=246.5945648s
[ Info: iter=31984 obj=4.999321118466701e7 pinf=3.491757606559655e7 (4002) dinf=0.0 (0) time=247.0556446s
[ Info: iter=32034 obj=4.999929506144643e7 pinf=8.748917352711444e7 (4105) dinf=0.0 (0) time=247.5372972s
[ Info: iter=32084 obj=5.0006861484775186e7 pinf=9.450278429023951e7 (4091) dinf=0.0 (0) time=248.0154482s
[ Info: iter=32134 obj=5.002485266206202e7 pinf=1.8701404097886652e8 (4152) dinf=0.0 (0) time=248.4517618s
[ Info: iter=32184 obj=5.005750341470914e7 pinf=1.685860156510222e8 (4108) dinf=0.0 (0) time=248.880525s
[ Info: iter=32234 obj=5.008224128593426e7 pinf=1.3079694669053414e8 (4051) dinf=0.0 (0) time=249.3565167s
[ Info: iter=32274 obj=5.008679723795803e7 pinf=7.500487206171752e6 (3734) dinf=0.0 (0) time=249.7717256s
[ Info: iter=32324 obj=5.008879933571618e7 pinf=6.092434011493109e7 (4050) dinf=0.0 (0) time=250.2364712s
[ Info: iter=32374 obj=5.009107968841041e7 pinf=5.074783944013021e8 (4396) dinf=0.0 (0) time=250.6944374s
[ Info: iter=32424 obj=5.01073909145293e7 pinf=3.5179416785703367e8 (4258) dinf=0.0 (0) time=251.1566886s
[ Info: iter=32474 obj=5.010771111157978e7 pinf=3.517938643231613e8 (4225) dinf=0.0 (0) time=251.5721164s
[ Info: iter=32524 obj=5.014775925237752e7 pinf=1.8477771425586644e8 (4209) dinf=0.0 (0) time=252.0052127s
[ Info: iter=32574 obj=5.016122660401422e7 pinf=1.9616839650827098e8 (4206) dinf=0.0 (0) time=252.4640142s
[ Info: iter=32624 obj=5.0167289000612766e7 pinf=2.2825780152364755e8 (4055) dinf=0.0 (0) time=252.9598012s
[ Info: iter=32674 obj=5.0235133560526475e7 pinf=2.297892114552116e8 (4067) dinf=0.0 (0) time=253.4244651s
[ Info: iter=32724 obj=5.024144614399378e7 pinf=2.2821043775237924e8 (4011) dinf=0.0 (0) time=253.8597613s
[ Info: iter=32774 obj=5.0260908809053436e7 pinf=2.0667627166758347e8 (3966) dinf=0.0 (0) time=254.2859946s
[ Info: iter=32824 obj=5.026632016113893e7 pinf=2.073736997409252e8 (3991) dinf=0.0 (0) time=254.7405706s
[ Info: iter=32874 obj=5.028528319745874e7 pinf=2.1621371711106607e8 (3956) dinf=0.0 (0) time=255.2225888s
[ Info: iter=32924 obj=5.030519545852631e7 pinf=1.9941020268033412e8 (3941) dinf=0.0 (0) time=255.6625778s
[ Info: iter=32974 obj=5.0322333193392515e7 pinf=2.0321145430171868e8 (3924) dinf=0.0 (0) time=256.0816314s
[ Info: iter=33024 obj=5.035732939628537e7 pinf=2.16881157210291e8 (3924) dinf=0.0 (0) time=256.6186705s
[ Info: iter=33074 obj=5.0357971391597874e7 pinf=2.2038230140029797e8 (3914) dinf=0.0 (0) time=257.041149s
[ Info: iter=33124 obj=5.0357971391596556e7 pinf=2.2038954103926575e8 (3909) dinf=0.0 (0) time=257.4965485s
[ Info: iter=33174 obj=5.036259975617693e7 pinf=2.1482316410572106e8 (3910) dinf=0.0 (0) time=258.0720342s
[ Info: iter=33224 obj=5.036531385735358e7 pinf=1.9580563806499675e7 (3724) dinf=0.0 (0) time=258.6817641s
[ Info: iter=33274 obj=5.0369726768673375e7 pinf=1.1356837338950306e8 (3896) dinf=0.0 (0) time=259.130345s
[ Info: iter=33324 obj=5.037338538560017e7 pinf=4.222724563150961e6 (3658) dinf=0.0 (0) time=259.6086503s
[ Info: iter=33374 obj=5.037863554896279e7 pinf=3.1768589402123404e8 (4057) dinf=0.0 (0) time=260.0411248s
[ Info: iter=33424 obj=5.038160161948266e7 pinf=2.8515036268867916e8 (3984) dinf=0.0 (0) time=260.5715627s
[ Info: iter=33474 obj=5.0385479569494955e7 pinf=6.818537856368732e7 (3785) dinf=0.0 (0) time=261.0389534s
[ Info: iter=33524 obj=5.039175531984695e7 pinf=4.199466077311907e8 (4149) dinf=0.0 (0) time=261.5129499s
[ Info: iter=33574 obj=5.0396428590045914e7 pinf=4.363232862216925e8 (4199) dinf=0.0 (0) time=262.0155096s
[ Info: iter=33624 obj=5.039672971422075e7 pinf=5.520256970649046e7 (3860) dinf=0.0 (0) time=262.5304493s
[ Info: iter=33674 obj=5.039989518430414e7 pinf=4.262527867253922e8 (4183) dinf=0.0 (0) time=263.015826s
[ Info: iter=33724 obj=5.040690310386189e7 pinf=4.6068092269637674e8 (4183) dinf=0.0 (0) time=263.5116093s
[ Info: iter=33774 obj=5.040838634198224e7 pinf=3.9893050402086574e8 (4137) dinf=0.0 (0) time=264.024821s
[ Info: iter=33797 obj=5.040996403804049e7 pinf=6.708370599646265e6 (3654) dinf=0.0 (0) time=264.2656775s
[ Info: iter=33847 obj=5.0495175730631754e7 pinf=325496.11676902394 (3278) dinf=0.0 (0) time=264.7516124s
[ Info: iter=33897 obj=5.049689578181565e7 pinf=646299.3841457487 (3245) dinf=0.0 (0) time=265.2553975s
[ Info: iter=33947 obj=5.049858487439873e7 pinf=7.6656415201992635e6 (3926) dinf=0.0 (0) time=265.7714041s
[ Info: iter=33997 obj=5.050184929138891e7 pinf=192635.78468252378 (3143) dinf=0.0 (0) time=266.2598231s
[ Info: iter=34047 obj=5.05028633223373e7 pinf=175377.28662285488 (3044) dinf=0.0 (0) time=266.7658406s
[ Info: iter=34097 obj=5.050507068625976e7 pinf=227526.2583420226 (3292) dinf=0.0 (0) time=267.3103606s
[ Info: iter=34147 obj=5.050752898075803e7 pinf=354737.2527173156 (3316) dinf=0.0 (0) time=267.767063s
[ Info: iter=34197 obj=5.050995059300559e7 pinf=334176.9572427311 (3360) dinf=0.0 (0) time=268.2307692s
[ Info: iter=34247 obj=5.051277378740611e7 pinf=301378.6589708888 (3280) dinf=0.0 (0) time=268.7132607s
[ Info: iter=34297 obj=5.051621836400128e7 pinf=1.5440011536140917e6 (3267) dinf=0.0 (0) time=269.2261971s
[ Info: iter=34347 obj=5.051621836400183e7 pinf=1.644643480611077e6 (3247) dinf=0.0 (0) time=269.6837008s
[ Info: iter=34397 obj=5.0516920557196036e7 pinf=208732.56601655547 (3302) dinf=0.0 (0) time=270.1356605s
[ Info: iter=34447 obj=5.051918113825157e7 pinf=229428.5018468084 (3228) dinf=0.0 (0) time=270.5853163s
[ Info: iter=34497 obj=5.0519338438895926e7 pinf=332209.3180719945 (3371) dinf=0.0 (0) time=271.1175745s
[ Info: iter=34547 obj=5.051987099926201e7 pinf=81934.59757087582 (2980) dinf=0.0 (0) time=271.6266665s
[ Info: iter=34597 obj=5.052969559048957e7 pinf=84083.33653480613 (2899) dinf=0.0 (0) time=272.1064336s
[ Info: iter=34647 obj=5.0531219050519265e7 pinf=88977.35837458175 (2987) dinf=0.0 (0) time=272.5778667s
[ Info: iter=34697 obj=5.053317533240951e7 pinf=259584.2254040447 (3207) dinf=0.0 (0) time=273.1019831s
[ Info: iter=34747 obj=5.054550969085656e7 pinf=1.369002017848237e6 (3294) dinf=0.0 (0) time=273.5875369s
[ Info: iter=34797 obj=5.055481402839834e7 pinf=1.1279746188268098e6 (3198) dinf=0.0 (0) time=274.0446089s
[ Info: iter=34847 obj=5.0565595652955085e7 pinf=1.1913889791303538e6 (3226) dinf=0.0 (0) time=274.5385914s
[ Info: iter=34897 obj=5.057895371551187e7 pinf=1.1536320766403233e6 (3470) dinf=0.0 (0) time=275.0010932s
[ Info: iter=34947 obj=5.058172475270311e7 pinf=2.546533293038164e6 (3641) dinf=0.0 (0) time=275.4718461s
[ Info: iter=34997 obj=5.058246117988667e7 pinf=603701.3501172153 (3464) dinf=0.0 (0) time=276.0312956s
[ Info: iter=35047 obj=5.058323303917338e7 pinf=1.4335473416459183e6 (3883) dinf=0.0 (0) time=276.5153107s
[ Info: iter=35097 obj=5.058326154436949e7 pinf=1.3041472239906036e6 (3546) dinf=0.0 (0) time=277.0347054s
[ Info: iter=35147 obj=5.058425695286143e7 pinf=2.164581825192825e6 (3699) dinf=0.0 (0) time=277.5646401s
[ Info: iter=35197 obj=5.058489909475354e7 pinf=878827.7701955682 (3469) dinf=0.0 (0) time=278.0854928s
[ Info: iter=35247 obj=5.0585266211465485e7 pinf=1.579356798973989e6 (3703) dinf=0.0 (0) time=278.5231989s
[ Info: iter=35297 obj=5.059297178248403e7 pinf=494143.13003673527 (3251) dinf=0.0 (0) time=279.0085368s
[ Info: iter=35347 obj=5.0627657827240534e7 pinf=499240.20814604225 (3204) dinf=0.0 (0) time=279.484633s
[ Info: iter=35397 obj=5.063976237360405e7 pinf=895214.9975594598 (3418) dinf=0.0 (0) time=279.9299013s
[ Info: iter=35447 obj=5.069158512783765e7 pinf=2.526007628556514e6 (3524) dinf=0.0 (0) time=280.3855016s
[ Info: iter=35497 obj=5.069186415315394e7 pinf=4.441631967023988e6 (3854) dinf=0.0 (0) time=280.9784614s
[ Info: iter=35547 obj=5.070482766992744e7 pinf=4.502160601508285e6 (3815) dinf=0.0 (0) time=281.4423698s
[ Info: iter=35597 obj=5.0706054951867275e7 pinf=4.000547842237837e6 (3814) dinf=0.0 (0) time=281.9274017s
[ Info: iter=35647 obj=5.0745628194170706e7 pinf=2.046293507097127e6 (3650) dinf=0.0 (0) time=282.4186894s
[ Info: iter=35697 obj=5.0843728024988554e7 pinf=2.2304319587696646e6 (3634) dinf=0.0 (0) time=282.9243379s
[ Info: iter=35747 obj=5.0845379334941e7 pinf=2.473560439613856e6 (3441) dinf=0.0 (0) time=283.4465917s
[ Info: iter=35797 obj=5.0846071252390005e7 pinf=1.498794562483605e6 (3595) dinf=0.0 (0) time=284.0192707s
[ Info: iter=35847 obj=5.085612389080956e7 pinf=1.161010862823982e6 (3365) dinf=0.0 (0) time=284.5052036s
[ Info: iter=35897 obj=5.087336556474893e7 pinf=1.283835139892371e6 (3452) dinf=0.0 (0) time=284.9796361s
[ Info: iter=35947 obj=5.0874137290789984e7 pinf=1.9846792187974972e6 (3514) dinf=0.0 (0) time=285.4569879s
[ Info: iter=35997 obj=5.087482419816662e7 pinf=1.8569786920776203e8 (3815) dinf=0.0 (0) time=285.9721835s
[ Info: iter=36047 obj=5.087605469437896e7 pinf=1.0162161432018062e8 (3739) dinf=0.0 (0) time=286.4030068s
[ Info: iter=36097 obj=5.08766614616885e7 pinf=7.086497928348863e7 (3732) dinf=0.0 (0) time=286.8504647s
[ Info: iter=36147 obj=5.087666146168639e7 pinf=7.086213254635693e7 (3716) dinf=0.0 (0) time=287.3638333s
[ Info: iter=36197 obj=5.087666146171589e7 pinf=7.086665435940428e7 (3727) dinf=0.0 (0) time=287.850874s
[ Info: iter=36247 obj=5.087900947544486e7 pinf=5.98885596237963e7 (3706) dinf=0.0 (0) time=288.3073938s
[ Info: iter=36297 obj=5.0883144241564125e7 pinf=1.0057448536455665e7 (3531) dinf=0.0 (0) time=288.7710219s
[ Info: iter=36347 obj=5.089176914981553e7 pinf=7.892910496805824e7 (3722) dinf=0.0 (0) time=289.2872776s
[ Info: iter=36397 obj=5.089806513673309e7 pinf=1.1341896397690514e8 (3783) dinf=0.0 (0) time=289.8009369s
[ Info: iter=36447 obj=5.090436636697691e7 pinf=1.4959848697559226e8 (3797) dinf=0.0 (0) time=290.2718076s
[ Info: iter=36497 obj=5.090707061820824e7 pinf=2.7163744885661498e7 (3808) dinf=0.0 (0) time=290.7565468s
[ Info: iter=36547 obj=5.091217749219121e7 pinf=2.0582839990056017e8 (3970) dinf=0.0 (0) time=291.3066548s
[ Info: iter=36597 obj=5.091822712582478e7 pinf=7.806515052828726e8 (4001) dinf=0.0 (0) time=291.7636932s
[ Info: iter=36647 obj=5.092967869874337e7 pinf=3.030972696747908e8 (3950) dinf=0.0 (0) time=292.2487999s
[ Info: iter=36697 obj=5.093183575272881e7 pinf=4.557143720056244e7 (3769) dinf=0.0 (0) time=292.721325s
[ Info: iter=36747 obj=5.0935162183015764e7 pinf=2.3517568184089784e7 (3645) dinf=0.0 (0) time=293.273424s
[ Info: iter=36797 obj=5.093852794205394e7 pinf=1.4803976207627447e7 (3596) dinf=0.0 (0) time=293.7297774s
[ Info: iter=36847 obj=5.094031916613155e7 pinf=1.8344648641732213e8 (3817) dinf=0.0 (0) time=294.1691034s
[ Info: iter=36897 obj=5.094222042076386e7 pinf=5.54177491125854e7 (3635) dinf=0.0 (0) time=294.6368744s
[ Info: iter=36947 obj=5.094370863227798e7 pinf=5.866716924571139e7 (3631) dinf=0.0 (0) time=295.1542344s
[ Info: iter=36997 obj=5.09479618123603e7 pinf=5.945848974491026e7 (3610) dinf=0.0 (0) time=295.5989071s
[ Info: iter=37047 obj=5.095302693754614e7 pinf=5.912503099584891e7 (3541) dinf=0.0 (0) time=296.0355644s
[ Info: iter=37097 obj=5.095620879915704e7 pinf=5.912057339876343e7 (3534) dinf=0.0 (0) time=296.4709652s
[ Info: iter=37147 obj=5.09855192231154e7 pinf=5.9142713705824524e7 (3492) dinf=0.0 (0) time=296.9687147s
[ Info: iter=37197 obj=5.098812625473343e7 pinf=5.93653890895918e7 (3499) dinf=0.0 (0) time=297.4205007s
[ Info: iter=37247 obj=5.0999924241216384e7 pinf=5.937665158535911e7 (3455) dinf=0.0 (0) time=297.843183s
[ Info: iter=37297 obj=5.103122353507463e7 pinf=6.0309688004843704e7 (3459) dinf=0.0 (0) time=298.2817555s
[ Info: iter=37347 obj=5.103881545308797e7 pinf=6.030628208938874e7 (3435) dinf=0.0 (0) time=298.7303847s
[ Info: iter=37397 obj=5.1044133760646e7 pinf=6.046284852624865e7 (3403) dinf=0.0 (0) time=299.213518s
[ Info: iter=37447 obj=5.1045657618223175e7 pinf=6.050398400346483e7 (3332) dinf=0.0 (0) time=299.6451411s
[ Info: iter=37497 obj=5.1047559851232946e7 pinf=6.064993110696177e7 (3324) dinf=0.0 (0) time=300.073281s
[ Info: iter=37547 obj=5.10650189931931e7 pinf=6.044219512598008e7 (3274) dinf=0.0 (0) time=300.5756723s
[ Info: iter=37597 obj=5.107192675999887e7 pinf=6.0436770300377354e7 (3262) dinf=0.0 (0) time=300.9842807s
[ Info: iter=37647 obj=5.108047844498116e7 pinf=6.056203624935968e7 (3237) dinf=0.0 (0) time=301.4157868s
[ Info: iter=37697 obj=5.108384420012567e7 pinf=6.053529826272316e7 (3323) dinf=0.0 (0) time=301.8649771s
[ Info: iter=37747 obj=5.1095842101155736e7 pinf=6.047282808825694e7 (3173) dinf=0.0 (0) time=302.3573278s
[ Info: iter=37797 obj=5.110617443455455e7 pinf=6.36411338308926e7 (3151) dinf=0.0 (0) time=302.7879863s
[ Info: iter=37847 obj=5.11095003113109e7 pinf=6.3512500275748536e7 (3098) dinf=0.0 (0) time=303.2137763s
[ Info: iter=37897 obj=5.1113087438756905e7 pinf=4.439448801731086e7 (3006) dinf=0.0 (0) time=303.6620356s
[ Info: iter=37947 obj=5.112824839584868e7 pinf=1.0099509561990587e7 (3002) dinf=0.0 (0) time=304.2031314s
[ Info: iter=37997 obj=5.1129450766309634e7 pinf=1.135944586301824e7 (3218) dinf=0.0 (0) time=304.606409s
[ Info: iter=38047 obj=5.1131943890088186e7 pinf=218559.87715631313 (2561) dinf=0.0 (0) time=305.0496564s
[ Info: iter=38097 obj=5.1137812354319766e7 pinf=216940.24090885578 (2570) dinf=0.0 (0) time=305.5036539s
[ Info: iter=38147 obj=5.113948741934719e7 pinf=158230.31958038048 (2483) dinf=0.0 (0) time=305.9795941s
[ Info: iter=38197 obj=5.114065205319693e7 pinf=764515.6195333775 (2899) dinf=0.0 (0) time=306.5388409s
[ Info: iter=38247 obj=5.114163964937035e7 pinf=597517.467450136 (2772) dinf=0.0 (0) time=307.0417545s
[ Info: iter=38297 obj=5.114255601593873e7 pinf=500269.46052416135 (2547) dinf=0.0 (0) time=307.5232094s
[ Info: iter=38347 obj=5.11443199148394e7 pinf=429300.48364731926 (2566) dinf=0.0 (0) time=308.0578871s
[ Info: iter=38397 obj=5.114665714261552e7 pinf=235848.24960735106 (2454) dinf=0.0 (0) time=308.5380459s
[ Info: iter=38447 obj=5.114774155361485e7 pinf=1.5924997783226382e6 (2602) dinf=0.0 (0) time=309.0210081s
[ Info: iter=38497 obj=5.114877797666785e7 pinf=1.297702698437065e6 (2785) dinf=0.0 (0) time=309.5052988s
[ Info: iter=38547 obj=5.114935836199825e7 pinf=1.4357526467423781e6 (2793) dinf=0.0 (0) time=310.0055867s
[ Info: iter=38597 obj=5.115016808680585e7 pinf=1.0629141353590286e6 (2786) dinf=0.0 (0) time=310.5243307s
[ Info: iter=38647 obj=5.115059529407243e7 pinf=790251.9648419444 (2704) dinf=0.0 (0) time=311.000284s
[ Info: iter=38697 obj=5.115144195280272e7 pinf=198596.66710029735 (2407) dinf=0.0 (0) time=311.4861099s
[ Info: iter=38747 obj=5.115215390593296e7 pinf=443328.1242203411 (2660) dinf=0.0 (0) time=312.0308155s
[ Info: iter=38797 obj=5.1153081748555385e7 pinf=343353.9257708145 (2977) dinf=0.0 (0) time=312.5127931s
[ Info: iter=38847 obj=5.115355003674698e7 pinf=197747.4553651739 (2410) dinf=0.0 (0) time=313.0123271s
[ Info: iter=38897 obj=5.1154412602123015e7 pinf=921474.7455968984 (3090) dinf=0.0 (0) time=313.4749892s
[ Info: iter=38947 obj=5.115524996211155e7 pinf=42904.04951212825 (2182) dinf=0.0 (0) time=314.0281833s
[ Info: iter=38997 obj=5.115564742610892e7 pinf=140433.00363200542 (2424) dinf=0.0 (0) time=314.5034426s
[ Info: iter=39047 obj=5.115661668127598e7 pinf=62190.39919099286 (2301) dinf=0.0 (0) time=315.0004558s
[ Info: iter=39097 obj=5.115686358577556e7 pinf=502592.22527356487 (2595) dinf=0.0 (0) time=315.5098821s
[ Info: iter=39147 obj=5.115716371501113e7 pinf=539547.1830733343 (2606) dinf=0.0 (0) time=316.0273657s
[ Info: iter=39197 obj=5.115770742451453e7 pinf=510631.6094951854 (2976) dinf=0.0 (0) time=316.5075323s
[ Info: iter=39247 obj=5.115808804462396e7 pinf=316478.2457435068 (2779) dinf=0.0 (0) time=317.0102792s
[ Info: iter=39297 obj=5.115852351571326e7 pinf=266845.4825567267 (2562) dinf=0.0 (0) time=317.5415451s
[ Info: iter=39347 obj=5.11587565472251e7 pinf=57722.76914551597 (2299) dinf=0.0 (0) time=318.0928089s
[ Info: iter=39397 obj=5.115909268571694e7 pinf=98713.88236830466 (2416) dinf=0.0 (0) time=318.5637182s
[ Info: iter=39447 obj=5.115939255658994e7 pinf=33479.05214462385 (2027) dinf=0.0 (0) time=319.050175s
[ Info: iter=39497 obj=5.1159843372981675e7 pinf=204341.28305058353 (2555) dinf=0.0 (0) time=319.5346051s
[ Info: iter=39547 obj=5.116128240634926e7 pinf=27930.58597230148 (2104) dinf=0.0 (0) time=320.0223496s
[ Info: iter=39597 obj=5.1162351866120055e7 pinf=409969.25561699795 (2396) dinf=0.0 (0) time=320.5440028s
[ Info: iter=39647 obj=5.116261037273817e7 pinf=2.0625478176353667e6 (2372) dinf=0.0 (0) time=321.0153861s
[ Info: iter=39697 obj=5.1162992288525544e7 pinf=74895.63208015157 (2079) dinf=0.0 (0) time=321.4911685s
[ Info: iter=39747 obj=5.116696684690174e7 pinf=138670.1663029691 (2042) dinf=0.0 (0) time=322.0376581s
[ Info: iter=39797 obj=5.116810046312171e7 pinf=286816.9070785859 (2114) dinf=0.0 (0) time=322.5017833s
[ Info: iter=39847 obj=5.116822825223245e7 pinf=34522.14389659644 (1746) dinf=0.0 (0) time=322.9905945s
[ Info: iter=39897 obj=5.1168361100461915e7 pinf=43394.31320127477 (1816) dinf=0.0 (0) time=323.4772607s
[ Info: iter=39947 obj=5.1168971820355415e7 pinf=20558.21549680463 (1624) dinf=0.0 (0) time=324.0334094s
[ Info: iter=39997 obj=5.11690692367961e7 pinf=59596.49879694818 (1956) dinf=0.0 (0) time=324.5079702s
[ Info: iter=40047 obj=5.1169217290501244e7 pinf=26292.962403669855 (1745) dinf=0.0 (0) time=324.9684002s
[ Info: iter=40097 obj=5.116956203023422e7 pinf=24493.328062392808 (1722) dinf=0.0 (0) time=325.4379448s
[ Info: iter=40147 obj=5.117033600930061e7 pinf=32776.945008431845 (1935) dinf=0.0 (0) time=325.9778915s
[ Info: iter=40197 obj=5.1170409869364634e7 pinf=22714.686545026456 (1831) dinf=0.0 (0) time=326.4614664s
[ Info: iter=40247 obj=5.117374743113178e7 pinf=72990.10272884437 (1993) dinf=0.0 (0) time=326.9368241s
[ Info: iter=40297 obj=5.1174323951933116e7 pinf=19447.51719855593 (1541) dinf=0.0 (0) time=327.434619s
[ Info: iter=40347 obj=5.117444402727531e7 pinf=10077.617746983706 (1450) dinf=0.0 (0) time=327.9566331s
[ Info: iter=40397 obj=5.1175601636953585e7 pinf=9414.735337765618 (1480) dinf=0.0 (0) time=328.4121772s
[ Info: iter=40447 obj=5.117599301257999e7 pinf=59170.15708900891 (1927) dinf=0.0 (0) time=328.8640097s
[ Info: iter=40497 obj=5.118018681154091e7 pinf=31770.06261403658 (1597) dinf=0.0 (0) time=329.3448143s
[ Info: iter=40547 obj=5.11844113423895e7 pinf=32653.57625414592 (1525) dinf=0.0 (0) time=329.8044156s
[ Info: iter=40597 obj=5.118558710494469e7 pinf=97146.47324983061 (1947) dinf=0.0 (0) time=330.2454418s
[ Info: iter=40647 obj=5.118608787216732e7 pinf=72830.00516637543 (1879) dinf=0.0 (0) time=330.68476s
[ Info: iter=40697 obj=5.11865349222605e7 pinf=46691.351878585134 (1621) dinf=0.0 (0) time=331.1724002s
[ Info: iter=40747 obj=5.118674201596922e7 pinf=193967.04858637243 (1635) dinf=0.0 (0) time=331.6782639s
[ Info: iter=40797 obj=5.118752335435862e7 pinf=162777.7757248771 (1581) dinf=0.0 (0) time=332.1345346s
[ Info: iter=40847 obj=5.1188131949343614e7 pinf=78622.00663105793 (1438) dinf=0.0 (0) time=332.5831411s
[ Info: iter=40897 obj=5.118902467774547e7 pinf=281439.6061562312 (1773) dinf=0.0 (0) time=333.0448709s
[ Info: iter=40947 obj=5.119088324799483e7 pinf=172748.79006624105 (1663) dinf=0.0 (0) time=333.5058895s
[ Info: iter=40997 obj=5.1191125268006794e7 pinf=207175.1226441148 (1745) dinf=0.0 (0) time=333.9982099s
[ Info: iter=41047 obj=5.11912399713102e7 pinf=4.796282409472979e6 (2204) dinf=0.0 (0) time=334.4476324s
[ Info: iter=41097 obj=5.119287624034658e7 pinf=1.2963810289713459e6 (1833) dinf=0.0 (0) time=334.9042357s
[ Info: iter=41147 obj=5.124280100276553e7 pinf=1.2544604710032195e7 (2377) dinf=0.0 (0) time=335.3916016s
[ Info: iter=41197 obj=5.124899205707972e7 pinf=2.0330638681982788e6 (2030) dinf=0.0 (0) time=335.8782608s
[ Info: iter=41247 obj=5.124951655052489e7 pinf=1.8604679366950628e6 (1968) dinf=0.0 (0) time=336.3984011s
[ Info: iter=41297 obj=5.124978280458971e7 pinf=108412.47712406665 (1501) dinf=0.0 (0) time=336.8573185s
[ Info: iter=41347 obj=5.125080543716871e7 pinf=234079.41664936813 (1534) dinf=0.0 (0) time=337.3697356s
[ Info: iter=41397 obj=5.1251712578012206e7 pinf=303575.4786817719 (1747) dinf=0.0 (0) time=337.8840282s
[ Info: iter=41447 obj=5.125248313598987e7 pinf=330651.6905058575 (1685) dinf=0.0 (0) time=338.3836258s
[ Info: iter=41497 obj=5.125343412651832e7 pinf=153138.91401448913 (1663) dinf=0.0 (0) time=338.8874579s
[ Info: iter=41547 obj=5.125366978723125e7 pinf=233569.47659462783 (1713) dinf=0.0 (0) time=339.3995905s
[ Info: iter=41597 obj=5.1253696996062115e7 pinf=397053.71990310116 (1742) dinf=0.0 (0) time=339.8771673s
[ Info: iter=41647 obj=5.125395373581571e7 pinf=41469.293119564274 (1315) dinf=0.0 (0) time=340.3787222s
[ Info: iter=41697 obj=5.125408984764309e7 pinf=349138.3394162105 (1605) dinf=0.0 (0) time=340.8409195s
[ Info: iter=41747 obj=5.125417375941229e7 pinf=272695.201277127 (1432) dinf=0.0 (0) time=341.3264889s
[ Info: iter=41797 obj=5.1254356865866564e7 pinf=91993.43186116473 (1297) dinf=0.0 (0) time=341.8540484s
[ Info: iter=41847 obj=5.1254449349854544e7 pinf=60234.38794671674 (1156) dinf=0.0 (0) time=342.3164889s
[ Info: iter=41897 obj=5.125460559093286e7 pinf=896076.8701161012 (1652) dinf=0.0 (0) time=342.767972s
[ Info: iter=41947 obj=5.125478566217906e7 pinf=605603.5000626385 (1514) dinf=0.0 (0) time=343.1977921s
[ Info: iter=41997 obj=5.125696234883479e7 pinf=4.754374534942795e6 (1908) dinf=0.0 (0) time=343.6918229s
[ Info: iter=42047 obj=5.125949153258221e7 pinf=101103.55911671591 (1028) dinf=0.0 (0) time=344.1465047s
[ Info: iter=42097 obj=5.1259516592986256e7 pinf=43077.33440841832 (1008) dinf=0.0 (0) time=344.6143599s
[ Info: iter=42147 obj=5.126070571085328e7 pinf=2.0275626757632343e6 (2110) dinf=0.0 (0) time=345.0791111s
[ Info: iter=42197 obj=5.126179945732094e7 pinf=2.4337823500750572e6 (1847) dinf=0.0 (0) time=345.5977136s
[ Info: iter=42247 obj=5.12623510461457e7 pinf=154454.16488287682 (1478) dinf=0.0 (0) time=346.0888264s
[ Info: iter=42297 obj=5.1264149512261726e7 pinf=4806.203577372466 (857) dinf=0.0 (0) time=346.5486679s
[ Info: iter=42347 obj=5.126418603690954e7 pinf=18302.73694647985 (960) dinf=0.0 (0) time=346.9898993s
[ Info: iter=42397 obj=5.126460540071554e7 pinf=4377.859900510712 (883) dinf=0.0 (0) time=347.46819s
[ Info: iter=42447 obj=5.126664219105512e7 pinf=3017.8998830878395 (784) dinf=0.0 (0) time=347.9538638s
[ Info: iter=42497 obj=5.128793017454664e7 pinf=21706.246446040495 (914) dinf=0.0 (0) time=348.3945873s
[ Info: iter=42547 obj=5.128941903730538e7 pinf=3936.96285963422 (784) dinf=0.0 (0) time=348.8416169s
[ Info: iter=42597 obj=5.128995199787068e7 pinf=6087.096808599111 (811) dinf=0.0 (0) time=349.2971024s
[ Info: iter=42647 obj=5.129030083160878e7 pinf=70.62987774374956 (630) dinf=0.0 (0) time=349.7760625s
[ Info: iter=42697 obj=5.129096655372453e7 pinf=944.9007668946597 (661) dinf=0.0 (0) time=350.1888809s
[ Info: iter=42747 obj=5.138100585533773e7 pinf=8896.067950964618 (915) dinf=0.0 (0) time=350.6346177s
[ Info: iter=42797 obj=5.138265661906823e7 pinf=186849.210918946 (1247) dinf=0.0 (0) time=351.1115848s
[ Info: iter=42847 obj=5.138313532078177e7 pinf=52602.53849029944 (960) dinf=0.0 (0) time=351.6229802s
[ Info: iter=42897 obj=5.138375759584123e7 pinf=554256.2651951332 (1432) dinf=0.0 (0) time=352.0791867s
[ Info: iter=42947 obj=5.1384338744610086e7 pinf=15018.662115558884 (941) dinf=0.0 (0) time=352.5516637s
[ Info: iter=42997 obj=5.13845720847159e7 pinf=2885.984501782726 (848) dinf=0.0 (0) time=353.0142711s
[ Info: iter=43047 obj=5.1384739734111026e7 pinf=451155.4463386492 (1373) dinf=0.0 (0) time=353.5191098s
[ Info: iter=43097 obj=5.138494021063609e7 pinf=89671.11614999377 (1318) dinf=0.0 (0) time=353.9635363s
[ Info: iter=43147 obj=5.138500655866751e7 pinf=5516.064955341716 (805) dinf=0.0 (0) time=354.4206352s
[ Info: iter=43197 obj=5.138536739403501e7 pinf=5348.61071365395 (906) dinf=0.0 (0) time=354.8817646s
[ Info: iter=43247 obj=5.138544763489034e7 pinf=4488.132637440785 (809) dinf=0.0 (0) time=355.3648558s
[ Info: iter=43297 obj=5.1385474838118345e7 pinf=352.6419604465545 (737) dinf=0.0 (0) time=355.8693427s
[ Info: iter=43347 obj=5.138556733708494e7 pinf=847.1751803260813 (789) dinf=0.0 (0) time=356.3185919s
[ Info: iter=43397 obj=5.1385649595124654e7 pinf=257.5339995584326 (665) dinf=0.0 (0) time=356.7690347s
[ Info: iter=43447 obj=5.1386033647192314e7 pinf=34.60126029724767 (547) dinf=0.0 (0) time=357.2655947s
[ Info: iter=43497 obj=5.13861886976935e7 pinf=23.626715615733975 (493) dinf=0.0 (0) time=357.6931872s
[ Info: iter=43547 obj=5.142519071564896e7 pinf=4684.632604445183 (629) dinf=0.0 (0) time=358.1252362s
[ Info: iter=43597 obj=5.1425511955299355e7 pinf=1017.7626116711849 (565) dinf=0.0 (0) time=358.6085753s
[ Info: iter=43647 obj=5.142553646797323e7 pinf=1219.4178026619463 (514) dinf=0.0 (0) time=359.0872523s
[ Info: iter=43697 obj=5.142554937951628e7 pinf=2.770041083821548 (466) dinf=0.0 (0) time=359.5586066s
[ Info: iter=43747 obj=5.1425568404982835e7 pinf=1.5083148036689544 (426) dinf=0.0 (0) time=359.9621233s
[ Info: iter=43797 obj=5.142561091906061e7 pinf=1.4103103676012048 (387) dinf=0.0 (0) time=360.3398298s
[ Info: iter=43847 obj=5.1425612407907814e7 pinf=1.3297545003116495 (335) dinf=0.0 (0) time=360.7379888s
[ Info: iter=43897 obj=5.142561490868949e7 pinf=9.14377081045944 (310) dinf=0.0 (0) time=361.1405849s
[ Info: iter=43947 obj=5.142561496802185e7 pinf=1.2776200335224153 (230) dinf=0.0 (0) time=361.4838531s
[ Info: iter=43997 obj=5.142569055949051e7 pinf=0.02771679714803747 (195) dinf=0.0 (0) time=361.8726202s
[ Info: iter=44047 obj=5.142569152811926e7 pinf=0.006008250317089179 (134) dinf=0.0 (0) time=362.2327229s
[ Info: iter=44097 obj=5.142569167589469e7 pinf=0.08541103340041926 (87) dinf=0.0 (0) time=362.6395407s
[ Info: iter=44145 obj=5.142569176206356e7 pinf=0.0 (0) dinf=1.2268584834946667e-6 (11) time=363.077954s
[ Info: Starting primal cleanup after restoring original costs
[ Info: Restarting simplex on original LP after NUMERICAL_ERROR: structural primal failed original-model feasibility checks; completed iterations=44146
[ Info: iter=44196 obj=-85974.82024695 pinf=120.0 (120) dinf=0.0 (0) time=365.9284771s
[ Info: iter=44246 obj=-85974.82024695 pinf=145.0 (145) dinf=0.0 (0) time=366.2037698s
[ Info: iter=44296 obj=-85974.82024695 pinf=145.0 (145) dinf=0.0 (0) time=366.5359612s
[ Info: iter=44346 obj=-85974.82024695 pinf=348.6249901990543 (211) dinf=0.0 (0) time=366.8394293s
[ Info: iter=44396 obj=-85974.82024695 pinf=437.1832210777283 (256) dinf=0.0 (0) time=367.1343567s
[ Info: iter=44446 obj=-85974.82024695 pinf=555.0089600363585 (327) dinf=0.0 (0) time=367.4975466s
[ Info: iter=44496 obj=-85974.82024695 pinf=595.1768204161244 (361) dinf=0.0 (0) time=367.7901198s
[ Info: iter=44546 obj=-85974.82024695 pinf=609.6148204223905 (371) dinf=0.0 (0) time=368.1106284s
[ Info: iter=44596 obj=-76209.8741498637 pinf=540.0085836509404 (337) dinf=0.0 (0) time=368.4099056s
[ Info: iter=44646 obj=-70177.4519635172 pinf=372.0806581841258 (231) dinf=0.0 (0) time=368.728037s
[ Info: iter=44696 obj=-68025.61130101397 pinf=329.39255436425856 (201) dinf=0.0 (0) time=369.0562696s
[ Info: iter=44746 obj=-67243.59530081345 pinf=296.27242161652487 (180) dinf=0.0 (0) time=369.3550504s
[ Info: iter=44796 obj=-67243.59530081345 pinf=296.27242161652487 (180) dinf=0.0 (0) time=369.6328711s
[ Info: iter=44846 obj=-67243.59530081345 pinf=320.5358835096204 (202) dinf=0.0 (0) time=369.9784175s
[ Info: iter=44896 obj=-66926.38265587286 pinf=361.56401053593544 (277) dinf=0.0 (0) time=370.3286012s
[ Info: iter=44946 obj=-64083.95240140201 pinf=473.81565015719775 (231) dinf=0.0 (0) time=370.6338941s
[ Info: iter=44996 obj=-57117.41766884021 pinf=456.98578650865977 (248) dinf=0.0 (0) time=370.9427931s
[ Info: iter=45046 obj=-46044.57839441182 pinf=344.1559396438461 (318) dinf=0.0 (0) time=371.2504712s
[ Info: iter=45096 obj=-36427.25746821893 pinf=282.8655920277726 (314) dinf=0.0 (0) time=371.5557333s
[ Info: iter=45146 obj=-30526.19734820076 pinf=208.53949435938193 (244) dinf=0.0 (0) time=371.8886727s
[ Info: iter=45196 obj=-4637.446498151139 pinf=113.33880170516035 (118) dinf=0.0 (0) time=372.1772921s
[ Info: iter=45246 obj=-4352.421895693 pinf=127.94122631056193 (123) dinf=0.0 (0) time=372.4974344s
[ Info: iter=45296 obj=-2755.0242449900493 pinf=31.79684138248737 (103) dinf=0.0 (0) time=372.8480242s
[ Info: iter=45346 obj=-21.45755602078468 pinf=0.6133369882162015 (44) dinf=0.0 (0) time=373.1442731s
[ Info: iter=45359 obj=947889.415269837 pinf=934926.7906716388 (4129) dinf=35549.68499246025 (53) time=373.2404647s
[ Info: iter=45409 obj=-584183.2916317354 pinf=860231.9473804482 (4230) dinf=0.0 (0) time=373.5542468s
[ Info: iter=45459 obj=-549584.6761747235 pinf=571234.6420158566 (4180) dinf=0.0 (0) time=373.8685699s
[ Info: iter=45509 obj=-491832.3975538706 pinf=394865.9209063911 (4135) dinf=0.0 (0) time=374.1492508s
[ Info: iter=45559 obj=-370169.2907510433 pinf=328809.428639939 (4096) dinf=0.0 (0) time=374.4485182s
[ Info: iter=45609 obj=-233384.92236369546 pinf=282522.07836613455 (4088) dinf=0.0 (0) time=374.7552566s
[ Info: iter=45659 obj=-205068.2479269202 pinf=245944.90524693974 (4052) dinf=0.0 (0) time=375.0378534s
[ Info: iter=45709 obj=-131553.47286558614 pinf=212447.26608503915 (4026) dinf=0.0 (0) time=375.3718668s
[ Info: iter=45759 obj=-86182.25161734453 pinf=193789.42898367072 (4026) dinf=0.0 (0) time=375.6685185s
[ Info: iter=45809 obj=-53490.70041038841 pinf=164855.9562152111 (3968) dinf=0.0 (0) time=375.9586762s
[ Info: iter=45859 obj=-37831.38850612505 pinf=144701.56359170968 (3927) dinf=0.0 (0) time=376.2673078s
[ Info: iter=45909 obj=-22326.291530748247 pinf=127515.02161435374 (3891) dinf=0.0 (0) time=376.5569565s
[ Info: iter=45959 obj=214157.79755484455 pinf=469155.0283145502 (3921) dinf=0.0 (0) time=376.8711118s
[ Info: iter=46009 obj=900978.0918123736 pinf=455608.6793821187 (3887) dinf=0.0 (0) time=377.210945s
[ Info: iter=46059 obj=1.1123236367009315e6 pinf=445634.34556550166 (3842) dinf=0.0 (0) time=377.5322097s
[ Info: iter=46109 obj=1.3383625489265285e6 pinf=437601.7699860619 (3809) dinf=0.0 (0) time=377.8644211s
[ Info: iter=46159 obj=1.6483372507137007e6 pinf=431976.1121616957 (3771) dinf=0.0 (0) time=378.148948s
[ Info: iter=46209 obj=1.7726077089563261e6 pinf=428888.08352748706 (3776) dinf=0.0 (0) time=378.4448858s
[ Info: iter=46259 obj=1.8254832408602769e6 pinf=425946.9997833878 (3769) dinf=0.0 (0) time=378.7503245s
[ Info: iter=46309 obj=1.9276859743255537e6 pinf=420451.4448362337 (3754) dinf=0.0 (0) time=379.0560648s
[ Info: iter=46359 obj=2.0164164134716573e6 pinf=499686.6336381599 (3756) dinf=0.0 (0) time=379.3745445s
[ Info: iter=46409 obj=2.0357833230399075e6 pinf=422886.16024267476 (3869) dinf=0.0 (0) time=379.6819808s
[ Info: iter=46459 obj=2.0485216178966342e6 pinf=423969.00159595977 (3975) dinf=0.0 (0) time=380.0254243s
[ Info: iter=46509 obj=2.242425944183054e6 pinf=423768.2595711277 (3967) dinf=0.0 (0) time=380.3712829s
[ Info: iter=46559 obj=2.318065337504832e6 pinf=425640.4771663146 (3956) dinf=0.0 (0) time=380.6718036s
[ Info: iter=46609 obj=2.360361275433568e6 pinf=426776.00182939926 (3952) dinf=0.0 (0) time=380.9824454s
[ Info: iter=46659 obj=2.667046609570454e6 pinf=420483.3287221165 (3961) dinf=0.0 (0) time=381.3137762s
[ Info: iter=46709 obj=2.7358526548642814e6 pinf=422373.8403145701 (4013) dinf=0.0 (0) time=381.6302322s
[ Info: iter=46759 obj=2.780030295927557e6 pinf=151364.6361782132 (4004) dinf=0.0 (0) time=381.9341757s
[ Info: iter=46809 obj=2.803193983239754e6 pinf=155503.4994296257 (4023) dinf=0.0 (0) time=382.2796821s
[ Info: iter=46859 obj=2.820296613264871e6 pinf=162705.377860722 (4036) dinf=0.0 (0) time=382.6328996s
[ Info: iter=46909 obj=2.821733742692928e6 pinf=203537.60098635324 (4056) dinf=0.0 (0) time=382.9383285s
[ Info: iter=46959 obj=2.821878335446705e6 pinf=132627.88102026476 (4060) dinf=0.0 (0) time=383.2562781s
[ Info: iter=47009 obj=2.8684625247676084e6 pinf=136660.32774427172 (4097) dinf=0.0 (0) time=383.5741871s
[ Info: iter=47059 obj=2.8852322750488278e6 pinf=135492.48167319855 (4109) dinf=0.0 (0) time=383.8907266s
[ Info: iter=47109 obj=2.9089109504368743e6 pinf=134840.74362688043 (4138) dinf=0.0 (0) time=384.2124243s
[ Info: iter=47159 obj=2.9118824279137114e6 pinf=132859.45809744048 (4119) dinf=0.0 (0) time=384.517854s
[ Info: iter=47209 obj=3.0139187814982864e6 pinf=134711.29072551584 (4117) dinf=0.0 (0) time=384.8509581s
[ Info: iter=47259 obj=3.1316439913209276e6 pinf=182287.30418950625 (4121) dinf=0.0 (0) time=385.2053081s
[ Info: iter=47309 obj=3.1331387340225624e6 pinf=172678.30664777706 (4123) dinf=0.0 (0) time=385.5260659s
[ Info: iter=47359 obj=3.142649843623703e6 pinf=157797.9456118444 (4148) dinf=0.0 (0) time=385.8446763s
[ Info: iter=47409 obj=3.181093294616879e6 pinf=156887.33156299705 (4164) dinf=0.0 (0) time=386.1575852s
[ Info: iter=47459 obj=3.188949587036263e6 pinf=148722.13733071726 (4187) dinf=0.0 (0) time=386.4901216s
[ Info: iter=47509 obj=3.322736405810599e6 pinf=155512.9303493842 (4196) dinf=0.0 (0) time=386.8022228s
[ Info: iter=47559 obj=3.4086051199370837e6 pinf=202842.28075148404 (4155) dinf=0.0 (0) time=387.1628237s
[ Info: iter=47609 obj=3.420105239862255e6 pinf=209812.23036521464 (4166) dinf=0.0 (0) time=387.554498s
[ Info: iter=47659 obj=3.4285915518404925e6 pinf=205836.78800186975 (4187) dinf=0.0 (0) time=387.8701816s
[ Info: iter=47709 obj=3.5776920883880043e6 pinf=213924.9687776652 (4204) dinf=0.0 (0) time=388.1951674s
[ Info: iter=47759 obj=3.6225012816186124e6 pinf=209712.2643882645 (4207) dinf=0.0 (0) time=388.5154995s
[ Info: iter=47809 obj=3.645958426998454e6 pinf=218362.27247306518 (4199) dinf=0.0 (0) time=388.8409473s
[ Info: iter=47859 obj=3.71389460026218e6 pinf=411387.12650863954 (4235) dinf=0.0 (0) time=389.1644108s
[ Info: iter=47909 obj=3.748887814925379e6 pinf=281520.4619751304 (4240) dinf=0.0 (0) time=389.5604708s
[ Info: iter=47959 obj=3.765332228618957e6 pinf=296120.79984533647 (4232) dinf=0.0 (0) time=389.9187803s
[ Info: iter=48009 obj=3.8555482453298587e6 pinf=1.1505141515894425e6 (4264) dinf=0.0 (0) time=390.2781894s
[ Info: iter=48059 obj=3.9499539114740817e6 pinf=1.3241834589547224e6 (4265) dinf=0.0 (0) time=390.6192135s
[ Info: iter=48109 obj=4.030712617208563e6 pinf=3.4138160481420634e6 (4324) dinf=0.0 (0) time=390.9376903s
[ Info: iter=48159 obj=4.107741394689073e6 pinf=1.022690345770959e6 (4307) dinf=0.0 (0) time=391.271789s
[ Info: iter=48209 obj=4.141764666202074e6 pinf=416702.6012625709 (4292) dinf=0.0 (0) time=391.6303994s
[ Info: iter=48259 obj=4.141764666202074e6 pinf=2.557218951338223e6 (4309) dinf=0.0 (0) time=391.9973448s
[ Info: iter=48309 obj=4.141764666202074e6 pinf=706367.3624403123 (4339) dinf=0.0 (0) time=392.3327482s
[ Info: iter=48359 obj=4.141764666202074e6 pinf=1.314816248293885e6 (4335) dinf=0.0 (0) time=392.676787s
[ Info: iter=48409 obj=4.187805389120574e6 pinf=405810.3853464551 (4333) dinf=0.0 (0) time=393.0075007s
[ Info: iter=48459 obj=4.274979914303551e6 pinf=387980.0592790162 (4345) dinf=0.0 (0) time=393.3408914s
[ Info: iter=48509 obj=4.274979914303552e6 pinf=395229.17635089514 (4358) dinf=0.0 (0) time=393.6782629s
[ Info: iter=48559 obj=4.323425923036585e6 pinf=369760.603908075 (4352) dinf=0.0 (0) time=394.0234663s
[ Info: iter=48609 obj=4.334787241702803e6 pinf=371247.4140089206 (4350) dinf=0.0 (0) time=394.3959825s
[ Info: iter=48659 obj=4.580817354460366e6 pinf=371402.85521273647 (4357) dinf=0.0 (0) time=394.7183247s
[ Info: iter=48709 obj=4.786044012811449e6 pinf=402634.4702541742 (4378) dinf=0.0 (0) time=395.0374764s
[ Info: iter=48759 obj=4.896436238147564e6 pinf=461788.6404341712 (4398) dinf=0.0 (0) time=395.398066s
[ Info: iter=48809 obj=5.007187814149616e6 pinf=408282.02439071616 (4382) dinf=0.0 (0) time=395.7444598s
[ Info: iter=48859 obj=5.136890590683774e6 pinf=790059.8190700699 (4405) dinf=0.0 (0) time=396.072318s
[ Info: iter=48909 obj=5.136890590683771e6 pinf=3.984125571840587e7 (4410) dinf=0.0 (0) time=396.4296504s
[ Info: iter=48959 obj=5.151004965100285e6 pinf=887141.5474646323 (4428) dinf=0.0 (0) time=396.8089437s
[ Info: iter=49009 obj=5.215304307214985e6 pinf=4.409219303320383e6 (4457) dinf=0.0 (0) time=397.1418169s
[ Info: iter=49059 obj=5.250392001323294e6 pinf=682577.4404148882 (4464) dinf=0.0 (0) time=397.4894729s
[ Info: iter=49109 obj=5.481183995602421e6 pinf=1.4619310074655323e6 (4480) dinf=0.0 (0) time=397.8168102s
[ Info: iter=49159 obj=5.752857486082835e6 pinf=3.6299883398822276e6 (4528) dinf=0.0 (0) time=398.1568805s
[ Info: iter=49209 obj=5.889330332968256e6 pinf=3.9862121724391016e6 (4500) dinf=0.0 (0) time=398.5153425s
[ Info: iter=49259 obj=5.910999849942563e6 pinf=4.0354365527368295e6 (4506) dinf=0.0 (0) time=398.8953791s
[ Info: iter=49309 obj=5.950355606444715e6 pinf=3.9769090484801396e6 (4511) dinf=0.0 (0) time=399.2154252s
[ Info: iter=49359 obj=6.065816943528448e6 pinf=1.8638426405117647e6 (4517) dinf=0.0 (0) time=399.5805613s
[ Info: iter=49409 obj=6.505001541089512e6 pinf=2.0998700886920304e6 (4498) dinf=0.0 (0) time=399.9203128s
[ Info: iter=49459 obj=6.540041815898171e6 pinf=1.2460917869569492e7 (4507) dinf=0.0 (0) time=400.2689109s
[ Info: iter=49509 obj=6.540041815898171e6 pinf=2.708008607661173e6 (4505) dinf=0.0 (0) time=400.6565532s
[ Info: iter=49559 obj=6.540041815898171e6 pinf=6.478231768707326e6 (4516) dinf=0.0 (0) time=401.0494891s
[ Info: iter=49609 obj=6.597049976414362e6 pinf=2.6641371620184783e7 (4513) dinf=0.0 (0) time=401.3891741s
[ Info: iter=49659 obj=6.972104182787374e6 pinf=2.454485065856679e6 (4504) dinf=0.0 (0) time=401.7410837s
[ Info: iter=49709 obj=6.996644720992084e6 pinf=2.9407890358257894e6 (4493) dinf=0.0 (0) time=402.0855036s
[ Info: iter=49759 obj=6.996776732339099e6 pinf=2.5184551095640864e6 (4514) dinf=0.0 (0) time=402.4418065s
[ Info: iter=49809 obj=7.049146372516366e6 pinf=2.865576488395651e6 (4518) dinf=0.0 (0) time=402.7884586s
[ Info: iter=49859 obj=7.145196959075688e6 pinf=2.8917553196906787e6 (4531) dinf=0.0 (0) time=403.1541289s
[ Info: iter=49909 obj=7.360777835863359e6 pinf=2.928025242739534e6 (4540) dinf=0.0 (0) time=403.537705s
[ Info: iter=49959 obj=7.479860888089273e6 pinf=2.934797410993897e6 (4594) dinf=0.0 (0) time=403.873334s
[ Info: iter=50009 obj=8.190240323905092e6 pinf=2.5578196013742164e7 (4586) dinf=0.0 (0) time=404.2250686s
[ Info: iter=50059 obj=8.49280707306018e6 pinf=2.7690978240324743e7 (4600) dinf=0.0 (0) time=404.6108696s
[ Info: iter=50109 obj=8.550934281041313e6 pinf=2.6992461809258394e7 (4578) dinf=0.0 (0) time=404.9694905s
[ Info: iter=50159 obj=8.550934281041313e6 pinf=2.63847339013395e7 (4581) dinf=0.0 (0) time=405.3757763s
[ Info: iter=50209 obj=8.5535655279547e6 pinf=2.6384135864232518e7 (4581) dinf=0.0 (0) time=405.7705178s
[ Info: iter=50259 obj=8.582112177401602e6 pinf=2.6328526704242215e7 (4608) dinf=0.0 (0) time=406.1080936s
[ Info: iter=50309 obj=8.622177758655727e6 pinf=2.6217554861532003e7 (4659) dinf=0.0 (0) time=406.4573522s
[ Info: iter=50359 obj=8.653207464697506e6 pinf=3.274878127701316e6 (4583) dinf=0.0 (0) time=406.8054269s
[ Info: iter=50409 obj=8.684619223613264e6 pinf=3.2477035674851723e6 (4622) dinf=0.0 (0) time=407.1602977s
[ Info: iter=50459 obj=8.691409368705537e6 pinf=3.353308819005469e6 (4638) dinf=0.0 (0) time=407.5340497s
[ Info: iter=50509 obj=8.691409368705537e6 pinf=3.5563720917719062e6 (4642) dinf=0.0 (0) time=407.9394225s
[ Info: iter=50559 obj=8.777934403709238e6 pinf=3.8957665260280366e6 (4655) dinf=0.0 (0) time=408.2874667s
[ Info: iter=50609 obj=8.96264572066918e6 pinf=3.9150312049839166e6 (4635) dinf=0.0 (0) time=408.6324616s
[ Info: iter=50659 obj=8.983333429440893e6 pinf=3.8540312904843753e6 (4605) dinf=0.0 (0) time=408.9609085s
[ Info: iter=50709 obj=9.0525265842877e6 pinf=2.4050196551336147e7 (4635) dinf=0.0 (0) time=409.3025263s
[ Info: iter=50759 obj=9.179552802414125e6 pinf=2.4048460836274385e7 (4653) dinf=0.0 (0) time=409.6727526s
[ Info: iter=50809 obj=9.242513303045603e6 pinf=3.893754587736388e6 (4658) dinf=0.0 (0) time=410.0584871s
[ Info: iter=50859 obj=9.242513303045603e6 pinf=3.895099761115394e6 (4666) dinf=0.0 (0) time=410.4638963s
[ Info: iter=50909 obj=9.281854329357386e6 pinf=3.856094872247114e6 (4671) dinf=0.0 (0) time=410.8076988s
[ Info: iter=50959 obj=9.281854329357384e6 pinf=3.8600890728600617e6 (4686) dinf=0.0 (0) time=411.1688102s
[ Info: iter=51009 obj=9.321464456615565e6 pinf=3.88416252768364e6 (4708) dinf=0.0 (0) time=411.5232519s
[ Info: iter=51059 obj=9.321857305419218e6 pinf=3.8681779200990307e6 (4714) dinf=0.0 (0) time=411.8791717s
[ Info: iter=51109 obj=9.33648207501455e6 pinf=4.161463904442069e6 (4730) dinf=0.0 (0) time=412.2826349s
[ Info: iter=51159 obj=9.35461556219789e6 pinf=7.8282420877158465e6 (4779) dinf=0.0 (0) time=412.6281892s
[ Info: iter=51209 obj=9.35461556219789e6 pinf=7.630663884575158e6 (4788) dinf=0.0 (0) time=412.9944182s
[ Info: iter=51259 obj=9.37166116495246e6 pinf=2.3549863044027664e7 (4836) dinf=0.0 (0) time=413.3600156s
[ Info: iter=51309 obj=9.785940084070696e6 pinf=1.0042622800981253e7 (4847) dinf=0.0 (0) time=413.7181232s
[ Info: iter=51359 obj=9.898076637483235e6 pinf=9.665975988208534e6 (4859) dinf=0.0 (0) time=414.1106559s
[ Info: iter=51409 obj=9.941940035581399e6 pinf=9.66574279400055e6 (4866) dinf=0.0 (0) time=414.5025107s
[ Info: iter=51459 obj=9.990563717934292e6 pinf=9.833341268755889e6 (4881) dinf=0.0 (0) time=414.8490548s
[ Info: iter=51509 obj=1.0085691481098266e7 pinf=9.962162049940629e6 (4889) dinf=0.0 (0) time=415.2154826s
[ Info: iter=51559 obj=1.0168509157208936e7 pinf=7.292177007202012e6 (4889) dinf=0.0 (0) time=415.582764s
[ Info: iter=51609 obj=1.0197861957303803e7 pinf=7.252385283635906e6 (4883) dinf=0.0 (0) time=415.9419734s
[ Info: iter=51659 obj=1.0241463467512041e7 pinf=7.32923868656256e6 (4881) dinf=0.0 (0) time=416.32056s
[ Info: iter=51709 obj=1.1691937713685937e7 pinf=7.331238905368784e6 (4897) dinf=0.0 (0) time=416.713662s
[ Info: iter=51759 obj=1.3740744202811345e7 pinf=7.330673511051228e6 (4894) dinf=0.0 (0) time=417.0732106s
[ Info: iter=51809 obj=1.382788566546869e7 pinf=7.326797091532158e6 (5021) dinf=0.0 (0) time=417.4146522s
[ Info: iter=51859 obj=1.3982589070521686e7 pinf=8.292129799694557e6 (5076) dinf=0.0 (0) time=417.7783363s
[ Info: iter=51909 obj=1.4017732017159142e7 pinf=8.243304425336536e6 (5103) dinf=0.0 (0) time=418.1524901s
[ Info: iter=51959 obj=1.4371523171978896e7 pinf=8.445563574365627e6 (5100) dinf=0.0 (0) time=418.5331051s
[ Info: iter=52009 obj=1.4555061051310293e7 pinf=1.5998428166803764e7 (5044) dinf=0.0 (0) time=418.9389724s
[ Info: iter=52036 obj=1.455506105131029e7 pinf=4.915392693124075e20 (5318) dinf=0.0 (0) time=420.1033446s
[ Info: Solve finished: status=NUMERICAL_ERROR reason=Original LP retry failed after NUMERICAL_ERROR (structural primal failed original-model feasibility checks): SingularException: matrix is singular; factorization failed. Zero pivot found at index 0 iterations=52044 time=420.2288257s
BLAS.get_num_threads() = 1
s.status = NUMERICAL_ERROR
s.message = "Original LP retry failed after NUMERICAL_ERROR (structural primal failed original-model feasibility checks): SingularException: matrix is singular; factorization failed. Zero pivot found at index 0"
s.objective_value = nothing
s.statistics.iterations = 52044
s.statistics.refactorizations = 1046
s.statistics.elapsed_seconds = 420.2288257
