CHECK dual_pivot_consistency
CHECK legacy_dual_correction
CHECK legacy_dual_price_repair
CHECK legacy_correction_cycle
CHECK dual_core_policy
CHECK legacy_retry_edge
CHECK dual_small_pivot_price
CHECK dual_simplex
┌ Info: Refined dual pivot row, direction, and prices
│   iteration = 0
│   leaving_row = 1
│   original_entering_index = 2
│   entering_index = 1
│   old_pivot = -0.4761904761904762
└   refined_pivot = -1.0
┌ Info: Starting simplex phase II
│   algorithm = :dual
│   iter = 0
└   time = 0.003252
[ Info: iter=1 obj=0.0 pinf=9.99998999991e9 (1) dinf=0.0 (0) time=0.008401s
[ Info: iter=2 obj=0.0 pinf=0.0 (0) dinf=0.0 (0) time=0.0139805s
┌ Info: Starting simplex phase I
│   algorithm = :dual
│   iter = 0
└   time = 0.020548608
[ Info: iter=1 obj=0.0 pinf=250.00000000000003 (1) dinf=0.0 (0) time=0.024852911s
[ Info: iter=2 obj=0.0 pinf=0.0 (0) dinf=0.0 (0) time=0.027416213s
[ Info: iter=2 obj=2.9999999999999996 pinf=0.0 (0) dinf=0.0 (0) time=0.031538517s
┌ Info: Starting simplex phase II
│   algorithm = :dual
│   iter = 2
└   time = 0.032108617
┌ Info: Starting simplex phase II
│   algorithm = :dual
│   iter = 0
└   time = 0.002042801
┌ Info: Starting simplex phase I
│   algorithm = :dual
│   iter = 0
└   time = 0.002610403
[ Info: iter=2 obj=2.9999999999999996 pinf=0.0 (0) dinf=0.0 (0) time=0.009168608s
┌ Info: Starting simplex phase II
│   algorithm = :dual
│   iter = 2
└   time = 0.009732108
┌ Info: Starting simplex phase II
│   algorithm = :dual
│   iter = 0
└   time = 0.001512601
┌ Info: Starting simplex phase II
│   algorithm = :dual
│   iter = 0
└   time = 0.001457101
┌ Info: Starting simplex phase II
│   algorithm = :dual
│   iter = 0
└   time = 0.001474402
┌ Info: Starting simplex phase II
│   algorithm = :dual
│   iter = 0
└   time = 0.001434201
[ Info: iter=1 obj=1.0 pinf=0.0 (0) dinf=0.0 (0) time=0.003732203s
┌ Info: Starting simplex phase I
│   algorithm = :dual
│   iter = 0
└   time = 0.002007002
┌ Info: Starting simplex phase I
│   algorithm = :dual
│   iter = 0
└   time = 0.001950402
┌ Info: Starting simplex phase I
│   algorithm = :dual
│   iter = 0
└   time = 0.002206002
┌ Info: Starting simplex phase I
│   algorithm = :dual
│   iter = 0
└   time = 0.002032602
┌ Info: Starting simplex phase I
│   algorithm = :dual
│   iter = 0
└   time = 0.001970302
[ Info: iter=1 obj=-3.0 pinf=0.0 (0) dinf=0.0 (0) time=0.006287405s
┌ Info: Starting simplex phase I
│   algorithm = :dual
│   iter = 0
└   time = 0.001949301
┌ Info: Starting simplex phase II
│   algorithm = :dual
│   iter = 0
└   time = 0.001452301
┌ Info: Starting simplex phase II
│   algorithm = :dual
│   iter = 0
└   time = 0.001844201
┌ Info: Starting simplex phase II
│   algorithm = :dual
│   iter = 0
└   time = 0.001634501
┌ Info: Starting simplex phase II
│   algorithm = :dual
│   iter = 0
└   time = 0.001586601
[ Info: iter=1 obj=1.0 pinf=0.0 (0) dinf=0.0 (0) time=0.004085503s
┌ Info: Starting simplex phase I
│   algorithm = :dual
│   iter = 0
└   time = 0.002233002
┌ Info: Starting simplex phase I
│   algorithm = :dual
│   iter = 0
└   time = 0.002132102
┌ Info: Starting simplex phase I
│   algorithm = :dual
│   iter = 0
└   time = 0.001982402
┌ Info: Starting simplex phase I
│   algorithm = :dual
│   iter = 0
└   time = 0.002230202
┌ Info: Starting simplex phase I
│   algorithm = :dual
│   iter = 0
└   time = 0.001944801
[ Info: iter=1 obj=-3.0 pinf=0.0 (0) dinf=0.0 (0) time=0.006303405s
┌ Info: Starting simplex phase I
│   algorithm = :dual
│   iter = 0
└   time = 0.002149902
┌ Info: Starting simplex phase II
│   algorithm = :dual
│   iter = 0
└   time = 0.001587501
┌ Info: Starting simplex phase II
│   algorithm = :dual
│   iter = 0
└   time = 0.001471701
[ Info: iter=0 obj=0.0 pinf=2.0 (1) dinf=0.0 (0) time=0.003290402s
┌ Info: Starting simplex phase II
│   algorithm = :dual
│   iter = 0
└   time = 0.000857201
┌ Info: Starting simplex phase II
│   algorithm = :dual
│   iter = 0
└   time = 0.001476601
┌ Info: Starting simplex phase II
│   algorithm = :dual
│   iter = 0
└   time = 0.001377701
[ Info: iter=0 obj=0.0 pinf=1.0 (1) dinf=0.0 (0) time=0.002919102s
┌ Info: Starting simplex phase II
│   algorithm = :dual
│   iter = 0
└   time = 0.001451901
[ Info: iter=0 obj=0.0 pinf=1.0 (1) dinf=0.0 (0) time=0.003066002s
┌ Info: Starting simplex phase I
│   algorithm = :dual
│   iter = 0
└   time = 0.002007102
┌ Info: Starting simplex phase II
│   algorithm = :dual
│   iter = 0
└   time = 0.001401701
[ Info: Loaded problem: rows=1 columns=1 nnz=1
[ Info: Starting presolve
[ Info: After presolve: rows=1 columns=1 nnz=1
┌ Info: Starting simplex phase II
│   algorithm = :dual
│   iter = 0
└   time = 0.028360623
[ Info: Solve finished: status=NUMERICAL_ERROR reason=original-objective optimality certificate is inconclusive iterations=1 time=0.031468126s
┌ Info: Starting simplex phase II
│   algorithm = :dual
│   iter = 0
└   time = 0.001491002
[ Info: Loaded problem: rows=1 columns=1 nnz=1
[ Info: Starting presolve
[ Info: After presolve: rows=1 columns=1 nnz=1
┌ Info: Starting simplex phase II
│   algorithm = :dual
│   iter = 0
└   time = 0.004797304
[ Info: Solve finished: status=NUMERICAL_ERROR reason=structural primal failed original-model feasibility checks iterations=1 time=0.006828306s
┌ Info: Starting simplex phase II
│   algorithm = :dual
│   iter = 0
└   time = 0.001348301
[ Info: Loaded problem: rows=1 columns=1 nnz=1
[ Info: Starting presolve
[ Info: After presolve: rows=1 columns=1 nnz=1
┌ Info: Starting simplex phase II
│   algorithm = :dual
│   iter = 0
└   time = 0.004316703
[ Info: Solve finished: status=NUMERICAL_ERROR reason=original-objective optimality certificate is inconclusive iterations=1 time=0.006381305s
┌ Info: Starting simplex phase I
│   algorithm = :dual
│   iter = 0
└   time = 0.001998402
[ Info: Loaded problem: rows=1 columns=1 nnz=1
[ Info: Starting presolve
[ Info: After presolve: rows=1 columns=1 nnz=1
┌ Info: Starting simplex phase I
│   algorithm = :dual
│   iter = 0
└   time = 0.004922304
[ Info: iter=1 obj=-1.0e13 pinf=0.0 (0) dinf=0.0 (0) time=0.020909718s
┌ Info: Starting simplex phase II
│   algorithm = :dual
│   iter = 1
└   time = 0.021382318
[ Info: Solve finished: status=NUMERICAL_ERROR reason=structural primal failed original-model feasibility checks iterations=1 time=0.022543919s
┌ Info: Starting simplex phase I
│   algorithm = :dual
│   iter = 0
└   time = 0.002119402
[ Info: Loaded problem: rows=1 columns=1 nnz=1
[ Info: Starting presolve
[ Info: After presolve: rows=1 columns=1 nnz=1
┌ Info: Starting simplex phase I
│   algorithm = :dual
│   iter = 0
└   time = 0.005934905
[ Info: iter=1 obj=-1.0e12 pinf=0.0 (0) dinf=0.0 (0) time=0.009606808s
┌ Info: Starting simplex phase II
│   algorithm = :dual
│   iter = 1
└   time = 0.009953808
[ Info: Solve finished: status=NUMERICAL_ERROR reason=original-objective optimality certificate is inconclusive iterations=1 time=0.011138109s
┌ Info: Starting simplex phase I
│   algorithm = :dual
│   iter = 0
└   time = 0.001808602
[ Info: Loaded problem: rows=1 columns=1 nnz=1
[ Info: Starting presolve
[ Info: After presolve: rows=1 columns=1 nnz=1
┌ Info: Starting simplex phase I
│   algorithm = :dual
│   iter = 0
└   time = 0.005359805
[ Info: iter=1 obj=-1.0e13 pinf=0.0 (0) dinf=0.0 (0) time=0.008976208s
┌ Info: Starting simplex phase II
│   algorithm = :dual
│   iter = 1
└   time = 0.009321708
[ Info: Solve finished: status=NUMERICAL_ERROR reason=structural primal failed original-model feasibility checks iterations=1 time=0.010347309s
┌ Info: Starting simplex phase I
│   algorithm = :dual
│   iter = 0
└   time = 0.001794101
[ Info: Loaded problem: rows=1 columns=1 nnz=1
[ Info: Starting presolve
[ Info: After presolve: rows=1 columns=1 nnz=1
┌ Info: Starting simplex phase I
│   algorithm = :dual
│   iter = 0
└   time = 0.004899904
[ Info: iter=1 obj=-1.0e13 pinf=0.0 (0) dinf=0.0 (0) time=0.008485207s
┌ Info: Starting simplex phase II
│   algorithm = :dual
│   iter = 1
└   time = 0.008839307
[ Info: Solve finished: status=NUMERICAL_ERROR reason=structural primal failed original-model feasibility checks iterations=1 time=0.009870908s
┌ Info: Starting simplex phase II
│   algorithm = :dual
│   iter = 0
└   time = 0.001326101
[ Info: iter=0 obj=0.0 pinf=1.0 (1) dinf=0.0 (0) time=0.003134803s
[ Info: Loaded problem: rows=1 columns=1 nnz=0
[ Info: Starting presolve
[ Info: After presolve: rows=0 columns=0 nnz=0
[ Info: Solve finished: status=INFEASIBLE reason=empty row 1 is infeasible iterations=0 time=0.001412102s
┌ Info: Starting simplex phase II
│   algorithm = :dual
│   iter = 0
└   time = 0.001372601
[ Info: iter=0 obj=0.0 pinf=1.0 (1) dinf=0.0 (0) time=0.002743102s
[ Info: Loaded problem: rows=1 columns=1 nnz=1
[ Info: Starting presolve
[ Info: After presolve: rows=1 columns=1 nnz=1
[ Info: Solve finished: status=INFEASIBLE reason=row 1 contradicts current column bounds iterations=0 time=0.003466003s
┌ Info: Starting simplex phase I
│   algorithm = :dual
│   iter = 0
└   time = 0.001813202
[ Info: Loaded problem: rows=1 columns=1 nnz=0
[ Info: Starting presolve
[ Info: After presolve: rows=0 columns=1 nnz=0
┌ Info: Starting simplex phase II
│   algorithm = :dual
│   iter = 0
└   time = 0.009398708
[ Info: Restarting simplex on original LP after UNBOUNDED: unbounded improving direction; completed iterations=0
┌ Info: Starting simplex phase I
│   algorithm = :dual
│   iter = 0
└   time = 0.01217131
[ Info: Solve finished: status=UNBOUNDED reason=unbounded improving direction iterations=0 time=0.014076012s
┌ Info: Starting simplex phase I
│   algorithm = :dual
│   iter = 0
└   time = 0.001798302
[ Info: Loaded problem: rows=1 columns=1 nnz=1
[ Info: Starting presolve
[ Info: After presolve: rows=0 columns=1 nnz=0
┌ Info: Starting simplex phase II
│   algorithm = :dual
│   iter = 0
└   time = 0.004883904
[ Info: Restarting simplex on original LP after UNBOUNDED: unbounded improving direction; completed iterations=0
┌ Info: Starting simplex phase I
│   algorithm = :dual
│   iter = 0
└   time = 0.009531408
[ Info: Solve finished: status=UNBOUNDED reason=unbounded improving direction iterations=0 time=0.011385709s
┌ Info: Starting simplex phase I
│   algorithm = :dual
│   iter = 0
└   time = 0.001824601
[ Info: Loaded problem: rows=1 columns=1 nnz=1
[ Info: Starting presolve
[ Info: After presolve: rows=0 columns=1 nnz=0
┌ Info: Starting simplex phase II
│   algorithm = :dual
│   iter = 0
└   time = 0.003227502
[ Info: Restarting simplex on original LP after UNBOUNDED: unbounded improving direction; completed iterations=0
┌ Info: Starting simplex phase I
│   algorithm = :dual
│   iter = 0
└   time = 0.005980404
[ Info: Solve finished: status=UNBOUNDED reason=unbounded improving direction iterations=0 time=0.008996107s
┌ Info: Starting simplex phase II
│   algorithm = :dual
│   iter = 0
└   time = 0.001350101
[ Info: Loaded problem: rows=1 columns=1 nnz=1
[ Info: Starting presolve
[ Info: After presolve: rows=1 columns=1 nnz=1
┌ Info: Starting simplex phase II
│   algorithm = :dual
│   iter = 0
└   time = 0.004413403
[ Info: Solve finished: status=NUMERICAL_ERROR reason=eligible pivots are below the Harris safety cutoff iterations=0 time=0.005260004s
[ Info: Loaded problem: rows=1 columns=1 nnz=1
[ Info: Starting presolve
[ Info: After presolve: rows=1 columns=1 nnz=1
┌ Info: Starting simplex phase II
│   algorithm = :dual
│   iter = 0
└   time = 0.004321104
[ Info: Solve finished: status=OPTIMAL objective=0.0 iterations=1 time=0.007403006s
┌ Info: Starting simplex phase I
│   algorithm = :dual
│   iter = 0
└   time = 0.002212802
[ Info: iter=1 obj=-1.0 pinf=0.0 (0) dinf=0.0 (0) time=0.004815704s
[ Info: Loaded problem: rows=1 columns=2 nnz=2
[ Info: Starting presolve
[ Info: After presolve: rows=0 columns=1 nnz=0
┌ Info: Starting simplex phase II
│   algorithm = :dual
│   iter = 0
└   time = 0.019121916
[ Info: Restarting simplex on original LP after UNBOUNDED: unbounded improving direction; completed iterations=0
┌ Info: Starting simplex phase I
│   algorithm = :dual
│   iter = 0
└   time = 0.021792818
[ Info: iter=1 obj=-1.0 pinf=0.0 (0) dinf=0.0 (0) time=0.02411182s
[ Info: Solve finished: status=NUMERICAL_ERROR reason=Original LP retry failed after UNBOUNDED (unbounded improving direction): auxiliary direction has uncertain feasibility or objective improvement iterations=1 time=0.024736421s
┌ Info: Starting simplex phase I
│   algorithm = :dual
│   iter = 0
└   time = 0.001974102
[ Info: Loaded problem: rows=1 columns=2 nnz=2
[ Info: Starting presolve
[ Info: After presolve: rows=0 columns=1 nnz=0
┌ Info: Starting simplex phase II
│   algorithm = :dual
│   iter = 0
└   time = 0.005055005
[ Info: Restarting simplex on original LP after UNBOUNDED: unbounded improving direction; completed iterations=0
┌ Info: Starting simplex phase I
│   algorithm = :dual
│   iter = 0
└   time = 0.007620807
[ Info: Solve finished: status=NUMERICAL_ERROR reason=Original LP retry failed after UNBOUNDED (unbounded improving direction): auxiliary direction has uncertain feasibility or objective improvement iterations=1 time=0.009338408s
┌ Info: Starting simplex phase I
│   algorithm = :dual
│   iter = 0
└   time = 0.001924501
[ Info: iter=1 obj=-1.0 pinf=0.0 (0) dinf=0.0 (0) time=0.003866903s
[ Info: Loaded problem: rows=1 columns=2 nnz=2
[ Info: Starting presolve
[ Info: After presolve: rows=0 columns=1 nnz=0
┌ Info: Starting simplex phase II
│   algorithm = :dual
│   iter = 0
└   time = 0.005004804
[ Info: Restarting simplex on original LP after UNBOUNDED: unbounded improving direction; completed iterations=0
┌ Info: Starting simplex phase I
│   algorithm = :dual
│   iter = 0
└   time = 0.007523206
[ Info: iter=1 obj=-1.0 pinf=0.0 (0) dinf=0.0 (0) time=0.009509408s
[ Info: Solve finished: status=NUMERICAL_ERROR reason=Original LP retry failed after UNBOUNDED (unbounded improving direction): auxiliary direction has uncertain feasibility or objective improvement iterations=1 time=0.010082309s
┌ Info: Starting simplex phase I
│   algorithm = :dual
│   iter = 0
└   time = 0.002035802
[ Info: Loaded problem: rows=1 columns=2 nnz=2
[ Info: Starting presolve
[ Info: After presolve: rows=0 columns=1 nnz=0
┌ Info: Starting simplex phase II
│   algorithm = :dual
│   iter = 0
└   time = 0.007431206
[ Info: Restarting simplex on original LP after UNBOUNDED: unbounded improving direction; completed iterations=0
┌ Info: Starting simplex phase I
│   algorithm = :dual
│   iter = 0
└   time = 0.010057308
[ Info: Solve finished: status=NUMERICAL_ERROR reason=Original LP retry failed after UNBOUNDED (unbounded improving direction): auxiliary direction has uncertain feasibility or objective improvement iterations=1 time=0.01176031s
┌ Info: Starting simplex phase I
│   algorithm = :dual
│   iter = 0
└   time = 0.001996302
[ Info: iter=1 obj=-1.0 pinf=0.0 (0) dinf=0.0 (0) time=0.003984104s
[ Info: Loaded problem: rows=1 columns=2 nnz=2
[ Info: Starting presolve
[ Info: After presolve: rows=0 columns=1 nnz=0
┌ Info: Starting simplex phase II
│   algorithm = :dual
│   iter = 0
└   time = 0.005616405
[ Info: Restarting simplex on original LP after UNBOUNDED: unbounded improving direction; completed iterations=0
┌ Info: Starting simplex phase I
│   algorithm = :dual
│   iter = 0
└   time = 0.008159607
[ Info: iter=1 obj=-1.0 pinf=0.0 (0) dinf=0.0 (0) time=0.010112008s
[ Info: Solve finished: status=NUMERICAL_ERROR reason=Original LP retry failed after UNBOUNDED (unbounded improving direction): auxiliary direction has uncertain feasibility or objective improvement iterations=1 time=0.010669409s
┌ Info: Starting simplex phase I
│   algorithm = :dual
│   iter = 0
└   time = 0.001978902
[ Info: Loaded problem: rows=1 columns=2 nnz=2
[ Info: Starting presolve
[ Info: After presolve: rows=0 columns=1 nnz=0
┌ Info: Starting simplex phase II
│   algorithm = :dual
│   iter = 0
└   time = 0.005271405
[ Info: Restarting simplex on original LP after UNBOUNDED: unbounded improving direction; completed iterations=0
┌ Info: Starting simplex phase I
│   algorithm = :dual
│   iter = 0
└   time = 0.01101181
[ Info: Solve finished: status=NUMERICAL_ERROR reason=Original LP retry failed after UNBOUNDED (unbounded improving direction): auxiliary direction has uncertain feasibility or objective improvement iterations=1 time=0.012710911s
┌ Info: Starting simplex phase I
│   algorithm = :dual
│   iter = 0
└   time = 0.001910602
[ Info: iter=1 obj=-1.0 pinf=0.0 (0) dinf=0.0 (0) time=0.006122105s
[ Info: Loaded problem: rows=1 columns=2 nnz=2
[ Info: Starting presolve
[ Info: After presolve: rows=1 columns=2 nnz=2
┌ Info: Starting simplex phase I
│   algorithm = :dual
│   iter = 0
└   time = 0.006368005
[ Info: iter=1 obj=-2.0 pinf=0.0 (0) dinf=0.0 (0) time=0.008381707s
[ Info: Solve finished: status=NUMERICAL_ERROR reason=auxiliary direction has uncertain feasibility or objective improvement iterations=1 time=0.008915107s
┌ Info: Starting simplex phase I
│   algorithm = :dual
│   iter = 0
└   time = 0.001944901
[ Info: Loaded problem: rows=1 columns=2 nnz=2
[ Info: Starting presolve
[ Info: After presolve: rows=1 columns=2 nnz=2
┌ Info: Starting simplex phase I
│   algorithm = :dual
│   iter = 0
└   time = 0.006811305
[ Info: Solve finished: status=NUMERICAL_ERROR reason=auxiliary direction has uncertain feasibility or objective improvement iterations=1 time=0.008635507s
┌ Info: Starting simplex phase I
│   algorithm = :dual
│   iter = 0
└   time = 0.001913402
[ Info: iter=1 obj=-1.0 pinf=0.0 (0) dinf=0.0 (0) time=0.003805703s
[ Info: Loaded problem: rows=1 columns=2 nnz=2
[ Info: Starting presolve
[ Info: After presolve: rows=1 columns=2 nnz=2
┌ Info: Starting simplex phase I
│   algorithm = :dual
│   iter = 0
└   time = 0.005212404
[ Info: iter=1 obj=-2.0 pinf=0.0 (0) dinf=0.0 (0) time=0.007108106s
[ Info: Solve finished: status=NUMERICAL_ERROR reason=auxiliary direction has uncertain feasibility or objective improvement iterations=1 time=0.008625107s
┌ Info: Starting simplex phase I
│   algorithm = :dual
│   iter = 0
└   time = 0.002034402
[ Info: Loaded problem: rows=1 columns=2 nnz=2
[ Info: Starting presolve
[ Info: After presolve: rows=1 columns=2 nnz=2
┌ Info: Starting simplex phase I
│   algorithm = :dual
│   iter = 0
└   time = 0.005493105
[ Info: Solve finished: status=NUMERICAL_ERROR reason=auxiliary direction has uncertain feasibility or objective improvement iterations=1 time=0.007140306s
┌ Info: Starting simplex phase I
│   algorithm = :dual
│   iter = 0
└   time = 0.001970001
[ Info: iter=1 obj=-1.0 pinf=0.0 (0) dinf=0.0 (0) time=0.004162203s
[ Info: Loaded problem: rows=1 columns=2 nnz=2
[ Info: Starting presolve
[ Info: After presolve: rows=0 columns=1 nnz=0
┌ Info: Starting simplex phase II
│   algorithm = :dual
│   iter = 0
└   time = 0.005021204
[ Info: Restarting simplex on original LP after UNBOUNDED: unbounded improving direction; completed iterations=0
┌ Info: Starting simplex phase I
│   algorithm = :dual
│   iter = 0
└   time = 0.007561806
[ Info: iter=1 obj=-1.0 pinf=0.0 (0) dinf=0.0 (0) time=0.009526007s
[ Info: Solve finished: status=NUMERICAL_ERROR reason=Original LP retry failed after UNBOUNDED (unbounded improving direction): auxiliary direction has uncertain feasibility or objective improvement iterations=1 time=0.010097108s
┌ Info: Starting simplex phase I
│   algorithm = :dual
│   iter = 0
└   time = 0.001971802
[ Info: Loaded problem: rows=1 columns=2 nnz=2
[ Info: Starting presolve
[ Info: After presolve: rows=0 columns=1 nnz=0
┌ Info: Starting simplex phase II
│   algorithm = :dual
│   iter = 0
└   time = 0.004849104
[ Info: Restarting simplex on original LP after UNBOUNDED: unbounded improving direction; completed iterations=0
┌ Info: Starting simplex phase I
│   algorithm = :dual
│   iter = 0
└   time = 0.007350206
[ Info: Solve finished: status=NUMERICAL_ERROR reason=Original LP retry failed after UNBOUNDED (unbounded improving direction): auxiliary direction has uncertain feasibility or objective improvement iterations=1 time=0.009021608s
┌ Info: Starting simplex phase I
│   algorithm = :dual
│   iter = 0
└   time = 0.002374802
[ Info: iter=1 obj=-1.0 pinf=1.0 (1) dinf=0.0 (0) time=0.005112004s
[ Info: iter=2 obj=-1.0 pinf=0.0 (0) dinf=0.0 (0) time=0.007465906s
[ Info: Loaded problem: rows=2 columns=3 nnz=4
[ Info: Starting presolve
[ Info: After presolve: rows=0 columns=1 nnz=0
┌ Info: Starting simplex phase II
│   algorithm = :dual
│   iter = 0
└   time = 0.006374105
[ Info: Restarting simplex on original LP after UNBOUNDED: unbounded improving direction; completed iterations=0
┌ Info: Starting simplex phase I
│   algorithm = :dual
│   iter = 0
└   time = 0.01278711
[ Info: iter=1 obj=-1.0 pinf=1.0 (1) dinf=0.0 (0) time=0.015425313s
[ Info: iter=2 obj=-1.0 pinf=0.0 (0) dinf=0.0 (0) time=0.019206416s
[ Info: Solve finished: status=NUMERICAL_ERROR reason=Original LP retry failed after UNBOUNDED (unbounded improving direction): auxiliary direction has uncertain feasibility or objective improvement iterations=2 time=0.019939616s
┌ Info: Starting simplex phase I
│   algorithm = :dual
│   iter = 0
└   time = 0.002330102
[ Info: Loaded problem: rows=2 columns=3 nnz=4
[ Info: Starting presolve
[ Info: After presolve: rows=0 columns=1 nnz=0
┌ Info: Starting simplex phase II
│   algorithm = :dual
│   iter = 0
└   time = 0.005890305
[ Info: Restarting simplex on original LP after UNBOUNDED: unbounded improving direction; completed iterations=0
┌ Info: Starting simplex phase I
│   algorithm = :dual
│   iter = 0
└   time = 0.009659108
[ Info: Solve finished: status=NUMERICAL_ERROR reason=Original LP retry failed after UNBOUNDED (unbounded improving direction): auxiliary direction has uncertain feasibility or objective improvement iterations=2 time=0.013113611s
┌ Info: Starting simplex phase II
│   algorithm = :dual
│   iter = 0
└   time = 0.001354001
[ Info: Loaded problem: rows=1 columns=1 nnz=1
[ Info: Starting presolve
[ Info: After presolve: rows=1 columns=1 nnz=1
┌ Info: Starting simplex phase II
│   algorithm = :dual
│   iter = 0
└   time = 0.004489903
[ Info: iter=1 obj=1.0e13 pinf=0.0 (0) dinf=0.0 (0) time=0.006364205s
[ Info: Solve finished: status=NUMERICAL_ERROR reason=original-objective optimality certificate is inconclusive iterations=1 time=0.007847706s
┌ Info: Starting simplex phase II
│   algorithm = :dual
│   iter = 0
└   time = 0.001451101
[ Info: Loaded problem: rows=1 columns=1 nnz=1
[ Info: Starting presolve
[ Info: After presolve: rows=1 columns=1 nnz=1
┌ Info: Starting simplex phase II
│   algorithm = :dual
│   iter = 0
└   time = 0.004353603
[ Info: Solve finished: status=NUMERICAL_ERROR reason=original-objective optimality certificate is inconclusive iterations=1 time=0.006440605s
┌ Info: Starting simplex phase I
│   algorithm = :dual
│   iter = 0
└   time = 0.001841401
[ Info: Loaded problem: rows=1 columns=1 nnz=1
[ Info: Starting presolve
[ Info: After presolve: rows=1 columns=1 nnz=1
┌ Info: Starting simplex phase I
│   algorithm = :dual
│   iter = 0
└   time = 0.005852705
[ Info: iter=1 obj=0.0 pinf=0.0 (0) dinf=0.0 (0) time=0.007816906s
[ Info: iter=1 obj=-1.0e13 pinf=0.0 (0) dinf=0.0 (0) time=0.010474408s
┌ Info: Starting simplex phase II
│   algorithm = :dual
│   iter = 1
└   time = 0.010830409
[ Info: Solve finished: status=NUMERICAL_ERROR reason=structural primal failed original-model feasibility checks iterations=1 time=0.011858209s
┌ Info: Starting simplex phase I
│   algorithm = :dual
│   iter = 0
└   time = 0.001866402
[ Info: Loaded problem: rows=1 columns=1 nnz=1
[ Info: Starting presolve
[ Info: After presolve: rows=1 columns=1 nnz=1
┌ Info: Starting simplex phase I
│   algorithm = :dual
│   iter = 0
└   time = 0.004661304
[ Info: iter=1 obj=-1.0e13 pinf=0.0 (0) dinf=0.0 (0) time=0.008400407s
┌ Info: Starting simplex phase II
│   algorithm = :dual
│   iter = 1
└   time = 0.008769007
[ Info: Solve finished: status=NUMERICAL_ERROR reason=structural primal failed original-model feasibility checks iterations=1 time=0.009797808s
┌ Info: Starting simplex phase I
│   algorithm = :dual
│   iter = 0
└   time = 0.002219701
[ Info: iter=1 obj=-1.0 pinf=0.0 (0) dinf=0.0 (0) time=0.004397203s
[ Info: Loaded problem: rows=2 columns=2 nnz=3
[ Info: Starting presolve
[ Info: After presolve: rows=1 columns=1 nnz=1
┌ Info: Starting simplex phase I
│   algorithm = :dual
│   iter = 0
└   time = 0.008736407
[ Info: iter=1 obj=0.0 pinf=0.0 (0) dinf=0.0 (0) time=0.010608209s
[ Info: iter=1 obj=-1.0e13 pinf=0.0 (0) dinf=0.0 (0) time=0.013451011s
┌ Info: Starting simplex phase II
│   algorithm = :dual
│   iter = 1
└   time = 0.013989511
[ Info: Restarting simplex on original LP after NUMERICAL_ERROR: structural primal failed original-model feasibility checks; completed iterations=1
┌ Info: Starting simplex phase I
│   algorithm = :dual
│   iter = 1
└   time = 0.017663114
[ Info: iter=2 obj=-1.0 pinf=0.0 (0) dinf=0.0 (0) time=0.019918816s
[ Info: Solve finished: status=NUMERICAL_ERROR reason=Original LP retry failed after NUMERICAL_ERROR (structural primal failed original-model feasibility checks): auxiliary direction has uncertain feasibility or objective improvement iterations=2 time=0.020607017s
┌ Info: Starting simplex phase I
│   algorithm = :dual
│   iter = 0
└   time = 0.002851603
[ Info: Loaded problem: rows=2 columns=2 nnz=3
[ Info: Starting presolve
[ Info: After presolve: rows=1 columns=1 nnz=1
┌ Info: Starting simplex phase I
│   algorithm = :dual
│   iter = 0
└   time = 0.009799008
[ Info: iter=1 obj=-1.0e13 pinf=0.0 (0) dinf=0.0 (0) time=0.014049412s
┌ Info: Starting simplex phase II
│   algorithm = :dual
│   iter = 1
└   time = 0.014442712
[ Info: Restarting simplex on original LP after NUMERICAL_ERROR: structural primal failed original-model feasibility checks; completed iterations=1
┌ Info: Starting simplex phase I
│   algorithm = :dual
│   iter = 1
└   time = 0.018268715
[ Info: Solve finished: status=NUMERICAL_ERROR reason=Original LP retry failed after NUMERICAL_ERROR (structural primal failed original-model feasibility checks): auxiliary direction has uncertain feasibility or objective improvement iterations=2 time=0.020323117s
┌ Info: Starting simplex phase I
│   algorithm = :dual
│   iter = 0
└   time = 0.002275102
[ Info: iter=1 obj=-1.0 pinf=0.0 (0) dinf=0.0 (0) time=0.004542203s
[ Info: Loaded problem: rows=2 columns=2 nnz=3
[ Info: Starting presolve
[ Info: After presolve: rows=1 columns=1 nnz=1
┌ Info: Starting simplex phase I
│   algorithm = :dual
│   iter = 0
└   time = 0.009978208
[ Info: iter=1 obj=0.0 pinf=0.0 (0) dinf=0.0 (0) time=0.01189771s
[ Info: iter=1 obj=-1.0e13 pinf=0.0 (0) dinf=0.0 (0) time=0.014470412s
┌ Info: Starting simplex phase II
│   algorithm = :dual
│   iter = 1
└   time = 0.014819212
[ Info: Restarting simplex on original LP after NUMERICAL_ERROR: structural primal failed original-model feasibility checks; completed iterations=1
┌ Info: Starting simplex phase I
│   algorithm = :dual
│   iter = 1
└   time = 0.018349715
[ Info: iter=2 obj=-1.0 pinf=0.0 (0) dinf=0.0 (0) time=0.020815717s
[ Info: Solve finished: status=NUMERICAL_ERROR reason=Original LP retry failed after NUMERICAL_ERROR (structural primal failed original-model feasibility checks): auxiliary direction has uncertain feasibility or objective improvement iterations=2 time=0.021603818s
┌ Info: Starting simplex phase I
│   algorithm = :dual
│   iter = 0
└   time = 0.002331802
[ Info: Loaded problem: rows=2 columns=2 nnz=3
[ Info: Starting presolve
[ Info: After presolve: rows=1 columns=1 nnz=1
┌ Info: Starting simplex phase I
│   algorithm = :dual
│   iter = 0
└   time = 0.008507607
[ Info: iter=1 obj=-1.0e13 pinf=0.0 (0) dinf=0.0 (0) time=0.01252021s
┌ Info: Starting simplex phase II
│   algorithm = :dual
│   iter = 1
└   time = 0.012898211
[ Info: Restarting simplex on original LP after NUMERICAL_ERROR: structural primal failed original-model feasibility checks; completed iterations=1
┌ Info: Starting simplex phase I
│   algorithm = :dual
│   iter = 1
└   time = 0.016440113
[ Info: Solve finished: status=NUMERICAL_ERROR reason=Original LP retry failed after NUMERICAL_ERROR (structural primal failed original-model feasibility checks): auxiliary direction has uncertain feasibility or objective improvement iterations=2 time=0.018363415s
┌ Info: Starting simplex phase I
│   algorithm = :dual
│   iter = 0
└   time = 0.001778201
[ Info: Loaded problem: rows=1 columns=1 nnz=0
[ Info: Starting presolve
[ Info: After presolve: rows=0 columns=1 nnz=0
┌ Info: Starting simplex phase II
│   algorithm = :dual
│   iter = 0
└   time = 0.002744602
[ Info: Restarting simplex on original LP after UNBOUNDED: unbounded improving direction; completed iterations=0
┌ Info: Starting simplex phase I
│   algorithm = :dual
│   iter = 0
└   time = 0.005286104
[ Info: Solve finished: status=UNBOUNDED reason=unbounded improving direction iterations=0 time=0.007090105s
┌ Info: Starting simplex phase I
│   algorithm = :dual
│   iter = 0
└   time = 0.001719701
[ Info: Loaded problem: rows=1 columns=1 nnz=0
[ Info: Starting presolve
[ Info: After presolve: rows=0 columns=1 nnz=0
┌ Info: Starting simplex phase II
│   algorithm = :dual
│   iter = 0
└   time = 0.002686302
[ Info: Restarting simplex on original LP after UNBOUNDED: unbounded improving direction; completed iterations=0
┌ Info: Starting simplex phase I
│   algorithm = :dual
│   iter = 0
└   time = 0.004957004
[ Info: Solve finished: status=UNBOUNDED reason=unbounded improving direction iterations=0 time=0.006737805s
┌ Info: Starting simplex phase II
│   algorithm = :dual
│   iter = 0
└   time = 0.0005839
[ Info: Loaded problem: rows=0 columns=1 nnz=0
[ Info: Starting presolve
[ Info: After presolve: rows=0 columns=1 nnz=0
┌ Info: Starting simplex phase II
│   algorithm = :dual
│   iter = 0
└   time = 0.002960202
[ Info: Solve finished: status=UNBOUNDED reason=unbounded improving direction iterations=0 time=0.003281102s
┌ Info: Starting simplex phase II
│   algorithm = :dual
│   iter = 0
└   time = 0.0005891
[ Info: Loaded problem: rows=0 columns=1 nnz=0
[ Info: Starting presolve
[ Info: After presolve: rows=0 columns=1 nnz=0
┌ Info: Starting simplex phase II
│   algorithm = :dual
│   iter = 0
└   time = 0.002337702
[ Info: Solve finished: status=UNBOUNDED reason=unbounded improving direction iterations=0 time=0.002651303s
┌ Info: Starting simplex phase I
│   algorithm = :dual
│   iter = 0
└   time = 0.001849901
┌ Info: Starting simplex phase I
│   algorithm = :dual
│   iter = 0
└   time = 0.001681502
┌ Info: Starting simplex phase I
│   algorithm = :dual
│   iter = 0
└   time = 0.001752701
[ Info: iter=0 obj=-1.0 pinf=1.0 (1) dinf=0.0 (0) time=0.003228402s
┌ Info: Starting simplex phase II
│   algorithm = :dual
│   iter = 0
└   time = 0.001729201
┌ Info: Starting simplex phase II
│   algorithm = :dual
│   iter = 0
└   time = 0.001618901
[ Info: iter=1 obj=1.0 pinf=2.0 (1) dinf=0.0 (0) time=0.003935103s
┌ Info: Starting simplex phase II
│   algorithm = :dual
│   iter = 0
└   time = 0.002460802
[ Info: iter=1 obj=1.0 pinf=2.0 (1) dinf=0.0 (0) time=0.004775204s
[ Info: iter=2 obj=3.0 pinf=0.0 (0) dinf=0.0 (0) time=0.006944406s
┌ Info: Starting simplex phase I
│   algorithm = :dual
│   iter = 0
└   time = 0.003117003
┌ Info: Starting simplex phase I
│   algorithm = :dual
│   iter = 0
└   time = 0.002207301
┌ Info: Starting simplex phase I
│   algorithm = :dual
│   iter = 0
└   time = 0.002186302
[ Info: iter=2 obj=-3.0 pinf=0.0 (0) dinf=0.0 (0) time=0.007535206s
┌ Info: Starting simplex phase II
│   algorithm = :dual
│   iter = 2
└   time = 0.007924107
┌ Info: Starting simplex phase I
│   algorithm = :dual
│   iter = 0
└   time = 0.002069302
CHECK dual_ratio
CHECK pivot_retry
CHECK pivot_application
CHECK dual_entry_phase
CHECK postsolve_cleanup_performance
CHECK postsolve_hint
CHECK simplex_driver
CHECK simplex_precision_entry
CHECK native_phase_transfer
CHECK native_cleanup_recovery
CHECK simplex_phase_one
CHECK simplex_phase_one_auxiliary
CHECK simplex_phase_one_guard
CHECK simplex_phase_one_deadline
Checking simplex_strategy_separation
Checking dual_core_policy
Checking simplex_stalling
Checking simplex_stalling_integration
Checking simplex_stalling_edge
Checking simplex_perturbation
Checking simplex_perturbation_integration
Checking primal_perturbation
Checking primal_perturbation_integration
Checking adaptive_pricing
Checking adaptive_pricing_integration
Checking adaptive_pricing_lifecycle
Checking simplex_handoff_atomicity
CHECK legacy_primal_perturbed_point
CHECK legacy_primal_point
CHECK legacy_primal_equation_point
CHECK legacy_primal_point_recovery
CHECK simplex_strategy_separation
CHECK primal_perturbation
CHECK primal_perturbation_integration
CHECK simplex_phase_one_state
CHECK simplex_phase_one_completion
CHECK simplex_precision_activity
CHECK regression
┌ Info: Starting simplex phase II
│   algorithm = :dual
│   iter = 0
└   time = 0.0006727
┌ Info: Starting simplex phase II
│   algorithm = :dual
│   iter = 0
└   time = 0.0006759
┌ Info: Starting simplex phase II
│   algorithm = :dual
│   iter = 0
└   time = 0.000891901
┌ Info: Starting simplex phase II
│   algorithm = :dual
│   iter = 0
└   time = 0.000636201
┌ Info: Starting simplex phase II
│   algorithm = :dual
│   iter = 0
└   time = 0.0005783
┌ Info: Starting simplex phase II
│   algorithm = :dual
│   iter = 0
└   time = 0.000575501
┌ Info: Starting simplex phase II
│   algorithm = :dual
│   iter = 0
└   time = 0.001223601
┌ Info: Starting simplex phase II
│   algorithm = :dual
│   iter = 0
└   time = 0.001525601
[ Info: iter=0 obj=4.0 pinf=1.0 (1) dinf=0.0 (0) time=0.002942003s
┌ Info: Starting simplex phase II
│   algorithm = :dual
│   iter = 0
└   time = 0.001366502
┌ Info: Starting simplex phase II
│   algorithm = :dual
│   iter = 0
└   time = 0.0005767
┌ Info: Starting simplex phase II
│   algorithm = :dual
│   iter = 0
└   time = 0.001276101
[ Info: iter=0 obj=0.0 pinf=1.0 (1) dinf=0.0 (0) time=0.002772002s
┌ Info: Starting simplex phase I
│   algorithm = :dual
│   iter = 0
└   time = 0.002331902
[ Info: iter=1 obj=-3.0 pinf=0.0 (0) dinf=0.0 (0) time=0.008565507s
┌ Info: Starting simplex phase I
│   algorithm = :dual
│   iter = 0
└   time = 0.001802001
[ Info: iter=1 obj=-3.0 pinf=0.0 (0) dinf=0.0 (0) time=0.005625805s
┌ Info: Starting simplex phase II
│   algorithm = :dual
│   iter = 1
└   time = 0.005968505
┌ Info: Starting simplex phase I
│   algorithm = :dual
│   iter = 0
└   time = 0.002687902
[ Info: iter=1 obj=-3.0 pinf=0.0 (0) dinf=0.0 (0) time=0.006870406s
┌ Info: Starting simplex phase I
│   algorithm = :dual
│   iter = 0
└   time = 0.001871101
[ Info: iter=1 obj=-3.0 pinf=0.0 (0) dinf=0.0 (0) time=0.005203704s
┌ Info: Starting simplex phase II
│   algorithm = :dual
│   iter = 1
└   time = 0.005535304
┌ Info: Starting simplex phase I
│   algorithm = :dual
│   iter = 0
└   time = 0.001657402
[ Info: iter=1 obj=-6.0 pinf=0.0 (0) dinf=0.0 (0) time=0.010435709s
┌ Info: Starting simplex phase I
│   algorithm = :dual
│   iter = 0
└   time = 0.003945703
[ Info: iter=1 obj=-6.0 pinf=0.0 (0) dinf=0.0 (0) time=0.008535207s
┌ Info: Starting simplex phase II
│   algorithm = :dual
│   iter = 1
└   time = 0.008925608
┌ Info: Starting simplex phase I
│   algorithm = :dual
│   iter = 0
└   time = 0.001855401
[ Info: iter=1 obj=-8.0 pinf=0.0 (0) dinf=0.0 (0) time=0.005507504s
┌ Info: Starting simplex phase I
│   algorithm = :dual
│   iter = 0
└   time = 0.001837401
[ Info: iter=1 obj=-8.0 pinf=0.0 (0) dinf=0.0 (0) time=0.005594404s
┌ Info: Starting simplex phase II
│   algorithm = :dual
│   iter = 1
└   time = 0.005979804
┌ Info: Starting simplex phase I
│   algorithm = :dual
│   iter = 0
└   time = 0.001878302
┌ Info: Starting simplex phase I
│   algorithm = :dual
│   iter = 0
└   time = 0.001806501
[ Info: iter=1 obj=1.0 pinf=1.0 (1) dinf=0.0 (0) time=0.005392004s
┌ Info: Starting simplex phase II
│   algorithm = :dual
│   iter = 1
└   time = 0.005739604
[ Info: iter=1 obj=1.0 pinf=1.0 (1) dinf=0.0 (0) time=0.007109006s
┌ Info: Starting simplex phase I
│   algorithm = :dual
│   iter = 0
└   time = 0.001943302
[ Info: iter=0 obj=0.0 pinf=1.0 (1) dinf=0.0 (0) time=0.004775304s
┌ Info: Starting simplex phase I
│   algorithm = :dual
│   iter = 0
└   time = 0.002552003
┌ Info: Starting simplex phase I
│   algorithm = :dual
│   iter = 0
└   time = 0.003395603
[ Info: iter=1 obj=0.0 pinf=0.0 (0) dinf=0.0 (0) time=0.006927806s
[ Info: Loaded problem: rows=1 columns=3 nnz=2
[ Info: Starting presolve
[ Info: After presolve: rows=1 columns=3 nnz=2
[ Info: Solve finished: status=INFEASIBLE reason=row 1 contradicts current column bounds iterations=0 time=0.003680403s
┌ Info: Starting simplex phase I
│   algorithm = :dual
│   iter = 0
└   time = 0.002058101
[ Info: Loaded problem: rows=1 columns=3 nnz=2
[ Info: Starting presolve
[ Info: After presolve: rows=1 columns=3 nnz=2
[ Info: Solve finished: status=INFEASIBLE reason=row 1 contradicts current column bounds iterations=0 time=0.004103203s
┌ Info: Starting simplex phase I
│   algorithm = :dual
│   iter = 0
└   time = 0.002123102
[ Info: iter=1 obj=0.0 pinf=0.0 (0) dinf=0.0 (0) time=0.005596104s
[ Info: Loaded problem: rows=1 columns=3 nnz=2
[ Info: Starting presolve
[ Info: After presolve: rows=1 columns=3 nnz=2
[ Info: Solve finished: status=INFEASIBLE reason=row 1 contradicts current column bounds iterations=0 time=0.002944102s
┌ Info: Starting simplex phase I
│   algorithm = :dual
│   iter = 0
└   time = 0.002081602
[ Info: Loaded problem: rows=1 columns=3 nnz=2
[ Info: Starting presolve
[ Info: After presolve: rows=1 columns=3 nnz=2
[ Info: Solve finished: status=INFEASIBLE reason=row 1 contradicts current column bounds iterations=0 time=0.002978902s
┌ Info: Starting simplex phase I
│   algorithm = :dual
│   iter = 0
└   time = 0.002062002
[ Info: iter=1 obj=0.0 pinf=0.0 (0) dinf=0.0 (0) time=0.005655705s
[ Info: Loaded problem: rows=1 columns=3 nnz=2
[ Info: Starting presolve
[ Info: After presolve: rows=0 columns=1 nnz=0
┌ Info: Starting simplex phase II
│   algorithm = :dual
│   iter = 0
└   time = 0.015354113
[ Info: Restarting simplex on original LP after UNBOUNDED: unbounded improving direction; completed iterations=0
┌ Info: Starting simplex phase I
│   algorithm = :dual
│   iter = 0
└   time = 0.018963416
[ Info: iter=1 obj=0.0 pinf=0.0 (0) dinf=0.0 (0) time=0.02394472s
[ Info: Solve finished: status=UNBOUNDED reason=unbounded improving direction iterations=1 time=0.024489521s
┌ Info: Starting simplex phase I
│   algorithm = :dual
│   iter = 0
└   time = 0.002358002
[ Info: Loaded problem: rows=1 columns=3 nnz=2
[ Info: Starting presolve
[ Info: After presolve: rows=0 columns=1 nnz=0
┌ Info: Starting simplex phase II
│   algorithm = :dual
│   iter = 0
└   time = 0.006538605
[ Info: Restarting simplex on original LP after UNBOUNDED: unbounded improving direction; completed iterations=0
┌ Info: Starting simplex phase I
│   algorithm = :dual
│   iter = 0
└   time = 0.009176307
[ Info: Solve finished: status=UNBOUNDED reason=unbounded improving direction iterations=1 time=0.01230581s
┌ Info: Starting simplex phase II
│   algorithm = :dual
│   iter = 0
└   time = 0.001419802
[ Info: iter=1 obj=100.0 pinf=0.0 (0) dinf=1.0e-6 (1) time=0.004970005s
[ Info: Starting primal cleanup after restoring original costs
[ Info: iter=1 obj=4.0 pinf=0.0 (0) dinf=0.0 (0) time=0.002794802s
┌ Info: Starting simplex phase II
│   algorithm = :dual
│   iter = 0
└   time = 0.001448701
┌ Info: Starting simplex phase II
│   algorithm = :dual
│   iter = 0
└   time = 0.002461301
┌ Info: Starting simplex phase II
│   algorithm = :dual
│   iter = 0
└   time = 0.001447001
┌ Info: Starting simplex phase II
│   algorithm = :dual
│   iter = 0
└   time = 0.0014316
[ Info: iter=0 obj=0.0 pinf=3.0 (1) dinf=0.0 (0) time=0.004730902s
[ Info: iter=2 obj=3.0 pinf=0.0 (0) dinf=0.0 (0) time=0.005711303s
┌ Info: Starting simplex phase II
│   algorithm = :dual
│   iter = 0
└   time = 0.002200601
[ Info: iter=1 obj=1.0 pinf=2.0 (1) dinf=0.0 (0) time=0.004748603s
[ Info: iter=2 obj=3.0 pinf=0.0 (0) dinf=0.0 (0) time=0.006634203s
┌ Info: Starting simplex phase II
│   algorithm = :dual
│   iter = 0
└   time = 0.002387101
┌ Info: Starting simplex phase I
│   algorithm = :dual
│   iter = 0
└   time = 0.001811801
[ Info: iter=1 obj=-3.0 pinf=0.0 (0) dinf=0.0 (0) time=0.007651004s
┌ Info: Starting simplex phase II
│   algorithm = :dual
│   iter = 1
└   time = 0.008146004
┌ Info: Starting simplex phase I
│   algorithm = :dual
│   iter = 0
└   time = 0.001677301
[ Info: iter=1 obj=-3.0 pinf=0.0 (0) dinf=0.0 (0) time=0.005044402s
┌ Info: Starting simplex phase II
│   algorithm = :dual
│   iter = 1
└   time = 0.005391202
┌ Info: Starting simplex phase I
│   algorithm = :dual
│   iter = 0
└   time = 0.001836101
[ Info: iter=1 obj=-6.0 pinf=0.0 (0) dinf=0.0 (0) time=0.006675203s
┌ Info: Starting simplex phase II
│   algorithm = :dual
│   iter = 1
└   time = 0.007083803
┌ Info: Starting simplex phase I
│   algorithm = :dual
│   iter = 0
└   time = 0.001883501
┌ Info: Starting simplex phase I
│   algorithm = :dual
│   iter = 0
└   time = 0.003111101
┌ Info: Starting simplex phase I
│   algorithm = :dual
│   iter = 0
└   time = 0.001674401
[ Info: iter=1 obj=1.0 pinf=1.0 (1) dinf=0.0 (0) time=0.005399103s
┌ Info: Starting simplex phase II
│   algorithm = :dual
│   iter = 1
└   time = 0.005786903
[ Info: iter=1 obj=1.0 pinf=1.0 (1) dinf=0.0 (0) time=0.007184703s
┌ Info: Starting simplex phase II
│   algorithm = :dual
│   iter = 0
└   time = 0.0010444
[ Info: iter=0 obj=0.0 pinf=1.0 (1) dinf=0.0 (0) time=0.002159301s
┌ Info: Starting simplex phase II
│   algorithm = :dual
│   iter = 0
└   time = 0.000594701
┌ Info: Starting simplex phase II
│   algorithm = :dual
│   iter = 0
└   time = 0.002115201
[ Info: iter=1 obj=1.0 pinf=2.0 (1) dinf=0.0 (0) time=0.004634603s
[ Info: iter=2 obj=3.0 pinf=0.0 (0) dinf=0.0 (0) time=0.007006704s
┌ Info: Starting simplex phase II
│   algorithm = :dual
│   iter = 0
└   time = 0.002442101
┌ Info: Starting simplex phase I
│   algorithm = :dual
│   iter = 0
└   time = 0.001932301
[ Info: iter=1 obj=-3.0 pinf=0.0 (0) dinf=0.0 (0) time=0.008323404s
┌ Info: Starting simplex phase II
│   algorithm = :dual
│   iter = 1
└   time = 0.009106804
┌ Info: Starting simplex phase I
│   algorithm = :dual
│   iter = 0
└   time = 0.002054501
[ Info: iter=1 obj=-3.0 pinf=0.0 (0) dinf=0.0 (0) time=0.006376103s
┌ Info: Starting simplex phase II
│   algorithm = :dual
│   iter = 1
└   time = 0.006734303
┌ Info: Starting simplex phase I
│   algorithm = :dual
│   iter = 0
└   time = 0.001923601
[ Info: iter=1 obj=-6.0 pinf=0.0 (0) dinf=0.0 (0) time=0.005458302s
┌ Info: Starting simplex phase II
│   algorithm = :dual
│   iter = 1
└   time = 0.005808603
┌ Info: Starting simplex phase I
│   algorithm = :dual
│   iter = 0
└   time = 0.001925501
┌ Info: Starting simplex phase I
│   algorithm = :dual
│   iter = 0
└   time = 0.001904101
┌ Info: Starting simplex phase I
│   algorithm = :dual
│   iter = 0
└   time = 0.001761901
[ Info: iter=1 obj=1.0 pinf=1.0 (1) dinf=0.0 (0) time=0.005151102s
┌ Info: Starting simplex phase II
│   algorithm = :dual
│   iter = 1
└   time = 0.005489502
[ Info: iter=1 obj=1.0 pinf=1.0 (1) dinf=0.0 (0) time=0.007216003s
┌ Info: Starting simplex phase II
│   algorithm = :dual
│   iter = 0
└   time = 0.0011423
[ Info: iter=0 obj=0.0 pinf=1.0 (1) dinf=0.0 (0) time=0.002301101s
┌ Info: Starting simplex phase II
│   algorithm = :dual
│   iter = 0
└   time = 0.000493
┌ Info: Starting simplex phase II
│   algorithm = :dual
│   iter = 0
└   time = 0.003844802
[ Info: iter=1 obj=1.0 pinf=2.0 (1) dinf=0.0 (0) time=0.008723504s
[ Info: iter=2 obj=3.0 pinf=0.0 (0) dinf=0.0 (0) time=0.012790206s
┌ Info: Starting simplex phase II
│   algorithm = :dual
│   iter = 0
└   time = 0.004125602
┌ Info: Starting simplex phase I
│   algorithm = :dual
│   iter = 0
└   time = 0.012620206
[ Info: iter=1 obj=-3.0 pinf=0.0 (0) dinf=0.0 (0) time=0.018393009s
┌ Info: Starting simplex phase II
│   algorithm = :dual
│   iter = 1
└   time = 0.018878209
┌ Info: Starting simplex phase I
│   algorithm = :dual
│   iter = 0
└   time = 0.003386702
[ Info: iter=1 obj=-3.0 pinf=0.0 (0) dinf=0.0 (0) time=0.008198804s
┌ Info: Starting simplex phase II
│   algorithm = :dual
│   iter = 1
└   time = 0.008587904
┌ Info: Starting simplex phase I
│   algorithm = :dual
│   iter = 0
└   time = 0.002946202
[ Info: iter=1 obj=-6.0 pinf=0.0 (0) dinf=0.0 (0) time=0.007997204s
┌ Info: Starting simplex phase II
│   algorithm = :dual
│   iter = 1
└   time = 0.008430804
┌ Info: Starting simplex phase I
│   algorithm = :dual
│   iter = 0
└   time = 0.003246701
┌ Info: Starting simplex phase I
│   algorithm = :dual
│   iter = 0
└   time = 0.003455101
┌ Info: Starting simplex phase I
│   algorithm = :dual
│   iter = 0
└   time = 0.002899701
[ Info: iter=1 obj=1.0 pinf=1.0 (1) dinf=0.0 (0) time=0.007444803s
┌ Info: Starting simplex phase II
│   algorithm = :dual
│   iter = 1
└   time = 0.007817903
[ Info: iter=1 obj=1.0 pinf=1.0 (1) dinf=0.0 (0) time=0.009897904s
┌ Info: Starting simplex phase II
│   algorithm = :dual
│   iter = 0
└   time = 0.002233101
[ Info: iter=0 obj=0.0 pinf=1.0 (1) dinf=0.0 (0) time=0.004111302s
┌ Info: Starting simplex phase II
│   algorithm = :dual
│   iter = 0
└   time = 0.0008848
┌ Info: Starting simplex phase II
│   algorithm = :dual
│   iter = 0
└   time = 0.003904602
[ Info: iter=1 obj=1//1 pinf=2//1 (1) dinf=0//1 (0) time=0.009033004s
[ Info: iter=2 obj=3//1 pinf=0//1 (0) dinf=0//1 (0) time=0.013065906s
┌ Info: Starting simplex phase II
│   algorithm = :dual
│   iter = 0
└   time = 0.004591603
┌ Info: Starting simplex phase I
│   algorithm = :dual
│   iter = 0
└   time = 0.009578705
[ Info: iter=1 obj=-3//1 pinf=0//1 (0) dinf=0//1 (0) time=0.015262307s
┌ Info: Starting simplex phase II
│   algorithm = :dual
│   iter = 1
└   time = 0.015809608
┌ Info: Starting simplex phase I
│   algorithm = :dual
│   iter = 0
└   time = 0.003129201
[ Info: iter=1 obj=-3//1 pinf=0//1 (0) dinf=0//1 (0) time=0.007766103s
┌ Info: Starting simplex phase II
│   algorithm = :dual
│   iter = 1
└   time = 0.008170204
┌ Info: Starting simplex phase I
│   algorithm = :dual
│   iter = 0
└   time = 0.003051301
[ Info: iter=1 obj=-6//1 pinf=0//1 (0) dinf=0//1 (0) time=0.008183104s
┌ Info: Starting simplex phase II
│   algorithm = :dual
│   iter = 1
└   time = 0.008604204
┌ Info: Starting simplex phase I
│   algorithm = :dual
│   iter = 0
└   time = 0.003310801
┌ Info: Starting simplex phase I
│   algorithm = :dual
│   iter = 0
└   time = 0.003205001
┌ Info: Starting simplex phase I
│   algorithm = :dual
│   iter = 0
└   time = 0.003109402
[ Info: iter=1 obj=1//1 pinf=1//1 (1) dinf=0//1 (0) time=0.009330305s
┌ Info: Starting simplex phase II
│   algorithm = :dual
│   iter = 1
└   time = 0.009760305
┌ Info: Starting simplex phase II
│   algorithm = :dual
│   iter = 0
└   time = 0.002288601
┌ Info: Starting simplex phase II
│   algorithm = :dual
│   iter = 0
└   time = 0.000778901
┌ Info: Starting simplex phase II
│   algorithm = :dual
│   iter = 0
└   time = 0.002152301
┌ Info: Starting simplex phase I
│   algorithm = :dual
│   iter = 0
└   time = 0.003114701
[ Info: iter=1 obj=-10000000000000//1 pinf=0//1 (0) dinf=0//1 (0) time=0.007781304s
┌ Info: Starting simplex phase II
│   algorithm = :dual
│   iter = 1
└   time = 0.008203304
[ Info: Loaded problem: rows=1 columns=1 nnz=1
[ Info: Starting presolve
[ Info: After presolve: rows=0 columns=0 nnz=0
┌ Info: Starting simplex phase II
│   algorithm = :dual
│   iter = 0
└   time = 0.004136902
[ Info: Starting postsolve cleanup on original LP
[ Info: iter=0 obj=1.7014117e38 pinf=0.0 (0) dinf=0.0 (0) time=0.007239204s
[ Info: Starting primal postsolve cleanup from feasible basis
[ Info: Solve finished: status=OPTIMAL objective=1.7014117e38 iterations=0 time=0.008747605s
[ Info: Loaded problem: rows=1 columns=1 nnz=1
[ Info: Starting presolve
[ Info: After presolve: rows=1 columns=1 nnz=1
┌ Info: Starting simplex phase II
│   algorithm = :dual
│   iter = 0
└   time = 0.011415005
[ Info: Solve finished: status=NUMERICAL_ERROR reason=non-finite simplex iterate iterations=1 time=0.013395306s
[ Info: Loaded problem: rows=1 columns=1 nnz=1
[ Info: Starting presolve
[ Info: After presolve: rows=0 columns=0 nnz=0
┌ Info: Starting simplex phase II
│   algorithm = :dual
│   iter = 0
└   time = 0.003865002
[ Info: Starting postsolve cleanup on original LP
[ Info: iter=0 obj=8.988465674311579e307 pinf=0.0 (0) dinf=0.0 (0) time=0.007418203s
[ Info: Starting primal postsolve cleanup from feasible basis
[ Info: Solve finished: status=OPTIMAL objective=8.988465674311579e307 iterations=0 time=0.008855904s
[ Info: Loaded problem: rows=1 columns=1 nnz=1
[ Info: Starting presolve
[ Info: After presolve: rows=1 columns=1 nnz=1
┌ Info: Starting simplex phase II
│   algorithm = :dual
│   iter = 0
└   time = 0.004246002
[ Info: Solve finished: status=NUMERICAL_ERROR reason=non-finite simplex iterate iterations=1 time=0.006016702s
[ Info: iter=1 obj=1.0 pinf=0.0 (0) dinf=0.0 (0) time=0.003438701s
[ Info: iter=1 obj=1.0 pinf=0.0 (0) dinf=0.0 (0) time=0.003066202s
┌ Info: Starting simplex phase II
│   algorithm = :dual
│   iter = 0
└   time = 0.001395101
[ Info: iter=0 obj=0.0 pinf=2.0 (1) dinf=0.0 (0) time=0.002811302s
┌ Info: Starting simplex phase II
│   algorithm = :dual
│   iter = 0
└   time = 0.001308501
[ Info: iter=0 obj=0.0 pinf=2.0 (1) dinf=0.0 (0) time=0.002690602s
┌ Info: Starting simplex phase II
│   algorithm = :dual
│   iter = 0
└   time = 0.002704301
[ Info: iter=0 obj=0.0 pinf=2.0 (1) dinf=0.0 (0) time=0.005323302s
┌ Info: Starting simplex phase II
│   algorithm = :dual
│   iter = 0
└   time = 0.002482601
[ Info: iter=0 obj=0.0 pinf=0.0 (0) dinf=0.0 (0) time=0.002380401s
[ Info: iter=0 obj=0.0 pinf=0.0 (0) dinf=0.0 (0) time=0.002570401s
[ Info: iter=0 obj=1.0 pinf=0.0 (0) dinf=0.0 (0) time=0.0013634s
[ Info: iter=0 obj=1.0 pinf=0.0 (0) dinf=0.0 (0) time=0.001628901s
[ Info: iter=0 obj=1.0 pinf=0.0 (0) dinf=0.0 (0) time=0.002847701s
[ Info: iter=0 obj=1//1 pinf=0//1 (0) dinf=0//1 (0) time=0.002570802s
[ Info: iter=0 obj=0.0 pinf=0.0 (0) dinf=0.0 (0) time=0.001335001s
[ Info: iter=0 obj=0.0 pinf=0.0 (0) dinf=0.0 (0) time=0.001700701s
[ Info: iter=0 obj=0.0 pinf=0.0 (0) dinf=0.0 (0) time=0.002455901s
[ Info: iter=0 obj=0//1 pinf=0//1 (0) dinf=0//1 (0) time=0.002349901s
[ Info: Loaded problem: rows=27 columns=32 nnz=83
[ Info: Starting presolve
[ Info: After presolve: rows=20 columns=24 nnz=74
┌ Info: Starting simplex phase I
│   algorithm = :dual
│   iter = 0
└   time = 0.145263821
[ Info: iter=4 obj=-521.7142857142859 pinf=135.72285714285715 (3) dinf=0.0 (0) time=0.184931427s
┌ Info: Starting simplex phase II
│   algorithm = :dual
│   iter = 4
└   time = 0.186254627
[ Info: Starting postsolve cleanup on original LP
[ Info: iter=9 obj=-464.75314285714273 pinf=0.0 (0) dinf=0.0 (0) time=0.248553436s
[ Info: Starting primal postsolve cleanup from feasible basis
[ Info: Solve finished: status=OPTIMAL objective=-464.75314285714273 iterations=9 time=0.264243438s
[ Info: Loaded problem: rows=0 columns=1 nnz=0
[ Info: Starting presolve
[ Info: After presolve: rows=0 columns=0 nnz=0
┌ Info: Starting simplex phase II
│   algorithm = :dual
│   iter = 0
└   time = 0.003261901
[ Info: Starting postsolve cleanup on original LP
[ Info: iter=0 obj=-1.0 pinf=0.0 (0) dinf=0.0 (0) time=0.005617201s
[ Info: Starting primal postsolve cleanup from feasible basis
[ Info: Solve finished: status=OPTIMAL objective=-1.0 iterations=0 time=0.006945801s
[ Info: Loaded problem: rows=0 columns=1 nnz=0
[ Info: Solve finished: status=MIP_NOT_SUPPORTED reason=discrete domains require relax_integrality=true iterations=0 time=0.000538201s
[ Info: Loaded problem: rows=0 columns=1 nnz=0
[ Info: Starting presolve
[ Info: After presolve: rows=0 columns=0 nnz=0
┌ Info: Starting simplex phase II
│   algorithm = :dual
│   iter = 0
└   time = 0.0023757
[ Info: Starting postsolve cleanup on original LP
[ Info: iter=0 obj=0.0 pinf=0.0 (0) dinf=0.0 (0) time=0.0044257s
[ Info: Starting primal postsolve cleanup from feasible basis
[ Info: Solve finished: status=OPTIMAL objective=0.0 iterations=0 time=0.005518801s
[ Info: Loaded problem: rows=0 columns=1 nnz=0
[ Info: Solve finished: status=MIP_NOT_SUPPORTED reason=discrete domains require relax_integrality=true iterations=0 time=0.0004959s
[ Info: Loaded problem: rows=0 columns=1 nnz=0
[ Info: Starting presolve
[ Info: After presolve: rows=0 columns=0 nnz=0
┌ Info: Starting simplex phase II
│   algorithm = :dual
│   iter = 0
└   time = 0.0023831
[ Info: Starting postsolve cleanup on original LP
[ Info: iter=0 obj=-1.0 pinf=0.0 (0) dinf=0.0 (0) time=0.004415601s
[ Info: Starting primal postsolve cleanup from feasible basis
[ Info: Solve finished: status=OPTIMAL objective=-1.0 iterations=0 time=0.005482001s
[ Info: Loaded problem: rows=0 columns=1 nnz=0
[ Info: Solve finished: status=MIP_NOT_SUPPORTED reason=discrete domains require relax_integrality=true iterations=0 time=0.0005037s
[ Info: Loaded problem: rows=0 columns=1 nnz=0
[ Info: Starting presolve
[ Info: After presolve: rows=0 columns=0 nnz=0
┌ Info: Starting simplex phase II
│   algorithm = :dual
│   iter = 0
└   time = 0.0023168
[ Info: Starting postsolve cleanup on original LP
[ Info: iter=0 obj=0.25 pinf=0.0 (0) dinf=0.0 (0) time=0.004309101s
[ Info: Starting primal postsolve cleanup from feasible basis
[ Info: Solve finished: status=OPTIMAL objective=0.25 iterations=0 time=0.005375701s
[ Info: Loaded problem: rows=0 columns=1 nnz=0
[ Info: Solve finished: status=MIP_NOT_SUPPORTED reason=discrete domains require relax_integrality=true iterations=0 time=0.0005206s
[ Info: Loaded problem: rows=0 columns=1 nnz=0
[ Info: Solve finished: status=INVALID_MODEL reason=binary variable bounds must intersect [0, 1] iterations=0 time=0.000471s
[ Info: Loaded problem: rows=0 columns=1 nnz=0
[ Info: Solve finished: status=INVALID_MODEL reason=binary variable bounds must intersect [0, 1] iterations=0 time=0.000543s
[ Info: Loaded problem: rows=0 columns=1 nnz=0
[ Info: Solve finished: status=INVALID_MODEL reason=binary variable bounds must intersect [0, 1] iterations=0 time=0.000493s
[ Info: Loaded problem: rows=0 columns=1 nnz=0
[ Info: Solve finished: status=INVALID_MODEL reason=binary variable bounds must intersect [0, 1] iterations=0 time=0.0005471s
[ Info: Loaded problem: rows=1 columns=1 nnz=1
[ Info: Starting presolve
[ Info: After presolve: rows=0 columns=0 nnz=0
┌ Info: Starting simplex phase II
│   algorithm = :dual
│   iter = 0
└   time = 0.003794501
[ Info: Starting postsolve cleanup on original LP
[ Info: iter=0 obj=1.0 pinf=0.0 (0) dinf=0.0 (0) time=0.006931101s
[ Info: Starting primal postsolve cleanup from feasible basis
[ Info: Solve finished: status=OPTIMAL objective=1.0 iterations=0 time=0.008487701s
[ Info: Loaded problem: rows=1 columns=2 nnz=2
[ Info: Starting presolve
[ Info: After presolve: rows=1 columns=2 nnz=2
┌ Info: Starting simplex phase II
│   algorithm = :dual
│   iter = 0
└   time = 0.0048139
[ Info: iter=0 obj=0.0 pinf=1.0 (1) dinf=0.0 (0) time=0.006541201s
[ Info: Solve finished: status=NUMERICAL_ERROR reason=ZeroPivotException: factorization encountered one or more zero pivots. Consider switching to a pivoted LU factorization. iterations=0 time=0.008417601s
[ Info: Loaded problem: rows=1 columns=1 nnz=1
[ Info: Starting presolve
[ Info: After presolve: rows=0 columns=0 nnz=0
┌ Info: Starting simplex phase II
│   algorithm = :dual
│   iter = 0
└   time = 0.003355701
[ Info: Starting postsolve cleanup on original LP
[ Info: iter=0 obj=1.0 pinf=0.0 (0) dinf=0.0 (0) time=0.006358701s
[ Info: Starting primal postsolve cleanup from feasible basis
[ Info: Solve finished: status=OPTIMAL objective=1.0 iterations=0 time=0.007866001s
[ Info: Loaded problem: rows=1 columns=2 nnz=2
[ Info: Starting presolve
[ Info: After presolve: rows=1 columns=2 nnz=2
┌ Info: Starting simplex phase II
│   algorithm = :dual
│   iter = 0
└   time = 0.004656401
[ Info: iter=0 obj=0.0 pinf=1.0 (1) dinf=0.0 (0) time=0.006288801s
[ Info: Solve finished: status=NUMERICAL_ERROR reason=ZeroPivotException: factorization encountered one or more zero pivots. Consider switching to a pivoted LU factorization. iterations=0 time=0.007913102s
[ Info: Loaded problem: rows=1 columns=2 nnz=2
[ Info: Starting presolve
[ Info: After presolve: rows=1 columns=2 nnz=2
┌ Info: Starting simplex phase II
│   algorithm = :dual
│   iter = 0
└   time = 0.004779101
[ Info: Solve finished: status=OPTIMAL objective=8.0 iterations=1 time=0.007743901s
[ Info: Loaded problem: rows=1 columns=2 nnz=2
[ Info: Starting presolve
[ Info: After presolve: rows=1 columns=2 nnz=2
┌ Info: Starting simplex phase II
│   algorithm = :dual
│   iter = 0
└   time = 0.005021801
[ Info: Solve finished: status=OPTIMAL objective=8.0 iterations=1 time=0.007741502s
[ Info: Loaded problem: rows=1 columns=2 nnz=2
[ Info: Starting presolve
[ Info: After presolve: rows=1 columns=2 nnz=2
┌ Info: Starting simplex phase II
│   algorithm = :dual
│   iter = 0
└   time = 0.007623001
[ Info: Starting postsolve cleanup on original LP
[ Info: iter=1 obj=10.0 pinf=0.0 (0) dinf=1.0 (1) time=0.012852502s
[ Info: iter=1 obj=13.0 pinf=0.0 (0) dinf=0.0 (0) time=0.014241402s
[ Info: Projected postsolve basis: exchanges=1
[ Info: Starting primal postsolve cleanup from feasible basis
[ Info: Solve finished: status=OPTIMAL objective=13.0 iterations=1 time=0.015927802s
[ Info: Loaded problem: rows=1 columns=2 nnz=2
[ Info: Starting presolve
[ Info: After presolve: rows=1 columns=2 nnz=2
┌ Info: Starting simplex phase II
│   algorithm = :dual
│   iter = 0
└   time = 0.007164701
[ Info: Starting postsolve cleanup on original LP
[ Info: iter=1 obj=10.0 pinf=0.0 (0) dinf=1.0 (1) time=0.012365102s
[ Info: iter=1 obj=13.0 pinf=0.0 (0) dinf=0.0 (0) time=0.013701502s
[ Info: Projected postsolve basis: exchanges=1
[ Info: Starting primal postsolve cleanup from feasible basis
[ Info: Solve finished: status=OPTIMAL objective=13.0 iterations=1 time=0.015392903s
[ Info: Loaded problem: rows=4 columns=4 nnz=4
[ Info: Solve finished: status=MIP_NOT_SUPPORTED reason=discrete domains require relax_integrality=true iterations=0 time=0.0006363s
[ Info: Loaded problem: rows=4 columns=4 nnz=4
[ Info: Starting presolve
[ Info: After presolve: rows=0 columns=0 nnz=0
┌ Info: Starting simplex phase II
│   algorithm = :dual
│   iter = 0
└   time = 0.004177701
[ Info: Starting postsolve cleanup on original LP
[ Info: iter=0 obj=0.5 pinf=0.0 (0) dinf=0.0 (0) time=0.008071802s
[ Info: Starting primal postsolve cleanup from feasible basis
[ Info: Solve finished: status=OPTIMAL objective=0.5 iterations=0 time=0.010748202s
[ Info: Loaded problem: rows=4 columns=4 nnz=4
[ Info: Solve finished: status=MIP_NOT_SUPPORTED reason=discrete domains require relax_integrality=true iterations=0 time=0.0006537s
[ Info: Loaded problem: rows=1 columns=1 nnz=1
[ Info: Solve finished: status=INVALID_MODEL reason=objective coefficients must be finite iterations=0 time=0.0004962s
[ Info: Loaded problem: rows=1 columns=1 nnz=1
[ Info: Solve finished: status=INVALID_MODEL reason=objective length must equal the number of columns iterations=0 time=0.0004679s
[ Info: Loaded problem: rows=1 columns=1 nnz=1
[ Info: Solve finished: status=ALGORITHM_NOT_SUPPORTED reason=only the dual and primal simplex algorithms are supported iterations=0 time=0.000452401s
[ Info: Loaded problem: rows=1 columns=1 nnz=1
[ Info: Solve finished: status=ALGORITHM_NOT_SUPPORTED reason=only the dual and primal simplex algorithms are supported iterations=0 time=0.0004088s
[ Info: Loaded problem: rows=2 columns=2 nnz=4
[ Info: Solve finished: status=TIME_LIMIT reason=time limit reached iterations=0 time=0.0006336s
[ Info: Loaded problem: rows=2 columns=2 nnz=4
[ Info: Solve finished: status=TIME_LIMIT reason=time limit reached iterations=0 time=0.0004516s
[ Info: Loaded problem: rows=2 columns=2 nnz=4
[ Info: Solve finished: status=TIME_LIMIT reason=time limit reached iterations=0 time=0.00044s
[ Info: Loaded problem: rows=2 columns=2 nnz=4
[ Info: Solve finished: status=TIME_LIMIT reason=time limit reached iterations=0 time=0.0004573s
[ Info: Loaded problem: rows=2 columns=2 nnz=4
[ Info: Solve finished: status=TIME_LIMIT reason=time limit reached iterations=0 time=0.0004393s
[ Info: Loaded problem: rows=2 columns=2 nnz=4
[ Info: Solve finished: status=TIME_LIMIT reason=time limit reached iterations=0 time=0.0004547s
[ Info: Loaded problem: rows=0 columns=1 nnz=0
[ Info: Solve finished: status=TIME_LIMIT reason=time limit reached iterations=0 time=0.0004241s
[ Info: Loaded problem: rows=0 columns=1 nnz=0
[ Info: Solve finished: status=TIME_LIMIT reason=time limit reached iterations=0 time=0.0004156s
[ Info: Loaded problem: rows=0 columns=1 nnz=0
[ Info: Solve finished: status=TIME_LIMIT reason=time limit reached iterations=0 time=0.000438801s
[ Info: Loaded problem: rows=2 columns=2 nnz=4
[ Info: Solve finished: status=TIME_LIMIT reason=time limit reached iterations=0 time=0.0004518s
[ Info: Loaded problem: rows=2 columns=2 nnz=4
[ Info: Starting presolve
[ Info: After presolve: rows=2 columns=2 nnz=4
┌ Info: Starting simplex phase II
│   algorithm = :dual
│   iter = 0
└   time = 0.006672401
[ Info: Solve finished: status=ITERATION_LIMIT reason=iteration limit reached iterations=0 time=0.007261901s
[ Info: Loaded problem: rows=2 columns=2 nnz=4
[ Info: Starting presolve
[ Info: After presolve: rows=2 columns=2 nnz=4
┌ Info: Starting simplex phase II
│   algorithm = :dual
│   iter = 0
└   time = 0.006733801
[ Info: iter=1 obj=4.0 pinf=2.0 (1) dinf=0.0 (0) time=0.009145501s
[ Info: Solve finished: status=ITERATION_LIMIT reason=iteration limit reached iterations=1 time=0.009510001s
[ Info: Loaded problem: rows=2 columns=2 nnz=4
[ Info: Starting presolve
[ Info: After presolve: rows=2 columns=2 nnz=4
┌ Info: Starting simplex phase II
│   algorithm = :dual
│   iter = 0
└   time = 0.006582201
[ Info: iter=1 obj=4.0 pinf=2.0 (1) dinf=0.0 (0) time=0.008933302s
[ Info: iter=2 obj=5.0 pinf=0.0 (0) dinf=0.0 (0) time=0.011250502s
[ Info: Solve finished: status=OPTIMAL objective=5.0 iterations=2 time=0.013320602s
[ Info: Loaded problem: rows=0 columns=1 nnz=0
[ Info: Starting presolve
[ Info: After presolve: rows=0 columns=0 nnz=0
┌ Info: Starting simplex phase II
│   algorithm = :dual
│   iter = 0
└   time = 0.002258401
[ Info: Starting postsolve cleanup on original LP
[ Info: iter=0 obj=0.0 pinf=0.0 (0) dinf=0.0 (0) time=0.004203501s
[ Info: Starting primal postsolve cleanup from feasible basis
[ Info: Solve finished: status=OPTIMAL objective=0.0 iterations=0 time=0.005275001s
[ Info: Loaded problem: rows=1 columns=1 nnz=1
[ Info: Starting presolve
[ Info: After presolve: rows=0 columns=1 nnz=0
[ Info: Solve finished: status=INFEASIBLE reason=singleton row 1 contradicts column bounds iterations=0 time=0.001318101s
[ Info: Loaded problem: rows=0 columns=1 nnz=0
[ Info: Starting presolve
[ Info: After presolve: rows=0 columns=1 nnz=0
┌ Info: Starting simplex phase II
│   algorithm = :dual
│   iter = 0
└   time = 0.0023452
[ Info: Solve finished: status=UNBOUNDED reason=unbounded improving direction iterations=0 time=0.0026798s
[ Info: Loaded problem: rows=1 columns=2 nnz=2
[ Info: Starting presolve
[ Info: After presolve: rows=1 columns=2 nnz=2
┌ Info: Starting simplex phase II
│   algorithm = :dual
│   iter = 0
└   time = 0.004665901
[ Info: iter=0 obj=0.0 pinf=1.0 (1) dinf=0.0 (0) time=0.006369901s
[ Info: Solve finished: status=NUMERICAL_ERROR reason=ZeroPivotException: factorization encountered one or more zero pivots. Consider switching to a pivoted LU factorization. iterations=0 time=0.008166501s
[ Info: Loaded problem: rows=0 columns=1 nnz=0
[ Info: Starting presolve
[ Info: After presolve: rows=0 columns=1 nnz=0
┌ Info: Starting simplex phase II
│   algorithm = :dual
│   iter = 0
└   time = 0.002321601
[ Info: Solve finished: status=NUMERICAL_ERROR reason=non-finite simplex iterate iterations=0 time=0.002716001s
[ Info: Loaded problem: rows=3 columns=2 nnz=4
[ Info: Starting presolve
[ Info: After presolve: rows=1 columns=2 nnz=2
┌ Info: Starting simplex phase II
│   algorithm = :dual
│   iter = 0
└   time = 0.008239501
[ Info: Starting postsolve cleanup on original LP
[ Info: iter=1 obj=-9.666667 pinf=0.0 (0) dinf=0.0 (0) time=0.015241102s
[ Info: Starting primal postsolve cleanup from feasible basis
[ Info: Solve finished: status=OPTIMAL objective=-9.666667 iterations=1 time=0.017679902s
[ Info: Loaded problem: rows=3 columns=2 nnz=4
[ Info: Starting presolve
[ Info: After presolve: rows=1 columns=2 nnz=2
┌ Info: Starting simplex phase II
│   algorithm = :dual
│   iter = 0
└   time = 0.007390101
[ Info: Starting postsolve cleanup on original LP
[ Info: iter=1 obj=-9.666666666666666 pinf=0.0 (0) dinf=0.0 (0) time=0.013857902s
[ Info: Starting primal postsolve cleanup from feasible basis
[ Info: Solve finished: status=OPTIMAL objective=-9.666666666666666 iterations=1 time=0.015992202s
[ Info: Loaded problem: rows=3 columns=2 nnz=4
[ Info: Starting presolve
[ Info: After presolve: rows=1 columns=2 nnz=2
┌ Info: Starting simplex phase II
│   algorithm = :dual
│   iter = 0
└   time = 0.009807802
[ Info: Starting postsolve cleanup on original LP
[ Info: iter=1 obj=-9.666666666666666666666666666666666666666666666666666666666666666666666666666575 pinf=0.0 (0) dinf=0.0 (0) time=0.021100903s
[ Info: Starting primal postsolve cleanup from feasible basis
[ Info: Solve finished: status=OPTIMAL objective=-9.666666666666666666666666666666666666666666666666666666666666666666666666666713 iterations=1 time=0.024222504s
[ Info: Loaded problem: rows=3 columns=2 nnz=4
[ Info: Starting presolve
[ Info: After presolve: rows=1 columns=2 nnz=2
┌ Info: Starting simplex phase II
│   algorithm = :dual
│   iter = 0
└   time = 0.008058801
[ Info: Starting postsolve cleanup on original LP
[ Info: iter=1 obj=-29//3 pinf=0//1 (0) dinf=0//1 (0) time=0.019217403s
[ Info: Starting primal postsolve cleanup from feasible basis
[ Info: Solve finished: status=OPTIMAL objective=-29//3 iterations=1 time=0.022357604s
[ Info: Loaded problem: rows=3 columns=2 nnz=4
[ Info: Starting presolve
[ Info: After presolve: rows=1 columns=2 nnz=2
┌ Info: Starting simplex phase II
│   algorithm = :dual
│   iter = 0
└   time = 0.007391401
[ Info: Starting postsolve cleanup on original LP
[ Info: iter=1 obj=-29//3 pinf=0//1 (0) dinf=0//1 (0) time=0.017994602s
[ Info: Starting primal postsolve cleanup from feasible basis
[ Info: Solve finished: status=OPTIMAL objective=-29//3 iterations=1 time=0.021211303s
[ Info: Loaded problem: rows=1 columns=1 nnz=1
[ Info: Starting presolve
[ Info: After presolve: rows=0 columns=0 nnz=0
┌ Info: Starting simplex phase II
│   algorithm = :dual
│   iter = 0
└   time = 0.005225601
[ Info: Starting postsolve cleanup on original LP
[ Info: iter=0 obj=11//4 pinf=0//1 (0) dinf=0//1 (0) time=0.009923102s
[ Info: Starting primal postsolve cleanup from feasible basis
[ Info: Solve finished: status=OPTIMAL objective=11//4 iterations=0 time=0.011989002s
[ Info: Loaded problem: rows=1 columns=1 nnz=1
[ Info: Starting presolve
[ Info: After presolve: rows=0 columns=1 nnz=0
[ Info: Solve finished: status=INFEASIBLE reason=singleton row 1 contradicts column bounds iterations=0 time=0.001479001s
[ Info: Loaded problem: rows=0 columns=1 nnz=0
[ Info: Starting presolve
[ Info: After presolve: rows=0 columns=1 nnz=0
┌ Info: Starting simplex phase II
│   algorithm = :dual
│   iter = 0
└   time = 0.0029772
[ Info: Solve finished: status=UNBOUNDED reason=unbounded improving direction iterations=0 time=0.0033494s
[ Info: Loaded problem: rows=2 columns=2 nnz=4
[ Info: Starting presolve
[ Info: After presolve: rows=2 columns=2 nnz=4
┌ Info: Starting simplex phase II
│   algorithm = :dual
│   iter = 0
└   time = 0.006566101
[ Info: Solve finished: status=ITERATION_LIMIT reason=iteration limit reached iterations=0 time=0.007126201s
[ Info: Loaded problem: rows=2 columns=2 nnz=4
[ Info: Solve finished: status=TIME_LIMIT reason=time limit reached iterations=0 time=0.0005044s
[ Info: Loaded problem: rows=0 columns=1 nnz=0
[ Info: Solve finished: status=MIP_NOT_SUPPORTED reason=discrete domains require relax_integrality=true iterations=0 time=0.0004302s
[ Info: Loaded problem: rows=2 columns=2 nnz=4
[ Info: Solve finished: status=ALGORITHM_NOT_SUPPORTED reason=only the dual and primal simplex algorithms are supported iterations=0 time=0.0004676s
[ Info: Loaded problem: rows=2 columns=2 nnz=4
[ Info: Solve finished: status=INVALID_MODEL reason=objective length must equal the number of columns iterations=0 time=0.0004022s
[ Info: Loaded problem: rows=1 columns=2 nnz=2
[ Info: Starting presolve
[ Info: After presolve: rows=1 columns=2 nnz=2
┌ Info: Starting simplex phase II
│   algorithm = :dual
│   iter = 0
└   time = 0.004639701
[ Info: iter=0 obj=0.0 pinf=1.0 (1) dinf=0.0 (0) time=0.006400801s
[ Info: Solve finished: status=NUMERICAL_ERROR reason=ZeroPivotException: factorization encountered one or more zero pivots. Consider switching to a pivoted LU factorization. iterations=0 time=0.008397701s
[ Info: Loaded problem: rows=2 columns=2 nnz=4
[ Info: Starting presolve
[ Info: After presolve: rows=2 columns=2 nnz=4
┌ Info: Starting simplex phase II
│   algorithm = :dual
│   iter = 0
└   time = 0.006397501
[ Info: iter=1 obj=4.0 pinf=2.0 (1) dinf=0.0 (0) time=0.008677901s
[ Info: iter=2 obj=5.0 pinf=0.0 (0) dinf=0.0 (0) time=0.010709902s
[ Info: Solve finished: status=OPTIMAL objective=5.0 iterations=2 time=0.012916702s
[ Info: Loaded problem: rows=0 columns=1 nnz=0
[ Info: Starting presolve
[ Info: After presolve: rows=0 columns=0 nnz=0
┌ Info: Starting simplex phase II
│   algorithm = :dual
│   iter = 0
└   time = 0.002743001
[ Info: Starting postsolve cleanup on original LP
[ Info: iter=0 obj=7.0 pinf=0.0 (0) dinf=0.0 (0) time=0.005157501s
[ Info: Starting primal postsolve cleanup from feasible basis
[ Info: Solve finished: status=OPTIMAL objective=7.0 iterations=0 time=0.006569301s
[ Info: Loaded problem: rows=0 columns=1 nnz=0
[ Info: Starting presolve
[ Info: After presolve: rows=0 columns=0 nnz=0
┌ Info: Starting simplex phase II
│   algorithm = :dual
│   iter = 0
└   time = 0.002335601
[ Info: Starting postsolve cleanup on original LP
[ Info: iter=0 obj=-1.0 pinf=0.0 (0) dinf=0.0 (0) time=0.004482101s
[ Info: Starting primal postsolve cleanup from feasible basis
[ Info: Solve finished: status=OPTIMAL objective=-1.0 iterations=0 time=0.005695301s
[ Info: Loaded problem: rows=1 columns=1 nnz=1
[ Info: Starting presolve
[ Info: After presolve: rows=0 columns=1 nnz=0
[ Info: Solve finished: status=INFEASIBLE reason=singleton row 1 contradicts column bounds iterations=0 time=0.0012958s
[ Info: Loaded problem: rows=0 columns=1 nnz=0
[ Info: Starting presolve
[ Info: After presolve: rows=0 columns=1 nnz=0
┌ Info: Starting simplex phase II
│   algorithm = :dual
│   iter = 0
└   time = 0.0027809
[ Info: Solve finished: status=UNBOUNDED reason=unbounded improving direction iterations=0 time=0.0031219s
[ Info: Loaded problem: rows=2 columns=2 nnz=4
[ Info: Starting presolve
[ Info: After presolve: rows=2 columns=2 nnz=4
┌ Info: Starting simplex phase II
│   algorithm = :dual
│   iter = 0
└   time = 0.006671301
[ Info: Solve finished: status=ITERATION_LIMIT reason=iteration limit reached iterations=0 time=0.007213001s
[ Info: Loaded problem: rows=2 columns=2 nnz=4
[ Info: Solve finished: status=TIME_LIMIT reason=time limit reached iterations=0 time=0.0004629s
[ Info: Loaded problem: rows=0 columns=1 nnz=0
[ Info: Solve finished: status=MIP_NOT_SUPPORTED reason=discrete domains require relax_integrality=true iterations=0 time=0.0004295s
[ Info: Loaded problem: rows=2 columns=2 nnz=4
[ Info: Solve finished: status=ALGORITHM_NOT_SUPPORTED reason=only the dual and primal simplex algorithms are supported iterations=0 time=0.0004627s
[ Info: Loaded problem: rows=2 columns=2 nnz=4
[ Info: Solve finished: status=INVALID_MODEL reason=objective length must equal the number of columns iterations=0 time=0.0003933s
[ Info: Loaded problem: rows=1 columns=2 nnz=2
[ Info: Starting presolve
[ Info: After presolve: rows=1 columns=2 nnz=2
┌ Info: Starting simplex phase II
│   algorithm = :dual
│   iter = 0
└   time = 0.004961601
[ Info: iter=0 obj=0.0 pinf=1.0 (1) dinf=0.0 (0) time=0.006720501s
[ Info: Solve finished: status=NUMERICAL_ERROR reason=ZeroPivotException: factorization encountered one or more zero pivots. Consider switching to a pivoted LU factorization. iterations=0 time=0.008617801s
[ Info: Loaded problem: rows=2 columns=2 nnz=4
[ Info: Starting presolve
[ Info: After presolve: rows=2 columns=2 nnz=4
┌ Info: Starting simplex phase II
│   algorithm = :dual
│   iter = 0
└   time = 0.006399901
[ Info: iter=1 obj=4.0 pinf=2.0 (1) dinf=0.0 (0) time=0.008887402s
[ Info: iter=2 obj=5.0 pinf=0.0 (0) dinf=0.0 (0) time=0.011142102s
[ Info: Solve finished: status=OPTIMAL objective=5.0 iterations=2 time=0.013234902s
[ Info: Loaded problem: rows=0 columns=1 nnz=0
[ Info: Starting presolve
[ Info: After presolve: rows=0 columns=0 nnz=0
┌ Info: Starting simplex phase II
│   algorithm = :dual
│   iter = 0
└   time = 0.002444301
[ Info: Starting postsolve cleanup on original LP
[ Info: iter=0 obj=7.0 pinf=0.0 (0) dinf=0.0 (0) time=0.004609001s
[ Info: Starting primal postsolve cleanup from feasible basis
[ Info: Solve finished: status=OPTIMAL objective=7.0 iterations=0 time=0.005717201s
[ Info: Loaded problem: rows=0 columns=1 nnz=0
[ Info: Starting presolve
[ Info: After presolve: rows=0 columns=0 nnz=0
┌ Info: Starting simplex phase II
│   algorithm = :dual
│   iter = 0
└   time = 0.002208801
[ Info: Starting postsolve cleanup on original LP
[ Info: iter=0 obj=-1.0 pinf=0.0 (0) dinf=0.0 (0) time=0.004174001s
[ Info: Starting primal postsolve cleanup from feasible basis
[ Info: Solve finished: status=OPTIMAL objective=-1.0 iterations=0 time=0.005341401s
[ Info: Loaded problem: rows=1 columns=1 nnz=1
[ Info: Starting presolve
[ Info: After presolve: rows=0 columns=1 nnz=0
[ Info: Solve finished: status=INFEASIBLE reason=singleton row 1 contradicts column bounds iterations=0 time=0.0018203s
[ Info: Loaded problem: rows=0 columns=1 nnz=0
[ Info: Starting presolve
[ Info: After presolve: rows=0 columns=1 nnz=0
┌ Info: Starting simplex phase II
│   algorithm = :dual
│   iter = 0
└   time = 0.003875001
[ Info: Solve finished: status=UNBOUNDED reason=unbounded improving direction iterations=0 time=0.004234601s
[ Info: Loaded problem: rows=2 columns=2 nnz=4
[ Info: Starting presolve
[ Info: After presolve: rows=2 columns=2 nnz=4
┌ Info: Starting simplex phase II
│   algorithm = :dual
│   iter = 0
└   time = 0.009366401
[ Info: Solve finished: status=ITERATION_LIMIT reason=iteration limit reached iterations=0 time=0.009930201s
[ Info: Loaded problem: rows=2 columns=2 nnz=4
[ Info: Solve finished: status=TIME_LIMIT reason=time limit reached iterations=0 time=0.0008148s
[ Info: Loaded problem: rows=0 columns=1 nnz=0
[ Info: Solve finished: status=MIP_NOT_SUPPORTED reason=discrete domains require relax_integrality=true iterations=0 time=0.0008863s
[ Info: Loaded problem: rows=2 columns=2 nnz=4
[ Info: Solve finished: status=ALGORITHM_NOT_SUPPORTED reason=only the dual and primal simplex algorithms are supported iterations=0 time=0.0007859s
[ Info: Loaded problem: rows=2 columns=2 nnz=4
[ Info: Solve finished: status=INVALID_MODEL reason=objective length must equal the number of columns iterations=0 time=0.0007983s
[ Info: Loaded problem: rows=1 columns=2 nnz=2
[ Info: Starting presolve
[ Info: After presolve: rows=1 columns=2 nnz=2
┌ Info: Starting simplex phase II
│   algorithm = :dual
│   iter = 0
└   time = 0.006231401
[ Info: iter=0 obj=0.0 pinf=1.0 (1) dinf=0.0 (0) time=0.009085102s
[ Info: Solve finished: status=NUMERICAL_ERROR reason=ZeroPivotException: factorization encountered one or more zero pivots. Consider switching to a pivoted LU factorization. iterations=0 time=0.011709802s
[ Info: Loaded problem: rows=2 columns=2 nnz=4
[ Info: Starting presolve
[ Info: After presolve: rows=2 columns=2 nnz=4
┌ Info: Starting simplex phase II
│   algorithm = :dual
│   iter = 0
└   time = 0.008947801
[ Info: iter=1 obj=4.0 pinf=2.0 (1) dinf=0.0 (0) time=0.013502502s
[ Info: iter=2 obj=5.0 pinf=0.0 (0) dinf=0.0 (0) time=0.017644503s
[ Info: Solve finished: status=OPTIMAL objective=5.0 iterations=2 time=0.020774003s
[ Info: Loaded problem: rows=0 columns=1 nnz=0
[ Info: Starting presolve
[ Info: After presolve: rows=0 columns=0 nnz=0
┌ Info: Starting simplex phase II
│   algorithm = :dual
│   iter = 0
└   time = 0.003735001
[ Info: Starting postsolve cleanup on original LP
[ Info: iter=0 obj=7.0 pinf=0.0 (0) dinf=0.0 (0) time=0.006913901s
[ Info: Starting primal postsolve cleanup from feasible basis
[ Info: Solve finished: status=OPTIMAL objective=7.0 iterations=0 time=0.008530802s
[ Info: Loaded problem: rows=0 columns=1 nnz=0
[ Info: Starting presolve
[ Info: After presolve: rows=0 columns=0 nnz=0
┌ Info: Starting simplex phase II
│   algorithm = :dual
│   iter = 0
└   time = 0.0031185
[ Info: Starting postsolve cleanup on original LP
[ Info: iter=0 obj=-1.0 pinf=0.0 (0) dinf=0.0 (0) time=0.0059814s
[ Info: Starting primal postsolve cleanup from feasible basis
[ Info: Solve finished: status=OPTIMAL objective=-1.0 iterations=0 time=0.007525301s
[ Info: Loaded problem: rows=1 columns=1 nnz=1
[ Info: Starting presolve
[ Info: After presolve: rows=0 columns=1 nnz=0
[ Info: Solve finished: status=INFEASIBLE reason=singleton row 1 contradicts column bounds iterations=0 time=0.0019178s
[ Info: Loaded problem: rows=0 columns=1 nnz=0
[ Info: Starting presolve
[ Info: After presolve: rows=0 columns=1 nnz=0
┌ Info: Starting simplex phase II
│   algorithm = :dual
│   iter = 0
└   time = 0.0031307
[ Info: Solve finished: status=UNBOUNDED reason=unbounded improving direction iterations=0 time=0.0034937s
[ Info: Loaded problem: rows=2 columns=2 nnz=4
[ Info: Starting presolve
[ Info: After presolve: rows=2 columns=2 nnz=4
┌ Info: Starting simplex phase II
│   algorithm = :dual
│   iter = 0
└   time = 0.009025202
[ Info: Solve finished: status=ITERATION_LIMIT reason=iteration limit reached iterations=0 time=0.009659502s
[ Info: Loaded problem: rows=2 columns=2 nnz=4
[ Info: Solve finished: status=TIME_LIMIT reason=time limit reached iterations=0 time=0.0004897s
[ Info: Loaded problem: rows=0 columns=1 nnz=0
[ Info: Solve finished: status=MIP_NOT_SUPPORTED reason=discrete domains require relax_integrality=true iterations=0 time=0.0004885s
[ Info: Loaded problem: rows=2 columns=2 nnz=4
[ Info: Solve finished: status=ALGORITHM_NOT_SUPPORTED reason=only the dual and primal simplex algorithms are supported iterations=0 time=0.0004579s
[ Info: Loaded problem: rows=2 columns=2 nnz=4
[ Info: Solve finished: status=INVALID_MODEL reason=objective length must equal the number of columns iterations=0 time=0.0004478s
[ Info: Loaded problem: rows=1 columns=2 nnz=2
[ Info: Starting presolve
[ Info: After presolve: rows=1 columns=2 nnz=2
┌ Info: Starting simplex phase II
│   algorithm = :dual
│   iter = 0
└   time = 0.005258701
[ Info: Solve finished: status=NUMERICAL_ERROR reason=ZeroPivotException: factorization encountered one or more zero pivots. Consider switching to a pivoted LU factorization. iterations=0 time=0.008206602s
[ Info: Loaded problem: rows=2 columns=2 nnz=4
[ Info: Starting presolve
[ Info: After presolve: rows=2 columns=2 nnz=4
┌ Info: Starting simplex phase II
│   algorithm = :dual
│   iter = 0
└   time = 0.007707801
[ Info: iter=1 obj=4//1 pinf=2//1 (1) dinf=0//1 (0) time=0.012445602s
[ Info: iter=2 obj=5//1 pinf=0//1 (0) dinf=0//1 (0) time=0.016909702s
[ Info: Solve finished: status=OPTIMAL objective=5//1 iterations=2 time=0.020339703s
[ Info: Loaded problem: rows=0 columns=1 nnz=0
[ Info: Starting presolve
[ Info: After presolve: rows=0 columns=0 nnz=0
┌ Info: Starting simplex phase II
│   algorithm = :dual
│   iter = 0
└   time = 0.0026679
[ Info: Starting postsolve cleanup on original LP
[ Info: iter=0 obj=7//1 pinf=0//1 (0) dinf=0//1 (0) time=0.005754501s
[ Info: Starting primal postsolve cleanup from feasible basis
[ Info: Solve finished: status=OPTIMAL objective=7//1 iterations=0 time=0.007288501s
[ Info: Loaded problem: rows=0 columns=1 nnz=0
[ Info: Starting presolve
[ Info: After presolve: rows=0 columns=0 nnz=0
┌ Info: Starting simplex phase II
│   algorithm = :dual
│   iter = 0
└   time = 0.0024695
[ Info: Starting postsolve cleanup on original LP
[ Info: iter=0 obj=-1//1 pinf=0//1 (0) dinf=0//1 (0) time=0.005406901s
[ Info: Starting primal postsolve cleanup from feasible basis
[ Info: Solve finished: status=OPTIMAL objective=-1//1 iterations=0 time=0.006931801s
[ Info: Loaded problem: rows=1 columns=2 nnz=2
[ Info: Starting presolve
[ Info: After presolve: rows=1 columns=2 nnz=2
┌ Info: Starting simplex phase I
│   algorithm = :dual
│   iter = 0
└   time = 0.007982101
[ Info: iter=1 obj=-6.0 pinf=0.0 (0) dinf=0.0 (0) time=0.012082102s
┌ Info: Starting simplex phase II
│   algorithm = :dual
│   iter = 1
└   time = 0.012515002
[ Info: Restarting simplex on original LP after NUMERICAL_ERROR: original-objective optimality certificate is inconclusive; completed iterations=1
┌ Info: Starting simplex phase I
│   algorithm = :dual
│   iter = 1
└   time = 0.016097202
[ Info: iter=2 obj=-6.0 pinf=0.0 (0) dinf=0.0 (0) time=0.019922903s
┌ Info: Starting simplex phase II
│   algorithm = :dual
│   iter = 2
└   time = 0.020303203
[ Info: Solve finished: status=OPTIMAL objective=-6.0 iterations=2 time=0.021950003s
[ Info: Loaded problem: rows=1 columns=2 nnz=2
[ Info: Starting presolve
[ Info: After presolve: rows=1 columns=2 nnz=2
┌ Info: Starting simplex phase I
│   algorithm = :dual
│   iter = 0
└   time = 0.007400301
[ Info: iter=1 obj=0.0 pinf=0.0 (0) dinf=0.0 (0) time=0.009261101s
[ Info: iter=1 obj=-6.0 pinf=0.0 (0) dinf=0.0 (0) time=0.011747302s
┌ Info: Starting simplex phase II
│   algorithm = :dual
│   iter = 1
└   time = 0.012131202
[ Info: Restarting simplex on original LP after NUMERICAL_ERROR: original-objective optimality certificate is inconclusive; completed iterations=1
┌ Info: Starting simplex phase I
│   algorithm = :dual
│   iter = 1
└   time = 0.015612102
[ Info: iter=2 obj=0.0 pinf=0.0 (0) dinf=0.0 (0) time=0.017736803s
[ Info: iter=2 obj=-6.0 pinf=0.0 (0) dinf=0.0 (0) time=0.020278403s
┌ Info: Starting simplex phase II
│   algorithm = :dual
│   iter = 2
└   time = 0.020656303
[ Info: Solve finished: status=OPTIMAL objective=-6.0 iterations=2 time=0.022333603s
[ Info: Loaded problem: rows=1 columns=2 nnz=2
[ Info: Starting presolve
[ Info: After presolve: rows=1 columns=2 nnz=2
┌ Info: Starting simplex phase I
│   algorithm = :dual
│   iter = 0
└   time = 0.007414102
[ Info: iter=1 obj=-6.0 pinf=0.0 (0) dinf=0.0 (0) time=0.011176902s
┌ Info: Starting simplex phase II
│   algorithm = :dual
│   iter = 1
└   time = 0.012041302
[ Info: Restarting simplex on original LP after NUMERICAL_ERROR: original-objective optimality certificate is inconclusive; completed iterations=1
┌ Info: Starting simplex phase I
│   algorithm = :dual
│   iter = 1
└   time = 0.015532503
[ Info: iter=2 obj=-6.0 pinf=0.0 (0) dinf=0.0 (0) time=0.019239503s
┌ Info: Starting simplex phase II
│   algorithm = :dual
│   iter = 2
└   time = 0.019633003
[ Info: Solve finished: status=OPTIMAL objective=-6.0 iterations=2 time=0.021322304s
[ Info: Loaded problem: rows=1 columns=2 nnz=2
[ Info: Starting presolve
[ Info: After presolve: rows=1 columns=2 nnz=2
┌ Info: Starting simplex phase I
│   algorithm = :dual
│   iter = 0
└   time = 0.007600201
[ Info: iter=1 obj=-6.0 pinf=0.0 (0) dinf=0.0 (0) time=0.011272401s
┌ Info: Starting simplex phase II
│   algorithm = :dual
│   iter = 1
└   time = 0.011661701
[ Info: Restarting simplex on original LP after NUMERICAL_ERROR: original-objective optimality certificate is inconclusive; completed iterations=1
┌ Info: Starting simplex phase I
│   algorithm = :dual
│   iter = 1
└   time = 0.015168302
[ Info: iter=2 obj=-6.0 pinf=0.0 (0) dinf=0.0 (0) time=0.018954102s
┌ Info: Starting simplex phase II
│   algorithm = :dual
│   iter = 2
└   time = 0.019332103
[ Info: Solve finished: status=OPTIMAL objective=-6.0 iterations=2 time=0.021118603s
[ Info: Loaded problem: rows=1 columns=2 nnz=2
[ Info: Starting presolve
[ Info: After presolve: rows=1 columns=2 nnz=2
┌ Info: Starting simplex phase I
│   algorithm = :dual
│   iter = 0
└   time = 0.007610001
[ Info: iter=1 obj=-6.0 pinf=0.0 (0) dinf=0.0 (0) time=0.011259501s
┌ Info: Starting simplex phase II
│   algorithm = :dual
│   iter = 1
└   time = 0.011653302
[ Info: Restarting simplex on original LP after NUMERICAL_ERROR: original-objective optimality certificate is inconclusive; completed iterations=1
┌ Info: Starting simplex phase I
│   algorithm = :dual
│   iter = 1
└   time = 0.015243302
[ Info: iter=2 obj=-6.0 pinf=0.0 (0) dinf=0.0 (0) time=0.019010203s
┌ Info: Starting simplex phase II
│   algorithm = :dual
│   iter = 2
└   time = 0.019396603
[ Info: Solve finished: status=OPTIMAL objective=-6.0 iterations=2 time=0.021109703s
[ Info: Loaded problem: rows=1 columns=2 nnz=2
[ Info: Starting presolve
[ Info: After presolve: rows=1 columns=2 nnz=2
┌ Info: Starting simplex phase I
│   algorithm = :dual
│   iter = 0
└   time = 0.008058801
[ Info: iter=1 obj=-6.0 pinf=0.0 (0) dinf=0.0 (0) time=0.012060502s
┌ Info: Starting simplex phase II
│   algorithm = :dual
│   iter = 1
└   time = 0.012448402
[ Info: Starting postsolve cleanup on original LP
[ Info: iter=1 obj=-1.333333333333333 pinf=0.0 (0) dinf=0.6666666666666667 (1) time=0.016648103s
[ Info: iter=1 obj=-6.0 pinf=0.0 (0) dinf=0.0 (0) time=0.018064503s
[ Info: Projected postsolve basis: exchanges=1
[ Info: Starting primal postsolve cleanup from feasible basis
[ Info: Solve finished: status=OPTIMAL objective=-6.0 iterations=1 time=0.019941203s
[ Info: Loaded problem: rows=1 columns=2 nnz=2
[ Info: Starting presolve
[ Info: After presolve: rows=1 columns=2 nnz=2
┌ Info: Starting simplex phase I
│   algorithm = :dual
│   iter = 0
└   time = 0.007778101
[ Info: iter=1 obj=0.0 pinf=0.0 (0) dinf=0.0 (0) time=0.009815402s
[ Info: iter=1 obj=-6.0 pinf=0.0 (0) dinf=0.0 (0) time=0.012490202s
┌ Info: Starting simplex phase II
│   algorithm = :dual
│   iter = 1
└   time = 0.012884702
[ Info: Starting postsolve cleanup on original LP
[ Info: iter=1 obj=-1.333333333333333 pinf=0.0 (0) dinf=0.6666666666666667 (1) time=0.016990603s
[ Info: iter=1 obj=-6.0 pinf=0.0 (0) dinf=0.0 (0) time=0.018709403s
[ Info: Projected postsolve basis: exchanges=1
[ Info: Starting primal postsolve cleanup from feasible basis
[ Info: Solve finished: status=OPTIMAL objective=-6.0 iterations=1 time=0.020580803s
[ Info: Loaded problem: rows=1 columns=2 nnz=2
[ Info: Starting presolve
[ Info: After presolve: rows=1 columns=2 nnz=2
┌ Info: Starting simplex phase I
│   algorithm = :dual
│   iter = 0
└   time = 0.007692501
[ Info: iter=1 obj=-6.0 pinf=0.0 (0) dinf=0.0 (0) time=0.011526002s
┌ Info: Starting simplex phase II
│   algorithm = :dual
│   iter = 1
└   time = 0.011907302
[ Info: Starting postsolve cleanup on original LP
[ Info: iter=1 obj=-1.333333333333333 pinf=0.0 (0) dinf=0.6666666666666667 (1) time=0.016190603s
[ Info: iter=1 obj=-6.0 pinf=0.0 (0) dinf=0.0 (0) time=0.017535303s
[ Info: Projected postsolve basis: exchanges=1
[ Info: Starting primal postsolve cleanup from feasible basis
[ Info: Solve finished: status=OPTIMAL objective=-6.0 iterations=1 time=0.019392403s
[ Info: Loaded problem: rows=1 columns=2 nnz=2
[ Info: Starting presolve
[ Info: After presolve: rows=1 columns=2 nnz=2
┌ Info: Starting simplex phase I
│   algorithm = :dual
│   iter = 0
└   time = 0.007695101
[ Info: iter=1 obj=-6.0 pinf=0.0 (0) dinf=0.0 (0) time=0.011588902s
┌ Info: Starting simplex phase II
│   algorithm = :dual
│   iter = 1
└   time = 0.011969002
[ Info: Starting postsolve cleanup on original LP
[ Info: iter=1 obj=-1.333333333333333 pinf=0.0 (0) dinf=0.6666666666666667 (1) time=0.016099203s
[ Info: iter=1 obj=-6.0 pinf=0.0 (0) dinf=0.0 (0) time=0.017421303s
[ Info: Projected postsolve basis: exchanges=1
[ Info: Starting primal postsolve cleanup from feasible basis
[ Info: Solve finished: status=OPTIMAL objective=-6.0 iterations=1 time=0.019282703s
[ Info: Loaded problem: rows=1 columns=2 nnz=2
[ Info: Starting presolve
[ Info: After presolve: rows=1 columns=2 nnz=2
┌ Info: Starting simplex phase I
│   algorithm = :dual
│   iter = 0
└   time = 0.007832401
[ Info: iter=1 obj=-6.0 pinf=0.0 (0) dinf=0.0 (0) time=0.011668402s
┌ Info: Starting simplex phase II
│   algorithm = :dual
│   iter = 1
└   time = 0.012049102
[ Info: Starting postsolve cleanup on original LP
[ Info: iter=1 obj=-1.333333333333333 pinf=0.0 (0) dinf=0.6666666666666667 (1) time=0.016082102s
[ Info: iter=1 obj=-6.0 pinf=0.0 (0) dinf=0.0 (0) time=0.017424303s
[ Info: Projected postsolve basis: exchanges=1
[ Info: Starting primal postsolve cleanup from feasible basis
[ Info: Solve finished: status=OPTIMAL objective=-6.0 iterations=1 time=0.019293703s
[ Info: Loaded problem: rows=1 columns=2 nnz=2
[ Info: Starting presolve
[ Info: After presolve: rows=1 columns=2 nnz=2
┌ Info: Starting simplex phase I
│   algorithm = :dual
│   iter = 0
└   time = 0.010886202
[ Info: iter=1 obj=-6.0 pinf=0.0 (0) dinf=0.0 (0) time=0.016319403s
┌ Info: Starting simplex phase II
│   algorithm = :dual
│   iter = 1
└   time = 0.016865303
[ Info: Starting postsolve cleanup on original LP
[ Info: iter=1 obj=-1.333333333333333333333333333333333333333333333333333333333333333333333333333356 pinf=0.0 (0) dinf=0.6666666666666666666666666666666666666666666666666666666666666666666666666666609 (1) time=0.022861803s
[ Info: iter=1 obj=-6.0 pinf=0.0 (0) dinf=0.0 (0) time=0.024778804s
[ Info: Projected postsolve basis: exchanges=1
[ Info: Starting primal postsolve cleanup from feasible basis
[ Info: Solve finished: status=OPTIMAL objective=-6.0 iterations=1 time=0.027237904s
[ Info: Loaded problem: rows=1 columns=2 nnz=2
[ Info: Starting presolve
[ Info: After presolve: rows=1 columns=2 nnz=2
┌ Info: Starting simplex phase I
│   algorithm = :dual
│   iter = 0
└   time = 0.009967602
[ Info: iter=1 obj=0.0 pinf=0.0 (0) dinf=0.0 (0) time=0.013095602s
[ Info: iter=1 obj=-6.0 pinf=0.0 (0) dinf=0.0 (0) time=0.016127603s
┌ Info: Starting simplex phase II
│   algorithm = :dual
│   iter = 1
└   time = 0.016545903
[ Info: Starting postsolve cleanup on original LP
[ Info: iter=1 obj=-1.333333333333333333333333333333333333333333333333333333333333333333333333333356 pinf=0.0 (0) dinf=0.6666666666666666666666666666666666666666666666666666666666666666666666666666609 (1) time=0.022134903s
[ Info: iter=1 obj=-6.0 pinf=0.0 (0) dinf=0.0 (0) time=0.024107504s
[ Info: Projected postsolve basis: exchanges=1
[ Info: Starting primal postsolve cleanup from feasible basis
[ Info: Solve finished: status=OPTIMAL objective=-6.0 iterations=1 time=0.026492804s
[ Info: Loaded problem: rows=1 columns=2 nnz=2
[ Info: Starting presolve
[ Info: After presolve: rows=1 columns=2 nnz=2
┌ Info: Starting simplex phase I
│   algorithm = :dual
│   iter = 0
└   time = 0.010494802
[ Info: iter=1 obj=-6.0 pinf=0.0 (0) dinf=0.0 (0) time=0.015558902s
┌ Info: Starting simplex phase II
│   algorithm = :dual
│   iter = 1
└   time = 0.015968603
[ Info: Starting postsolve cleanup on original LP
[ Info: iter=1 obj=-1.333333333333333333333333333333333333333333333333333333333333333333333333333356 pinf=0.0 (0) dinf=0.6666666666666666666666666666666666666666666666666666666666666666666666666666609 (1) time=0.021543003s
[ Info: iter=1 obj=-6.0 pinf=0.0 (0) dinf=0.0 (0) time=0.023380904s
[ Info: Projected postsolve basis: exchanges=1
[ Info: Starting primal postsolve cleanup from feasible basis
[ Info: Solve finished: status=OPTIMAL objective=-6.0 iterations=1 time=0.025821504s
[ Info: Loaded problem: rows=1 columns=2 nnz=2
[ Info: Starting presolve
[ Info: After presolve: rows=1 columns=2 nnz=2
┌ Info: Starting simplex phase I
│   algorithm = :dual
│   iter = 0
└   time = 0.009833102
[ Info: iter=1 obj=-6.0 pinf=0.0 (0) dinf=0.0 (0) time=0.014895802s
┌ Info: Starting simplex phase II
│   algorithm = :dual
│   iter = 1
└   time = 0.015400002
[ Info: Starting postsolve cleanup on original LP
[ Info: iter=1 obj=-1.333333333333333333333333333333333333333333333333333333333333333333333333333356 pinf=0.0 (0) dinf=0.6666666666666666666666666666666666666666666666666666666666666666666666666666609 (1) time=0.020952703s
[ Info: iter=1 obj=-6.0 pinf=0.0 (0) dinf=0.0 (0) time=0.022780903s
[ Info: Projected postsolve basis: exchanges=1
[ Info: Starting primal postsolve cleanup from feasible basis
[ Info: Solve finished: status=OPTIMAL objective=-6.0 iterations=1 time=0.025194304s
[ Info: Loaded problem: rows=1 columns=2 nnz=2
[ Info: Starting presolve
[ Info: After presolve: rows=1 columns=2 nnz=2
┌ Info: Starting simplex phase I
│   algorithm = :dual
│   iter = 0
└   time = 0.009856701
[ Info: iter=1 obj=-6.0 pinf=0.0 (0) dinf=0.0 (0) time=0.014894402s
┌ Info: Starting simplex phase II
│   algorithm = :dual
│   iter = 1
└   time = 0.015298002
[ Info: Starting postsolve cleanup on original LP
[ Info: iter=1 obj=-1.333333333333333333333333333333333333333333333333333333333333333333333333333356 pinf=0.0 (0) dinf=0.6666666666666666666666666666666666666666666666666666666666666666666666666666609 (1) time=0.020919103s
[ Info: iter=1 obj=-6.0 pinf=0.0 (0) dinf=0.0 (0) time=0.022855803s
[ Info: Projected postsolve basis: exchanges=1
[ Info: Starting primal postsolve cleanup from feasible basis
[ Info: Solve finished: status=OPTIMAL objective=-6.0 iterations=1 time=0.025307904s
[ Info: Loaded problem: rows=1 columns=2 nnz=2
[ Info: Starting presolve
[ Info: After presolve: rows=1 columns=2 nnz=2
┌ Info: Starting simplex phase II
│   algorithm = :dual
│   iter = 0
└   time = 0.008786101
[ Info: Starting postsolve cleanup on original LP
[ Info: iter=1 obj=-4//3 pinf=0//1 (0) dinf=2//3 (1) time=0.016986102s
[ Info: iter=1 obj=-6//1 pinf=0//1 (0) dinf=0//1 (0) time=0.018891003s
[ Info: Projected postsolve basis: exchanges=1
[ Info: Starting primal postsolve cleanup from feasible basis
[ Info: Solve finished: status=OPTIMAL objective=-6//1 iterations=1 time=0.021295803s
[ Info: Loaded problem: rows=1 columns=2 nnz=2
[ Info: Starting presolve
[ Info: After presolve: rows=1 columns=2 nnz=2
┌ Info: Starting simplex phase II
│   algorithm = :dual
│   iter = 0
└   time = 0.008493001
[ Info: iter=1 obj=-6//1 pinf=0//1 (0) dinf=0//1 (0) time=0.011770502s
[ Info: Starting postsolve cleanup on original LP
[ Info: iter=1 obj=-4//3 pinf=0//1 (0) dinf=2//3 (1) time=0.018025903s
[ Info: iter=1 obj=-6//1 pinf=0//1 (0) dinf=0//1 (0) time=0.020126303s
[ Info: Projected postsolve basis: exchanges=1
[ Info: Starting primal postsolve cleanup from feasible basis
[ Info: Solve finished: status=OPTIMAL objective=-6//1 iterations=1 time=0.022627803s
[ Info: Loaded problem: rows=1 columns=2 nnz=2
[ Info: Starting presolve
[ Info: After presolve: rows=1 columns=2 nnz=2
┌ Info: Starting simplex phase II
│   algorithm = :dual
│   iter = 0
└   time = 0.008360401
[ Info: Starting postsolve cleanup on original LP
[ Info: iter=1 obj=-4//3 pinf=0//1 (0) dinf=2//3 (1) time=0.016052802s
[ Info: iter=1 obj=-6//1 pinf=0//1 (0) dinf=0//1 (0) time=0.017932202s
[ Info: Projected postsolve basis: exchanges=1
[ Info: Starting primal postsolve cleanup from feasible basis
[ Info: Solve finished: status=OPTIMAL objective=-6//1 iterations=1 time=0.020338903s
[ Info: Loaded problem: rows=1 columns=2 nnz=2
[ Info: Starting presolve
[ Info: After presolve: rows=1 columns=2 nnz=2
┌ Info: Starting simplex phase II
│   algorithm = :dual
│   iter = 0
└   time = 0.008492801
[ Info: Starting postsolve cleanup on original LP
[ Info: iter=1 obj=-4//3 pinf=0//1 (0) dinf=2//3 (1) time=0.016144502s
[ Info: iter=1 obj=-6//1 pinf=0//1 (0) dinf=0//1 (0) time=0.018053602s
[ Info: Projected postsolve basis: exchanges=1
[ Info: Starting primal postsolve cleanup from feasible basis
[ Info: Solve finished: status=OPTIMAL objective=-6//1 iterations=1 time=0.020518403s
[ Info: Loaded problem: rows=1 columns=2 nnz=2
[ Info: Starting presolve
[ Info: After presolve: rows=1 columns=2 nnz=2
┌ Info: Starting simplex phase II
│   algorithm = :dual
│   iter = 0
└   time = 0.008618201
[ Info: Starting postsolve cleanup on original LP
[ Info: iter=1 obj=-4//3 pinf=0//1 (0) dinf=2//3 (1) time=0.016245102s
CHECK native_artificial_row
CHECK legacy_primal_direction_price
CHECK legacy_primal_correlated_pivot
CHECK legacy_primal_residual_probe
CHECK simplex_phase_logging
CHECK simplex_precision_phase
[ Info: iter=1 obj=-6//1 pinf=0//1 (0) dinf=0//1 (0) time=0.018135202s
[ Info: Projected postsolve basis: exchanges=1
[ Info: Starting primal postsolve cleanup from feasible basis
[ Info: Solve finished: status=OPTIMAL objective=-6//1 iterations=1 time=0.020606303s
[ Info: Loaded problem: rows=1 columns=2 nnz=2
[ Info: Starting presolve
[ Info: After presolve: rows=1 columns=2 nnz=2
┌ Info: Starting simplex phase I
│   algorithm = :dual
│   iter = 0
└   time = 0.008032701
[ Info: iter=1 obj=-6.0 pinf=0.0 (0) dinf=0.0 (0) time=0.012016702s
┌ Info: Starting simplex phase II
│   algorithm = :dual
│   iter = 1
└   time = 0.012524302
[ Info: Restarting simplex on original LP after NUMERICAL_ERROR: original-objective optimality certificate is inconclusive; completed iterations=1
┌ Info: Starting simplex phase I
│   algorithm = :dual
│   iter = 1
└   time = 0.016199002
[ Info: Solve finished: status=ITERATION_LIMIT reason=iteration limit reached iterations=1 time=0.017688703s
[ Info: Loaded problem: rows=2 columns=2 nnz=4
[ Info: Starting presolve
[ Info: After presolve: rows=2 columns=2 nnz=4
┌ Info: Starting simplex phase II
│   algorithm = :dual
│   iter = 0
└   time = 0.010431701
[ Info: iter=1 obj=-5.0 pinf=0.3333333 (1) dinf=0.0 (0) time=0.013413902s
[ Info: Restarting simplex on original LP after NUMERICAL_ERROR: dual feasibility lost; completed iterations=2
┌ Info: Starting simplex phase II
│   algorithm = :dual
│   iter = 2
└   time = 0.017430902
[ Info: iter=4 obj=12.000002 pinf=2.3841858e-7 (1) dinf=0.0 (0) time=0.021666703s
[ Info: Solve finished: status=NUMERICAL_ERROR reason=Original LP retry failed after NUMERICAL_ERROR (dual feasibility lost): floating row combination does not certify infeasibility iterations=4 time=0.022459203s
[ Info: Loaded problem: rows=2 columns=2 nnz=4
[ Info: Starting presolve
[ Info: After presolve: rows=1 columns=2 nnz=2
┌ Info: Starting simplex phase I
│   algorithm = :dual
│   iter = 0
└   time = 0.008369402
[ Info: iter=1 obj=2.0 pinf=0.0 (0) dinf=0.0 (0) time=0.012470602s
┌ Info: Starting simplex phase II
│   algorithm = :dual
│   iter = 1
└   time = 0.012886102
[ Info: Starting postsolve cleanup on original LP
[ Info: iter=1 obj=2.0 pinf=0.0 (0) dinf=0.0 (0) time=0.016964503s
[ Info: Starting primal postsolve cleanup from feasible basis
[ Info: Retrying postsolve cleanup from restored basis after NUMERICAL_ERROR: original-objective optimality certificate is inconclusive
[ Info: Starting postsolve cleanup on original LP
[ Info: iter=1 obj=2.0 pinf=0.0 (0) dinf=0.0 (0) time=0.020812403s
┌ Info: Starting simplex phase II
│   algorithm = :dual
│   iter = 1
└   time = 0.021801403
[ Info: Restarting simplex on original LP after NUMERICAL_ERROR: original-objective optimality certificate is inconclusive; completed iterations=1
┌ Info: Starting simplex phase I
│   algorithm = :dual
│   iter = 1
└   time = 0.026011804
[ Info: Solve finished: status=NUMERICAL_ERROR reason=Original LP retry failed after NUMERICAL_ERROR (original-objective optimality certificate is inconclusive): auxiliary direction has uncertain feasibility or objective improvement iterations=3 time=0.029931605s
[ Info: Loaded problem: rows=2 columns=2 nnz=4
[ Info: Starting presolve
[ Info: After presolve: rows=2 columns=2 nnz=4
┌ Info: Starting simplex phase II
│   algorithm = :dual
│   iter = 0
└   time = 0.050190808
[ Info: Starting postsolve cleanup on original LP
[ Info: iter=2 obj=12//1 pinf=0//1 (0) dinf=0//1 (0) time=0.06626971s
[ Info: Starting primal postsolve cleanup from feasible basis
[ Info: Solve finished: status=OPTIMAL objective=12//1 iterations=2 time=0.06900381s
[ Info: Loaded problem: rows=2 columns=2 nnz=4
[ Info: Starting presolve
[ Info: After presolve: rows=1 columns=2 nnz=2
┌ Info: Starting simplex phase I
│   algorithm = :dual
│   iter = 0
└   time = 0.009757601
[ Info: iter=1 obj=2//1 pinf=0//1 (0) dinf=0//1 (0) time=0.015408302s
┌ Info: Starting simplex phase II
│   algorithm = :dual
│   iter = 1
└   time = 0.015902702
[ Info: Starting postsolve cleanup on original LP
[ Info: iter=1 obj=2//1 pinf=0//1 (0) dinf=0//1 (0) time=0.023069003s
[ Info: Starting primal postsolve cleanup from feasible basis
[ Info: Solve finished: status=OPTIMAL objective=2//1 iterations=1 time=0.025733603s
[ Info: Loaded problem: rows=2 columns=2 nnz=4
[ Info: Starting presolve
[ Info: After presolve: rows=2 columns=2 nnz=4
┌ Info: Starting simplex phase I
│   algorithm = :dual
│   iter = 0
└   time = 0.007510801
[ Info: iter=2 obj=-1.7592186e13 pinf=0.0 (0) dinf=0.0 (0) time=0.013068002s
┌ Info: Starting simplex phase II
│   algorithm = :dual
│   iter = 2
└   time = 0.013522802
[ Info: Solve finished: status=NUMERICAL_ERROR reason=structural primal failed original-model feasibility checks iterations=2 time=0.014968902s
[ Info: Loaded problem: rows=2 columns=2 nnz=4
[ Info: Starting presolve
[ Info: After presolve: rows=2 columns=2 nnz=4
┌ Info: Starting simplex phase I
│   algorithm = :dual
│   iter = 0
└   time = 0.007747201
[ Info: iter=2 obj=-1.7592186044416062e13 pinf=0.0 (0) dinf=0.0 (0) time=0.017578003s
┌ Info: Starting simplex phase II
│   algorithm = :dual
│   iter = 2
└   time = 0.018024303
[ Info: Solve finished: status=NUMERICAL_ERROR reason=original-objective optimality certificate is inconclusive iterations=2 time=0.019990003s
[ Info: Loaded problem: rows=2 columns=2 nnz=4
[ Info: Starting presolve
[ Info: After presolve: rows=2 columns=2 nnz=4
┌ Info: Starting simplex phase I
│   algorithm = :dual
│   iter = 0
└   time = 0.011185601
[ Info: iter=2 obj=-1.7592186044416e13 pinf=0.0 (0) dinf=0.0 (0) time=0.020381103s
┌ Info: Starting simplex phase II
│   algorithm = :dual
│   iter = 2
└   time = 0.020884603
[ Info: Solve finished: status=OPTIMAL objective=-1.7592186044416e13 iterations=2 time=0.024338303s
[ Info: Loaded problem: rows=2 columns=2 nnz=4
[ Info: Starting presolve
[ Info: After presolve: rows=2 columns=2 nnz=4
┌ Info: Starting simplex phase I
│   algorithm = :dual
│   iter = 0
└   time = 0.009830502
[ Info: iter=2 obj=-17592186044416//1 pinf=0//1 (0) dinf=0//1 (0) time=0.019351203s
┌ Info: Starting simplex phase II
│   algorithm = :dual
│   iter = 2
└   time = 0.019887803
[ Info: Solve finished: status=OPTIMAL objective=-17592186044416//1 iterations=2 time=0.023326304s
[ Info: Loaded problem: rows=2 columns=2 nnz=4
[ Info: Starting presolve
[ Info: After presolve: rows=1 columns=1 nnz=1
[ Info: Solve finished: status=INFEASIBLE reason=row 1 contradicts current column bounds iterations=0 time=0.004320101s
[ Info: Loaded problem: rows=2 columns=2 nnz=4
[ Info: Starting presolve
[ Info: After presolve: rows=1 columns=1 nnz=1
[ Info: Solve finished: status=INFEASIBLE reason=row 1 contradicts current column bounds iterations=0 time=0.003610501s
[ Info: Loaded problem: rows=2 columns=3 nnz=4
[ Info: Starting presolve
[ Info: After presolve: rows=1 columns=2 nnz=1
[ Info: Solve finished: status=INFEASIBLE reason=row 1 contradicts current column bounds iterations=0 time=0.0038508s
[ Info: Loaded problem: rows=2 columns=3 nnz=4
[ Info: Starting presolve
[ Info: After presolve: rows=1 columns=2 nnz=1
[ Info: Solve finished: status=INFEASIBLE reason=row 1 contradicts current column bounds iterations=0 time=0.003821201s
[ Info: Loaded problem: rows=2 columns=2 nnz=4
[ Info: Starting presolve
[ Info: After presolve: rows=1 columns=1 nnz=1
[ Info: Solve finished: status=INFEASIBLE reason=row 1 contradicts current column bounds iterations=0 time=0.004031001s
[ Info: Loaded problem: rows=2 columns=2 nnz=4
[ Info: Starting presolve
[ Info: After presolve: rows=1 columns=1 nnz=1
[ Info: Solve finished: status=INFEASIBLE reason=row 1 contradicts current column bounds iterations=0 time=0.0035922s
[ Info: Loaded problem: rows=2 columns=3 nnz=4
[ Info: Starting presolve
[ Info: After presolve: rows=1 columns=2 nnz=1
[ Info: Solve finished: status=INFEASIBLE reason=row 1 contradicts current column bounds iterations=0 time=0.0037667s
[ Info: Loaded problem: rows=2 columns=3 nnz=4
[ Info: Starting presolve
[ Info: After presolve: rows=1 columns=2 nnz=1
[ Info: Solve finished: status=INFEASIBLE reason=row 1 contradicts current column bounds iterations=0 time=0.003761501s
[ Info: Loaded problem: rows=2 columns=2 nnz=4
[ Info: Starting presolve
[ Info: After presolve: rows=1 columns=1 nnz=1
[ Info: Solve finished: status=INFEASIBLE reason=row 1 contradicts current column bounds iterations=0 time=0.010355202s
[ Info: Loaded problem: rows=2 columns=2 nnz=4
[ Info: Starting presolve
[ Info: After presolve: rows=1 columns=1 nnz=1
[ Info: Solve finished: status=INFEASIBLE reason=row 1 contradicts current column bounds iterations=0 time=0.0044277s
[ Info: Loaded problem: rows=2 columns=3 nnz=4
[ Info: Starting presolve
[ Info: After presolve: rows=1 columns=2 nnz=1
[ Info: Solve finished: status=INFEASIBLE reason=row 1 contradicts current column bounds iterations=0 time=0.0045997s
[ Info: Loaded problem: rows=2 columns=3 nnz=4
[ Info: Starting presolve
[ Info: After presolve: rows=1 columns=2 nnz=1
[ Info: Solve finished: status=INFEASIBLE reason=row 1 contradicts current column bounds iterations=0 time=0.004787401s
[ Info: Loaded problem: rows=2 columns=2 nnz=4
[ Info: Starting presolve
[ Info: After presolve: rows=0 columns=1 nnz=0
[ Info: Solve finished: status=INFEASIBLE reason=singleton row 2 contradicts column bounds iterations=0 time=0.002238101s
[ Info: Loaded problem: rows=2 columns=2 nnz=4
[ Info: Starting presolve
[ Info: After presolve: rows=0 columns=1 nnz=0
[ Info: Solve finished: status=INFEASIBLE reason=singleton row 2 contradicts column bounds iterations=0 time=0.0020471s
[ Info: Loaded problem: rows=2 columns=3 nnz=4
[ Info: Starting presolve
[ Info: After presolve: rows=0 columns=2 nnz=0
[ Info: Solve finished: status=INFEASIBLE reason=singleton row 2 contradicts column bounds iterations=0 time=0.002227301s
[ Info: Loaded problem: rows=2 columns=3 nnz=4
[ Info: Starting presolve
[ Info: After presolve: rows=0 columns=2 nnz=0
[ Info: Solve finished: status=INFEASIBLE reason=singleton row 2 contradicts column bounds iterations=0 time=0.0021802s
[ Info: Loaded problem: rows=3 columns=4 nnz=6
[ Info: Starting presolve
[ Info: After presolve: rows=0 columns=0 nnz=0
┌ Info: Starting simplex phase II
│   algorithm = :dual
│   iter = 0
└   time = 0.019975803
[ Info: Starting postsolve cleanup on original LP
[ Info: iter=0 obj=0.0 pinf=0.0 (0) dinf=0.0 (0) time=0.024990304s
[ Info: Starting primal postsolve cleanup from feasible basis
[ Info: Solve finished: status=OPTIMAL objective=0.0 iterations=0 time=0.027700804s
[ Info: Loaded problem: rows=3 columns=4 nnz=6
[ Info: Starting presolve
[ Info: After presolve: rows=0 columns=0 nnz=0
┌ Info: Starting simplex phase II
│   algorithm = :dual
│   iter = 0
└   time = 0.009513902
[ Info: Starting postsolve cleanup on original LP
[ Info: iter=0 obj=0.0 pinf=0.0 (0) dinf=0.0 (0) time=0.014074802s
[ Info: Starting primal postsolve cleanup from feasible basis
[ Info: Solve finished: status=OPTIMAL objective=0.0 iterations=0 time=0.016699103s
[ Info: Loaded problem: rows=3 columns=4 nnz=6
[ Info: Starting presolve
[ Info: After presolve: rows=0 columns=0 nnz=0
┌ Info: Starting simplex phase II
│   algorithm = :dual
│   iter = 0
└   time = 0.009226002
[ Info: Starting postsolve cleanup on original LP
[ Info: iter=0 obj=0.0 pinf=0.0 (0) dinf=0.0 (0) time=0.013943902s
[ Info: Starting primal postsolve cleanup from feasible basis
[ Info: Solve finished: status=OPTIMAL objective=0.0 iterations=0 time=0.016528603s
[ Info: Loaded problem: rows=3 columns=4 nnz=6
[ Info: Starting presolve
[ Info: After presolve: rows=0 columns=0 nnz=0
┌ Info: Starting simplex phase II
│   algorithm = :dual
│   iter = 0
└   time = 0.009142101
[ Info: Starting postsolve cleanup on original LP
[ Info: iter=0 obj=0.0 pinf=0.0 (0) dinf=0.0 (0) time=0.013832702s
[ Info: Starting primal postsolve cleanup from feasible basis
[ Info: Solve finished: status=OPTIMAL objective=0.0 iterations=0 time=0.016491402s
[ Info: Loaded problem: rows=3 columns=4 nnz=6
[ Info: Starting presolve
[ Info: After presolve: rows=0 columns=0 nnz=0
┌ Info: Starting simplex phase II
│   algorithm = :dual
│   iter = 0
└   time = 0.009363001
[ Info: Starting postsolve cleanup on original LP
[ Info: iter=0 obj=0.0 pinf=0.0 (0) dinf=0.0 (0) time=0.014443002s
[ Info: Starting primal postsolve cleanup from feasible basis
[ Info: Solve finished: status=OPTIMAL objective=0.0 iterations=0 time=0.017010202s
[ Info: Loaded problem: rows=3 columns=4 nnz=6
[ Info: Starting presolve
[ Info: After presolve: rows=0 columns=0 nnz=0
┌ Info: Starting simplex phase II
│   algorithm = :dual
│   iter = 0
└   time = 0.009089201
[ Info: Starting postsolve cleanup on original LP
[ Info: iter=0 obj=0.0 pinf=0.0 (0) dinf=0.0 (0) time=0.013842502s
[ Info: Starting primal postsolve cleanup from feasible basis
[ Info: Solve finished: status=OPTIMAL objective=0.0 iterations=0 time=0.016283702s
[ Info: Loaded problem: rows=3 columns=4 nnz=6
[ Info: Starting presolve
[ Info: After presolve: rows=0 columns=0 nnz=0
┌ Info: Starting simplex phase II
│   algorithm = :dual
│   iter = 0
└   time = 0.009033002
[ Info: Starting postsolve cleanup on original LP
[ Info: iter=0 obj=0.0 pinf=0.0 (0) dinf=0.0 (0) time=0.014015902s
[ Info: Starting primal postsolve cleanup from feasible basis
[ Info: Solve finished: status=OPTIMAL objective=0.0 iterations=0 time=0.016465903s
[ Info: Loaded problem: rows=3 columns=4 nnz=6
[ Info: Starting presolve
[ Info: After presolve: rows=0 columns=0 nnz=0
┌ Info: Starting simplex phase II
│   algorithm = :dual
│   iter = 0
└   time = 0.008981401
[ Info: Starting postsolve cleanup on original LP
[ Info: iter=0 obj=0.0 pinf=0.0 (0) dinf=0.0 (0) time=0.014059602s
[ Info: Starting primal postsolve cleanup from feasible basis
[ Info: Solve finished: status=OPTIMAL objective=0.0 iterations=0 time=0.016532003s
[ Info: Loaded problem: rows=3 columns=4 nnz=6
[ Info: Starting presolve
[ Info: After presolve: rows=0 columns=0 nnz=0
┌ Info: Starting simplex phase II
│   algorithm = :dual
│   iter = 0
└   time = 0.016518502
[ Info: Starting postsolve cleanup on original LP
[ Info: iter=0 obj=1.0 pinf=0.0 (0) dinf=1.0 (1) time=0.025043104s
[ Info: iter=0 obj=0.0 pinf=0.0 (0) dinf=0.0 (0) time=0.029831404s
[ Info: Projected postsolve basis: exchanges=1
[ Info: Starting primal postsolve cleanup from feasible basis
[ Info: Solve finished: status=OPTIMAL objective=0.0 iterations=0 time=0.033664605s
[ Info: Loaded problem: rows=3 columns=4 nnz=6
[ Info: Starting presolve
[ Info: After presolve: rows=0 columns=0 nnz=0
┌ Info: Starting simplex phase II
│   algorithm = :dual
│   iter = 0
└   time = 0.009928302
[ Info: Starting postsolve cleanup on original LP
[ Info: iter=0 obj=1.0 pinf=0.0 (0) dinf=1.0 (1) time=0.018073203s
[ Info: iter=0 obj=0.0 pinf=0.0 (0) dinf=0.0 (0) time=0.022048004s
[ Info: Projected postsolve basis: exchanges=1
[ Info: Starting primal postsolve cleanup from feasible basis
[ Info: Solve finished: status=OPTIMAL objective=0.0 iterations=0 time=0.025800404s
[ Info: Loaded problem: rows=3 columns=4 nnz=6
[ Info: Starting presolve
[ Info: After presolve: rows=0 columns=0 nnz=0
┌ Info: Starting simplex phase II
│   algorithm = :dual
│   iter = 0
└   time = 0.009927501
[ Info: Starting postsolve cleanup on original LP
[ Info: iter=0 obj=-1.0 pinf=0.0 (0) dinf=1.0 (1) time=0.019034002s
[ Info: iter=0 obj=0.0 pinf=0.0 (0) dinf=0.0 (0) time=0.023601703s
[ Info: Projected postsolve basis: exchanges=1
[ Info: Starting primal postsolve cleanup from feasible basis
[ Info: Solve finished: status=OPTIMAL objective=0.0 iterations=0 time=0.027260604s
[ Info: Loaded problem: rows=3 columns=4 nnz=6
[ Info: Starting presolve
[ Info: After presolve: rows=0 columns=0 nnz=0
┌ Info: Starting simplex phase II
│   algorithm = :dual
│   iter = 0
└   time = 0.009793401
[ Info: Starting postsolve cleanup on original LP
[ Info: iter=0 obj=-1.0 pinf=0.0 (0) dinf=1.0 (1) time=0.018336503s
[ Info: iter=0 obj=0.0 pinf=0.0 (0) dinf=0.0 (0) time=0.022356103s
[ Info: Projected postsolve basis: exchanges=1
[ Info: Starting primal postsolve cleanup from feasible basis
[ Info: Solve finished: status=OPTIMAL objective=0.0 iterations=0 time=0.026048504s
[ Info: Loaded problem: rows=3 columns=4 nnz=6
[ Info: Starting presolve
[ Info: After presolve: rows=0 columns=0 nnz=0
┌ Info: Starting simplex phase II
│   algorithm = :dual
│   iter = 0
└   time = 0.014796202
[ Info: Starting postsolve cleanup on original LP
[ Info: iter=0 obj=1//1 pinf=0//1 (0) dinf=1//1 (1) time=0.023934804s
[ Info: iter=0 obj=0//1 pinf=0//1 (0) dinf=0//1 (0) time=0.029426105s
[ Info: Projected postsolve basis: exchanges=1
[ Info: Starting primal postsolve cleanup from feasible basis
[ Info: Solve finished: status=OPTIMAL objective=0//1 iterations=0 time=0.033948205s
[ Info: Loaded problem: rows=3 columns=4 nnz=6
[ Info: Starting presolve
[ Info: After presolve: rows=0 columns=0 nnz=0
┌ Info: Starting simplex phase II
│   algorithm = :dual
│   iter = 0
└   time = 0.008775701
[ Info: Starting postsolve cleanup on original LP
[ Info: iter=0 obj=1//1 pinf=0//1 (0) dinf=1//1 (1) time=0.017387502s
[ Info: iter=0 obj=0//1 pinf=0//1 (0) dinf=0//1 (0) time=0.021548403s
[ Info: Projected postsolve basis: exchanges=1
[ Info: Starting primal postsolve cleanup from feasible basis
[ Info: Solve finished: status=OPTIMAL objective=0//1 iterations=0 time=0.025485503s
[ Info: Loaded problem: rows=3 columns=4 nnz=6
[ Info: Starting presolve
[ Info: After presolve: rows=0 columns=0 nnz=0
┌ Info: Starting simplex phase II
│   algorithm = :dual
│   iter = 0
└   time = 0.008436401
[ Info: Starting postsolve cleanup on original LP
[ Info: iter=0 obj=-1//1 pinf=0//1 (0) dinf=1//1 (1) time=0.016746402s
[ Info: iter=0 obj=0//1 pinf=0//1 (0) dinf=0//1 (0) time=0.021594903s
[ Info: Projected postsolve basis: exchanges=1
[ Info: Starting primal postsolve cleanup from feasible basis
[ Info: Solve finished: status=OPTIMAL objective=0//1 iterations=0 time=0.025656604s
[ Info: Loaded problem: rows=3 columns=4 nnz=6
[ Info: Starting presolve
[ Info: After presolve: rows=0 columns=0 nnz=0
┌ Info: Starting simplex phase II
│   algorithm = :dual
│   iter = 0
└   time = 0.007969701
[ Info: Starting postsolve cleanup on original LP
[ Info: iter=0 obj=-1//1 pinf=0//1 (0) dinf=1//1 (1) time=0.016434302s
[ Info: iter=0 obj=0//1 pinf=0//1 (0) dinf=0//1 (0) time=0.020447703s
[ Info: Projected postsolve basis: exchanges=1
[ Info: Starting primal postsolve cleanup from feasible basis
[ Info: Solve finished: status=OPTIMAL objective=0//1 iterations=0 time=0.024407103s
Test Summary:                                           |  Pass  Total     Time
Dual pivot consistency and simplex semantic regressions | 14592  14592  2m19.4s
