START 1/1 Dict{String, Any}("job_index" => 1, "seconds" => 90, "reader" => "permuted", "algorithm" => "primal", "id" => "miplib/mod010", "manager" => "pfi", "seed" => 1)
PRICE_REJECT Dict{String, Any}("cached" => -3.353798720221825e-16, "iteration" => 272, "direction_norm" => 1.0000000000000007, "price_tolerance" => 0.0, "implied_dot" => -3.4000580129145385e-16, "nonzero_basic_costs" => 2, "basis_updates" => 32, "entering" => 1688)
PRICE_REJECT Dict{String, Any}("cached" => -3.4675710628843574e-16, "iteration" => 272, "direction_norm" => 1.0, "price_tolerance" => 0.0, "implied_dot" => -2.8293370767995773e-16, "nonzero_basic_costs" => 2, "basis_updates" => 0, "entering" => 1071)
PRICE_REJECT Dict{String, Any}("cached" => -2.925663709612929e-16, "iteration" => 272, "direction_norm" => 1.0000000000000004, "price_tolerance" => 0.0, "implied_dot" => -1.1102230246251568e-16, "nonzero_basic_costs" => 2, "basis_updates" => 0, "entering" => 341)
PRICE_REJECT Dict{String, Any}("cached" => -2.925663709612927e-16, "iteration" => 272, "direction_norm" => 1.0, "price_tolerance" => 0.0, "implied_dot" => 5.5511151231257815e-17, "nonzero_basic_costs" => 2, "basis_updates" => 0, "entering" => 1967)
PRICE_REJECT Dict{String, Any}("cached" => -2.692491357080097e-16, "iteration" => 272, "direction_norm" => 1.0000000000000002, "price_tolerance" => 0.0, "implied_dot" => 1.0078627131091867e-17, "nonzero_basic_costs" => 2, "basis_updates" => 0, "entering" => 1654)
PRICE_REJECT Dict{String, Any}("cached" => -2.692491357080099e-16, "iteration" => 272, "direction_norm" => 1.0000000000000002, "price_tolerance" => 0.0, "implied_dot" => 1.0078627131091867e-17, "nonzero_basic_costs" => 2, "basis_updates" => 0, "entering" => 767)
PRICE_REJECT Dict{String, Any}("cached" => -6.197457320061299e-16, "iteration" => 272, "direction_norm" => 2.090909090909091, "price_tolerance" => 0.0, "implied_dot" => -1.5139404881252362e-17, "nonzero_basic_costs" => 2, "basis_updates" => 0, "entering" => 806)
PRICE_REJECT Dict{String, Any}("cached" => -1.794860556477335e-16, "iteration" => 272, "direction_norm" => 1.0000000000000002, "price_tolerance" => 0.0, "implied_dot" => 3.196096586042031e-17, "nonzero_basic_costs" => 2, "basis_updates" => 0, "entering" => 1082)
PRICE_REJECT Dict{String, Any}("cached" => -2.0354088784794504e-16, "iteration" => 272, "direction_norm" => 1.0, "price_tolerance" => 0.0, "implied_dot" => -1.3982276309435055e-16, "nonzero_basic_costs" => 2, "basis_updates" => 0, "entering" => 1874)
PRICE_REJECT Dict{String, Any}("cached" => -6.931918979166136e-16, "iteration" => 272, "direction_norm" => 2.545454545454542, "price_tolerance" => 0.0, "implied_dot" => -1.4634758051877117e-16, "nonzero_basic_costs" => 2, "basis_updates" => 0, "entering" => 1430)
PRICE_REJECT Dict{String, Any}("cached" => -6.931918979166136e-16, "iteration" => 272, "direction_norm" => 2.545454545454542, "price_tolerance" => 0.0, "implied_dot" => -1.4634758051877117e-16, "nonzero_basic_costs" => 2, "basis_updates" => 0, "entering" => 5)
PRICE_REJECT Dict{String, Any}("cached" => -2.309741488033153e-16, "iteration" => 272, "direction_norm" => 1.0000000000000002, "price_tolerance" => 0.0, "implied_dot" => 1.126926667226333e-16, "nonzero_basic_costs" => 2, "basis_updates" => 0, "entering" => 518)
PRICE_REJECT Dict{String, Any}("cached" => -2.309741488033153e-16, "iteration" => 272, "direction_norm" => 1.0000000000000009, "price_tolerance" => 0.0, "implied_dot" => -5.377710301253504e-18, "nonzero_basic_costs" => 2, "basis_updates" => 0, "entering" => 2428)
PRICE_REJECT Dict{String, Any}("cached" => -6.931918979166136e-16, "iteration" => 272, "direction_norm" => 2.545454545454542, "price_tolerance" => 0.0, "implied_dot" => -1.4634758051877117e-16, "nonzero_basic_costs" => 2, "basis_updates" => 0, "entering" => 84)
PRICE_REJECT Dict{String, Any}("cached" => -3.7878212771734107e-16, "iteration" => 272, "direction_norm" => 1.5454545454545432, "price_tolerance" => 0.0, "implied_dot" => -3.128810342125444e-16, "nonzero_basic_costs" => 2, "basis_updates" => 0, "entering" => 2210)
PRICE_REJECT Dict{String, Any}("cached" => -8.867292137197605e-16, "iteration" => 272, "direction_norm" => 3.090909090909085, "price_tolerance" => 0.0, "implied_dot" => -2.926951610375425e-16, "nonzero_basic_costs" => 2, "basis_updates" => 0, "entering" => 862)
PRICE_REJECT Dict{String, Any}("cached" => -3.7878212771734126e-16, "iteration" => 272, "direction_norm" => 1.5454545454545432, "price_tolerance" => 0.0, "implied_dot" => -3.128810342125444e-16, "nonzero_basic_costs" => 2, "basis_updates" => 0, "entering" => 1289)
PRICE_REJECT Dict{String, Any}("cached" => -4.4195838916374855e-16, "iteration" => 272, "direction_norm" => 1.5454545454545425, "price_tolerance" => 0.0, "implied_dot" => -1.8167285857502634e-16, "nonzero_basic_costs" => 2, "basis_updates" => 0, "entering" => 568)
PRICE_REJECT Dict{String, Any}("cached" => -3.554648924640581e-16, "iteration" => 272, "direction_norm" => 1.2954545454545445, "price_tolerance" => 0.0, "implied_dot" => 2.1447490248440493e-16, "nonzero_basic_costs" => 2, "basis_updates" => 0, "entering" => 1413)
PRICE_REJECT Dict{String, Any}("cached" => -2.309741488033155e-16, "iteration" => 272, "direction_norm" => 1.000000000000001, "price_tolerance" => 0.0, "implied_dot" => -5.377710301253504e-18, "nonzero_basic_costs" => 2, "basis_updates" => 0, "entering" => 2459)
PRICE_REJECT Dict{String, Any}("cached" => -1.3823380571522506e-16, "iteration" => 272, "direction_norm" => 1.0, "price_tolerance" => 0.0, "implied_dot" => 5.5511151231257815e-17, "nonzero_basic_costs" => 2, "basis_updates" => 0, "entering" => 2635)
PRICE_REJECT Dict{String, Any}("cached" => -1.3823380571522526e-16, "iteration" => 272, "direction_norm" => 1.0000000000000004, "price_tolerance" => 0.0, "implied_dot" => -1.1102230246251568e-16, "nonzero_basic_costs" => 2, "basis_updates" => 0, "entering" => 1672)
PRICE_REJECT Dict{String, Any}("cached" => -1.3823380571522506e-16, "iteration" => 272, "direction_norm" => 1.0000000000000004, "price_tolerance" => 0.0, "implied_dot" => -1.1102230246251568e-16, "nonzero_basic_costs" => 2, "basis_updates" => 0, "entering" => 338)
PRICE_REJECT Dict{String, Any}("cached" => -1.3823380571522506e-16, "iteration" => 272, "direction_norm" => 1.0000000000000004, "price_tolerance" => 0.0, "implied_dot" => -1.1102230246251568e-16, "nonzero_basic_costs" => 2, "basis_updates" => 0, "entering" => 2175)
PRICE_REJECT Dict{String, Any}("cached" => -1.3823380571522526e-16, "iteration" => 272, "direction_norm" => 1.0000000000000004, "price_tolerance" => 0.0, "implied_dot" => -1.1102230246251568e-16, "nonzero_basic_costs" => 2, "basis_updates" => 0, "entering" => 2209)
PRICE_REJECT Dict{String, Any}("cached" => -1.3823380571522506e-16, "iteration" => 272, "direction_norm" => 1.0000000000000004, "price_tolerance" => 0.0, "implied_dot" => -1.1102230246251568e-16, "nonzero_basic_costs" => 2, "basis_updates" => 0, "entering" => 1367)
PRICE_REJECT Dict{String, Any}("cached" => -1.3823380571522506e-16, "iteration" => 272, "direction_norm" => 1.0, "price_tolerance" => 0.0, "implied_dot" => 5.5511151231257815e-17, "nonzero_basic_costs" => 2, "basis_updates" => 0, "entering" => 836)
PRICE_REJECT Dict{String, Any}("cached" => -2.1979130628114396e-16, "iteration" => 272, "direction_norm" => 1.1818181818181825, "price_tolerance" => 0.0, "implied_dot" => -5.046468293750504e-18, "nonzero_basic_costs" => 2, "basis_updates" => 0, "entering" => 533)
PRICE_REJECT Dict{String, Any}("cached" => -2.4096360428878886e-16, "iteration" => 272, "direction_norm" => 1.0227272727272725, "price_tolerance" => 0.0, "implied_dot" => 2.018587317500296e-17, "nonzero_basic_costs" => 2, "basis_updates" => 0, "entering" => 1514)
PRICE_REJECT Dict{String, Any}("cached" => -9.056482130835182e-16, "iteration" => 272, "direction_norm" => 3.886363636363632, "price_tolerance" => 0.0, "implied_dot" => 6.711802830688436e-16, "nonzero_basic_costs" => 2, "basis_updates" => 0, "entering" => 1809)
PRICE_REJECT Dict{String, Any}("cached" => -7.794076546726622e-16, "iteration" => 272, "direction_norm" => 3.0909090909090855, "price_tolerance" => 0.0, "implied_dot" => -7.367843708876054e-16, "nonzero_basic_costs" => 2, "basis_updates" => 0, "entering" => 423)
PRICE_REJECT Dict{String, Any}("cached" => -2.309741488033153e-16, "iteration" => 272, "direction_norm" => 1.0000000000000002, "price_tolerance" => 0.0, "implied_dot" => 1.126926667226333e-16, "nonzero_basic_costs" => 2, "basis_updates" => 0, "entering" => 940)
PRICE_REJECT Dict{String, Any}("cached" => -1.4412561458663201e-15, "iteration" => 272, "direction_norm" => 7.090909090909075, "price_tolerance" => 0.0, "implied_dot" => -3.4820631226880115e-16, "nonzero_basic_costs" => 2, "basis_updates" => 0, "entering" => 742)
PRICE_REJECT Dict{String, Any}("cached" => -5.38859332670546e-16, "iteration" => 272, "direction_norm" => 2.545454545454542, "price_tolerance" => 0.0, "implied_dot" => -1.4634758051877117e-16, "nonzero_basic_costs" => 2, "basis_updates" => 0, "entering" => 359)
PRICE_REJECT Dict{String, Any}("cached" => -2.0354088784794504e-16, "iteration" => 272, "direction_norm" => 1.0000000000000024, "price_tolerance" => 0.0, "implied_dot" => 8.082542880354573e-17, "nonzero_basic_costs" => 2, "basis_updates" => 0, "entering" => 2248)
PRICE_REJECT Dict{String, Any}("cached" => -5.38859332670546e-16, "iteration" => 272, "direction_norm" => 2.545454545454542, "price_tolerance" => 0.0, "implied_dot" => -1.4634758051877117e-16, "nonzero_basic_costs" => 2, "basis_updates" => 0, "entering" => 242)
PRICE_REJECT Dict{String, Any}("cached" => -2.4096360428878866e-16, "iteration" => 272, "direction_norm" => 1.0000000000000004, "price_tolerance" => 0.0, "implied_dot" => 7.04928539783303e-17, "nonzero_basic_costs" => 2, "basis_updates" => 0, "entering" => 132)
PRICE_REJECT Dict{String, Any}("cached" => -3.871288526384412e-16, "iteration" => 272, "direction_norm" => 2.0909090909090904, "price_tolerance" => 0.0, "implied_dot" => 4.844609562000683e-16, "nonzero_basic_costs" => 2, "basis_updates" => 0, "entering" => 153)
PRICE_REJECT Dict{String, Any}("cached" => -5.38859332670546e-16, "iteration" => 272, "direction_norm" => 2.545454545454542, "price_tolerance" => 0.0, "implied_dot" => 1.867193268687758e-16, "nonzero_basic_costs" => 2, "basis_updates" => 0, "entering" => 1365)
PRICE_REJECT Dict{String, Any}("cached" => -3.6843161097734646e-16, "iteration" => 272, "direction_norm" => 2.0454545454545423, "price_tolerance" => 0.0, "implied_dot" => -3.128810342125446e-16, "nonzero_basic_costs" => 2, "basis_updates" => 0, "entering" => 2068)
PRICE_REJECT Dict{String, Any}("cached" => -4.125041007427675e-16, "iteration" => 272, "direction_norm" => 2.090909090909091, "price_tolerance" => 0.0, "implied_dot" => -3.4820631226879933e-16, "nonzero_basic_costs" => 2, "basis_updates" => 0, "entering" => 2396)
PRICE_REJECT Dict{String, Any}("cached" => -4.3201629809589956e-16, "iteration" => 272, "direction_norm" => 1.6363636363636342, "price_tolerance" => 0.0, "implied_dot" => 6.711802830688442e-16, "nonzero_basic_costs" => 2, "basis_updates" => 0, "entering" => 261)
PRICE_REJECT Dict{String, Any}("cached" => -5.38859332670546e-16, "iteration" => 272, "direction_norm" => 2.545454545454542, "price_tolerance" => 0.0, "implied_dot" => 1.867193268687758e-16, "nonzero_basic_costs" => 2, "basis_updates" => 0, "entering" => 438)
PRICE_REJECT Dict{String, Any}("cached" => -3.6843161097734646e-16, "iteration" => 272, "direction_norm" => 2.0454545454545396, "price_tolerance" => 0.0, "implied_dot" => -9.083642928751359e-17, "nonzero_basic_costs" => 2, "basis_updates" => 0, "entering" => 1954)
PRICE_REJECT Dict{String, Any}("cached" => -5.38859332670546e-16, "iteration" => 272, "direction_norm" => 2.545454545454542, "price_tolerance" => 0.0, "implied_dot" => 1.867193268687758e-16, "nonzero_basic_costs" => 2, "basis_updates" => 0, "entering" => 1850)
PRICE_REJECT Dict{String, Any}("cached" => -1.0975569148816176e-15, "iteration" => 272, "direction_norm" => 5.636363636363628, "price_tolerance" => 0.0, "implied_dot" => 1.7157992198752286e-16, "nonzero_basic_costs" => 2, "basis_updates" => 0, "entering" => 2432)
PRICE_REJECT Dict{String, Any}("cached" => -2.6428083954207184e-16, "iteration" => 272, "direction_norm" => 1.545454545454545, "price_tolerance" => 0.0, "implied_dot" => -1.4461285704279392e-16, "nonzero_basic_costs" => 2, "basis_updates" => 0, "entering" => 995)
PRICE_REJECT Dict{String, Any}("cached" => -8.131296276980882e-16, "iteration" => 272, "direction_norm" => 3.886363636363631, "price_tolerance" => 0.0, "implied_dot" => -6.610873464813446e-16, "nonzero_basic_costs" => 2, "basis_updates" => 0, "entering" => 1830)
PRICE_REJECT Dict{String, Any}("cached" => -5.09475143049868e-16, "iteration" => 272, "direction_norm" => 3.0909090909090886, "price_tolerance" => 0.0, "implied_dot" => -2.3718400980628397e-16, "nonzero_basic_costs" => 2, "basis_updates" => 0, "entering" => 2340)
PRICE_REJECT Dict{String, Any}("cached" => -1.480297366166872e-16, "iteration" => 272, "direction_norm" => 1.0, "price_tolerance" => 0.0, "implied_dot" => -3.700743415417187e-17, "nonzero_basic_costs" => 2, "basis_updates" => 0, "entering" => 1837)
PRICE_REJECT Dict{String, Any}("cached" => -7.04600565054966e-16, "iteration" => 272, "direction_norm" => 3.5909090909090855, "price_tolerance" => 0.0, "implied_dot" => 4.037174635000477e-17, "nonzero_basic_costs" => 2, "basis_updates" => 0, "entering" => 2245)
PRICE_REJECT Dict{String, Any}("cached" => -4.3287230608688827e-16, "iteration" => 272, "direction_norm" => 2.545454545454544, "price_tolerance" => 0.0, "implied_dot" => 1.3120817563751829e-16, "nonzero_basic_costs" => 2, "basis_updates" => 0, "entering" => 1526)
PRICE_REJECT Dict{String, Any}("cached" => -2.1353034333341821e-16, "iteration" => 272, "direction_norm" => 1.0, "price_tolerance" => 0.0, "implied_dot" => -4.746834238809291e-17, "nonzero_basic_costs" => 2, "basis_updates" => 0, "entering" => 398)
PRICE_REJECT Dict{String, Any}("cached" => -1.2869235806202525e-15, "iteration" => 272, "direction_norm" => 7.090909090909075, "price_tolerance" => 0.0, "implied_dot" => -3.4820631226880115e-16, "nonzero_basic_costs" => 2, "basis_updates" => 0, "entering" => 350)
PRICE_REJECT Dict{String, Any}("cached" => -6.748958219828659e-16, "iteration" => 272, "direction_norm" => 3.6363636363636336, "price_tolerance" => 0.0, "implied_dot" => -2.1699813663128114e-16, "nonzero_basic_costs" => 2, "basis_updates" => 0, "entering" => 199)
PRICE_REJECT Dict{String, Any}("cached" => -6.748958219828663e-16, "iteration" => 272, "direction_norm" => 3.6363636363636336, "price_tolerance" => 0.0, "implied_dot" => -2.1699813663128114e-16, "nonzero_basic_costs" => 2, "basis_updates" => 0, "entering" => 1010)
PRICE_REJECT Dict{String, Any}("cached" => -6.748958219828659e-16, "iteration" => 272, "direction_norm" => 3.6363636363636336, "price_tolerance" => 0.0, "implied_dot" => -2.1699813663128114e-16, "nonzero_basic_costs" => 2, "basis_updates" => 0, "entering" => 2034)
PRICE_REJECT Dict{String, Any}("cached" => -1.6653345369377368e-16, "iteration" => 272, "direction_norm" => 1.000000000000001, "price_tolerance" => 0.0, "implied_dot" => -1.7634930844196488e-16, "nonzero_basic_costs" => 2, "basis_updates" => 0, "entering" => 1865)
PRICE_REJECT Dict{String, Any}("cached" => -2.4096360428878886e-16, "iteration" => 272, "direction_norm" => 1.272727272727273, "price_tolerance" => 0.0, "implied_dot" => -6.308085367187521e-19, "nonzero_basic_costs" => 2, "basis_updates" => 0, "entering" => 1096)
PRICE_REJECT Dict{String, Any}("cached" => -5.101986234374734e-16, "iteration" => 272, "direction_norm" => 2.8863636363636336, "price_tolerance" => 0.0, "implied_dot" => -2.7250928786253907e-16, "nonzero_basic_costs" => 2, "basis_updates" => 0, "entering" => 442)
PRICE_REJECT Dict{String, Any}("cached" => -1.2869235806202525e-15, "iteration" => 272, "direction_norm" => 7.090909090909075, "price_tolerance" => 0.0, "implied_dot" => -3.4820631226880115e-16, "nonzero_basic_costs" => 2, "basis_updates" => 0, "entering" => 1130)
PRICE_REJECT Dict{String, Any}("cached" => -4.960931422499127e-16, "iteration" => 272, "direction_norm" => 2.0909090909090864, "price_tolerance" => 0.0, "implied_dot" => -7.065055611251091e-17, "nonzero_basic_costs" => 2, "basis_updates" => 0, "entering" => 2640)
PRICE_REJECT Dict{String, Any}("cached" => -6.748958219828663e-16, "iteration" => 272, "direction_norm" => 3.6363636363636336, "price_tolerance" => 0.0, "implied_dot" => -2.1699813663128114e-16, "nonzero_basic_costs" => 2, "basis_updates" => 0, "entering" => 430)
PRICE_REJECT Dict{String, Any}("cached" => -6.54695153309256e-16, "iteration" => 272, "direction_norm" => 3.2954545454545414, "price_tolerance" => 0.0, "implied_dot" => -9.235036977563812e-16, "nonzero_basic_costs" => 2, "basis_updates" => 0, "entering" => 893)
PRICE_REJECT Dict{String, Any}("cached" => -1.487803691978291e-15, "iteration" => 272, "direction_norm" => 7.272727272727259, "price_tolerance" => 0.0, "implied_dot" => 8.982713562876254e-16, "nonzero_basic_costs" => 2, "basis_updates" => 0, "entering" => 1647)
PRICE_REJECT Dict{String, Any}("cached" => -1.1491657046194208e-16, "iteration" => 272, "direction_norm" => 1.0, "price_tolerance" => 0.0, "implied_dot" => -7.613918660931429e-17, "nonzero_basic_costs" => 2, "basis_updates" => 0, "entering" => 2573)
PRICE_REJECT Dict{String, Any}("cached" => -1.1491657046194208e-16, "iteration" => 272, "direction_norm" => 1.0, "price_tolerance" => 0.0, "implied_dot" => -7.613918660931429e-17, "nonzero_basic_costs" => 2, "basis_updates" => 0, "entering" => 782)
PRICE_REJECT Dict{String, Any}("cached" => -7.576184764668308e-16, "iteration" => 272, "direction_norm" => 3.886363636363632, "price_tolerance" => 0.0, "implied_dot" => 6.711802830688436e-16, "nonzero_basic_costs" => 2, "basis_updates" => 0, "entering" => 678)
PRICE_REJECT Dict{String, Any}("cached" => -3.0019137670362184e-16, "iteration" => 272, "direction_norm" => 1.0000000000000024, "price_tolerance" => 0.0, "implied_dot" => -7.14404381063145e-16, "nonzero_basic_costs" => 2, "basis_updates" => 0, "entering" => 1772)
PRICE_REJECT Dict{String, Any}("cached" => -7.028319282257543e-16, "iteration" => 272, "direction_norm" => 3.5909090909090833, "price_tolerance" => 0.0, "implied_dot" => 4.289498049688096e-16, "nonzero_basic_costs" => 2, "basis_updates" => 0, "entering" => 1811)
PRICE_REJECT Dict{String, Any}("cached" => -4.859502666532512e-16, "iteration" => 272, "direction_norm" => 2.545454545454542, "price_tolerance" => 0.0, "implied_dot" => 1.867193268687758e-16, "nonzero_basic_costs" => 2, "basis_updates" => 0, "entering" => 590)
PRICE_REJECT Dict{String, Any}("cached" => -4.859502666532514e-16, "iteration" => 272, "direction_norm" => 2.545454545454542, "price_tolerance" => 0.0, "implied_dot" => 1.867193268687758e-16, "nonzero_basic_costs" => 2, "basis_updates" => 0, "entering" => 1473)
PRICE_REJECT Dict{String, Any}("cached" => 8.231190831835618e-16, "iteration" => 272, "direction_norm" => 4.181818181818175, "price_tolerance" => 0.0, "implied_dot" => -5.248327025500729e-16, "nonzero_basic_costs" => 2, "basis_updates" => 0, "entering" => 85)
PRICE_REJECT Dict{String, Any}("cached" => -4.859502666532512e-16, "iteration" => 272, "direction_norm" => 2.545454545454542, "price_tolerance" => 0.0, "implied_dot" => 1.867193268687758e-16, "nonzero_basic_costs" => 2, "basis_updates" => 0, "entering" => 1997)
PRICE_REJECT Dict{String, Any}("cached" => -9.495271782649302e-16, "iteration" => 272, "direction_norm" => 5.636363636363629, "price_tolerance" => 0.0, "implied_dot" => 1.2818029466126795e-15, "nonzero_basic_costs" => 2, "basis_updates" => 0, "entering" => 705)
PRICE_REJECT Dict{String, Any}("cached" => -8.5659331059282875e-16, "iteration" => 272, "direction_norm" => 5.09090909090908, "price_tolerance" => 0.0, "implied_dot" => 9.840613172813875e-16, "nonzero_basic_costs" => 2, "basis_updates" => 0, "entering" => 43)
PRICE_REJECT Dict{String, Any}("cached" => -8.5659331059282875e-16, "iteration" => 272, "direction_norm" => 5.09090909090908, "price_tolerance" => 0.0, "implied_dot" => 9.840613172813875e-16, "nonzero_basic_costs" => 2, "basis_updates" => 0, "entering" => 2538)
PRICE_REJECT Dict{String, Any}("cached" => -7.021073252355734e-16, "iteration" => 272, "direction_norm" => 3.636363636363631, "price_tolerance" => 0.0, "implied_dot" => 5.046468293749869e-18, "nonzero_basic_costs" => 2, "basis_updates" => 0, "entering" => 1211)
PRICE_REJECT Dict{String, Any}("cached" => -7.021073252355734e-16, "iteration" => 272, "direction_norm" => 3.636363636363631, "price_tolerance" => 0.0, "implied_dot" => 5.046468293749869e-18, "nonzero_basic_costs" => 2, "basis_updates" => 0, "entering" => 1999)
PRICE_REJECT Dict{String, Any}("cached" => -1.2572188375481497e-15, "iteration" => 272, "direction_norm" => 6.6363636363636225, "price_tolerance" => 0.0, "implied_dot" => -9.94154253868892e-16, "nonzero_basic_costs" => 2, "basis_updates" => 0, "entering" => 1525)
PRICE_REJECT Dict{String, Any}("cached" => -9.868710436386862e-16, "iteration" => 272, "direction_norm" => 5.636363636363629, "price_tolerance" => 0.0, "implied_dot" => 5.046468293749376e-18, "nonzero_basic_costs" => 2, "basis_updates" => 0, "entering" => 1194)
PRICE_REJECT Dict{String, Any}("cached" => -8.33276075339546e-16, "iteration" => 272, "direction_norm" => 4.090909090909084, "price_tolerance" => 0.0, "implied_dot" => 9.588289758126181e-17, "nonzero_basic_costs" => 2, "basis_updates" => 0, "entering" => 231)
PRICE_REJECT Dict{String, Any}("cached" => -8.565933105928291e-16, "iteration" => 272, "direction_norm" => 5.090909090909076, "price_tolerance" => 0.0, "implied_dot" => 3.1792750250629307e-16, "nonzero_basic_costs" => 2, "basis_updates" => 0, "entering" => 1887)
PRICE_REJECT Dict{String, Any}("cached" => -7.480642479497063e-16, "iteration" => 272, "direction_norm" => 4.545454545454542, "price_tolerance" => 0.0, "implied_dot" => -2.0185873175002912e-16, "nonzero_basic_costs" => 2, "basis_updates" => 0, "entering" => 134)
PRICE_REJECT Dict{String, Any}("cached" => -1.1486897749050274e-15, "iteration" => 272, "direction_norm" => 6.590909090909077, "price_tolerance" => 0.0, "implied_dot" => 9.28550166050129e-16, "nonzero_basic_costs" => 2, "basis_updates" => 0, "entering" => 200)
PRICE_REJECT Dict{String, Any}("cached" => -9.495271782649302e-16, "iteration" => 272, "direction_norm" => 5.636363636363629, "price_tolerance" => 0.0, "implied_dot" => 1.2818029466126795e-15, "nonzero_basic_costs" => 2, "basis_updates" => 0, "entering" => 1871)
PRICE_REJECT Dict{String, Any}("cached" => -1.1486897749050274e-15, "iteration" => 272, "direction_norm" => 6.590909090909077, "price_tolerance" => 0.0, "implied_dot" => 9.28550166050129e-16, "nonzero_basic_costs" => 2, "basis_updates" => 0, "entering" => 1932)
PRICE_REJECT Dict{String, Any}("cached" => -7.480642479497065e-16, "iteration" => 272, "direction_norm" => 4.545454545454542, "price_tolerance" => 0.0, "implied_dot" => -2.0185873175002912e-16, "nonzero_basic_costs" => 2, "basis_updates" => 0, "entering" => 722)
PRICE_REJECT Dict{String, Any}("cached" => -2.912459550571781e-16, "iteration" => 272, "direction_norm" => 1.9999999999999984, "price_tolerance" => 0.0, "implied_dot" => -4.996003610813202e-16, "nonzero_basic_costs" => 2, "basis_updates" => 0, "entering" => 1638)
PRICE_REJECT Dict{String, Any}("cached" => -1.1720070101583104e-15, "iteration" => 272, "direction_norm" => 7.090909090909082, "price_tolerance" => 0.0, "implied_dot" => 3.1792750250629366e-16, "nonzero_basic_costs" => 2, "basis_updates" => 0, "entering" => 1665)
PRICE_REJECT Dict{String, Any}("cached" => -1.4131641390311073e-15, "iteration" => 272, "direction_norm" => 8.18181818181816, "price_tolerance" => 0.0, "implied_dot" => 9.134107611688764e-16, "nonzero_basic_costs" => 2, "basis_updates" => 0, "entering" => 1554)
PRICE_REJECT Dict{String, Any}("cached" => -9.495271782649302e-16, "iteration" => 272, "direction_norm" => 5.636363636363629, "price_tolerance" => 0.0, "implied_dot" => 1.2818029466126795e-15, "nonzero_basic_costs" => 2, "basis_updates" => 0, "entering" => 339)
PRICE_REJECT Dict{String, Any}("cached" => -1.320230271359006e-15, "iteration" => 272, "direction_norm" => 7.636363636363615, "price_tolerance" => 0.0, "implied_dot" => 1.2818029466126783e-15, "nonzero_basic_costs" => 2, "basis_updates" => 0, "entering" => 1841)
PRICE_REJECT Dict{String, Any}("cached" => -6.746740642802029e-16, "iteration" => 272, "direction_norm" => 3.636363636363631, "price_tolerance" => 0.0, "implied_dot" => 5.046468293749992e-18, "nonzero_basic_costs" => 2, "basis_updates" => 0, "entering" => 2282)
PRICE_REJECT Dict{String, Any}("cached" => -1.320230271359006e-15, "iteration" => 272, "direction_norm" => 7.636363636363615, "price_tolerance" => 0.0, "implied_dot" => 1.3373140978439363e-15, "nonzero_basic_costs" => 2, "basis_updates" => 0, "entering" => 1828)
PRICE_REJECT Dict{String, Any}("cached" => -6.746740642802029e-16, "iteration" => 272, "direction_norm" => 3.636363636363631, "price_tolerance" => 0.0, "implied_dot" => 5.046468293749992e-18, "nonzero_basic_costs" => 2, "basis_updates" => 0, "entering" => 671)
PRICE_REJECT Dict{String, Any}("cached" => -9.218845149573917e-16, "iteration" => 272, "direction_norm" => 5.090909090909082, "price_tolerance" => 0.0, "implied_dot" => 1.9277508882127706e-15, "nonzero_basic_costs" => 2, "basis_updates" => 0, "entering" => 1854)
PRICE_REJECT Dict{String, Any}("cached" => -6.746740642802029e-16, "iteration" => 272, "direction_norm" => 3.636363636363631, "price_tolerance" => 0.0, "implied_dot" => 5.046468293749992e-18, "nonzero_basic_costs" => 2, "basis_updates" => 0, "entering" => 1631)
PRICE_REJECT Dict{String, Any}("cached" => -6.746740642802029e-16, "iteration" => 272, "direction_norm" => 3.636363636363631, "price_tolerance" => 0.0, "implied_dot" => 5.046468293749992e-18, "nonzero_basic_costs" => 2, "basis_updates" => 0, "entering" => 1453)
PRICE_REJECT Dict{String, Any}("cached" => -8.129078699954248e-16, "iteration" => 272, "direction_norm" => 4.386363636363631, "price_tolerance" => 0.0, "implied_dot" => 1.1606877075626533e-16, "nonzero_basic_costs" => 2, "basis_updates" => 0, "entering" => 815)
PRICE_REJECT Dict{String, Any}("cached" => -5.286481194824094e-16, "iteration" => 272, "direction_norm" => 2.999999999999994, "price_tolerance" => 0.0, "implied_dot" => 3.330669073875462e-16, "nonzero_basic_costs" => 2, "basis_updates" => 0, "entering" => 1773)
PRICE_REJECT Dict{String, Any}("cached" => -1.3397739553616035e-15, "iteration" => 272, "direction_norm" => 7.272727272727259, "price_tolerance" => 0.0, "implied_dot" => 8.982713562876254e-16, "nonzero_basic_costs" => 2, "basis_updates" => 0, "entering" => 1045)
PRICE_REJECT Dict{String, Any}("cached" => -8.129078699954248e-16, "iteration" => 272, "direction_norm" => 4.386363636363631, "price_tolerance" => 0.0, "implied_dot" => 1.1606877075626533e-16, "nonzero_basic_costs" => 2, "basis_updates" => 0, "entering" => 1489)
PRICE_REJECT Dict{String, Any}("cached" => -7.62016712356356e-16, "iteration" => 272, "direction_norm" => 4.090909090909082, "price_tolerance" => 0.0, "implied_dot" => 1.1505947709751608e-15, "nonzero_basic_costs" => 2, "basis_updates" => 0, "entering" => 685)
PRICE_REJECT Dict{String, Any}("cached" => -9.474691654138865e-16, "iteration" => 272, "direction_norm" => 5.636363636363629, "price_tolerance" => 0.0, "implied_dot" => 1.3373140978439373e-15, "nonzero_basic_costs" => 2, "basis_updates" => 0, "entering" => 1202)
PRICE_REJECT Dict{String, Any}("cached" => -6.746740642802029e-16, "iteration" => 272, "direction_norm" => 3.636363636363631, "price_tolerance" => 0.0, "implied_dot" => 5.046468293749992e-18, "nonzero_basic_costs" => 2, "basis_updates" => 0, "entering" => 604)
PRICE_REJECT Dict{String, Any}("cached" => -5.286481194824092e-16, "iteration" => 272, "direction_norm" => 2.999999999999994, "price_tolerance" => 0.0, "implied_dot" => 3.330669073875462e-16, "nonzero_basic_costs" => 2, "basis_updates" => 0, "entering" => 14)
PRICE_REJECT Dict{String, Any}("cached" => -3.2717936104483704e-16, "iteration" => 272, "direction_norm" => 2.0909090909090895, "price_tolerance" => 0.0, "implied_dot" => -7.065055611251035e-17, "nonzero_basic_costs" => 2, "basis_updates" => 0, "entering" => 795)
PRICE_REJECT Dict{String, Any}("cached" => -6.746740642802029e-16, "iteration" => 272, "direction_norm" => 3.636363636363631, "price_tolerance" => 0.0, "implied_dot" => 5.046468293749992e-18, "nonzero_basic_costs" => 2, "basis_updates" => 0, "entering" => 1110)
PRICE_REJECT Dict{String, Any}("cached" => -6.746740642802027e-16, "iteration" => 272, "direction_norm" => 3.636363636363631, "price_tolerance" => 0.0, "implied_dot" => 5.046468293749992e-18, "nonzero_basic_costs" => 2, "basis_updates" => 0, "entering" => 807)
PRICE_REJECT Dict{String, Any}("cached" => -1.0048165717935242e-15, "iteration" => 272, "direction_norm" => 5.6363636363636225, "price_tolerance" => 0.0, "implied_dot" => 1.170780644150163e-15, "nonzero_basic_costs" => 2, "basis_updates" => 0, "entering" => 152)
PRICE_REJECT Dict{String, Any}("cached" => -3.3161770140718317e-16, "iteration" => 272, "direction_norm" => 2.090909090909089, "price_tolerance" => 0.0, "implied_dot" => -1.8167285857502597e-16, "nonzero_basic_costs" => 2, "basis_updates" => 0, "entering" => 2007)
PRICE_REJECT Dict{String, Any}("cached" => -1.9324211165896203e-16, "iteration" => 272, "direction_norm" => 1.7727272727272725, "price_tolerance" => 0.0, "implied_dot" => -7.522391800372136e-17, "nonzero_basic_costs" => 2, "basis_updates" => 0, "entering" => 932)
PRICE_REJECT Dict{String, Any}("cached" => -2.8960322449280545e-16, "iteration" => 272, "direction_norm" => 1.7954545454545439, "price_tolerance" => 0.0, "implied_dot" => 7.569702440626033e-17, "nonzero_basic_costs" => 2, "basis_updates" => 0, "entering" => 2272)
PRICE_REJECT Dict{String, Any}("cached" => -2.3058597703271765e-16, "iteration" => 272, "direction_norm" => 1.7727272727272727, "price_tolerance" => 0.0, "implied_dot" => -7.569702440626446e-18, "nonzero_basic_costs" => 2, "basis_updates" => 0, "entering" => 1722)
PRICE_REJECT Dict{String, Any}("cached" => -6.65099891081401e-16, "iteration" => 272, "direction_norm" => 3.886363636363632, "price_tolerance" => 0.0, "implied_dot" => 6.711802830688436e-16, "nonzero_basic_costs" => 2, "basis_updates" => 0, "entering" => 163)
PRICE_REJECT Dict{String, Any}("cached" => -1.3302197268444795e-15, "iteration" => 272, "direction_norm" => 8.181818181818164, "price_tolerance" => 0.0, "implied_dot" => 4.693215513188139e-16, "nonzero_basic_costs" => 2, "basis_updates" => 0, "entering" => 773)
PRICE_REJECT Dict{String, Any}("cached" => -6.65099891081401e-16, "iteration" => 272, "direction_norm" => 3.886363636363631, "price_tolerance" => 0.0, "implied_dot" => -6.610873464813446e-16, "nonzero_basic_costs" => 2, "basis_updates" => 0, "entering" => 367)
PRICE_REJECT Dict{String, Any}("cached" => -8.665827660783023e-16, "iteration" => 272, "direction_norm" => 5.636363636363623, "price_tolerance" => 0.0, "implied_dot" => 1.2818029466126791e-15, "nonzero_basic_costs" => 2, "basis_updates" => 0, "entering" => 2047)
PRICE_REJECT Dict{String, Any}("cached" => -8.665827660783023e-16, "iteration" => 272, "direction_norm" => 5.636363636363623, "price_tolerance" => 0.0, "implied_dot" => 1.2818029466126791e-15, "nonzero_basic_costs" => 2, "basis_updates" => 0, "entering" => 2405)
PRICE_REJECT Dict{String, Any}("cached" => -6.650998910814008e-16, "iteration" => 272, "direction_norm" => 3.886363636363631, "price_tolerance" => 0.0, "implied_dot" => -6.610873464813446e-16, "nonzero_basic_costs" => 2, "basis_updates" => 0, "entering" => 1765)
PRICE_REJECT Dict{String, Any}("cached" => -2.352048480223258e-16, "iteration" => 272, "direction_norm" => 1.0000000000000004, "price_tolerance" => 0.0, "implied_dot" => 3.3840741895823845e-16, "nonzero_basic_costs" => 2, "basis_updates" => 0, "entering" => 238)
PRICE_REJECT Dict{String, Any}("cached" => -4.006255269553209e-16, "iteration" => 272, "direction_norm" => 2.2954545454545405, "price_tolerance" => 0.0, "implied_dot" => 1.3120817563751784e-16, "nonzero_basic_costs" => 2, "basis_updates" => 0, "entering" => 2624)
PRICE_REJECT Dict{String, Any}("cached" => -2.9942378542920813e-16, "iteration" => 272, "direction_norm" => 2.0909090909090895, "price_tolerance" => 0.0, "implied_dot" => -4.037174635000573e-16, "nonzero_basic_costs" => 2, "basis_updates" => 0, "entering" => 1229)
PRICE_REJECT Dict{String, Any}("cached" => -6.650998910814008e-16, "iteration" => 272, "direction_norm" => 4.136363636363628, "price_tolerance" => 0.0, "implied_dot" => 6.711802830688436e-16, "nonzero_basic_costs" => 2, "basis_updates" => 0, "entering" => 2118)
PRICE_REJECT Dict{String, Any}("cached" => -6.65099891081401e-16, "iteration" => 272, "direction_norm" => 4.136363636363627, "price_tolerance" => 0.0, "implied_dot" => -6.610873464813446e-16, "nonzero_basic_costs" => 2, "basis_updates" => 0, "entering" => 546)
PRICE_REJECT Dict{String, Any}("cached" => -4.006255269553209e-16, "iteration" => 272, "direction_norm" => 2.2954545454545423, "price_tolerance" => 0.0, "implied_dot" => 3.532527805625493e-16, "nonzero_basic_costs" => 2, "basis_updates" => 0, "entering" => 972)
PRICE_REJECT Dict{String, Any}("cached" => -5.721660234092996e-16, "iteration" => 272, "direction_norm" => 3.0909090909090855, "price_tolerance" => 0.0, "implied_dot" => -7.06505561125112e-17, "nonzero_basic_costs" => 2, "basis_updates" => 0, "entering" => 2216)
PRICE_REJECT Dict{String, Any}("cached" => -6.650998910814008e-16, "iteration" => 272, "direction_norm" => 4.136363636363627, "price_tolerance" => 0.0, "implied_dot" => -6.610873464813446e-16, "nonzero_basic_costs" => 2, "basis_updates" => 0, "entering" => 173)
PRICE_REJECT Dict{String, Any}("cached" => -4.006255269553209e-16, "iteration" => 272, "direction_norm" => 2.2954545454545405, "price_tolerance" => 0.0, "implied_dot" => 1.3120817563751784e-16, "nonzero_basic_costs" => 2, "basis_updates" => 0, "entering" => 1907)
PRICE_REJECT Dict{String, Any}("cached" => -5.721660234092998e-16, "iteration" => 272, "direction_norm" => 3.090909090909087, "price_tolerance" => 0.0, "implied_dot" => 5.95483258662583e-16, "nonzero_basic_costs" => 2, "basis_updates" => 0, "entering" => 143)
PRICE_REJECT Dict{String, Any}("cached" => -5.721660234092998e-16, "iteration" => 272, "direction_norm" => 3.090909090909087, "price_tolerance" => 0.0, "implied_dot" => 5.95483258662583e-16, "nonzero_basic_costs" => 2, "basis_updates" => 0, "entering" => 1579)
PRICE_REJECT Dict{String, Any}("cached" => -5.721660234092996e-16, "iteration" => 272, "direction_norm" => 3.090909090909087, "price_tolerance" => 0.0, "implied_dot" => 6.509944098938409e-16, "nonzero_basic_costs" => 2, "basis_updates" => 0, "entering" => 1030)
PRICE_REJECT Dict{String, Any}("cached" => -3.2717936104483724e-16, "iteration" => 272, "direction_norm" => 2.0909090909090895, "price_tolerance" => 0.0, "implied_dot" => -7.065055611251035e-17, "nonzero_basic_costs" => 2, "basis_updates" => 0, "entering" => 2254)
PRICE_REJECT Dict{String, Any}("cached" => -4.224935562282409e-16, "iteration" => 272, "direction_norm" => 2.6363636363636354, "price_tolerance" => 0.0, "implied_dot" => 8.932248879938757e-16, "nonzero_basic_costs" => 2, "basis_updates" => 0, "entering" => 638)
PRICE_REJECT Dict{String, Any}("cached" => -4.006255269553209e-16, "iteration" => 272, "direction_norm" => 2.2954545454545423, "price_tolerance" => 0.0, "implied_dot" => 3.532527805625493e-16, "nonzero_basic_costs" => 2, "basis_updates" => 0, "entering" => 2604)
PRICE_REJECT Dict{String, Any}("cached" => -4.239427622086039e-16, "iteration" => 272, "direction_norm" => 2.54545454545454, "price_tolerance" => 0.0, "implied_dot" => 1.8671932686877564e-16, "nonzero_basic_costs" => 2, "basis_updates" => 0, "entering" => 2493)
PRICE_REJECT Dict{String, Any}("cached" => -5.721660234092998e-16, "iteration" => 272, "direction_norm" => 3.090909090909087, "price_tolerance" => 0.0, "implied_dot" => 5.95483258662583e-16, "nonzero_basic_costs" => 2, "basis_updates" => 0, "entering" => 2475)
PRICE_REJECT Dict{String, Any}("cached" => -5.721660234092996e-16, "iteration" => 272, "direction_norm" => 3.0909090909090855, "price_tolerance" => 0.0, "implied_dot" => -7.06505561125112e-17, "nonzero_basic_costs" => 2, "basis_updates" => 0, "entering" => 2053)
PRICE_REJECT Dict{String, Any}("cached" => -5.721660234092996e-16, "iteration" => 272, "direction_norm" => 3.090909090909087, "price_tolerance" => 0.0, "implied_dot" => 6.509944098938409e-16, "nonzero_basic_costs" => 2, "basis_updates" => 0, "entering" => 1355)
PRICE_REJECT Dict{String, Any}("cached" => -4.239427622086039e-16, "iteration" => 272, "direction_norm" => 2.5454545454545396, "price_tolerance" => 0.0, "implied_dot" => -8.679925465251231e-16, "nonzero_basic_costs" => 2, "basis_updates" => 0, "entering" => 486)
PRICE_REJECT Dict{String, Any}("cached" => -6.650998910814008e-16, "iteration" => 272, "direction_norm" => 4.136363636363627, "price_tolerance" => 0.0, "implied_dot" => -6.610873464813446e-16, "nonzero_basic_costs" => 2, "basis_updates" => 0, "entering" => 2203)
PRICE_REJECT Dict{String, Any}("cached" => -4.239427622086039e-16, "iteration" => 272, "direction_norm" => 2.54545454545454, "price_tolerance" => 0.0, "implied_dot" => 1.8671932686877564e-16, "nonzero_basic_costs" => 2, "basis_updates" => 0, "entering" => 2100)
PRICE_REJECT Dict{String, Any}("cached" => -4.006255269553209e-16, "iteration" => 272, "direction_norm" => 2.2954545454545396, "price_tolerance" => 0.0, "implied_dot" => -4.239033366750606e-16, "nonzero_basic_costs" => 2, "basis_updates" => 0, "entering" => 784)
PRICE_REJECT Dict{String, Any}("cached" => -5.721660234092998e-16, "iteration" => 272, "direction_norm" => 3.090909090909087, "price_tolerance" => 0.0, "implied_dot" => 5.95483258662583e-16, "nonzero_basic_costs" => 2, "basis_updates" => 0, "entering" => 2297)
PRICE_REJECT Dict{String, Any}("cached" => -5.721660234092996e-16, "iteration" => 272, "direction_norm" => 3.090909090909087, "price_tolerance" => 0.0, "implied_dot" => 6.509944098938409e-16, "nonzero_basic_costs" => 2, "basis_updates" => 0, "entering" => 1951)
PRICE_REJECT Dict{String, Any}("cached" => -2.4074184658612545e-16, "iteration" => 272, "direction_norm" => 1.2954545454545447, "price_tolerance" => 0.0, "implied_dot" => -3.5325278056255134e-17, "nonzero_basic_costs" => 2, "basis_updates" => 0, "entering" => 2503)
PRICE_REJECT Dict{String, Any}("cached" => -9.77605068540818e-16, "iteration" => 272, "direction_norm" => 5.636363636363627, "price_tolerance" => 0.0, "implied_dot" => 1.3373140978439371e-15, "nonzero_basic_costs" => 2, "basis_updates" => 0, "entering" => 2516)
PRICE_REJECT Dict{String, Any}("cached" => -1.1091891009314626e-15, "iteration" => 272, "direction_norm" => 6.6363636363636225, "price_tolerance" => 0.0, "implied_dot" => -9.94154253868892e-16, "nonzero_basic_costs" => 2, "basis_updates" => 0, "entering" => 1701)
PRICE_REJECT Dict{String, Any}("cached" => -1.9324211165896203e-16, "iteration" => 272, "direction_norm" => 1.7727272727272725, "price_tolerance" => 0.0, "implied_dot" => -7.522391800372136e-17, "nonzero_basic_costs" => 2, "basis_updates" => 0, "entering" => 961)
PRICE_REJECT Dict{String, Any}("cached" => -1.1465329663052183e-15, "iteration" => 272, "direction_norm" => 7.136363636363623, "price_tolerance" => 0.0, "implied_dot" => -5.046468293750855e-17, "nonzero_basic_costs" => 2, "basis_updates" => 0, "entering" => 962)
PRICE_REJECT Dict{String, Any}("cached" => -1.9324211165896203e-16, "iteration" => 272, "direction_norm" => 1.7727272727272725, "price_tolerance" => 0.0, "implied_dot" => -7.522391800372136e-17, "nonzero_basic_costs" => 2, "basis_updates" => 0, "entering" => 1815)
PRICE_REJECT Dict{String, Any}("cached" => -7.809357117201134e-16, "iteration" => 272, "direction_norm" => 4.636363636363624, "price_tolerance" => 0.0, "implied_dot" => 1.0042471904563902e-15, "nonzero_basic_costs" => 2, "basis_updates" => 0, "entering" => 2219)
PRICE_REJECT Dict{String, Any}("cached" => -5.721660234092996e-16, "iteration" => 272, "direction_norm" => 3.090909090909087, "price_tolerance" => 0.0, "implied_dot" => 6.509944098938409e-16, "nonzero_basic_costs" => 2, "basis_updates" => 0, "entering" => 2019)
PRICE_REJECT Dict{String, Any}("cached" => -1.3630911906148865e-15, "iteration" => 272, "direction_norm" => 8.27272727272726, "price_tolerance" => 0.0, "implied_dot" => 1.211152390500148e-16, "nonzero_basic_costs" => 2, "basis_updates" => 0, "entering" => 1385)
PRICE_REJECT Dict{String, Any}("cached" => -8.917321895664478e-16, "iteration" => 272, "direction_norm" => 5.47727272727272, "price_tolerance" => 0.0, "implied_dot" => 3.784851220313021e-16, "nonzero_basic_costs" => 2, "basis_updates" => 0, "entering" => 364)
PRICE_REJECT Dict{String, Any}("cached" => -6.630418782303571e-16, "iteration" => 272, "direction_norm" => 4.136363636363629, "price_tolerance" => 0.0, "implied_dot" => 6.055761952500745e-17, "nonzero_basic_costs" => 2, "basis_updates" => 0, "entering" => 1421)
PRICE_REJECT Dict{String, Any}("cached" => -1.1091891009314626e-15, "iteration" => 272, "direction_norm" => 7.136363636363624, "price_tolerance" => 0.0, "implied_dot" => -9.94154253868892e-16, "nonzero_basic_costs" => 2, "basis_updates" => 0, "entering" => 2271)
PRICE_REJECT Dict{String, Any}("cached" => -2.220446049250311e-16, "iteration" => 272, "direction_norm" => 0.999999999999999, "price_tolerance" => 0.0, "implied_dot" => 3.330669073875465e-16, "nonzero_basic_costs" => 2, "basis_updates" => 0, "entering" => 2131)
PRICE_REJECT Dict{String, Any}("cached" => -1.4882444176826072e-15, "iteration" => 272, "direction_norm" => 9.636363636363615, "price_tolerance" => 0.0, "implied_dot" => 1.5593587027689673e-15, "nonzero_basic_costs" => 2, "basis_updates" => 0, "entering" => 1893)
PRICE_REJECT Dict{String, Any}("cached" => -9.639148696399284e-16, "iteration" => 272, "direction_norm" => 6.136363636363624, "price_tolerance" => 0.0, "implied_dot" => 6.055761952500669e-17, "nonzero_basic_costs" => 2, "basis_updates" => 0, "entering" => 372)
PRICE_REJECT Dict{String, Any}("cached" => -9.639148696399288e-16, "iteration" => 272, "direction_norm" => 6.136363636363623, "price_tolerance" => 0.0, "implied_dot" => -1.614869854000246e-16, "nonzero_basic_costs" => 2, "basis_updates" => 0, "entering" => 564)
PRICE_REJECT Dict{String, Any}("cached" => -1.2199220273721455e-15, "iteration" => 272, "direction_norm" => 8.13636363636362, "price_tolerance" => 0.0, "implied_dot" => 2.669581727394124e-15, "nonzero_basic_costs" => 2, "basis_updates" => 0, "entering" => 1840)
PRICE_REJECT Dict{String, Any}("cached" => -6.555456625642767e-16, "iteration" => 272, "direction_norm" => 4.545454545454539, "price_tolerance" => 0.0, "implied_dot" => 2.018587317500209e-17, "nonzero_basic_costs" => 2, "basis_updates" => 0, "entering" => 2363)
PRICE_REJECT Dict{String, Any}("cached" => -2.7427029502754245e-16, "iteration" => 272, "direction_norm" => 2.0909090909090895, "price_tolerance" => 0.0, "implied_dot" => -7.065055611251035e-17, "nonzero_basic_costs" => 2, "basis_updates" => 0, "entering" => 140)
PRICE_REJECT Dict{String, Any}("cached" => -4.222729211281572e-16, "iteration" => 272, "direction_norm" => 2.590909090909085, "price_tolerance" => 0.0, "implied_dot" => 9.588289758126279e-17, "nonzero_basic_costs" => 2, "basis_updates" => 0, "entering" => 1292)
PRICE_REJECT Dict{String, Any}("cached" => -1.1491657046194208e-16, "iteration" => 272, "direction_norm" => 1.0000000000000002, "price_tolerance" => 0.0, "implied_dot" => -7.613918660931429e-17, "nonzero_basic_costs" => 2, "basis_updates" => 0, "entering" => 2278)
PRICE_REJECT Dict{String, Any}("cached" => -1.1091891009314626e-15, "iteration" => 272, "direction_norm" => 7.136363636363624, "price_tolerance" => 0.0, "implied_dot" => -9.94154253868892e-16, "nonzero_basic_costs" => 2, "basis_updates" => 0, "entering" => 227)
PRICE_REJECT Dict{String, Any}("cached" => -6.208585067669093e-16, "iteration" => 272, "direction_norm" => 4.090909090909083, "price_tolerance" => 0.0, "implied_dot" => -1.5139404881253378e-17, "nonzero_basic_costs" => 2, "basis_updates" => 0, "entering" => 2477)
PRICE_REJECT Dict{String, Any}("cached" => -4.222729211281572e-16, "iteration" => 272, "direction_norm" => 2.590909090909085, "price_tolerance" => 0.0, "implied_dot" => -2.3718400980628417e-16, "nonzero_basic_costs" => 2, "basis_updates" => 0, "entering" => 424)
PRICE_REJECT Dict{String, Any}("cached" => -5.268660853661789e-16, "iteration" => 272, "direction_norm" => 3.6363636363636336, "price_tolerance" => 0.0, "implied_dot" => -2.1699813663128114e-16, "nonzero_basic_costs" => 2, "basis_updates" => 0, "entering" => 601)
PRICE_REJECT Dict{String, Any}("cached" => -1.016255233259361e-15, "iteration" => 272, "direction_norm" => 6.090909090909077, "price_tolerance" => 0.0, "implied_dot" => 1.5946839808252228e-15, "nonzero_basic_costs" => 2, "basis_updates" => 0, "entering" => 348)
PRICE_REJECT Dict{String, Any}("cached" => -8.819685586971553e-16, "iteration" => 272, "direction_norm" => 5.090909090909085, "price_tolerance" => 0.0, "implied_dot" => 1.3171282246689343e-15, "nonzero_basic_costs" => 2, "basis_updates" => 0, "entering" => 1834)
PRICE_REJECT Dict{String, Any}("cached" => -7.758963689277378e-16, "iteration" => 272, "direction_norm" => 4.727272727272712, "price_tolerance" => 0.0, "implied_dot" => 1.7107527515814897e-15, "nonzero_basic_costs" => 2, "basis_updates" => 0, "entering" => 2051)
PRICE_REJECT Dict{String, Any}("cached" => -9.251858538542978e-17, "iteration" => 272, "direction_norm" => 1.0, "price_tolerance" => 0.0, "implied_dot" => 1.2793585635328601e-17, "nonzero_basic_costs" => 2, "basis_updates" => 0, "entering" => 2001)
PRICE_REJECT Dict{String, Any}("cached" => -1.1071310880804185e-15, "iteration" => 272, "direction_norm" => 7.136363636363623, "price_tolerance" => 0.0, "implied_dot" => -1.3827323124876964e-15, "nonzero_basic_costs" => 2, "basis_updates" => 0, "entering" => 1949)
PRICE_REJECT Dict{String, Any}("cached" => -1.1644784944600567e-15, "iteration" => 272, "direction_norm" => 7.136363636363622, "price_tolerance" => 0.0, "implied_dot" => 5.046468293748883e-18, "nonzero_basic_costs" => 2, "basis_updates" => 0, "entering" => 2382)
PRICE_REJECT Dict{String, Any}("cached" => -5.821554788947729e-16, "iteration" => 272, "direction_norm" => 3.636363636363629, "price_tolerance" => 0.0, "implied_dot" => -4.3904274155631294e-16, "nonzero_basic_costs" => 2, "basis_updates" => 0, "entering" => 1318)
PRICE_REJECT Dict{String, Any}("cached" => -5.749215287344527e-16, "iteration" => 272, "direction_norm" => 3.090909090909085, "price_tolerance" => 0.0, "implied_dot" => 8.17527863587614e-16, "nonzero_basic_costs" => 2, "basis_updates" => 0, "entering" => 2313)
PRICE_REJECT Dict{String, Any}("cached" => -5.821554788947729e-16, "iteration" => 272, "direction_norm" => 3.63636363636363, "price_tolerance" => 0.0, "implied_dot" => 2.2709107321878113e-16, "nonzero_basic_costs" => 2, "basis_updates" => 0, "entering" => 2128)
PRICE_REJECT Dict{String, Any}("cached" => -5.821554788947729e-16, "iteration" => 272, "direction_norm" => 3.63636363636363, "price_tolerance" => 0.0, "implied_dot" => 2.2709107321878113e-16, "nonzero_basic_costs" => 2, "basis_updates" => 0, "entering" => 2044)
PRICE_REJECT Dict{String, Any}("cached" => -5.821554788947729e-16, "iteration" => 272, "direction_norm" => 3.63636363636363, "price_tolerance" => 0.0, "implied_dot" => 2.2709107321878113e-16, "nonzero_basic_costs" => 2, "basis_updates" => 0, "entering" => 2437)
PRICE_REJECT Dict{String, Any}("cached" => -1.2067644933098133e-16, "iteration" => 272, "direction_norm" => 0.5454545454545453, "price_tolerance" => 0.0, "implied_dot" => -1.4335123996935618e-16, "nonzero_basic_costs" => 2, "basis_updates" => 0, "entering" => 2361)
PRICE_REJECT Dict{String, Any}("cached" => -5.821554788947729e-16, "iteration" => 272, "direction_norm" => 3.636363636363631, "price_tolerance" => 0.0, "implied_dot" => 5.046468293749992e-18, "nonzero_basic_costs" => 2, "basis_updates" => 0, "entering" => 1730)
PRICE_REJECT Dict{String, Any}("cached" => -7.740641806928727e-16, "iteration" => 272, "direction_norm" => 5.636363636363624, "price_tolerance" => 0.0, "implied_dot" => 1.5038475515377106e-15, "nonzero_basic_costs" => 2, "basis_updates" => 0, "entering" => 1167)
PRICE_REJECT Dict{String, Any}("cached" => -9.828338690036862e-16, "iteration" => 272, "direction_norm" => 6.1818181818181746, "price_tolerance" => 0.0, "implied_dot" => -1.4180575905439512e-15, "nonzero_basic_costs" => 2, "basis_updates" => 0, "entering" => 1496)
PRICE_REJECT Dict{String, Any}("cached" => -9.828338690036862e-16, "iteration" => 272, "direction_norm" => 6.1818181818181746, "price_tolerance" => 0.0, "implied_dot" => -1.4180575905439512e-15, "nonzero_basic_costs" => 2, "basis_updates" => 0, "entering" => 1632)
PRICE_REJECT Dict{String, Any}("cached" => -5.821554788947729e-16, "iteration" => 272, "direction_norm" => 3.636363636363629, "price_tolerance" => 0.0, "implied_dot" => -4.3904274155631294e-16, "nonzero_basic_costs" => 2, "basis_updates" => 0, "entering" => 1271)
PRICE_REJECT Dict{String, Any}("cached" => -5.821554788947729e-16, "iteration" => 272, "direction_norm" => 3.63636363636363, "price_tolerance" => 0.0, "implied_dot" => 2.2709107321878113e-16, "nonzero_basic_costs" => 2, "basis_updates" => 0, "entering" => 560)
PRICE_REJECT Dict{String, Any}("cached" => -7.203892846099952e-16, "iteration" => 272, "direction_norm" => 4.386363636363631, "price_tolerance" => 0.0, "implied_dot" => 1.1606877075626533e-16, "nonzero_basic_costs" => 2, "basis_updates" => 0, "entering" => 2022)
PRICE_REJECT Dict{String, Any}("cached" => -1.5649893478984593e-15, "iteration" => 272, "direction_norm" => 9.818181818181799, "price_tolerance" => 0.0, "implied_dot" => 3.0278809762504246e-15, "nonzero_basic_costs" => 2, "basis_updates" => 0, "entering" => 86)
PRICE_REJECT Dict{String, Any}("cached" => -4.3939993084027414e-16, "iteration" => 272, "direction_norm" => 3.181818181818179, "price_tolerance" => 0.0, "implied_dot" => 3.280204390937958e-16, "nonzero_basic_costs" => 2, "basis_updates" => 0, "entering" => 1488)
PRICE_REJECT Dict{String, Any}("cached" => -1.5649893478984593e-15, "iteration" => 272, "direction_norm" => 9.818181818181795, "price_tolerance" => 0.0, "implied_dot" => 1.6956133467002362e-15, "nonzero_basic_costs" => 2, "basis_updates" => 0, "entering" => 195)
PRICE_REJECT Dict{String, Any}("cached" => -2.2133411849417461e-16, "iteration" => 272, "direction_norm" => 1.5454545454545427, "price_tolerance" => 0.0, "implied_dot" => 9.083642928751313e-17, "nonzero_basic_costs" => 2, "basis_updates" => 0, "entering" => 1466)
PRICE_REJECT Dict{String, Any}("cached" => -7.085635739761415e-16, "iteration" => 272, "direction_norm" => 5.09090909090908, "price_tolerance" => 0.0, "implied_dot" => 9.840613172813875e-16, "nonzero_basic_costs" => 2, "basis_updates" => 0, "entering" => 283)
PRICE_REJECT Dict{String, Any}("cached" => -1.5574931322323786e-15, "iteration" => 272, "direction_norm" => 10.7272727272727, "price_tolerance" => 0.0, "implied_dot" => 3.875687649600544e-15, "nonzero_basic_costs" => 2, "basis_updates" => 0, "entering" => 413)
PRICE_REJECT Dict{String, Any}("cached" => -4.239427622086039e-16, "iteration" => 272, "direction_norm" => 2.5454545454545405, "price_tolerance" => 0.0, "implied_dot" => 1.8671932686877572e-16, "nonzero_basic_costs" => 2, "basis_updates" => 0, "entering" => 968)
PRICE_REJECT Dict{String, Any}("cached" => -4.239427622086041e-16, "iteration" => 272, "direction_norm" => 2.5454545454545405, "price_tolerance" => 0.0, "implied_dot" => 1.8671932686877572e-16, "nonzero_basic_costs" => 2, "basis_updates" => 0, "entering" => 1798)
PRICE_REJECT Dict{String, Any}("cached" => -5.821554788947729e-16, "iteration" => 272, "direction_norm" => 3.63636363636363, "price_tolerance" => 0.0, "implied_dot" => 2.2709107321878113e-16, "nonzero_basic_costs" => 2, "basis_updates" => 0, "entering" => 2156)
PRICE_REJECT Dict{String, Any}("cached" => -7.459074393498974e-16, "iteration" => 272, "direction_norm" => 5.090909090909078, "price_tolerance" => 0.0, "implied_dot" => 1.4836616783627078e-15, "nonzero_basic_costs" => 2, "basis_updates" => 0, "entering" => 2178)
PRICE_REJECT Dict{String, Any}("cached" => -7.085635739761417e-16, "iteration" => 272, "direction_norm" => 5.09090909090908, "price_tolerance" => 0.0, "implied_dot" => 9.840613172813875e-16, "nonzero_basic_costs" => 2, "basis_updates" => 0, "entering" => 812)
PRICE_REJECT Dict{String, Any}("cached" => -9.851012842068983e-16, "iteration" => 272, "direction_norm" => 6.727272727272717, "price_tolerance" => 0.0, "implied_dot" => 1.2111523905001691e-15, "nonzero_basic_costs" => 2, "basis_updates" => 0, "entering" => 1990)
PRICE_REJECT Dict{String, Any}("cached" => -1.5574931322323786e-15, "iteration" => 272, "direction_norm" => 10.727272727272709, "price_tolerance" => 0.0, "implied_dot" => 3.22973970800043e-16, "nonzero_basic_costs" => 2, "basis_updates" => 0, "entering" => 265)
PRICE_REJECT Dict{String, Any}("cached" => -5.440092820663244e-16, "iteration" => 272, "direction_norm" => 4.045454545454536, "price_tolerance" => 0.0, "implied_dot" => 1.130408897800158e-15, "nonzero_basic_costs" => 2, "basis_updates" => 0, "entering" => 1914)
PRICE_REJECT Dict{String, Any}("cached" => -7.459074393498974e-16, "iteration" => 272, "direction_norm" => 5.090909090909078, "price_tolerance" => 0.0, "implied_dot" => 1.4836616783627078e-15, "nonzero_basic_costs" => 2, "basis_updates" => 0, "entering" => 1231)
PRICE_REJECT Dict{String, Any}("cached" => -1.0262446887448344e-15, "iteration" => 272, "direction_norm" => 6.6363636363636225, "price_tolerance" => 0.0, "implied_dot" => -1.0597583416876657e-16, "nonzero_basic_costs" => 2, "basis_updates" => 0, "entering" => 258)
PRICE_REJECT Dict{String, Any}("cached" => -1.0262446887448344e-15, "iteration" => 272, "direction_norm" => 6.6363636363636225, "price_tolerance" => 0.0, "implied_dot" => -1.0597583416876657e-16, "nonzero_basic_costs" => 2, "basis_updates" => 0, "entering" => 1598)
PRICE_REJECT Dict{String, Any}("cached" => -4.239427622086039e-16, "iteration" => 272, "direction_norm" => 2.5454545454545405, "price_tolerance" => 0.0, "implied_dot" => 1.8671932686877572e-16, "nonzero_basic_costs" => 2, "basis_updates" => 0, "entering" => 1616)
PRICE_REJECT Dict{String, Any}("cached" => -4.239427622086041e-16, "iteration" => 272, "direction_norm" => 2.5454545454545405, "price_tolerance" => 0.0, "implied_dot" => 1.8671932686877572e-16, "nonzero_basic_costs" => 2, "basis_updates" => 0, "entering" => 841)
PRICE_REJECT Dict{String, Any}("cached" => -6.852463387228586e-16, "iteration" => 272, "direction_norm" => 4.090909090909084, "price_tolerance" => 0.0, "implied_dot" => 9.588289758126181e-17, "nonzero_basic_costs" => 2, "basis_updates" => 0, "entering" => 299)
PRICE_REJECT Dict{String, Any}("cached" => -5.440092820663244e-16, "iteration" => 272, "direction_norm" => 4.045454545454536, "price_tolerance" => 0.0, "implied_dot" => 1.130408897800158e-15, "nonzero_basic_costs" => 2, "basis_updates" => 0, "entering" => 2414)
PRICE_REJECT Dict{String, Any}("cached" => -2.205953989446679e-16, "iteration" => 272, "direction_norm" => 1.5454545454545452, "price_tolerance" => 0.0, "implied_dot" => 1.6527183662033577e-16, "nonzero_basic_costs" => 2, "basis_updates" => 0, "entering" => 2590)
PRICE_REJECT Dict{String, Any}("cached" => -7.225902040966144e-16, "iteration" => 272, "direction_norm" => 5.090909090909083, "price_tolerance" => 0.0, "implied_dot" => -7.06505561125113e-17, "nonzero_basic_costs" => 2, "basis_updates" => 0, "entering" => 1663)
PRICE_REJECT Dict{String, Any}("cached" => -1.6462691085207353e-15, "iteration" => 272, "direction_norm" => 11.090909090909063, "price_tolerance" => 0.0, "implied_dot" => 3.093485064069183e-15, "nonzero_basic_costs" => 2, "basis_updates" => 0, "entering" => 1426)
PRICE_REJECT Dict{String, Any}("cached" => -3.3306690738754637e-16, "iteration" => 272, "direction_norm" => 1.9999999999999956, "price_tolerance" => 0.0, "implied_dot" => 2.2204460492503064e-16, "nonzero_basic_costs" => 2, "basis_updates" => 0, "entering" => 470)
PRICE_REJECT Dict{String, Any}("cached" => -7.085635739761415e-16, "iteration" => 272, "direction_norm" => 5.090909090909081, "price_tolerance" => 0.0, "implied_dot" => 9.840613172813875e-16, "nonzero_basic_costs" => 2, "basis_updates" => 0, "entering" => 721)
PRICE_REJECT Dict{String, Any}("cached" => -6.922325432670201e-16, "iteration" => 272, "direction_norm" => 5.090909090909082, "price_tolerance" => 0.0, "implied_dot" => -1.261617073437691e-16, "nonzero_basic_costs" => 2, "basis_updates" => 0, "entering" => 112)
PRICE_REJECT Dict{String, Any}("cached" => -2.307523911006521e-16, "iteration" => 272, "direction_norm" => 1.5000000000000002, "price_tolerance" => 0.0, "implied_dot" => -6.475334018520936e-17, "nonzero_basic_costs" => 2, "basis_updates" => 0, "entering" => 475)
PRICE_REJECT Dict{String, Any}("cached" => -3.12712818602751e-16, "iteration" => 272, "direction_norm" => 2.272727272727272, "price_tolerance" => 0.0, "implied_dot" => -1.8671932686877609e-16, "nonzero_basic_costs" => 2, "basis_updates" => 0, "entering" => 1442)
PRICE_REJECT Dict{String, Any}("cached" => -7.738547783407043e-16, "iteration" => 272, "direction_norm" => 5.090909090909082, "price_tolerance" => 0.0, "implied_dot" => 1.9277508882127706e-15, "nonzero_basic_costs" => 2, "basis_updates" => 0, "entering" => 1095)
PRICE_REJECT Dict{String, Any}("cached" => -9.828338690036862e-16, "iteration" => 272, "direction_norm" => 6.1818181818181746, "price_tolerance" => 0.0, "implied_dot" => -1.4180575905439512e-15, "nonzero_basic_costs" => 2, "basis_updates" => 0, "entering" => 660)
PRICE_REJECT Dict{String, Any}("cached" => -9.828338690036862e-16, "iteration" => 272, "direction_norm" => 6.181818181818169, "price_tolerance" => 0.0, "implied_dot" => 1.246477668556424e-15, "nonzero_basic_costs" => 2, "basis_updates" => 0, "entering" => 164)
PRICE_REJECT Dict{String, Any}("cached" => -9.828338690036862e-16, "iteration" => 272, "direction_norm" => 7.181818181818169, "price_tolerance" => 0.0, "implied_dot" => 3.5829924885629887e-16, "nonzero_basic_costs" => 2, "basis_updates" => 0, "entering" => 593)
PRICE_REJECT Dict{String, Any}("cached" => -2.1688166157250308e-16, "iteration" => 272, "direction_norm" => 1.5454545454545447, "price_tolerance" => 0.0, "implied_dot" => 2.422304781000339e-16, "nonzero_basic_costs" => 2, "basis_updates" => 0, "entering" => 537)
PRICE_REJECT Dict{String, Any}("cached" => -1.7494018340304784e-15, "iteration" => 272, "direction_norm" => 12.727272727272709, "price_tolerance" => 0.0, "implied_dot" => 2.265864263894067e-15, "nonzero_basic_costs" => 2, "basis_updates" => 0, "entering" => 185)
PRICE_REJECT Dict{String, Any}("cached" => -5.823230155652837e-16, "iteration" => 272, "direction_norm" => 3.9999999999999902, "price_tolerance" => 0.0, "implied_dot" => -5.551115123125797e-16, "nonzero_basic_costs" => 2, "basis_updates" => 0, "entering" => 1042)
PRICE_REJECT Dict{String, Any}("cached" => -6.852463387228586e-16, "iteration" => 272, "direction_norm" => 5.090909090909077, "price_tolerance" => 0.0, "implied_dot" => 9.588289758126181e-17, "nonzero_basic_costs" => 2, "basis_updates" => 0, "entering" => 192)
PRICE_REJECT Dict{String, Any}("cached" => -7.085635739761415e-16, "iteration" => 272, "direction_norm" => 5.090909090909081, "price_tolerance" => 0.0, "implied_dot" => 9.840613172813875e-16, "nonzero_basic_costs" => 2, "basis_updates" => 0, "entering" => 2127)
PRICE_REJECT Dict{String, Any}("cached" => -7.740641806928727e-16, "iteration" => 272, "direction_norm" => 5.636363636363624, "price_tolerance" => 0.0, "implied_dot" => 1.5038475515377106e-15, "nonzero_basic_costs" => 2, "basis_updates" => 0, "entering" => 149)
PRICE_REJECT Dict{String, Any}("cached" => -4.239427622086039e-16, "iteration" => 272, "direction_norm" => 3.0454545454545383, "price_tolerance" => 0.0, "implied_dot" => 5.752973854875803e-16, "nonzero_basic_costs" => 2, "basis_updates" => 0, "entering" => 1861)
PRICE_REJECT Dict{String, Any}("cached" => -7.085635739761417e-16, "iteration" => 272, "direction_norm" => 5.090909090909081, "price_tolerance" => 0.0, "implied_dot" => 9.840613172813875e-16, "nonzero_basic_costs" => 2, "basis_updates" => 0, "entering" => 1658)
PRICE_REJECT Dict{String, Any}("cached" => -1.0734879661220807e-15, "iteration" => 272, "direction_norm" => 7.727272727272713, "price_tolerance" => 0.0, "implied_dot" => 1.7662639028127478e-15, "nonzero_basic_costs" => 2, "basis_updates" => 0, "entering" => 2220)
PRICE_REJECT Dict{String, Any}("cached" => -3.614454064331808e-16, "iteration" => 272, "direction_norm" => 3.0909090909090895, "price_tolerance" => 0.0, "implied_dot" => 8.17527863587615e-16, "nonzero_basic_costs" => 2, "basis_updates" => 0, "entering" => 1970)
PRICE_REJECT Dict{String, Any}("cached" => -1.0911953949762978e-15, "iteration" => 272, "direction_norm" => 7.363636363636347, "price_tolerance" => 0.0, "implied_dot" => 4.390427415563099e-16, "nonzero_basic_costs" => 2, "basis_updates" => 0, "entering" => 2135)
PRICE_REJECT Dict{String, Any}("cached" => -4.239427622086039e-16, "iteration" => 272, "direction_norm" => 3.0454545454545383, "price_tolerance" => 0.0, "implied_dot" => 1.2414312002626742e-15, "nonzero_basic_costs" => 2, "basis_updates" => 0, "entering" => 269)
PRICE_REJECT Dict{String, Any}("cached" => -2.5095305977426223e-16, "iteration" => 272, "direction_norm" => 1.5454545454545452, "price_tolerance" => 0.0, "implied_dot" => 1.687412835722894e-16, "nonzero_basic_costs" => 2, "basis_updates" => 0, "entering" => 401)
PRICE_REJECT Dict{String, Any}("cached" => -2.644743641260801e-16, "iteration" => 272, "direction_norm" => 2.090909090909091, "price_tolerance" => 0.0, "implied_dot" => -3.4820631226879933e-16, "nonzero_basic_costs" => 2, "basis_updates" => 0, "entering" => 661)
PRICE_REJECT Dict{String, Any}("cached" => -6.852463387228586e-16, "iteration" => 272, "direction_norm" => 5.0909090909090775, "price_tolerance" => 0.0, "implied_dot" => 9.588289758126181e-17, "nonzero_basic_costs" => 2, "basis_updates" => 0, "entering" => 536)
PRICE_REJECT Dict{String, Any}("cached" => -2.1688166157250308e-16, "iteration" => 272, "direction_norm" => 1.5454545454545447, "price_tolerance" => 0.0, "implied_dot" => 2.422304781000339e-16, "nonzero_basic_costs" => 2, "basis_updates" => 0, "entering" => 848)
PRICE_REJECT Dict{String, Any}("cached" => -5.54077588618886e-16, "iteration" => 272, "direction_norm" => 3.636363636363631, "price_tolerance" => 0.0, "implied_dot" => 5.046468293749869e-18, "nonzero_basic_costs" => 2, "basis_updates" => 0, "entering" => 42)
PRICE_REJECT Dict{String, Any}("cached" => -5.54077588618886e-16, "iteration" => 272, "direction_norm" => 3.636363636363631, "price_tolerance" => 0.0, "implied_dot" => 5.046468293749869e-18, "nonzero_basic_costs" => 2, "basis_updates" => 0, "entering" => 1424)
PRICE_REJECT Dict{String, Any}("cached" => -1.0004870768257513e-15, "iteration" => 272, "direction_norm" => 6.181818181818172, "price_tolerance" => 0.0, "implied_dot" => 2.134656088256549e-15, "nonzero_basic_costs" => 2, "basis_updates" => 0, "entering" => 1557)
PRICE_REJECT Dict{String, Any}("cached" => -7.638529675047356e-16, "iteration" => 272, "direction_norm" => 5.090909090909073, "price_tolerance" => 0.0, "implied_dot" => 2.205306644369059e-15, "nonzero_basic_costs" => 2, "basis_updates" => 0, "entering" => 2206)
PRICE_REJECT Dict{String, Any}("cached" => -6.156297063040403e-16, "iteration" => 272, "direction_norm" => 4.545454545454535, "price_tolerance" => 0.0, "implied_dot" => 9.083642928751267e-16, "nonzero_basic_costs" => 2, "basis_updates" => 0, "entering" => 931)
PRICE_REJECT Dict{String, Any}("cached" => -7.638529675047358e-16, "iteration" => 272, "direction_norm" => 5.090909090909073, "price_tolerance" => 0.0, "implied_dot" => 2.205306644369059e-15, "nonzero_basic_costs" => 2, "basis_updates" => 0, "entering" => 2290)
PRICE_REJECT Dict{String, Any}("cached" => -3.9041431376718413e-16, "iteration" => 272, "direction_norm" => 2.99999999999999, "price_tolerance" => 0.0, "implied_dot" => -7.77156117237611e-16, "nonzero_basic_costs" => 2, "basis_updates" => 0, "entering" => 2650)
PRICE_REJECT Dict{String, Any}("cached" => -2.307523911006519e-16, "iteration" => 272, "direction_norm" => 1.5000000000000002, "price_tolerance" => 0.0, "implied_dot" => -6.475334018520936e-17, "nonzero_basic_costs" => 2, "basis_updates" => 0, "entering" => 345)
PRICE_REJECT Dict{String, Any}("cached" => -7.065055611250978e-16, "iteration" => 272, "direction_norm" => 5.090909090909078, "price_tolerance" => 0.0, "implied_dot" => 1.4836616783627078e-15, "nonzero_basic_costs" => 2, "basis_updates" => 0, "entering" => 2018)
PRICE_REJECT Dict{String, Any}("cached" => -1.2067644933098133e-16, "iteration" => 272, "direction_norm" => 0.9999999999999999, "price_tolerance" => 0.0, "implied_dot" => -1.4335123996935618e-16, "nonzero_basic_costs" => 2, "basis_updates" => 0, "entering" => 992)
PRICE_REJECT Dict{String, Any}("cached" => -3.018182294998359e-16, "iteration" => 272, "direction_norm" => 2.0909090909090886, "price_tolerance" => 0.0, "implied_dot" => 4.844609562000678e-16, "nonzero_basic_costs" => 2, "basis_updates" => 0, "entering" => 2162)
PRICE_REJECT Dict{String, Any}("cached" => -2.1688166157250308e-16, "iteration" => 272, "direction_norm" => 1.5454545454545447, "price_tolerance" => 0.0, "implied_dot" => 2.422304781000339e-16, "nonzero_basic_costs" => 2, "basis_updates" => 0, "entering" => 1513)
PRICE_REJECT Dict{String, Any}("cached" => -7.065055611250978e-16, "iteration" => 272, "direction_norm" => 5.090909090909078, "price_tolerance" => 0.0, "implied_dot" => 1.4836616783627078e-15, "nonzero_basic_costs" => 2, "basis_updates" => 0, "entering" => 1024)
PRICE_REJECT Dict{String, Any}("cached" => -3.9878927180693664e-16, "iteration" => 272, "direction_norm" => 3.090909090909088, "price_tolerance" => 0.0, "implied_dot" => 4.844609562000677e-16, "nonzero_basic_costs" => 2, "basis_updates" => 0, "entering" => 1291)
PRICE_REJECT Dict{String, Any}("cached" => -3.1219585675590693e-16, "iteration" => 272, "direction_norm" => 2.590909090909088, "price_tolerance" => 0.0, "implied_dot" => 4.037174635000525e-17, "nonzero_basic_costs" => 2, "basis_updates" => 0, "entering" => 838)
PRICE_REJECT Dict{String, Any}("cached" => -1.202882775603837e-16, "iteration" => 272, "direction_norm" => 1.0000000000000004, "price_tolerance" => 0.0, "implied_dot" => 1.3741745441563421e-16, "nonzero_basic_costs" => 2, "basis_updates" => 0, "entering" => 1005)
PRICE_REJECT Dict{String, Any}("cached" => -5.923124710507573e-16, "iteration" => 272, "direction_norm" => 4.045454545454535, "price_tolerance" => 0.0, "implied_dot" => -4.2390333667506117e-16, "nonzero_basic_costs" => 2, "basis_updates" => 0, "entering" => 2587)
PRICE_REJECT Dict{String, Any}("cached" => -8.470181626792395e-17, "iteration" => 272, "direction_norm" => 1.0, "price_tolerance" => 0.0, "implied_dot" => 0.0, "nonzero_basic_costs" => 2, "basis_updates" => 0, "entering" => 882)
PRICE_REJECT Dict{String, Any}("cached" => -8.470181626792395e-17, "iteration" => 272, "direction_norm" => 1.0, "price_tolerance" => 0.0, "implied_dot" => 0.0, "nonzero_basic_costs" => 2, "basis_updates" => 0, "entering" => 1923)
PRICE_REJECT Dict{String, Any}("cached" => -2.66231768207376e-16, "iteration" => 272, "direction_norm" => 2.0909090909090895, "price_tolerance" => 0.0, "implied_dot" => -1.8167285857502582e-16, "nonzero_basic_costs" => 2, "basis_updates" => 0, "entering" => 616)
PRICE_REJECT Dict{String, Any}("cached" => -6.831883258718148e-16, "iteration" => 272, "direction_norm" => 5.090909090909083, "price_tolerance" => 0.0, "implied_dot" => -7.367843708876053e-16, "nonzero_basic_costs" => 2, "basis_updates" => 0, "entering" => 1767)
PRICE_REJECT Dict{String, Any}("cached" => -2.47210450677189e-16, "iteration" => 272, "direction_norm" => 1.704545454545454, "price_tolerance" => 0.0, "implied_dot" => 3.683921854438016e-16, "nonzero_basic_costs" => 2, "basis_updates" => 0, "entering" => 763)
PRICE_REJECT Dict{String, Any}("cached" => -5.470235304795709e-16, "iteration" => 272, "direction_norm" => 3.9090909090909056, "price_tolerance" => 0.0, "implied_dot" => 7.36784370887603e-16, "nonzero_basic_costs" => 2, "basis_updates" => 0, "entering" => 2373)
PRICE_REJECT Dict{String, Any}("cached" => -2.4115712887279713e-16, "iteration" => 272, "direction_norm" => 2.0909090909090895, "price_tolerance" => 0.0, "implied_dot" => -7.065055611251035e-17, "nonzero_basic_costs" => 2, "basis_updates" => 0, "entering" => 2158)
PRICE_REJECT Dict{String, Any}("cached" => -2.4115712887279713e-16, "iteration" => 272, "direction_norm" => 2.0909090909090895, "price_tolerance" => 0.0, "implied_dot" => -7.065055611251035e-17, "nonzero_basic_costs" => 2, "basis_updates" => 0, "entering" => 369)
PRICE_REJECT Dict{String, Any}("cached" => -3.2218643484395667e-16, "iteration" => 272, "direction_norm" => 2.545454545454543, "price_tolerance" => 0.0, "implied_dot" => -6.459479416000916e-16, "nonzero_basic_costs" => 2, "basis_updates" => 0, "entering" => 2281)
PRICE_REJECT Dict{String, Any}("cached" => -1.1424957916702186e-15, "iteration" => 272, "direction_norm" => 8.181818181818167, "price_tolerance" => 0.0, "implied_dot" => 2.745278751800385e-15, "nonzero_basic_costs" => 2, "basis_updates" => 0, "entering" => 855)
PRICE_REJECT Dict{String, Any}("cached" => -1.1424957916702186e-15, "iteration" => 272, "direction_norm" => 8.181818181818167, "price_tolerance" => 0.0, "implied_dot" => 2.745278751800385e-15, "nonzero_basic_costs" => 2, "basis_updates" => 0, "entering" => 726)
PRICE_REJECT Dict{String, Any}("cached" => -3.018182294998357e-16, "iteration" => 272, "direction_norm" => 2.0909090909090886, "price_tolerance" => 0.0, "implied_dot" => 4.844609562000678e-16, "nonzero_basic_costs" => 2, "basis_updates" => 0, "entering" => 251)
PRICE_REJECT Dict{String, Any}("cached" => -6.809209106686029e-16, "iteration" => 272, "direction_norm" => 4.5454545454545405, "price_tolerance" => 0.0, "implied_dot" => -9.083642928751373e-17, "nonzero_basic_costs" => 2, "basis_updates" => 0, "entering" => 694)
PRICE_REJECT Dict{String, Any}("cached" => -8.839194873624596e-16, "iteration" => 272, "direction_norm" => 6.136363636363624, "price_tolerance" => 0.0, "implied_dot" => 1.2262917953814215e-15, "nonzero_basic_costs" => 2, "basis_updates" => 0, "entering" => 690)
PRICE_REJECT Dict{String, Any}("cached" => -3.614454064331808e-16, "iteration" => 272, "direction_norm" => 3.0909090909090895, "price_tolerance" => 0.0, "implied_dot" => 8.17527863587615e-16, "nonzero_basic_costs" => 2, "basis_updates" => 0, "entering" => 2310)
PRICE_REJECT Dict{String, Any}("cached" => -3.480634056332253e-16, "iteration" => 272, "direction_norm" => 2.0909090909090864, "price_tolerance" => 0.0, "implied_dot" => 3.734386537375517e-16, "nonzero_basic_costs" => 2, "basis_updates" => 0, "entering" => 2285)
PRICE_REJECT Dict{String, Any}("cached" => -8.839194873624596e-16, "iteration" => 272, "direction_norm" => 6.136363636363624, "price_tolerance" => 0.0, "implied_dot" => 1.2262917953814215e-15, "nonzero_basic_costs" => 2, "basis_updates" => 0, "entering" => 780)
PRICE_REJECT Dict{String, Any}("cached" => -2.472104506771888e-16, "iteration" => 272, "direction_norm" => 1.704545454545454, "price_tolerance" => 0.0, "implied_dot" => 3.683921854438016e-16, "nonzero_basic_costs" => 2, "basis_updates" => 0, "entering" => 2014)
PRICE_REJECT Dict{String, Any}("cached" => -7.405357322514528e-16, "iteration" => 272, "direction_norm" => 5.090909090909076, "price_tolerance" => 0.0, "implied_dot" => -2.3718400980628525e-16, "nonzero_basic_costs" => 2, "basis_updates" => 0, "entering" => 2055)
PRICE_REJECT Dict{String, Any}("cached" => -8.294441218662808e-17, "iteration" => 272, "direction_norm" => 1.0000000000000007, "price_tolerance" => 0.0, "implied_dot" => -5.377710301253504e-18, "nonzero_basic_costs" => 2, "basis_updates" => 0, "entering" => 2330)
PRICE_REJECT Dict{String, Any}("cached" => -8.294441218662808e-17, "iteration" => 272, "direction_norm" => 1.0000000000000007, "price_tolerance" => 0.0, "implied_dot" => -5.377710301253504e-18, "nonzero_basic_costs" => 2, "basis_updates" => 0, "entering" => 711)
PRICE_REJECT Dict{String, Any}("cached" => -1.1424957916702186e-15, "iteration" => 272, "direction_norm" => 8.181818181818166, "price_tolerance" => 0.0, "implied_dot" => 9.689219124001346e-16, "nonzero_basic_costs" => 2, "basis_updates" => 0, "entering" => 1941)
PRICE_REJECT Dict{String, Any}("cached" => -5.266443276635155e-16, "iteration" => 272, "direction_norm" => 3.636363636363631, "price_tolerance" => 0.0, "implied_dot" => 5.046468293749992e-18, "nonzero_basic_costs" => 2, "basis_updates" => 0, "entering" => 333)
PRICE_REJECT Dict{String, Any}("cached" => -5.266443276635155e-16, "iteration" => 272, "direction_norm" => 3.636363636363631, "price_tolerance" => 0.0, "implied_dot" => 5.046468293749992e-18, "nonzero_basic_costs" => 2, "basis_updates" => 0, "entering" => 1915)
PRICE_REJECT Dict{String, Any}("cached" => -2.7850099424655294e-16, "iteration" => 272, "direction_norm" => 2.0909090909090895, "price_tolerance" => 0.0, "implied_dot" => 2.6241635127503657e-16, "nonzero_basic_costs" => 2, "basis_updates" => 0, "entering" => 1311)
PRICE_REJECT Dict{String, Any}("cached" => -2.66231768207376e-16, "iteration" => 272, "direction_norm" => 2.0909090909090895, "price_tolerance" => 0.0, "implied_dot" => -3.4820631226879933e-16, "nonzero_basic_costs" => 2, "basis_updates" => 0, "entering" => 522)
PRICE_REJECT Dict{String, Any}("cached" => -5.266443276635155e-16, "iteration" => 272, "direction_norm" => 3.636363636363631, "price_tolerance" => 0.0, "implied_dot" => 5.046468293749992e-18, "nonzero_basic_costs" => 2, "basis_updates" => 0, "entering" => 952)
PRICE_REJECT Dict{String, Any}("cached" => -5.266443276635155e-16, "iteration" => 272, "direction_norm" => 3.636363636363631, "price_tolerance" => 0.0, "implied_dot" => 5.046468293749992e-18, "nonzero_basic_costs" => 2, "basis_updates" => 0, "entering" => 1386)
PRICE_REJECT Dict{String, Any}("cached" => -3.9041431376718413e-16, "iteration" => 272, "direction_norm" => 2.9999999999999925, "price_tolerance" => 0.0, "implied_dot" => -3.3306690738754795e-16, "nonzero_basic_costs" => 2, "basis_updates" => 0, "entering" => 1720)
PRICE_REJECT Dict{String, Any}("cached" => 4.499331293022852e-16, "iteration" => 272, "direction_norm" => 2.8181818181818135, "price_tolerance" => 0.0, "implied_dot" => -8.62946078231371e-16, "nonzero_basic_costs" => 2, "basis_updates" => 0, "entering" => 2938)
PRICE_REJECT Dict{String, Any}("cached" => -2.644743641260801e-16, "iteration" => 272, "direction_norm" => 2.090909090909091, "price_tolerance" => 0.0, "implied_dot" => -3.4820631226879933e-16, "nonzero_basic_costs" => 2, "basis_updates" => 0, "entering" => 1105)
PRICE_REJECT Dict{String, Any}("cached" => -5.61954810221163e-16, "iteration" => 272, "direction_norm" => 4.045454545454533, "price_tolerance" => 0.0, "implied_dot" => -4.239033366750613e-16, "nonzero_basic_costs" => 2, "basis_updates" => 0, "entering" => 775)
PRICE_REJECT Dict{String, Any}("cached" => -2.8484256947020106e-16, "iteration" => 272, "direction_norm" => 2.5454545454545427, "price_tolerance" => 0.0, "implied_dot" => 5.19786234256323e-16, "nonzero_basic_costs" => 2, "basis_updates" => 0, "entering" => 1776)
PRICE_REJECT Dict{String, Any}("cached" => -6.256191617895137e-16, "iteration" => 272, "direction_norm" => 5.090909090909082, "price_tolerance" => 0.0, "implied_dot" => 9.840613172813873e-16, "nonzero_basic_costs" => 2, "basis_updates" => 0, "entering" => 857)
PRICE_REJECT Dict{String, Any}("cached" => -2.2943133659028483e-16, "iteration" => 272, "direction_norm" => 1.4090909090909072, "price_tolerance" => 0.0, "implied_dot" => 2.371840098062832e-16, "nonzero_basic_costs" => 2, "basis_updates" => 0, "entering" => 2181)
PRICE_REJECT Dict{String, Any}("cached" => -5.266443276635155e-16, "iteration" => 272, "direction_norm" => 3.636363636363631, "price_tolerance" => 0.0, "implied_dot" => 5.046468293749992e-18, "nonzero_basic_costs" => 2, "basis_updates" => 0, "entering" => 366)
PRICE_REJECT Dict{String, Any}("cached" => -6.256191617895137e-16, "iteration" => 272, "direction_norm" => 5.090909090909082, "price_tolerance" => 0.0, "implied_dot" => 9.840613172813873e-16, "nonzero_basic_costs" => 2, "basis_updates" => 0, "entering" => 798)
PRICE_REJECT Dict{String, Any}("cached" => -6.256191617895137e-16, "iteration" => 272, "direction_norm" => 5.090909090909082, "price_tolerance" => 0.0, "implied_dot" => 9.840613172813873e-16, "nonzero_basic_costs" => 2, "basis_updates" => 0, "entering" => 118)
PRICE_REJECT Dict{String, Any}("cached" => -2.39099116021754e-16, "iteration" => 272, "direction_norm" => 2.0909090909090904, "price_tolerance" => 0.0, "implied_dot" => 4.844609562000683e-16, "nonzero_basic_costs" => 2, "basis_updates" => 0, "entering" => 2070)
PRICE_REJECT Dict{String, Any}("cached" => -2.2081715664733112e-16, "iteration" => 272, "direction_norm" => 1.0454545454545454, "price_tolerance" => 0.0, "implied_dot" => 3.6649975983364593e-16, "nonzero_basic_costs" => 2, "basis_updates" => 0, "entering" => 1129)
PRICE_REJECT Dict{String, Any}("cached" => -3.614454064331808e-16, "iteration" => 272, "direction_norm" => 3.0909090909090895, "price_tolerance" => 0.0, "implied_dot" => 8.17527863587615e-16, "nonzero_basic_costs" => 2, "basis_updates" => 0, "entering" => 1137)
PRICE_REJECT Dict{String, Any}("cached" => -5.266443276635155e-16, "iteration" => 272, "direction_norm" => 3.636363636363631, "price_tolerance" => 0.0, "implied_dot" => 5.046468293749992e-18, "nonzero_basic_costs" => 2, "basis_updates" => 0, "entering" => 628)
PRICE_REJECT Dict{String, Any}("cached" => -5.266443276635155e-16, "iteration" => 272, "direction_norm" => 3.636363636363631, "price_tolerance" => 0.0, "implied_dot" => 5.046468293749992e-18, "nonzero_basic_costs" => 2, "basis_updates" => 0, "entering" => 312)
PRICE_REJECT Dict{String, Any}("cached" => -6.256191617895135e-16, "iteration" => 272, "direction_norm" => 5.090909090909082, "price_tolerance" => 0.0, "implied_dot" => 9.840613172813873e-16, "nonzero_basic_costs" => 2, "basis_updates" => 0, "entering" => 1380)
PRICE_REJECT Dict{String, Any}("cached" => -4.237210045059407e-16, "iteration" => 272, "direction_norm" => 3.0454545454545388, "price_tolerance" => 0.0, "implied_dot" => 7.569702440625983e-17, "nonzero_basic_costs" => 2, "basis_updates" => 0, "entering" => 1971)
PRICE_REJECT Dict{String, Any}("cached" => -7.599332560876669e-16, "iteration" => 272, "direction_norm" => 5.272727272727262, "price_tolerance" => 0.0, "implied_dot" => 2.452583590762844e-15, "nonzero_basic_costs" => 2, "basis_updates" => 0, "entering" => 1742)
PRICE_REJECT Dict{String, Any}("cached" => -4.237210045059405e-16, "iteration" => 272, "direction_norm" => 3.0454545454545388, "price_tolerance" => 0.0, "implied_dot" => 7.569702440625983e-17, "nonzero_basic_costs" => 2, "basis_updates" => 0, "entering" => 1051)
PRICE_REJECT Dict{String, Any}("cached" => -4.237210045059407e-16, "iteration" => 272, "direction_norm" => 3.0454545454545388, "price_tolerance" => 0.0, "implied_dot" => 7.569702440625983e-17, "nonzero_basic_costs" => 2, "basis_updates" => 0, "entering" => 1263)
PRICE_REJECT Dict{String, Any}("cached" => -3.018182294998357e-16, "iteration" => 272, "direction_norm" => 2.090909090909087, "price_tolerance" => 0.0, "implied_dot" => -2.926951610375422e-16, "nonzero_basic_costs" => 2, "basis_updates" => 0, "entering" => 532)
PRICE_REJECT Dict{String, Any}("cached" => -6.023019265362307e-16, "iteration" => 272, "direction_norm" => 4.090909090909081, "price_tolerance" => 0.0, "implied_dot" => 1.2061059222064186e-15, "nonzero_basic_costs" => 2, "basis_updates" => 0, "entering" => 2035)
PRICE_REJECT Dict{String, Any}("cached" => -4.237210045059407e-16, "iteration" => 272, "direction_norm" => 3.0454545454545388, "price_tolerance" => 0.0, "implied_dot" => 7.569702440625983e-17, "nonzero_basic_costs" => 2, "basis_updates" => 0, "entering" => 917)
PRICE_REJECT Dict{String, Any}("cached" => -2.644743641260801e-16, "iteration" => 272, "direction_norm" => 2.090909090909091, "price_tolerance" => 0.0, "implied_dot" => -3.4820631226879933e-16, "nonzero_basic_costs" => 2, "basis_updates" => 0, "entering" => 1345)
PRICE_REJECT Dict{String, Any}("cached" => -6.023019265362307e-16, "iteration" => 272, "direction_norm" => 4.090909090909081, "price_tolerance" => 0.0, "implied_dot" => 1.2061059222064186e-15, "nonzero_basic_costs" => 2, "basis_updates" => 0, "entering" => 1414)
PRICE_REJECT Dict{String, Any}("cached" => -4.237210045059407e-16, "iteration" => 272, "direction_norm" => 3.0454545454545388, "price_tolerance" => 0.0, "implied_dot" => 7.569702440625983e-17, "nonzero_basic_costs" => 2, "basis_updates" => 0, "entering" => 2179)
PRICE_REJECT Dict{String, Any}("cached" => -4.237210045059407e-16, "iteration" => 272, "direction_norm" => 3.0454545454545388, "price_tolerance" => 0.0, "implied_dot" => 7.569702440625983e-17, "nonzero_basic_costs" => 2, "basis_updates" => 0, "entering" => 1079)
PRICE_REJECT Dict{String, Any}("cached" => -4.237210045059405e-16, "iteration" => 272, "direction_norm" => 3.0454545454545388, "price_tolerance" => 0.0, "implied_dot" => 7.569702440625983e-17, "nonzero_basic_costs" => 2, "basis_updates" => 0, "entering" => 1911)
PRICE_REJECT Dict{String, Any}("cached" => -3.018182294998359e-16, "iteration" => 272, "direction_norm" => 2.0909090909090886, "price_tolerance" => 0.0, "implied_dot" => 4.844609562000678e-16, "nonzero_basic_costs" => 2, "basis_updates" => 0, "entering" => 1641)
PRICE_REJECT Dict{String, Any}("cached" => -3.018182294998359e-16, "iteration" => 272, "direction_norm" => 2.0909090909090886, "price_tolerance" => 0.0, "implied_dot" => 4.844609562000678e-16, "nonzero_basic_costs" => 2, "basis_updates" => 0, "entering" => 1821)
PRICE_REJECT Dict{String, Any}("cached" => -6.256191617895135e-16, "iteration" => 272, "direction_norm" => 5.090909090909082, "price_tolerance" => 0.0, "implied_dot" => 9.840613172813873e-16, "nonzero_basic_costs" => 2, "basis_updates" => 0, "entering" => 654)
PRICE_REJECT Dict{String, Any}("cached" => -4.237210045059409e-16, "iteration" => 272, "direction_norm" => 3.0454545454545388, "price_tolerance" => 0.0, "implied_dot" => 7.569702440625983e-17, "nonzero_basic_costs" => 2, "basis_updates" => 0, "entering" => 599)
PRICE_REJECT Dict{String, Any}("cached" => -4.237210045059405e-16, "iteration" => 272, "direction_norm" => 3.0454545454545388, "price_tolerance" => 0.0, "implied_dot" => 7.569702440625983e-17, "nonzero_basic_costs" => 2, "basis_updates" => 0, "entering" => 920)
PRICE_REJECT Dict{String, Any}("cached" => -4.237210045059407e-16, "iteration" => 272, "direction_norm" => 3.0454545454545388, "price_tolerance" => 0.0, "implied_dot" => 7.569702440625983e-17, "nonzero_basic_costs" => 2, "basis_updates" => 0, "entering" => 2342)
PRICE_REJECT Dict{String, Any}("cached" => -4.237210045059407e-16, "iteration" => 272, "direction_norm" => 3.0454545454545388, "price_tolerance" => 0.0, "implied_dot" => 7.569702440625983e-17, "nonzero_basic_costs" => 2, "basis_updates" => 0, "entering" => 2526)
PRICE_REJECT Dict{String, Any}("cached" => -6.984065818201568e-16, "iteration" => 272, "direction_norm" => 5.181818181818172, "price_tolerance" => 0.0, "implied_dot" => 6.358550050125882e-16, "nonzero_basic_costs" => 2, "basis_updates" => 0, "entering" => 1097)
PRICE_REJECT Dict{String, Any}("cached" => -2.4115712887279713e-16, "iteration" => 272, "direction_norm" => 2.0909090909090895, "price_tolerance" => 0.0, "implied_dot" => -7.065055611251035e-17, "nonzero_basic_costs" => 2, "basis_updates" => 0, "entering" => 1321)
PRICE_REJECT Dict{String, Any}("cached" => -2.4115712887279713e-16, "iteration" => 272, "direction_norm" => 2.0909090909090895, "price_tolerance" => 0.0, "implied_dot" => -7.065055611251035e-17, "nonzero_basic_costs" => 2, "basis_updates" => 0, "entering" => 2009)
PRICE_REJECT Dict{String, Any}("cached" => -9.631902666497467e-16, "iteration" => 272, "direction_norm" => 7.681818181818168, "price_tolerance" => 0.0, "implied_dot" => 1.7460780296377442e-15, "nonzero_basic_costs" => 2, "basis_updates" => 0, "entering" => 2223)
PRICE_REJECT Dict{String, Any}("cached" => -4.237210045059407e-16, "iteration" => 272, "direction_norm" => 3.0454545454545388, "price_tolerance" => 0.0, "implied_dot" => 7.569702440625983e-17, "nonzero_basic_costs" => 2, "basis_updates" => 0, "entering" => 177)
PRICE_REJECT Dict{String, Any}("cached" => -4.237210045059405e-16, "iteration" => 272, "direction_norm" => 3.045454545454537, "price_tolerance" => 0.0, "implied_dot" => 7.418308391813536e-16, "nonzero_basic_costs" => 2, "basis_updates" => 0, "entering" => 226)
PRICE_REJECT Dict{String, Any}("cached" => -4.237210045059407e-16, "iteration" => 272, "direction_norm" => 3.0454545454545388, "price_tolerance" => 0.0, "implied_dot" => 7.569702440625983e-17, "nonzero_basic_costs" => 2, "basis_updates" => 0, "entering" => 1743)
PRICE_REJECT Dict{String, Any}("cached" => -3.9041431376718413e-16, "iteration" => 272, "direction_norm" => 2.9999999999999907, "price_tolerance" => 0.0, "implied_dot" => -4.996003610813215e-16, "nonzero_basic_costs" => 2, "basis_updates" => 0, "entering" => 1902)
PRICE_REJECT Dict{String, Any}("cached" => -5.601185550727823e-16, "iteration" => 272, "direction_norm" => 4.045454545454535, "price_tolerance" => 0.0, "implied_dot" => 5.803438537813261e-17, "nonzero_basic_costs" => 2, "basis_updates" => 0, "entering" => 2495)
PRICE_REJECT Dict{String, Any}("cached" => -2.8484256947020106e-16, "iteration" => 272, "direction_norm" => 2.5454545454545427, "price_tolerance" => 0.0, "implied_dot" => 5.19786234256323e-16, "nonzero_basic_costs" => 2, "basis_updates" => 0, "entering" => 814)
PRICE_REJECT Dict{String, Any}("cached" => -2.1183339173689433e-16, "iteration" => 272, "direction_norm" => 1.272727272727276, "price_tolerance" => 0.0, "implied_dot" => -1.8671932686877697e-16, "nonzero_basic_costs" => 2, "basis_updates" => 0, "entering" => 766)
PRICE_REJECT Dict{String, Any}("cached" => -6.308479622523824e-16, "iteration" => 272, "direction_norm" => 4.636363636363625, "price_tolerance" => 0.0, "implied_dot" => 5.046468293750697e-16, "nonzero_basic_costs" => 2, "basis_updates" => 0, "entering" => 877)
PRICE_REJECT Dict{String, Any}("cached" => -5.601185550727823e-16, "iteration" => 272, "direction_norm" => 4.045454545454535, "price_tolerance" => 0.0, "implied_dot" => 5.803438537813261e-17, "nonzero_basic_costs" => 2, "basis_updates" => 0, "entering" => 1844)
PRICE_REJECT Dict{String, Any}("cached" => -3.9041431376718433e-16, "iteration" => 272, "direction_norm" => 2.9999999999999907, "price_tolerance" => 0.0, "implied_dot" => -4.996003610813215e-16, "nonzero_basic_costs" => 2, "basis_updates" => 0, "entering" => 832)
PRICE_REJECT Dict{String, Any}("cached" => -6.308479622523824e-16, "iteration" => 272, "direction_norm" => 4.636363636363625, "price_tolerance" => 0.0, "implied_dot" => 5.046468293750697e-16, "nonzero_basic_costs" => 2, "basis_updates" => 0, "entering" => 1446)
PRICE_REJECT Dict{String, Any}("cached" => -8.327461195359552e-16, "iteration" => 272, "direction_norm" => 7.181818181818169, "price_tolerance" => 0.0, "implied_dot" => -1.4130111222502175e-16, "nonzero_basic_costs" => 2, "basis_updates" => 0, "entering" => 122)
PRICE_REJECT Dict{String, Any}("cached" => -8.094288842826722e-16, "iteration" => 272, "direction_norm" => 6.181818181818168, "price_tolerance" => 0.0, "implied_dot" => 3.027880976250409e-16, "nonzero_basic_costs" => 2, "basis_updates" => 0, "entering" => 175)
PRICE_REJECT Dict{String, Any}("cached" => -8.09428884282672e-16, "iteration" => 272, "direction_norm" => 6.181818181818168, "price_tolerance" => 0.0, "implied_dot" => 3.027880976250409e-16, "nonzero_basic_costs" => 2, "basis_updates" => 0, "entering" => 2004)
PRICE_REJECT Dict{String, Any}("cached" => -3.401319629987951e-16, "iteration" => 272, "direction_norm" => 2.5454545454545405, "price_tolerance" => 0.0, "implied_dot" => 2.9774162933129137e-16, "nonzero_basic_costs" => 2, "basis_updates" => 0, "entering" => 2381)
PRICE_REJECT Dict{String, Any}("cached" => -2.1977718972181856e-16, "iteration" => 272, "direction_norm" => 1.7045454545454541, "price_tolerance" => 0.0, "implied_dot" => -2.018587317500294e-17, "nonzero_basic_costs" => 2, "basis_updates" => 0, "entering" => 1099)
PRICE_REJECT Dict{String, Any}("cached" => -3.593873935821369e-16, "iteration" => 272, "direction_norm" => 3.090909090909088, "price_tolerance" => 0.0, "implied_dot" => -1.8167285857502627e-16, "nonzero_basic_costs" => 2, "basis_updates" => 0, "entering" => 464)
PRICE_REJECT Dict{String, Any}("cached" => -8.094288842826724e-16, "iteration" => 272, "direction_norm" => 6.181818181818168, "price_tolerance" => 0.0, "implied_dot" => 3.027880976250409e-16, "nonzero_basic_costs" => 2, "basis_updates" => 0, "entering" => 1056)
PRICE_REJECT Dict{String, Any}("cached" => -8.094288842826724e-16, "iteration" => 272, "direction_norm" => 6.181818181818168, "price_tolerance" => 0.0, "implied_dot" => 3.027880976250409e-16, "nonzero_basic_costs" => 2, "basis_updates" => 0, "entering" => 73)
PRICE_REJECT Dict{String, Any}("cached" => -6.512161675965032e-16, "iteration" => 272, "direction_norm" => 5.090909090909085, "price_tolerance" => 0.0, "implied_dot" => -1.2918958832001832e-15, "nonzero_basic_costs" => 2, "basis_updates" => 0, "entering" => 1122)
PRICE_REJECT Dict{String, Any}("cached" => -2.8484256947020106e-16, "iteration" => 272, "direction_norm" => 2.5454545454545427, "price_tolerance" => 0.0, "implied_dot" => 5.19786234256323e-16, "nonzero_basic_costs" => 2, "basis_updates" => 0, "entering" => 875)
PRICE_REJECT Dict{String, Any}("cached" => -8.094288842826724e-16, "iteration" => 272, "direction_norm" => 6.181818181818174, "price_tolerance" => 0.0, "implied_dot" => -1.0294795319251466e-15, "nonzero_basic_costs" => 2, "basis_updates" => 0, "entering" => 2182)
PRICE_REJECT Dict{String, Any}("cached" => -8.09428884282672e-16, "iteration" => 272, "direction_norm" => 6.181818181818174, "price_tolerance" => 0.0, "implied_dot" => -1.0294795319251466e-15, "nonzero_basic_costs" => 2, "basis_updates" => 0, "entering" => 2622)
PRICE_REJECT Dict{String, Any}("cached" => -2.4115712887279713e-16, "iteration" => 272, "direction_norm" => 2.0909090909090895, "price_tolerance" => 0.0, "implied_dot" => -7.065055611251035e-17, "nonzero_basic_costs" => 2, "basis_updates" => 0, "entering" => 2133)
PRICE_REJECT Dict{String, Any}("cached" => -2.4115712887279713e-16, "iteration" => 272, "direction_norm" => 2.0909090909090895, "price_tolerance" => 0.0, "implied_dot" => -7.065055611251035e-17, "nonzero_basic_costs" => 2, "basis_updates" => 0, "entering" => 2518)
PRICE_REJECT Dict{String, Any}("cached" => -7.971720135939869e-16, "iteration" => 272, "direction_norm" => 6.09090909090908, "price_tolerance" => 0.0, "implied_dot" => 1.1505947709751604e-15, "nonzero_basic_costs" => 2, "basis_updates" => 0, "entering" => 1333)
PRICE_REJECT Dict{String, Any}("cached" => -4.71857779422439e-16, "iteration" => 272, "direction_norm" => 3.8409090909090846, "price_tolerance" => 0.0, "implied_dot" => 6.509944098938411e-16, "nonzero_basic_costs" => 2, "basis_updates" => 0, "entering" => 2628)
PRICE_REJECT Dict{String, Any}("cached" => -4.71857779422439e-16, "iteration" => 272, "direction_norm" => 3.8409090909090837, "price_tolerance" => 0.0, "implied_dot" => 1.3171282246689349e-15, "nonzero_basic_costs" => 2, "basis_updates" => 0, "entering" => 1818)
PRICE_REJECT Dict{String, Any}("cached" => -9.27891420170288e-16, "iteration" => 272, "direction_norm" => 7.727272727272716, "price_tolerance" => 0.0, "implied_dot" => 1.0446189368063954e-15, "nonzero_basic_costs" => 2, "basis_updates" => 0, "entering" => 2301)
PRICE_REJECT Dict{String, Any}("cached" => -7.812721429396974e-16, "iteration" => 272, "direction_norm" => 6.136363636363625, "price_tolerance" => 0.0, "implied_dot" => -1.937843824800275e-15, "nonzero_basic_costs" => 2, "basis_updates" => 0, "entering" => 521)
PRICE_REJECT Dict{String, Any}("cached" => -5.466068163704498e-16, "iteration" => 272, "direction_norm" => 4.363636363636356, "price_tolerance" => 0.0, "implied_dot" => 6.055761952500845e-16, "nonzero_basic_costs" => 2, "basis_updates" => 0, "entering" => 2531)
PRICE_REJECT Dict{String, Any}("cached" => -1.0013375860807718e-15, "iteration" => 272, "direction_norm" => 8.18181818181817, "price_tolerance" => 0.0, "implied_dot" => -1.3070352880814361e-15, "nonzero_basic_costs" => 2, "basis_updates" => 0, "entering" => 913)
PRICE_REJECT Dict{String, Any}("cached" => -1.0013375860807718e-15, "iteration" => 272, "direction_norm" => 8.18181818181817, "price_tolerance" => 0.0, "implied_dot" => -1.3070352880814361e-15, "nonzero_basic_costs" => 2, "basis_updates" => 0, "entering" => 1728)
PRICE_REJECT Dict{String, Any}("cached" => -1.0013375860807718e-15, "iteration" => 272, "direction_norm" => 8.18181818181817, "price_tolerance" => 0.0, "implied_dot" => -1.3070352880814361e-15, "nonzero_basic_costs" => 2, "basis_updates" => 0, "entering" => 1793)
PRICE_REJECT Dict{String, Any}("cached" => -2.1183339173689433e-16, "iteration" => 272, "direction_norm" => 1.2727272727272756, "price_tolerance" => 0.0, "implied_dot" => -5.19786234256324e-16, "nonzero_basic_costs" => 2, "basis_updates" => 0, "entering" => 998)
PRICE_REJECT Dict{String, Any}("cached" => -9.285501660501344e-17, "iteration" => 272, "direction_norm" => 1.0, "price_tolerance" => 0.0, "implied_dot" => 2.249502959794741e-16, "nonzero_basic_costs" => 2, "basis_updates" => 0, "entering" => 535)
PRICE_REJECT Dict{String, Any}("cached" => -4.578582598180404e-16, "iteration" => 272, "direction_norm" => 3.1818181818181794, "price_tolerance" => 0.0, "implied_dot" => 3.0278809762504223e-16, "nonzero_basic_costs" => 2, "basis_updates" => 0, "entering" => 1582)
PRICE_REJECT Dict{String, Any}("cached" => -5.501833206194615e-16, "iteration" => 272, "direction_norm" => 4.63636363636363, "price_tolerance" => 0.0, "implied_dot" => -4.3904274155631285e-16, "nonzero_basic_costs" => 2, "basis_updates" => 0, "entering" => 1439)
PRICE_REJECT Dict{String, Any}("cached" => -9.9907017087756e-16, "iteration" => 272, "direction_norm" => 7.636363636363622, "price_tolerance" => 0.0, "implied_dot" => 9.487360392251317e-16, "nonzero_basic_costs" => 2, "basis_updates" => 0, "entering" => 2026)
PRICE_REJECT Dict{String, Any}("cached" => -9.990701708775597e-16, "iteration" => 272, "direction_norm" => 7.63636363636362, "price_tolerance" => 0.0, "implied_dot" => 6.055761952500632e-17, "nonzero_basic_costs" => 2, "basis_updates" => 0, "entering" => 397)
PRICE_REJECT Dict{String, Any}("cached" => -5.501833206194615e-16, "iteration" => 272, "direction_norm" => 4.63636363636363, "price_tolerance" => 0.0, "implied_dot" => -4.3904274155631285e-16, "nonzero_basic_costs" => 2, "basis_updates" => 0, "entering" => 1356)
PRICE_REJECT Dict{String, Any}("cached" => -5.501833206194615e-16, "iteration" => 272, "direction_norm" => 4.63636363636363, "price_tolerance" => 0.0, "implied_dot" => -4.3904274155631285e-16, "nonzero_basic_costs" => 2, "basis_updates" => 0, "entering" => 2385)
PRICE_REJECT Dict{String, Any}("cached" => -5.501833206194615e-16, "iteration" => 272, "direction_norm" => 4.63636363636363, "price_tolerance" => 0.0, "implied_dot" => -4.3904274155631285e-16, "nonzero_basic_costs" => 2, "basis_updates" => 0, "entering" => 213)
PRICE_REJECT Dict{String, Any}("cached" => -9.254582295053937e-16, "iteration" => 272, "direction_norm" => 7.727272727272713, "price_tolerance" => 0.0, "implied_dot" => 1.7662639028127478e-15, "nonzero_basic_costs" => 2, "basis_updates" => 0, "entering" => 212)
PRICE_REJECT Dict{String, Any}("cached" => -7.522237190436883e-17, "iteration" => 272, "direction_norm" => 1.0, "price_tolerance" => 0.0, "implied_dot" => -5.727988889303791e-17, "nonzero_basic_costs" => 2, "basis_updates" => 0, "entering" => 905)
PRICE_REJECT Dict{String, Any}("cached" => -7.418702647148975e-16, "iteration" => 272, "direction_norm" => 6.136363636363625, "price_tolerance" => 0.0, "implied_dot" => -6.055761952500871e-16, "nonzero_basic_costs" => 2, "basis_updates" => 0, "entering" => 1187)
PRICE_REJECT Dict{String, Any}("cached" => -1.7154049645397866e-16, "iteration" => 272, "direction_norm" => 1.5454545454545434, "price_tolerance" => 0.0, "implied_dot" => 4.0876393179380737e-16, "nonzero_basic_costs" => 2, "basis_updates" => 0, "entering" => 809)
PRICE_REJECT Dict{String, Any}("cached" => -5.501833206194615e-16, "iteration" => 272, "direction_norm" => 4.63636363636363, "price_tolerance" => 0.0, "implied_dot" => -4.3904274155631285e-16, "nonzero_basic_costs" => 2, "basis_updates" => 0, "entering" => 2)
PRICE_REJECT Dict{String, Any}("cached" => -7.418702647148975e-16, "iteration" => 272, "direction_norm" => 6.136363636363625, "price_tolerance" => 0.0, "implied_dot" => -6.055761952500871e-16, "nonzero_basic_costs" => 2, "basis_updates" => 0, "entering" => 2448)
PRICE_REJECT Dict{String, Any}("cached" => -7.418702647148973e-16, "iteration" => 272, "direction_norm" => 6.136363636363625, "price_tolerance" => 0.0, "implied_dot" => -6.055761952500871e-16, "nonzero_basic_costs" => 2, "basis_updates" => 0, "entering" => 1495)
PRICE_REJECT Dict{String, Any}("cached" => -7.520814779030343e-16, "iteration" => 272, "direction_norm" => 6.181818181818173, "price_tolerance" => 0.0, "implied_dot" => -1.529079893006467e-15, "nonzero_basic_costs" => 2, "basis_updates" => 0, "entering" => 994)
PRICE_REJECT Dict{String, Any}("cached" => -7.520814779030345e-16, "iteration" => 272, "direction_norm" => 6.181818181818173, "price_tolerance" => 0.0, "implied_dot" => -1.529079893006467e-15, "nonzero_basic_costs" => 2, "basis_updates" => 0, "entering" => 343)
PRICE_REJECT Dict{String, Any}("cached" => -7.520814779030343e-16, "iteration" => 272, "direction_norm" => 6.181818181818173, "price_tolerance" => 0.0, "implied_dot" => -1.529079893006467e-15, "nonzero_basic_costs" => 2, "basis_updates" => 0, "entering" => 1089)
PRICE_REJECT Dict{String, Any}("cached" => -7.520814779030343e-16, "iteration" => 272, "direction_norm" => 6.181818181818173, "price_tolerance" => 0.0, "implied_dot" => -1.529079893006467e-15, "nonzero_basic_costs" => 2, "basis_updates" => 0, "entering" => 2386)
PRICE_REJECT Dict{String, Any}("cached" => -7.418702647148973e-16, "iteration" => 272, "direction_norm" => 6.136363636363625, "price_tolerance" => 0.0, "implied_dot" => -6.055761952500871e-16, "nonzero_basic_costs" => 2, "basis_updates" => 0, "entering" => 340)
PRICE_REJECT Dict{String, Any}("cached" => -2.4219105256648846e-16, "iteration" => 272, "direction_norm" => 1.9772727272727246, "price_tolerance" => 0.0, "implied_dot" => -1.0345260002189012e-16, "nonzero_basic_costs" => 2, "basis_updates" => 0, "entering" => 1098)
PRICE_REJECT Dict{String, Any}("cached" => -1.0875533428368204e-15, "iteration" => 272, "direction_norm" => 8.727272727272712, "price_tolerance" => 0.0, "implied_dot" => -3.4315984397505045e-16, "nonzero_basic_costs" => 2, "basis_updates" => 0, "entering" => 2375)
PRICE_REJECT Dict{String, Any}("cached" => -9.254582295053937e-16, "iteration" => 272, "direction_norm" => 7.727272727272713, "price_tolerance" => 0.0, "implied_dot" => 1.7662639028127478e-15, "nonzero_basic_costs" => 2, "basis_updates" => 0, "entering" => 627)
PRICE_REJECT Dict{String, Any}("cached" => -7.520814779030343e-16, "iteration" => 272, "direction_norm" => 6.181818181818174, "price_tolerance" => 0.0, "implied_dot" => 2.472769463937836e-16, "nonzero_basic_costs" => 2, "basis_updates" => 0, "entering" => 26)
PRICE_REJECT Dict{String, Any}("cached" => -7.520814779030343e-16, "iteration" => 272, "direction_norm" => 6.181818181818174, "price_tolerance" => 0.0, "implied_dot" => 2.472769463937836e-16, "nonzero_basic_costs" => 2, "basis_updates" => 0, "entering" => 431)
PRICE_REJECT Dict{String, Any}("cached" => -7.520814779030343e-16, "iteration" => 272, "direction_norm" => 6.181818181818174, "price_tolerance" => 0.0, "implied_dot" => 2.472769463937836e-16, "nonzero_basic_costs" => 2, "basis_updates" => 0, "entering" => 162)
PRICE_REJECT Dict{String, Any}("cached" => -7.520814779030343e-16, "iteration" => 272, "direction_norm" => 6.181818181818174, "price_tolerance" => 0.0, "implied_dot" => 2.472769463937836e-16, "nonzero_basic_costs" => 2, "basis_updates" => 0, "entering" => 168)
PRICE_REJECT Dict{String, Any}("cached" => -7.520814779030343e-16, "iteration" => 272, "direction_norm" => 6.181818181818174, "price_tolerance" => 0.0, "implied_dot" => 2.472769463937836e-16, "nonzero_basic_costs" => 2, "basis_updates" => 0, "entering" => 327)
PRICE_REJECT Dict{String, Any}("cached" => -7.520814779030343e-16, "iteration" => 272, "direction_norm" => 6.181818181818174, "price_tolerance" => 0.0, "implied_dot" => 2.472769463937836e-16, "nonzero_basic_costs" => 2, "basis_updates" => 0, "entering" => 1464)
PRICE_REJECT Dict{String, Any}("cached" => -7.992176710945355e-16, "iteration" => 272, "direction_norm" => 6.136363636363624, "price_tolerance" => 0.0, "implied_dot" => 1.2262917953814215e-15, "nonzero_basic_costs" => 2, "basis_updates" => 0, "entering" => 1823)
PRICE_REJECT Dict{String, Any}("cached" => -6.612056230819768e-16, "iteration" => 272, "direction_norm" => 5.636363636363628, "price_tolerance" => 0.0, "implied_dot" => 2.336514820006578e-15, "nonzero_basic_costs" => 2, "basis_updates" => 0, "entering" => 1975)
PRICE_REJECT Dict{String, Any}("cached" => -6.61205623081977e-16, "iteration" => 272, "direction_norm" => 5.636363636363626, "price_tolerance" => 0.0, "implied_dot" => 3.3811337568129644e-16, "nonzero_basic_costs" => 2, "basis_updates" => 0, "entering" => 1499)
PRICE_REJECT Dict{String, Any}("cached" => -2.916070163117025e-16, "iteration" => 272, "direction_norm" => 2.0909090909090886, "price_tolerance" => 0.0, "implied_dot" => 1.5139404881252077e-16, "nonzero_basic_costs" => 2, "basis_updates" => 0, "entering" => 1493)
PRICE_REJECT Dict{String, Any}("cached" => -2.916070163117025e-16, "iteration" => 272, "direction_norm" => 2.0909090909090877, "price_tolerance" => 0.0, "implied_dot" => 4.037174635000489e-17, "nonzero_basic_costs" => 2, "basis_updates" => 0, "entering" => 1694)
PRICE_REJECT Dict{String, Any}("cached" => -2.916070163117025e-16, "iteration" => 272, "direction_norm" => 2.0909090909090877, "price_tolerance" => 0.0, "implied_dot" => 4.037174635000489e-17, "nonzero_basic_costs" => 2, "basis_updates" => 0, "entering" => 2171)
PRICE_REJECT Dict{String, Any}("cached" => -6.518312865858581e-16, "iteration" => 272, "direction_norm" => 5.363636363636355, "price_tolerance" => 0.0, "implied_dot" => 1.4382434637189517e-15, "nonzero_basic_costs" => 2, "basis_updates" => 0, "entering" => 1140)
PRICE_REJECT Dict{String, Any}("cached" => -3.3757110486023325e-16, "iteration" => 272, "direction_norm" => 2.590909090909085, "price_tolerance" => 0.0, "implied_dot" => -2.3718400980628417e-16, "nonzero_basic_costs" => 2, "basis_updates" => 0, "entering" => 1021)
PRICE_REJECT Dict{String, Any}("cached" => -5.399721074313247e-16, "iteration" => 272, "direction_norm" => 4.090909090909082, "price_tolerance" => 0.0, "implied_dot" => 4.0371746350004424e-17, "nonzero_basic_costs" => 2, "basis_updates" => 0, "entering" => 2147)
PRICE_REJECT Dict{String, Any}("cached" => -7.992176710945357e-16, "iteration" => 272, "direction_norm" => 6.136363636363628, "price_tolerance" => 0.0, "implied_dot" => 1.670381005231484e-15, "nonzero_basic_costs" => 2, "basis_updates" => 0, "entering" => 924)
PRICE_REJECT Dict{String, Any}("cached" => -2.827845566191571e-16, "iteration" => 272, "direction_norm" => 2.545454545454543, "price_tolerance" => 0.0, "implied_dot" => -6.459479416000916e-16, "nonzero_basic_costs" => 2, "basis_updates" => 0, "entering" => 417)
PRICE_REJECT Dict{String, Any}("cached" => -9.37711033280561e-16, "iteration" => 272, "direction_norm" => 6.909090909090891, "price_tolerance" => 0.0, "implied_dot" => 1.5139404881249705e-17, "nonzero_basic_costs" => 2, "basis_updates" => 0, "entering" => 1139)
PRICE_REJECT Dict{String, Any}("cached" => -1.384555634178855e-16, "iteration" => 272, "direction_norm" => 1.000000000000001, "price_tolerance" => 0.0, "implied_dot" => -5.377710301253504e-18, "nonzero_basic_costs" => 2, "basis_updates" => 0, "entering" => 2512)
PRICE_REJECT Dict{String, Any}("cached" => -1.306659048164547e-16, "iteration" => 272, "direction_norm" => 1.0000000000000007, "price_tolerance" => 0.0, "implied_dot" => -6.237379355380313e-17, "nonzero_basic_costs" => 2, "basis_updates" => 0, "entering" => 1605)
PRICE_REJECT Dict{String, Any}("cached" => -7.463086050772436e-16, "iteration" => 272, "direction_norm" => 6.636363636363621, "price_tolerance" => 0.0, "implied_dot" => 1.8369144589252568e-15, "nonzero_basic_costs" => 2, "basis_updates" => 0, "entering" => 2082)
PRICE_REJECT Dict{String, Any}("cached" => -9.254582295053937e-16, "iteration" => 272, "direction_norm" => 7.727272727272713, "price_tolerance" => 0.0, "implied_dot" => 1.7662639028127478e-15, "nonzero_basic_costs" => 2, "basis_updates" => 0, "entering" => 1515)
PRICE_REJECT Dict{String, Any}("cached" => -9.807476230339877e-16, "iteration" => 272, "direction_norm" => 7.727272727272707, "price_tolerance" => 0.0, "implied_dot" => 1.0092936587501187e-16, "nonzero_basic_costs" => 2, "basis_updates" => 0, "entering" => 716)
PRICE_REJECT Dict{String, Any}("cached" => -9.574641196353268e-16, "iteration" => 272, "direction_norm" => 7.090909090909079, "price_tolerance" => 0.0, "implied_dot" => 4.037174635000388e-17, "nonzero_basic_costs" => 2, "basis_updates" => 0, "entering" => 1831)
PRICE_REJECT Dict{String, Any}("cached" => -8.900935259155932e-16, "iteration" => 272, "direction_norm" => 7.181818181818164, "price_tolerance" => 0.0, "implied_dot" => 1.801589180869002e-15, "nonzero_basic_costs" => 2, "basis_updates" => 0, "entering" => 2326)
PRICE_REJECT Dict{String, Any}("cached" => -1.7674466688191006e-16, "iteration" => 272, "direction_norm" => 1.2045454545454581, "price_tolerance" => 0.0, "implied_dot" => -3.493102272080575e-16, "nonzero_basic_costs" => 2, "basis_updates" => 0, "entering" => 2444)
PRICE_REJECT Dict{String, Any}("cached" => -7.463086050772436e-16, "iteration" => 272, "direction_norm" => 6.636363636363621, "price_tolerance" => 0.0, "implied_dot" => 1.8369144589252568e-15, "nonzero_basic_costs" => 2, "basis_updates" => 0, "entering" => 383)
PRICE_REJECT Dict{String, Any}("cached" => -4.1673479996177505e-16, "iteration" => 272, "direction_norm" => 3.590909090909087, "price_tolerance" => 0.0, "implied_dot" => 5.954832586625833e-16, "nonzero_basic_costs" => 2, "basis_updates" => 0, "entering" => 356)
PRICE_REJECT Dict{String, Any}("cached" => -6.612056230819766e-16, "iteration" => 272, "direction_norm" => 5.636363636363626, "price_tolerance" => 0.0, "implied_dot" => 3.9362452691255426e-16, "nonzero_basic_costs" => 2, "basis_updates" => 0, "entering" => 673)
PRICE_REJECT Dict{String, Any}("cached" => -7.463086050772436e-16, "iteration" => 272, "direction_norm" => 6.636363636363621, "price_tolerance" => 0.0, "implied_dot" => 1.8369144589252568e-15, "nonzero_basic_costs" => 2, "basis_updates" => 0, "entering" => 2588)
PRICE_REJECT Dict{String, Any}("cached" => -3.3757110486023325e-16, "iteration" => 272, "direction_norm" => 2.590909090909085, "price_tolerance" => 0.0, "implied_dot" => -2.3718400980628417e-16, "nonzero_basic_costs" => 2, "basis_updates" => 0, "entering" => 2389)
PRICE_REJECT Dict{String, Any}("cached" => -7.185530294616145e-16, "iteration" => 272, "direction_norm" => 6.136363636363625, "price_tolerance" => 0.0, "implied_dot" => -3.835315903250558e-16, "nonzero_basic_costs" => 2, "basis_updates" => 0, "entering" => 2616)
PRICE_REJECT Dict{String, Any}("cached" => -4.935051735952753e-16, "iteration" => 272, "direction_norm" => 4.636363636363628, "price_tolerance" => 0.0, "implied_dot" => 6.055761952500752e-17, "nonzero_basic_costs" => 2, "basis_updates" => 0, "entering" => 846)
PRICE_REJECT Dict{String, Any}("cached" => -4.935051735952753e-16, "iteration" => 272, "direction_norm" => 4.636363636363628, "price_tolerance" => 0.0, "implied_dot" => 6.055761952500752e-17, "nonzero_basic_costs" => 2, "basis_updates" => 0, "entering" => 1225)
PRICE_REJECT Dict{String, Any}("cached" => -2.6851153876107957e-16, "iteration" => 272, "direction_norm" => 2.2954545454545427, "price_tolerance" => 0.0, "implied_dot" => 5.475418098719516e-16, "nonzero_basic_costs" => 2, "basis_updates" => 0, "entering" => 652)
PRICE_REJECT Dict{String, Any}("cached" => -7.185530294616145e-16, "iteration" => 272, "direction_norm" => 6.136363636363625, "price_tolerance" => 0.0, "implied_dot" => -3.835315903250558e-16, "nonzero_basic_costs" => 2, "basis_updates" => 0, "entering" => 796)
PRICE_REJECT Dict{String, Any}("cached" => -9.254582295053937e-16, "iteration" => 272, "direction_norm" => 7.727272727272713, "price_tolerance" => 0.0, "implied_dot" => 1.7662639028127478e-15, "nonzero_basic_costs" => 2, "basis_updates" => 0, "entering" => 1950)
PRICE_REJECT Dict{String, Any}("cached" => -1.7154049645397866e-16, "iteration" => 272, "direction_norm" => 1.5454545454545414, "price_tolerance" => 0.0, "implied_dot" => 1.31208175637518e-16, "nonzero_basic_costs" => 2, "basis_updates" => 0, "entering" => 2040)
PRICE_REJECT Dict{String, Any}("cached" => -7.418702647148975e-16, "iteration" => 272, "direction_norm" => 6.636363636363623, "price_tolerance" => 0.0, "implied_dot" => 6.055761952500691e-17, "nonzero_basic_costs" => 2, "basis_updates" => 0, "entering" => 1603)
PRICE_REJECT Dict{String, Any}("cached" => -2.4219105256648846e-16, "iteration" => 272, "direction_norm" => 1.9772727272727246, "price_tolerance" => 0.0, "implied_dot" => -1.0345260002189012e-16, "nonzero_basic_costs" => 2, "basis_updates" => 0, "entering" => 128)
PRICE_REJECT Dict{String, Any}("cached" => -7.418702647148973e-16, "iteration" => 272, "direction_norm" => 6.636363636363623, "price_tolerance" => 0.0, "implied_dot" => 6.055761952500691e-17, "nonzero_basic_costs" => 2, "basis_updates" => 0, "entering" => 542)
PRICE_REJECT Dict{String, Any}("cached" => -2.6851153876107957e-16, "iteration" => 272, "direction_norm" => 2.2954545454545427, "price_tolerance" => 0.0, "implied_dot" => 4.920306586406938e-16, "nonzero_basic_costs" => 2, "basis_updates" => 0, "entering" => 2107)
PRICE_REJECT Dict{String, Any}("cached" => -4.935051735952753e-16, "iteration" => 272, "direction_norm" => 4.636363636363628, "price_tolerance" => 0.0, "implied_dot" => 6.055761952500752e-17, "nonzero_basic_costs" => 2, "basis_updates" => 0, "entering" => 811)
PRICE_REJECT Dict{String, Any}("cached" => -7.418702647148975e-16, "iteration" => 272, "direction_norm" => 6.136363636363625, "price_tolerance" => 0.0, "implied_dot" => -6.055761952500871e-16, "nonzero_basic_costs" => 2, "basis_updates" => 0, "entering" => 1611)
PRICE_REJECT Dict{String, Any}("cached" => -3.546981145723502e-16, "iteration" => 272, "direction_norm" => 3.181818181818178, "price_tolerance" => 0.0, "implied_dot" => 7.721096489438581e-16, "nonzero_basic_costs" => 2, "basis_updates" => 0, "entering" => 1690)
PRICE_REJECT Dict{String, Any}("cached" => -4.935051735952753e-16, "iteration" => 272, "direction_norm" => 4.636363636363628, "price_tolerance" => 0.0, "implied_dot" => 6.055761952500752e-17, "nonzero_basic_costs" => 2, "basis_updates" => 0, "entering" => 247)
PRICE_REJECT Dict{String, Any}("cached" => -4.935051735952753e-16, "iteration" => 272, "direction_norm" => 4.636363636363628, "price_tolerance" => 0.0, "implied_dot" => 6.055761952500752e-17, "nonzero_basic_costs" => 2, "basis_updates" => 0, "entering" => 426)
PRICE_REJECT Dict{String, Any}("cached" => -7.197368508488286e-16, "iteration" => 272, "direction_norm" => 5.454545454545441, "price_tolerance" => 0.0, "implied_dot" => 9.235036977563785e-16, "nonzero_basic_costs" => 2, "basis_updates" => 0, "entering" => 1589)
PRICE_REJECT Dict{String, Any}("cached" => -1.919087017980994e-16, "iteration" => 272, "direction_norm" => 1.9999999999999978, "price_tolerance" => 0.0, "implied_dot" => -2.220446049250316e-16, "nonzero_basic_costs" => 2, "basis_updates" => 0, "entering" => 2368)
PRICE_REJECT Dict{String, Any}("cached" => -1.919087017980996e-16, "iteration" => 272, "direction_norm" => 1.9999999999999978, "price_tolerance" => 0.0, "implied_dot" => -2.220446049250316e-16, "nonzero_basic_costs" => 2, "basis_updates" => 0, "entering" => 553)
PRICE_REJECT Dict{String, Any}("cached" => -1.306659048164549e-16, "iteration" => 272, "direction_norm" => 1.0000000000000007, "price_tolerance" => 0.0, "implied_dot" => 2.0892933293083617e-17, "nonzero_basic_costs" => 2, "basis_updates" => 0, "entering" => 2594)
PRICE_REJECT Dict{String, Any}("cached" => -4.935051735952753e-16, "iteration" => 272, "direction_norm" => 4.636363636363628, "price_tolerance" => 0.0, "implied_dot" => 6.055761952500752e-17, "nonzero_basic_costs" => 2, "basis_updates" => 0, "entering" => 539)
PRICE_REJECT Dict{String, Any}("cached" => -1.7154049645397885e-16, "iteration" => 272, "direction_norm" => 1.5454545454545414, "price_tolerance" => 0.0, "implied_dot" => 7.569702440626016e-17, "nonzero_basic_costs" => 2, "basis_updates" => 0, "entering" => 801)
PRICE_REJECT Dict{String, Any}("cached" => -1.7154049645397885e-16, "iteration" => 272, "direction_norm" => 1.5454545454545423, "price_tolerance" => 0.0, "implied_dot" => 2.0185873175002434e-17, "nonzero_basic_costs" => 2, "basis_updates" => 0, "entering" => 1462)
PRICE_REJECT Dict{String, Any}("cached" => -8.325243618332922e-16, "iteration" => 272, "direction_norm" => 7.1818181818181674, "price_tolerance" => 0.0, "implied_dot" => 1.6905668784064861e-15, "nonzero_basic_costs" => 2, "basis_updates" => 0, "entering" => 2567)
PRICE_REJECT Dict{String, Any}("cached" => -2.7850099424655274e-16, "iteration" => 272, "direction_norm" => 2.5454545454545454, "price_tolerance" => 0.0, "implied_dot" => 2.6241635127503657e-16, "nonzero_basic_costs" => 2, "basis_updates" => 0, "entering" => 500)
PRICE_REJECT Dict{String, Any}("cached" => -8.32524361833292e-16, "iteration" => 272, "direction_norm" => 7.181818181818159, "price_tolerance" => 0.0, "implied_dot" => 1.6905668784064861e-15, "nonzero_basic_costs" => 2, "basis_updates" => 0, "entering" => 501)
PRICE_REJECT Dict{String, Any}("cached" => -4.935051735952753e-16, "iteration" => 272, "direction_norm" => 4.636363636363628, "price_tolerance" => 0.0, "implied_dot" => 6.055761952500752e-17, "nonzero_basic_costs" => 2, "basis_updates" => 0, "entering" => 751)
PRICE_REJECT Dict{String, Any}("cached" => -8.325243618332922e-16, "iteration" => 272, "direction_norm" => 7.1818181818181674, "price_tolerance" => 0.0, "implied_dot" => 1.6905668784064861e-15, "nonzero_basic_costs" => 2, "basis_updates" => 0, "entering" => 540)
PRICE_REJECT Dict{String, Any}("cached" => -2.8807547666522775e-16, "iteration" => 272, "direction_norm" => 2.181818181818179, "price_tolerance" => 0.0, "implied_dot" => 2.472769463937842e-16, "nonzero_basic_costs" => 2, "basis_updates" => 0, "entering" => 1283)
PRICE_REJECT Dict{String, Any}("cached" => -8.32524361833292e-16, "iteration" => 272, "direction_norm" => 7.1818181818181674, "price_tolerance" => 0.0, "implied_dot" => 1.746078029637744e-15, "nonzero_basic_costs" => 2, "basis_updates" => 0, "entering" => 2462)
PRICE_REJECT Dict{String, Any}("cached" => -5.294798066583329e-16, "iteration" => 272, "direction_norm" => 4.590909090909084, "price_tolerance" => 0.0, "implied_dot" => 7.065055611250986e-16, "nonzero_basic_costs" => 2, "basis_updates" => 0, "entering" => 314)
PRICE_REJECT Dict{String, Any}("cached" => -1.7154049645397866e-16, "iteration" => 272, "direction_norm" => 1.5454545454545434, "price_tolerance" => 0.0, "implied_dot" => 4.0876393179380737e-16, "nonzero_basic_costs" => 2, "basis_updates" => 0, "entering" => 1960)
PRICE_REJECT Dict{String, Any}("cached" => -8.528925671774126e-16, "iteration" => 272, "direction_norm" => 7.636363636363617, "price_tolerance" => 0.0, "implied_dot" => 8.37713736762616e-16, "nonzero_basic_costs" => 2, "basis_updates" => 0, "entering" => 1976)
PRICE_REJECT Dict{String, Any}("cached" => -1.054790724460986e-15, "iteration" => 272, "direction_norm" => 8.181818181818164, "price_tolerance" => 0.0, "implied_dot" => 1.3625464393126667e-16, "nonzero_basic_costs" => 2, "basis_updates" => 0, "entering" => 28)
PRICE_REJECT Dict{String, Any}("cached" => -8.32524361833292e-16, "iteration" => 272, "direction_norm" => 7.1818181818181674, "price_tolerance" => 0.0, "implied_dot" => 1.746078029637744e-15, "nonzero_basic_costs" => 2, "basis_updates" => 0, "entering" => 833)
PRICE_REJECT Dict{String, Any}("cached" => -1.2067644933098133e-16, "iteration" => 272, "direction_norm" => 1.5, "price_tolerance" => 0.0, "implied_dot" => 2.1447490248440622e-17, "nonzero_basic_costs" => 2, "basis_updates" => 0, "entering" => 984)
PRICE_REJECT Dict{String, Any}("cached" => -1.0344225191168648e-15, "iteration" => 272, "direction_norm" => 9.727272727272709, "price_tolerance" => 0.0, "implied_dot" => 3.2650649860567077e-15, "nonzero_basic_costs" => 2, "basis_updates" => 0, "entering" => 562)
PRICE_REJECT Dict{String, Any}("cached" => -4.935051735952753e-16, "iteration" => 272, "direction_norm" => 4.636363636363628, "price_tolerance" => 0.0, "implied_dot" => 6.055761952500752e-17, "nonzero_basic_costs" => 2, "basis_updates" => 0, "entering" => 2246)
PRICE_REJECT Dict{String, Any}("cached" => -7.185530294616145e-16, "iteration" => 272, "direction_norm" => 5.636363636363623, "price_tolerance" => 0.0, "implied_dot" => 2.826022244500382e-16, "nonzero_basic_costs" => 2, "basis_updates" => 0, "entering" => 2188)
PRICE_REJECT Dict{String, Any}("cached" => -1.1029769947233396e-16, "iteration" => 272, "direction_norm" => 1.2727272727272725, "price_tolerance" => 0.0, "implied_dot" => 8.263591831016788e-17, "nonzero_basic_costs" => 2, "basis_updates" => 0, "entering" => 337)
PRICE_REJECT Dict{String, Any}("cached" => -5.773948238721685e-16, "iteration" => 272, "direction_norm" => 4.636363636363629, "price_tolerance" => 0.0, "implied_dot" => 1.1606877075626518e-16, "nonzero_basic_costs" => 2, "basis_updates" => 0, "entering" => 2572)
PRICE_REJECT Dict{String, Any}("cached" => -5.773948238721685e-16, "iteration" => 272, "direction_norm" => 4.636363636363629, "price_tolerance" => 0.0, "implied_dot" => 1.1606877075626518e-16, "nonzero_basic_costs" => 2, "basis_updates" => 0, "entering" => 758)
PRICE_REJECT Dict{String, Any}("cached" => -3.3757110486023325e-16, "iteration" => 272, "direction_norm" => 2.590909090909085, "price_tolerance" => 0.0, "implied_dot" => -2.3718400980628417e-16, "nonzero_basic_costs" => 2, "basis_updates" => 0, "entering" => 2505)
PRICE_REJECT Dict{String, Any}("cached" => -2.7850099424655274e-16, "iteration" => 272, "direction_norm" => 2.5454545454545454, "price_tolerance" => 0.0, "implied_dot" => 2.6241635127503657e-16, "nonzero_basic_costs" => 2, "basis_updates" => 0, "entering" => 1599)
PRICE_REJECT Dict{String, Any}("cached" => -3.546981145723502e-16, "iteration" => 272, "direction_norm" => 3.181818181818179, "price_tolerance" => 0.0, "implied_dot" => 3.280204390937958e-16, "nonzero_basic_costs" => 2, "basis_updates" => 0, "entering" => 525)
PRICE_REJECT Dict{String, Any}("cached" => -7.792929811557415e-16, "iteration" => 272, "direction_norm" => 6.18181818181817, "price_tolerance" => 0.0, "implied_dot" => -5.298791708438265e-16, "nonzero_basic_costs" => 2, "basis_updates" => 0, "entering" => 403)
PRICE_REJECT Dict{String, Any}("cached" => -7.792929811557413e-16, "iteration" => 272, "direction_norm" => 6.18181818181817, "price_tolerance" => 0.0, "implied_dot" => -5.298791708438265e-16, "nonzero_basic_costs" => 2, "basis_updates" => 0, "entering" => 1161)
PRICE_REJECT Dict{String, Any}("cached" => -7.792929811557413e-16, "iteration" => 272, "direction_norm" => 6.18181818181817, "price_tolerance" => 0.0, "implied_dot" => -5.298791708438265e-16, "nonzero_basic_costs" => 2, "basis_updates" => 0, "entering" => 1876)
PRICE_REJECT Dict{String, Any}("cached" => -7.792929811557413e-16, "iteration" => 272, "direction_norm" => 6.18181818181817, "price_tolerance" => 0.0, "implied_dot" => -5.298791708438265e-16, "nonzero_basic_costs" => 2, "basis_updates" => 0, "entering" => 325)
PRICE_REJECT Dict{String, Any}("cached" => -2.4219105256648865e-16, "iteration" => 272, "direction_norm" => 1.9772727272727244, "price_tolerance" => 0.0, "implied_dot" => -2.4223047810003473e-16, "nonzero_basic_costs" => 2, "basis_updates" => 0, "entering" => 1875)
PRICE_REJECT Dict{String, Any}("cached" => -6.584906255599207e-16, "iteration" => 272, "direction_norm" => 5.18181818181817, "price_tolerance" => 0.0, "implied_dot" => 1.524033424712713e-15, "nonzero_basic_costs" => 2, "basis_updates" => 0, "entering" => 87)
PRICE_REJECT Dict{String, Any}("cached" => -4.794539134398613e-16, "iteration" => 272, "direction_norm" => 4.045454545454536, "price_tolerance" => 0.0, "implied_dot" => 1.130408897800158e-15, "nonzero_basic_costs" => 2, "basis_updates" => 0, "entering" => 514)
PRICE_REJECT Dict{String, Any}("cached" => -9.69197891134949e-16, "iteration" => 272, "direction_norm" => 8.818181818181806, "price_tolerance" => 0.0, "implied_dot" => 1.3625464393126906e-15, "nonzero_basic_costs" => 2, "basis_updates" => 0, "entering" => 1888)
PRICE_REJECT Dict{String, Any}("cached" => -9.958364099667987e-17, "iteration" => 272, "direction_norm" => 1.0000000000000004, "price_tolerance" => 0.0, "implied_dot" => 1.7211508523472502e-18, "nonzero_basic_costs" => 2, "basis_updates" => 0, "entering" => 41)
PRICE_REJECT Dict{String, Any}("cached" => -4.642356574915213e-16, "iteration" => 272, "direction_norm" => 4.090909090909084, "price_tolerance" => 0.0, "implied_dot" => -9.033178245813784e-16, "nonzero_basic_costs" => 2, "basis_updates" => 0, "entering" => 666)
PRICE_REJECT Dict{String, Any}("cached" => -1.919087017980996e-16, "iteration" => 272, "direction_norm" => 1.9999999999999978, "price_tolerance" => 0.0, "implied_dot" => -2.220446049250316e-16, "nonzero_basic_costs" => 2, "basis_updates" => 0, "entering" => 876)
PRICE_REJECT Dict{String, Any}("cached" => -1.919087017980996e-16, "iteration" => 272, "direction_norm" => 1.9999999999999978, "price_tolerance" => 0.0, "implied_dot" => -2.220446049250316e-16, "nonzero_basic_costs" => 2, "basis_updates" => 0, "entering" => 1524)
PRICE_REJECT Dict{String, Any}("cached" => -9.689178454866161e-16, "iteration" => 272, "direction_norm" => 8.272727272727254, "price_tolerance" => 0.0, "implied_dot" => 9.53782507518882e-16, "nonzero_basic_costs" => 2, "basis_updates" => 0, "entering" => 2348)
PRICE_REJECT Dict{String, Any}("cached" => -1.7154049645397885e-16, "iteration" => 272, "direction_norm" => 1.7954545454545427, "price_tolerance" => 0.0, "implied_dot" => 2.0185873175002434e-17, "nonzero_basic_costs" => 2, "basis_updates" => 0, "entering" => 1020)
PRICE_REJECT Dict{String, Any}("cached" => -5.05774399634452e-16, "iteration" => 272, "direction_norm" => 4.13636363636363, "price_tolerance" => 0.0, "implied_dot" => -8.276208001751176e-16, "nonzero_basic_costs" => 2, "basis_updates" => 0, "entering" => 895)
PRICE_REJECT Dict{String, Any}("cached" => -1.0344225191168648e-15, "iteration" => 272, "direction_norm" => 9.727272727272709, "price_tolerance" => 0.0, "implied_dot" => 3.2650649860567077e-15, "nonzero_basic_costs" => 2, "basis_updates" => 0, "entering" => 1762)
PRICE_REJECT Dict{String, Any}("cached" => -1.4844501890335888e-16, "iteration" => 272, "direction_norm" => 1.022727272727273, "price_tolerance" => 0.0, "implied_dot" => -5.4407236292000056e-17, "nonzero_basic_costs" => 2, "basis_updates" => 0, "entering" => 79)
PRICE_REJECT Dict{String, Any}("cached" => -2.4219105256648846e-16, "iteration" => 272, "direction_norm" => 1.9772727272727244, "price_tolerance" => 0.0, "implied_dot" => -2.4223047810003473e-16, "nonzero_basic_costs" => 2, "basis_updates" => 0, "entering" => 1483)
PRICE_REJECT Dict{String, Any}("cached" => -8.470181626792395e-17, "iteration" => 272, "direction_norm" => 1.0, "price_tolerance" => 0.0, "implied_dot" => 0.0, "nonzero_basic_costs" => 2, "basis_updates" => 0, "entering" => 1057)
PRICE_REJECT Dict{String, Any}("cached" => -8.470181626792395e-17, "iteration" => 272, "direction_norm" => 1.0, "price_tolerance" => 0.0, "implied_dot" => 2.2186712959340953e-31, "nonzero_basic_costs" => 2, "basis_updates" => 0, "entering" => 421)
PRICE_REJECT Dict{String, Any}("cached" => -8.470181626792395e-17, "iteration" => 272, "direction_norm" => 1.0, "price_tolerance" => 0.0, "implied_dot" => 0.0, "nonzero_basic_costs" => 2, "basis_updates" => 0, "entering" => 1350)
PRICE_REJECT Dict{String, Any}("cached" => -8.425138173187654e-16, "iteration" => 272, "direction_norm" => 7.727272727272713, "price_tolerance" => 0.0, "implied_dot" => 8.780854831126217e-16, "nonzero_basic_costs" => 2, "basis_updates" => 0, "entering" => 38)
PRICE_REJECT Dict{String, Any}("cached" => -4.2689179211776553e-16, "iteration" => 272, "direction_norm" => 3.090909090909085, "price_tolerance" => 0.0, "implied_dot" => 8.17527863587614e-16, "nonzero_basic_costs" => 2, "basis_updates" => 0, "entering" => 2397)
PRICE_REJECT Dict{String, Any}("cached" => -1.9169929944593158e-16, "iteration" => 272, "direction_norm" => 1.7045454545454541, "price_tolerance" => 0.0, "implied_dot" => 2.0185873175002826e-16, "nonzero_basic_costs" => 2, "basis_updates" => 0, "entering" => 1983)
PRICE_REJECT Dict{String, Any}("cached" => -8.425138173187654e-16, "iteration" => 272, "direction_norm" => 7.727272727272713, "price_tolerance" => 0.0, "implied_dot" => 8.780854831126217e-16, "nonzero_basic_costs" => 2, "basis_updates" => 0, "entering" => 2280)
PRICE_REJECT Dict{String, Any}("cached" => -7.518597202003711e-16, "iteration" => 272, "direction_norm" => 6.18181818181817, "price_tolerance" => 0.0, "implied_dot" => 8.023884587063615e-16, "nonzero_basic_costs" => 2, "basis_updates" => 0, "entering" => 2429)
PRICE_REJECT Dict{String, Any}("cached" => -7.518597202003709e-16, "iteration" => 272, "direction_norm" => 6.181818181818169, "price_tolerance" => 0.0, "implied_dot" => -9.73968380693889e-16, "nonzero_basic_costs" => 2, "basis_updates" => 0, "entering" => 1910)
PRICE_REJECT Dict{String, Any}("cached" => -8.425138173187654e-16, "iteration" => 272, "direction_norm" => 7.727272727272713, "price_tolerance" => 0.0, "implied_dot" => 8.780854831126217e-16, "nonzero_basic_costs" => 2, "basis_updates" => 0, "entering" => 2545)
PRICE_REJECT Dict{String, Any}("cached" => -8.681108231257551e-16, "iteration" => 272, "direction_norm" => 7.727272727272716, "price_tolerance" => 0.0, "implied_dot" => -1.3423605661376911e-15, "nonzero_basic_costs" => 2, "basis_updates" => 0, "entering" => 1898)
PRICE_REJECT Dict{String, Any}("cached" => -8.425138173187654e-16, "iteration" => 272, "direction_norm" => 7.727272727272713, "price_tolerance" => 0.0, "implied_dot" => 8.780854831126217e-16, "nonzero_basic_costs" => 2, "basis_updates" => 0, "entering" => 1518)
PRICE_REJECT Dict{String, Any}("cached" => -7.518597202003709e-16, "iteration" => 272, "direction_norm" => 6.181818181818169, "price_tolerance" => 0.0, "implied_dot" => -9.73968380693889e-16, "nonzero_basic_costs" => 2, "basis_updates" => 0, "entering" => 2184)
PRICE_REJECT Dict{String, Any}("cached" => -7.518597202003709e-16, "iteration" => 272, "direction_norm" => 6.18181818181817, "price_tolerance" => 0.0, "implied_dot" => 8.023884587063615e-16, "nonzero_basic_costs" => 2, "basis_updates" => 0, "entering" => 1032)
PRICE_REJECT Dict{String, Any}("cached" => -7.518597202003711e-16, "iteration" => 272, "direction_norm" => 6.18181818181817, "price_tolerance" => 0.0, "implied_dot" => 8.023884587063615e-16, "nonzero_basic_costs" => 2, "basis_updates" => 0, "entering" => 33)
PRICE_REJECT Dict{String, Any}("cached" => -7.518597202003709e-16, "iteration" => 272, "direction_norm" => 6.181818181818169, "price_tolerance" => 0.0, "implied_dot" => -9.73968380693889e-16, "nonzero_basic_costs" => 2, "basis_updates" => 0, "entering" => 639)
PRICE_REJECT Dict{String, Any}("cached" => -7.518597202003709e-16, "iteration" => 272, "direction_norm" => 6.181818181818169, "price_tolerance" => 0.0, "implied_dot" => -9.73968380693889e-16, "nonzero_basic_costs" => 2, "basis_updates" => 0, "entering" => 808)
PRICE_REJECT Dict{String, Any}("cached" => -8.882572707672125e-16, "iteration" => 272, "direction_norm" => 7.181818181818169, "price_tolerance" => 0.0, "implied_dot" => -3.2297397080004634e-16, "nonzero_basic_costs" => 2, "basis_updates" => 0, "entering" => 2025)
PRICE_REJECT Dict{String, Any}("cached" => -1.3027773304585707e-16, "iteration" => 272, "direction_norm" => 1.0454545454545434, "price_tolerance" => 0.0, "implied_dot" => -6.308085367188418e-17, "nonzero_basic_costs" => 2, "basis_updates" => 0, "entering" => 2321)
PRICE_REJECT Dict{String, Any}("cached" => -8.425138173187654e-16, "iteration" => 272, "direction_norm" => 7.727272727272713, "price_tolerance" => 0.0, "implied_dot" => 8.780854831126217e-16, "nonzero_basic_costs" => 2, "basis_updates" => 0, "entering" => 154)
PRICE_REJECT Dict{String, Any}("cached" => -7.518597202003709e-16, "iteration" => 272, "direction_norm" => 6.18181818181817, "price_tolerance" => 0.0, "implied_dot" => 8.023884587063615e-16, "nonzero_basic_costs" => 2, "basis_updates" => 0, "entering" => 2298)
PRICE_REJECT Dict{String, Any}("cached" => -7.518597202003709e-16, "iteration" => 272, "direction_norm" => 6.181818181818169, "price_tolerance" => 0.0, "implied_dot" => -9.73968380693889e-16, "nonzero_basic_costs" => 2, "basis_updates" => 0, "entering" => 2136)
PRICE_REJECT Dict{String, Any}("cached" => -5.499615629167981e-16, "iteration" => 272, "direction_norm" => 4.636363636363629, "price_tolerance" => 0.0, "implied_dot" => 1.1606877075626503e-16, "nonzero_basic_costs" => 2, "basis_updates" => 0, "entering" => 2630)
PRICE_REJECT Dict{String, Any}("cached" => -3.290297327525463e-16, "iteration" => 272, "direction_norm" => 2.6363636363636345, "price_tolerance" => 0.0, "implied_dot" => 1.1606877075626592e-16, "nonzero_basic_costs" => 2, "basis_updates" => 0, "entering" => 1601)
PRICE_REJECT Dict{String, Any}("cached" => -5.499615629167981e-16, "iteration" => 272, "direction_norm" => 4.636363636363629, "price_tolerance" => 0.0, "implied_dot" => 1.1606877075626503e-16, "nonzero_basic_costs" => 2, "basis_updates" => 0, "entering" => 1596)
PRICE_REJECT Dict{String, Any}("cached" => -3.6377151291233653e-16, "iteration" => 272, "direction_norm" => 3.0454545454545365, "price_tolerance" => 0.0, "implied_dot" => 7.418308391813534e-16, "nonzero_basic_costs" => 2, "basis_updates" => 0, "entering" => 1420)
PRICE_REJECT Dict{String, Any}("cached" => -5.499615629167981e-16, "iteration" => 272, "direction_norm" => 4.636363636363629, "price_tolerance" => 0.0, "implied_dot" => 1.1606877075626503e-16, "nonzero_basic_costs" => 2, "basis_updates" => 0, "entering" => 396)
PRICE_REJECT Dict{String, Any}("cached" => -5.499615629167981e-16, "iteration" => 272, "direction_norm" => 4.636363636363629, "price_tolerance" => 0.0, "implied_dot" => 1.1606877075626503e-16, "nonzero_basic_costs" => 2, "basis_updates" => 0, "entering" => 728)
PRICE_REJECT Dict{String, Any}("cached" => -7.572560573337508e-16, "iteration" => 272, "direction_norm" => 6.090909090909079, "price_tolerance" => 0.0, "implied_dot" => 3.17927502506293e-16, "nonzero_basic_costs" => 2, "basis_updates" => 0, "entering" => 723)
PRICE_REJECT Dict{String, Any}("cached" => -4.616465662343022e-16, "iteration" => 272, "direction_norm" => 4.045454545454539, "price_tolerance" => 0.0, "implied_dot" => 2.422304781000329e-16, "nonzero_basic_costs" => 2, "basis_updates" => 0, "entering" => 2279)
PRICE_REJECT Dict{String, Any}("cached" => -4.616465662343022e-16, "iteration" => 272, "direction_norm" => 4.045454545454539, "price_tolerance" => 0.0, "implied_dot" => 2.422304781000329e-16, "nonzero_basic_costs" => 2, "basis_updates" => 0, "entering" => 1381)
PRICE_REJECT Dict{String, Any}("cached" => -6.609838653793135e-16, "iteration" => 272, "direction_norm" => 5.636363636363623, "price_tolerance" => 0.0, "implied_dot" => 8.932248879938745e-16, "nonzero_basic_costs" => 2, "basis_updates" => 0, "entering" => 1127)
PRICE_REJECT Dict{String, Any}("cached" => -7.518597202003711e-16, "iteration" => 272, "direction_norm" => 6.18181818181817, "price_tolerance" => 0.0, "implied_dot" => 8.023884587063615e-16, "nonzero_basic_costs" => 2, "basis_updates" => 0, "entering" => 216)
PRICE_REJECT Dict{String, Any}("cached" => -7.518597202003709e-16, "iteration" => 272, "direction_norm" => 6.181818181818169, "price_tolerance" => 0.0, "implied_dot" => -9.73968380693889e-16, "nonzero_basic_costs" => 2, "basis_updates" => 0, "entering" => 2312)
PRICE_REJECT Dict{String, Any}("cached" => -5.499615629167981e-16, "iteration" => 272, "direction_norm" => 4.636363636363629, "price_tolerance" => 0.0, "implied_dot" => 1.1606877075626503e-16, "nonzero_basic_costs" => 2, "basis_updates" => 0, "entering" => 1572)
PRICE_REJECT Dict{String, Any}("cached" => -6.609838653793135e-16, "iteration" => 272, "direction_norm" => 5.636363636363623, "price_tolerance" => 0.0, "implied_dot" => 8.932248879938745e-16, "nonzero_basic_costs" => 2, "basis_updates" => 0, "entering" => 974)
PRICE_REJECT Dict{String, Any}("cached" => -6.609838653793135e-16, "iteration" => 272, "direction_norm" => 5.636363636363622, "price_tolerance" => 0.0, "implied_dot" => 2.0034479126190307e-15, "nonzero_basic_costs" => 2, "basis_updates" => 0, "entering" => 46)
PRICE_REJECT Dict{String, Any}("cached" => -7.518597202003709e-16, "iteration" => 272, "direction_norm" => 6.18181818181817, "price_tolerance" => 0.0, "implied_dot" => 8.023884587063615e-16, "nonzero_basic_costs" => 2, "basis_updates" => 0, "entering" => 249)
PRICE_REJECT Dict{String, Any}("cached" => -7.518597202003709e-16, "iteration" => 272, "direction_norm" => 6.181818181818169, "price_tolerance" => 0.0, "implied_dot" => -9.73968380693889e-16, "nonzero_basic_costs" => 2, "basis_updates" => 0, "entering" => 1847)
PRICE_REJECT Dict{String, Any}("cached" => -7.518597202003709e-16, "iteration" => 272, "direction_norm" => 6.181818181818169, "price_tolerance" => 0.0, "implied_dot" => -9.73968380693889e-16, "nonzero_basic_costs" => 2, "basis_updates" => 0, "entering" => 1396)
PRICE_REJECT Dict{String, Any}("cached" => -7.973814159461551e-16, "iteration" => 272, "direction_norm" => 6.636363636363619, "price_tolerance" => 0.0, "implied_dot" => 2.283526902922196e-15, "nonzero_basic_costs" => 2, "basis_updates" => 0, "entering" => 2129)
PRICE_REJECT Dict{String, Any}("cached" => -1.150673622042249e-15, "iteration" => 272, "direction_norm" => 10.272727272727256, "price_tolerance" => 0.0, "implied_dot" => 1.6754274735252338e-15, "nonzero_basic_costs" => 2, "basis_updates" => 0, "entering" => 978)
PRICE_REJECT Dict{String, Any}("cached" => -1.150673622042249e-15, "iteration" => 272, "direction_norm" => 10.272727272727256, "price_tolerance" => 0.0, "implied_dot" => 1.6754274735252338e-15, "nonzero_basic_costs" => 2, "basis_updates" => 0, "entering" => 2347)
PRICE_REJECT Dict{String, Any}("cached" => -5.499615629167981e-16, "iteration" => 272, "direction_norm" => 4.636363636363629, "price_tolerance" => 0.0, "implied_dot" => 1.1606877075626503e-16, "nonzero_basic_costs" => 2, "basis_updates" => 0, "entering" => 2266)
PRICE_REJECT Dict{String, Any}("cached" => -6.609838653793135e-16, "iteration" => 272, "direction_norm" => 5.636363636363622, "price_tolerance" => 0.0, "implied_dot" => 2.0034479126190307e-15, "nonzero_basic_costs" => 2, "basis_updates" => 0, "entering" => 1017)
PRICE_REJECT Dict{String, Any}("cached" => -3.6377151291233653e-16, "iteration" => 272, "direction_norm" => 3.0454545454545365, "price_tolerance" => 0.0, "implied_dot" => 7.418308391813534e-16, "nonzero_basic_costs" => 2, "basis_updates" => 0, "entering" => 2606)
PRICE_REJECT Dict{String, Any}("cached" => -9.487754647586758e-16, "iteration" => 272, "direction_norm" => 8.72727272727271, "price_tolerance" => 0.0, "implied_dot" => 1.4331969954251998e-15, "nonzero_basic_costs" => 2, "basis_updates" => 0, "entering" => 1498)
PRICE_REJECT Dict{String, Any}("cached" => -1.919087017980996e-16, "iteration" => 272, "direction_norm" => 1.9999999999999978, "price_tolerance" => 0.0, "implied_dot" => -2.220446049250316e-16, "nonzero_basic_costs" => 2, "basis_updates" => 0, "entering" => 415)
PRICE_REJECT Dict{String, Any}("cached" => -1.919087017980998e-16, "iteration" => 272, "direction_norm" => 1.9999999999999973, "price_tolerance" => 0.0, "implied_dot" => 1.6653345369377316e-16, "nonzero_basic_costs" => 2, "basis_updates" => 0, "entering" => 934)
PRICE_REJECT Dict{String, Any}("cached" => -4.794539134398613e-16, "iteration" => 272, "direction_norm" => 4.295454545454538, "price_tolerance" => 0.0, "implied_dot" => 4.642750830250643e-16, "nonzero_basic_costs" => 2, "basis_updates" => 0, "entering" => 196)
PRICE_REJECT Dict{String, Any}("cached" => -1.0498083117357177e-15, "iteration" => 272, "direction_norm" => 9.181818181818166, "price_tolerance" => 0.0, "implied_dot" => 6.913661562438452e-16, "nonzero_basic_costs" => 2, "basis_updates" => 0, "entering" => 1546)
PRICE_REJECT Dict{String, Any}("cached" => -1.1029769947233396e-16, "iteration" => 272, "direction_norm" => 1.2727272727272727, "price_tolerance" => 0.0, "implied_dot" => -1.4508596344533363e-17, "nonzero_basic_costs" => 2, "basis_updates" => 0, "entering" => 2341)
PRICE_REJECT Dict{String, Any}("cached" => -9.293386767210145e-17, "iteration" => 272, "direction_norm" => 0.795454545454546, "price_tolerance" => 0.0, "implied_dot" => 2.1920596650979706e-17, "nonzero_basic_costs" => 2, "basis_updates" => 0, "entering" => 1901)
PRICE_REJECT Dict{String, Any}("cached" => -6.609838653793135e-16, "iteration" => 272, "direction_norm" => 5.636363636363622, "price_tolerance" => 0.0, "implied_dot" => 2.0034479126190307e-15, "nonzero_basic_costs" => 2, "basis_updates" => 0, "entering" => 1160)
PRICE_REJECT Dict{String, Any}("cached" => -6.609838653793134e-16, "iteration" => 272, "direction_norm" => 5.636363636363622, "price_tolerance" => 0.0, "implied_dot" => 2.0034479126190307e-15, "nonzero_basic_costs" => 2, "basis_updates" => 0, "entering" => 1191)
PRICE_REJECT Dict{String, Any}("cached" => -6.609838653793134e-16, "iteration" => 272, "direction_norm" => 5.636363636363622, "price_tolerance" => 0.0, "implied_dot" => 2.0034479126190307e-15, "nonzero_basic_costs" => 2, "basis_updates" => 0, "entering" => 342)
PRICE_REJECT Dict{String, Any}("cached" => -8.294441218662808e-17, "iteration" => 272, "direction_norm" => 1.0000000000000007, "price_tolerance" => 0.0, "implied_dot" => -5.377710301253504e-18, "nonzero_basic_costs" => 2, "basis_updates" => 0, "entering" => 520)
PRICE_REJECT Dict{String, Any}("cached" => -8.294441218662808e-17, "iteration" => 272, "direction_norm" => 1.0000000000000007, "price_tolerance" => 0.0, "implied_dot" => -5.377710301253504e-18, "nonzero_basic_costs" => 2, "basis_updates" => 0, "entering" => 2315)
PRICE_REJECT Dict{String, Any}("cached" => -8.294441218662808e-17, "iteration" => 272, "direction_norm" => 1.0000000000000007, "price_tolerance" => 0.0, "implied_dot" => -5.377710301253504e-18, "nonzero_basic_costs" => 2, "basis_updates" => 0, "entering" => 2391)
PRICE_REJECT Dict{String, Any}("cached" => -8.294441218662808e-17, "iteration" => 272, "direction_norm" => 1.0000000000000007, "price_tolerance" => 0.0, "implied_dot" => -5.377710301253504e-18, "nonzero_basic_costs" => 2, "basis_updates" => 0, "entering" => 1927)
PRICE_REJECT Dict{String, Any}("cached" => -8.294441218662808e-17, "iteration" => 272, "direction_norm" => 1.0000000000000007, "price_tolerance" => 0.0, "implied_dot" => -5.377710301253504e-18, "nonzero_basic_costs" => 2, "basis_updates" => 0, "entering" => 1688)
PRICE_REJECT Dict{String, Any}("cached" => -5.499615629167981e-16, "iteration" => 272, "direction_norm" => 4.636363636363629, "price_tolerance" => 0.0, "implied_dot" => 1.1606877075626503e-16, "nonzero_basic_costs" => 2, "basis_updates" => 0, "entering" => 545)
PRICE_REJECT Dict{String, Any}("cached" => -5.499615629167981e-16, "iteration" => 272, "direction_norm" => 4.636363636363629, "price_tolerance" => 0.0, "implied_dot" => 1.1606877075626503e-16, "nonzero_basic_costs" => 2, "basis_updates" => 0, "entering" => 257)
PRICE_REJECT Dict{String, Any}("cached" => -1.4822326120069568e-16, "iteration" => 272, "direction_norm" => 1.2954545454545445, "price_tolerance" => 0.0, "implied_dot" => 4.6427508302506505e-16, "nonzero_basic_costs" => 2, "basis_updates" => 0, "entering" => 605)
PRICE_REJECT Dict{String, Any}("cached" => -1.4822326120069587e-16, "iteration" => 272, "direction_norm" => 1.2954545454545445, "price_tolerance" => 0.0, "implied_dot" => 4.6427508302506505e-16, "nonzero_basic_costs" => 2, "basis_updates" => 0, "entering" => 805)
PRICE_REJECT Dict{String, Any}("cached" => -4.6431450855860935e-16, "iteration" => 272, "direction_norm" => 4.136363636363628, "price_tolerance" => 0.0, "implied_dot" => 6.05576195250075e-17, "nonzero_basic_costs" => 2, "basis_updates" => 0, "entering" => 1974)
PRICE_REJECT Dict{String, Any}("cached" => -4.6431450855860935e-16, "iteration" => 272, "direction_norm" => 4.136363636363628, "price_tolerance" => 0.0, "implied_dot" => 6.05576195250075e-17, "nonzero_basic_costs" => 2, "basis_updates" => 0, "entering" => 2174)
PRICE_REJECT Dict{String, Any}("cached" => -8.165153163980484e-16, "iteration" => 272, "direction_norm" => 7.636363636363618, "price_tolerance" => 0.0, "implied_dot" => 1.5038475515377092e-15, "nonzero_basic_costs" => 2, "basis_updates" => 0, "entering" => 51)
PRICE_REJECT Dict{String, Any}("cached" => -3.947520971719368e-16, "iteration" => 272, "direction_norm" => 3.1363636363636305, "price_tolerance" => 0.0, "implied_dot" => 2.8260222445003905e-16, "nonzero_basic_costs" => 2, "basis_updates" => 0, "entering" => 570)
PRICE_REJECT Dict{String, Any}("cached" => -1.4822326120069587e-16, "iteration" => 272, "direction_norm" => 1.2954545454545445, "price_tolerance" => 0.0, "implied_dot" => 5.19786234256323e-16, "nonzero_basic_costs" => 2, "basis_updates" => 0, "entering" => 1312)
PRICE_REJECT Dict{String, Any}("cached" => -1.4822326120069587e-16, "iteration" => 272, "direction_norm" => 1.2954545454545445, "price_tolerance" => 0.0, "implied_dot" => 5.19786234256323e-16, "nonzero_basic_costs" => 2, "basis_updates" => 0, "entering" => 2353)
PRICE_REJECT Dict{String, Any}("cached" => -5.732787981700807e-16, "iteration" => 272, "direction_norm" => 5.136363636363627, "price_tolerance" => 0.0, "implied_dot" => 1.7258921564627423e-15, "nonzero_basic_costs" => 2, "basis_updates" => 0, "entering" => 2042)
PRICE_REJECT Dict{String, Any}("cached" => -8.560214891075806e-16, "iteration" => 272, "direction_norm" => 7.9999999999999805, "price_tolerance" => 0.0, "implied_dot" => 1.332267629550185e-15, "nonzero_basic_costs" => 2, "basis_updates" => 0, "entering" => 1126)
PRICE_REJECT Dict{String, Any}("cached" => -5.732787981700807e-16, "iteration" => 272, "direction_norm" => 5.136363636363627, "price_tolerance" => 0.0, "implied_dot" => 1.7258921564627423e-15, "nonzero_basic_costs" => 2, "basis_updates" => 0, "entering" => 1586)
PRICE_REJECT Dict{String, Any}("cached" => -4.2689179211776553e-16, "iteration" => 272, "direction_norm" => 4.090909090909081, "price_tolerance" => 0.0, "implied_dot" => 8.17527863587614e-16, "nonzero_basic_costs" => 2, "basis_updates" => 0, "entering" => 1094)
PRICE_REJECT Dict{String, Any}("cached" => -1.4054180871536577e-15, "iteration" => 272, "direction_norm" => 12.090909090909058, "price_tolerance" => 0.0, "implied_dot" => -1.125362429506413e-15, "nonzero_basic_costs" => 2, "basis_updates" => 0, "entering" => 1566)
PRICE_REJECT Dict{String, Any}("cached" => -7.410416764598563e-16, "iteration" => 272, "direction_norm" => 6.159090909090902, "price_tolerance" => 0.0, "implied_dot" => -9.840613172813905e-16, "nonzero_basic_costs" => 2, "basis_updates" => 0, "entering" => 473)
PRICE_REJECT Dict{String, Any}("cached" => -4.821811856463598e-16, "iteration" => 272, "direction_norm" => 4.090909090909081, "price_tolerance" => 0.0, "implied_dot" => 2.624163512750356e-16, "nonzero_basic_costs" => 2, "basis_updates" => 0, "entering" => 1352)
PRICE_REJECT Dict{String, Any}("cached" => -1.919087017980996e-16, "iteration" => 272, "direction_norm" => 1.9999999999999978, "price_tolerance" => 0.0, "implied_dot" => -2.220446049250316e-16, "nonzero_basic_costs" => 2, "basis_updates" => 0, "entering" => 2079)
PRICE_REJECT Dict{String, Any}("cached" => -1.639725955552085e-16, "iteration" => 272, "direction_norm" => 1.5454545454545443, "price_tolerance" => 0.0, "implied_dot" => 2.018587317500252e-17, "nonzero_basic_costs" => 2, "basis_updates" => 0, "entering" => 1912)
PRICE_REJECT Dict{String, Any}("cached" => -1.4822326120069568e-16, "iteration" => 272, "direction_norm" => 1.2954545454545445, "price_tolerance" => 0.0, "implied_dot" => 4.6427508302506505e-16, "nonzero_basic_costs" => 2, "basis_updates" => 0, "entering" => 2591)
PRICE_REJECT Dict{String, Any}("cached" => -3.0159647179717587e-16, "iteration" => 272, "direction_norm" => 2.6363636363636314, "price_tolerance" => 0.0, "implied_dot" => 8.932248879938753e-16, "nonzero_basic_costs" => 2, "basis_updates" => 0, "entering" => 909)
PRICE_REJECT Dict{String, Any}("cached" => -9.293386767210145e-17, "iteration" => 272, "direction_norm" => 0.795454545454546, "price_tolerance" => 0.0, "implied_dot" => 2.1920596650979706e-17, "nonzero_basic_costs" => 2, "basis_updates" => 0, "entering" => 511)
PRICE_REJECT Dict{String, Any}("cached" => -3.0159647179717587e-16, "iteration" => 272, "direction_norm" => 2.6363636363636314, "price_tolerance" => 0.0, "implied_dot" => 8.932248879938753e-16, "nonzero_basic_costs" => 2, "basis_updates" => 0, "entering" => 2247)
PRICE_REJECT Dict{String, Any}("cached" => -1.0697872227066645e-15, "iteration" => 272, "direction_norm" => 10.27272727272725, "price_tolerance" => 0.0, "implied_dot" => 7.317379025938503e-16, "nonzero_basic_costs" => 2, "basis_updates" => 0, "entering" => 2020)
PRICE_REJECT Dict{String, Any}("cached" => -1.0697872227066645e-15, "iteration" => 272, "direction_norm" => 10.27272727272725, "price_tolerance" => 0.0, "implied_dot" => 7.317379025938503e-16, "nonzero_basic_costs" => 2, "basis_updates" => 0, "entering" => 1824)
PRICE_REJECT Dict{String, Any}("cached" => -1.9169929944593138e-16, "iteration" => 272, "direction_norm" => 1.9545454545454533, "price_tolerance" => 0.0, "implied_dot" => 2.0185873175002826e-16, "nonzero_basic_costs" => 2, "basis_updates" => 0, "entering" => 2202)
PRICE_REJECT Dict{String, Any}("cached" => -2.469886929745256e-16, "iteration" => 272, "direction_norm" => 2.204545454545452, "price_tolerance" => 0.0, "implied_dot" => 1.4634758051876991e-16, "nonzero_basic_costs" => 2, "basis_updates" => 0, "entering" => 757)
PRICE_REJECT Dict{String, Any}("cached" => -2.6241635127503657e-16, "iteration" => 272, "direction_norm" => 2.090909090909089, "price_tolerance" => 0.0, "implied_dot" => 2.6241635127503647e-16, "nonzero_basic_costs" => 2, "basis_updates" => 0, "entering" => 2189)
PRICE_REJECT Dict{String, Any}("cached" => -4.0902511503001473e-16, "iteration" => 272, "direction_norm" => 4.636363636363634, "price_tolerance" => 0.0, "implied_dot" => -1.0496654051001486e-15, "nonzero_basic_costs" => 2, "basis_updates" => 0, "entering" => 552)
PRICE_REJECT Dict{String, Any}("cached" => -3.947520971719368e-16, "iteration" => 272, "direction_norm" => 4.136363636363627, "price_tolerance" => 0.0, "implied_dot" => -2.7250928786253956e-16, "nonzero_basic_costs" => 2, "basis_updates" => 0, "entering" => 923)
PRICE_REJECT Dict{String, Any}("cached" => -2.0189815728357298e-16, "iteration" => 272, "direction_norm" => 2.045454545454542, "price_tolerance" => 0.0, "implied_dot" => 4.64275083025065e-16, "nonzero_basic_costs" => 2, "basis_updates" => 0, "entering" => 1257)
PRICE_REJECT Dict{String, Any}("cached" => -2.744638196115535e-16, "iteration" => 272, "direction_norm" => 2.6363636363636354, "price_tolerance" => 0.0, "implied_dot" => 8.932248879938757e-16, "nonzero_basic_costs" => 2, "basis_updates" => 0, "entering" => 1241)
PRICE_REJECT Dict{String, Any}("cached" => -4.248337792667216e-16, "iteration" => 272, "direction_norm" => 4.090909090909084, "price_tolerance" => 0.0, "implied_dot" => 4.289498049688095e-16, "nonzero_basic_costs" => 2, "basis_updates" => 0, "entering" => 1904)
PRICE_REJECT Dict{String, Any}("cached" => -1.8152995193945203e-16, "iteration" => 272, "direction_norm" => 2.0909090909090886, "price_tolerance" => 0.0, "implied_dot" => 3.179275025062945e-16, "nonzero_basic_costs" => 2, "basis_updates" => 0, "entering" => 1298)
PRICE_REJECT Dict{String, Any}("cached" => -4.658532538581217e-16, "iteration" => 272, "direction_norm" => 3.8181818181818117, "price_tolerance" => 0.0, "implied_dot" => 1.584591044237722e-15, "nonzero_basic_costs" => 2, "basis_updates" => 0, "entering" => 1938)
PRICE_REJECT Dict{String, Any}("cached" => -3.947520971719368e-16, "iteration" => 272, "direction_norm" => 4.136363636363627, "price_tolerance" => 0.0, "implied_dot" => -2.7250928786253956e-16, "nonzero_basic_costs" => 2, "basis_updates" => 0, "entering" => 1817)
PRICE_REJECT Dict{String, Any}("cached" => -3.9881390184187795e-16, "iteration" => 272, "direction_norm" => 4.090909090909085, "price_tolerance" => 0.0, "implied_dot" => -4.592286147313157e-16, "nonzero_basic_costs" => 2, "basis_updates" => 0, "entering" => 2289)
PRICE_REJECT Dict{String, Any}("cached" => -4.926141565371597e-16, "iteration" => 272, "direction_norm" => 4.636363636363628, "price_tolerance" => 0.0, "implied_dot" => 6.711802830688436e-16, "nonzero_basic_costs" => 2, "basis_updates" => 0, "entering" => 285)
PRICE_REJECT Dict{String, Any}("cached" => -3.713806408865079e-16, "iteration" => 272, "direction_norm" => 3.090909090909083, "price_tolerance" => 0.0, "implied_dot" => -2.9269516103754244e-16, "nonzero_basic_costs" => 2, "basis_updates" => 0, "entering" => 262)
PRICE_REJECT Dict{String, Any}("cached" => -2.469886929745254e-16, "iteration" => 272, "direction_norm" => 2.204545454545452, "price_tolerance" => 0.0, "implied_dot" => 1.4634758051876991e-16, "nonzero_basic_costs" => 2, "basis_updates" => 0, "entering" => 1044)
PRICE_REJECT Dict{String, Any}("cached" => -3.9881390184187795e-16, "iteration" => 272, "direction_norm" => 4.090909090909085, "price_tolerance" => 0.0, "implied_dot" => -4.592286147313157e-16, "nonzero_basic_costs" => 2, "basis_updates" => 0, "entering" => 221)
PRICE_REJECT Dict{String, Any}("cached" => -2.0189815728357298e-16, "iteration" => 272, "direction_norm" => 2.045454545454542, "price_tolerance" => 0.0, "implied_dot" => 2.4223047810003364e-16, "nonzero_basic_costs" => 2, "basis_updates" => 0, "entering" => 1788)
PRICE_REJECT Dict{String, Any}("cached" => -9.293386767210145e-17, "iteration" => 272, "direction_norm" => 1.0, "price_tolerance" => 0.0, "implied_dot" => 2.1920596650979706e-17, "nonzero_basic_costs" => 2, "basis_updates" => 0, "entering" => 303)
PRICE_REJECT Dict{String, Any}("cached" => -3.9881390184187795e-16, "iteration" => 272, "direction_norm" => 4.090909090909085, "price_tolerance" => 0.0, "implied_dot" => -4.592286147313157e-16, "nonzero_basic_costs" => 2, "basis_updates" => 0, "entering" => 1705)
PRICE_REJECT Dict{String, Any}("cached" => -1.9169929944593158e-16, "iteration" => 272, "direction_norm" => 1.9545454545454533, "price_tolerance" => 0.0, "implied_dot" => 2.0185873175002826e-16, "nonzero_basic_costs" => 2, "basis_updates" => 0, "entering" => 1615)
PRICE_REJECT Dict{String, Any}("cached" => -3.886569096858936e-16, "iteration" => 272, "direction_norm" => 4.181818181818177, "price_tolerance" => 0.0, "implied_dot" => -3.0278809762505056e-17, "nonzero_basic_costs" => 2, "basis_updates" => 0, "entering" => 1942)
PRICE_REJECT Dict{String, Any}("cached" => -1.8175170964211524e-16, "iteration" => 272, "direction_norm" => 2.0909090909090917, "price_tolerance" => 0.0, "implied_dot" => 1.4098570795666057e-16, "nonzero_basic_costs" => 2, "basis_updates" => 0, "entering" => 1792)
PRICE_REJECT Dict{String, Any}("cached" => -1.8175170964211524e-16, "iteration" => 272, "direction_norm" => 2.0909090909090917, "price_tolerance" => 0.0, "implied_dot" => 1.4098570795666057e-16, "nonzero_basic_costs" => 2, "basis_updates" => 0, "entering" => 106)
PRICE_REJECT Dict{String, Any}("cached" => -2.469886929745254e-16, "iteration" => 272, "direction_norm" => 2.204545454545451, "price_tolerance" => 0.0, "implied_dot" => 5.904367903688325e-16, "nonzero_basic_costs" => 2, "basis_updates" => 0, "entering" => 2449)
PRICE_REJECT Dict{String, Any}("cached" => -6.919102286067667e-16, "iteration" => 272, "direction_norm" => 6.18181818181817, "price_tolerance" => 0.0, "implied_dot" => -8.578996099376387e-17, "nonzero_basic_costs" => 2, "basis_updates" => 0, "entering" => 754)
PRICE_REJECT Dict{String, Any}("cached" => -2.055948337854707e-16, "iteration" => 272, "direction_norm" => 1.545454545454545, "price_tolerance" => 0.0, "implied_dot" => -1.5139404881252737e-17, "nonzero_basic_costs" => 2, "basis_updates" => 0, "entering" => 1454)
PRICE_REJECT Dict{String, Any}("cached" => -1.7914962442814963e-16, "iteration" => 272, "direction_norm" => 2.0909090909090895, "price_tolerance" => 0.0, "implied_dot" => -7.065055611251035e-17, "nonzero_basic_costs" => 2, "basis_updates" => 0, "entering" => 394)
PRICE_REJECT Dict{String, Any}("cached" => -1.8094825558484435e-16, "iteration" => 272, "direction_norm" => 2.045454545454544, "price_tolerance" => 0.0, "implied_dot" => 3.532527805625521e-17, "nonzero_basic_costs" => 2, "basis_updates" => 0, "entering" => 1135)
PRICE_REJECT Dict{String, Any}("cached" => -2.8811391403962135e-16, "iteration" => 272, "direction_norm" => 3.090909090909087, "price_tolerance" => 0.0, "implied_dot" => -2.37184009806284e-16, "nonzero_basic_costs" => 2, "basis_updates" => 0, "entering" => 1687)
PRICE_REJECT Dict{String, Any}("cached" => -3.179275025062934e-16, "iteration" => 272, "direction_norm" => 3.0909090909090855, "price_tolerance" => 0.0, "implied_dot" => 7.822025855313599e-16, "nonzero_basic_costs" => 2, "basis_updates" => 0, "entering" => 1977)
PRICE_REJECT Dict{String, Any}("cached" => -1.0142720045618892e-15, "iteration" => 272, "direction_norm" => 9.363636363636342, "price_tolerance" => 0.0, "implied_dot" => 7.165984977125982e-16, "nonzero_basic_costs" => 2, "basis_updates" => 0, "entering" => 1986)
PRICE_REJECT Dict{String, Any}("cached" => -1.8152995193945203e-16, "iteration" => 272, "direction_norm" => 2.0909090909090886, "price_tolerance" => 0.0, "implied_dot" => 3.179275025062945e-16, "nonzero_basic_costs" => 2, "basis_updates" => 0, "entering" => 1156)
PRICE_REJECT Dict{String, Any}("cached" => -1.919087017980996e-16, "iteration" => 272, "direction_norm" => 1.9999999999999978, "price_tolerance" => 0.0, "implied_dot" => -2.220446049250316e-16, "nonzero_basic_costs" => 2, "basis_updates" => 0, "entering" => 453)
PRICE_REJECT Dict{String, Any}("cached" => -3.88656909685894e-16, "iteration" => 272, "direction_norm" => 4.181818181818177, "price_tolerance" => 0.0, "implied_dot" => -9.184572294626304e-16, "nonzero_basic_costs" => 2, "basis_updates" => 0, "entering" => 790)
PRICE_REJECT Dict{String, Any}("cached" => -6.869278158814993e-16, "iteration" => 272, "direction_norm" => 7.181818181818169, "price_tolerance" => 0.0, "implied_dot" => -3.633457171500529e-16, "nonzero_basic_costs" => 2, "basis_updates" => 0, "entering" => 463)
PRICE_REJECT Dict{String, Any}("cached" => -6.253260280740359e-16, "iteration" => 272, "direction_norm" => 5.3636363636363535, "price_tolerance" => 0.0, "implied_dot" => 7.165984977125995e-16, "nonzero_basic_costs" => 2, "basis_updates" => 0, "entering" => 1758)
PRICE_REJECT Dict{String, Any}("cached" => -6.007120591254509e-16, "iteration" => 272, "direction_norm" => 6.636363636363623, "price_tolerance" => 0.0, "implied_dot" => 6.71180283068843e-16, "nonzero_basic_costs" => 2, "basis_updates" => 0, "entering" => 2583)
PRICE_REJECT Dict{String, Any}("cached" => -2.477129867448348e-16, "iteration" => 272, "direction_norm" => 1.5909090909090913, "price_tolerance" => 0.0, "implied_dot" => -1.829344756484638e-17, "nonzero_basic_costs" => 2, "basis_updates" => 0, "entering" => 1595)
PRICE_REJECT Dict{String, Any}("cached" => -3.179275025062938e-16, "iteration" => 272, "direction_norm" => 3.090909090909086, "price_tolerance" => 0.0, "implied_dot" => 5.046468293750709e-16, "nonzero_basic_costs" => 2, "basis_updates" => 0, "entering" => 1552)
PRICE_REJECT Dict{String, Any}("cached" => -6.869278158814991e-16, "iteration" => 272, "direction_norm" => 7.181818181818169, "price_tolerance" => 0.0, "implied_dot" => -3.633457171500529e-16, "nonzero_basic_costs" => 2, "basis_updates" => 0, "entering" => 40)
PRICE_REJECT Dict{String, Any}("cached" => -5.302044096485144e-16, "iteration" => 272, "direction_norm" => 4.545454545454536, "price_tolerance" => 0.0, "implied_dot" => 3.5325278056254846e-16, "nonzero_basic_costs" => 2, "basis_updates" => 0, "entering" => 519)
PRICE_REJECT Dict{String, Any}("cached" => -1.7914962442814963e-16, "iteration" => 272, "direction_norm" => 2.0909090909090895, "price_tolerance" => 0.0, "implied_dot" => -7.065055611251035e-17, "nonzero_basic_costs" => 2, "basis_updates" => 0, "entering" => 2510)
PRICE_REJECT Dict{String, Any}("cached" => -6.082082747915315e-16, "iteration" => 272, "direction_norm" => 5.727272727272716, "price_tolerance" => 0.0, "implied_dot" => 7.115520294188489e-16, "nonzero_basic_costs" => 2, "basis_updates" => 0, "entering" => 1286)
PRICE_REJECT Dict{String, Any}("cached" => -5.7739482387216795e-16, "iteration" => 272, "direction_norm" => 5.636363636363628, "price_tolerance" => 0.0, "implied_dot" => 6.156691318375856e-16, "nonzero_basic_costs" => 2, "basis_updates" => 0, "entering" => 201)
PRICE_REJECT Dict{String, Any}("cached" => -5.7739482387216795e-16, "iteration" => 272, "direction_norm" => 5.636363636363628, "price_tolerance" => 0.0, "implied_dot" => 6.156691318375856e-16, "nonzero_basic_costs" => 2, "basis_updates" => 0, "entering" => 617)
PRICE_REJECT Dict{String, Any}("cached" => -6.010343737857094e-16, "iteration" => 272, "direction_norm" => 5.636363636363627, "price_tolerance" => 0.0, "implied_dot" => 6.711802830688432e-16, "nonzero_basic_costs" => 2, "basis_updates" => 0, "entering" => 494)
PRICE_REJECT Dict{String, Any}("cached" => -2.8811391403962116e-16, "iteration" => 272, "direction_norm" => 3.090909090909087, "price_tolerance" => 0.0, "implied_dot" => -2.37184009806284e-16, "nonzero_basic_costs" => 2, "basis_updates" => 0, "entering" => 2322)
PRICE_REJECT Dict{String, Any}("cached" => -6.007120591254507e-16, "iteration" => 272, "direction_norm" => 6.636363636363623, "price_tolerance" => 0.0, "implied_dot" => 6.71180283068843e-16, "nonzero_basic_costs" => 2, "basis_updates" => 0, "entering" => 2218)
PRICE_REJECT Dict{String, Any}("cached" => -5.510743376775792e-16, "iteration" => 272, "direction_norm" => 5.1818181818181746, "price_tolerance" => 0.0, "implied_dot" => 1.362546439312683e-16, "nonzero_basic_costs" => 2, "basis_updates" => 0, "entering" => 1657)
PRICE_REJECT Dict{String, Any}("cached" => -1.8175170964211563e-16, "iteration" => 272, "direction_norm" => 2.090909090909091, "price_tolerance" => 0.0, "implied_dot" => -8.105889696837082e-17, "nonzero_basic_costs" => 2, "basis_updates" => 0, "entering" => 2346)
PRICE_REJECT Dict{String, Any}("cached" => -1.8175170964211563e-16, "iteration" => 272, "direction_norm" => 2.090909090909091, "price_tolerance" => 0.0, "implied_dot" => -8.105889696837082e-17, "nonzero_basic_costs" => 2, "basis_updates" => 0, "entering" => 2030)
PRICE_REJECT Dict{String, Any}("cached" => -2.8811391403962116e-16, "iteration" => 272, "direction_norm" => 3.090909090909087, "price_tolerance" => 0.0, "implied_dot" => -2.37184009806284e-16, "nonzero_basic_costs" => 2, "basis_updates" => 0, "entering" => 1199)
PRICE_REJECT Dict{String, Any}("cached" => -6.636105806282163e-16, "iteration" => 272, "direction_norm" => 6.181818181818173, "price_tolerance" => 0.0, "implied_dot" => 3.0278809762504124e-16, "nonzero_basic_costs" => 2, "basis_updates" => 0, "entering" => 2057)
PRICE_REJECT Dict{String, Any}("cached" => -5.514003898649687e-16, "iteration" => 272, "direction_norm" => 4.454545454545451, "price_tolerance" => 0.0, "implied_dot" => 1.3625464393126875e-16, "nonzero_basic_costs" => 2, "basis_updates" => 0, "entering" => 1931)
PRICE_REJECT Dict{String, Any}("cached" => -5.28869877185075e-16, "iteration" => 272, "direction_norm" => 5.181818181818176, "price_tolerance" => 0.0, "implied_dot" => -4.743680196125681e-16, "nonzero_basic_costs" => 2, "basis_updates" => 0, "entering" => 1416)
PRICE_REJECT Dict{String, Any}("cached" => -1.919087017980996e-16, "iteration" => 272, "direction_norm" => 1.9999999999999978, "price_tolerance" => 0.0, "implied_dot" => -2.220446049250316e-16, "nonzero_basic_costs" => 2, "basis_updates" => 0, "entering" => 1389)
PRICE_REJECT Dict{String, Any}("cached" => -1.919087017980996e-16, "iteration" => 272, "direction_norm" => 1.9999999999999984, "price_tolerance" => 0.0, "implied_dot" => -1.1102230246251595e-16, "nonzero_basic_costs" => 2, "basis_updates" => 0, "entering" => 20)
PRICE_REJECT Dict{String, Any}("cached" => -1.8152995193945203e-16, "iteration" => 272, "direction_norm" => 2.0909090909090886, "price_tolerance" => 0.0, "implied_dot" => 3.179275025062945e-16, "nonzero_basic_costs" => 2, "basis_updates" => 0, "entering" => 581)
PRICE_REJECT Dict{String, Any}("cached" => -5.28869877185075e-16, "iteration" => 272, "direction_norm" => 5.181818181818176, "price_tolerance" => 0.0, "implied_dot" => -1.140501834387662e-15, "nonzero_basic_costs" => 2, "basis_updates" => 0, "entering" => 1209)
PRICE_REJECT Dict{String, Any}("cached" => -6.289698414223441e-16, "iteration" => 272, "direction_norm" => 5.454545454545443, "price_tolerance" => 0.0, "implied_dot" => 1.5896375125314726e-15, "nonzero_basic_costs" => 2, "basis_updates" => 0, "entering" => 1467)
PRICE_REJECT Dict{String, Any}("cached" => -3.006635890574031e-16, "iteration" => 272, "direction_norm" => 3.45454545454545, "price_tolerance" => 0.0, "implied_dot" => 2.018587317500278e-16, "nonzero_basic_costs" => 2, "basis_updates" => 0, "entering" => 609)
PRICE_REJECT Dict{String, Any}("cached" => -3.713806408865075e-16, "iteration" => 272, "direction_norm" => 4.090909090909085, "price_tolerance" => 0.0, "implied_dot" => 2.069052000437786e-16, "nonzero_basic_costs" => 2, "basis_updates" => 0, "entering" => 2054)
PRICE_REJECT Dict{String, Any}("cached" => -4.0902511503001473e-16, "iteration" => 272, "direction_norm" => 4.636363636363634, "price_tolerance" => 0.0, "implied_dot" => -1.0496654051001486e-15, "nonzero_basic_costs" => 2, "basis_updates" => 0, "entering" => 1423)
PRICE_REJECT Dict{String, Any}("cached" => -4.0880335732735133e-16, "iteration" => 272, "direction_norm" => 4.636363636363628, "price_tolerance" => 0.0, "implied_dot" => 6.055761952500752e-17, "nonzero_basic_costs" => 2, "basis_updates" => 0, "entering" => 2548)
PRICE_REJECT Dict{String, Any}("cached" => -1.5821271668616925e-16, "iteration" => 272, "direction_norm" => 1.545454545454546, "price_tolerance" => 0.0, "implied_dot" => 9.588289758126318e-17, "nonzero_basic_costs" => 2, "basis_updates" => 0, "entering" => 1886)
PRICE_REJECT Dict{String, Any}("cached" => -1.5821271668616925e-16, "iteration" => 272, "direction_norm" => 1.545454545454546, "price_tolerance" => 0.0, "implied_dot" => 9.588289758126318e-17, "nonzero_basic_costs" => 2, "basis_updates" => 0, "entering" => 2043)
PRICE_REJECT Dict{String, Any}("cached" => -3.18149260208957e-16, "iteration" => 272, "direction_norm" => 3.0909090909090864, "price_tolerance" => 0.0, "implied_dot" => 8.175278635876146e-16, "nonzero_basic_costs" => 2, "basis_updates" => 0, "entering" => 1670)
PRICE_REJECT Dict{String, Any}("cached" => -3.18149260208957e-16, "iteration" => 272, "direction_norm" => 3.0909090909090864, "price_tolerance" => 0.0, "implied_dot" => 8.175278635876146e-16, "nonzero_basic_costs" => 2, "basis_updates" => 0, "entering" => 2566)
PRICE_REJECT Dict{String, Any}("cached" => -4.0880335732735133e-16, "iteration" => 272, "direction_norm" => 4.636363636363627, "price_tolerance" => 0.0, "implied_dot" => -3.835315903250552e-16, "nonzero_basic_costs" => 2, "basis_updates" => 0, "entering" => 2413)
PRICE_REJECT Dict{String, Any}("cached" => -4.996792121484088e-16, "iteration" => 272, "direction_norm" => 5.181818181818174, "price_tolerance" => 0.0, "implied_dot" => 1.7460780296377453e-15, "nonzero_basic_costs" => 2, "basis_updates" => 0, "entering" => 2086)
PRICE_REJECT Dict{String, Any}("cached" => -4.900120713231939e-16, "iteration" => 272, "direction_norm" => 4.636363636363625, "price_tolerance" => 0.0, "implied_dot" => 1.2262917953814217e-15, "nonzero_basic_costs" => 2, "basis_updates" => 0, "entering" => 428)
PRICE_REJECT Dict{String, Any}("cached" => -9.293386767210145e-17, "iteration" => 272, "direction_norm" => 1.0454545454545459, "price_tolerance" => 0.0, "implied_dot" => 2.1920596650979706e-17, "nonzero_basic_costs" => 2, "basis_updates" => 0, "entering" => 861)
PRICE_REJECT Dict{String, Any}("cached" => -8.470181626792395e-17, "iteration" => 272, "direction_norm" => 1.0, "price_tolerance" => 0.0, "implied_dot" => 4.437342591868191e-31, "nonzero_basic_costs" => 2, "basis_updates" => 0, "entering" => 2404)
PRICE_REJECT Dict{String, Any}("cached" => -8.470181626792395e-17, "iteration" => 272, "direction_norm" => 1.0, "price_tolerance" => 0.0, "implied_dot" => 0.0, "nonzero_basic_costs" => 2, "basis_updates" => 0, "entering" => 468)
PRICE_REJECT Dict{String, Any}("cached" => -4.088033573273515e-16, "iteration" => 272, "direction_norm" => 4.636363636363628, "price_tolerance" => 0.0, "implied_dot" => 6.055761952500752e-17, "nonzero_basic_costs" => 2, "basis_updates" => 0, "entering" => 1307)
PRICE_REJECT Dict{String, Any}("cached" => -9.293386767210145e-17, "iteration" => 272, "direction_norm" => 1.0454545454545459, "price_tolerance" => 0.0, "implied_dot" => 2.1920596650979706e-17, "nonzero_basic_costs" => 2, "basis_updates" => 0, "entering" => 365)
PRICE_REJECT Dict{String, Any}("cached" => -2.0189815728357298e-16, "iteration" => 272, "direction_norm" => 2.5454545454545427, "price_tolerance" => 0.0, "implied_dot" => 5.752973854875808e-16, "nonzero_basic_costs" => 2, "basis_updates" => 0, "entering" => 116)
PRICE_REJECT Dict{String, Any}("cached" => -4.0880335732735133e-16, "iteration" => 272, "direction_norm" => 4.636363636363628, "price_tolerance" => 0.0, "implied_dot" => 6.055761952500752e-17, "nonzero_basic_costs" => 2, "basis_updates" => 0, "entering" => 1205)
PRICE_REJECT Dict{String, Any}("cached" => -4.0880335732735133e-16, "iteration" => 272, "direction_norm" => 4.636363636363628, "price_tolerance" => 0.0, "implied_dot" => 6.055761952500752e-17, "nonzero_basic_costs" => 2, "basis_updates" => 0, "entering" => 2080)
PRICE_REJECT Dict{String, Any}("cached" => -1.4605169743530765e-16, "iteration" => 272, "direction_norm" => 1.4545454545454541, "price_tolerance" => 0.0, "implied_dot" => 1.0818366404728072e-16, "nonzero_basic_costs" => 2, "basis_updates" => 0, "entering" => 2111)
PRICE_REJECT Dict{String, Any}("cached" => -3.8548612207406835e-16, "iteration" => 272, "direction_norm" => 3.636363636363631, "price_tolerance" => 0.0, "implied_dot" => -2.1699813663128134e-16, "nonzero_basic_costs" => 2, "basis_updates" => 0, "entering" => 1797)
PRICE_REJECT Dict{String, Any}("cached" => -3.8548612207406835e-16, "iteration" => 272, "direction_norm" => 3.636363636363631, "price_tolerance" => 0.0, "implied_dot" => 5.0464682937498196e-18, "nonzero_basic_costs" => 2, "basis_updates" => 0, "entering" => 2547)
PRICE_REJECT Dict{String, Any}("cached" => -1.7914962442814983e-16, "iteration" => 272, "direction_norm" => 2.0909090909090895, "price_tolerance" => 0.0, "implied_dot" => -7.065055611251035e-17, "nonzero_basic_costs" => 2, "basis_updates" => 0, "entering" => 2296)
PRICE_REJECT Dict{String, Any}("cached" => -6.966581988924956e-16, "iteration" => 272, "direction_norm" => 6.272727272727259, "price_tolerance" => 0.0, "implied_dot" => 6.207156001313354e-16, "nonzero_basic_costs" => 2, "basis_updates" => 0, "entering" => 668)
PRICE_REJECT Dict{String, Any}("cached" => -4.580731609061758e-16, "iteration" => 272, "direction_norm" => 4.636363636363627, "price_tolerance" => 0.0, "implied_dot" => 1.1606877075626523e-16, "nonzero_basic_costs" => 2, "basis_updates" => 0, "entering" => 1458)
PRICE_REJECT Dict{String, Any}("cached" => -3.0799226805297245e-16, "iteration" => 272, "direction_norm" => 3.1818181818181768, "price_tolerance" => 0.0, "implied_dot" => -4.188568683813097e-16, "nonzero_basic_costs" => 2, "basis_updates" => 0, "entering" => 1173)
PRICE_REJECT Dict{String, Any}("cached" => -4.0880335732735133e-16, "iteration" => 272, "direction_norm" => 4.136363636363626, "price_tolerance" => 0.0, "implied_dot" => -3.835315903250554e-16, "nonzero_basic_costs" => 2, "basis_updates" => 0, "entering" => 1774)
PRICE_REJECT Dict{String, Any}("cached" => -1.4822326120069548e-16, "iteration" => 272, "direction_norm" => 1.295454545454544, "price_tolerance" => 0.0, "implied_dot" => -1.7410315613439986e-16, "nonzero_basic_costs" => 2, "basis_updates" => 0, "entering" => 2225)
PRICE_REJECT Dict{String, Any}("cached" => -1.7914962442814963e-16, "iteration" => 272, "direction_norm" => 2.0909090909090895, "price_tolerance" => 0.0, "implied_dot" => -7.065055611251035e-17, "nonzero_basic_costs" => 2, "basis_updates" => 0, "entering" => 1781)
PRICE_REJECT Dict{String, Any}("cached" => -4.088033573273515e-16, "iteration" => 272, "direction_norm" => 4.636363636363628, "price_tolerance" => 0.0, "implied_dot" => 6.055761952500752e-17, "nonzero_basic_costs" => 2, "basis_updates" => 0, "entering" => 244)
PRICE_REJECT Dict{String, Any}("cached" => -4.0880335732735133e-16, "iteration" => 272, "direction_norm" => 4.636363636363628, "price_tolerance" => 0.0, "implied_dot" => 6.055761952500752e-17, "nonzero_basic_costs" => 2, "basis_updates" => 0, "entering" => 1022)
PRICE_REJECT Dict{String, Any}("cached" => -4.0880335732735133e-16, "iteration" => 272, "direction_norm" => 4.636363636363627, "price_tolerance" => 0.0, "implied_dot" => -3.835315903250552e-16, "nonzero_basic_costs" => 2, "basis_updates" => 0, "entering" => 454)
PRICE_REJECT Dict{String, Any}("cached" => -4.0880335732735133e-16, "iteration" => 272, "direction_norm" => 4.136363636363626, "price_tolerance" => 0.0, "implied_dot" => -1.614869854000241e-16, "nonzero_basic_costs" => 2, "basis_updates" => 0, "entering" => 219)
PRICE_REJECT Dict{String, Any}("cached" => -8.294441218662808e-17, "iteration" => 272, "direction_norm" => 1.0000000000000007, "price_tolerance" => 0.0, "implied_dot" => -5.377710301253504e-18, "nonzero_basic_costs" => 2, "basis_updates" => 0, "entering" => 1305)
PRICE_REJECT Dict{String, Any}("cached" => -8.294441218662808e-17, "iteration" => 272, "direction_norm" => 1.0000000000000007, "price_tolerance" => 0.0, "implied_dot" => -5.377710301253504e-18, "nonzero_basic_costs" => 2, "basis_updates" => 0, "entering" => 400)
PRICE_REJECT Dict{String, Any}("cached" => -2.8811391403962135e-16, "iteration" => 272, "direction_norm" => 3.0909090909090873, "price_tolerance" => 0.0, "implied_dot" => -2.37184009806284e-16, "nonzero_basic_costs" => 2, "basis_updates" => 0, "entering" => 223)
PRICE_REJECT Dict{String, Any}("cached" => -1.8358796479049596e-16, "iteration" => 272, "direction_norm" => 2.090909090909089, "price_tolerance" => 0.0, "implied_dot" => -1.8167285857502597e-16, "nonzero_basic_costs" => 2, "basis_updates" => 0, "entering" => 819)
PRICE_REJECT Dict{String, Any}("cached" => -3.33204449730574e-16, "iteration" => 272, "direction_norm" => 3.499999999999997, "price_tolerance" => 0.0, "implied_dot" => 1.6653345369377274e-16, "nonzero_basic_costs" => 2, "basis_updates" => 0, "entering" => 390)
PRICE_REJECT Dict{String, Any}("cached" => -9.293386767210145e-17, "iteration" => 272, "direction_norm" => 1.0, "price_tolerance" => 0.0, "implied_dot" => 7.743174788223754e-17, "nonzero_basic_costs" => 2, "basis_updates" => 0, "entering" => 792)
PRICE_REJECT Dict{String, Any}("cached" => -4.0902511503001493e-16, "iteration" => 272, "direction_norm" => 4.636363636363634, "price_tolerance" => 0.0, "implied_dot" => -1.6148698540002314e-16, "nonzero_basic_costs" => 2, "basis_updates" => 0, "entering" => 1382)
PRICE_REJECT Dict{String, Any}("cached" => -4.0902511503001473e-16, "iteration" => 272, "direction_norm" => 4.636363636363634, "price_tolerance" => 0.0, "implied_dot" => -1.6148698540002314e-16, "nonzero_basic_costs" => 2, "basis_updates" => 0, "entering" => 2574)
PRICE_REJECT Dict{String, Any}("cached" => -2.0189815728357298e-16, "iteration" => 272, "direction_norm" => 2.5454545454545427, "price_tolerance" => 0.0, "implied_dot" => 5.752973854875808e-16, "nonzero_basic_costs" => 2, "basis_updates" => 0, "entering" => 2456)
PRICE_REJECT Dict{String, Any}("cached" => -9.293386767210145e-17, "iteration" => 272, "direction_norm" => 1.0454545454545459, "price_tolerance" => 0.0, "implied_dot" => 2.1920596650979706e-17, "nonzero_basic_costs" => 2, "basis_updates" => 0, "entering" => 563)
PRICE_REJECT Dict{String, Any}("cached" => -1.5821271668616905e-16, "iteration" => 272, "direction_norm" => 1.0909090909090897, "price_tolerance" => 0.0, "implied_dot" => 9.588289758126318e-17, "nonzero_basic_costs" => 2, "basis_updates" => 0, "entering" => 1210)
PRICE_REJECT Dict{String, Any}("cached" => -9.293386767210145e-17, "iteration" => 272, "direction_norm" => 1.0454545454545459, "price_tolerance" => 0.0, "implied_dot" => 7.743174788223754e-17, "nonzero_basic_costs" => 2, "basis_updates" => 0, "entering" => 1794)
PRICE_REJECT Dict{String, Any}("cached" => -1.5821271668616925e-16, "iteration" => 272, "direction_norm" => 1.545454545454546, "price_tolerance" => 0.0, "implied_dot" => 9.588289758126318e-17, "nonzero_basic_costs" => 2, "basis_updates" => 0, "entering" => 376)
PRICE_REJECT Dict{String, Any}("cached" => -1.5821271668616925e-16, "iteration" => 272, "direction_norm" => 1.545454545454546, "price_tolerance" => 0.0, "implied_dot" => 9.588289758126318e-17, "nonzero_basic_costs" => 2, "basis_updates" => 0, "entering" => 1650)
PRICE_REJECT Dict{String, Any}("cached" => -1.7914962442814963e-16, "iteration" => 272, "direction_norm" => 2.0909090909090895, "price_tolerance" => 0.0, "implied_dot" => -7.065055611251035e-17, "nonzero_basic_costs" => 2, "basis_updates" => 0, "entering" => 280)
PRICE_REJECT Dict{String, Any}("cached" => -1.8152995193945183e-16, "iteration" => 272, "direction_norm" => 2.0909090909090873, "price_tolerance" => 0.0, "implied_dot" => 4.037174635000517e-17, "nonzero_basic_costs" => 2, "basis_updates" => 0, "entering" => 580)
PRICE_REJECT Dict{String, Any}("cached" => -4.0902511503001473e-16, "iteration" => 272, "direction_norm" => 4.636363636363632, "price_tolerance" => 0.0, "implied_dot" => -3.835315903250547e-16, "nonzero_basic_costs" => 2, "basis_updates" => 0, "entering" => 2388)
PRICE_REJECT Dict{String, Any}("cached" => -4.0880335732735133e-16, "iteration" => 272, "direction_norm" => 4.63636363636363, "price_tolerance" => 0.0, "implied_dot" => 6.055761952500755e-17, "nonzero_basic_costs" => 2, "basis_updates" => 0, "entering" => 2379)
PRICE_REJECT Dict{String, Any}("cached" => -9.293386767210125e-17, "iteration" => 272, "direction_norm" => 1.0454545454545459, "price_tolerance" => 0.0, "implied_dot" => 7.743174788223754e-17, "nonzero_basic_costs" => 2, "basis_updates" => 0, "entering" => 1674)
PRICE_REJECT Dict{String, Any}("cached" => -1.8873791418627673e-16, "iteration" => 272, "direction_norm" => 2.0909090909090886, "price_tolerance" => 0.0, "implied_dot" => 4.844609562000678e-16, "nonzero_basic_costs" => 2, "basis_updates" => 0, "entering" => 509)
PRICE_REJECT Dict{String, Any}("cached" => -4.191821071859987e-16, "iteration" => 272, "direction_norm" => 4.545454545454539, "price_tolerance" => 0.0, "implied_dot" => 4.642750830250645e-16, "nonzero_basic_costs" => 2, "basis_updates" => 0, "entering" => 1014)
PRICE_REJECT Dict{String, Any}("cached" => -1.919087017980996e-16, "iteration" => 272, "direction_norm" => 1.9999999999999964, "price_tolerance" => 0.0, "implied_dot" => -2.220446049250318e-16, "nonzero_basic_costs" => 2, "basis_updates" => 0, "entering" => 457)
PRICE_REJECT Dict{String, Any}("cached" => -2.0712695774644175e-16, "iteration" => 272, "direction_norm" => 2.090909090909089, "price_tolerance" => 0.0, "implied_dot" => 5.39972107431326e-16, "nonzero_basic_costs" => 2, "basis_updates" => 0, "entering" => 2021)
PRICE_REJECT Dict{String, Any}("cached" => -4.0880335732735133e-16, "iteration" => 272, "direction_norm" => 4.636363636363628, "price_tolerance" => 0.0, "implied_dot" => 6.055761952500752e-17, "nonzero_basic_costs" => 2, "basis_updates" => 0, "entering" => 1585)
PRICE_REJECT Dict{String, Any}("cached" => -4.996792121484088e-16, "iteration" => 272, "direction_norm" => 5.181818181818176, "price_tolerance" => 0.0, "implied_dot" => -4.743680196125681e-16, "nonzero_basic_costs" => 2, "basis_updates" => 0, "entering" => 2408)
PRICE_REJECT Dict{String, Any}("cached" => -4.99679212148409e-16, "iteration" => 272, "direction_norm" => 5.181818181818174, "price_tolerance" => 0.0, "implied_dot" => 1.917657951625257e-16, "nonzero_basic_costs" => 2, "basis_updates" => 0, "entering" => 864)
PRICE_REJECT Dict{String, Any}("cached" => -2.8811391403962116e-16, "iteration" => 272, "direction_norm" => 3.0909090909090873, "price_tolerance" => 0.0, "implied_dot" => -2.37184009806284e-16, "nonzero_basic_costs" => 2, "basis_updates" => 0, "entering" => 94)
PRICE_REJECT Dict{String, Any}("cached" => -3.804248582817159e-16, "iteration" => 272, "direction_norm" => 3.636363636363628, "price_tolerance" => 0.0, "implied_dot" => 2.27091073218781e-16, "nonzero_basic_costs" => 2, "basis_updates" => 0, "entering" => 1527)
PRICE_REJECT Dict{String, Any}("cached" => -1.8152995193945203e-16, "iteration" => 272, "direction_norm" => 2.090909090909089, "price_tolerance" => 0.0, "implied_dot" => 3.179275025062946e-16, "nonzero_basic_costs" => 2, "basis_updates" => 0, "entering" => 578)
PRICE_REJECT Dict{String, Any}("cached" => -3.8548612207406835e-16, "iteration" => 272, "direction_norm" => 3.636363636363631, "price_tolerance" => 0.0, "implied_dot" => 5.0464682937498196e-18, "nonzero_basic_costs" => 2, "basis_updates" => 0, "entering" => 355)
PRICE_REJECT Dict{String, Any}("cached" => -3.8548612207406835e-16, "iteration" => 272, "direction_norm" => 3.636363636363631, "price_tolerance" => 0.0, "implied_dot" => 5.0464682937498196e-18, "nonzero_basic_costs" => 2, "basis_updates" => 0, "entering" => 1461)
PRICE_REJECT Dict{String, Any}("cached" => -1.8152995193945203e-16, "iteration" => 272, "direction_norm" => 2.090909090909089, "price_tolerance" => 0.0, "implied_dot" => 3.179275025062946e-16, "nonzero_basic_costs" => 2, "basis_updates" => 0, "entering" => 1332)
PRICE_REJECT Dict{String, Any}("cached" => -4.191821071859987e-16, "iteration" => 272, "direction_norm" => 4.545454545454539, "price_tolerance" => 0.0, "implied_dot" => 4.642750830250645e-16, "nonzero_basic_costs" => 2, "basis_updates" => 0, "entering" => 1354)
PRICE_REJECT Dict{String, Any}("cached" => -2.8811391403962116e-16, "iteration" => 272, "direction_norm" => 3.0909090909090873, "price_tolerance" => 0.0, "implied_dot" => -2.37184009806284e-16, "nonzero_basic_costs" => 2, "basis_updates" => 0, "entering" => 276)
PRICE_REJECT Dict{String, Any}("cached" => -1.7914962442814983e-16, "iteration" => 272, "direction_norm" => 2.0909090909090895, "price_tolerance" => 0.0, "implied_dot" => -7.065055611251035e-17, "nonzero_basic_costs" => 2, "basis_updates" => 0, "entering" => 1519)
PRICE_REJECT Dict{String, Any}("cached" => -3.181492602089568e-16, "iteration" => 272, "direction_norm" => 3.0909090909090864, "price_tolerance" => 0.0, "implied_dot" => 8.175278635876146e-16, "nonzero_basic_costs" => 2, "basis_updates" => 0, "entering" => 1374)
PRICE_REJECT Dict{String, Any}("cached" => -3.181492602089568e-16, "iteration" => 272, "direction_norm" => 3.0909090909090864, "price_tolerance" => 0.0, "implied_dot" => -7.06505561125108e-17, "nonzero_basic_costs" => 2, "basis_updates" => 0, "entering" => 1881)
PRICE_REJECT Dict{String, Any}("cached" => -1.8152995193945223e-16, "iteration" => 272, "direction_norm" => 2.0909090909090886, "price_tolerance" => 0.0, "implied_dot" => -1.5139404881252472e-17, "nonzero_basic_costs" => 2, "basis_updates" => 0, "entering" => 214)
PRICE_REJECT Dict{String, Any}("cached" => -1.8152995193945183e-16, "iteration" => 272, "direction_norm" => 2.0909090909090873, "price_tolerance" => 0.0, "implied_dot" => 4.037174635000517e-17, "nonzero_basic_costs" => 2, "basis_updates" => 0, "entering" => 1248)
PRICE_REJECT Dict{String, Any}("cached" => -1.8152995193945183e-16, "iteration" => 272, "direction_norm" => 2.0909090909090873, "price_tolerance" => 0.0, "implied_dot" => 4.037174635000517e-17, "nonzero_basic_costs" => 2, "basis_updates" => 0, "entering" => 745)
PRICE_REJECT Dict{String, Any}("cached" => -2.0189815728357298e-16, "iteration" => 272, "direction_norm" => 2.5454545454545427, "price_tolerance" => 0.0, "implied_dot" => 5.752973854875808e-16, "nonzero_basic_costs" => 2, "basis_updates" => 0, "entering" => 2126)
PRICE_REJECT Dict{String, Any}("cached" => -8.088639933558415e-17, "iteration" => 272, "direction_norm" => 1.0000000000000004, "price_tolerance" => 0.0, "implied_dot" => -2.911599927813927e-17, "nonzero_basic_costs" => 2, "basis_updates" => 0, "entering" => 98)
PRICE_REJECT Dict{String, Any}("cached" => -8.088639933558415e-17, "iteration" => 272, "direction_norm" => 1.0000000000000004, "price_tolerance" => 0.0, "implied_dot" => -2.911599927813927e-17, "nonzero_basic_costs" => 2, "basis_updates" => 0, "entering" => 2602)
PRICE_REJECT Dict{String, Any}("cached" => -3.804248582817159e-16, "iteration" => 272, "direction_norm" => 3.636363636363628, "price_tolerance" => 0.0, "implied_dot" => 2.27091073218781e-16, "nonzero_basic_costs" => 2, "basis_updates" => 0, "entering" => 2198)
PRICE_REJECT Dict{String, Any}("cached" => -9.293386767210145e-17, "iteration" => 272, "direction_norm" => 1.0227272727272727, "price_tolerance" => 0.0, "implied_dot" => 2.1920596650979706e-17, "nonzero_basic_costs" => 2, "basis_updates" => 0, "entering" => 1628)
PRICE_REJECT Dict{String, Any}("cached" => -1.7914962442814963e-16, "iteration" => 272, "direction_norm" => 2.0909090909090895, "price_tolerance" => 0.0, "implied_dot" => -7.065055611251035e-17, "nonzero_basic_costs" => 2, "basis_updates" => 0, "entering" => 1863)
PRICE_REJECT Dict{String, Any}("cached" => -3.006635890574029e-16, "iteration" => 272, "direction_norm" => 3.45454545454545, "price_tolerance" => 0.0, "implied_dot" => 2.018587317500278e-16, "nonzero_basic_costs" => 2, "basis_updates" => 0, "entering" => 1100)
PRICE_REJECT Dict{String, Any}("cached" => -8.176067146547027e-16, "iteration" => 272, "direction_norm" => 9.27272727272726, "price_tolerance" => 0.0, "implied_dot" => 1.7662639028127292e-16, "nonzero_basic_costs" => 2, "basis_updates" => 0, "entering" => 1906)
PRICE_REJECT Dict{String, Any}("cached" => -9.293386767210145e-17, "iteration" => 272, "direction_norm" => 1.0454545454545459, "price_tolerance" => 0.0, "implied_dot" => 2.1920596650979706e-17, "nonzero_basic_costs" => 2, "basis_updates" => 0, "entering" => 1517)
PRICE_REJECT Dict{String, Any}("cached" => -2.0189815728357278e-16, "iteration" => 272, "direction_norm" => 2.5454545454545427, "price_tolerance" => 0.0, "implied_dot" => 6.308085367188386e-16, "nonzero_basic_costs" => 2, "basis_updates" => 0, "entering" => 2288)
PRICE_REJECT Dict{String, Any}("cached" => -1.202882775603837e-16, "iteration" => 272, "direction_norm" => 1.0000000000000016, "price_tolerance" => 0.0, "implied_dot" => 1.3741745441563421e-16, "nonzero_basic_costs" => 2, "basis_updates" => 0, "entering" => 1370)
PRICE_REJECT Dict{String, Any}("cached" => -3.4394737993113745e-16, "iteration" => 272, "direction_norm" => 3.090909090909083, "price_tolerance" => 0.0, "implied_dot" => 1.0395724685126456e-15, "nonzero_basic_costs" => 2, "basis_updates" => 0, "entering" => 1600)
PRICE_REJECT Dict{String, Any}("cached" => -4.088033573273515e-16, "iteration" => 272, "direction_norm" => 4.636363636363628, "price_tolerance" => 0.0, "implied_dot" => 6.055761952500752e-17, "nonzero_basic_costs" => 2, "basis_updates" => 0, "entering" => 2652)
PRICE_REJECT Dict{String, Any}("cached" => -4.2917156267147227e-16, "iteration" => 272, "direction_norm" => 5.0909090909090855, "price_tolerance" => 0.0, "implied_dot" => -1.8167285857502634e-16, "nonzero_basic_costs" => 2, "basis_updates" => 0, "entering" => 2091)
PRICE_REJECT Dict{String, Any}("cached" => -3.268914168454537e-16, "iteration" => 272, "direction_norm" => 3.0909090909090873, "price_tolerance" => 0.0, "implied_dot" => 8.175278635876141e-16, "nonzero_basic_costs" => 2, "basis_updates" => 0, "entering" => 2251)
PRICE_REJECT Dict{String, Any}("cached" => -1.7914962442814963e-16, "iteration" => 272, "direction_norm" => 2.0909090909090895, "price_tolerance" => 0.0, "implied_dot" => -7.065055611251035e-17, "nonzero_basic_costs" => 2, "basis_updates" => 0, "entering" => 181)
PRICE_REJECT Dict{String, Any}("cached" => -3.134233050336069e-16, "iteration" => 272, "direction_norm" => 3.2499999999999902, "price_tolerance" => 0.0, "implied_dot" => 6.106226635438348e-16, "nonzero_basic_costs" => 2, "basis_updates" => 0, "entering" => 1419)
PRICE_REJECT Dict{String, Any}("cached" => -1.8152995193945223e-16, "iteration" => 272, "direction_norm" => 2.0909090909090895, "price_tolerance" => 0.0, "implied_dot" => 2.6241635127503677e-16, "nonzero_basic_costs" => 2, "basis_updates" => 0, "entering" => 444)
PRICE_REJECT Dict{String, Any}("cached" => -1.8152995193945223e-16, "iteration" => 272, "direction_norm" => 2.0909090909090886, "price_tolerance" => 0.0, "implied_dot" => -1.5139404881252472e-17, "nonzero_basic_costs" => 2, "basis_updates" => 0, "entering" => 2612)
PRICE_REJECT Dict{String, Any}("cached" => -4.043650169650052e-16, "iteration" => 272, "direction_norm" => 4.13636363636363, "price_tolerance" => 0.0, "implied_dot" => 6.055761952500747e-17, "nonzero_basic_costs" => 2, "basis_updates" => 0, "entering" => 1299)
PRICE_REJECT Dict{String, Any}("cached" => -4.043650169650052e-16, "iteration" => 272, "direction_norm" => 4.136363636363627, "price_tolerance" => 0.0, "implied_dot" => 9.487360392251327e-16, "nonzero_basic_costs" => 2, "basis_updates" => 0, "entering" => 2352)
PRICE_REJECT Dict{String, Any}("cached" => -4.043650169650054e-16, "iteration" => 272, "direction_norm" => 4.13636363636363, "price_tolerance" => 0.0, "implied_dot" => 6.055761952500747e-17, "nonzero_basic_costs" => 2, "basis_updates" => 0, "entering" => 306)
PRICE_REJECT Dict{String, Any}("cached" => -2.0189815728357298e-16, "iteration" => 272, "direction_norm" => 2.5454545454545427, "price_tolerance" => 0.0, "implied_dot" => 6.308085367188386e-16, "nonzero_basic_costs" => 2, "basis_updates" => 0, "entering" => 1725)
PRICE_REJECT Dict{String, Any}("cached" => -4.043650169650054e-16, "iteration" => 272, "direction_norm" => 4.136363636363627, "price_tolerance" => 0.0, "implied_dot" => 9.487360392251327e-16, "nonzero_basic_costs" => 2, "basis_updates" => 0, "entering" => 1739)
PRICE_REJECT Dict{String, Any}("cached" => -4.953119184124955e-16, "iteration" => 272, "direction_norm" => 4.954545454545443, "price_tolerance" => 0.0, "implied_dot" => -2.422304781000357e-16, "nonzero_basic_costs" => 2, "basis_updates" => 0, "entering" => 1230)
PRICE_REJECT Dict{String, Any}("cached" => -1.8152995193945183e-16, "iteration" => 272, "direction_norm" => 2.0909090909090873, "price_tolerance" => 0.0, "implied_dot" => 4.037174635000517e-17, "nonzero_basic_costs" => 2, "basis_updates" => 0, "entering" => 2048)
PRICE_REJECT Dict{String, Any}("cached" => -4.601984828565215e-16, "iteration" => 272, "direction_norm" => 5.136363636363625, "price_tolerance" => 0.0, "implied_dot" => 1.1606877075626478e-16, "nonzero_basic_costs" => 2, "basis_updates" => 0, "entering" => 1845)
PRICE_REJECT Dict{String, Any}("cached" => -3.965464866386662e-16, "iteration" => 272, "direction_norm" => 4.045454545454534, "price_tolerance" => 0.0, "implied_dot" => -3.683921854438034e-16, "nonzero_basic_costs" => 2, "basis_updates" => 0, "entering" => 871)
PRICE_REJECT Dict{String, Any}("cached" => -4.601984828565215e-16, "iteration" => 272, "direction_norm" => 5.136363636363625, "price_tolerance" => 0.0, "implied_dot" => 1.1606877075626478e-16, "nonzero_basic_costs" => 2, "basis_updates" => 0, "entering" => 1563)
PRICE_REJECT Dict{String, Any}("cached" => -2.9778105486483567e-16, "iteration" => 272, "direction_norm" => 3.1363636363636282, "price_tolerance" => 0.0, "implied_dot" => -5.046468293750813e-17, "nonzero_basic_costs" => 2, "basis_updates" => 0, "entering" => 440)
PRICE_REJECT Dict{String, Any}("cached" => -2.823410412138307e-16, "iteration" => 272, "direction_norm" => 3.5454545454545383, "price_tolerance" => 0.0, "implied_dot" => -4.239033366750607e-16, "nonzero_basic_costs" => 2, "basis_updates" => 0, "entering" => 2469)
PRICE_REJECT Dict{String, Any}("cached" => -3.9859214413921455e-16, "iteration" => 272, "direction_norm" => 4.090909090909079, "price_tolerance" => 0.0, "implied_dot" => 5.399721074313246e-16, "nonzero_basic_costs" => 2, "basis_updates" => 0, "entering" => 874)
PRICE_REJECT Dict{String, Any}("cached" => -5.712207853190369e-16, "iteration" => 272, "direction_norm" => 5.6363636363636225, "price_tolerance" => 0.0, "implied_dot" => -2.1699813663128223e-16, "nonzero_basic_costs" => 2, "basis_updates" => 0, "entering" => 619)
PRICE_REJECT Dict{String, Any}("cached" => -5.551115123125763e-17, "iteration" => 272, "direction_norm" => 1.0, "price_tolerance" => 0.0, "implied_dot" => -4.643917524554338e-17, "nonzero_basic_costs" => 2, "basis_updates" => 0, "entering" => 2150)
PRICE_REJECT Dict{String, Any}("cached" => -5.551115123125763e-17, "iteration" => 272, "direction_norm" => 0.9999999999999998, "price_tolerance" => 0.0, "implied_dot" => -4.643917524554338e-17, "nonzero_basic_costs" => 2, "basis_updates" => 0, "entering" => 1749)
PRICE_REJECT Dict{String, Any}("cached" => -3.9859214413921455e-16, "iteration" => 272, "direction_norm" => 4.090909090909079, "price_tolerance" => 0.0, "implied_dot" => 5.399721074313246e-16, "nonzero_basic_costs" => 2, "basis_updates" => 0, "entering" => 1180)
PRICE_REJECT Dict{String, Any}("cached" => -3.4394737993113745e-16, "iteration" => 272, "direction_norm" => 3.090909090909083, "price_tolerance" => 0.0, "implied_dot" => 1.0395724685126456e-15, "nonzero_basic_costs" => 2, "basis_updates" => 0, "entering" => 2609)
PRICE_REJECT Dict{String, Any}("cached" => -1.8152995193945223e-16, "iteration" => 272, "direction_norm" => 2.0909090909090886, "price_tolerance" => 0.0, "implied_dot" => -1.5139404881252472e-17, "nonzero_basic_costs" => 2, "basis_updates" => 0, "entering" => 220)
PRICE_REJECT Dict{String, Any}("cached" => -2.9778105486483607e-16, "iteration" => 272, "direction_norm" => 3.136363636363631, "price_tolerance" => 0.0, "implied_dot" => 8.377137367626175e-16, "nonzero_basic_costs" => 2, "basis_updates" => 0, "entering" => 1405)
PRICE_REJECT Dict{String, Any}("cached" => -5.153873194275207e-16, "iteration" => 272, "direction_norm" => 5.6363636363636225, "price_tolerance" => 0.0, "implied_dot" => 1.725892156462742e-15, "nonzero_basic_costs" => 2, "basis_updates" => 0, "entering" => 207)
PRICE_REJECT Dict{String, Any}("cached" => -2.9778105486483607e-16, "iteration" => 272, "direction_norm" => 3.136363636363631, "price_tolerance" => 0.0, "implied_dot" => 2.826022244500392e-16, "nonzero_basic_costs" => 2, "basis_updates" => 0, "entering" => 1523)
PRICE_REJECT Dict{String, Any}("cached" => -1.7914962442815003e-16, "iteration" => 272, "direction_norm" => 2.0909090909090895, "price_tolerance" => 0.0, "implied_dot" => 1.5139404881252097e-16, "nonzero_basic_costs" => 2, "basis_updates" => 0, "entering" => 451)
PRICE_REJECT Dict{String, Any}("cached" => -1.8152995193945183e-16, "iteration" => 272, "direction_norm" => 2.0909090909090873, "price_tolerance" => 0.0, "implied_dot" => 4.037174635000517e-17, "nonzero_basic_costs" => 2, "basis_updates" => 0, "entering" => 566)
PRICE_REJECT Dict{String, Any}("cached" => -1.8152995193945183e-16, "iteration" => 272, "direction_norm" => 2.0909090909090873, "price_tolerance" => 0.0, "implied_dot" => 4.037174635000517e-17, "nonzero_basic_costs" => 2, "basis_updates" => 0, "entering" => 1018)
PRICE_REJECT Dict{String, Any}("cached" => -1.8152995193945183e-16, "iteration" => 272, "direction_norm" => 2.0909090909090873, "price_tolerance" => 0.0, "implied_dot" => 4.037174635000517e-17, "nonzero_basic_costs" => 2, "basis_updates" => 0, "entering" => 1035)
PRICE_REJECT Dict{String, Any}("cached" => -4.541534494891069e-16, "iteration" => 272, "direction_norm" => 4.818181818181813, "price_tolerance" => 0.0, "implied_dot" => -3.582992488563015e-16, "nonzero_basic_costs" => 2, "basis_updates" => 0, "entering" => 414)
PRICE_REJECT Dict{String, Any}("cached" => -5.279369944453022e-16, "iteration" => 272, "direction_norm" => 5.999999999999992, "price_tolerance" => 0.0, "implied_dot" => 3.885780586188035e-16, "nonzero_basic_costs" => 2, "basis_updates" => 0, "entering" => 2122)
PRICE_REJECT Dict{String, Any}("cached" => -3.813700963719809e-16, "iteration" => 272, "direction_norm" => 4.636363636363628, "price_tolerance" => 0.0, "implied_dot" => -1.2717100100251807e-15, "nonzero_basic_costs" => 2, "basis_updates" => 0, "entering" => 1643)
PRICE_REJECT Dict{String, Any}("cached" => -2.902484722530676e-16, "iteration" => 272, "direction_norm" => 2.909090909090909, "price_tolerance" => 0.0, "implied_dot" => 2.523234146875352e-16, "nonzero_basic_costs" => 2, "basis_updates" => 0, "entering" => 2484)
PRICE_REJECT Dict{String, Any}("cached" => -4.0880335732735133e-16, "iteration" => 272, "direction_norm" => 4.636363636363627, "price_tolerance" => 0.0, "implied_dot" => 7.266914343001014e-16, "nonzero_basic_costs" => 2, "basis_updates" => 0, "entering" => 2586)
PRICE_REJECT Dict{String, Any}("cached" => -4.0880335732735133e-16, "iteration" => 272, "direction_norm" => 4.636363636363629, "price_tolerance" => 0.0, "implied_dot" => -1.6148698540002398e-16, "nonzero_basic_costs" => 2, "basis_updates" => 0, "entering" => 760)
PRICE_REJECT Dict{String, Any}("cached" => -1.432162184404909e-16, "iteration" => 272, "direction_norm" => 1.9999999999999976, "price_tolerance" => 0.0, "implied_dot" => -2.22044604925031e-16, "nonzero_basic_costs" => 2, "basis_updates" => 0, "entering" => 2217)
PRICE_REJECT Dict{String, Any}("cached" => -3.1248523277773854e-16, "iteration" => 272, "direction_norm" => 3.0909090909090864, "price_tolerance" => 0.0, "implied_dot" => 5.954832586625829e-16, "nonzero_basic_costs" => 2, "basis_updates" => 0, "entering" => 466)
PRICE_REJECT Dict{String, Any}("cached" => -2.3443901795674386e-16, "iteration" => 272, "direction_norm" => 2.590909090909088, "price_tolerance" => 0.0, "implied_dot" => -2.926951610375419e-16, "nonzero_basic_costs" => 2, "basis_updates" => 0, "entering" => 362)
PRICE_REJECT Dict{String, Any}("cached" => -1.8152995193945223e-16, "iteration" => 272, "direction_norm" => 2.0909090909090886, "price_tolerance" => 0.0, "implied_dot" => -1.5139404881252472e-17, "nonzero_basic_costs" => 2, "basis_updates" => 0, "entering" => 290)
PRICE_REJECT Dict{String, Any}("cached" => -1.8152995193945223e-16, "iteration" => 272, "direction_norm" => 2.0909090909090886, "price_tolerance" => 0.0, "implied_dot" => -1.5139404881252472e-17, "nonzero_basic_costs" => 2, "basis_updates" => 0, "entering" => 2418)
PRICE_REJECT Dict{String, Any}("cached" => -1.8152995193945223e-16, "iteration" => 272, "direction_norm" => 2.0909090909090886, "price_tolerance" => 0.0, "implied_dot" => -1.5139404881252472e-17, "nonzero_basic_costs" => 2, "basis_updates" => 0, "entering" => 2458)
PRICE_REJECT Dict{String, Any}("cached" => -2.3443901795674386e-16, "iteration" => 272, "direction_norm" => 2.590909090909088, "price_tolerance" => 0.0, "implied_dot" => -2.926951610375419e-16, "nonzero_basic_costs" => 2, "basis_updates" => 0, "entering" => 1604)
PRICE_REJECT Dict{String, Any}("cached" => -1.770916115771059e-16, "iteration" => 272, "direction_norm" => 2.0909090909090886, "price_tolerance" => 0.0, "implied_dot" => 4.2894980496880985e-16, "nonzero_basic_costs" => 2, "basis_updates" => 0, "entering" => 587)
PRICE_REJECT Dict{String, Any}("cached" => -1.0030824398686058e-16, "iteration" => 272, "direction_norm" => 1.2499999999999993, "price_tolerance" => 0.0, "implied_dot" => -2.806058194107498e-17, "nonzero_basic_costs" => 2, "basis_updates" => 0, "entering" => 1090)
PRICE_REJECT Dict{String, Any}("cached" => -1.2102587450731403e-16, "iteration" => 272, "direction_norm" => 1.2954545454545436, "price_tolerance" => 0.0, "implied_dot" => -2.0185873175002434e-17, "nonzero_basic_costs" => 2, "basis_updates" => 0, "entering" => 1608)
PRICE_REJECT Dict{String, Any}("cached" => -1.5139404881252072e-16, "iteration" => 272, "direction_norm" => 2.0909090909090895, "price_tolerance" => 0.0, "implied_dot" => -2.371840098062838e-16, "nonzero_basic_costs" => 2, "basis_updates" => 0, "entering" => 2476)
PRICE_REJECT Dict{String, Any}("cached" => -4.601984828565215e-16, "iteration" => 272, "direction_norm" => 4.636363636363627, "price_tolerance" => 0.0, "implied_dot" => 7.822025855313591e-16, "nonzero_basic_costs" => 2, "basis_updates" => 0, "entering" => 222)
PRICE_REJECT Dict{String, Any}("cached" => 3.160493816762558e-16, "iteration" => 272, "direction_norm" => 2.9090909090909056, "price_tolerance" => 0.0, "implied_dot" => -6.257620684250875e-16, "nonzero_basic_costs" => 2, "basis_updates" => 0, "entering" => 2873)
PRICE_REJECT Dict{String, Any}("cached" => -1.4822326120069548e-16, "iteration" => 272, "direction_norm" => 1.7727272727272723, "price_tolerance" => 0.0, "implied_dot" => -1.1859200490314204e-16, "nonzero_basic_costs" => 2, "basis_updates" => 0, "entering" => 316)
PRICE_REJECT Dict{String, Any}("cached" => -2.0189815728357298e-16, "iteration" => 272, "direction_norm" => 2.5454545454545427, "price_tolerance" => 0.0, "implied_dot" => 5.752973854875808e-16, "nonzero_basic_costs" => 2, "basis_updates" => 0, "entering" => 1077)
PRICE_REJECT Dict{String, Any}("cached" => -9.293386767210125e-17, "iteration" => 272, "direction_norm" => 1.0454545454545459, "price_tolerance" => 0.0, "implied_dot" => 7.743174788223754e-17, "nonzero_basic_costs" => 2, "basis_updates" => 0, "entering" => 449)
PRICE_REJECT Dict{String, Any}("cached" => -3.1348916214394787e-16, "iteration" => 272, "direction_norm" => 3.0909090909090864, "price_tolerance" => 0.0, "implied_dot" => 1.5139404881252028e-16, "nonzero_basic_costs" => 2, "basis_updates" => 0, "entering" => 332)
PRICE_REJECT Dict{String, Any}("cached" => -4.291715626714721e-16, "iteration" => 272, "direction_norm" => 5.090909090909082, "price_tolerance" => 0.0, "implied_dot" => 1.3726393759001925e-15, "nonzero_basic_costs" => 2, "basis_updates" => 0, "entering" => 1869)
PRICE_REJECT Dict{String, Any}("cached" => -9.958364099667987e-17, "iteration" => 272, "direction_norm" => 1.0000000000000002, "price_tolerance" => 0.0, "implied_dot" => 1.5691362350881118e-16, "nonzero_basic_costs" => 2, "basis_updates" => 0, "entering" => 1344)
PRICE_REJECT Dict{String, Any}("cached" => -9.293386767210125e-17, "iteration" => 272, "direction_norm" => 1.0454545454545459, "price_tolerance" => 0.0, "implied_dot" => 7.743174788223754e-17, "nonzero_basic_costs" => 2, "basis_updates" => 0, "entering" => 2544)
PRICE_REJECT Dict{String, Any}("cached" => -4.2917156267147227e-16, "iteration" => 272, "direction_norm" => 5.090909090909082, "price_tolerance" => 0.0, "implied_dot" => 1.3726393759001925e-15, "nonzero_basic_costs" => 2, "basis_updates" => 0, "entering" => 1939)
PRICE_REJECT Dict{String, Any}("cached" => -2.0189815728357278e-16, "iteration" => 272, "direction_norm" => 2.5454545454545427, "price_tolerance" => 0.0, "implied_dot" => 6.308085367188386e-16, "nonzero_basic_costs" => 2, "basis_updates" => 0, "entering" => 1924)
PRICE_REJECT Dict{String, Any}("cached" => -5.208711254513463e-16, "iteration" => 272, "direction_norm" => 5.181818181818169, "price_tolerance" => 0.0, "implied_dot" => 1.3574999710189398e-15, "nonzero_basic_costs" => 2, "basis_updates" => 0, "entering" => 873)
PRICE_REJECT Dict{String, Any}("cached" => -5.2909066017294786e-17, "iteration" => 272, "direction_norm" => 1.0000000000000004, "price_tolerance" => 0.0, "implied_dot" => 9.083642928751433e-17, "nonzero_basic_costs" => 2, "basis_updates" => 0, "entering" => 407)
PRICE_REJECT Dict{String, Any}("cached" => -1.2102587450731403e-16, "iteration" => 272, "direction_norm" => 1.2954545454545436, "price_tolerance" => 0.0, "implied_dot" => -2.0185873175002434e-17, "nonzero_basic_costs" => 2, "basis_updates" => 0, "entering" => 1272)
PRICE_REJECT Dict{String, Any}("cached" => -4.291715626714721e-16, "iteration" => 272, "direction_norm" => 5.0909090909090855, "price_tolerance" => 0.0, "implied_dot" => 4.037174635000492e-17, "nonzero_basic_costs" => 2, "basis_updates" => 0, "entering" => 1857)
PRICE_REJECT Dict{String, Any}("cached" => -1.2102587450731423e-16, "iteration" => 272, "direction_norm" => 1.2954545454545436, "price_tolerance" => 0.0, "implied_dot" => -2.0185873175002434e-17, "nonzero_basic_costs" => 2, "basis_updates" => 0, "entering" => 1450)
PRICE_REJECT Dict{String, Any}("cached" => -3.1586948965524987e-16, "iteration" => 272, "direction_norm" => 4.090909090909085, "price_tolerance" => 0.0, "implied_dot" => -2.3718400980628437e-16, "nonzero_basic_costs" => 2, "basis_updates" => 0, "entering" => 989)
PRICE_REJECT Dict{String, Any}("cached" => -2.9071599925358637e-16, "iteration" => 272, "direction_norm" => 3.0909090909090864, "price_tolerance" => 0.0, "implied_dot" => 1.2616170734376773e-15, "nonzero_basic_costs" => 2, "basis_updates" => 0, "entering" => 1019)
PRICE_REJECT Dict{String, Any}("cached" => -2.9071599925358637e-16, "iteration" => 272, "direction_norm" => 3.0909090909090864, "price_tolerance" => 0.0, "implied_dot" => 1.2616170734376773e-15, "nonzero_basic_costs" => 2, "basis_updates" => 0, "entering" => 1808)
PRICE_REJECT Dict{String, Any}("cached" => -1.382338057152221e-16, "iteration" => 272, "direction_norm" => 1.5000000000000004, "price_tolerance" => 0.0, "implied_dot" => -1.8380816656909553e-16, "nonzero_basic_costs" => 2, "basis_updates" => 0, "entering" => 2102)
PRICE_REJECT Dict{String, Any}("cached" => -2.272734053878993e-16, "iteration" => 272, "direction_norm" => 2.545454545454541, "price_tolerance" => 0.0, "implied_dot" => 1.8671932686877567e-16, "nonzero_basic_costs" => 2, "basis_updates" => 0, "entering" => 402)
PRICE_REJECT Dict{String, Any}("cached" => -4.876317438118917e-16, "iteration" => 272, "direction_norm" => 5.6363636363636225, "price_tolerance" => 0.0, "implied_dot" => 1.0597583416876478e-15, "nonzero_basic_costs" => 2, "basis_updates" => 0, "entering" => 1952)
PRICE_REJECT Dict{String, Any}("cached" => -3.18149260208957e-16, "iteration" => 272, "direction_norm" => 4.090909090909086, "price_tolerance" => 0.0, "implied_dot" => 1.039572468512646e-15, "nonzero_basic_costs" => 2, "basis_updates" => 0, "entering" => 148)
PRICE_REJECT Dict{String, Any}("cached" => -5.350439157382085e-16, "iteration" => 272, "direction_norm" => 5.727272727272717, "price_tolerance" => 0.0, "implied_dot" => 3.22973970800044e-16, "nonzero_basic_costs" => 2, "basis_updates" => 0, "entering" => 1168)
PRICE_REJECT Dict{String, Any}("cached" => -5.350439157382085e-16, "iteration" => 272, "direction_norm" => 5.727272727272715, "price_tolerance" => 0.0, "implied_dot" => -1.211152390500187e-16, "nonzero_basic_costs" => 2, "basis_updates" => 0, "entering" => 1511)
PRICE_REJECT Dict{String, Any}("cached" => -1.0030824398686058e-16, "iteration" => 272, "direction_norm" => 1.2499999999999993, "price_tolerance" => 0.0, "implied_dot" => -8.35717331723328e-17, "nonzero_basic_costs" => 2, "basis_updates" => 0, "entering" => 1790)
PRICE_REJECT Dict{String, Any}("cached" => -2.272734053878993e-16, "iteration" => 272, "direction_norm" => 2.54545454545454, "price_tolerance" => 0.0, "implied_dot" => 4.0876393179380683e-16, "nonzero_basic_costs" => 2, "basis_updates" => 0, "entering" => 1667)
PRICE_REJECT Dict{String, Any}("cached" => -1.2410288111001945e-16, "iteration" => 272, "direction_norm" => 1.0000000000000004, "price_tolerance" => 0.0, "implied_dot" => 3.280204390937951e-17, "nonzero_basic_costs" => 2, "basis_updates" => 0, "entering" => 210)
PRICE_REJECT Dict{String, Any}("cached" => -3.0982852320135317e-16, "iteration" => 272, "direction_norm" => 3.1818181818181794, "price_tolerance" => 0.0, "implied_dot" => 3.0278809762504223e-16, "nonzero_basic_costs" => 2, "basis_updates" => 0, "entering" => 2367)
PRICE_REJECT Dict{String, Any}("cached" => -1.3639755056684158e-16, "iteration" => 272, "direction_norm" => 1.0000000000000004, "price_tolerance" => 0.0, "implied_dot" => 5.5511151231257704e-17, "nonzero_basic_costs" => 2, "basis_updates" => 0, "entering" => 2406)
PRICE_REJECT Dict{String, Any}("cached" => -2.0690520004377855e-16, "iteration" => 272, "direction_norm" => 2.0909090909090877, "price_tolerance" => 0.0, "implied_dot" => 3.7343865373755183e-16, "nonzero_basic_costs" => 2, "basis_updates" => 0, "entering" => 460)
PRICE_REJECT Dict{String, Any}("cached" => -5.113128300207038e-16, "iteration" => 272, "direction_norm" => 5.68181818181817, "price_tolerance" => 0.0, "implied_dot" => -1.5290798930064672e-15, "nonzero_basic_costs" => 2, "basis_updates" => 0, "entering" => 569)
PRICE_REJECT Dict{String, Any}("cached" => -2.1711641323191513e-16, "iteration" => 272, "direction_norm" => 2.6363636363636345, "price_tolerance" => 0.0, "implied_dot" => 3.381133756812974e-16, "nonzero_basic_costs" => 2, "basis_updates" => 0, "entering" => 1502)
PRICE_REJECT Dict{String, Any}("cached" => -2.272734053878993e-16, "iteration" => 272, "direction_norm" => 2.54545454545454, "price_tolerance" => 0.0, "implied_dot" => 4.0876393179380683e-16, "nonzero_basic_costs" => 2, "basis_updates" => 0, "entering" => 1573)
PRICE_REJECT Dict{String, Any}("cached" => -1.382338057152221e-16, "iteration" => 272, "direction_norm" => 1.5000000000000004, "price_tolerance" => 0.0, "implied_dot" => -1.8380816656909553e-16, "nonzero_basic_costs" => 2, "basis_updates" => 0, "entering" => 681)
PRICE_REJECT Dict{String, Any}("cached" => -4.968891010864017e-16, "iteration" => 272, "direction_norm" => 5.545454545454535, "price_tolerance" => 0.0, "implied_dot" => -2.018587317500299e-16, "nonzero_basic_costs" => 2, "basis_updates" => 0, "entering" => 331)
PRICE_REJECT Dict{String, Any}("cached" => -9.876543177383013e-17, "iteration" => 272, "direction_norm" => 0.9090909090909082, "price_tolerance" => 0.0, "implied_dot" => -4.0371746350005934e-17, "nonzero_basic_costs" => 2, "basis_updates" => 0, "entering" => 1058)
PRICE_REJECT Dict{String, Any}("cached" => -1.5139404881252092e-16, "iteration" => 272, "direction_norm" => 2.0909090909090895, "price_tolerance" => 0.0, "implied_dot" => -7.065055611251035e-17, "nonzero_basic_costs" => 2, "basis_updates" => 0, "entering" => 1264)
PRICE_REJECT Dict{String, Any}("cached" => -2.0690520004377855e-16, "iteration" => 272, "direction_norm" => 2.0909090909090886, "price_tolerance" => 0.0, "implied_dot" => 1.5139404881252077e-16, "nonzero_basic_costs" => 2, "basis_updates" => 0, "entering" => 1295)
PRICE_REJECT Dict{String, Any}("cached" => -2.0690520004377874e-16, "iteration" => 272, "direction_norm" => 2.0909090909090886, "price_tolerance" => 0.0, "implied_dot" => 1.5139404881252077e-16, "nonzero_basic_costs" => 2, "basis_updates" => 0, "entering" => 1338)
PRICE_REJECT Dict{String, Any}("cached" => -1.2471250136340462e-16, "iteration" => 272, "direction_norm" => 1.0, "price_tolerance" => 0.0, "implied_dot" => -1.6653345369377314e-16, "nonzero_basic_costs" => 2, "basis_updates" => 0, "entering" => 1479)
PRICE_REJECT Dict{String, Any}("cached" => -2.272734053878993e-16, "iteration" => 272, "direction_norm" => 2.545454545454541, "price_tolerance" => 0.0, "implied_dot" => 1.8671932686877567e-16, "nonzero_basic_costs" => 2, "basis_updates" => 0, "entering" => 2295)
PRICE_REJECT Dict{String, Any}("cached" => -9.876543177383013e-17, "iteration" => 272, "direction_norm" => 0.9090909090909083, "price_tolerance" => 0.0, "implied_dot" => 1.816728585750254e-16, "nonzero_basic_costs" => 2, "basis_updates" => 0, "entering" => 640)
PRICE_REJECT Dict{String, Any}("cached" => -2.1711641323191513e-16, "iteration" => 272, "direction_norm" => 2.6363636363636345, "price_tolerance" => 0.0, "implied_dot" => 3.381133756812974e-16, "nonzero_basic_costs" => 2, "basis_updates" => 0, "entering" => 1492)
PRICE_REJECT Dict{String, Any}("cached" => -2.272734053878993e-16, "iteration" => 272, "direction_norm" => 2.545454545454541, "price_tolerance" => 0.0, "implied_dot" => 1.8671932686877567e-16, "nonzero_basic_costs" => 2, "basis_updates" => 0, "entering" => 2416)
PRICE_REJECT Dict{String, Any}("cached" => -3.2347861762942105e-16, "iteration" => 272, "direction_norm" => 3.636363636363631, "price_tolerance" => 0.0, "implied_dot" => 6.711802830688438e-16, "nonzero_basic_costs" => 2, "basis_updates" => 0, "entering" => 606)
PRICE_REJECT Dict{String, Any}("cached" => -9.711034585896505e-17, "iteration" => 272, "direction_norm" => 1.0227272727272727, "price_tolerance" => 0.0, "implied_dot" => -2.4175737169749524e-16, "nonzero_basic_costs" => 2, "basis_updates" => 0, "entering" => 1536)
PRICE_REJECT Dict{String, Any}("cached" => -1.5139404881252072e-16, "iteration" => 272, "direction_norm" => 2.0909090909090904, "price_tolerance" => 0.0, "implied_dot" => -1.8167285857502585e-16, "nonzero_basic_costs" => 2, "basis_updates" => 0, "entering" => 1337)
PRICE_REJECT Dict{String, Any}("cached" => -4.441680609171512e-16, "iteration" => 272, "direction_norm" => 5.181818181818176, "price_tolerance" => 0.0, "implied_dot" => -4.743680196125681e-16, "nonzero_basic_costs" => 2, "basis_updates" => 0, "entering" => 113)
PRICE_REJECT Dict{String, Any}("cached" => -3.2347861762942105e-16, "iteration" => 272, "direction_norm" => 3.636363636363631, "price_tolerance" => 0.0, "implied_dot" => 6.711802830688438e-16, "nonzero_basic_costs" => 2, "basis_updates" => 0, "entering" => 1259)
PRICE_REJECT Dict{String, Any}("cached" => -2.9778105486483607e-16, "iteration" => 272, "direction_norm" => 3.6363636363636296, "price_tolerance" => 0.0, "implied_dot" => 5.046468293750705e-16, "nonzero_basic_costs" => 2, "basis_updates" => 0, "entering" => 1061)
PRICE_REJECT Dict{String, Any}("cached" => -3.360282926472026e-16, "iteration" => 272, "direction_norm" => 3.9999999999999916, "price_tolerance" => 0.0, "implied_dot" => 3.3306690738754593e-16, "nonzero_basic_costs" => 2, "basis_updates" => 0, "entering" => 2212)
PRICE_REJECT Dict{String, Any}("cached" => -3.360282926472026e-16, "iteration" => 272, "direction_norm" => 3.9999999999999916, "price_tolerance" => 0.0, "implied_dot" => 3.3306690738754593e-16, "nonzero_basic_costs" => 2, "basis_updates" => 0, "entering" => 1237)
PRICE_REJECT Dict{String, Any}("cached" => -2.3520484802232657e-16, "iteration" => 272, "direction_norm" => 3.090909090909084, "price_tolerance" => 0.0, "implied_dot" => 2.0690520004377852e-16, "nonzero_basic_costs" => 2, "basis_updates" => 0, "entering" => 2031)
PRICE_REJECT Dict{String, Any}("cached" => -3.2347861762942085e-16, "iteration" => 272, "direction_norm" => 3.636363636363631, "price_tolerance" => 0.0, "implied_dot" => 6.711802830688438e-16, "nonzero_basic_costs" => 2, "basis_updates" => 0, "entering" => 987)
PRICE_REJECT Dict{String, Any}("cached" => -1.3639755056684158e-16, "iteration" => 272, "direction_norm" => 1.0000000000000004, "price_tolerance" => 0.0, "implied_dot" => 5.5511151231257704e-17, "nonzero_basic_costs" => 2, "basis_updates" => 0, "entering" => 2431)
PRICE_REJECT Dict{String, Any}("cached" => -3.2347861762942105e-16, "iteration" => 272, "direction_norm" => 3.636363636363631, "price_tolerance" => 0.0, "implied_dot" => 6.711802830688438e-16, "nonzero_basic_costs" => 2, "basis_updates" => 0, "entering" => 2415)
PRICE_REJECT Dict{String, Any}("cached" => -9.876543177382993e-17, "iteration" => 272, "direction_norm" => 0.9999999999999997, "price_tolerance" => 0.0, "implied_dot" => -4.037174635000597e-17, "nonzero_basic_costs" => 2, "basis_updates" => 0, "entering" => 203)
PRICE_REJECT Dict{String, Any}("cached" => -1.382338057152221e-16, "iteration" => 272, "direction_norm" => 1.5000000000000004, "price_tolerance" => 0.0, "implied_dot" => -1.8380816656909553e-16, "nonzero_basic_costs" => 2, "basis_updates" => 0, "entering" => 899)
PRICE_REJECT Dict{String, Any}("cached" => -1.1102230246251546e-16, "iteration" => 272, "direction_norm" => 0.9999999999999998, "price_tolerance" => 0.0, "implied_dot" => 5.5511151231257507e-17, "nonzero_basic_costs" => 2, "basis_updates" => 0, "entering" => 907)
PRICE_REJECT Dict{String, Any}("cached" => -3.2347861762942085e-16, "iteration" => 272, "direction_norm" => 3.636363636363631, "price_tolerance" => 0.0, "implied_dot" => 6.711802830688438e-16, "nonzero_basic_costs" => 2, "basis_updates" => 0, "entering" => 839)
PRICE_REJECT Dict{String, Any}("cached" => -3.2347861762942105e-16, "iteration" => 272, "direction_norm" => 3.636363636363631, "price_tolerance" => 0.0, "implied_dot" => 6.711802830688438e-16, "nonzero_basic_costs" => 2, "basis_updates" => 0, "entering" => 684)
PRICE_REJECT Dict{String, Any}("cached" => -1.0601525970231009e-16, "iteration" => 272, "direction_norm" => 1.2954545454545463, "price_tolerance" => 0.0, "implied_dot" => -4.313153369815063e-16, "nonzero_basic_costs" => 2, "basis_updates" => 0, "entering" => 2565)
PRICE_REJECT Dict{String, Any}("cached" => -3.281387156944302e-16, "iteration" => 272, "direction_norm" => 3.636363636363631, "price_tolerance" => 0.0, "implied_dot" => 5.046468293750705e-16, "nonzero_basic_costs" => 2, "basis_updates" => 0, "entering" => 2113)
PRICE_REJECT Dict{String, Any}("cached" => -9.876543177383013e-17, "iteration" => 272, "direction_norm" => 1.0, "price_tolerance" => 0.0, "implied_dot" => 1.816728585750254e-16, "nonzero_basic_costs" => 2, "basis_updates" => 0, "entering" => 1227)
PRICE_REJECT Dict{String, Any}("cached" => -3.281387156944302e-16, "iteration" => 272, "direction_norm" => 3.63636363636363, "price_tolerance" => 0.0, "implied_dot" => 7.266914343001016e-16, "nonzero_basic_costs" => 2, "basis_updates" => 0, "entering" => 958)
PRICE_REJECT Dict{String, Any}("cached" => -1.5139404881252072e-16, "iteration" => 272, "direction_norm" => 2.0909090909090895, "price_tolerance" => 0.0, "implied_dot" => -2.371840098062838e-16, "nonzero_basic_costs" => 2, "basis_updates" => 0, "entering" => 1418)
PRICE_REJECT Dict{String, Any}("cached" => -2.272734053878993e-16, "iteration" => 272, "direction_norm" => 2.5454545454545383, "price_tolerance" => 0.0, "implied_dot" => 5.197862342563225e-16, "nonzero_basic_costs" => 2, "basis_updates" => 0, "entering" => 2252)
PRICE_REJECT Dict{String, Any}("cached" => -9.087585482105752e-17, "iteration" => 272, "direction_norm" => 1.0454545454545434, "price_tolerance" => 0.0, "implied_dot" => 1.0345260002188931e-16, "nonzero_basic_costs" => 2, "basis_updates" => 0, "entering" => 2492)
PRICE_REJECT Dict{String, Any}("cached" => -2.3846112820629155e-16, "iteration" => 272, "direction_norm" => 2.1363636363636354, "price_tolerance" => 0.0, "implied_dot" => -1.0092936587501069e-17, "nonzero_basic_costs" => 2, "basis_updates" => 0, "entering" => 2491)
PRICE_REJECT Dict{String, Any}("cached" => -3.179275025062936e-16, "iteration" => 272, "direction_norm" => 4.090909090909082, "price_tolerance" => 0.0, "implied_dot" => 2.6241635127503573e-16, "nonzero_basic_costs" => 2, "basis_updates" => 0, "entering" => 1766)
PRICE_REJECT Dict{String, Any}("cached" => -3.179275025062936e-16, "iteration" => 272, "direction_norm" => 4.090909090909082, "price_tolerance" => 0.0, "implied_dot" => 4.844609562000671e-16, "nonzero_basic_costs" => 2, "basis_updates" => 0, "entering" => 1649)
PRICE_REJECT Dict{String, Any}("cached" => -4.537436659384028e-16, "iteration" => 272, "direction_norm" => 5.18181818181817, "price_tolerance" => 0.0, "implied_dot" => 1.3019888197876823e-15, "nonzero_basic_costs" => 2, "basis_updates" => 0, "entering" => 1254)
PRICE_REJECT Dict{String, Any}("cached" => -2.0668344234111494e-16, "iteration" => 272, "direction_norm" => 2.590909090909088, "price_tolerance" => 0.0, "implied_dot" => 4.0371746350005065e-17, "nonzero_basic_costs" => 2, "basis_updates" => 0, "entering" => 1746)
PRICE_REJECT Dict{String, Any}("cached" => -9.876543177383013e-17, "iteration" => 272, "direction_norm" => 1.4545454545454528, "price_tolerance" => 0.0, "implied_dot" => -9.58828975812638e-17, "nonzero_basic_costs" => 2, "basis_updates" => 0, "entering" => 1771)
PRICE_REJECT Dict{String, Any}("cached" => -1.8175170964211524e-16, "iteration" => 272, "direction_norm" => 2.0909090909090886, "price_tolerance" => 0.0, "implied_dot" => 2.270910732187818e-16, "nonzero_basic_costs" => 2, "basis_updates" => 0, "entering" => 1384)
PRICE_REJECT Dict{String, Any}("cached" => -1.8175170964211524e-16, "iteration" => 272, "direction_norm" => 2.090909090909087, "price_tolerance" => 0.0, "implied_dot" => 3.381133756812974e-16, "nonzero_basic_costs" => 2, "basis_updates" => 0, "entering" => 637)
PRICE_REJECT Dict{String, Any}("cached" => -3.8728163414337393e-16, "iteration" => 272, "direction_norm" => 4.954545454545444, "price_tolerance" => 0.0, "implied_dot" => -5.1978623425632475e-16, "nonzero_basic_costs" => 2, "basis_updates" => 0, "entering" => 8)
PRICE_REJECT Dict{String, Any}("cached" => -2.3520484802232657e-16, "iteration" => 272, "direction_norm" => 3.0909090909090855, "price_tolerance" => 0.0, "implied_dot" => 2.0690520004377852e-16, "nonzero_basic_costs" => 2, "basis_updates" => 0, "entering" => 307)
PRICE_REJECT Dict{String, Any}("cached" => -3.0583816848811927e-16, "iteration" => 272, "direction_norm" => 3.863636363636351, "price_tolerance" => 0.0, "implied_dot" => 1.8823326735690137e-15, "nonzero_basic_costs" => 2, "basis_updates" => 0, "entering" => 1313)
PRICE_REJECT Dict{String, Any}("cached" => -3.398096483385386e-16, "iteration" => 272, "direction_norm" => 4.181818181818179, "price_tolerance" => 0.0, "implied_dot" => -3.027880976250513e-17, "nonzero_basic_costs" => 2, "basis_updates" => 0, "entering" => 1472)
PRICE_REJECT Dict{String, Any}("cached" => -2.3726286087337267e-16, "iteration" => 272, "direction_norm" => 3.0909090909090855, "price_tolerance" => 0.0, "implied_dot" => 1.095083619743904e-15, "nonzero_basic_costs" => 2, "basis_updates" => 0, "entering" => 1027)
PRICE_REJECT Dict{String, Any}("cached" => -2.3726286087337267e-16, "iteration" => 272, "direction_norm" => 3.0909090909090855, "price_tolerance" => 0.0, "implied_dot" => 1.095083619743904e-15, "nonzero_basic_costs" => 2, "basis_updates" => 0, "entering" => 1108)
PRICE_REJECT Dict{String, Any}("cached" => -2.3726286087337267e-16, "iteration" => 272, "direction_norm" => 3.0909090909090855, "price_tolerance" => 0.0, "implied_dot" => 1.095083619743904e-15, "nonzero_basic_costs" => 2, "basis_updates" => 0, "entering" => 1325)
PRICE_REJECT Dict{String, Any}("cached" => -2.1689465552925192e-16, "iteration" => 272, "direction_norm" => 2.6363636363636314, "price_tolerance" => 0.0, "implied_dot" => 5.0464682937501154e-18, "nonzero_basic_costs" => 2, "basis_updates" => 0, "entering" => 1008)
PRICE_REJECT Dict{String, Any}("cached" => -3.02709246557955e-16, "iteration" => 272, "direction_norm" => 3.636363636363628, "price_tolerance" => 0.0, "implied_dot" => 2.27091073218781e-16, "nonzero_basic_costs" => 2, "basis_updates" => 0, "entering" => 1049)
PRICE_REJECT Dict{String, Any}("cached" => -1.2624055841085504e-16, "iteration" => 272, "direction_norm" => 2.0909090909090895, "price_tolerance" => 0.0, "implied_dot" => -7.065055611251035e-17, "nonzero_basic_costs" => 2, "basis_updates" => 0, "entering" => 2308)
PRICE_REJECT Dict{String, Any}("cached" => -2.0246685968143222e-16, "iteration" => 272, "direction_norm" => 2.0909090909090886, "price_tolerance" => 0.0, "implied_dot" => 7.06505561125099e-16, "nonzero_basic_costs" => 2, "basis_updates" => 0, "entering" => 2488)
PRICE_REJECT Dict{String, Any}("cached" => -2.3726286087337267e-16, "iteration" => 272, "direction_norm" => 3.0909090909090855, "price_tolerance" => 0.0, "implied_dot" => 1.095083619743904e-15, "nonzero_basic_costs" => 2, "basis_updates" => 0, "entering" => 248)
PRICE_REJECT Dict{String, Any}("cached" => -1.2807681355923813e-16, "iteration" => 272, "direction_norm" => 1.5454545454545452, "price_tolerance" => 0.0, "implied_dot" => 1.6527183662033577e-16, "nonzero_basic_costs" => 2, "basis_updates" => 0, "entering" => 1696)
PRICE_REJECT Dict{String, Any}("cached" => -1.4933603596147698e-16, "iteration" => 272, "direction_norm" => 2.0909090909090886, "price_tolerance" => 0.0, "implied_dot" => 1.5139404881252082e-16, "nonzero_basic_costs" => 2, "basis_updates" => 0, "entering" => 574)
PRICE_REJECT Dict{String, Any}("cached" => -3.02709246557955e-16, "iteration" => 272, "direction_norm" => 3.636363636363628, "price_tolerance" => 0.0, "implied_dot" => 2.27091073218781e-16, "nonzero_basic_costs" => 2, "basis_updates" => 0, "entering" => 2502)
PRICE_REJECT Dict{String, Any}("cached" => -2.3726286087337267e-16, "iteration" => 272, "direction_norm" => 3.090909090909085, "price_tolerance" => 0.0, "implied_dot" => -5.147397659625734e-16, "nonzero_basic_costs" => 2, "basis_updates" => 0, "entering" => 2613)
PRICE_REJECT Dict{String, Any}("cached" => -2.1689465552925192e-16, "iteration" => 272, "direction_norm" => 2.6363636363636314, "price_tolerance" => 0.0, "implied_dot" => 5.0464682937501154e-18, "nonzero_basic_costs" => 2, "basis_updates" => 0, "entering" => 2187)
PRICE_REJECT Dict{String, Any}("cached" => -2.1689465552925192e-16, "iteration" => 272, "direction_norm" => 2.6363636363636314, "price_tolerance" => 0.0, "implied_dot" => 5.0464682937501154e-18, "nonzero_basic_costs" => 2, "basis_updates" => 0, "entering" => 1116)
PRICE_REJECT Dict{String, Any}("cached" => -2.9572304201379213e-16, "iteration" => 272, "direction_norm" => 3.636363636363627, "price_tolerance" => 0.0, "implied_dot" => 4.491356781438121e-16, "nonzero_basic_costs" => 2, "basis_updates" => 0, "entering" => 2244)
PRICE_REJECT Dict{String, Any}("cached" => -2.024668596814326e-16, "iteration" => 272, "direction_norm" => 2.0909090909090895, "price_tolerance" => 0.0, "implied_dot" => 3.7343865373755213e-16, "nonzero_basic_costs" => 2, "basis_updates" => 0, "entering" => 515)
PRICE_REJECT Dict{String, Any}("cached" => -2.9572304201379194e-16, "iteration" => 272, "direction_norm" => 3.636363636363628, "price_tolerance" => 0.0, "implied_dot" => 2.27091073218781e-16, "nonzero_basic_costs" => 2, "basis_updates" => 0, "entering" => 993)
PRICE_REJECT Dict{String, Any}("cached" => -2.3726286087337287e-16, "iteration" => 272, "direction_norm" => 3.090909090909085, "price_tolerance" => 0.0, "implied_dot" => 1.5139404881252057e-16, "nonzero_basic_costs" => 2, "basis_updates" => 0, "entering" => 2533)
PRICE_REJECT Dict{String, Any}("cached" => -2.3726286087337267e-16, "iteration" => 272, "direction_norm" => 3.0909090909090855, "price_tolerance" => 0.0, "implied_dot" => 2.6241635127503623e-16, "nonzero_basic_costs" => 2, "basis_updates" => 0, "entering" => 267)
PRICE_REJECT Dict{String, Any}("cached" => -1.1013128540439972e-16, "iteration" => 272, "direction_norm" => 1.0454545454545454, "price_tolerance" => 0.0, "implied_dot" => -1.712645177191646e-16, "nonzero_basic_costs" => 2, "basis_updates" => 0, "entering" => 1593)
PRICE_REJECT Dict{String, Any}("cached" => -5.786410740624592e-16, "iteration" => 272, "direction_norm" => 7.272727272727259, "price_tolerance" => 0.0, "implied_dot" => 3.986709952063041e-16, "nonzero_basic_costs" => 2, "basis_updates" => 0, "entering" => 1177)
PRICE_REJECT Dict{String, Any}("cached" => -1.0896428961147133e-16, "iteration" => 272, "direction_norm" => 1.0, "price_tolerance" => 0.0, "implied_dot" => -5.551115123125799e-17, "nonzero_basic_costs" => 2, "basis_updates" => 0, "entering" => 887)
PRICE_REJECT Dict{String, Any}("cached" => -2.9572304201379233e-16, "iteration" => 272, "direction_norm" => 3.636363636363627, "price_tolerance" => 0.0, "implied_dot" => 4.491356781438121e-16, "nonzero_basic_costs" => 2, "basis_updates" => 0, "entering" => 1956)
PRICE_REJECT Dict{String, Any}("cached" => -1.2068944328773017e-16, "iteration" => 272, "direction_norm" => 1.5454545454545436, "price_tolerance" => 0.0, "implied_dot" => 4.642750830250652e-16, "nonzero_basic_costs" => 2, "basis_updates" => 0, "entering" => 2480)
PRICE_REJECT Dict{String, Any}("cached" => -1.1080054475985166e-16, "iteration" => 272, "direction_norm" => 1.4999999999999973, "price_tolerance" => 0.0, "implied_dot" => 1.415279079363801e-16, "nonzero_basic_costs" => 2, "basis_updates" => 0, "entering" => 456)
PRICE_REJECT Dict{String, Any}("cached" => -3.3314575845463576e-16, "iteration" => 272, "direction_norm" => 4.181818181818175, "price_tolerance" => 0.0, "implied_dot" => 3.027880976250417e-16, "nonzero_basic_costs" => 2, "basis_updates" => 0, "entering" => 1377)
PRICE_REJECT Dict{String, Any}("cached" => -2.9572304201379213e-16, "iteration" => 272, "direction_norm" => 3.636363636363627, "price_tolerance" => 0.0, "implied_dot" => -2.1699813663128174e-16, "nonzero_basic_costs" => 2, "basis_updates" => 0, "entering" => 1707)
PRICE_REJECT Dict{String, Any}("cached" => -2.9572304201379213e-16, "iteration" => 272, "direction_norm" => 3.636363636363627, "price_tolerance" => 0.0, "implied_dot" => -2.1699813663128174e-16, "nonzero_basic_costs" => 2, "basis_updates" => 0, "entering" => 908)
PRICE_REJECT Dict{String, Any}("cached" => -1.1103641902184066e-16, "iteration" => 272, "direction_norm" => 1.545454545454544, "price_tolerance" => 0.0, "implied_dot" => -2.069052000437788e-16, "nonzero_basic_costs" => 2, "basis_updates" => 0, "entering" => 1540)
PRICE_REJECT Dict{String, Any}("cached" => -5.3453138380213895e-17, "iteration" => 272, "direction_norm" => 1.0000000000000002, "price_tolerance" => 0.0, "implied_dot" => 5.84168422857006e-17, "nonzero_basic_costs" => 2, "basis_updates" => 0, "entering" => 1614)
PRICE_REJECT Dict{String, Any}("cached" => -4.1373154902047066e-16, "iteration" => 272, "direction_norm" => 5.6363636363636225, "price_tolerance" => 0.0, "implied_dot" => 1.725892156462742e-15, "nonzero_basic_costs" => 2, "basis_updates" => 0, "entering" => 2392)
PRICE_REJECT Dict{String, Any}("cached" => -1.0456605372194689e-16, "iteration" => 272, "direction_norm" => 1.0, "price_tolerance" => 0.0, "implied_dot" => 1.135455366093912e-16, "nonzero_basic_costs" => 2, "basis_updates" => 0, "entering" => 2520)
PRICE_REJECT Dict{String, Any}("cached" => -1.2624055841085504e-16, "iteration" => 272, "direction_norm" => 2.0909090909090895, "price_tolerance" => 0.0, "implied_dot" => -7.065055611251035e-17, "nonzero_basic_costs" => 2, "basis_updates" => 0, "entering" => 615)
PRICE_REJECT Dict{String, Any}("cached" => -2.589373655622838e-16, "iteration" => 272, "direction_norm" => 3.6363636363636345, "price_tolerance" => 0.0, "implied_dot" => 4.491356781438129e-16, "nonzero_basic_costs" => 2, "basis_updates" => 0, "entering" => 594)
PRICE_REJECT Dict{String, Any}("cached" => -1.8152995193944907e-16, "iteration" => 272, "direction_norm" => 2.5909090909090873, "price_tolerance" => 0.0, "implied_dot" => 7.065055611250988e-16, "nonzero_basic_costs" => 2, "basis_updates" => 0, "entering" => 1037)
PRICE_REJECT Dict{String, Any}("cached" => -4.798756422886299e-16, "iteration" => 272, "direction_norm" => 6.363636363636358, "price_tolerance" => 0.0, "implied_dot" => 1.6047769174127251e-15, "nonzero_basic_costs" => 2, "basis_updates" => 0, "entering" => 886)
PRICE_REJECT Dict{String, Any}("cached" => -1.087548872593035e-16, "iteration" => 272, "direction_norm" => 1.4545454545454533, "price_tolerance" => 0.0, "implied_dot" => 2.018587317500282e-16, "nonzero_basic_costs" => 2, "basis_updates" => 0, "entering" => 2258)
PRICE_REJECT Dict{String, Any}("cached" => -2.0707273671428934e-16, "iteration" => 272, "direction_norm" => 2.9545454545454444, "price_tolerance" => 0.0, "implied_dot" => 2.0185873175002725e-16, "nonzero_basic_costs" => 2, "basis_updates" => 0, "entering" => 1170)
PRICE_REJECT Dict{String, Any}("cached" => -4.052560340231233e-16, "iteration" => 272, "direction_norm" => 5.181818181818175, "price_tolerance" => 0.0, "implied_dot" => 1.912611483331519e-15, "nonzero_basic_costs" => 2, "basis_updates" => 0, "entering" => 1275)
PRICE_REJECT Dict{String, Any}("cached" => -1.6762078503690982e-16, "iteration" => 272, "direction_norm" => 1.8636363636363635, "price_tolerance" => 0.0, "implied_dot" => 2.6746281956878757e-16, "nonzero_basic_costs" => 2, "basis_updates" => 0, "entering" => 2334)
PRICE_REJECT Dict{String, Any}("cached" => -2.1689465552925192e-16, "iteration" => 272, "direction_norm" => 2.6363636363636314, "price_tolerance" => 0.0, "implied_dot" => 5.0464682937501154e-18, "nonzero_basic_costs" => 2, "basis_updates" => 0, "entering" => 813)
PRICE_REJECT Dict{String, Any}("cached" => -1.2624055841085504e-16, "iteration" => 272, "direction_norm" => 2.0909090909090895, "price_tolerance" => 0.0, "implied_dot" => -7.065055611251035e-17, "nonzero_basic_costs" => 2, "basis_updates" => 0, "entering" => 2471)
PRICE_REJECT Dict{String, Any}("cached" => -2.898118134622659e-16, "iteration" => 272, "direction_norm" => 4.318181818181812, "price_tolerance" => 0.0, "implied_dot" => 1.9681226345627632e-16, "nonzero_basic_costs" => 2, "basis_updates" => 0, "entering" => 395)
PRICE_REJECT Dict{String, Any}("cached" => -1.0990952770173632e-16, "iteration" => 272, "direction_norm" => 1.5454545454545452, "price_tolerance" => 0.0, "implied_dot" => -2.857562671336343e-16, "nonzero_basic_costs" => 2, "basis_updates" => 0, "entering" => 1634)
PRICE_REJECT Dict{String, Any}("cached" => -2.7056955161212626e-16, "iteration" => 272, "direction_norm" => 3.636363636363627, "price_tolerance" => 0.0, "implied_dot" => -2.1699813663128174e-16, "nonzero_basic_costs" => 2, "basis_updates" => 0, "entering" => 1003)
PRICE_REJECT Dict{String, Any}("cached" => -1.2068944328773017e-16, "iteration" => 272, "direction_norm" => 1.5454545454545436, "price_tolerance" => 0.0, "implied_dot" => 4.642750830250652e-16, "nonzero_basic_costs" => 2, "basis_updates" => 0, "entering" => 2090)
PRICE_REJECT Dict{String, Any}("cached" => -2.7056955161212626e-16, "iteration" => 272, "direction_norm" => 3.636363636363627, "price_tolerance" => 0.0, "implied_dot" => -2.1699813663128174e-16, "nonzero_basic_costs" => 2, "basis_updates" => 0, "entering" => 170)
PRICE_REJECT Dict{String, Any}("cached" => -1.087548872593035e-16, "iteration" => 272, "direction_norm" => 1.4545454545454533, "price_tolerance" => 0.0, "implied_dot" => 2.018587317500282e-16, "nonzero_basic_costs" => 2, "basis_updates" => 0, "entering" => 1448)
PRICE_REJECT Dict{String, Any}("cached" => -1.087548872593035e-16, "iteration" => 272, "direction_norm" => 1.4545454545454533, "price_tolerance" => 0.0, "implied_dot" => 2.018587317500282e-16, "nonzero_basic_costs" => 2, "basis_updates" => 0, "entering" => 2144)
PRICE_REJECT Dict{String, Any}("cached" => -1.087548872593035e-16, "iteration" => 272, "direction_norm" => 1.4545454545454533, "price_tolerance" => 0.0, "implied_dot" => 2.018587317500282e-16, "nonzero_basic_costs" => 2, "basis_updates" => 0, "entering" => 450)
PRICE_REJECT Dict{String, Any}("cached" => -1.0065766916319328e-16, "iteration" => 272, "direction_norm" => 1.0000000000000004, "price_tolerance" => 0.0, "implied_dot" => -1.6653345369377301e-16, "nonzero_basic_costs" => 2, "basis_updates" => 0, "entering" => 1038)
PRICE_REJECT Dict{String, Any}("cached" => -1.0065766916319328e-16, "iteration" => 272, "direction_norm" => 1.0000000000000004, "price_tolerance" => 0.0, "implied_dot" => -1.6653345369377301e-16, "nonzero_basic_costs" => 2, "basis_updates" => 0, "entering" => 496)
PRICE_REJECT Dict{String, Any}("cached" => -2.6035833842399224e-16, "iteration" => 272, "direction_norm" => 4.090909090909085, "price_tolerance" => 0.0, "implied_dot" => 1.0950836197439038e-15, "nonzero_basic_costs" => 2, "basis_updates" => 0, "entering" => 1503)
PRICE_REJECT Dict{String, Any}("cached" => -2.6035833842399224e-16, "iteration" => 272, "direction_norm" => 4.090909090909085, "price_tolerance" => 0.0, "implied_dot" => 1.0950836197439038e-15, "nonzero_basic_costs" => 2, "basis_updates" => 0, "entering" => 1691)
PRICE_REJECT Dict{String, Any}("cached" => -2.270516476852359e-16, "iteration" => 272, "direction_norm" => 3.0454545454545365, "price_tolerance" => 0.0, "implied_dot" => 8.528531416438692e-16, "nonzero_basic_costs" => 2, "basis_updates" => 0, "entering" => 32)
PRICE_REJECT Dict{String, Any}("cached" => -1.3433953771579804e-16, "iteration" => 272, "direction_norm" => 1.999999999999997, "price_tolerance" => 0.0, "implied_dot" => 4.9960036108131995e-16, "nonzero_basic_costs" => 2, "basis_updates" => 0, "entering" => 346)
PRICE_REJECT Dict{String, Any}("cached" => -1.087548872593035e-16, "iteration" => 272, "direction_norm" => 1.4545454545454533, "price_tolerance" => 0.0, "implied_dot" => 2.018587317500282e-16, "nonzero_basic_costs" => 2, "basis_updates" => 0, "entering" => 2267)
PRICE_REJECT Dict{String, Any}("cached" => -1.1472304587793145e-16, "iteration" => 272, "direction_norm" => 2.0454545454545414, "price_tolerance" => 0.0, "implied_dot" => -1.589637512531469e-16, "nonzero_basic_costs" => 2, "basis_updates" => 0, "entering" => 1799)
PRICE_REJECT Dict{String, Any}("cached" => -1.1625110292538404e-16, "iteration" => 272, "direction_norm" => 2.0454545454545405, "price_tolerance" => 0.0, "implied_dot" => 7.569702440625994e-17, "nonzero_basic_costs" => 2, "basis_updates" => 0, "entering" => 319)
PRICE_REJECT Dict{String, Any}("cached" => -7.544819652054695e-17, "iteration" => 272, "direction_norm" => 1.0, "price_tolerance" => 0.0, "implied_dot" => 2.580006915180049e-16, "nonzero_basic_costs" => 2, "basis_updates" => 0, "entering" => 528)
PRICE_REJECT Dict{String, Any}("cached" => -6.5500606716731e-17, "iteration" => 272, "direction_norm" => 1.0, "price_tolerance" => 0.0, "implied_dot" => 1.1906511130568059e-16, "nonzero_basic_costs" => 2, "basis_updates" => 0, "entering" => 598)
PRICE_REJECT Dict{String, Any}("cached" => -1.6966549471132944e-16, "iteration" => 272, "direction_norm" => 2.0909090909090886, "price_tolerance" => 0.0, "implied_dot" => -6.509944098938416e-16, "nonzero_basic_costs" => 2, "basis_updates" => 0, "entering" => 1154)
PRICE_REJECT Dict{String, Any}("cached" => -1.1625110292538404e-16, "iteration" => 272, "direction_norm" => 2.0454545454545405, "price_tolerance" => 0.0, "implied_dot" => 7.569702440625994e-17, "nonzero_basic_costs" => 2, "basis_updates" => 0, "entering" => 19)
PRICE_REJECT Dict{String, Any}("cached" => -8.621575675604838e-17, "iteration" => 272, "direction_norm" => 1.295454545454544, "price_tolerance" => 0.0, "implied_dot" => -3.1288103421254443e-16, "nonzero_basic_costs" => 2, "basis_updates" => 0, "entering" => 420)
PRICE_REJECT Dict{String, Any}("cached" => -1.241825455598113e-16, "iteration" => 272, "direction_norm" => 2.0909090909090886, "price_tolerance" => 0.0, "implied_dot" => 1.5139404881252082e-16, "nonzero_basic_costs" => 2, "basis_updates" => 0, "entering" => 858)
PRICE_REJECT Dict{String, Any}("cached" => -1.4236394797664129e-16, "iteration" => 272, "direction_norm" => 2.0909090909090904, "price_tolerance" => 0.0, "implied_dot" => 4.2894980496881045e-16, "nonzero_basic_costs" => 2, "basis_updates" => 0, "entering" => 2553)
PRICE_REJECT Dict{String, Any}("cached" => -2.8645300000240563e-16, "iteration" => 272, "direction_norm" => 3.8181818181818117, "price_tolerance" => 0.0, "implied_dot" => 1.4130111222501898e-16, "nonzero_basic_costs" => 2, "basis_updates" => 0, "entering" => 2626)
PRICE_REJECT Dict{String, Any}("cached" => -1.1625110292538404e-16, "iteration" => 272, "direction_norm" => 2.0454545454545405, "price_tolerance" => 0.0, "implied_dot" => 7.569702440625994e-17, "nonzero_basic_costs" => 2, "basis_updates" => 0, "entering" => 297)
PRICE_REJECT Dict{String, Any}("cached" => -9.271210996943805e-17, "iteration" => 272, "direction_norm" => 1.2954545454545447, "price_tolerance" => 0.0, "implied_dot" => -3.5325278056255134e-17, "nonzero_basic_costs" => 2, "basis_updates" => 0, "entering" => 2238)
PRICE_REJECT Dict{String, Any}("cached" => -1.1625110292538404e-16, "iteration" => 272, "direction_norm" => 2.0454545454545405, "price_tolerance" => 0.0, "implied_dot" => 1.3120817563751784e-16, "nonzero_basic_costs" => 2, "basis_updates" => 0, "entering" => 1121)
PRICE_REJECT Dict{String, Any}("cached" => -1.1625110292538404e-16, "iteration" => 272, "direction_norm" => 1.5454545454545432, "price_tolerance" => 0.0, "implied_dot" => 4.087639317938073e-16, "nonzero_basic_costs" => 2, "basis_updates" => 0, "entering" => 2277)
PRICE_REJECT Dict{String, Any}("cached" => -8.621575675604838e-17, "iteration" => 272, "direction_norm" => 1.295454545454544, "price_tolerance" => 0.0, "implied_dot" => -3.1288103421254443e-16, "nonzero_basic_costs" => 2, "basis_updates" => 0, "entering" => 1826)
PRICE_REJECT Dict{String, Any}("cached" => -8.621575675604838e-17, "iteration" => 272, "direction_norm" => 1.295454545454544, "price_tolerance" => 0.0, "implied_dot" => -3.1288103421254443e-16, "nonzero_basic_costs" => 2, "basis_updates" => 0, "entering" => 544)
PRICE_REJECT Dict{String, Any}("cached" => -9.620521224152175e-17, "iteration" => 272, "direction_norm" => 1.5454545454545447, "price_tolerance" => 0.0, "implied_dot" => 5.399721074313259e-16, "nonzero_basic_costs" => 2, "basis_updates" => 0, "entering" => 1783)
PRICE_REJECT Dict{String, Any}("cached" => -8.621575675604838e-17, "iteration" => 272, "direction_norm" => 1.295454545454544, "price_tolerance" => 0.0, "implied_dot" => -2.573698829812866e-16, "nonzero_basic_costs" => 2, "basis_updates" => 0, "entering" => 683)
PRICE_REJECT Dict{String, Any}("cached" => -1.9338939442792762e-16, "iteration" => 272, "direction_norm" => 2.749999999999996, "price_tolerance" => 0.0, "implied_dot" => -3.3306690738754765e-16, "nonzero_basic_costs" => 2, "basis_updates" => 0, "entering" => 2303)
PRICE_REJECT Dict{String, Any}("cached" => -9.620521224152175e-17, "iteration" => 272, "direction_norm" => 1.5454545454545447, "price_tolerance" => 0.0, "implied_dot" => 5.399721074313259e-16, "nonzero_basic_costs" => 2, "basis_updates" => 0, "entering" => 1394)
PRICE_REJECT Dict{String, Any}("cached" => -1.1625110292538404e-16, "iteration" => 272, "direction_norm" => 2.0454545454545405, "price_tolerance" => 0.0, "implied_dot" => 7.569702440625994e-17, "nonzero_basic_costs" => 2, "basis_updates" => 0, "entering" => 1961)
PRICE_REJECT Dict{String, Any}("cached" => -1.2035070636346122e-16, "iteration" => 272, "direction_norm" => 2.090909090909091, "price_tolerance" => 0.0, "implied_dot" => 1.1354553660938582e-17, "nonzero_basic_costs" => 2, "basis_updates" => 0, "entering" => 160)
PRICE_REJECT Dict{String, Any}("cached" => -9.697104230710072e-17, "iteration" => 272, "direction_norm" => 1.0000000000000013, "price_tolerance" => 0.0, "implied_dot" => 1.1102230246251546e-16, "nonzero_basic_costs" => 2, "basis_updates" => 0, "entering" => 699)
PRICE_REJECT Dict{String, Any}("cached" => -8.621575675604838e-17, "iteration" => 272, "direction_norm" => 1.295454545454544, "price_tolerance" => 0.0, "implied_dot" => -3.1288103421254443e-16, "nonzero_basic_costs" => 2, "basis_updates" => 0, "entering" => 1169)
PRICE_REJECT Dict{String, Any}("cached" => -8.621575675604838e-17, "iteration" => 272, "direction_norm" => 1.295454545454544, "price_tolerance" => 0.0, "implied_dot" => -3.1288103421254443e-16, "nonzero_basic_costs" => 2, "basis_updates" => 0, "entering" => 1957)
PRICE_REJECT Dict{String, Any}("cached" => -9.087585482105772e-17, "iteration" => 272, "direction_norm" => 1.522727272727272, "price_tolerance" => 0.0, "implied_dot" => -3.406366098281729e-16, "nonzero_basic_costs" => 2, "basis_updates" => 0, "entering" => 765)
PRICE_REJECT Dict{String, Any}("cached" => -9.620521224152175e-17, "iteration" => 272, "direction_norm" => 1.5454545454545447, "price_tolerance" => 0.0, "implied_dot" => 5.399721074313259e-16, "nonzero_basic_costs" => 2, "basis_updates" => 0, "entering" => 1347)
PRICE_REJECT Dict{String, Any}("cached" => -9.620521224152175e-17, "iteration" => 272, "direction_norm" => 1.5454545454545447, "price_tolerance" => 0.0, "implied_dot" => 5.399721074313259e-16, "nonzero_basic_costs" => 2, "basis_updates" => 0, "entering" => 2234)
PRICE_REJECT Dict{String, Any}("cached" => -9.620521224152175e-17, "iteration" => 272, "direction_norm" => 1.5454545454545447, "price_tolerance" => 0.0, "implied_dot" => 5.399721074313259e-16, "nonzero_basic_costs" => 2, "basis_updates" => 0, "entering" => 1842)
PRICE_REJECT Dict{String, Any}("cached" => -8.621575675604838e-17, "iteration" => 272, "direction_norm" => 1.2954545454545445, "price_tolerance" => 0.0, "implied_dot" => 7.569702440626041e-17, "nonzero_basic_costs" => 2, "basis_updates" => 0, "entering" => 10)
PRICE_REJECT Dict{String, Any}("cached" => -1.3617579286417817e-16, "iteration" => 272, "direction_norm" => 1.9999999999999936, "price_tolerance" => 0.0, "implied_dot" => 1.110223024625153e-16, "nonzero_basic_costs" => 2, "basis_updates" => 0, "entering" => 508)
PRICE_REJECT Dict{String, Any}("cached" => -8.621575675604838e-17, "iteration" => 272, "direction_norm" => 1.295454545454544, "price_tolerance" => 0.0, "implied_dot" => -2.573698829812866e-16, "nonzero_basic_costs" => 2, "basis_updates" => 0, "entering" => 1242)
PRICE_REJECT Dict{String, Any}("cached" => -9.620521224152175e-17, "iteration" => 272, "direction_norm" => 1.5454545454545447, "price_tolerance" => 0.0, "implied_dot" => 5.399721074313259e-16, "nonzero_basic_costs" => 2, "basis_updates" => 0, "entering" => 1252)
PRICE_REJECT Dict{String, Any}("cached" => -9.620521224152175e-17, "iteration" => 272, "direction_norm" => 1.5454545454545447, "price_tolerance" => 0.0, "implied_dot" => 5.399721074313259e-16, "nonzero_basic_costs" => 2, "basis_updates" => 0, "entering" => 1843)
PRICE_REJECT Dict{String, Any}("cached" => -3.7343865373755814e-17, "iteration" => 272, "direction_norm" => 1.0, "price_tolerance" => 0.0, "implied_dot" => 1.5902523700132435e-16, "nonzero_basic_costs" => 2, "basis_updates" => 0, "entering" => 1279)
PRICE_REJECT Dict{String, Any}("cached" => -1.1625110292538404e-16, "iteration" => 272, "direction_norm" => 1.5454545454545425, "price_tolerance" => 0.0, "implied_dot" => 4.6427508302506505e-16, "nonzero_basic_costs" => 2, "basis_updates" => 0, "entering" => 2137)
PRICE_REJECT Dict{String, Any}("cached" => -1.8470073955127668e-16, "iteration" => 272, "direction_norm" => 3.1363636363636296, "price_tolerance" => 0.0, "implied_dot" => 1.1606877075626562e-16, "nonzero_basic_costs" => 2, "basis_updates" => 0, "entering" => 121)
PRICE_REJECT Dict{String, Any}("cached" => -8.621575675604838e-17, "iteration" => 272, "direction_norm" => 1.2954545454545445, "price_tolerance" => 0.0, "implied_dot" => 7.569702440626041e-17, "nonzero_basic_costs" => 2, "basis_updates" => 0, "entering" => 399)
PRICE_REJECT Dict{String, Any}("cached" => -8.621575675604838e-17, "iteration" => 272, "direction_norm" => 1.295454545454544, "price_tolerance" => 0.0, "implied_dot" => -3.1288103421254443e-16, "nonzero_basic_costs" => 2, "basis_updates" => 0, "entering" => 289)
PRICE_REJECT Dict{String, Any}("cached" => -8.621575675604838e-17, "iteration" => 272, "direction_norm" => 1.295454545454544, "price_tolerance" => 0.0, "implied_dot" => -2.573698829812866e-16, "nonzero_basic_costs" => 2, "basis_updates" => 0, "entering" => 1081)
PRICE_REJECT Dict{String, Any}("cached" => -1.2158046034584768e-16, "iteration" => 272, "direction_norm" => 2.0909090909090873, "price_tolerance" => 0.0, "implied_dot" => 3.7343865373755213e-16, "nonzero_basic_costs" => 2, "basis_updates" => 0, "entering" => 2639)
PRICE_REJECT Dict{String, Any}("cached" => -1.1625110292538404e-16, "iteration" => 272, "direction_norm" => 1.5454545454545425, "price_tolerance" => 0.0, "implied_dot" => 4.6427508302506505e-16, "nonzero_basic_costs" => 2, "basis_updates" => 0, "entering" => 849)
PRICE_REJECT Dict{String, Any}("cached" => -8.621575675604838e-17, "iteration" => 272, "direction_norm" => 1.295454545454544, "price_tolerance" => 0.0, "implied_dot" => -2.573698829812866e-16, "nonzero_basic_costs" => 2, "basis_updates" => 0, "entering" => 2360)
PRICE_REJECT Dict{String, Any}("cached" => -1.8470073955127668e-16, "iteration" => 272, "direction_norm" => 3.1363636363636296, "price_tolerance" => 0.0, "implied_dot" => 1.1606877075626562e-16, "nonzero_basic_costs" => 2, "basis_updates" => 0, "entering" => 1009)
PRICE_REJECT Dict{String, Any}("cached" => -9.620521224152175e-17, "iteration" => 272, "direction_norm" => 1.5454545454545459, "price_tolerance" => 0.0, "implied_dot" => 5.399721074313259e-16, "nonzero_basic_costs" => 2, "basis_updates" => 0, "entering" => 734)
PRICE_REJECT Dict{String, Any}("cached" => -9.620521224152175e-17, "iteration" => 272, "direction_norm" => 1.5454545454545447, "price_tolerance" => 0.0, "implied_dot" => 5.399721074313259e-16, "nonzero_basic_costs" => 2, "basis_updates" => 0, "entering" => 902)
PRICE_REJECT Dict{String, Any}("cached" => -9.620521224152175e-17, "iteration" => 272, "direction_norm" => 1.5454545454545447, "price_tolerance" => 0.0, "implied_dot" => 5.399721074313259e-16, "nonzero_basic_costs" => 2, "basis_updates" => 0, "entering" => 2569)
PRICE_REJECT Dict{String, Any}("cached" => -1.1625110292538404e-16, "iteration" => 272, "direction_norm" => 2.0454545454545405, "price_tolerance" => 0.0, "implied_dot" => 1.3120817563751784e-16, "nonzero_basic_costs" => 2, "basis_updates" => 0, "entering" => 2499)
PRICE_REJECT Dict{String, Any}("cached" => -2.632068113755588e-16, "iteration" => 272, "direction_norm" => 4.63636363636363, "price_tolerance" => 0.0, "implied_dot" => 9.48736039225133e-16, "nonzero_basic_costs" => 2, "basis_updates" => 0, "entering" => 1878)
PRICE_REJECT Dict{String, Any}("cached" => -9.620521224152175e-17, "iteration" => 272, "direction_norm" => 1.5454545454545459, "price_tolerance" => 0.0, "implied_dot" => 5.399721074313259e-16, "nonzero_basic_costs" => 2, "basis_updates" => 0, "entering" => 2643)
PRICE_REJECT Dict{String, Any}("cached" => -8.621575675604838e-17, "iteration" => 272, "direction_norm" => 1.295454545454544, "price_tolerance" => 0.0, "implied_dot" => -3.1288103421254443e-16, "nonzero_basic_costs" => 2, "basis_updates" => 0, "entering" => 197)
PRICE_REJECT Dict{String, Any}("cached" => -1.2158046034584807e-16, "iteration" => 272, "direction_norm" => 2.090909090909089, "price_tolerance" => 0.0, "implied_dot" => 5.954832586625836e-16, "nonzero_basic_costs" => 2, "basis_updates" => 0, "entering" => 2425)
PRICE_REJECT Dict{String, Any}("cached" => -1.1625110292538404e-16, "iteration" => 272, "direction_norm" => 2.0454545454545405, "price_tolerance" => 0.0, "implied_dot" => 7.569702440625994e-17, "nonzero_basic_costs" => 2, "basis_updates" => 0, "entering" => 1218)
PRICE_REJECT Dict{String, Any}("cached" => -8.621575675604838e-17, "iteration" => 272, "direction_norm" => 1.295454545454544, "price_tolerance" => 0.0, "implied_dot" => -2.573698829812866e-16, "nonzero_basic_costs" => 2, "basis_updates" => 0, "entering" => 18)
PRICE_REJECT Dict{String, Any}("cached" => -1.6344151714903743e-16, "iteration" => 272, "direction_norm" => 2.8863636363636345, "price_tolerance" => 0.0, "implied_dot" => 7.26691434300102e-16, "nonzero_basic_costs" => 2, "basis_updates" => 0, "entering" => 1449)
PRICE_REJECT Dict{String, Any}("cached" => -1.2624055841085721e-16, "iteration" => 272, "direction_norm" => 2.0909090909090873, "price_tolerance" => 0.0, "implied_dot" => 8.175278635876148e-16, "nonzero_basic_costs" => 2, "basis_updates" => 0, "entering" => 2089)
PRICE_REJECT Dict{String, Any}("cached" => -1.2624055841085721e-16, "iteration" => 272, "direction_norm" => 2.0909090909090873, "price_tolerance" => 0.0, "implied_dot" => 8.175278635876148e-16, "nonzero_basic_costs" => 2, "basis_updates" => 0, "entering" => 1378)
PRICE_REJECT Dict{String, Any}("cached" => -9.620521224152175e-17, "iteration" => 272, "direction_norm" => 1.5454545454545459, "price_tolerance" => 0.0, "implied_dot" => 5.399721074313259e-16, "nonzero_basic_costs" => 2, "basis_updates" => 0, "entering" => 69)
PRICE_REJECT Dict{String, Any}("cached" => -1.6344151714903743e-16, "iteration" => 272, "direction_norm" => 2.8863636363636345, "price_tolerance" => 0.0, "implied_dot" => 7.26691434300102e-16, "nonzero_basic_costs" => 2, "basis_updates" => 0, "entering" => 2006)
PRICE_REJECT Dict{String, Any}("cached" => -1.1472304587793125e-16, "iteration" => 272, "direction_norm" => 1.5454545454545436, "price_tolerance" => 0.0, "implied_dot" => -1.8671932686877606e-16, "nonzero_basic_costs" => 2, "basis_updates" => 0, "entering" => 2076)
PRICE_REJECT Dict{String, Any}("cached" => -8.621575675604838e-17, "iteration" => 272, "direction_norm" => 1.295454545454544, "price_tolerance" => 0.0, "implied_dot" => -2.573698829812866e-16, "nonzero_basic_costs" => 2, "basis_updates" => 0, "entering" => 418)
PRICE_REJECT Dict{String, Any}("cached" => -1.8470073955127668e-16, "iteration" => 272, "direction_norm" => 2.636363636363629, "price_tolerance" => 0.0, "implied_dot" => 4.491356781438126e-16, "nonzero_basic_costs" => 2, "basis_updates" => 0, "entering" => 2481)
PRICE_REJECT Dict{String, Any}("cached" => -9.620521224152175e-17, "iteration" => 272, "direction_norm" => 1.545454545454546, "price_tolerance" => 0.0, "implied_dot" => 5.399721074313259e-16, "nonzero_basic_costs" => 2, "basis_updates" => 0, "entering" => 1138)
PRICE_REJECT Dict{String, Any}("cached" => -9.620521224152175e-17, "iteration" => 272, "direction_norm" => 1.545454545454546, "price_tolerance" => 0.0, "implied_dot" => 5.399721074313259e-16, "nonzero_basic_costs" => 2, "basis_updates" => 0, "entering" => 2077)
PRICE_REJECT Dict{String, Any}("cached" => -9.588289758126329e-17, "iteration" => 272, "direction_norm" => 1.545454545454546, "price_tolerance" => 0.0, "implied_dot" => 2.0690520004377887e-16, "nonzero_basic_costs" => 2, "basis_updates" => 0, "entering" => 1455)
PRICE_REJECT Dict{String, Any}("cached" => -1.6970424130559813e-16, "iteration" => 272, "direction_norm" => 3.045454545454539, "price_tolerance" => 0.0, "implied_dot" => 7.973419904126115e-16, "nonzero_basic_costs" => 2, "basis_updates" => 0, "entering" => 868)
PRICE_REJECT Dict{String, Any}("cached" => -9.620521224152175e-17, "iteration" => 272, "direction_norm" => 1.545454545454546, "price_tolerance" => 0.0, "implied_dot" => 5.399721074313259e-16, "nonzero_basic_costs" => 2, "basis_updates" => 0, "entering" => 2186)
PRICE_REJECT Dict{String, Any}("cached" => -1.6970424130559793e-16, "iteration" => 272, "direction_norm" => 3.045454545454539, "price_tolerance" => 0.0, "implied_dot" => 2.018587317500199e-17, "nonzero_basic_costs" => 2, "basis_updates" => 0, "entering" => 2489)
PRICE_REJECT Dict{String, Any}("cached" => -1.179033991392413e-16, "iteration" => 272, "direction_norm" => 2.659090909090909, "price_tolerance" => 0.0, "implied_dot" => -2.5232341468753887e-17, "nonzero_basic_costs" => 2, "basis_updates" => 0, "entering" => 2153)
PRICE_REJECT Dict{String, Any}("cached" => -1.8339993894245425e-16, "iteration" => 272, "direction_norm" => 2.454545454545451, "price_tolerance" => 0.0, "implied_dot" => 4.794144879063168e-16, "nonzero_basic_costs" => 2, "basis_updates" => 0, "entering" => 129)
PRICE_REJECT Dict{String, Any}("cached" => -9.58040465141737e-17, "iteration" => 272, "direction_norm" => 1.5454545454545452, "price_tolerance" => 0.0, "implied_dot" => -4.601748275363931e-16, "nonzero_basic_costs" => 2, "basis_updates" => 0, "entering" => 1444)
PRICE_REJECT Dict{String, Any}("cached" => -1.0609411076939987e-16, "iteration" => 272, "direction_norm" => 1.568181818181818, "price_tolerance" => 0.0, "implied_dot" => 2.5484664883441073e-16, "nonzero_basic_costs" => 2, "basis_updates" => 0, "entering" => 1925)
PRICE_REJECT Dict{String, Any}("cached" => -1.53657397102215e-16, "iteration" => 272, "direction_norm" => 2.477272727272722, "price_tolerance" => 0.0, "implied_dot" => -1.4887081466564702e-16, "nonzero_basic_costs" => 2, "basis_updates" => 0, "entering" => 1228)
PRICE_REJECT Dict{String, Any}("cached" => -1.0609411076939987e-16, "iteration" => 272, "direction_norm" => 1.568181818181818, "price_tolerance" => 0.0, "implied_dot" => 2.5484664883441073e-16, "nonzero_basic_costs" => 2, "basis_updates" => 0, "entering" => 1565)
PRICE_REJECT Dict{String, Any}("cached" => -9.58040465141735e-17, "iteration" => 272, "direction_norm" => 1.5454545454545452, "price_tolerance" => 0.0, "implied_dot" => -4.601748275363931e-16, "nonzero_basic_costs" => 2, "basis_updates" => 0, "entering" => 408)
PRICE_REJECT Dict{String, Any}("cached" => -1.59547249149611e-16, "iteration" => 272, "direction_norm" => 3.1363636363636296, "price_tolerance" => 0.0, "implied_dot" => 4.491356781438125e-16, "nonzero_basic_costs" => 2, "basis_updates" => 0, "entering" => 445)
PRICE_REJECT Dict{String, Any}("cached" => -1.59547249149611e-16, "iteration" => 272, "direction_norm" => 3.1363636363636296, "price_tolerance" => 0.0, "implied_dot" => 4.491356781438125e-16, "nonzero_basic_costs" => 2, "basis_updates" => 0, "entering" => 1709)
PRICE_REJECT Dict{String, Any}("cached" => -7.25656623279807e-17, "iteration" => 272, "direction_norm" => 1.5454545454545452, "price_tolerance" => 0.0, "implied_dot" => 1.6527183662033577e-16, "nonzero_basic_costs" => 2, "basis_updates" => 0, "entering" => 708)
PRICE_REJECT Dict{String, Any}("cached" => -1.0609411076939987e-16, "iteration" => 272, "direction_norm" => 1.6363636363636374, "price_tolerance" => 0.0, "implied_dot" => 4.144412086242773e-16, "nonzero_basic_costs" => 2, "basis_updates" => 0, "entering" => 1063)
PRICE_REJECT Dict{String, Any}("cached" => -8.881784197001359e-17, "iteration" => 272, "direction_norm" => 2.0454545454545414, "price_tolerance" => 0.0, "implied_dot" => 1.3120817563751794e-16, "nonzero_basic_costs" => 2, "basis_updates" => 0, "entering" => 939)
PRICE_REJECT Dict{String, Any}("cached" => -8.881784197001359e-17, "iteration" => 272, "direction_norm" => 2.0454545454545414, "price_tolerance" => 0.0, "implied_dot" => 1.3120817563751794e-16, "nonzero_basic_costs" => 2, "basis_updates" => 0, "entering" => 1532)
PRICE_REJECT Dict{String, Any}("cached" => -1.59547249149611e-16, "iteration" => 272, "direction_norm" => 2.636363636363629, "price_tolerance" => 0.0, "implied_dot" => 4.491356781438126e-16, "nonzero_basic_costs" => 2, "basis_updates" => 0, "entering" => 2213)
PRICE_REJECT Dict{String, Any}("cached" => -1.2624055841085721e-16, "iteration" => 272, "direction_norm" => 2.0909090909090895, "price_tolerance" => 0.0, "implied_dot" => 4.84460956200068e-16, "nonzero_basic_costs" => 2, "basis_updates" => 0, "entering" => 2119)
PRICE_REJECT Dict{String, Any}("cached" => -7.882838648454022e-17, "iteration" => 272, "direction_norm" => 1.0, "price_tolerance" => 0.0, "implied_dot" => 1.6653345369377301e-16, "nonzero_basic_costs" => 2, "basis_updates" => 0, "entering" => 2103)
PRICE_REJECT Dict{String, Any}("cached" => -8.088639933558434e-17, "iteration" => 272, "direction_norm" => 1.0000000000000004, "price_tolerance" => 0.0, "implied_dot" => -1.706002046997272e-16, "nonzero_basic_costs" => 2, "basis_updates" => 0, "entering" => 1979)
PRICE_REJECT Dict{String, Any}("cached" => -2.230522718183752e-16, "iteration" => 272, "direction_norm" => 3.4545454545454493, "price_tolerance" => 0.0, "implied_dot" => -1.86719326868777e-16, "nonzero_basic_costs" => 2, "basis_updates" => 0, "entering" => 2283)
PRICE_REJECT Dict{String, Any}("cached" => -1.262405584108574e-16, "iteration" => 272, "direction_norm" => 2.090909090909088, "price_tolerance" => 0.0, "implied_dot" => 5.399721074313258e-16, "nonzero_basic_costs" => 2, "basis_updates" => 0, "entering" => 1055)
PRICE_REJECT Dict{String, Any}("cached" => -8.881784197001359e-17, "iteration" => 272, "direction_norm" => 1.5454545454545432, "price_tolerance" => 0.0, "implied_dot" => -9.083642928751313e-17, "nonzero_basic_costs" => 2, "basis_updates" => 0, "entering" => 1244)
PRICE_REJECT Dict{String, Any}("cached" => -1.1602934522272083e-16, "iteration" => 272, "direction_norm" => 2.04545454545454, "price_tolerance" => 0.0, "implied_dot" => 3.532527805625492e-16, "nonzero_basic_costs" => 2, "basis_updates" => 0, "entering" => 2099)
PRICE_REJECT Dict{String, Any}("cached" => -7.278742003064391e-17, "iteration" => 272, "direction_norm" => 1.0454545454545454, "price_tolerance" => 0.0, "implied_dot" => 8.894400367735677e-17, "nonzero_basic_costs" => 2, "basis_updates" => 0, "entering" => 1551)
PRICE_REJECT Dict{String, Any}("cached" => -2.2939384704202016e-16, "iteration" => 272, "direction_norm" => 4.363636363636358, "price_tolerance" => 0.0, "implied_dot" => 1.3827323124876936e-15, "nonzero_basic_costs" => 2, "basis_updates" => 0, "entering" => 1966)
PRICE_REJECT Dict{String, Any}("cached" => -7.072940717959998e-17, "iteration" => 272, "direction_norm" => 1.0454545454545454, "price_tolerance" => 0.0, "implied_dot" => -8.799779087227788e-17, "nonzero_basic_costs" => 2, "basis_updates" => 0, "entering" => 1980)
PRICE_REJECT Dict{String, Any}("cached" => -1.9168694409543935e-16, "iteration" => 272, "direction_norm" => 3.636363636363627, "price_tolerance" => 0.0, "implied_dot" => -2.1699813663128174e-16, "nonzero_basic_costs" => 2, "basis_updates" => 0, "entering" => 151)
PRICE_REJECT Dict{String, Any}("cached" => -1.0087942686585669e-16, "iteration" => 272, "direction_norm" => 1.9999999999999936, "price_tolerance" => 0.0, "implied_dot" => -5.551115123125775e-16, "nonzero_basic_costs" => 2, "basis_updates" => 0, "entering" => 1198)
PRICE_REJECT Dict{String, Any}("cached" => -1.0087942686585649e-16, "iteration" => 272, "direction_norm" => 1.9999999999999936, "price_tolerance" => 0.0, "implied_dot" => -5.551115123125775e-16, "nonzero_basic_costs" => 2, "basis_updates" => 0, "entering" => 7)
PRICE_REJECT Dict{String, Any}("cached" => -7.278742003064391e-17, "iteration" => 272, "direction_norm" => 1.0454545454545454, "price_tolerance" => 0.0, "implied_dot" => 8.894400367735677e-17, "nonzero_basic_costs" => 2, "basis_updates" => 0, "entering" => 2351)
PRICE_REJECT Dict{String, Any}("cached" => -7.278742003064391e-17, "iteration" => 272, "direction_norm" => 1.0454545454545454, "price_tolerance" => 0.0, "implied_dot" => 8.894400367735677e-17, "nonzero_basic_costs" => 2, "basis_updates" => 0, "entering" => 2255)
PRICE_REJECT Dict{String, Any}("cached" => -8.881784197001359e-17, "iteration" => 272, "direction_norm" => 1.5454545454545427, "price_tolerance" => 0.0, "implied_dot" => 5.752973854875807e-16, "nonzero_basic_costs" => 2, "basis_updates" => 0, "entering" => 1542)
PRICE_REJECT Dict{String, Any}("cached" => -1.9168694409543935e-16, "iteration" => 272, "direction_norm" => 3.636363636363627, "price_tolerance" => 0.0, "implied_dot" => -2.1699813663128174e-16, "nonzero_basic_costs" => 2, "basis_updates" => 0, "entering" => 1300)
PRICE_REJECT Dict{String, Any}("cached" => -8.855421858569315e-17, "iteration" => 272, "direction_norm" => 1.8636363636363587, "price_tolerance" => 0.0, "implied_dot" => -1.7157992198752483e-16, "nonzero_basic_costs" => 2, "basis_updates" => 0, "entering" => 1868)
PRICE_REJECT Dict{String, Any}("cached" => -1.0087942686585649e-16, "iteration" => 272, "direction_norm" => 1.9999999999999936, "price_tolerance" => 0.0, "implied_dot" => -1.665334536937727e-16, "nonzero_basic_costs" => 2, "basis_updates" => 0, "entering" => 2380)
PRICE_REJECT Dict{String, Any}("cached" => -2.6558713888686043e-16, "iteration" => 272, "direction_norm" => 5.636363636363626, "price_tolerance" => 0.0, "implied_dot" => 1.2818029466126793e-15, "nonzero_basic_costs" => 2, "basis_updates" => 0, "entering" => 335)
PRICE_REJECT Dict{String, Any}("cached" => -6.700155324810699e-17, "iteration" => 272, "direction_norm" => 1.5454545454545427, "price_tolerance" => 0.0, "implied_dot" => 2.573698829812866e-16, "nonzero_basic_costs" => 2, "basis_updates" => 0, "entering" => 506)
PRICE_REJECT Dict{String, Any}("cached" => -1.8163473042050417e-16, "iteration" => 272, "direction_norm" => 3.4772727272727204, "price_tolerance" => 0.0, "implied_dot" => -2.598931171281631e-16, "nonzero_basic_costs" => 2, "basis_updates" => 0, "entering" => 658)
PRICE_REJECT Dict{String, Any}("cached" => -5.552526779058323e-17, "iteration" => 272, "direction_norm" => 1.0000000000000009, "price_tolerance" => 0.0, "implied_dot" => 1.401923185972291e-16, "nonzero_basic_costs" => 2, "basis_updates" => 0, "entering" => 631)
PRICE_REJECT Dict{String, Any}("cached" => -5.846018114041946e-17, "iteration" => 272, "direction_norm" => 1.2954545454545436, "price_tolerance" => 0.0, "implied_dot" => 1.8671932686877591e-16, "nonzero_basic_costs" => 2, "basis_updates" => 0, "entering" => 651)
PRICE_REJECT Dict{String, Any}("cached" => -2.7433260955370647e-17, "iteration" => 272, "direction_norm" => 1.0000000000000016, "price_tolerance" => 0.0, "implied_dot" => 1.5624880493306904e-16, "nonzero_basic_costs" => 2, "basis_updates" => 0, "entering" => 2229)
PRICE_REJECT Dict{String, Any}("cached" => -2.7433260955370647e-17, "iteration" => 272, "direction_norm" => 1.0000000000000016, "price_tolerance" => 0.0, "implied_dot" => 1.5624880493306904e-16, "nonzero_basic_costs" => 2, "basis_updates" => 0, "entering" => 1625)
PRICE_REJECT Dict{String, Any}("cached" => -5.846018114041946e-17, "iteration" => 272, "direction_norm" => 1.2954545454545434, "price_tolerance" => 0.0, "implied_dot" => 4.794144879063136e-17, "nonzero_basic_costs" => 2, "basis_updates" => 0, "entering" => 3)
PRICE_REJECT Dict{String, Any}("cached" => -5.846018114041966e-17, "iteration" => 272, "direction_norm" => 1.2954545454545436, "price_tolerance" => 0.0, "implied_dot" => 3.532527805625494e-16, "nonzero_basic_costs" => 2, "basis_updates" => 0, "entering" => 1715)
PRICE_REJECT Dict{String, Any}("cached" => -7.123225246711827e-17, "iteration" => 272, "direction_norm" => 2.0454545454545427, "price_tolerance" => 0.0, "implied_dot" => -9.083642928751316e-17, "nonzero_basic_costs" => 2, "basis_updates" => 0, "entering" => 1016)
PRICE_REJECT Dict{String, Any}("cached" => -7.123225246711827e-17, "iteration" => 272, "direction_norm" => 2.0454545454545427, "price_tolerance" => 0.0, "implied_dot" => -9.083642928751316e-17, "nonzero_basic_costs" => 2, "basis_updates" => 0, "entering" => 595)
PRICE_REJECT Dict{String, Any}("cached" => -7.163454079704111e-17, "iteration" => 272, "direction_norm" => 1.0000000000000004, "price_tolerance" => 0.0, "implied_dot" => 5.5511151231257704e-17, "nonzero_basic_costs" => 2, "basis_updates" => 0, "entering" => 2335)
PRICE_REJECT Dict{String, Any}("cached" => -1.1743525369897752e-16, "iteration" => 272, "direction_norm" => 1.8636363636363646, "price_tolerance" => 0.0, "implied_dot" => -1.148071536828286e-16, "nonzero_basic_costs" => 2, "basis_updates" => 0, "entering" => 357)
PRICE_REJECT Dict{String, Any}("cached" => -5.846018114041946e-17, "iteration" => 272, "direction_norm" => 1.2954545454545436, "price_tolerance" => 0.0, "implied_dot" => 1.8671932686877591e-16, "nonzero_basic_costs" => 2, "basis_updates" => 0, "entering" => 791)
PRICE_REJECT Dict{String, Any}("cached" => -9.588289758126289e-17, "iteration" => 272, "direction_norm" => 2.090909090909089, "price_tolerance" => 0.0, "implied_dot" => -1.8167285857502605e-16, "nonzero_basic_costs" => 2, "basis_updates" => 0, "entering" => 301)
PRICE_REJECT Dict{String, Any}("cached" => -7.123225246711827e-17, "iteration" => 272, "direction_norm" => 2.0454545454545427, "price_tolerance" => 0.0, "implied_dot" => -9.083642928751316e-17, "nonzero_basic_costs" => 2, "basis_updates" => 0, "entering" => 467)
PRICE_REJECT Dict{String, Any}("cached" => -7.123225246711827e-17, "iteration" => 272, "direction_norm" => 2.0454545454545427, "price_tolerance" => 0.0, "implied_dot" => -9.083642928751316e-17, "nonzero_basic_costs" => 2, "basis_updates" => 0, "entering" => 2365)
PRICE_REJECT Dict{String, Any}("cached" => -7.123225246711807e-17, "iteration" => 272, "direction_norm" => 2.0454545454545414, "price_tolerance" => 0.0, "implied_dot" => -2.01858731750029e-16, "nonzero_basic_costs" => 2, "basis_updates" => 0, "entering" => 1996)
PRICE_REJECT Dict{String, Any}("cached" => -6.700155324810699e-17, "iteration" => 272, "direction_norm" => 1.5454545454545427, "price_tolerance" => 0.0, "implied_dot" => 2.573698829812866e-16, "nonzero_basic_costs" => 2, "basis_updates" => 0, "entering" => 1855)
PRICE_REJECT Dict{String, Any}("cached" => -5.846018114041946e-17, "iteration" => 272, "direction_norm" => 1.2954545454545436, "price_tolerance" => 0.0, "implied_dot" => 3.532527805625494e-16, "nonzero_basic_costs" => 2, "basis_updates" => 0, "entering" => 2536)
PRICE_REJECT Dict{String, Any}("cached" => -6.844963662589284e-17, "iteration" => 272, "direction_norm" => 1.5454545454545459, "price_tolerance" => 0.0, "implied_dot" => 2.0690520004377894e-16, "nonzero_basic_costs" => 2, "basis_updates" => 0, "entering" => 2607)
PRICE_REJECT Dict{String, Any}("cached" => -6.844963662589284e-17, "iteration" => 272, "direction_norm" => 1.5454545454545465, "price_tolerance" => 0.0, "implied_dot" => 4.037174635000535e-17, "nonzero_basic_costs" => 2, "basis_updates" => 0, "entering" => 872)
PRICE_REJECT Dict{String, Any}("cached" => -7.123225246711827e-17, "iteration" => 272, "direction_norm" => 2.0454545454545427, "price_tolerance" => 0.0, "implied_dot" => -9.083642928751316e-17, "nonzero_basic_costs" => 2, "basis_updates" => 0, "entering" => 1891)
PRICE_REJECT Dict{String, Any}("cached" => -1.8698051010498362e-16, "iteration" => 272, "direction_norm" => 4.636363636363633, "price_tolerance" => 0.0, "implied_dot" => 1.1152694929189068e-15, "nonzero_basic_costs" => 2, "basis_updates" => 0, "entering" => 1675)
PRICE_REJECT Dict{String, Any}("cached" => -6.844963662589284e-17, "iteration" => 272, "direction_norm" => 1.545454545454546, "price_tolerance" => 0.0, "implied_dot" => 2.0690520004377894e-16, "nonzero_basic_costs" => 2, "basis_updates" => 0, "entering" => 2438)
PRICE_REJECT Dict{String, Any}("cached" => -7.123225246711827e-17, "iteration" => 272, "direction_norm" => 2.545454545454543, "price_tolerance" => 0.0, "implied_dot" => -9.083642928751316e-17, "nonzero_basic_costs" => 2, "basis_updates" => 0, "entering" => 879)
PRICE_REJECT Dict{String, Any}("cached" => -2.5153490401665872e-17, "iteration" => 272, "direction_norm" => 1.0, "price_tolerance" => 0.0, "implied_dot" => 0.0, "nonzero_basic_costs" => 2, "basis_updates" => 0, "entering" => 1296)
PRICE_REJECT Dict{String, Any}("cached" => -7.6226301270575e-17, "iteration" => 272, "direction_norm" => 1.5000000000000013, "price_tolerance" => 0.0, "implied_dot" => -5.0144531782166673e-17, "nonzero_basic_costs" => 2, "basis_updates" => 0, "entering" => 2233)
PRICE_REJECT Dict{String, Any}("cached" => 1.069851278275154e-16, "iteration" => 272, "direction_norm" => 2.5454545454545427, "price_tolerance" => 0.0, "implied_dot" => -2.0185873175002452e-17, "nonzero_basic_costs" => 2, "basis_updates" => 0, "entering" => 279)
PRICE_REJECT Dict{String, Any}("cached" => -7.6226301270575e-17, "iteration" => 272, "direction_norm" => 1.500000000000002, "price_tolerance" => 0.0, "implied_dot" => 2.1428766416455617e-16, "nonzero_basic_costs" => 2, "basis_updates" => 0, "entering" => 996)
PRICE_REJECT Dict{String, Any}("cached" => -8.06646416329237e-17, "iteration" => 272, "direction_norm" => 1.9999999999999964, "price_tolerance" => 0.0, "implied_dot" => -2.220446049250318e-16, "nonzero_basic_costs" => 2, "basis_updates" => 0, "entering" => 680)
PRICE_REJECT Dict{String, Any}("cached" => -1.5838025335668497e-16, "iteration" => 272, "direction_norm" => 3.6363636363636296, "price_tolerance" => 0.0, "implied_dot" => 4.491356781438125e-16, "nonzero_basic_costs" => 2, "basis_updates" => 0, "entering" => 735)
PRICE_REJECT Dict{String, Any}("cached" => -1.5838025335668497e-16, "iteration" => 272, "direction_norm" => 3.6363636363636296, "price_tolerance" => 0.0, "implied_dot" => 4.491356781438125e-16, "nonzero_basic_costs" => 2, "basis_updates" => 0, "entering" => 2200)
PRICE_REJECT Dict{String, Any}("cached" => -8.06646416329237e-17, "iteration" => 272, "direction_norm" => 2.0909090909090886, "price_tolerance" => 0.0, "implied_dot" => 3.179275025062943e-16, "nonzero_basic_costs" => 2, "basis_updates" => 0, "entering" => 1664)
PRICE_REJECT Dict{String, Any}("cached" => -1.0659695605691796e-16, "iteration" => 272, "direction_norm" => 2.840909090909087, "price_tolerance" => 0.0, "implied_dot" => 2.0690520004377852e-16, "nonzero_basic_costs" => 2, "basis_updates" => 0, "entering" => 146)
PRICE_REJECT Dict{String, Any}("cached" => -5.5289393528594224e-17, "iteration" => 272, "direction_norm" => 1.0000000000000002, "price_tolerance" => 0.0, "implied_dot" => 2.4990606249195137e-16, "nonzero_basic_costs" => 2, "basis_updates" => 0, "entering" => 2333)
PRICE_REJECT Dict{String, Any}("cached" => -1.0659695605691796e-16, "iteration" => 272, "direction_norm" => 2.840909090909087, "price_tolerance" => 0.0, "implied_dot" => 2.0690520004377852e-16, "nonzero_basic_costs" => 2, "basis_updates" => 0, "entering" => 2582)
PRICE_REJECT Dict{String, Any}("cached" => -7.123225246711807e-17, "iteration" => 272, "direction_norm" => 2.545454545454543, "price_tolerance" => 0.0, "implied_dot" => -9.083642928751316e-17, "nonzero_basic_costs" => 2, "basis_updates" => 0, "entering" => 556)
PRICE_REJECT Dict{String, Any}("cached" => -8.736863598965059e-17, "iteration" => 272, "direction_norm" => 1.8863636363636356, "price_tolerance" => 0.0, "implied_dot" => 7.8220258553136e-16, "nonzero_basic_costs" => 2, "basis_updates" => 0, "entering" => 1644)
PRICE_REJECT Dict{String, Any}("cached" => -8.625586122886928e-17, "iteration" => 272, "direction_norm" => 2.4545454545454515, "price_tolerance" => 0.0, "implied_dot" => -2.3718400980628284e-16, "nonzero_basic_costs" => 2, "basis_updates" => 0, "entering" => 1836)
PRICE_REJECT Dict{String, Any}("cached" => -2.743326095537045e-17, "iteration" => 272, "direction_norm" => 1.0000000000000016, "price_tolerance" => 0.0, "implied_dot" => 1.5624880493306904e-16, "nonzero_basic_costs" => 2, "basis_updates" => 0, "entering" => 2060)
PRICE_REJECT Dict{String, Any}("cached" => -2.743326095537045e-17, "iteration" => 272, "direction_norm" => 1.0000000000000016, "price_tolerance" => 0.0, "implied_dot" => 1.5624880493306904e-16, "nonzero_basic_costs" => 2, "basis_updates" => 0, "entering" => 361)
PRICE_REJECT Dict{String, Any}("cached" => -7.882838648454061e-17, "iteration" => 272, "direction_norm" => 1.9999999999999942, "price_tolerance" => 0.0, "implied_dot" => 4.4408920985006173e-16, "nonzero_basic_costs" => 2, "basis_updates" => 0, "entering" => 1331)
PRICE_REJECT Dict{String, Any}("cached" => -8.255511781345329e-17, "iteration" => 272, "direction_norm" => 1.8863636363636354, "price_tolerance" => 0.0, "implied_dot" => -3.280204390937966e-16, "nonzero_basic_costs" => 2, "basis_updates" => 0, "entering" => 1238)
PRICE_REJECT Dict{String, Any}("cached" => -8.255511781345309e-17, "iteration" => 272, "direction_norm" => 1.8863636363636354, "price_tolerance" => 0.0, "implied_dot" => -3.280204390937966e-16, "nonzero_basic_costs" => 2, "basis_updates" => 0, "entering" => 1213)
PRICE_REJECT Dict{String, Any}("cached" => -7.065055611251039e-17, "iteration" => 272, "direction_norm" => 2.0909090909090917, "price_tolerance" => 0.0, "implied_dot" => -1.5139404881252129e-16, "nonzero_basic_costs" => 2, "basis_updates" => 0, "entering" => 1459)
PRICE_REJECT Dict{String, Any}("cached" => -1.6455429190981854e-16, "iteration" => 272, "direction_norm" => 4.181818181818174, "price_tolerance" => 0.0, "implied_dot" => -3.0783456591879476e-16, "nonzero_basic_costs" => 2, "basis_updates" => 0, "entering" => 1011)
PRICE_REJECT Dict{String, Any}("cached" => -1.2975829071787849e-16, "iteration" => 272, "direction_norm" => 3.181818181818178, "price_tolerance" => 0.0, "implied_dot" => 1.1354553660939092e-15, "nonzero_basic_costs" => 2, "basis_updates" => 0, "entering" => 618)
PRICE_REJECT Dict{String, Any}("cached" => -5.494244883339819e-17, "iteration" => 272, "direction_norm" => 1.2954545454545452, "price_tolerance" => 0.0, "implied_dot" => -1.2426928173361123e-16, "nonzero_basic_costs" => 2, "basis_updates" => 0, "entering" => 787)
PRICE_REJECT Dict{String, Any}("cached" => -4.791501721383529e-17, "iteration" => 272, "direction_norm" => 1.5454545454545432, "price_tolerance" => 0.0, "implied_dot" => 1.3120817563751819e-16, "nonzero_basic_costs" => 2, "basis_updates" => 0, "entering" => 1491)
PRICE_REJECT Dict{String, Any}("cached" => -4.791501721383529e-17, "iteration" => 272, "direction_norm" => 1.5454545454545432, "price_tolerance" => 0.0, "implied_dot" => 1.3120817563751819e-16, "nonzero_basic_costs" => 2, "basis_updates" => 0, "entering" => 1508)
PRICE_REJECT Dict{String, Any}("cached" => -2.331723525328298e-17, "iteration" => 272, "direction_norm" => 0.9999999999999999, "price_tolerance" => 0.0, "implied_dot" => -2.942699157082539e-32, "nonzero_basic_costs" => 2, "basis_updates" => 0, "entering" => 1943)
PRICE_REJECT Dict{String, Any}("cached" => -1.0444907450033602e-16, "iteration" => 272, "direction_norm" => 3.500000000000001, "price_tolerance" => 0.0, "implied_dot" => -1.898733695523708e-16, "nonzero_basic_costs" => 2, "basis_updates" => 0, "entering" => 2610)
PRICE_REJECT Dict{String, Any}("cached" => -4.329614622422716e-17, "iteration" => 272, "direction_norm" => 1.0909090909090895, "price_tolerance" => 0.0, "implied_dot" => 4.037174635000535e-17, "nonzero_basic_costs" => 2, "basis_updates" => 0, "entering" => 2016)
PRICE_REJECT Dict{String, Any}("cached" => -4.329614622422716e-17, "iteration" => 272, "direction_norm" => 1.0909090909090895, "price_tolerance" => 0.0, "implied_dot" => 4.037174635000535e-17, "nonzero_basic_costs" => 2, "basis_updates" => 0, "entering" => 1642)
PRICE_REJECT Dict{String, Any}("cached" => -4.329614622422716e-17, "iteration" => 272, "direction_norm" => 1.0909090909090895, "price_tolerance" => 0.0, "implied_dot" => 4.037174635000535e-17, "nonzero_basic_costs" => 2, "basis_updates" => 0, "entering" => 573)
PRICE_REJECT Dict{String, Any}("cached" => -5.517472001167357e-17, "iteration" => 272, "direction_norm" => 1.5454545454545416, "price_tolerance" => 0.0, "implied_dot" => -7.569702440626019e-17, "nonzero_basic_costs" => 2, "basis_updates" => 0, "entering" => 1073)
PRICE_REJECT Dict{String, Any}("cached" => -4.329614622422716e-17, "iteration" => 272, "direction_norm" => 1.545454545454546, "price_tolerance" => 0.0, "implied_dot" => 4.037174635000535e-17, "nonzero_basic_costs" => 2, "basis_updates" => 0, "entering" => 2208)
PRICE_REJECT Dict{String, Any}("cached" => -4.7190414223653395e-17, "iteration" => 272, "direction_norm" => 1.4545454545454561, "price_tolerance" => 0.0, "implied_dot" => 1.7914962442815013e-16, "nonzero_basic_costs" => 2, "basis_updates" => 0, "entering" => 266)
PRICE_REJECT Dict{String, Any}("cached" => -7.616044416023425e-17, "iteration" => 272, "direction_norm" => 2.295454545454547, "price_tolerance" => 0.0, "implied_dot" => -6.812732196563479e-17, "nonzero_basic_costs" => 2, "basis_updates" => 0, "entering" => 1340)
PRICE_REJECT Dict{String, Any}("cached" => -8.412856296022393e-17, "iteration" => 272, "direction_norm" => 2.1363636363636354, "price_tolerance" => 0.0, "implied_dot" => -1.0092936587501069e-17, "nonzero_basic_costs" => 2, "basis_updates" => 0, "entering" => 925)
PRICE_REJECT Dict{String, Any}("cached" => -4.7190414223653395e-17, "iteration" => 272, "direction_norm" => 1.4545454545454561, "price_tolerance" => 0.0, "implied_dot" => 1.7914962442815013e-16, "nonzero_basic_costs" => 2, "basis_updates" => 0, "entering" => 2192)
PRICE_REJECT Dict{String, Any}("cached" => -4.329614622422716e-17, "iteration" => 272, "direction_norm" => 1.5454545454545465, "price_tolerance" => 0.0, "implied_dot" => 4.037174635000535e-17, "nonzero_basic_costs" => 2, "basis_updates" => 0, "entering" => 138)
PRICE_REJECT Dict{String, Any}("cached" => -8.412856296022393e-17, "iteration" => 272, "direction_norm" => 2.1363636363636354, "price_tolerance" => 0.0, "implied_dot" => -1.766263902812746e-16, "nonzero_basic_costs" => 2, "basis_updates" => 0, "entering" => 1422)
PRICE_REJECT Dict{String, Any}("cached" => -7.616044416023406e-17, "iteration" => 272, "direction_norm" => 2.295454545454547, "price_tolerance" => 0.0, "implied_dot" => -6.812732196563479e-17, "nonzero_basic_costs" => 2, "basis_updates" => 0, "entering" => 847)
PRICE_REJECT Dict{String, Any}("cached" => -7.692515162323626e-17, "iteration" => 272, "direction_norm" => 2.0909090909090877, "price_tolerance" => 0.0, "implied_dot" => 1.1575336648790738e-16, "nonzero_basic_costs" => 2, "basis_updates" => 0, "entering" => 2568)
PRICE_REJECT Dict{String, Any}("cached" => -3.536470358979989e-17, "iteration" => 272, "direction_norm" => 1.2954545454545436, "price_tolerance" => 0.0, "implied_dot" => -6.308085367188421e-17, "nonzero_basic_costs" => 2, "basis_updates" => 0, "entering" => 1825)
PRICE_REJECT Dict{String, Any}("cached" => -6.801034274402607e-17, "iteration" => 272, "direction_norm" => 2.4772727272727253, "price_tolerance" => 0.0, "implied_dot" => 2.9521839518441604e-16, "nonzero_basic_costs" => 2, "basis_updates" => 0, "entering" => 1260)
PRICE_REJECT Dict{String, Any}("cached" => -3.536470358979989e-17, "iteration" => 272, "direction_norm" => 1.2954545454545436, "price_tolerance" => 0.0, "implied_dot" => -6.308085367188421e-17, "nonzero_basic_costs" => 2, "basis_updates" => 0, "entering" => 803)
PRICE_REJECT Dict{String, Any}("cached" => -3.536470358979989e-17, "iteration" => 272, "direction_norm" => 1.2954545454545436, "price_tolerance" => 0.0, "implied_dot" => -6.308085367188421e-17, "nonzero_basic_costs" => 2, "basis_updates" => 0, "entering" => 433)
PRICE_REJECT Dict{String, Any}("cached" => -9.361141546453327e-17, "iteration" => 272, "direction_norm" => 2.8181818181818192, "price_tolerance" => 0.0, "implied_dot" => 2.826022244500392e-16, "nonzero_basic_costs" => 2, "basis_updates" => 0, "entering" => 225)
PRICE_REJECT Dict{String, Any}("cached" => -3.330669073875379e-17, "iteration" => 272, "direction_norm" => 1.2954545454545436, "price_tolerance" => 0.0, "implied_dot" => 4.365195074094361e-16, "nonzero_basic_costs" => 2, "basis_updates" => 0, "entering" => 91)
PRICE_REJECT Dict{String, Any}("cached" => -3.330669073875379e-17, "iteration" => 272, "direction_norm" => 1.2954545454545436, "price_tolerance" => 0.0, "implied_dot" => 2.6998605371566266e-16, "nonzero_basic_costs" => 2, "basis_updates" => 0, "entering" => 2114)
PRICE_REJECT Dict{String, Any}("cached" => -7.718565592016816e-17, "iteration" => 272, "direction_norm" => 3.045454545454539, "price_tolerance" => 0.0, "implied_dot" => 7.973419904126115e-16, "nonzero_basic_costs" => 2, "basis_updates" => 0, "entering" => 1930)
PRICE_REJECT Dict{String, Any}("cached" => -3.330669073875379e-17, "iteration" => 272, "direction_norm" => 1.2954545454545436, "price_tolerance" => 0.0, "implied_dot" => 4.365195074094361e-16, "nonzero_basic_costs" => 2, "basis_updates" => 0, "entering" => 125)
PRICE_REJECT Dict{String, Any}("cached" => -7.718565592016816e-17, "iteration" => 272, "direction_norm" => 3.045454545454539, "price_tolerance" => 0.0, "implied_dot" => 7.973419904126115e-16, "nonzero_basic_costs" => 2, "basis_updates" => 0, "entering" => 1250)
PRICE_REJECT Dict{String, Any}("cached" => -7.718565592016816e-17, "iteration" => 272, "direction_norm" => 3.0454545454545388, "price_tolerance" => 0.0, "implied_dot" => -4.2390333667506063e-16, "nonzero_basic_costs" => 2, "basis_updates" => 0, "entering" => 2148)
PRICE_REJECT Dict{String, Any}("cached" => -3.330669073875359e-17, "iteration" => 272, "direction_norm" => 1.2954545454545436, "price_tolerance" => 0.0, "implied_dot" => 2.6998605371566266e-16, "nonzero_basic_costs" => 2, "basis_updates" => 0, "entering" => 2256)
PRICE_REJECT Dict{String, Any}("cached" => -5.494244883339819e-17, "iteration" => 272, "direction_norm" => 1.9999999999999996, "price_tolerance" => 0.0, "implied_dot" => -1.3120817563751848e-16, "nonzero_basic_costs" => 2, "basis_updates" => 0, "entering" => 657)
PRICE_REJECT Dict{String, Any}("cached" => -5.494244883339819e-17, "iteration" => 272, "direction_norm" => 1.9999999999999996, "price_tolerance" => 0.0, "implied_dot" => -1.3120817563751848e-16, "nonzero_basic_costs" => 2, "basis_updates" => 0, "entering" => 1219)
PRICE_REJECT Dict{String, Any}("cached" => -7.38583291097672e-17, "iteration" => 272, "direction_norm" => 2.454545454545452, "price_tolerance" => 0.0, "implied_dot" => 2.573698829812859e-16, "nonzero_basic_costs" => 2, "basis_updates" => 0, "entering" => 2603)
PRICE_REJECT Dict{String, Any}("cached" => -5.897962346839805e-17, "iteration" => 272, "direction_norm" => 2.0909090909090917, "price_tolerance" => 0.0, "implied_dot" => -1.4098570795666042e-16, "nonzero_basic_costs" => 2, "basis_updates" => 0, "entering" => 485)
PRICE_REJECT Dict{String, Any}("cached" => -6.130865409198585e-17, "iteration" => 272, "direction_norm" => 2.09090909090909, "price_tolerance" => 0.0, "implied_dot" => 9.588289758126319e-17, "nonzero_basic_costs" => 2, "basis_updates" => 0, "entering" => 1114)
PRICE_REJECT Dict{String, Any}("cached" => -6.130865409198585e-17, "iteration" => 272, "direction_norm" => 2.09090909090909, "price_tolerance" => 0.0, "implied_dot" => 9.588289758126319e-17, "nonzero_basic_costs" => 2, "basis_updates" => 0, "entering" => 1594)
PRICE_REJECT Dict{String, Any}("cached" => -7.129810957745902e-17, "iteration" => 272, "direction_norm" => 2.636363636363633, "price_tolerance" => 0.0, "implied_dot" => 3.381133756812972e-16, "nonzero_basic_costs" => 2, "basis_updates" => 0, "entering" => 1531)
PRICE_REJECT Dict{String, Any}("cached" => -2.331723525328298e-17, "iteration" => 272, "direction_norm" => 1.0, "price_tolerance" => 0.0, "implied_dot" => -6.483380530969029e-32, "nonzero_basic_costs" => 2, "basis_updates" => 0, "entering" => 1607)
PRICE_REJECT Dict{String, Any}("cached" => -3.9065447005215685e-17, "iteration" => 272, "direction_norm" => 1.999999999999996, "price_tolerance" => 0.0, "implied_dot" => 1.6653345369377402e-16, "nonzero_basic_costs" => 2, "basis_updates" => 0, "entering" => 502)
PRICE_REJECT Dict{String, Any}("cached" => -3.330669073875596e-17, "iteration" => 272, "direction_norm" => 2.04545454545454, "price_tolerance" => 0.0, "implied_dot" => 2.144749024844046e-16, "nonzero_basic_costs" => 2, "basis_updates" => 0, "entering" => 732)
PRICE_REJECT Dict{String, Any}("cached" => -3.330669073875596e-17, "iteration" => 272, "direction_norm" => 2.04545454545454, "price_tolerance" => 0.0, "implied_dot" => 2.144749024844046e-16, "nonzero_basic_costs" => 2, "basis_updates" => 0, "entering" => 2287)
PRICE_REJECT Dict{String, Any}("cached" => -4.346368289474131e-17, "iteration" => 272, "direction_norm" => 1.545454545454545, "price_tolerance" => 0.0, "implied_dot" => -9.638754441063857e-16, "nonzero_basic_costs" => 2, "basis_updates" => 0, "entering" => 947)
PRICE_REJECT Dict{String, Any}("cached" => -2.331723525328298e-17, "iteration" => 272, "direction_norm" => 1.0, "price_tolerance" => 0.0, "implied_dot" => -6.483380530969029e-32, "nonzero_basic_costs" => 2, "basis_updates" => 0, "entering" => 422)
PRICE_REJECT Dict{String, Any}("cached" => -2.721150325270724e-17, "iteration" => 272, "direction_norm" => 1.0, "price_tolerance" => 0.0, "implied_dot" => 1.9605975001166037e-16, "nonzero_basic_costs" => 2, "basis_updates" => 0, "entering" => 293)
PRICE_REJECT Dict{String, Any}("cached" => -2.721150325270724e-17, "iteration" => 272, "direction_norm" => 1.0, "price_tolerance" => 0.0, "implied_dot" => 1.9605975001166037e-16, "nonzero_basic_costs" => 2, "basis_updates" => 0, "entering" => 93)
PRICE_REJECT Dict{String, Any}("cached" => -2.7211503252707043e-17, "iteration" => 272, "direction_norm" => 1.0, "price_tolerance" => 0.0, "implied_dot" => 1.9605975001166037e-16, "nonzero_basic_costs" => 2, "basis_updates" => 0, "entering" => 237)
PRICE_REJECT Dict{String, Any}("cached" => -7.367843708876102e-17, "iteration" => 272, "direction_norm" => 3.6363636363636296, "price_tolerance" => 0.0, "implied_dot" => 4.491356781438125e-16, "nonzero_basic_costs" => 2, "basis_updates" => 0, "entering" => 1617)
PRICE_REJECT Dict{String, Any}("cached" => -4.0367679436487395e-17, "iteration" => 272, "direction_norm" => 2.1818181818181808, "price_tolerance" => 0.0, "implied_dot" => 3.027880976250423e-16, "nonzero_basic_costs" => 2, "basis_updates" => 0, "entering" => 157)
PRICE_REJECT Dict{String, Any}("cached" => -3.7348241507146593e-17, "iteration" => 272, "direction_norm" => 1.9999999999999964, "price_tolerance" => 0.0, "implied_dot" => 2.2204460492503077e-16, "nonzero_basic_costs" => 2, "basis_updates" => 0, "entering" => 305)
PRICE_REJECT Dict{String, Any}("cached" => -3.9065447005215685e-17, "iteration" => 272, "direction_norm" => 1.9999999999999976, "price_tolerance" => 0.0, "implied_dot" => 1.6653345369377402e-16, "nonzero_basic_costs" => 2, "basis_updates" => 0, "entering" => 2337)
PRICE_REJECT Dict{String, Any}("cached" => -3.330669073875596e-17, "iteration" => 272, "direction_norm" => 1.5454545454545436, "price_tolerance" => 0.0, "implied_dot" => 1.8671932686877606e-16, "nonzero_basic_costs" => 2, "basis_updates" => 0, "entering" => 510)
PRICE_REJECT Dict{String, Any}("cached" => -7.367843708876102e-17, "iteration" => 272, "direction_norm" => 3.6363636363636296, "price_tolerance" => 0.0, "implied_dot" => 4.491356781438125e-16, "nonzero_basic_costs" => 2, "basis_updates" => 0, "entering" => 1789)
PRICE_REJECT Dict{String, Any}("cached" => -7.58412284208573e-17, "iteration" => 272, "direction_norm" => 3.2727272727272707, "price_tolerance" => 0.0, "implied_dot" => 6.207156001313368e-16, "nonzero_basic_costs" => 2, "basis_updates" => 0, "entering" => 1560)
PRICE_REJECT Dict{String, Any}("cached" => -5.1151661936001676e-17, "iteration" => 272, "direction_norm" => 2.5909090909090917, "price_tolerance" => 0.0, "implied_dot" => 6.913661562438474e-16, "nonzero_basic_costs" => 2, "basis_updates" => 0, "entering" => 771)
PRICE_REJECT Dict{String, Any}("cached" => -4.753784291517589e-17, "iteration" => 272, "direction_norm" => 2.2272727272727275, "price_tolerance" => 0.0, "implied_dot" => 2.1952137077815586e-16, "nonzero_basic_costs" => 2, "basis_updates" => 0, "entering" => 942)
PRICE_REJECT Dict{String, Any}("cached" => -4.786389510256793e-17, "iteration" => 272, "direction_norm" => 2.2727272727272703, "price_tolerance" => 0.0, "implied_dot" => 5.147397659625722e-16, "nonzero_basic_costs" => 2, "basis_updates" => 0, "entering" => 167)
PRICE_REJECT Dict{String, Any}("cached" => -5.675740142154888e-17, "iteration" => 272, "direction_norm" => 3.3863636363636327, "price_tolerance" => 0.0, "implied_dot" => 5.046468293750703e-16, "nonzero_basic_costs" => 2, "basis_updates" => 0, "entering" => 2541)
PRICE_REJECT Dict{String, Any}("cached" => -2.1982702789838265e-17, "iteration" => 272, "direction_norm" => 1.0454545454545459, "price_tolerance" => 0.0, "implied_dot" => -3.532527805625499e-16, "nonzero_basic_costs" => 2, "basis_updates" => 0, "entering" => 1343)
PRICE_REJECT Dict{String, Any}("cached" => -2.1982702789838265e-17, "iteration" => 272, "direction_norm" => 1.0454545454545443, "price_tolerance" => 0.0, "implied_dot" => -7.569702440626052e-17, "nonzero_basic_costs" => 2, "basis_updates" => 0, "entering" => 2427)
PRICE_REJECT Dict{String, Any}("cached" => -4.434161188570884e-17, "iteration" => 272, "direction_norm" => 2.6363636363636354, "price_tolerance" => 0.0, "implied_dot" => 1.0042471904563915e-15, "nonzero_basic_costs" => 2, "basis_updates" => 0, "entering" => 653)
PRICE_REJECT Dict{String, Any}("cached" => -3.3875393136615396e-17, "iteration" => 272, "direction_norm" => 2.0909090909090895, "price_tolerance" => 0.0, "implied_dot" => 6.509944098938414e-16, "nonzero_basic_costs" => 2, "basis_updates" => 0, "entering" => 1031)
PRICE_REJECT Dict{String, Any}("cached" => -9.98945548547357e-18, "iteration" => 272, "direction_norm" => 0.5454545454545462, "price_tolerance" => 0.0, "implied_dot" => 1.537595808252171e-16, "nonzero_basic_costs" => 2, "basis_updates" => 0, "entering" => 1436)
PRICE_REJECT Dict{String, Any}("cached" => -9.98945548547357e-18, "iteration" => 272, "direction_norm" => 0.7272727272727271, "price_tolerance" => 0.0, "implied_dot" => 1.537595808252171e-16, "nonzero_basic_costs" => 2, "basis_updates" => 0, "entering" => 2537)
PRICE_REJECT Dict{String, Any}("cached" => -9.989455485473176e-18, "iteration" => 272, "direction_norm" => 0.7727272727272729, "price_tolerance" => 0.0, "implied_dot" => 1.8671932686877638e-16, "nonzero_basic_costs" => 2, "basis_updates" => 0, "entering" => 2419)
PRICE_REJECT Dict{String, Any}("cached" => -9.98945548547357e-18, "iteration" => 272, "direction_norm" => 1.0000000000000002, "price_tolerance" => 0.0, "implied_dot" => 1.537595808252171e-16, "nonzero_basic_costs" => 2, "basis_updates" => 0, "entering" => 1002)
PRICE_REJECT Dict{String, Any}("cached" => -9.98945548547357e-18, "iteration" => 272, "direction_norm" => 1.0, "price_tolerance" => 0.0, "implied_dot" => 1.537595808252171e-16, "nonzero_basic_costs" => 2, "basis_updates" => 0, "entering" => 1936)
PRICE_REJECT Dict{String, Any}("cached" => -9.989455485473176e-18, "iteration" => 272, "direction_norm" => 0.7727272727272729, "price_tolerance" => 0.0, "implied_dot" => 1.8671932686877638e-16, "nonzero_basic_costs" => 2, "basis_updates" => 0, "entering" => 641)
PRICE_REJECT Dict{String, Any}("cached" => -1.2549675017781552e-17, "iteration" => 272, "direction_norm" => 1.1818181818181828, "price_tolerance" => 0.0, "implied_dot" => 9.209804636095071e-17, "nonzero_basic_costs" => 2, "basis_updates" => 0, "entering" => 2045)
PRICE_REJECT Dict{String, Any}("cached" => -1.2549675017781552e-17, "iteration" => 272, "direction_norm" => 1.1818181818181828, "price_tolerance" => 0.0, "implied_dot" => 9.209804636095071e-17, "nonzero_basic_costs" => 2, "basis_updates" => 0, "entering" => 1681)
PRICE_REJECT Dict{String, Any}("cached" => -9.989455485473176e-18, "iteration" => 272, "direction_norm" => 1.0, "price_tolerance" => 0.0, "implied_dot" => 1.8671932686877638e-16, "nonzero_basic_costs" => 2, "basis_updates" => 0, "entering" => 2534)
PRICE_REJECT Dict{String, Any}("cached" => -9.989455485473373e-18, "iteration" => 272, "direction_norm" => 1.0, "price_tolerance" => 0.0, "implied_dot" => 1.8671932686877638e-16, "nonzero_basic_costs" => 2, "basis_updates" => 0, "entering" => 822)
PRICE_REJECT Dict{String, Any}("cached" => -9.98945548547357e-18, "iteration" => 272, "direction_norm" => 1.0, "price_tolerance" => 0.0, "implied_dot" => 1.537595808252171e-16, "nonzero_basic_costs" => 2, "basis_updates" => 0, "entering" => 1704)
PRICE_REJECT Dict{String, Any}("cached" => -9.98945548547357e-18, "iteration" => 272, "direction_norm" => 1.0, "price_tolerance" => 0.0, "implied_dot" => 1.537595808252171e-16, "nonzero_basic_costs" => 2, "basis_updates" => 0, "entering" => 1882)
PRICE_REJECT Dict{String, Any}("cached" => -1.2549675017781552e-17, "iteration" => 272, "direction_norm" => 1.1818181818181828, "price_tolerance" => 0.0, "implied_dot" => 9.209804636095071e-17, "nonzero_basic_costs" => 2, "basis_updates" => 0, "entering" => 761)
PRICE_REJECT Dict{String, Any}("cached" => -9.989455485473373e-18, "iteration" => 272, "direction_norm" => 1.0, "price_tolerance" => 0.0, "implied_dot" => 1.8671932686877638e-16, "nonzero_basic_costs" => 2, "basis_updates" => 0, "entering" => 1159)
PRICE_REJECT Dict{String, Any}("cached" => -9.989455485473176e-18, "iteration" => 272, "direction_norm" => 0.9999999999999999, "price_tolerance" => 0.0, "implied_dot" => 1.2600400520958806e-16, "nonzero_basic_costs" => 2, "basis_updates" => 0, "entering" => 1102)
PRICE_REJECT Dict{String, Any}("cached" => -9.989455485473176e-18, "iteration" => 272, "direction_norm" => 1.0, "price_tolerance" => 0.0, "implied_dot" => 1.2600400520958806e-16, "nonzero_basic_costs" => 2, "basis_updates" => 0, "entering" => 644)
PRICE_REJECT Dict{String, Any}("cached" => -3.1663960174380546e-17, "iteration" => 272, "direction_norm" => 2.727272727272724, "price_tolerance" => 0.0, "implied_dot" => -2.0185873175002804e-16, "nonzero_basic_costs" => 2, "basis_updates" => 0, "entering" => 1285)
PRICE_REJECT Dict{String, Any}("cached" => -9.989455485473373e-18, "iteration" => 272, "direction_norm" => 1.0, "price_tolerance" => 0.0, "implied_dot" => 1.537595808252171e-16, "nonzero_basic_costs" => 2, "basis_updates" => 0, "entering" => 659)
PRICE_REJECT Dict{String, Any}("cached" => -1.6109273006457884e-17, "iteration" => 272, "direction_norm" => 1.0, "price_tolerance" => 0.0, "implied_dot" => 1.5026644966996128e-16, "nonzero_basic_costs" => 2, "basis_updates" => 0, "entering" => 779)
PRICE_REJECT Dict{String, Any}("cached" => -2.1982702789838265e-17, "iteration" => 272, "direction_norm" => 1.7500000000000018, "price_tolerance" => 0.0, "implied_dot" => -1.6590264515705507e-16, "nonzero_basic_costs" => 2, "basis_updates" => 0, "entering" => 1741)
PRICE_REJECT Dict{String, Any}("cached" => -9.989455485473373e-18, "iteration" => 272, "direction_norm" => 1.0, "price_tolerance" => 0.0, "implied_dot" => 1.8671932686877638e-16, "nonzero_basic_costs" => 2, "basis_updates" => 0, "entering" => 2052)
PRICE_REJECT Dict{String, Any}("cached" => -1.95777452435983e-17, "iteration" => 272, "direction_norm" => 2.0909090909090917, "price_tolerance" => 0.0, "implied_dot" => -1.0976068538907788e-16, "nonzero_basic_costs" => 2, "basis_updates" => 0, "entering" => 1987)
PRICE_REJECT Dict{String, Any}("cached" => -1.7127009712116937e-17, "iteration" => 272, "direction_norm" => 1.863636363636364, "price_tolerance" => 0.0, "implied_dot" => 9.335966343438823e-17, "nonzero_basic_costs" => 2, "basis_updates" => 0, "entering" => 2561)
PRICE_REJECT Dict{String, Any}("cached" => -1.6975660029632894e-17, "iteration" => 272, "direction_norm" => 3.09090909090909, "price_tolerance" => 0.0, "implied_dot" => -6.509944098938416e-16, "nonzero_basic_costs" => 2, "basis_updates" => 0, "entering" => 1721)
PRICE_REJECT Dict{String, Any}("cached" => -4.037174634999856e-18, "iteration" => 272, "direction_norm" => 1.2954545454545436, "price_tolerance" => 0.0, "implied_dot" => 2.296143073656577e-16, "nonzero_basic_costs" => 2, "basis_updates" => 0, "entering" => 2038)
PRICE_REJECT Dict{String, Any}("cached" => -4.037174634999856e-18, "iteration" => 272, "direction_norm" => 1.5454545454545454, "price_tolerance" => 0.0, "implied_dot" => -4.035597613658772e-16, "nonzero_basic_costs" => 2, "basis_updates" => 0, "entering" => 1353)
PRICE_REJECT Dict{String, Any}("cached" => -4.174387591646927e-18, "iteration" => 272, "direction_norm" => 3.204545454545456, "price_tolerance" => 0.0, "implied_dot" => -1.444551549086146e-16, "nonzero_basic_costs" => 2, "basis_updates" => 0, "entering" => 1992)
PRICE_REJECT Dict{String, Any}("cached" => -3.700743415415992e-18, "iteration" => 272, "direction_norm" => 2.5454545454545405, "price_tolerance" => 0.0, "implied_dot" => -2.9774162933129127e-16, "nonzero_basic_costs" => 2, "basis_updates" => 0, "entering" => 1769)
PRICE_REJECT Dict{String, Any}("cached" => -2.2175770266340612e-19, "iteration" => 272, "direction_norm" => 0.9999999999999997, "price_tolerance" => 0.0, "implied_dot" => -2.7672900667357723e-17, "nonzero_basic_costs" => 2, "basis_updates" => 0, "entering" => 1884)
PRICE_REJECT Dict{String, Any}("cached" => -2.217577026632089e-19, "iteration" => 272, "direction_norm" => 0.9999999999999997, "price_tolerance" => 0.0, "implied_dot" => -2.7672900667357723e-17, "nonzero_basic_costs" => 2, "basis_updates" => 0, "entering" => 1093)
PRICE_REJECT Dict{String, Any}("cached" => -2.2175770266340612e-19, "iteration" => 272, "direction_norm" => 1.0, "price_tolerance" => 0.0, "implied_dot" => -2.7672900667357723e-17, "nonzero_basic_costs" => 2, "basis_updates" => 0, "entering" => 927)
PRICE_REJECT Dict{String, Any}("cached" => -2.217577026632089e-19, "iteration" => 272, "direction_norm" => 1.0, "price_tolerance" => 0.0, "implied_dot" => -2.7672900667357723e-17, "nonzero_basic_costs" => 2, "basis_updates" => 0, "entering" => 870)
PRICE_REJECT Dict{String, Any}("cached" => 1.9721522630525295e-31, "iteration" => 272, "direction_norm" => 1.0, "price_tolerance" => 0.0, "implied_dot" => 1.38071668558525e-32, "nonzero_basic_costs" => 2, "basis_updates" => 0, "entering" => 48)
PRICE_REJECT Dict{String, Any}("cached" => -1.9721522630525295e-31, "iteration" => 272, "direction_norm" => 1.0, "price_tolerance" => 0.0, "implied_dot" => 0.0, "nonzero_basic_costs" => 2, "basis_updates" => 0, "entering" => 1186)
PRICE_REJECT Dict{String, Any}("cached" => -1.9721522630525295e-31, "iteration" => 272, "direction_norm" => 1.0, "price_tolerance" => 0.0, "implied_dot" => 0.0, "nonzero_basic_costs" => 2, "basis_updates" => 0, "entering" => 2305)
PRICE_REJECT Dict{String, Any}("cached" => -1.9721522630525295e-31, "iteration" => 272, "direction_norm" => 1.0, "price_tolerance" => 0.0, "implied_dot" => 0.0, "nonzero_basic_costs" => 2, "basis_updates" => 0, "entering" => 1587)
PRICE_REJECT Dict{String, Any}("cached" => -1.9721522630525295e-31, "iteration" => 272, "direction_norm" => 1.0, "price_tolerance" => 0.0, "implied_dot" => 2.4231700391199397e-33, "nonzero_basic_costs" => 2, "basis_updates" => 0, "entering" => 896)
PRICE_REJECT Dict{String, Any}("cached" => -1.9721522630525295e-31, "iteration" => 272, "direction_norm" => 1.0, "price_tolerance" => 0.0, "implied_dot" => -1.38071668558525e-32, "nonzero_basic_costs" => 2, "basis_updates" => 0, "entering" => 1256)
PRICE_REJECT Dict{String, Any}("cached" => -1.9721522630525295e-31, "iteration" => 272, "direction_norm" => 1.0, "price_tolerance" => 0.0, "implied_dot" => 1.554750718741695e-32, "nonzero_basic_costs" => 2, "basis_updates" => 0, "entering" => 1548)
PRICE_REJECT Dict{String, Any}("cached" => -1.9721522630525295e-31, "iteration" => 272, "direction_norm" => 1.0, "price_tolerance" => 0.0, "implied_dot" => 1.554750718741695e-32, "nonzero_basic_costs" => 2, "basis_updates" => 0, "entering" => 1528)
PRICE_REJECT Dict{String, Any}("cached" => -1.9721522630525295e-31, "iteration" => 272, "direction_norm" => 1.0, "price_tolerance" => 0.0, "implied_dot" => 1.554750718741695e-32, "nonzero_basic_costs" => 2, "basis_updates" => 0, "entering" => 512)
PRICE_REJECT Dict{String, Any}("cached" => -1.9721522630525295e-31, "iteration" => 272, "direction_norm" => 1.0, "price_tolerance" => 0.0, "implied_dot" => -1.38071668558525e-32, "nonzero_basic_costs" => 2, "basis_updates" => 0, "entering" => 1779)
PRICE_REJECT Dict{String, Any}("cached" => -1.9721522630525295e-31, "iteration" => 272, "direction_norm" => 1.0, "price_tolerance" => 0.0, "implied_dot" => 1.3244092488843738e-49, "nonzero_basic_costs" => 2, "basis_updates" => 0, "entering" => 1806)
PRICE_REJECT Dict{String, Any}("cached" => -1.9721522630525295e-31, "iteration" => 272, "direction_norm" => 1.0, "price_tolerance" => 0.0, "implied_dot" => 0.0, "nonzero_basic_costs" => 2, "basis_updates" => 0, "entering" => 2486)
DONE 1 miplib/mod010 permuted NUMERICAL_ERROR passed=false iterations=272 coverage=Dict("component_proposals" => 0, "original_retry_blocked" => 1, "export_attempts" => 0, "component_certified" => 0, "component_attempts" => 0, "local_attempts" => 0)
