PFI:
Activating project at `C:\Users\jiris\OneDrive\Simplex_tests`
[ Info: Loaded problem: rows=43021 columns=47148 nnz=277210
[ Info: Starting presolve
[ Info: After presolve: rows=28453 columns=31615 nnz=211789
[ Info: iter=80 obj=-77795.80768288011 pinf=246.1482611475381 (370) dinf=0.0 (0) time=4.0413313s
[ Info: iter=160 obj=-12567.36562365837 pinf=125.28552036200347 (292) dinf=0.0 (0) time=4.1718912s
[ Info: iter=240 obj=-817.3518407489901 pinf=22.679308522596607 (156) dinf=0.0 (0) time=4.3062743s
[ Info: iter=257 obj=-7.509524188788395e6 pinf=383149.01107378054 (3089) dinf=36998.32632978309 (226) time=4.342768s
[ Info: iter=337 obj=-7.808027941838834e6 pinf=109599.0643979763 (3016) dinf=0.0 (0) time=4.5236485s
[ Info: iter=417 obj=-2.2853844035067065e6 pinf=60074.314304500804 (2933) dinf=0.0 (0) time=4.659341s
[ Info: iter=497 obj=-535050.3445318134 pinf=52318.74765579776 (2940) dinf=0.0 (0) time=4.7981639s
[ Info: iter=577 obj=122084.08133958356 pinf=44372.84416298015 (2928) dinf=0.0 (0) time=4.9375852s
[ Info: iter=657 obj=665290.614742882 pinf=45840.522811359355 (3079) dinf=0.0 (0) time=5.1994744s
[ Info: iter=737 obj=1.8908270646782801e6 pinf=60594.25151593979 (3177) dinf=0.0 (0) time=5.3448317s
[ Info: iter=817 obj=2.6006339619362247e6 pinf=250604.98091050948 (3268) dinf=0.0 (0) time=5.4876226s
[ Info: iter=897 obj=3.0654598890286074e6 pinf=2.5958802127028923e6 (3306) dinf=0.0 (0) time=5.6362596s
[ Info: iter=977 obj=3.304762128348941e6 pinf=9.970886103024617e6 (3363) dinf=0.0 (0) time=5.781558s
[ Info: iter=1057 obj=4.130194287458476e6 pinf=1.541737662455428e7 (3481) dinf=0.0 (0) time=5.93029s
[ Info: iter=1137 obj=4.320714005546367e6 pinf=8.558734907690307e6 (3514) dinf=0.0 (0) time=6.0849086s
[ Info: iter=1217 obj=4.565173759678008e6 pinf=1.1240035059762397e6 (3580) dinf=0.0 (0) time=6.9119692s
[ Info: iter=1297 obj=5.242062040097021e6 pinf=1.0098867059471649e6 (3602) dinf=0.0 (0) time=7.0657567s
[ Info: iter=1377 obj=5.579413992294515e6 pinf=1.0061589141546653e6 (3677) dinf=0.0 (0) time=7.2179638s
[ Info: iter=1457 obj=5.72961899454938e6 pinf=1.0117131838331859e6 (3714) dinf=0.0 (0) time=7.3684006s
[ Info: iter=1537 obj=6.064452165063222e6 pinf=1.1516209610098153e6 (3752) dinf=0.0 (0) time=7.5260696s
[ Info: iter=1617 obj=6.149975801050383e6 pinf=1.0416484040136556e6 (3774) dinf=0.0 (0) time=7.6911876s
[ Info: iter=1697 obj=6.160607725922343e6 pinf=1.2512314521690712e6 (3801) dinf=0.0 (0) time=7.8435178s
[ Info: iter=1777 obj=6.173822650909106e6 pinf=1.0347691313981856e6 (3827) dinf=0.0 (0) time=8.0031119s
[ Info: iter=1857 obj=6.554803785476937e6 pinf=1.0660125711253877e6 (3876) dinf=0.0 (0) time=8.1641142s
[ Info: iter=1937 obj=6.656388781973911e6 pinf=1.0529338549357012e6 (3884) dinf=0.0 (0) time=8.3282452s
[ Info: iter=2017 obj=6.707410848421162e6 pinf=1.1573820844355272e6 (3909) dinf=0.0 (0) time=8.4963954s
[ Info: iter=2097 obj=6.720336323887582e6 pinf=1.1562607208350275e6 (3918) dinf=0.0 (0) time=8.6629419s
[ Info: iter=2177 obj=6.798675616057817e6 pinf=466968.9773334454 (3924) dinf=0.0 (0) time=8.8418604s
[ Info: iter=2257 obj=6.949367051971971e6 pinf=1.0493769355691262e6 (3966) dinf=0.0 (0) time=9.0254483s
[ Info: iter=2337 obj=6.98719352190961e6 pinf=1.0487657745346983e6 (3992) dinf=0.0 (0) time=9.206555s
[ Info: iter=2417 obj=6.98719352190961e6 pinf=1.0594213543941614e6 (4018) dinf=0.0 (0) time=9.3832127s
[ Info: iter=2497 obj=7.000574116812873e6 pinf=3.5968864941452118e6 (4067) dinf=0.0 (0) time=9.5611402s
[ Info: iter=2577 obj=7.105277112188671e6 pinf=1.1835929702873286e6 (4087) dinf=0.0 (0) time=9.7348688s
[ Info: iter=2657 obj=7.2520594800657015e6 pinf=1.0879210330400702e6 (4069) dinf=0.0 (0) time=9.9132816s
[ Info: iter=2737 obj=7.638198529358612e6 pinf=1.2819506152243728e6 (4061) dinf=0.0 (0) time=10.8331271s
[ Info: iter=2817 obj=7.917572337644521e6 pinf=1.2983485460076532e6 (4084) dinf=0.0 (0) time=11.0129435s
[ Info: iter=2897 obj=8.072697226878653e6 pinf=1.300197839025919e6 (4109) dinf=0.0 (0) time=11.2002872s
[ Info: iter=2977 obj=8.716599989785941e6 pinf=1.7802396757402802e6 (4120) dinf=0.0 (0) time=11.3796499s
[ Info: iter=3057 obj=1.0294198968228502e7 pinf=620126.5934803078 (4130) dinf=0.0 (0) time=11.5620041s
[ Info: iter=3137 obj=1.0332616194086786e7 pinf=645347.2684056995 (4144) dinf=0.0 (0) time=11.763862s
[ Info: iter=3217 obj=1.0375199991493203e7 pinf=6.49876504759784e6 (4149) dinf=0.0 (0) time=11.9724105s
[ Info: iter=3297 obj=1.0750410038081797e7 pinf=3.1673796197776785e6 (4167) dinf=0.0 (0) time=12.1565225s
[ Info: iter=3377 obj=1.0889971905529605e7 pinf=3.169121377000663e6 (4201) dinf=0.0 (0) time=12.3400841s
[ Info: iter=3457 obj=1.0954282505739858e7 pinf=3.239225252217717e6 (4192) dinf=0.0 (0) time=12.5301898s
[ Info: iter=3537 obj=1.105647834815067e7 pinf=3.167629724004096e6 (4207) dinf=0.0 (0) time=12.7138358s
[ Info: iter=3617 obj=1.1156157700235514e7 pinf=2.4076869902283386e6 (4210) dinf=0.0 (0) time=12.900679s
[ Info: iter=3697 obj=1.1156157700235514e7 pinf=2.3427219528320646e6 (4225) dinf=0.0 (0) time=13.0852648s
[ Info: iter=3777 obj=1.1216240719189243e7 pinf=2.3173720376037876e6 (4240) dinf=0.0 (0) time=13.280421s
[ Info: iter=3857 obj=1.1231559597418692e7 pinf=2.295712225579589e6 (4271) dinf=0.0 (0) time=13.4707805s
[ Info: iter=3937 obj=1.1676470638233926e7 pinf=1.6985670081303543e6 (4299) dinf=0.0 (0) time=13.656187s
[ Info: iter=4017 obj=1.1678409629101148e7 pinf=1.9214353002207177e6 (4335) dinf=0.0 (0) time=13.8581312s
[ Info: iter=4097 obj=1.1678409629101142e7 pinf=2.003290285504633e6 (4362) dinf=0.0 (0) time=14.0467326s
[ Info: iter=4177 obj=1.1707571611486891e7 pinf=1.862249797501927e6 (4367) dinf=0.0 (0) time=14.2506152s
[ Info: iter=4257 obj=1.3082123961024417e7 pinf=1.2056976788924215e7 (4323) dinf=0.0 (0) time=14.4508612s
[ Info: iter=4337 obj=1.5508089136163628e7 pinf=1.0807389113503486e7 (4368) dinf=0.0 (0) time=14.6490876s
[ Info: iter=4417 obj=1.5657439450161744e7 pinf=6.3514979180948585e6 (4389) dinf=0.0 (0) time=14.8515105s
[ Info: iter=4497 obj=1.5678030143087966e7 pinf=6.415118348968606e6 (4439) dinf=0.0 (0) time=15.0523452s
[ Info: iter=4577 obj=1.5678030143087963e7 pinf=6.409195753841628e6 (4453) dinf=0.0 (0) time=15.2514284s
[ Info: iter=4657 obj=1.5963028355549723e7 pinf=1.5755814568473236e6 (4436) dinf=0.0 (0) time=15.4588995s
[ Info: iter=4737 obj=1.8823590638565905e7 pinf=1.820521044873638e6 (4463) dinf=0.0 (0) time=15.6673782s
[ Info: iter=4817 obj=1.97007194500064e7 pinf=1.8088543779263594e6 (4475) dinf=0.0 (0) time=15.8699184s
[ Info: iter=4897 obj=1.970883094690866e7 pinf=1.8717879568260787e6 (4505) dinf=0.0 (0) time=16.0752399s
[ Info: iter=4977 obj=1.973787188685791e7 pinf=4.189106673949296e7 (4510) dinf=0.0 (0) time=16.3029063s
[ Info: iter=5057 obj=1.9740336835944217e7 pinf=608539.3850231792 (4507) dinf=0.0 (0) time=16.5854668s
[ Info: iter=5137 obj=2.056865007473869e7 pinf=163248.89201071914 (4479) dinf=0.0 (0) time=16.7686466s
[ Info: iter=5217 obj=2.089527055896814e7 pinf=102526.33642526594 (4501) dinf=0.0 (0) time=16.963881s
[ Info: iter=5297 obj=2.1361094849547036e7 pinf=520867.63873603626 (4475) dinf=0.0 (0) time=17.1487488s
[ Info: iter=5377 obj=2.1488518992242597e7 pinf=3.147126796863931e6 (4516) dinf=0.0 (0) time=17.3411575s
[ Info: iter=5457 obj=2.174762192119022e7 pinf=120065.17670166174 (4546) dinf=0.0 (0) time=17.530173s
[ Info: iter=5537 obj=2.1959347840584353e7 pinf=149218.54003501686 (4550) dinf=0.0 (0) time=17.7226845s
[ Info: iter=5617 obj=2.238278733413373e7 pinf=54866.608916639714 (4533) dinf=0.0 (0) time=17.91478s
[ Info: iter=5697 obj=2.2705219614877388e7 pinf=207727.67394744384 (4555) dinf=0.0 (0) time=18.1113801s
[ Info: iter=5777 obj=2.2948130714454696e7 pinf=126859.67254644024 (4591) dinf=0.0 (0) time=19.2315517s
[ Info: iter=5857 obj=2.3098731690317478e7 pinf=64086.08865662192 (4547) dinf=0.0 (0) time=19.4342309s
[ Info: iter=5937 obj=2.3242069955252867e7 pinf=52746.864446474756 (4541) dinf=0.0 (0) time=19.6455405s
[ Info: iter=6017 obj=2.3475212299585946e7 pinf=114380.97223252176 (4575) dinf=0.0 (0) time=19.8428405s
[ Info: iter=6097 obj=2.3740098637285348e7 pinf=138959.0594294509 (4584) dinf=0.0 (0) time=20.0489222s
[ Info: iter=6177 obj=2.3859370276377466e7 pinf=112396.46268594009 (4573) dinf=0.0 (0) time=20.2507756s
[ Info: iter=6257 obj=2.4154413803893767e7 pinf=149463.2463841014 (4540) dinf=0.0 (0) time=20.4584418s
[ Info: iter=6337 obj=2.4320982078017596e7 pinf=360345.8916036994 (4544) dinf=0.0 (0) time=20.6560487s
[ Info: iter=6417 obj=2.4433621142253842e7 pinf=42926.30285438349 (4537) dinf=0.0 (0) time=20.8578565s
[ Info: iter=6497 obj=2.4452106843497004e7 pinf=43628.88812278713 (4598) dinf=0.0 (0) time=21.0687783s
[ Info: iter=6577 obj=2.457009854569813e7 pinf=45133.45854630742 (4628) dinf=0.0 (0) time=21.2755629s
[ Info: iter=6657 obj=2.459062864898115e7 pinf=129944.15842718873 (4720) dinf=0.0 (0) time=21.4739636s
[ Info: iter=6737 obj=2.4619168083863746e7 pinf=111963.06353860961 (4752) dinf=0.0 (0) time=21.6758715s
[ Info: iter=6817 obj=2.4647789600926057e7 pinf=69269.51558995112 (4755) dinf=0.0 (0) time=21.8789942s
[ Info: iter=6897 obj=2.467147501492944e7 pinf=234464.75471974546 (4772) dinf=0.0 (0) time=22.0820667s
[ Info: iter=6977 obj=2.473735801666888e7 pinf=54911.004113681134 (4771) dinf=0.0 (0) time=22.2858394s
[ Info: iter=7057 obj=2.477441850000969e7 pinf=2.009773588526431e6 (4806) dinf=0.0 (0) time=22.4925869s
[ Info: iter=7137 obj=2.4813880558872625e7 pinf=47082.10995977346 (4813) dinf=0.0 (0) time=22.6982439s
[ Info: iter=7217 obj=2.4853839279932104e7 pinf=201579.33601070137 (4919) dinf=0.0 (0) time=22.9120873s
[ Info: iter=7297 obj=2.48762291200089e7 pinf=55383.953692086674 (4930) dinf=0.0 (0) time=23.1228761s
[ Info: iter=7377 obj=2.4899494293983515e7 pinf=47512.39720965125 (4877) dinf=0.0 (0) time=23.335544s
[ Info: iter=7457 obj=2.5121077271634232e7 pinf=78060.78187801957 (4856) dinf=0.0 (0) time=23.5434019s
[ Info: iter=7537 obj=2.556217911435855e7 pinf=79970.77406864558 (4873) dinf=0.0 (0) time=23.7546795s
[ Info: iter=7617 obj=2.5958801144196454e7 pinf=353617.8000783628 (4993) dinf=0.0 (0) time=23.9741838s
[ Info: iter=7697 obj=2.613567439235568e7 pinf=148262.89735401105 (4994) dinf=0.0 (0) time=24.2043351s
[ Info: iter=7777 obj=2.6154183127141904e7 pinf=91980.76028190173 (4932) dinf=0.0 (0) time=24.4200284s
[ Info: iter=7857 obj=2.6186482673498884e7 pinf=774015.285400946 (4997) dinf=0.0 (0) time=24.6392609s
[ Info: iter=7937 obj=2.6583559161020342e7 pinf=664679.0674415666 (4982) dinf=0.0 (0) time=24.8565482s
[ Info: iter=8017 obj=2.700509289718065e7 pinf=1.1817668869899116e6 (4945) dinf=0.0 (0) time=25.0959489s
[ Info: iter=8097 obj=2.8235606251246054e7 pinf=66685.72939682867 (4880) dinf=0.0 (0) time=25.3147008s
[ Info: iter=8177 obj=2.835490452095393e7 pinf=75801.30797215995 (4924) dinf=0.0 (0) time=25.5456403s
[ Info: iter=8257 obj=2.8465423006437507e7 pinf=148168.16739111053 (4917) dinf=0.0 (0) time=25.7629864s
[ Info: iter=8337 obj=2.9901106083876163e7 pinf=185384.49279056722 (4904) dinf=0.0 (0) time=25.9859714s
[ Info: iter=8417 obj=2.998134734266683e7 pinf=96761.27564800525 (4959) dinf=0.0 (0) time=26.2018934s
[ Info: iter=8497 obj=3.021987563415938e7 pinf=81717.59086322083 (4995) dinf=0.0 (0) time=26.4314293s
[ Info: iter=8577 obj=3.045578148815451e7 pinf=84143.90404792839 (5004) dinf=0.0 (0) time=26.6525288s
[ Info: iter=8657 obj=3.046371943325651e7 pinf=40610.85357386793 (4985) dinf=0.0 (0) time=26.8842772s
[ Info: iter=8737 obj=3.0491287615521315e7 pinf=30955.705835830322 (4926) dinf=0.0 (0) time=27.0977754s
[ Info: iter=8817 obj=3.05855593523884e7 pinf=311687.41663066024 (5037) dinf=0.0 (0) time=27.3105951s
[ Info: iter=8897 obj=3.0607215532226283e7 pinf=45532.453405793734 (5042) dinf=0.0 (0) time=27.5269616s
[ Info: iter=8977 obj=3.062073300303751e7 pinf=71722.61471158947 (5044) dinf=0.0 (0) time=27.7556175s
[ Info: iter=9057 obj=3.063357462584103e7 pinf=78919.46792680395 (5037) dinf=0.0 (0) time=27.984095s
[ Info: iter=9137 obj=3.0658873549080964e7 pinf=112800.17603843924 (5142) dinf=0.0 (0) time=28.2086183s
[ Info: iter=9217 obj=3.066923760844892e7 pinf=78783.07080203971 (5097) dinf=0.0 (0) time=28.4385585s
[ Info: iter=9297 obj=3.0716860756229986e7 pinf=84116.76944296197 (5131) dinf=0.0 (0) time=28.6765422s
[ Info: iter=9377 obj=3.0731818717134837e7 pinf=120362.89529240399 (5096) dinf=0.0 (0) time=28.9074836s
[ Info: iter=9457 obj=3.0755122862988263e7 pinf=56761.59812726966 (5117) dinf=0.0 (0) time=29.1655896s
[ Info: iter=9537 obj=3.0768195248883713e7 pinf=42443.78652310812 (5102) dinf=0.0 (0) time=29.4080813s
[ Info: iter=9617 obj=3.08006804162271e7 pinf=109681.30409649722 (5144) dinf=0.0 (0) time=29.6660049s
[ Info: iter=9697 obj=3.0831182671985824e7 pinf=173941.17978507368 (5282) dinf=0.0 (0) time=29.9182202s
[ Info: iter=9777 obj=3.0844750274512712e7 pinf=82287.14555540183 (5188) dinf=0.0 (0) time=30.1629434s
[ Info: iter=9857 obj=3.0860664699990183e7 pinf=194288.3836794741 (5205) dinf=0.0 (0) time=30.4041135s
[ Info: iter=9937 obj=3.0918940897019655e7 pinf=46188.92133683818 (5194) dinf=0.0 (0) time=30.6375718s
[ Info: iter=10017 obj=3.1005788721573986e7 pinf=97983.41566014172 (5210) dinf=0.0 (0) time=30.89247s
[ Info: iter=10097 obj=3.1260750188196614e7 pinf=285490.122914887 (5167) dinf=0.0 (0) time=31.1372848s
[ Info: iter=10177 obj=3.203279140360005e7 pinf=39800.54963852013 (5120) dinf=0.0 (0) time=31.3919097s
[ Info: iter=10257 obj=3.21099969656852e7 pinf=33325.24111426448 (5126) dinf=0.0 (0) time=31.6367671s
[ Info: iter=10337 obj=3.214224720057023e7 pinf=61001.57164398898 (5191) dinf=0.0 (0) time=31.8771206s
[ Info: iter=10417 obj=3.216299045635111e7 pinf=81842.58239891937 (5215) dinf=0.0 (0) time=32.1152958s
[ Info: iter=10497 obj=3.2181399754700955e7 pinf=40293.215719272215 (5166) dinf=0.0 (0) time=32.3512243s
[ Info: iter=10577 obj=3.2216055696428582e7 pinf=33870.67795430073 (5169) dinf=0.0 (0) time=32.584747s
[ Info: iter=10657 obj=3.2246087808333844e7 pinf=139834.4601725563 (5242) dinf=0.0 (0) time=32.8286837s
[ Info: iter=10737 obj=3.227846167730224e7 pinf=57703.627814864674 (5177) dinf=0.0 (0) time=33.077026s
[ Info: iter=10817 obj=3.228867346699498e7 pinf=29018.721474807728 (5246) dinf=0.0 (0) time=33.3073235s
[ Info: iter=10897 obj=3.2315481660088e7 pinf=32811.15083213531 (5262) dinf=0.0 (0) time=33.5588869s
[ Info: iter=10977 obj=3.2341652807834767e7 pinf=29668.76809137136 (5296) dinf=0.0 (0) time=33.7978196s
[ Info: iter=11057 obj=3.236298387047582e7 pinf=50137.489377340724 (5311) dinf=0.0 (0) time=34.071942s
[ Info: iter=11137 obj=3.237512812864308e7 pinf=858917.262434819 (5375) dinf=0.0 (0) time=34.3213958s
[ Info: iter=11217 obj=3.2392462454716768e7 pinf=58579.762242851735 (5375) dinf=0.0 (0) time=34.5985712s
[ Info: iter=11297 obj=3.2649048921264198e7 pinf=59944.187418141686 (5338) dinf=0.0 (0) time=34.8505305s
[ Info: iter=11377 obj=3.267722137644672e7 pinf=75556.8724997535 (5386) dinf=0.0 (0) time=35.1048906s
[ Info: iter=11457 obj=3.2710143447610356e7 pinf=87684.91371762977 (5345) dinf=0.0 (0) time=35.3521468s
[ Info: iter=11537 obj=3.2802276153605442e7 pinf=365345.1514451986 (5390) dinf=0.0 (0) time=35.6020108s
[ Info: iter=11617 obj=3.286026801262755e7 pinf=24574.60628752536 (5288) dinf=0.0 (0) time=35.8421513s
[ Info: iter=11697 obj=3.2887703828236304e7 pinf=23087.848183084316 (5268) dinf=0.0 (0) time=36.0852899s
[ Info: iter=11777 obj=3.3116474191584896e7 pinf=66630.39651585225 (5338) dinf=0.0 (0) time=36.3274212s
[ Info: iter=11857 obj=3.3297039041640714e7 pinf=105742.6311675664 (5287) dinf=0.0 (0) time=36.5783889s
[ Info: iter=11937 obj=3.3508538485926308e7 pinf=31555.010763207432 (5290) dinf=0.0 (0) time=36.8119421s
[ Info: iter=12017 obj=3.447055416209212e7 pinf=57337.060457427346 (5293) dinf=0.0 (0) time=37.0579228s
[ Info: iter=12097 obj=3.451541818704744e7 pinf=195894.19517000133 (5339) dinf=0.0 (0) time=37.3091863s
[ Info: iter=12177 obj=3.462347592522662e7 pinf=40776.79825644573 (5311) dinf=0.0 (0) time=37.5725395s
[ Info: iter=12257 obj=3.4674155662482984e7 pinf=1.0068846758196249e6 (5431) dinf=0.0 (0) time=37.8246551s
[ Info: iter=12337 obj=3.4687671561341435e7 pinf=187592.4598621144 (5472) dinf=0.0 (0) time=38.0805096s
[ Info: iter=12417 obj=3.470857204888036e7 pinf=1.4126129665681757e6 (5480) dinf=0.0 (0) time=38.3706016s
[ Info: iter=12497 obj=3.496089761510862e7 pinf=563679.432800697 (5379) dinf=0.0 (0) time=38.6303629s
[ Info: iter=12577 obj=3.5137291774522305e7 pinf=39516.337779349145 (5419) dinf=0.0 (0) time=38.888653s
[ Info: iter=12657 obj=3.517363948856e7 pinf=67385.56691491861 (5437) dinf=0.0 (0) time=39.16386s
[ Info: iter=12737 obj=3.519866863952732e7 pinf=233887.87450121035 (5392) dinf=0.0 (0) time=39.417228s
[ Info: iter=12817 obj=3.5212974783268884e7 pinf=76316.80993819065 (5472) dinf=0.0 (0) time=39.6687608s
[ Info: iter=12897 obj=3.523112699118382e7 pinf=172837.98168717566 (5354) dinf=0.0 (0) time=39.9207263s
[ Info: iter=12977 obj=3.526339133098534e7 pinf=38185.24204654889 (5432) dinf=0.0 (0) time=40.177195s
[ Info: iter=13057 obj=3.529243017752464e7 pinf=78191.93865993181 (5500) dinf=0.0 (0) time=40.448958s
[ Info: iter=13137 obj=3.530147895922028e7 pinf=105704.26353708605 (5490) dinf=0.0 (0) time=40.7097516s
[ Info: iter=13217 obj=3.541425541696796e7 pinf=558617.5023176569 (5435) dinf=0.0 (0) time=40.9786026s
[ Info: iter=13297 obj=3.544499516741994e7 pinf=130620.74593689825 (5537) dinf=0.0 (0) time=41.2400398s
[ Info: iter=13377 obj=3.5526083500921406e7 pinf=42565.669476129944 (5422) dinf=0.0 (0) time=41.5113535s
[ Info: iter=13457 obj=3.554052441161319e7 pinf=183138.21867962473 (5556) dinf=0.0 (0) time=41.7839892s
[ Info: iter=13537 obj=3.55511379621113e7 pinf=81473.95294802116 (5537) dinf=0.0 (0) time=42.0608772s
[ Info: iter=13617 obj=3.557816281784954e7 pinf=70645.38576960267 (5450) dinf=0.0 (0) time=42.3239973s
[ Info: iter=13697 obj=3.567253701479496e7 pinf=34394.99460041861 (5494) dinf=0.0 (0) time=42.6011559s
[ Info: iter=13777 obj=3.578968201788855e7 pinf=49914.273521389005 (5431) dinf=0.0 (0) time=42.8686405s
[ Info: iter=13857 obj=3.597762878576108e7 pinf=83626.72534185687 (5559) dinf=0.0 (0) time=43.1311635s
[ Info: iter=13937 obj=3.6471982972597905e7 pinf=1.8057056474723895e6 (5718) dinf=0.0 (0) time=43.4179416s
[ Info: iter=14017 obj=3.6650198942397006e7 pinf=77801.14296857678 (5494) dinf=0.0 (0) time=43.6955828s
[ Info: iter=14097 obj=3.668862056807294e7 pinf=30354.25566136665 (5514) dinf=0.0 (0) time=43.9718785s
[ Info: iter=14177 obj=3.672230809390196e7 pinf=61073.053727372375 (5435) dinf=0.0 (0) time=44.2418798s
[ Info: iter=14257 obj=3.672956639858708e7 pinf=22795.651535890847 (5388) dinf=0.0 (0) time=44.5145997s
[ Info: iter=14337 obj=3.6986249785641216e7 pinf=28008.240890878933 (5406) dinf=0.0 (0) time=44.7733012s
[ Info: iter=14417 obj=3.701202593092321e7 pinf=71000.62929384958 (5496) dinf=0.0 (0) time=45.0513454s
[ Info: iter=14497 obj=3.702471057714641e7 pinf=732085.2719168089 (5743) dinf=0.0 (0) time=45.3301789s
[ Info: iter=14577 obj=3.7042841406451076e7 pinf=25469.294059053704 (5388) dinf=0.0 (0) time=45.6231246s
[ Info: iter=14657 obj=3.7068959478801325e7 pinf=20039.862689621743 (5395) dinf=0.0 (0) time=45.8775528s
[ Info: iter=14737 obj=3.707039089972193e7 pinf=35500.276279671365 (5440) dinf=0.0 (0) time=46.1484335s
[ Info: iter=14817 obj=3.7082749049157195e7 pinf=943470.4631884091 (5656) dinf=0.0 (0) time=46.4118477s
[ Info: iter=14897 obj=3.710921283443577e7 pinf=46956.789321589786 (5414) dinf=0.0 (0) time=46.7048283s
[ Info: iter=14977 obj=3.7182988672148295e7 pinf=45388.800385580376 (5433) dinf=0.0 (0) time=46.9820776s
[ Info: iter=15057 obj=3.72556911538608e7 pinf=88829.96746014076 (5459) dinf=0.0 (0) time=47.2658345s
[ Info: iter=15137 obj=3.730789067498123e7 pinf=560337.3519028547 (5459) dinf=0.0 (0) time=47.5501233s
[ Info: iter=15217 obj=3.733038298483505e7 pinf=1.7602316199693263e6 (5773) dinf=0.0 (0) time=47.8187218s
[ Info: iter=15297 obj=3.7355420543821305e7 pinf=272342.9233471413 (5510) dinf=0.0 (0) time=48.0855026s
[ Info: iter=15377 obj=3.7371577858477406e7 pinf=59261.09782239341 (5482) dinf=0.0 (0) time=48.3659809s
[ Info: iter=15457 obj=3.740343795698053e7 pinf=83163.68513292632 (5622) dinf=0.0 (0) time=48.6445203s
[ Info: iter=15537 obj=3.744081616109777e7 pinf=297994.6495887391 (5627) dinf=0.0 (0) time=48.9437671s
[ Info: iter=15617 obj=3.7475734761582516e7 pinf=363019.33388670254 (5748) dinf=0.0 (0) time=49.2518428s
[ Info: iter=15697 obj=3.750352541029744e7 pinf=401872.6815341218 (5640) dinf=0.0 (0) time=49.5673263s
[ Info: iter=15777 obj=3.75205390826144e7 pinf=64695.73090959035 (5495) dinf=0.0 (0) time=49.875484s
[ Info: iter=15857 obj=3.7586447317469455e7 pinf=189119.78063387118 (5574) dinf=0.0 (0) time=50.1679804s
[ Info: iter=15937 obj=3.7703907397189155e7 pinf=50061.571036086534 (5488) dinf=0.0 (0) time=50.477773s
[ Info: iter=16017 obj=3.775128804218302e7 pinf=162520.37405181647 (5571) dinf=0.0 (0) time=50.7698501s
[ Info: iter=16097 obj=3.777777211234115e7 pinf=122473.3018851915 (5663) dinf=0.0 (0) time=51.0903634s
[ Info: iter=16177 obj=3.783494362223051e7 pinf=94933.22829873288 (5524) dinf=0.0 (0) time=51.3938819s
[ Info: iter=16257 obj=3.78651276180149e7 pinf=195075.48276071806 (5697) dinf=0.0 (0) time=51.6904906s
[ Info: iter=16337 obj=3.7965763393975504e7 pinf=1.4118270629654692e6 (5716) dinf=0.0 (0) time=52.0072361s
[ Info: iter=16417 obj=3.816302777423188e7 pinf=435249.03724070964 (5649) dinf=0.0 (0) time=52.3141027s
[ Info: iter=16497 obj=3.821355610175113e7 pinf=73222.58545218884 (5579) dinf=0.0 (0) time=52.6142579s
[ Info: iter=16577 obj=3.831523804049174e7 pinf=124626.30772526654 (5601) dinf=0.0 (0) time=52.9098345s
[ Info: iter=16657 obj=3.8343259492368676e7 pinf=120058.60856924023 (5573) dinf=0.0 (0) time=53.2062798s
[ Info: iter=16737 obj=3.8399912424576625e7 pinf=1.4668270928450369e6 (5822) dinf=0.0 (0) time=53.5096819s
[ Info: iter=16817 obj=3.846073465536466e7 pinf=505316.4432218349 (5755) dinf=0.0 (0) time=53.8088016s
[ Info: iter=16897 obj=3.8592565315017395e7 pinf=557416.781057741 (5769) dinf=0.0 (0) time=54.1230097s
[ Info: iter=16977 obj=3.863109881161611e7 pinf=651707.8803290693 (5855) dinf=0.0 (0) time=54.4250598s
[ Info: iter=17057 obj=3.8858540399473704e7 pinf=426918.92272838287 (5726) dinf=0.0 (0) time=54.7302824s
[ Info: iter=17137 obj=3.9236761140552275e7 pinf=146151.6254948821 (5772) dinf=0.0 (0) time=55.0252438s
[ Info: iter=17217 obj=3.937834453513412e7 pinf=157196.92350962292 (5722) dinf=0.0 (0) time=55.3456237s
[ Info: iter=17297 obj=3.949135574175365e7 pinf=174740.16232562857 (5646) dinf=0.0 (0) time=55.6609464s
[ Info: iter=17377 obj=3.9708568874032035e7 pinf=122859.12513523514 (5673) dinf=0.0 (0) time=55.949355s
[ Info: iter=17457 obj=3.972628979369766e7 pinf=429284.3462812686 (5795) dinf=0.0 (0) time=56.2516895s
[ Info: iter=17537 obj=3.977953420175478e7 pinf=4.292491247016674e6 (5808) dinf=0.0 (0) time=56.5624141s
[ Info: iter=17617 obj=3.9866634657459036e7 pinf=115220.95791125829 (5609) dinf=0.0 (0) time=56.8836267s
[ Info: iter=17697 obj=3.9888438829164445e7 pinf=399428.9584418651 (5708) dinf=0.0 (0) time=57.2045222s
[ Info: iter=17777 obj=3.989920322121662e7 pinf=87552.55952662186 (5599) dinf=0.0 (0) time=57.5206817s
[ Info: iter=17857 obj=3.990256906134068e7 pinf=132929.06526591486 (5648) dinf=0.0 (0) time=57.8388554s
[ Info: iter=17937 obj=3.991189079632249e7 pinf=25964.752842464648 (5564) dinf=0.0 (0) time=58.1414107s
[ Info: iter=18017 obj=3.991720144757011e7 pinf=189779.91728919695 (5676) dinf=0.0 (0) time=58.4392465s
[ Info: iter=18097 obj=3.993564008652842e7 pinf=309691.0982170996 (5689) dinf=0.0 (0) time=58.7402379s
[ Info: iter=18177 obj=3.995090537472947e7 pinf=308584.2771685556 (5748) dinf=0.0 (0) time=59.0554974s
[ Info: iter=18257 obj=3.998264537064015e7 pinf=89202.29094055727 (5550) dinf=0.0 (0) time=59.3657145s
[ Info: iter=18417 obj=3.999499245971045e7 pinf=321761.21011599456 (5644) dinf=0.0 (0) time=59.9816858s
[ Info: iter=18577 obj=4.0040759255189344e7 pinf=73920.18506175437 (5500) dinf=0.0 (0) time=60.6483657s
[ Info: iter=18737 obj=4.0209730767683215e7 pinf=4.7426509454242615e6 (5947) dinf=0.0 (0) time=61.3462526s
[ Info: iter=18897 obj=4.038765101904625e7 pinf=594196.3516435854 (5859) dinf=0.0 (0) time=62.1052061s
[ Info: iter=19057 obj=4.08008836793485e7 pinf=1.4196062795438051e7 (6056) dinf=0.0 (0) time=62.8252064s
[ Info: iter=19217 obj=4.110182676759028e7 pinf=197653.2635514982 (5719) dinf=0.0 (0) time=63.603543s
[ Info: iter=19377 obj=4.113095261029665e7 pinf=93974.10718759036 (5666) dinf=0.0 (0) time=64.31812s
[ Info: iter=19537 obj=4.1199487629336625e7 pinf=3.547304676011136e6 (5929) dinf=0.0 (0) time=65.0016047s
[ Info: iter=19697 obj=4.1368569267828636e7 pinf=396119.393292842 (5625) dinf=0.0 (0) time=65.723855s
[ Info: iter=19857 obj=4.139854047289702e7 pinf=3.1637978500892064e6 (5511) dinf=0.0 (0) time=66.4282374s
[ Info: iter=20017 obj=4.142138221197324e7 pinf=2.223542583394189e6 (5838) dinf=0.0 (0) time=67.1929623s
[ Info: iter=20177 obj=4.143404833263039e7 pinf=842140.0190445795 (5834) dinf=0.0 (0) time=67.9282334s
[ Info: iter=20337 obj=4.144795758004827e7 pinf=125778.31753033653 (5522) dinf=0.0 (0) time=68.6746969s
[ Info: iter=20497 obj=4.150868514631552e7 pinf=769688.2311950747 (5837) dinf=0.0 (0) time=69.442937s
[ Info: iter=20657 obj=4.152906883244624e7 pinf=1.5801259865178424e6 (5853) dinf=0.0 (0) time=70.2553489s
[ Info: iter=20817 obj=4.155174962499762e7 pinf=411945.0273588712 (5715) dinf=0.0 (0) time=71.009095s
[ Info: iter=20977 obj=4.157497179040688e7 pinf=3.0447960813582274e6 (5639) dinf=0.0 (0) time=71.7882103s
[ Info: iter=21137 obj=4.1585187591151744e7 pinf=4.821784656078015e6 (5514) dinf=0.0 (0) time=73.7213706s
[ Info: iter=21297 obj=4.161527321335444e7 pinf=2.8164057076709727e6 (5689) dinf=0.0 (0) time=74.6478719s
[ Info: iter=21457 obj=4.163327843992923e7 pinf=1.1179051393149607e6 (5659) dinf=0.0 (0) time=75.5196728s
[ Info: iter=21617 obj=4.214469752442165e7 pinf=442503.02523213526 (5652) dinf=0.0 (0) time=76.2464756s
[ Info: iter=21777 obj=4.261679362964412e7 pinf=1.4680175950027914e6 (5657) dinf=0.0 (0) time=77.0376549s
[ Info: iter=21937 obj=4.266500319752812e7 pinf=3.512946867778154e7 (5827) dinf=0.0 (0) time=77.8163548s
[ Info: iter=22097 obj=4.272029381404367e7 pinf=1.1664799146577846e7 (5985) dinf=0.0 (0) time=78.8794701s
[ Info: iter=22257 obj=4.29769816051864e7 pinf=427935.65052340686 (5618) dinf=0.0 (0) time=79.6473724s
[ Info: iter=22417 obj=4.29976239680385e7 pinf=2.936792502636093e6 (5787) dinf=0.0 (0) time=80.4846358s
[ Info: iter=22577 obj=4.306904896106933e7 pinf=183495.92412376506 (5306) dinf=0.0 (0) time=81.3803991s
[ Info: iter=22737 obj=4.3100949946341455e7 pinf=1.899134474649658e6 (5479) dinf=0.0 (0) time=82.2449093s
[ Info: iter=22897 obj=4.3145931935616955e7 pinf=3.251877419160449e6 (5603) dinf=0.0 (0) time=83.0278553s
[ Info: iter=23057 obj=4.3223149384303436e7 pinf=9.761518223317172e6 (5569) dinf=0.0 (0) time=83.8780644s
[ Info: iter=23217 obj=4.324755780469636e7 pinf=2.185629138290746e6 (5477) dinf=0.0 (0) time=84.6670962s
[ Info: iter=23377 obj=4.342733574439277e7 pinf=359103.95707041066 (5193) dinf=0.0 (0) time=85.4181185s
[ Info: iter=23537 obj=4.344477088786066e7 pinf=227605.24290752027 (5149) dinf=0.0 (0) time=86.2792189s
[ Info: iter=23697 obj=4.345495611192031e7 pinf=1.0096377301989052e6 (5430) dinf=0.0 (0) time=87.0959417s
[ Info: iter=23857 obj=4.3517484723715246e7 pinf=1.966545434330662e7 (5674) dinf=0.0 (0) time=87.9306204s
[ Info: iter=24017 obj=4.3539037429740705e7 pinf=1.9275414357041756e6 (5448) dinf=0.0 (0) time=89.1400105s
[ Info: iter=24177 obj=4.36717664214384e7 pinf=84243.53670541456 (5069) dinf=0.0 (0) time=89.9715896s
[ Info: iter=24337 obj=4.368733364748522e7 pinf=5.4459545054846905e7 (5621) dinf=0.0 (0) time=90.9284403s
[ Info: iter=24497 obj=4.3911391846948035e7 pinf=5.83368486600041e8 (5718) dinf=0.0 (0) time=91.7309127s
[ Info: iter=24657 obj=4.397399040098197e7 pinf=8.825880583783584e6 (5611) dinf=0.0 (0) time=92.6956223s
[ Info: iter=24817 obj=4.401217059335619e7 pinf=1.1028045178725973e6 (5271) dinf=0.0 (0) time=93.588309s
[ Info: iter=24977 obj=4.404254436606738e7 pinf=1.7725319283820493e6 (5389) dinf=0.0 (0) time=94.4345246s
[ Info: iter=25137 obj=4.406285511157334e7 pinf=293410.3054590536 (5081) dinf=0.0 (0) time=95.4628342s
[ Info: iter=25297 obj=4.407335244233165e7 pinf=550928.1364567479 (5352) dinf=0.0 (0) time=96.4536065s
[ Info: iter=25457 obj=4.409567586784295e7 pinf=542287.5309059828 (5196) dinf=0.0 (0) time=97.3268246s
[ Info: iter=25617 obj=4.417990983636412e7 pinf=1.2783785809179961e6 (5226) dinf=0.0 (0) time=98.284032s
[ Info: iter=25777 obj=4.433773476389435e7 pinf=3.580128675286535e7 (5557) dinf=0.0 (0) time=99.0845704s
[ Info: iter=25937 obj=4.4626459085824616e7 pinf=247882.82615392204 (5035) dinf=0.0 (0) time=99.8551095s
[ Info: iter=26097 obj=4.46576086065924e7 pinf=523484.0754536041 (5066) dinf=0.0 (0) time=100.727218s
[ Info: iter=26257 obj=4.468204415317655e7 pinf=734280.7073328563 (5327) dinf=0.0 (0) time=101.6062721s
[ Info: iter=26417 obj=4.469446177587314e7 pinf=2.7578836673752103e7 (5707) dinf=0.0 (0) time=102.5918372s
[ Info: iter=26577 obj=4.4944324593674906e7 pinf=33560.87583374537 (4743) dinf=0.0 (0) time=103.3572362s
[ Info: iter=26737 obj=4.496498746603507e7 pinf=4.477220050265359e6 (5518) dinf=0.0 (0) time=104.3187217s
[ Info: iter=26897 obj=4.512050676706323e7 pinf=3.447159462103116e6 (5556) dinf=0.0 (0) time=105.2106513s
[ Info: iter=27057 obj=4.512644117714213e7 pinf=1.024648031165004e7 (5529) dinf=0.0 (0) time=106.2657831s
[ Info: iter=27217 obj=4.516380705084504e7 pinf=1.2311828173089802e7 (5410) dinf=0.0 (0) time=107.2757506s
[ Info: iter=27377 obj=4.5192970450263135e7 pinf=2.3941256650226316e6 (5270) dinf=0.0 (0) time=108.2934505s
[ Info: iter=27537 obj=4.523944740224672e7 pinf=532266.1387194818 (5036) dinf=0.0 (0) time=109.3312467s
[ Info: iter=27697 obj=4.5255973030375004e7 pinf=1.6339671488017277e6 (5094) dinf=0.0 (0) time=110.3418409s
[ Info: iter=27857 obj=4.526558021209203e7 pinf=1.7126695258134662e6 (5156) dinf=0.0 (0) time=111.4034184s
[ Info: iter=28017 obj=4.527581505440836e7 pinf=309467.0296148479 (4870) dinf=0.0 (0) time=112.3198782s
[ Info: iter=28177 obj=4.534325019066228e7 pinf=1.247247739438921e6 (5124) dinf=0.0 (0) time=113.3033668s
[ Info: iter=28337 obj=4.535517104532401e7 pinf=575458.3770530565 (5148) dinf=0.0 (0) time=114.2076645s
[ Info: iter=28497 obj=4.536111268698504e7 pinf=6.543185989908207e6 (5479) dinf=0.0 (0) time=115.1981764s
[ Info: iter=28657 obj=4.543124561468497e7 pinf=962458.505133792 (5283) dinf=0.0 (0) time=116.1623127s
[ Info: iter=28817 obj=4.548143461718798e7 pinf=9.462599636395666e7 (5594) dinf=0.0 (0) time=117.0971068s
[ Info: iter=28977 obj=4.5534000438945614e7 pinf=2.2821359071643785e7 (5469) dinf=0.0 (0) time=118.381042s
[ Info: iter=29137 obj=4.5724569481808245e7 pinf=4.021323911930076e6 (5437) dinf=0.0 (0) time=119.3402469s
[ Info: iter=29297 obj=4.576476899458309e7 pinf=5.070582034241746e6 (5619) dinf=0.0 (0) time=120.3677967s
[ Info: iter=29457 obj=4.6012065462898694e7 pinf=3.4415389664476016e6 (5273) dinf=0.0 (0) time=121.3287503s
[ Info: iter=29617 obj=4.612365976759278e7 pinf=1.8845290952337154e6 (5195) dinf=0.0 (0) time=122.387257s
[ Info: iter=29777 obj=4.616188186136775e7 pinf=1.742627561582693e7 (5452) dinf=0.0 (0) time=123.4682938s
[ Info: iter=29937 obj=4.61921056927774e7 pinf=3.5618671353711644e6 (5284) dinf=0.0 (0) time=124.6012528s
[ Info: iter=30097 obj=4.619814132574764e7 pinf=1.8970519664752972e6 (5188) dinf=0.0 (0) time=125.6685241s
[ Info: iter=30257 obj=4.620294415684403e7 pinf=647609.147970116 (5138) dinf=0.0 (0) time=127.0087887s
[ Info: iter=30417 obj=4.652083662036342e7 pinf=843897.973340016 (5224) dinf=0.0 (0) time=127.9146561s
[ Info: iter=30577 obj=4.6573767174741745e7 pinf=4.607092454841747e6 (5399) dinf=0.0 (0) time=128.934906s
[ Info: iter=30737 obj=4.674241750264969e7 pinf=122458.20983197687 (4777) dinf=0.0 (0) time=129.8303299s
[ Info: iter=30897 obj=4.675483335155477e7 pinf=4.0134066021737913e6 (4830) dinf=0.0 (0) time=130.8249467s
[ Info: iter=31057 obj=4.677571023057814e7 pinf=8.926125676066175e6 (5531) dinf=0.0 (0) time=131.8214656s
[ Info: iter=31217 obj=4.699981160285126e7 pinf=88008.44636522858 (4668) dinf=0.0 (0) time=132.7128903s
[ Info: iter=31377 obj=4.702760722550354e7 pinf=2.181248112050671e6 (5294) dinf=0.0 (0) time=133.7671446s
[ Info: iter=31537 obj=4.703326206828287e7 pinf=486021.32514041313 (4974) dinf=0.0 (0) time=134.8984396s
[ Info: iter=31697 obj=4.7042296498100385e7 pinf=1.4076749104533e6 (5096) dinf=0.0 (0) time=135.9626833s
[ Info: iter=31857 obj=4.715757266048366e7 pinf=1.6717416334667564e6 (5176) dinf=0.0 (0) time=137.0228397s
[ Info: iter=32017 obj=4.71651641681909e7 pinf=336569.3972776545 (4837) dinf=0.0 (0) time=138.2172277s
[ Info: iter=32177 obj=4.717406398836111e7 pinf=886368.176502892 (5007) dinf=0.0 (0) time=139.4206446s
[ Info: iter=32337 obj=4.7185502190656826e7 pinf=147751.0511172695 (4676) dinf=0.0 (0) time=140.562202s
[ Info: iter=32497 obj=4.721903005647372e7 pinf=1.1008266559487116e6 (4951) dinf=0.0 (0) time=141.579758s
[ Info: iter=32657 obj=4.722423468471615e7 pinf=1.44988120592059e6 (5090) dinf=0.0 (0) time=143.9343531s
[ Info: iter=32817 obj=4.735705895952524e7 pinf=334994.7174168869 (4669) dinf=0.0 (0) time=145.02309s
[ Info: iter=32977 obj=4.758387400783044e7 pinf=1.6647149941438162e6 (5052) dinf=0.0 (0) time=146.0642891s
[ Info: iter=33137 obj=4.779238907324358e7 pinf=2.925511839091822e7 (5153) dinf=0.0 (0) time=147.2249983s
[ Info: iter=33297 obj=4.786051228973219e7 pinf=587996.8294456096 (4745) dinf=0.0 (0) time=148.32553s
[ Info: iter=33457 obj=4.787036526988431e7 pinf=100300.13261651745 (4389) dinf=0.0 (0) time=149.5383536s
[ Info: iter=33617 obj=4.787593474125547e7 pinf=321419.79355944425 (4689) dinf=0.0 (0) time=150.6506577s
[ Info: iter=33777 obj=4.7882492398933955e7 pinf=1.1380664045971127e6 (4805) dinf=0.0 (0) time=151.7343622s
[ Info: iter=33937 obj=4.78863274148445e7 pinf=388113.27044507395 (4544) dinf=0.0 (0) time=152.8092775s
[ Info: iter=34097 obj=4.7973278192503974e7 pinf=2.6499371910321247e6 (4817) dinf=0.0 (0) time=153.9608458s
[ Info: iter=34257 obj=4.800614163664305e7 pinf=340091.34935390047 (4574) dinf=0.0 (0) time=155.1179465s
[ Info: iter=34417 obj=4.802612773444766e7 pinf=3.5061075329206726e6 (5153) dinf=0.0 (0) time=156.2807026s
[ Info: iter=34577 obj=4.805646840946323e7 pinf=44288.63050464946 (4282) dinf=0.0 (0) time=157.3699729s
[ Info: iter=34737 obj=4.8245414345352575e7 pinf=248911.90375077815 (4686) dinf=0.0 (0) time=158.4497462s
[ Info: iter=34897 obj=4.8254083717594475e7 pinf=4.734327694451721e6 (5063) dinf=0.0 (0) time=159.569176s
[ Info: iter=35057 obj=4.825649338830631e7 pinf=2.3913563684061877e6 (4731) dinf=0.0 (0) time=161.1802065s
[ Info: iter=35217 obj=4.8260895419131435e7 pinf=679021.8128310317 (4964) dinf=0.0 (0) time=162.4390518s
[ Info: iter=35377 obj=4.826680416190289e7 pinf=342542.3957342794 (4593) dinf=0.0 (0) time=163.8139989s
[ Info: iter=35537 obj=4.82717086311547e7 pinf=118311.6398365923 (4343) dinf=0.0 (0) time=164.8894548s
[ Info: iter=35697 obj=4.827737237806388e7 pinf=7.043497832975944e6 (5114) dinf=0.0 (0) time=166.0154567s
[ Info: iter=35857 obj=4.8299009047804825e7 pinf=164431.87192807565 (4407) dinf=0.0 (0) time=167.2599819s
[ Info: iter=36017 obj=4.843158111105792e7 pinf=5.874819768108757e6 (5059) dinf=0.0 (0) time=168.4204989s
[ Info: iter=36177 obj=4.892101889356688e7 pinf=296686.1916360028 (4547) dinf=0.0 (0) time=169.4353219s
[ Info: iter=36337 obj=4.902065728785278e7 pinf=344105.18935155304 (4359) dinf=0.0 (0) time=170.4657139s
[ Info: iter=36497 obj=4.902726393445411e7 pinf=1.12265108311532e6 (4384) dinf=0.0 (0) time=171.6498634s
[ Info: iter=36657 obj=4.903226477610198e7 pinf=154615.39310673362 (4276) dinf=0.0 (0) time=172.7028952s
[ Info: iter=36817 obj=4.903535403466902e7 pinf=1.6509496650974997e6 (4747) dinf=0.0 (0) time=173.8062241s
[ Info: iter=36977 obj=4.904475786919502e7 pinf=2.5491447085707826e6 (4621) dinf=0.0 (0) time=175.0299277s
[ Info: iter=37137 obj=4.904870073327134e7 pinf=1.2450034821084598e6 (4550) dinf=0.0 (0) time=176.2812765s
[ Info: iter=37297 obj=4.9051216117162555e7 pinf=556739.6294230167 (4686) dinf=0.0 (0) time=177.5671989s
[ Info: iter=37457 obj=4.9065306186624214e7 pinf=1.5705903866791781e7 (5244) dinf=0.0 (0) time=178.6207976s
[ Info: iter=37617 obj=4.918602067017354e7 pinf=2.760384728563612e6 (4927) dinf=0.0 (0) time=179.7460674s
[ Info: iter=37777 obj=4.922417665592818e7 pinf=5.645724075435201e6 (4804) dinf=0.0 (0) time=180.8537931s
[ Info: iter=37937 obj=4.92336835290845e7 pinf=1.7167919442428738e7 (5038) dinf=0.0 (0) time=181.9694004s
[ Info: iter=38097 obj=4.931255046055772e7 pinf=1.0612667335239176e6 (4413) dinf=0.0 (0) time=183.1514245s
[ Info: iter=38257 obj=4.9346588343389295e7 pinf=459424.78375788307 (4253) dinf=0.0 (0) time=184.3614908s
[ Info: iter=38417 obj=4.935712740999512e7 pinf=703825.7878779516 (4443) dinf=0.0 (0) time=185.6499201s
[ Info: iter=38577 obj=4.936174682503716e7 pinf=362662.58315732854 (4269) dinf=0.0 (0) time=186.8130481s
[ Info: iter=38737 obj=4.936504900937575e7 pinf=132382.86853513707 (3911) dinf=0.0 (0) time=187.9427077s
[ Info: iter=38897 obj=4.9370140626389414e7 pinf=1.6694677023342317e6 (4195) dinf=0.0 (0) time=189.1458055s
[ Info: iter=39057 obj=4.937324436605065e7 pinf=1.8510905972176306e7 (4693) dinf=0.0 (0) time=190.4045542s
[ Info: iter=39217 obj=4.938684608850031e7 pinf=527601.6518713252 (4231) dinf=0.0 (0) time=191.8382514s
[ Info: iter=39377 obj=4.938899059939278e7 pinf=1.2945847868659985e6 (4477) dinf=0.0 (0) time=192.9653388s
[ Info: iter=39537 obj=4.939619299187565e7 pinf=392788.19159000576 (4013) dinf=0.0 (0) time=194.1724373s
[ Info: iter=39697 obj=4.949072963127759e7 pinf=57376.19375536586 (3889) dinf=0.0 (0) time=195.1720302s
[ Info: iter=39857 obj=4.94943488519334e7 pinf=3.9383718510843716e6 (4361) dinf=0.0 (0) time=196.4564445s
[ Info: iter=40017 obj=4.9645892036064446e7 pinf=411030.08507262095 (4217) dinf=0.0 (0) time=197.6441897s
[ Info: iter=40177 obj=4.968243589772905e7 pinf=211026.3658927006 (3859) dinf=0.0 (0) time=198.869839s
[ Info: iter=40337 obj=4.96852389223996e7 pinf=1.9989854079469133e7 (4012) dinf=0.0 (0) time=200.4142621s
[ Info: iter=40497 obj=4.969018911016081e7 pinf=1.390768928776584e6 (4043) dinf=0.0 (0) time=202.0934443s
[ Info: iter=40657 obj=4.970314718867207e7 pinf=321944.1365960835 (3865) dinf=0.0 (0) time=204.8152755s
[ Info: iter=40817 obj=4.9706309233915344e7 pinf=1.4671525559084982e7 (4460) dinf=0.0 (0) time=205.9862634s
[ Info: iter=40977 obj=4.979517490735634e7 pinf=3.02538333119284e6 (3899) dinf=0.0 (0) time=207.1031005s
[ Info: iter=41137 obj=4.9986007259495154e7 pinf=3.066697460043337e6 (3831) dinf=0.0 (0) time=208.1101592s
[ Info: iter=41297 obj=4.99950996995557e7 pinf=8.588094997188332e6 (4296) dinf=0.0 (0) time=209.4316417s
[ Info: iter=41457 obj=5.013431413118543e7 pinf=277191.25482304074 (3598) dinf=0.0 (0) time=210.5123487s
[ Info: iter=41617 obj=5.014026934052399e7 pinf=435700.54322654294 (3575) dinf=0.0 (0) time=211.848695s
[ Info: iter=41777 obj=5.014937050884131e7 pinf=2.964386679214338e6 (4268) dinf=0.0 (0) time=212.9427719s
[ Info: iter=41937 obj=5.0201506263228e7 pinf=1.3559138081681433e6 (4015) dinf=0.0 (0) time=214.1217435s
[ Info: iter=42097 obj=5.028598448533641e7 pinf=1.2527204365604848e6 (4108) dinf=0.0 (0) time=215.1277094s
[ Info: iter=42257 obj=5.0288512006688595e7 pinf=460585.6993345103 (3861) dinf=0.0 (0) time=216.2432827s
[ Info: iter=42417 obj=5.031940713251081e7 pinf=73297.509892305 (3536) dinf=0.0 (0) time=217.3616632s
[ Info: iter=42577 obj=5.0325083399625495e7 pinf=400378.16991377133 (3838) dinf=0.0 (0) time=218.5281859s
[ Info: iter=42737 obj=5.0334785520197645e7 pinf=339981.41400711844 (3900) dinf=0.0 (0) time=219.6768525s
[ Info: iter=42897 obj=5.0400905447042435e7 pinf=1.1723224347551491e7 (4300) dinf=0.0 (0) time=220.8937965s
[ Info: iter=43057 obj=5.042383462404104e7 pinf=154882.89422925308 (3626) dinf=0.0 (0) time=222.4547377s
[ Info: iter=43217 obj=5.043323755536315e7 pinf=117591.62711336564 (3629) dinf=0.0 (0) time=223.8506552s
[ Info: iter=43377 obj=5.046680873474578e7 pinf=31929.98116531723 (3326) dinf=0.0 (0) time=225.0172307s
[ Info: iter=43537 obj=5.049118959118877e7 pinf=496435.0664827038 (3771) dinf=0.0 (0) time=226.2190653s
[ Info: iter=43697 obj=5.052739232697893e7 pinf=4.534227012053509e6 (4396) dinf=0.0 (0) time=227.4016603s
[ Info: iter=43857 obj=5.06326879441184e7 pinf=203913.38494630862 (3580) dinf=0.0 (0) time=228.4642473s
[ Info: iter=44017 obj=5.068159523364801e7 pinf=1.6310132549700895e6 (4022) dinf=0.0 (0) time=229.6648002s
[ Info: iter=44177 obj=5.0715109732159965e7 pinf=252834.49459002036 (3613) dinf=0.0 (0) time=230.8534936s
[ Info: iter=44337 obj=5.075202066650193e7 pinf=2.401515118918042e6 (4097) dinf=0.0 (0) time=231.9305157s
[ Info: iter=44497 obj=5.081370829275583e7 pinf=166240.91739752737 (3143) dinf=0.0 (0) time=232.9774588s
[ Info: iter=44657 obj=5.081577729151486e7 pinf=318471.1710704306 (3527) dinf=0.0 (0) time=234.0910513s
[ Info: iter=44817 obj=5.082584111842721e7 pinf=1.6474324176587437e6 (4054) dinf=0.0 (0) time=235.3126578s
[ Info: iter=44977 obj=5.0828714749710664e7 pinf=257325.9164574788 (3042) dinf=0.0 (0) time=236.6537326s
[ Info: iter=45137 obj=5.083122710920285e7 pinf=1.2071454288858166e7 (4054) dinf=0.0 (0) time=237.8028432s
[ Info: iter=45297 obj=5.0844478701710634e7 pinf=414035.22735400934 (3437) dinf=0.0 (0) time=239.3506992s
[ Info: iter=45457 obj=5.085694320594029e7 pinf=180161.19181938062 (3229) dinf=0.0 (0) time=240.5174572s
[ Info: iter=45617 obj=5.0859576393863946e7 pinf=227984.59588787673 (3104) dinf=0.0 (0) time=241.8366561s
[ Info: iter=45777 obj=5.086150489941235e7 pinf=146139.57593435506 (3125) dinf=0.0 (0) time=243.1493773s
[ Info: iter=45937 obj=5.089299472128964e7 pinf=1.6013556436587786e6 (3495) dinf=0.0 (0) time=244.3543287s
[ Info: iter=46097 obj=5.089474669774247e7 pinf=97327.57633601643 (2835) dinf=0.0 (0) time=245.6134853s
[ Info: iter=46257 obj=5.089586787528313e7 pinf=118300.27616490288 (2871) dinf=0.0 (0) time=247.0605232s
[ Info: iter=46417 obj=5.0901178557695046e7 pinf=754477.9950613416 (3595) dinf=0.0 (0) time=248.2296498s
[ Info: iter=46577 obj=5.092989975311166e7 pinf=1.2027272857070349e6 (3520) dinf=0.0 (0) time=249.3989572s
[ Info: iter=46737 obj=5.09322358222424e7 pinf=1.0289283117335604e6 (3535) dinf=0.0 (0) time=250.6388483s
[ Info: iter=46897 obj=5.097652913088284e7 pinf=59221.62735309629 (2819) dinf=0.0 (0) time=251.8073987s
[ Info: iter=47057 obj=5.1015103927078314e7 pinf=390315.04701309925 (3291) dinf=0.0 (0) time=252.9994117s
[ Info: iter=47217 obj=5.104647253366603e7 pinf=53097.72330193958 (2812) dinf=0.0 (0) time=254.1523521s
[ Info: iter=47377 obj=5.1047324980990894e7 pinf=118204.03648922882 (2984) dinf=0.0 (0) time=255.4375601s
[ Info: iter=47537 obj=5.107755211879257e7 pinf=72378.91557013473 (2729) dinf=0.0 (0) time=256.6036612s
[ Info: iter=47697 obj=5.108158790889878e7 pinf=138963.08738247075 (2712) dinf=0.0 (0) time=257.8406571s
[ Info: iter=47857 obj=5.109347355798965e7 pinf=1.2154005437677372e6 (3451) dinf=0.0 (0) time=259.0690543s
[ Info: iter=48017 obj=5.112642975110478e7 pinf=57728.717382962895 (2496) dinf=0.0 (0) time=260.2148305s
[ Info: iter=48177 obj=5.112991142717774e7 pinf=588450.1290047508 (2823) dinf=0.0 (0) time=261.475774s
[ Info: iter=48337 obj=5.1131272662677824e7 pinf=22224.511655884693 (2255) dinf=0.0 (0) time=262.6796359s
[ Info: iter=48497 obj=5.1132114460770555e7 pinf=363707.90585736005 (2872) dinf=0.0 (0) time=263.9315424s
[ Info: iter=48657 obj=5.1133058540662915e7 pinf=36834.62663587491 (2385) dinf=0.0 (0) time=265.1364484s
[ Info: iter=48817 obj=5.113607366919264e7 pinf=878617.5826228884 (3162) dinf=0.0 (0) time=266.3004296s
[ Info: iter=48977 obj=5.118111015742588e7 pinf=140104.6073237352 (2612) dinf=0.0 (0) time=267.3648184s
[ Info: iter=49137 obj=5.1189934179793075e7 pinf=11652.326975058571 (1952) dinf=0.0 (0) time=268.5240022s
[ Info: iter=49297 obj=5.119060167613749e7 pinf=110527.46642808968 (2391) dinf=0.0 (0) time=269.7024454s
[ Info: iter=49457 obj=5.120441565164873e7 pinf=74628.3058356936 (2291) dinf=0.0 (0) time=271.071396s
[ Info: iter=49617 obj=5.120562626495411e7 pinf=456017.88214610494 (2417) dinf=0.0 (0) time=272.2828281s
[ Info: iter=49777 obj=5.12237542483556e7 pinf=11082.532591048259 (1851) dinf=0.0 (0) time=273.5142192s
[ Info: iter=49937 obj=5.1246786675907396e7 pinf=1.0988689550446044e6 (2693) dinf=0.0 (0) time=274.669951s
[ Info: iter=50097 obj=5.1273822754270405e7 pinf=7960.851940297375 (1784) dinf=0.0 (0) time=275.809754s
[ Info: iter=50257 obj=5.128111615909405e7 pinf=1.0214295290113467e6 (2553) dinf=0.0 (0) time=276.9872223s
[ Info: iter=50417 obj=5.129211128686643e7 pinf=874789.277691593 (2468) dinf=0.0 (0) time=278.13687s
[ Info: iter=50577 obj=5.129617229413994e7 pinf=173375.3528450395 (2306) dinf=0.0 (0) time=279.3383908s
[ Info: iter=50737 obj=5.132467867240623e7 pinf=27914.85888773438 (2027) dinf=0.0 (0) time=280.4982035s
[ Info: iter=50897 obj=5.1356512682848856e7 pinf=1.2044554896362408e6 (2774) dinf=0.0 (0) time=281.6344466s
[ Info: iter=51057 obj=5.135748009615921e7 pinf=306609.06213687867 (2432) dinf=0.0 (0) time=283.3091761s
[ Info: iter=51217 obj=5.136250165041107e7 pinf=1.88271317207162e6 (2701) dinf=0.0 (0) time=284.5078697s
[ Info: iter=51377 obj=5.136497850525946e7 pinf=175156.0307850441 (2130) dinf=0.0 (0) time=285.7861829s
[ Info: iter=51537 obj=5.136667735556078e7 pinf=128816.53014613816 (1728) dinf=0.0 (0) time=287.0559527s
[ Info: iter=51697 obj=5.138727942748528e7 pinf=36676.492878401055 (1538) dinf=0.0 (0) time=288.0322561s
[ Info: iter=51857 obj=5.138958684345448e7 pinf=15178.150682242198 (1389) dinf=0.0 (0) time=289.2097412s
[ Info: iter=52017 obj=5.139201753910219e7 pinf=47534.91778089656 (1432) dinf=0.0 (0) time=290.3750264s
[ Info: iter=52177 obj=5.139266244664181e7 pinf=14829.139898379965 (1186) dinf=0.0 (0) time=291.5121409s
[ Info: iter=52337 obj=5.139421987238582e7 pinf=431762.15095583413 (1766) dinf=0.0 (0) time=292.667287s
[ Info: iter=52497 obj=5.140424363566755e7 pinf=1224.4391930274912 (990) dinf=1.0002033976466948e-7 (1) time=294.1104555s
[ Info: iter=52657 obj=5.1408326059720084e7 pinf=970.1382463727988 (912) dinf=0.0 (0) time=295.1668579s
[ Info: iter=52817 obj=5.141380025706146e7 pinf=40728.35551199136 (1212) dinf=0.0 (0) time=296.2560943s
[ Info: iter=52977 obj=5.141744279290393e7 pinf=32395.64779621057 (1316) dinf=0.0 (0) time=297.406243s
[ Info: iter=53137 obj=5.14179585419523e7 pinf=18382.54137649714 (1085) dinf=0.0 (0) time=298.5176861s
[ Info: iter=53297 obj=5.14181741628573e7 pinf=1989.8921368909519 (856) dinf=0.0 (0) time=299.8376912s
[ Info: iter=53457 obj=5.1419256432838365e7 pinf=117.62573136146743 (736) dinf=0.0 (0) time=301.062432s
[ Info: iter=53617 obj=5.1423153111314274e7 pinf=376.19720512364364 (675) dinf=0.0 (0) time=302.1012567s
[ Info: iter=53777 obj=5.142559149860758e7 pinf=2.36865771568196 (464) dinf=0.0 (0) time=303.0483878s
[ Info: iter=53937 obj=5.1425688145238616e7 pinf=0.017099416063672424 (334) dinf=0.0 (0) time=303.9229816s
[ Info: iter=54097 obj=5.1425690511841506e7 pinf=0.0021021589273554596 (140) dinf=0.0 (0) time=304.6116065s
[ Info: iter=54207 obj=5.1425691762099e7 pinf=0.0 (0) dinf=3.880542635096045e-7 (3) time=305.1412352s
[ Info: Starting primal cleanup after restoring original costs
[ Info: Starting postsolve cleanup on original LP
[ Info: iter=54210 obj=5.235206235024417e7 pinf=3.4598013117956775e6 (2339) dinf=1.8653946530639387e6 (1337) time=306.3943102s
[ Info: iter=54210 obj=5.142569176209899e7 pinf=0.0 (0) dinf=1.683235239070882e6 (1152) time=307.2016899s
[ Info: Projected postsolve basis: exchanges=373
[ Info: Starting primal postsolve cleanup from feasible basis
[ Info: iter=54290 obj=5.142569176209899e7 pinf=0.0 (0) dinf=1.4355533972652403e6 (1072) time=308.670321s
[ Info: iter=54370 obj=5.142569176209899e7 pinf=0.0 (0) dinf=1.2878994999214187e6 (995) time=309.5316315s
[ Info: iter=54450 obj=5.1425691762099e7 pinf=0.0 (0) dinf=1.1987276065136418e6 (932) time=310.4892249s
[ Info: iter=54530 obj=5.1425691762099e7 pinf=0.0 (0) dinf=976360.5341811377 (846) time=311.5483082s
[ Info: iter=54610 obj=5.142569176209894e7 pinf=0.0 (0) dinf=847268.8791325213 (768) time=312.739229s
[ Info: iter=54690 obj=5.1425691762098975e7 pinf=0.0 (0) dinf=738148.5181026985 (698) time=313.8569721s
[ Info: iter=54770 obj=5.142569176209899e7 pinf=0.0 (0) dinf=651469.1215559328 (646) time=314.9406762s
[ Info: iter=54850 obj=5.142569176209899e7 pinf=0.0 (0) dinf=491259.4189676155 (556) time=316.0588248s
[ Info: iter=54930 obj=5.1425691762099e7 pinf=0.0 (0) dinf=185053.2134054185 (473) time=317.1464193s
[ Info: iter=55010 obj=5.1425691762099e7 pinf=0.0 (0) dinf=129427.67610162686 (410) time=318.2237539s
[ Info: iter=55090 obj=5.1425691762099005e7 pinf=0.0 (0) dinf=86631.20094208753 (324) time=319.2941202s
[ Info: iter=55170 obj=5.1425691762099e7 pinf=0.0 (0) dinf=46868.238687126024 (226) time=320.3609716s
[ Info: iter=55250 obj=5.142569176209899e7 pinf=0.0 (0) dinf=25067.282922909002 (153) time=321.433354s
[ Info: iter=55330 obj=5.142569176209897e7 pinf=0.0 (0) dinf=2307.758017742834 (69) time=322.4804736s
[ Info: Solve finished: status=OPTIMAL objective=5.142569176209898e7 iterations=55390 time=323.2783073s
404.443322 seconds (213.37 M allocations: 19.549 GiB, 1.56% gc time, 20.13% compilation time: <1% of which was recompilation)
5.142569176209898e7
55390 323.2783073

Suhl_Suhl:
Activating project at `C:\Users\jiris\OneDrive\Simplex_tests`
[ Info: Loaded problem: rows=43021 columns=47148 nnz=277210
[ Info: Starting presolve
[ Info: After presolve: rows=28453 columns=31615 nnz=211789
[ Info: iter=80 obj=-77795.80768288011 pinf=246.1482611475381 (370) dinf=0.0 (0) time=3.9343968s
[ Info: iter=160 obj=-12567.36562365837 pinf=125.28552036200347 (292) dinf=0.0 (0) time=4.1370982s
[ Info: iter=240 obj=-817.3518407489901 pinf=22.679308522596607 (156) dinf=0.0 (0) time=4.3920781s
[ Info: iter=257 obj=-7.509524188788395e6 pinf=383149.01107378054 (3089) dinf=36998.32632978309 (226) time=4.4573316s
[ Info: iter=337 obj=-7.808027941838834e6 pinf=109599.0643979763 (3016) dinf=0.0 (0) time=4.7190955s
[ Info: iter=417 obj=-2.2853844035067065e6 pinf=60074.314304500804 (2933) dinf=0.0 (0) time=4.999984s
[ Info: iter=497 obj=-535050.3445318134 pinf=52318.74765579776 (2940) dinf=0.0 (0) time=5.3220876s
[ Info: iter=577 obj=122084.08133958356 pinf=44372.84416298015 (2928) dinf=0.0 (0) time=5.598709s
[ Info: iter=657 obj=665290.614742882 pinf=45840.522811359355 (3079) dinf=0.0 (0) time=5.8773355s
[ Info: iter=737 obj=1.8908270646782801e6 pinf=60594.25151593979 (3177) dinf=0.0 (0) time=6.157433s
[ Info: iter=817 obj=2.6006339619362247e6 pinf=250604.98091050948 (3268) dinf=0.0 (0) time=6.5912268s
[ Info: iter=897 obj=3.2211361672331956e6 pinf=1.0156838147501366e7 (3337) dinf=0.0 (0) time=6.8854976s
[ Info: iter=977 obj=3.9030521088377843e6 pinf=1.0010065878162526e7 (3414) dinf=0.0 (0) time=7.1889102s
[ Info: iter=1057 obj=4.217169262268303e6 pinf=9.934653963827008e6 (3498) dinf=0.0 (0) time=7.499659s
[ Info: iter=1137 obj=4.366749847487903e6 pinf=2.458769657250822e6 (3509) dinf=0.0 (0) time=8.3896378s
[ Info: iter=1217 obj=4.695165711581093e6 pinf=1.1292948386588353e6 (3574) dinf=0.0 (0) time=8.6830269s
[ Info: iter=1297 obj=5.329878520828021e6 pinf=1.0099554728205281e6 (3608) dinf=0.0 (0) time=8.9832006s
[ Info: iter=1377 obj=5.593176383047195e6 pinf=1.0104509769961024e6 (3681) dinf=0.0 (0) time=9.2833281s
[ Info: iter=1457 obj=5.793821769654958e6 pinf=1.013177574777812e6 (3719) dinf=0.0 (0) time=9.7626224s
[ Info: iter=1537 obj=6.064565522841197e6 pinf=1.0205658633363853e6 (3753) dinf=0.0 (0) time=10.0594243s
[ Info: iter=1617 obj=6.159197369739735e6 pinf=1.0290427940840735e6 (3782) dinf=0.0 (0) time=10.3753302s
[ Info: iter=1697 obj=6.160721083700319e6 pinf=1.0783924923604836e6 (3798) dinf=0.0 (0) time=10.6676632s
[ Info: iter=1777 obj=6.351243732230598e6 pinf=1.0823878571094081e6 (3823) dinf=0.0 (0) time=10.9871436s
[ Info: iter=1857 obj=6.656435057632997e6 pinf=1.021267392622421e6 (3864) dinf=0.0 (0) time=11.2883275s
[ Info: iter=1937 obj=6.680257861667741e6 pinf=1.0394696264353478e6 (3877) dinf=0.0 (0) time=11.6080343s
[ Info: iter=2017 obj=6.720382599546667e6 pinf=1.1512585234088607e6 (3900) dinf=0.0 (0) time=11.9557714s
[ Info: iter=2097 obj=6.753003867013871e6 pinf=1.1660638312177593e6 (3914) dinf=0.0 (0) time=12.3433473s
[ Info: iter=2177 obj=6.933431665057529e6 pinf=475321.64668668836 (3959) dinf=0.0 (0) time=12.6978777s
[ Info: iter=2257 obj=6.960379883580625e6 pinf=1.0888058661031458e6 (3994) dinf=0.0 (0) time=13.0285891s
[ Info: iter=2337 obj=6.980152493132128e6 pinf=1.0746112060132597e6 (4022) dinf=0.0 (0) time=13.3605066s
[ Info: iter=2417 obj=7.016354510779019e6 pinf=1.0686560786337783e6 (4037) dinf=0.0 (0) time=13.6915203s
[ Info: iter=2497 obj=7.084474060316143e6 pinf=1.098021462313766e6 (4065) dinf=0.0 (0) time=14.0336457s
[ Info: iter=2577 obj=7.14091092736711e6 pinf=1.1023167012777498e6 (4090) dinf=0.0 (0) time=14.3674681s
[ Info: iter=2657 obj=7.504009729184304e6 pinf=1.2995001411856322e6 (4065) dinf=0.0 (0) time=15.4906586s
[ Info: iter=2737 obj=7.839492297595025e6 pinf=1.281711778584577e6 (4083) dinf=0.0 (0) time=15.8273153s
[ Info: iter=2817 obj=7.877065007121569e6 pinf=1.315888276264555e6 (4096) dinf=0.0 (0) time=16.1696952s
[ Info: iter=2897 obj=8.574940869608942e6 pinf=1.7952916293690328e6 (4115) dinf=0.0 (0) time=16.5193519s
[ Info: iter=2977 obj=8.809519829268144e6 pinf=640212.0363540837 (4120) dinf=0.0 (0) time=16.8585123s
[ Info: iter=3057 obj=1.4409145817823328e7 pinf=640944.6718927147 (4150) dinf=0.0 (0) time=17.1943247s
[ Info: iter=3137 obj=1.5021547706492312e7 pinf=127902.59165244842 (4180) dinf=0.0 (0) time=17.5337588s
[ Info: iter=3217 obj=1.5109607646852821e7 pinf=121015.18239246825 (4167) dinf=0.0 (0) time=17.8752115s
[ Info: iter=3297 obj=1.5132401019277506e7 pinf=151264.7693085862 (4187) dinf=0.0 (0) time=18.2729236s
[ Info: iter=3377 obj=1.520535509790787e7 pinf=3.3473274159452333e6 (4195) dinf=0.0 (0) time=18.6599281s
[ Info: iter=3457 obj=1.5205355097907867e7 pinf=3.349629329832639e6 (4212) dinf=0.0 (0) time=19.0308789s
[ Info: iter=3537 obj=1.5274134205077805e7 pinf=3.552668227466956e6 (4242) dinf=0.0 (0) time=19.4072845s
[ Info: iter=3617 obj=1.52741342050778e7 pinf=3.5280800929645845e6 (4258) dinf=0.0 (0) time=19.7765332s
[ Info: iter=3697 obj=1.5281622987580176e7 pinf=1.6788430067639466e7 (4298) dinf=0.0 (0) time=20.2161091s
[ Info: iter=3777 obj=1.5392840347583523e7 pinf=3.4334131143010864e6 (4271) dinf=0.0 (0) time=20.5791519s
[ Info: iter=3857 obj=1.5599870928505054e7 pinf=3.351761857895565e6 (4305) dinf=0.0 (0) time=20.9590482s
[ Info: iter=3937 obj=1.612114985884616e7 pinf=3.46334115600594e6 (4336) dinf=0.0 (0) time=21.3365133s
[ Info: iter=4017 obj=1.6320601537090026e7 pinf=3.358355471373914e6 (4348) dinf=0.0 (0) time=21.7078527s
[ Info: iter=4097 obj=1.6374979987806251e7 pinf=3.3629162391476375e6 (4370) dinf=0.0 (0) time=22.0874851s
[ Info: iter=4177 obj=1.888218318611817e7 pinf=3.3493953293343713e6 (4411) dinf=0.0 (0) time=22.4855152s
[ Info: iter=4257 obj=1.9030933503316354e7 pinf=3.4529364112051246e6 (4403) dinf=0.0 (0) time=22.8846205s
[ Info: iter=4337 obj=1.903093350331636e7 pinf=3.110182363264587e7 (4413) dinf=0.0 (0) time=23.2742644s
[ Info: iter=4417 obj=1.9316263294103507e7 pinf=1.145805742368518e6 (4421) dinf=0.0 (0) time=23.6621669s
[ Info: iter=4497 obj=2.141456001523143e7 pinf=1.558810754543787e6 (4442) dinf=0.0 (0) time=24.042637s
[ Info: iter=4577 obj=2.2457768804217853e7 pinf=1.610008143020159e6 (4449) dinf=0.0 (0) time=24.4340607s
[ Info: iter=4657 obj=2.246892009518198e7 pinf=1.6096420258354882e6 (4457) dinf=0.0 (0) time=24.8239629s
[ Info: iter=4737 obj=2.2477395438324988e7 pinf=1.6197428012012395e6 (4506) dinf=0.0 (0) time=25.2222258s
[ Info: iter=4817 obj=2.2510672884863473e7 pinf=1.6130804707808155e6 (4536) dinf=0.0 (0) time=25.6290478s
[ Info: iter=4897 obj=2.2574979715586245e7 pinf=996273.4970529574 (4571) dinf=0.0 (0) time=26.0431804s
[ Info: iter=4977 obj=2.3016714849155996e7 pinf=1.0887056849989223e6 (4570) dinf=0.0 (0) time=26.4418828s
[ Info: iter=5057 obj=2.330606695944825e7 pinf=625799.0622399184 (4567) dinf=0.0 (0) time=26.8350752s
[ Info: iter=5137 obj=2.34125937794784e7 pinf=662990.7051724315 (4566) dinf=0.0 (0) time=27.239098s
[ Info: iter=5217 obj=2.3652401448929273e7 pinf=831489.9576162011 (4571) dinf=0.0 (0) time=27.6321461s
[ Info: iter=5297 obj=2.3872227091615934e7 pinf=986741.7386711799 (4595) dinf=0.0 (0) time=28.0337081s
[ Info: iter=5377 obj=2.3885020828092042e7 pinf=1.0269848480089209e6 (4594) dinf=0.0 (0) time=28.4729327s
[ Info: iter=5457 obj=2.3913680070982113e7 pinf=1.0060742547046571e6 (4594) dinf=0.0 (0) time=28.8786786s
[ Info: iter=5537 obj=2.4184458573618457e7 pinf=999008.5936949551 (4611) dinf=0.0 (0) time=29.2951579s
[ Info: iter=5617 obj=2.4314011478215173e7 pinf=666885.3830578703 (4642) dinf=0.0 (0) time=29.7093744s
[ Info: iter=5697 obj=2.4537467237571564e7 pinf=601433.7362945599 (4600) dinf=0.0 (0) time=30.144387s
[ Info: iter=5777 obj=2.482657419608218e7 pinf=301376.34745857364 (4604) dinf=0.0 (0) time=30.5582026s
[ Info: iter=5857 obj=2.5513204105884243e7 pinf=86236.6860195749 (4526) dinf=0.0 (0) time=30.9703891s
[ Info: iter=5937 obj=2.573504117384284e7 pinf=54757.526292297494 (4570) dinf=0.0 (0) time=31.3991915s
[ Info: iter=6017 obj=2.579004371061316e7 pinf=66775.99331269079 (4563) dinf=0.0 (0) time=31.8300624s
[ Info: iter=6097 obj=2.5829797185699318e7 pinf=55628.757837306104 (4654) dinf=0.0 (0) time=32.2595383s
[ Info: iter=6177 obj=2.604031269467257e7 pinf=41883.73857244448 (4614) dinf=0.0 (0) time=32.7161371s
[ Info: iter=6257 obj=2.6096415944564663e7 pinf=53155.39085186276 (4663) dinf=0.0 (0) time=33.1407199s
[ Info: iter=6337 obj=2.619616846330674e7 pinf=53694.22067746512 (4642) dinf=0.0 (0) time=33.5729508s
[ Info: iter=6417 obj=2.622235439398598e7 pinf=39764.23530362949 (4672) dinf=0.0 (0) time=34.0206183s
[ Info: iter=6497 obj=2.625653733991686e7 pinf=42144.42501276289 (4662) dinf=0.0 (0) time=34.4573435s
[ Info: iter=6577 obj=2.628147174089268e7 pinf=67721.67883161455 (4708) dinf=0.0 (0) time=34.9075779s
[ Info: iter=6657 obj=2.6337514189669434e7 pinf=44808.79273600999 (4699) dinf=0.0 (0) time=35.3722427s
[ Info: iter=6737 obj=2.6425511988960043e7 pinf=260120.49951400663 (4777) dinf=0.0 (0) time=35.8149923s
[ Info: iter=6817 obj=2.6469377811796103e7 pinf=59374.90359946168 (4782) dinf=0.0 (0) time=36.2848616s
[ Info: iter=6897 obj=2.650796036451726e7 pinf=70881.22384045346 (4801) dinf=0.0 (0) time=36.7144402s
[ Info: iter=6977 obj=2.657641677751183e7 pinf=132702.90203943217 (4823) dinf=0.0 (0) time=37.2132769s
[ Info: iter=7057 obj=2.6615670324890167e7 pinf=103864.87029588767 (4868) dinf=0.0 (0) time=37.6922048s
[ Info: iter=7137 obj=2.6705937193708744e7 pinf=67712.33348888022 (4849) dinf=0.0 (0) time=38.1746026s
[ Info: iter=7217 obj=2.675212940918871e7 pinf=45360.34599708837 (4851) dinf=0.0 (0) time=38.6641359s
[ Info: iter=7297 obj=2.6948220338246435e7 pinf=73183.95169716196 (4841) dinf=0.0 (0) time=39.1401339s
[ Info: iter=7377 obj=2.724150887959611e7 pinf=112981.54653369193 (4793) dinf=0.0 (0) time=39.5872482s
[ Info: iter=7457 obj=2.734568135845346e7 pinf=47041.92630711877 (4794) dinf=0.0 (0) time=40.0443324s
[ Info: iter=7537 obj=2.7434413897446625e7 pinf=152089.710271768 (4826) dinf=0.0 (0) time=40.5430058s
[ Info: iter=7617 obj=2.746788010341704e7 pinf=167052.99535886606 (4860) dinf=0.0 (0) time=41.0504011s
[ Info: iter=7697 obj=2.7530393793182634e7 pinf=100338.59627788191 (4857) dinf=0.0 (0) time=41.5404938s
[ Info: iter=7777 obj=2.7584786335239843e7 pinf=216216.45425220265 (4869) dinf=0.0 (0) time=42.0103903s
[ Info: iter=7857 obj=2.7598374884991422e7 pinf=56677.40987483447 (4819) dinf=0.0 (0) time=42.523443s
[ Info: iter=7937 obj=2.7878872996805612e7 pinf=44960.390405034654 (4817) dinf=0.0 (0) time=42.9830807s
[ Info: iter=8017 obj=2.811048554300949e7 pinf=89916.19594037767 (4880) dinf=0.0 (0) time=43.4941359s
[ Info: iter=8097 obj=2.8229750352126747e7 pinf=100548.36371448165 (4949) dinf=0.0 (0) time=43.9975468s
[ Info: iter=8177 obj=2.9051337970611915e7 pinf=186669.23508051457 (4948) dinf=0.0 (0) time=44.4992904s
[ Info: iter=8257 obj=2.9257555257846825e7 pinf=70118.99701728868 (4978) dinf=0.0 (0) time=44.9843488s
[ Info: iter=8337 obj=2.9285871000514783e7 pinf=64801.41648346128 (5057) dinf=0.0 (0) time=45.4953081s
[ Info: iter=8417 obj=2.9299496023825318e7 pinf=51499.30965195515 (5020) dinf=0.0 (0) time=46.0214968s
[ Info: iter=8497 obj=2.932333668951692e7 pinf=76327.26580608968 (5043) dinf=0.0 (0) time=46.5289294s
[ Info: iter=8577 obj=2.9329815817753077e7 pinf=47857.28663771371 (4995) dinf=0.0 (0) time=47.0592299s
[ Info: iter=8657 obj=2.93378636911062e7 pinf=57394.775866808835 (4998) dinf=0.0 (0) time=47.5721777s
[ Info: iter=8737 obj=2.941574512395906e7 pinf=205086.1824533814 (5113) dinf=0.0 (0) time=48.0624738s
[ Info: iter=8817 obj=2.982768947770398e7 pinf=854385.4327522719 (5097) dinf=0.0 (0) time=48.5577686s
[ Info: iter=8897 obj=2.985010601753e7 pinf=46707.08414367097 (5018) dinf=0.0 (0) time=49.0678738s
[ Info: iter=8977 obj=3.0094072054813743e7 pinf=45826.438867189725 (5042) dinf=0.0 (0) time=49.6098816s
[ Info: iter=9057 obj=3.034654473788113e7 pinf=48390.88688445908 (5034) dinf=0.0 (0) time=50.1742024s
[ Info: iter=9137 obj=3.0365761963237166e7 pinf=2.3755169180016113e6 (5021) dinf=0.0 (0) time=50.7132863s
[ Info: iter=9217 obj=3.039347023031795e7 pinf=101015.40132480608 (5043) dinf=0.0 (0) time=51.2453153s
[ Info: iter=9297 obj=3.0593055031904746e7 pinf=311273.4042218866 (5148) dinf=0.0 (0) time=51.7951929s
[ Info: iter=9377 obj=3.0793610011304334e7 pinf=566850.2529856705 (5185) dinf=0.0 (0) time=52.3701121s
[ Info: iter=9457 obj=3.1136578104034897e7 pinf=166569.12376657297 (5056) dinf=0.0 (0) time=52.9240429s
[ Info: iter=9537 obj=3.1270853885325618e7 pinf=108356.21574869369 (5054) dinf=0.0 (0) time=53.5309035s
[ Info: iter=9617 obj=3.1743466914552256e7 pinf=166694.89822823295 (5004) dinf=0.0 (0) time=54.0818931s
[ Info: iter=9697 obj=3.176409389392694e7 pinf=102394.4915133799 (4999) dinf=0.0 (0) time=54.6907132s
[ Info: iter=9777 obj=3.17707404132915e7 pinf=1.5090637598005282e6 (5247) dinf=0.0 (0) time=55.2475816s
[ Info: iter=9857 obj=3.1854876102561984e7 pinf=846747.3033561669 (5178) dinf=0.0 (0) time=55.7949172s
[ Info: iter=9937 obj=3.194242578178959e7 pinf=63713.15570873191 (5041) dinf=0.0 (0) time=56.3644179s
[ Info: iter=10017 obj=3.2336647742011048e7 pinf=909197.3308891781 (5220) dinf=0.0 (0) time=56.9845415s
[ Info: iter=10097 obj=3.2396587255815305e7 pinf=86504.7717220851 (5073) dinf=0.0 (0) time=57.577586s
[ Info: iter=10177 obj=3.2508244852530904e7 pinf=33885.15772025429 (4961) dinf=0.0 (0) time=58.1681681s
[ Info: iter=10257 obj=3.252327595535842e7 pinf=330028.9980625207 (4976) dinf=0.0 (0) time=58.8000516s
[ Info: iter=10337 obj=3.2570355056744177e7 pinf=126129.12315514396 (5092) dinf=0.0 (0) time=59.3901418s
[ Info: iter=10417 obj=3.2621825018325333e7 pinf=44326.76771162288 (5024) dinf=0.0 (0) time=59.9888937s
[ Info: iter=10497 obj=3.2646262119240683e7 pinf=44668.9392717936 (5051) dinf=0.0 (0) time=60.6021979s
[ Info: iter=10577 obj=3.2680129591263823e7 pinf=53902.27605838119 (5044) dinf=0.0 (0) time=61.2247053s
[ Info: iter=10657 obj=3.2704373289698925e7 pinf=63067.71030520268 (5083) dinf=0.0 (0) time=61.8205857s
[ Info: iter=10737 obj=3.3036982051388938e7 pinf=268924.7915294214 (5165) dinf=0.0 (0) time=62.4797952s
[ Info: iter=10817 obj=3.305629125056719e7 pinf=463849.7678468037 (5158) dinf=0.0 (0) time=63.1029584s
[ Info: iter=10897 obj=3.30897413137191e7 pinf=31182.891838739924 (4966) dinf=0.0 (0) time=63.8521666s
[ Info: iter=10977 obj=3.312196647370301e7 pinf=61320.30648195346 (5124) dinf=0.0 (0) time=64.4190638s
[ Info: iter=11057 obj=3.32748691291365e7 pinf=101177.31073007511 (5063) dinf=0.0 (0) time=64.975075s
[ Info: iter=11137 obj=3.379727625595262e7 pinf=55537.329841246465 (5084) dinf=0.0 (0) time=65.5730248s
[ Info: iter=11217 obj=3.381377364439183e7 pinf=38828.79398383821 (5083) dinf=0.0 (0) time=66.1351684s
[ Info: iter=11297 obj=3.3832204318580166e7 pinf=71141.43941639483 (5104) dinf=0.0 (0) time=66.7182108s
[ Info: iter=11377 obj=3.3856403798578165e7 pinf=116326.14314668479 (5220) dinf=0.0 (0) time=67.3069727s
[ Info: iter=11457 obj=3.387225736038053e7 pinf=26575.258179148415 (5074) dinf=0.0 (0) time=67.9253086s
[ Info: iter=11537 obj=3.38784051275566e7 pinf=29427.858211110575 (5140) dinf=0.0 (0) time=68.4767948s
[ Info: iter=11617 obj=3.389265181460861e7 pinf=174927.85214178596 (5289) dinf=0.0 (0) time=69.1285486s
[ Info: iter=11697 obj=3.390009771728269e7 pinf=69663.05635745572 (5192) dinf=0.0 (0) time=69.713064s
[ Info: iter=11777 obj=3.392057145149718e7 pinf=66618.39444991971 (5251) dinf=0.0 (0) time=70.3292214s
[ Info: iter=11857 obj=3.393853022249837e7 pinf=34423.28907319262 (5146) dinf=0.0 (0) time=70.9220051s
[ Info: iter=11937 obj=3.39531115362293e7 pinf=52546.38342421451 (5191) dinf=0.0 (0) time=71.5415345s
[ Info: iter=12017 obj=3.397426269962306e7 pinf=122830.3357399962 (5338) dinf=0.0 (0) time=72.1712321s
[ Info: iter=12097 obj=3.514676958151273e7 pinf=40868.93477821176 (5117) dinf=0.0 (0) time=72.749086s
[ Info: iter=12177 obj=3.516086881517841e7 pinf=44471.831949865074 (5179) dinf=0.0 (0) time=73.3770725s
[ Info: iter=12257 obj=3.5165720844139375e7 pinf=37524.647715500374 (5133) dinf=0.0 (0) time=74.0176374s
[ Info: iter=12337 obj=3.518252241249465e7 pinf=136539.56577742717 (5333) dinf=0.0 (0) time=74.6451659s
[ Info: iter=12417 obj=3.522124212425869e7 pinf=32522.331258689024 (5174) dinf=0.0 (0) time=75.2762012s
[ Info: iter=12497 obj=3.5230308874363974e7 pinf=167292.52412420293 (5138) dinf=0.0 (0) time=75.8694849s
[ Info: iter=12577 obj=3.525304904637608e7 pinf=25089.914773026758 (5155) dinf=0.0 (0) time=76.4696622s
[ Info: iter=12657 obj=3.530826346540998e7 pinf=57439.8151557488 (5196) dinf=0.0 (0) time=77.0561065s
[ Info: iter=12737 obj=3.538339750174471e7 pinf=76991.16377521829 (5306) dinf=0.0 (0) time=77.6319884s
[ Info: iter=12817 obj=3.5526074212033376e7 pinf=42497.69312643278 (5338) dinf=0.0 (0) time=78.2253483s
[ Info: iter=12897 obj=3.56134676019686e7 pinf=47697.79705464445 (5316) dinf=0.0 (0) time=78.8716825s
[ Info: iter=12977 obj=3.564215128011008e7 pinf=177077.63113277254 (5310) dinf=0.0 (0) time=79.4591894s
[ Info: iter=13057 obj=3.566338798709211e7 pinf=166293.5432747744 (5463) dinf=0.0 (0) time=80.1327134s
[ Info: iter=13137 obj=3.620144425396617e7 pinf=68821.81729023888 (5394) dinf=0.0 (0) time=80.7506768s
[ Info: iter=13217 obj=3.6247517983033374e7 pinf=63592.07282040146 (5313) dinf=0.0 (0) time=81.4324031s
[ Info: iter=13297 obj=3.67601073623001e7 pinf=1.15156102438897e7 (5473) dinf=0.0 (0) time=82.0720293s
[ Info: iter=13377 obj=3.683090627930099e7 pinf=3.632663177210556e7 (5562) dinf=0.0 (0) time=82.7786515s
[ Info: iter=13457 obj=3.6876731448286444e7 pinf=6.5789514599896476e7 (5591) dinf=0.0 (0) time=83.452036s
[ Info: iter=13537 obj=3.6955222231238306e7 pinf=326969.5843796421 (5358) dinf=0.0 (0) time=84.0941003s
[ Info: iter=13617 obj=3.6961579360710666e7 pinf=52073.110330835385 (5384) dinf=0.0 (0) time=84.7282326s
[ Info: iter=13697 obj=3.6969121874783605e7 pinf=149361.03224900656 (5427) dinf=0.0 (0) time=85.3979044s
[ Info: iter=13777 obj=3.69862674821566e7 pinf=305976.05709259264 (5459) dinf=0.0 (0) time=86.0360495s
[ Info: iter=13857 obj=3.719780971237166e7 pinf=31692.684136531858 (5346) dinf=0.0 (0) time=86.7127993s
[ Info: iter=13937 obj=3.722221216947608e7 pinf=55867.976821765296 (5454) dinf=0.0 (0) time=87.3596369s
[ Info: iter=14017 obj=3.7229279920330204e7 pinf=31953.21513223055 (5399) dinf=0.0 (0) time=88.0186549s
[ Info: iter=14097 obj=3.725530829537454e7 pinf=248406.24684987086 (5518) dinf=0.0 (0) time=88.6288301s
[ Info: iter=14177 obj=3.729135416515175e7 pinf=158224.42495075552 (5522) dinf=0.0 (0) time=89.3385676s
[ Info: iter=14257 obj=3.73640678337864e7 pinf=44374.54256260838 (5505) dinf=0.0 (0) time=90.1413192s
[ Info: iter=14337 obj=3.7376077993055895e7 pinf=650209.9455861722 (5763) dinf=0.0 (0) time=90.8099392s
[ Info: iter=14417 obj=3.739137604429292e7 pinf=60263.026676092326 (5488) dinf=0.0 (0) time=91.5144796s
[ Info: iter=14497 obj=3.741714171298453e7 pinf=187858.1701112221 (5490) dinf=0.0 (0) time=92.1817613s
[ Info: iter=14577 obj=3.7452141466493696e7 pinf=107282.76503471685 (5478) dinf=0.0 (0) time=92.8960751s
[ Info: iter=14657 obj=3.746502546311844e7 pinf=29559.048920296125 (5456) dinf=0.0 (0) time=93.530674s
[ Info: iter=14737 obj=3.7560927391209565e7 pinf=51607.29476409557 (5477) dinf=0.0 (0) time=94.1698307s
[ Info: iter=14817 obj=3.76170129768631e7 pinf=66139.87701030326 (5443) dinf=0.0 (0) time=94.8522502s
[ Info: iter=14897 obj=3.7633987384690106e7 pinf=167855.39067999338 (5475) dinf=0.0 (0) time=95.5069103s
[ Info: iter=14977 obj=3.769529595492011e7 pinf=201988.17790992232 (5551) dinf=0.0 (0) time=96.1723896s
[ Info: iter=15057 obj=3.780019447976781e7 pinf=521087.34419431054 (5699) dinf=0.0 (0) time=96.8370165s
[ Info: iter=15137 obj=3.82050381913511e7 pinf=60382.92263342059 (5532) dinf=0.0 (0) time=97.5548495s
[ Info: iter=15217 obj=3.882516365863014e7 pinf=22179.187795054746 (5407) dinf=0.0 (0) time=98.2368065s
[ Info: iter=15297 obj=3.8855133357344426e7 pinf=29589.36409015257 (5410) dinf=0.0 (0) time=98.9105633s
[ Info: iter=15377 obj=3.8970840120604664e7 pinf=135691.22323169507 (5488) dinf=0.0 (0) time=99.5944825s
[ Info: iter=15457 obj=3.900172163559757e7 pinf=150993.59961492108 (5548) dinf=0.0 (0) time=100.2556937s
[ Info: iter=15537 obj=3.9103433384525776e7 pinf=178363.6112321795 (5483) dinf=0.0 (0) time=100.9399637s
[ Info: iter=15617 obj=3.913881111115489e7 pinf=171638.16827591174 (5556) dinf=0.0 (0) time=101.6303642s
[ Info: iter=15697 obj=3.915386103837934e7 pinf=94320.8818701167 (5529) dinf=0.0 (0) time=102.3334578s
[ Info: iter=15857 obj=3.976290864693339e7 pinf=128521.58576574776 (5512) dinf=0.0 (0) time=103.733983s
[ Info: iter=16017 obj=3.998239075657704e7 pinf=614366.7127736765 (5688) dinf=0.0 (0) time=105.357035s
[ Info: iter=16177 obj=4.0529895444038115e7 pinf=1.692460552915615e6 (5807) dinf=0.0 (0) time=106.8677294s
[ Info: iter=16337 obj=4.072980972578796e7 pinf=261854.24119253427 (5577) dinf=0.0 (0) time=108.6148923s
[ Info: iter=16497 obj=4.092327926570545e7 pinf=1.054321869209923e7 (5877) dinf=0.0 (0) time=110.1505914s
[ Info: iter=16657 obj=4.127144149464962e7 pinf=1.5974741528341483e7 (5877) dinf=0.0 (0) time=111.6542838s
[ Info: iter=16817 obj=4.1304283456460014e7 pinf=2.6690542127912934e6 (5672) dinf=0.0 (0) time=113.3995623s
[ Info: iter=16977 obj=4.134400913261368e7 pinf=2.503469052666679e6 (5734) dinf=0.0 (0) time=115.0890034s
[ Info: iter=17137 obj=4.153278814713742e7 pinf=2.16162645571769e7 (5701) dinf=0.0 (0) time=116.6834093s
[ Info: iter=17297 obj=4.155952479141545e7 pinf=485183.24697748804 (5479) dinf=0.0 (0) time=118.2514633s
[ Info: iter=17457 obj=4.161531818092921e7 pinf=310025.2158441413 (5292) dinf=0.0 (0) time=119.9273936s
[ Info: iter=17617 obj=4.164657589460138e7 pinf=826714.2642403183 (5398) dinf=0.0 (0) time=121.6562158s
[ Info: iter=17777 obj=4.1736259372521706e7 pinf=894853.2573533639 (5346) dinf=0.0 (0) time=123.3392209s
[ Info: iter=17937 obj=4.1972930908370666e7 pinf=4.717037515525835e6 (5418) dinf=0.0 (0) time=124.9549275s
[ Info: iter=18097 obj=4.202081315623144e7 pinf=1.9461001734756895e6 (5389) dinf=0.0 (0) time=126.6000817s
[ Info: iter=18257 obj=4.206783039826871e7 pinf=1.3345710092308894e6 (5388) dinf=0.0 (0) time=128.6070514s
[ Info: iter=18417 obj=4.214740180851197e7 pinf=770195.1165483984 (5415) dinf=0.0 (0) time=130.3622499s
[ Info: iter=18577 obj=4.218086435404809e7 pinf=4.09539628551861e6 (5671) dinf=0.0 (0) time=132.2093042s
[ Info: iter=18737 obj=4.239162910239342e7 pinf=253474.18578615392 (5324) dinf=0.0 (0) time=133.9356651s
[ Info: iter=18897 obj=4.2469258893166125e7 pinf=3.558132458375753e6 (5632) dinf=0.0 (0) time=135.7144999s
[ Info: iter=19057 obj=4.249209801832401e7 pinf=324293.5320741456 (5283) dinf=0.0 (0) time=137.5775678s
[ Info: iter=19217 obj=4.250799783518802e7 pinf=263518.13133829506 (5379) dinf=0.0 (0) time=139.48427s
[ Info: iter=19377 obj=4.256778797335221e7 pinf=4.842411658073354e6 (5562) dinf=0.0 (0) time=141.3247812s
[ Info: iter=19537 obj=4.25939081276264e7 pinf=3.575361858925312e6 (5507) dinf=0.0 (0) time=143.2385028s
[ Info: iter=19697 obj=4.2618248539483294e7 pinf=1.8017881869663706e6 (5307) dinf=0.0 (0) time=145.2027025s
[ Info: iter=19857 obj=4.26382636800457e7 pinf=607839.7294000997 (5179) dinf=0.0 (0) time=146.856962s
[ Info: iter=20017 obj=4.265634471557214e7 pinf=397360.3989841008 (5132) dinf=0.0 (0) time=148.7214792s
[ Info: iter=20177 obj=4.269675016930489e7 pinf=1.5168188670577626e6 (5349) dinf=0.0 (0) time=150.6735844s
[ Info: iter=20337 obj=4.274052184193753e7 pinf=2.3009804405525895e6 (5520) dinf=0.0 (0) time=152.6089073s
[ Info: iter=20497 obj=4.2773309768197335e7 pinf=8.02628689534648e7 (5763) dinf=0.0 (0) time=154.5821023s
[ Info: iter=20657 obj=4.285589418618688e7 pinf=169572.93936427624 (5316) dinf=0.0 (0) time=156.4704096s
[ Info: iter=20817 obj=4.289974823825636e7 pinf=1.2675775724842218e8 (5647) dinf=0.0 (0) time=158.4020426s
[ Info: iter=20977 obj=4.297427151812942e7 pinf=606343.5957686489 (5219) dinf=0.0 (0) time=160.3732583s
[ Info: iter=21137 obj=4.306209158405412e7 pinf=1.2631928482446217e6 (5274) dinf=0.0 (0) time=162.2830725s
[ Info: iter=21297 obj=4.308174514165425e7 pinf=1.430791821031717e8 (5230) dinf=0.0 (0) time=165.1173412s
[ Info: iter=21457 obj=4.3102834967907034e7 pinf=1.7178582535234268e6 (5478) dinf=0.0 (0) time=167.1990827s
[ Info: iter=21617 obj=4.311499123693779e7 pinf=85541.23196923218 (5139) dinf=0.0 (0) time=169.1877479s
[ Info: iter=21777 obj=4.312448631048202e7 pinf=689479.4739431122 (5570) dinf=0.0 (0) time=171.4644766s
[ Info: iter=21937 obj=4.313423800810595e7 pinf=2.2631776636493723e6 (5681) dinf=0.0 (0) time=173.4314098s
[ Info: iter=22097 obj=4.315177711833431e7 pinf=1.1895970624170844e6 (5563) dinf=0.0 (0) time=175.3492123s
[ Info: iter=22257 obj=4.338326948305993e7 pinf=8.855886661430655e6 (5625) dinf=0.0 (0) time=177.2926541s
[ Info: iter=22417 obj=4.344272414878863e7 pinf=2.3304516549450193e7 (5662) dinf=0.0 (0) time=179.2682162s
[ Info: iter=22577 obj=4.368344983082625e7 pinf=457613.48188093246 (5426) dinf=0.0 (0) time=181.2812878s
[ Info: iter=22737 obj=4.377215716249416e7 pinf=2.4820317351035345e6 (5638) dinf=0.0 (0) time=183.3802621s
[ Info: iter=22897 obj=4.3812879620638095e7 pinf=188131.11358645593 (5321) dinf=0.0 (0) time=185.4547193s
[ Info: iter=23057 obj=4.3838183243265204e7 pinf=4.760026794492477e8 (5673) dinf=0.0 (0) time=187.459803s
[ Info: iter=23217 obj=4.393792878259735e7 pinf=271370.0404650936 (5300) dinf=0.0 (0) time=189.3784761s
[ Info: iter=23377 obj=4.409510226499735e7 pinf=1.0645678526765206e6 (5392) dinf=0.0 (0) time=191.4642409s
[ Info: iter=23537 obj=4.415120922649008e7 pinf=4.3265666816642955e6 (5505) dinf=0.0 (0) time=193.5852119s
[ Info: iter=23697 obj=4.416564791826148e7 pinf=4.719082704801813e6 (5324) dinf=0.0 (0) time=195.5219026s
[ Info: iter=23857 obj=4.424394014454804e7 pinf=509589.25056668353 (5348) dinf=0.0 (0) time=197.4385932s
[ Info: iter=24017 obj=4.424673724781586e7 pinf=90048.59757992215 (5063) dinf=0.0 (0) time=199.2157953s
[ Info: iter=24177 obj=4.425434077857831e7 pinf=675763.2502464232 (5530) dinf=0.0 (0) time=201.4520618s
[ Info: iter=24337 obj=4.427626055205018e7 pinf=739341.2667539634 (5362) dinf=0.0 (0) time=203.7088403s
[ Info: iter=24497 obj=4.441563231988605e7 pinf=222092.03639863705 (5278) dinf=0.0 (0) time=205.8583626s
[ Info: iter=24657 obj=4.4682828551592425e7 pinf=88349.09404133778 (4991) dinf=0.0 (0) time=208.035976s
[ Info: iter=24817 obj=4.4726805170425445e7 pinf=6.332594005715061e6 (5327) dinf=0.0 (0) time=210.165136s
[ Info: iter=24977 obj=4.477305466223766e7 pinf=148306.84389692234 (5059) dinf=0.0 (0) time=212.2744907s
[ Info: iter=25137 obj=4.490030019772516e7 pinf=3.1589045193627244e6 (5575) dinf=0.0 (0) time=214.3848996s
[ Info: iter=25297 obj=4.497789623625457e7 pinf=3.0306324566482585e6 (5239) dinf=0.0 (0) time=216.6550343s
[ Info: iter=25457 obj=4.4992257936794244e7 pinf=274891.441197416 (5089) dinf=0.0 (0) time=219.0432275s
[ Info: iter=25617 obj=4.500386220267927e7 pinf=930577.2590267449 (5411) dinf=0.0 (0) time=221.3149862s
[ Info: iter=25777 obj=4.509282589819955e7 pinf=1.0395356965817686e6 (5235) dinf=0.0 (0) time=223.5379556s
[ Info: iter=25937 obj=4.520202789555929e7 pinf=3.5948666056086314e6 (5611) dinf=0.0 (0) time=225.841021s
[ Info: iter=26097 obj=4.5392356166449554e7 pinf=2.5650932134308275e6 (5474) dinf=0.0 (0) time=227.9028321s
[ Info: iter=26257 obj=4.5538543505744286e7 pinf=195745.25982711668 (4981) dinf=0.0 (0) time=229.9771797s
[ Info: iter=26417 obj=4.55498039917714e7 pinf=1.9899607024334471e6 (5343) dinf=0.0 (0) time=232.181886s
[ Info: iter=26577 obj=4.5555409995323785e7 pinf=555342.0858590746 (5343) dinf=0.0 (0) time=234.4516305s
[ Info: iter=26737 obj=4.556203197767973e7 pinf=1.2199424377592609e6 (5409) dinf=0.0 (0) time=236.8957459s
[ Info: iter=26897 obj=4.558950248997012e7 pinf=894794.7486475956 (5293) dinf=0.0 (0) time=239.3471414s
[ Info: iter=27057 obj=4.564104339652796e7 pinf=207460.45829744227 (5149) dinf=0.0 (0) time=241.6310709s
[ Info: iter=27217 obj=4.565651454757808e7 pinf=990975.49737252 (5413) dinf=0.0 (0) time=243.9801141s
[ Info: iter=27377 obj=4.566076060913995e7 pinf=1.9842011283103866e6 (5419) dinf=0.0 (0) time=246.6432574s
[ Info: iter=27537 obj=4.5672844117592536e7 pinf=4.065984474778446e7 (5575) dinf=0.0 (0) time=249.2019638s
[ Info: iter=27697 obj=4.576659501964764e7 pinf=138295.87442442612 (4859) dinf=0.0 (0) time=251.5332298s
[ Info: iter=27857 obj=4.577223992962319e7 pinf=577067.3519946615 (5195) dinf=0.0 (0) time=253.9435656s
[ Info: iter=28017 obj=4.577825418846161e7 pinf=1.3210184528014294e6 (5066) dinf=0.0 (0) time=256.3197565s
[ Info: iter=28177 obj=4.578752158028831e7 pinf=1.9466343156259537e6 (5113) dinf=0.0 (0) time=258.5943046s
[ Info: iter=28337 obj=4.585565682781617e7 pinf=1.319653645584435e6 (4881) dinf=0.0 (0) time=260.9111764s
[ Info: iter=28497 obj=4.5928862118025206e7 pinf=1.6267305686054777e6 (5272) dinf=0.0 (0) time=263.3196093s
[ Info: iter=28657 obj=4.61114480263003e7 pinf=328296.78642965533 (4932) dinf=0.0 (0) time=265.6999082s
[ Info: iter=28817 obj=4.611651773795e7 pinf=586347.957536015 (4937) dinf=0.0 (0) time=268.1386183s
[ Info: iter=28977 obj=4.6118939737121224e7 pinf=553026.0719478196 (4998) dinf=0.0 (0) time=270.7028189s
[ Info: iter=29137 obj=4.6124181049553476e7 pinf=275240.65738707886 (4825) dinf=0.0 (0) time=273.20606s
[ Info: iter=29297 obj=4.6132462666484654e7 pinf=331480.69025218004 (4907) dinf=0.0 (0) time=275.770529s
[ Info: iter=29457 obj=4.6137194867436096e7 pinf=636768.0376368284 (4908) dinf=0.0 (0) time=278.1951727s
[ Info: iter=29617 obj=4.644983645428063e7 pinf=132264.03746872483 (4600) dinf=0.0 (0) time=280.5006226s
[ Info: iter=29777 obj=4.646538839436044e7 pinf=1.6053028590260409e6 (4975) dinf=0.0 (0) time=282.9539142s
[ Info: iter=29937 obj=4.652444037823268e7 pinf=5.057829480839059e6 (5221) dinf=0.0 (0) time=285.308413s
[ Info: iter=30097 obj=4.662031657453578e7 pinf=5.816474194605873e6 (5303) dinf=0.0 (0) time=287.9249128s
[ Info: iter=30257 obj=4.664018730081034e7 pinf=728009.9113506138 (4869) dinf=0.0 (0) time=290.4653836s
[ Info: iter=30417 obj=4.664556495647916e7 pinf=2.9723148529039416e6 (5048) dinf=0.0 (0) time=295.6707868s
[ Info: iter=30577 obj=4.670376147346408e7 pinf=7.4889232735973615e6 (5015) dinf=0.0 (0) time=298.2293455s
[ Info: iter=30737 obj=4.686763424194037e7 pinf=1.325665595570445e7 (5132) dinf=0.0 (0) time=300.6137408s
[ Info: iter=30897 obj=4.694526834417334e7 pinf=2.302122345925721e7 (5021) dinf=0.0 (0) time=303.0879776s
[ Info: iter=31057 obj=4.6951583339991316e7 pinf=134913.83026108693 (4520) dinf=0.0 (0) time=305.754144s
[ Info: iter=31217 obj=4.695938918820308e7 pinf=244834.1404997577 (4692) dinf=0.0 (0) time=308.3454266s
[ Info: iter=31377 obj=4.701410773342491e7 pinf=1.6817930016894392e6 (4877) dinf=0.0 (0) time=310.8965874s
[ Info: iter=31537 obj=4.71542814380992e7 pinf=6.251236206478801e8 (5202) dinf=0.0 (0) time=313.3878907s
[ Info: iter=31697 obj=4.7311654037622154e7 pinf=130521.59706798501 (4403) dinf=0.0 (0) time=315.8976878s
[ Info: iter=31857 obj=4.7542780658537894e7 pinf=1.1607801873636781e6 (4582) dinf=0.0 (0) time=318.3331415s
[ Info: iter=32017 obj=4.755646748761116e7 pinf=1.582219052826116e6 (4653) dinf=0.0 (0) time=321.0909988s
[ Info: iter=32177 obj=4.7581069127537176e7 pinf=1.316302994282629e7 (5079) dinf=0.0 (0) time=323.6940512s
[ Info: iter=32337 obj=4.762608459687437e7 pinf=309301.23106033774 (4478) dinf=0.0 (0) time=326.5082476s
[ Info: iter=32497 obj=4.763028204058093e7 pinf=1.0942548786253969e6 (4649) dinf=0.0 (0) time=329.5277599s
[ Info: iter=32657 obj=4.763808762310451e7 pinf=280974.4901161323 (4514) dinf=0.0 (0) time=332.0844382s
[ Info: iter=32817 obj=4.764346611535693e7 pinf=1.6837081216176865e8 (5193) dinf=0.0 (0) time=334.8582715s
[ Info: iter=32977 obj=4.77924859373099e7 pinf=6.66019707374214e6 (4939) dinf=0.0 (0) time=337.414291s
[ Info: iter=33137 obj=4.803671307789943e7 pinf=1.2705791554287994e7 (5052) dinf=0.0 (0) time=340.0009865s
[ Info: iter=33297 obj=4.808264886910086e7 pinf=3.47190353694371e6 (4643) dinf=0.0 (0) time=342.8720625s
[ Info: iter=33457 obj=4.820566216639272e7 pinf=1.2736313910686191e7 (5145) dinf=0.0 (0) time=345.5159273s
[ Info: iter=33617 obj=4.87767317151468e7 pinf=64112.12136866128 (4200) dinf=0.0 (0) time=347.8714783s
[ Info: iter=33777 obj=4.8815691035301335e7 pinf=132805.93639473632 (4280) dinf=0.0 (0) time=350.4808837s
[ Info: iter=33937 obj=4.881917803932945e7 pinf=893908.6539295792 (4436) dinf=0.0 (0) time=353.4388875s
[ Info: iter=34097 obj=4.882418012300983e7 pinf=802043.9830557934 (4443) dinf=0.0 (0) time=356.1974518s
[ Info: iter=34257 obj=4.882809858547008e7 pinf=266335.90070938057 (4234) dinf=0.0 (0) time=358.9490088s
[ Info: iter=34417 obj=4.8830197659220286e7 pinf=2.9025108422889123e6 (4620) dinf=0.0 (0) time=361.6030436s
[ Info: iter=34577 obj=4.8834009842877276e7 pinf=1.2492080359750109e7 (4888) dinf=0.0 (0) time=364.3969415s
[ Info: iter=34737 obj=4.883900288332916e7 pinf=283338.23686247657 (4384) dinf=0.0 (0) time=367.1590112s
[ Info: iter=34897 obj=4.884299427082593e7 pinf=3.4066989785249275e6 (4842) dinf=0.0 (0) time=370.0153064s
[ Info: iter=35057 obj=4.885205898433747e7 pinf=497911.7827891622 (4313) dinf=0.0 (0) time=372.7770838s
[ Info: iter=35217 obj=4.885751913106727e7 pinf=1.987499472143811e6 (4326) dinf=0.0 (0) time=375.6086008s
[ Info: iter=35377 obj=4.888277363790907e7 pinf=171923.7934606967 (4203) dinf=0.0 (0) time=378.4646041s
[ Info: iter=35537 obj=4.8890640932343334e7 pinf=4.0164607204672513e6 (4697) dinf=0.0 (0) time=381.2315844s
[ Info: iter=35697 obj=4.8895399471126124e7 pinf=71538.59876869562 (3847) dinf=0.0 (0) time=383.8034573s
[ Info: iter=35857 obj=4.889898713887244e7 pinf=97899.59003826429 (4075) dinf=0.0 (0) time=386.7549196s
[ Info: iter=36017 obj=4.894885382276188e7 pinf=6.475133733408401e6 (4468) dinf=0.0 (0) time=389.3937248s
[ Info: iter=36177 obj=4.8958345808547266e7 pinf=259008.76450589646 (4083) dinf=0.0 (0) time=392.4559287s
[ Info: iter=36337 obj=4.896251268353622e7 pinf=1.3848500442369834e6 (4404) dinf=0.0 (0) time=395.16563s
[ Info: iter=36497 obj=4.908814624862936e7 pinf=285930.3130555949 (3995) dinf=0.0 (0) time=397.8975527s
[ Info: iter=36657 obj=4.911496561275618e7 pinf=701558.2857753701 (4421) dinf=0.0 (0) time=400.7503124s
[ Info: iter=36817 obj=4.914837069750402e7 pinf=296757.9831113118 (4124) dinf=0.0 (0) time=403.6381338s
[ Info: iter=36977 obj=4.91514547295734e7 pinf=5.298497392484266e6 (4539) dinf=0.0 (0) time=406.8101434s
[ Info: iter=37137 obj=4.919241360349864e7 pinf=6.397844737145622e6 (4686) dinf=0.0 (0) time=409.6817177s
[ Info: iter=37297 obj=4.927980292574003e7 pinf=104857.97213231077 (3798) dinf=0.0 (0) time=412.3113126s
[ Info: iter=37457 obj=4.9290266399386875e7 pinf=8.051065753965937e6 (4694) dinf=0.0 (0) time=415.0478787s
[ Info: iter=37617 obj=4.938619262672431e7 pinf=3.2057119249215135e6 (4592) dinf=0.0 (0) time=417.7953379s
[ Info: iter=37777 obj=4.955984650972756e7 pinf=584251.9312014545 (4229) dinf=0.0 (0) time=420.491246s
[ Info: iter=37937 obj=4.957872308907941e7 pinf=4.670984106071761e6 (4711) dinf=0.0 (0) time=423.6626869s
[ Info: iter=38097 obj=4.972248805396728e7 pinf=1.8834621170973398e7 (5062) dinf=0.0 (0) time=426.5765252s
[ Info: iter=38257 obj=4.977834468744133e7 pinf=3.2419989616293386e6 (4572) dinf=0.0 (0) time=429.4103969s
[ Info: iter=38417 obj=4.984655807329012e7 pinf=2.717486803256808e6 (4518) dinf=0.0 (0) time=432.2064674s
[ Info: iter=38577 obj=4.9855799489990726e7 pinf=1.6384711712783156e6 (4453) dinf=0.0 (0) time=435.2045285s
[ Info: iter=38737 obj=4.985963905225811e7 pinf=4.241477072529689e6 (4667) dinf=0.0 (0) time=438.4172741s
[ Info: iter=38897 obj=4.986736704247842e7 pinf=341531.15540718596 (4032) dinf=0.0 (0) time=441.4832171s
[ Info: iter=39057 obj=4.987331872152726e7 pinf=1.942652980737983e6 (4640) dinf=0.0 (0) time=444.3541719s
[ Info: iter=39217 obj=5.002635162631686e7 pinf=964804.439307698 (4237) dinf=0.0 (0) time=447.4560544s
[ Info: iter=39377 obj=5.0049807624812484e7 pinf=325109.5857926279 (4023) dinf=0.0 (0) time=450.4286308s
[ Info: iter=39537 obj=5.0083028717120215e7 pinf=1.17218780375812e6 (4353) dinf=0.0 (0) time=453.340981s
[ Info: iter=39697 obj=5.010887674078767e7 pinf=7.086047831777277e6 (4355) dinf=0.0 (0) time=456.1386209s
[ Info: iter=39857 obj=5.0130777821480244e7 pinf=1.335563869245642e6 (4003) dinf=0.0 (0) time=459.012062s
[ Info: iter=40017 obj=5.025870024474952e7 pinf=337646.4937985013 (3816) dinf=0.0 (0) time=461.7907243s
[ Info: iter=40177 obj=5.0261177062317766e7 pinf=77342.86840027332 (3630) dinf=0.0 (0) time=464.8706424s
[ Info: iter=40337 obj=5.027187673104883e7 pinf=980938.9544027192 (4164) dinf=0.0 (0) time=467.6338263s
[ Info: iter=40497 obj=5.029970005684167e7 pinf=486479.99524429085 (3847) dinf=0.0 (0) time=470.4110635s
[ Info: iter=40657 obj=5.0309921545834035e7 pinf=4.224703010811104e6 (4180) dinf=0.0 (0) time=473.5572817s
[ Info: iter=40817 obj=5.031579252668749e7 pinf=3.149836754308526e6 (4010) dinf=0.0 (0) time=476.515294s
[ Info: iter=40977 obj=5.034616597332416e7 pinf=2.097615727049966e6 (3906) dinf=0.0 (0) time=479.3943681s
[ Info: iter=41137 obj=5.045404614984505e7 pinf=585066.5267899059 (3759) dinf=0.0 (0) time=482.0436047s
[ Info: iter=41297 obj=5.046081083895604e7 pinf=112362.0402591683 (3218) dinf=0.0 (0) time=484.9195645s
[ Info: iter=41457 obj=5.046354324797468e7 pinf=7.225756475009642e6 (4122) dinf=0.0 (0) time=487.8984246s
[ Info: iter=41617 obj=5.05201748489151e7 pinf=8.205580190267037e6 (3936) dinf=0.0 (0) time=490.9695712s
[ Info: iter=41777 obj=5.0527536823295064e7 pinf=126063.21570968976 (3266) dinf=0.0 (0) time=494.3915027s
[ Info: iter=41937 obj=5.0529097087333865e7 pinf=970678.5559685195 (3220) dinf=0.0 (0) time=497.4986936s
[ Info: iter=42097 obj=5.0531151093641184e7 pinf=5.191585128706091e6 (3875) dinf=0.0 (0) time=500.5715158s
[ Info: iter=42257 obj=5.055136592462061e7 pinf=2.7280435392291946e6 (3625) dinf=0.0 (0) time=503.7505635s
[ Info: iter=42417 obj=5.058861869718914e7 pinf=243414.1554244988 (3265) dinf=0.0 (0) time=506.7530474s
[ Info: iter=42577 obj=5.0613544173633575e7 pinf=3.4157226562233563e6 (3953) dinf=0.0 (0) time=509.5871828s
[ Info: iter=42737 obj=5.0694096760539465e7 pinf=151573.04652489856 (3460) dinf=0.0 (0) time=512.3658979s
[ Info: iter=42897 obj=5.0696187094309054e7 pinf=138435.95919788515 (3322) dinf=0.0 (0) time=515.3404006s
[ Info: iter=43057 obj=5.069939766703477e7 pinf=733688.6821062473 (3669) dinf=0.0 (0) time=518.2468074s
[ Info: iter=43217 obj=5.070723081039375e7 pinf=689063.4612021054 (3391) dinf=0.0 (0) time=521.2430311s
[ Info: iter=43377 obj=5.074196356008419e7 pinf=2.0176842785182716e6 (3730) dinf=0.0 (0) time=524.1167754s
[ Info: iter=43537 obj=5.07583761327583e7 pinf=249889.41010643664 (3283) dinf=0.0 (0) time=527.0473253s
[ Info: iter=43697 obj=5.0764913653655246e7 pinf=3.2882096045359736e6 (3670) dinf=0.0 (0) time=529.987135s
[ Info: iter=43857 obj=5.076712247527837e7 pinf=1.4932861800657855e6 (3706) dinf=0.0 (0) time=533.1123243s
[ Info: iter=44017 obj=5.082933407538973e7 pinf=52196.663592461766 (2875) dinf=0.0 (0) time=536.0232943s
[ Info: iter=44177 obj=5.08555055058887e7 pinf=5.382209232736149e6 (3700) dinf=0.0 (0) time=538.922444s
[ Info: iter=44337 obj=5.0858901084791e7 pinf=403566.6597020769 (3700) dinf=0.0 (0) time=542.0003736s
[ Info: iter=44497 obj=5.087422288401034e7 pinf=40204.24147484619 (2888) dinf=0.0 (0) time=545.0719592s
[ Info: iter=44657 obj=5.087849801058914e7 pinf=281873.83019862324 (3275) dinf=0.0 (0) time=548.2295806s
[ Info: iter=44817 obj=5.090715204258565e7 pinf=185384.82460256986 (3309) dinf=0.0 (0) time=551.2578987s
[ Info: iter=44977 obj=5.0914017731745355e7 pinf=370059.69649789366 (3535) dinf=0.0 (0) time=554.4268008s
[ Info: iter=45137 obj=5.0915921393873304e7 pinf=14163.44695536708 (2514) dinf=0.0 (0) time=557.5065687s
[ Info: iter=45297 obj=5.093041311011793e7 pinf=542723.7459298598 (3149) dinf=0.0 (0) time=560.5908183s
[ Info: iter=45457 obj=5.095628984475369e7 pinf=1.9143694522756044e7 (4036) dinf=0.0 (0) time=563.6407648s
[ Info: iter=45617 obj=5.100695021712463e7 pinf=94376.57214113597 (2661) dinf=0.0 (0) time=566.5642599s
[ Info: iter=45777 obj=5.1008066178929426e7 pinf=172398.50360373044 (3027) dinf=0.0 (0) time=569.5957816s
[ Info: iter=45937 obj=5.101170245768355e7 pinf=155995.72293593315 (2877) dinf=0.0 (0) time=572.8075896s
[ Info: iter=46097 obj=5.101468636126578e7 pinf=127581.81170701729 (2664) dinf=0.0 (0) time=575.8796912s
[ Info: iter=46257 obj=5.10174104231694e7 pinf=619897.0589054531 (3419) dinf=0.0 (0) time=578.8606079s
[ Info: iter=46417 obj=5.1037369962521106e7 pinf=836777.2623582578 (3337) dinf=0.0 (0) time=581.661893s
[ Info: iter=46577 obj=5.10851815424877e7 pinf=190199.47645879403 (2853) dinf=0.0 (0) time=584.915755s
[ Info: iter=46737 obj=5.108730159446805e7 pinf=44595.031456972756 (2531) dinf=0.0 (0) time=588.001569s
[ Info: iter=46897 obj=5.110495319623199e7 pinf=42855.77028232564 (2346) dinf=0.0 (0) time=590.8867083s
[ Info: iter=47057 obj=5.110602600826283e7 pinf=78956.76358813948 (2692) dinf=0.0 (0) time=593.7375791s
[ Info: iter=47217 obj=5.110653780389876e7 pinf=6.532541093032885e6 (3755) dinf=0.0 (0) time=596.9837181s
[ Info: iter=47377 obj=5.1106996345389694e7 pinf=75451.50979660763 (2487) dinf=0.0 (0) time=600.117335s
[ Info: iter=47537 obj=5.112660443275971e7 pinf=310451.0325319895 (2810) dinf=0.0 (0) time=603.0675958s
[ Info: iter=47697 obj=5.1153401643864356e7 pinf=351350.34508344304 (3128) dinf=0.0 (0) time=606.058388s
[ Info: iter=47857 obj=5.118391986385259e7 pinf=89275.22071050473 (2572) dinf=0.0 (0) time=608.9176575s
[ Info: iter=48017 obj=5.121136410204228e7 pinf=413910.21721491864 (2870) dinf=0.0 (0) time=611.7969919s
[ Info: iter=48177 obj=5.122348400405677e7 pinf=1.6665643184654221e6 (3103) dinf=0.0 (0) time=614.8617168s
[ Info: iter=48337 obj=5.124301536595319e7 pinf=648557.6067678743 (2712) dinf=0.0 (0) time=617.6100832s
[ Info: iter=48497 obj=5.1278898562138826e7 pinf=16417.957378284613 (1924) dinf=0.0 (0) time=620.5069561s
[ Info: iter=48657 obj=5.127983034743249e7 pinf=888704.7904058903 (2568) dinf=0.0 (0) time=623.4019483s
[ Info: iter=48817 obj=5.12858426845755e7 pinf=142335.64283126072 (2275) dinf=0.0 (0) time=626.5107009s
[ Info: iter=48977 obj=5.1313518344193056e7 pinf=13803.643588364115 (1923) dinf=0.0 (0) time=629.4322719s
[ Info: iter=49137 obj=5.134765614068896e7 pinf=66338.77110910343 (2062) dinf=0.0 (0) time=632.5356972s
[ Info: iter=49297 obj=5.134968747463297e7 pinf=5876.096913519174 (1683) dinf=0.0 (0) time=635.4801114s
[ Info: iter=49457 obj=5.1354636167514555e7 pinf=518490.14827109023 (2529) dinf=0.0 (0) time=638.487584s
[ Info: iter=49617 obj=5.136177570032046e7 pinf=1.5620870490256979e6 (2666) dinf=0.0 (0) time=641.3571622s
[ Info: iter=49777 obj=5.1365098046097256e7 pinf=30600.34338385545 (1745) dinf=0.0 (0) time=644.5081987s
[ Info: iter=49937 obj=5.136695391091936e7 pinf=7364.299630308914 (1369) dinf=0.0 (0) time=647.6013971s
[ Info: iter=50097 obj=5.1368775412152715e7 pinf=8692.628101442842 (1471) dinf=0.0 (0) time=650.6309089s
[ Info: iter=50257 obj=5.137974587383196e7 pinf=2170.7430715459914 (1372) dinf=0.0 (0) time=653.557126s
[ Info: iter=50417 obj=5.138826530505811e7 pinf=166355.16706461797 (1937) dinf=0.0 (0) time=656.7579366s
[ Info: iter=50577 obj=5.139134890410897e7 pinf=16672.796203721497 (1267) dinf=0.0 (0) time=659.931465s
[ Info: iter=50737 obj=5.139176257171415e7 pinf=7665.82953396437 (1305) dinf=0.0 (0) time=662.8308953s
[ Info: iter=50897 obj=5.139492948929483e7 pinf=2.174721706201631e7 (2826) dinf=0.0 (0) time=667.0895107s
[ Info: iter=51057 obj=5.140833592469699e7 pinf=114594.69043040051 (1633) dinf=0.0 (0) time=670.3126331s
[ Info: iter=51217 obj=5.140890063456521e7 pinf=51160.131698349775 (1632) dinf=0.0 (0) time=673.3226217s
[ Info: iter=51377 obj=5.141448514159982e7 pinf=182.3704903166634 (870) dinf=0.0 (0) time=676.2038723s
[ Info: iter=51537 obj=5.141627862454955e7 pinf=10707.753077954332 (1181) dinf=0.0 (0) time=679.0490994s
[ Info: iter=51697 obj=5.14178962739665e7 pinf=7704.010441601746 (1021) dinf=0.0 (0) time=682.036261s
[ Info: iter=51857 obj=5.141829678785533e7 pinf=2452.253177557011 (908) dinf=0.0 (0) time=685.0387861s
[ Info: iter=52017 obj=5.141925983585816e7 pinf=69008.68643094788 (1425) dinf=0.0 (0) time=688.0864823s
[ Info: iter=52177 obj=5.142501271351661e7 pinf=46.64024681514143 (608) dinf=0.0 (0) time=690.7987498s
[ Info: iter=52337 obj=5.1425615838079564e7 pinf=0.03599928048661803 (460) dinf=0.0 (0) time=693.4717603s
[ Info: iter=52497 obj=5.142568994405722e7 pinf=0.008505640438876715 (321) dinf=0.0 (0) time=695.6914s
[ Info: iter=52657 obj=5.1425691666277185e7 pinf=0.000781195874108006 (113) dinf=0.0 (0) time=697.5615265s
[ Info: iter=52721 obj=5.14256917621013e7 pinf=0.0 (0) dinf=1.1350658724040841e-7 (1) time=698.429085s
[ Info: Starting primal cleanup after restoring original costs
[ Info: Starting postsolve cleanup on original LP
[ Info: iter=52722 obj=5.232316960631993e7 pinf=3.4449446436263057e6 (2320) dinf=1.8541186946704055e6 (1324) time=700.3001633s
[ Info: iter=52722 obj=5.142569176210126e7 pinf=0.0 (0) dinf=1.6663297300781372e6 (1115) time=701.8872782s
[ Info: Projected postsolve basis: exchanges=356
[ Info: Starting primal postsolve cleanup from feasible basis
[ Info: iter=52802 obj=5.142569176210126e7 pinf=0.0 (0) dinf=1.433318097859767e6 (1035) time=703.5812615s
[ Info: iter=52882 obj=5.142569176210126e7 pinf=0.0 (0) dinf=1.2731552431204014e6 (956) time=704.7820047s
[ Info: iter=52962 obj=5.142569176210128e7 pinf=0.0 (0) dinf=1.182452793936821e6 (888) time=705.9788894s
[ Info: iter=53042 obj=5.1425691762101285e7 pinf=0.0 (0) dinf=966286.1043632798 (805) time=707.2748807s
[ Info: iter=53122 obj=5.142569176210128e7 pinf=0.0 (0) dinf=827502.9504087033 (726) time=708.6584173s
[ Info: iter=53202 obj=5.142569176210129e7 pinf=0.0 (0) dinf=701402.7682805161 (653) time=709.9723764s
[ Info: iter=53282 obj=5.1425691762101285e7 pinf=0.0 (0) dinf=536847.6032960871 (579) time=711.2937494s
[ Info: iter=53362 obj=5.14256917621013e7 pinf=0.0 (0) dinf=209189.07598795637 (507) time=712.6312854s
[ Info: iter=53442 obj=5.142569176210126e7 pinf=0.0 (0) dinf=159697.3072791232 (438) time=714.0423944s
[ Info: iter=53522 obj=5.142569176210128e7 pinf=0.0 (0) dinf=104465.17165647239 (366) time=715.4000718s
[ Info: iter=53602 obj=5.142569176210125e7 pinf=0.0 (0) dinf=79224.73702067275 (299) time=716.8222599s
[ Info: iter=53682 obj=5.142569176210131e7 pinf=0.0 (0) dinf=42153.448481557076 (227) time=718.1515327s
[ Info: iter=53762 obj=5.1425691762101285e7 pinf=0.0 (0) dinf=18077.015476164455 (149) time=719.4787263s
[ Info: iter=53842 obj=5.1425691762101285e7 pinf=0.0 (0) dinf=3476.4578839107157 (70) time=720.7921459s
[ Info: Solve finished: status=OPTIMAL objective=5.142569176210129e7 iterations=53904 time=721.8993541s
790.755866 seconds (202.31 M allocations: 25.813 GiB, 1.20% gc time, 8.71% compilation time)
5.142569176210129e7
53904 721.8993541

Forrest-Tomlin:
Activating project at `C:\Users\jiris\OneDrive\Simplex_tests`
[ Info: Loaded problem: rows=43021 columns=47148 nnz=277210
[ Info: Starting presolve
[ Info: After presolve: rows=28453 columns=31615 nnz=211789
[ Info: iter=80 obj=-77795.80768288011 pinf=246.1482611475381 (370) dinf=0.0 (0) time=4.5286475s
[ Info: iter=160 obj=-12567.36562365837 pinf=125.28552036200347 (292) dinf=0.0 (0) time=4.7534202s
[ Info: iter=240 obj=-817.3518407489901 pinf=22.679308522596607 (156) dinf=0.0 (0) time=4.975047s
[ Info: iter=257 obj=-7.509524188788395e6 pinf=383149.01107378054 (3089) dinf=36998.32632978309 (226) time=5.7208029s
[ Info: iter=337 obj=-7.808027941838834e6 pinf=109599.0643979763 (3016) dinf=0.0 (0) time=5.9629921s
[ Info: iter=417 obj=-2.2853844035067065e6 pinf=60074.314304500804 (2933) dinf=0.0 (0) time=6.1886916s
[ Info: iter=497 obj=-535050.3445318134 pinf=52318.74765579776 (2940) dinf=0.0 (0) time=6.4348197s
[ Info: iter=577 obj=122084.08133958356 pinf=44372.84416298015 (2928) dinf=0.0 (0) time=6.6720897s
[ Info: iter=657 obj=665290.614742882 pinf=45840.522811359355 (3079) dinf=0.0 (0) time=6.9529627s
[ Info: iter=737 obj=1.8908270646782801e6 pinf=60594.25151593979 (3177) dinf=0.0 (0) time=7.2021598s
[ Info: iter=817 obj=2.6006339619362247e6 pinf=250604.98091050948 (3268) dinf=0.0 (0) time=7.4679286s
[ Info: iter=897 obj=3.223030113957843e6 pinf=9.331348208231084e6 (3332) dinf=0.0 (0) time=7.7395363s
[ Info: iter=977 obj=3.9851985364854485e6 pinf=1.001405500988585e7 (3413) dinf=0.0 (0) time=8.0478892s
[ Info: iter=1057 obj=4.217169262268303e6 pinf=9.94051536710555e6 (3496) dinf=0.0 (0) time=8.3150868s
[ Info: iter=1137 obj=4.367172115600514e6 pinf=1.9344276661035535e6 (3507) dinf=0.0 (0) time=8.6067139s
[ Info: iter=1217 obj=4.709799352642015e6 pinf=1.1549443596455706e6 (3560) dinf=0.0 (0) time=8.8698346s
[ Info: iter=1297 obj=5.237282322308692e6 pinf=1.160536538047102e6 (3608) dinf=0.0 (0) time=9.1322612s
[ Info: iter=1377 obj=5.630899042201268e6 pinf=981535.1976775411 (3670) dinf=0.0 (0) time=9.3907969s
[ Info: iter=1457 obj=5.767455011481426e6 pinf=986866.2214567182 (3717) dinf=0.0 (0) time=9.6607939s
[ Info: iter=1537 obj=6.102288181991638e6 pinf=2.211190671423864e6 (3755) dinf=0.0 (0) time=9.9236482s
[ Info: iter=1617 obj=6.187811817978798e6 pinf=1.0171817724097422e6 (3774) dinf=0.0 (0) time=10.1899767s
[ Info: iter=1697 obj=6.198443742850759e6 pinf=1.1698316217400983e6 (3797) dinf=0.0 (0) time=10.4542565s
[ Info: iter=1777 obj=6.33719792072314e6 pinf=1.0608566998844135e6 (3816) dinf=0.0 (0) time=10.7645647s
[ Info: iter=1857 obj=6.607874360278634e6 pinf=1.0434999041470798e6 (3858) dinf=0.0 (0) time=11.0377251s
[ Info: iter=1937 obj=6.6954835410432825e6 pinf=1.0897807216187434e6 (3881) dinf=0.0 (0) time=11.3215953s
[ Info: iter=2017 obj=6.751890697810219e6 pinf=1.3770689800883897e6 (3898) dinf=0.0 (0) time=11.6002363s
[ Info: iter=2097 obj=6.7645051279174965e6 pinf=1.383083941275485e6 (3904) dinf=0.0 (0) time=11.8949338s
[ Info: iter=2177 obj=6.899616416456214e6 pinf=748182.593513569 (3937) dinf=0.0 (0) time=12.1866906s
[ Info: iter=2257 obj=6.934516709586145e6 pinf=1.3671369144476396e6 (3972) dinf=0.0 (0) time=12.4705929s
[ Info: iter=2337 obj=6.9451862160358e6 pinf=1.779893821759113e6 (4004) dinf=0.0 (0) time=12.7913079s
[ Info: iter=2417 obj=6.945186216035801e6 pinf=1.7157798837928926e6 (4022) dinf=0.0 (0) time=13.3070005s
[ Info: iter=2497 obj=6.986976820615625e6 pinf=1.3927086323839417e6 (4036) dinf=0.0 (0) time=13.6154952s
[ Info: iter=2577 obj=6.986976820615625e6 pinf=1.4041564747982996e6 (4063) dinf=0.0 (0) time=13.9098355s
[ Info: iter=2657 obj=7.021978886448281e6 pinf=1.5574865959443338e6 (4110) dinf=0.0 (0) time=14.2136602s
[ Info: iter=2737 obj=7.157977950698573e6 pinf=1.4161615606652263e6 (4145) dinf=0.0 (0) time=14.5295636s
[ Info: iter=2817 obj=7.375215674307184e6 pinf=1.655476997001695e6 (4124) dinf=0.0 (0) time=14.8591833s
[ Info: iter=2897 obj=7.832775490529057e6 pinf=77368.7586309656 (4131) dinf=0.0 (0) time=22.3428017s
[ Info: iter=2977 obj=8.141280533360206e6 pinf=64685.68841512499 (4159) dinf=0.0 (0) time=22.6069179s
[ Info: iter=3057 obj=8.242445028204059e6 pinf=59269.049786777796 (4205) dinf=0.0 (0) time=22.8920886s
[ Info: iter=3137 obj=8.365057841176549e6 pinf=63007.75297833181 (4212) dinf=0.0 (0) time=23.1724372s
[ Info: iter=3217 obj=8.600496970935756e6 pinf=93297.07079577116 (4223) dinf=0.0 (0) time=23.4382014s
[ Info: iter=3297 obj=8.74907375596297e6 pinf=56199.0248341651 (4218) dinf=0.0 (0) time=23.7246615s
[ Info: iter=3377 obj=8.955144143480454e6 pinf=65886.70313069316 (4188) dinf=0.0 (0) time=24.0304662s
[ Info: iter=3457 obj=9.046075178896071e6 pinf=90723.61146360941 (4237) dinf=0.0 (0) time=24.3086395s
[ Info: iter=3537 obj=9.211093857011678e6 pinf=1.159597212848082e6 (4212) dinf=0.0 (0) time=24.5830935s
[ Info: iter=3617 obj=9.788368123325232e6 pinf=49907.4241273727 (4184) dinf=0.0 (0) time=24.8621563s
[ Info: iter=3697 obj=1.0381145802518828e7 pinf=47129.7570128131 (4184) dinf=0.0 (0) time=25.1583655s
[ Info: iter=3777 obj=1.0471576289156865e7 pinf=52208.26618860233 (4178) dinf=0.0 (0) time=25.438987s
[ Info: iter=3857 obj=1.1015332991554609e7 pinf=314505.78410394024 (4211) dinf=0.0 (0) time=25.7237112s
[ Info: iter=3937 obj=1.1035845108419761e7 pinf=58147.58634162644 (4210) dinf=0.0 (0) time=26.006504s
[ Info: iter=4017 obj=1.1082065840687316e7 pinf=50070.85398435607 (4203) dinf=0.0 (0) time=26.3056642s
[ Info: iter=4097 obj=1.1092028136193058e7 pinf=41542.664795722085 (4235) dinf=0.0 (0) time=26.6026371s
[ Info: iter=4177 obj=1.1229662876420183e7 pinf=41696.46635578097 (4238) dinf=0.0 (0) time=26.8979968s
[ Info: iter=4257 obj=1.1255168351155479e7 pinf=46021.23614564493 (4293) dinf=0.0 (0) time=27.209984s
[ Info: iter=4337 obj=1.1266904366615875e7 pinf=44220.157175795626 (4284) dinf=0.0 (0) time=27.5317597s
[ Info: iter=4417 obj=1.129830508989568e7 pinf=42302.55191837695 (4306) dinf=0.0 (0) time=27.8447609s
[ Info: iter=4497 obj=1.1300036346745038e7 pinf=44828.23070630005 (4325) dinf=0.0 (0) time=28.1535478s
[ Info: iter=4577 obj=1.1324922556425203e7 pinf=69128.62489103372 (4323) dinf=0.0 (0) time=28.4562068s
[ Info: iter=4657 obj=1.1374575848570514e7 pinf=38725.31115580344 (4332) dinf=0.0 (0) time=28.7727043s
[ Info: iter=4737 obj=1.1446542026375892e7 pinf=40255.18818154219 (4334) dinf=0.0 (0) time=29.1085767s
[ Info: iter=4817 obj=1.1470585239244064e7 pinf=44037.095155388866 (4363) dinf=0.0 (0) time=29.4485565s
[ Info: iter=4897 obj=1.1508034373450425e7 pinf=42732.464507075114 (4378) dinf=0.0 (0) time=29.807976s
[ Info: iter=4977 obj=1.1595351342370396e7 pinf=46450.77171855019 (4399) dinf=0.0 (0) time=30.1653719s
[ Info: iter=5057 obj=1.1618432509122541e7 pinf=39770.74407701057 (4396) dinf=0.0 (0) time=30.5138501s
[ Info: iter=5137 obj=1.1625651130844112e7 pinf=54060.388349728935 (4415) dinf=0.0 (0) time=30.8736611s
[ Info: iter=5217 obj=1.167668696688413e7 pinf=41666.211438149585 (4409) dinf=0.0 (0) time=31.1919783s
[ Info: iter=5297 obj=1.2384780872889426e7 pinf=171494.57305922042 (4401) dinf=0.0 (0) time=31.5255453s
[ Info: iter=5377 obj=1.3099734156399237e7 pinf=56977.61648865473 (4458) dinf=0.0 (0) time=31.8666463s
[ Info: iter=5457 obj=1.3190900776864544e7 pinf=39941.24210400819 (4442) dinf=0.0 (0) time=32.2256995s
[ Info: iter=5537 obj=1.329701701397518e7 pinf=40958.668227655515 (4472) dinf=0.0 (0) time=32.5894904s
[ Info: iter=5617 obj=1.3331249850468833e7 pinf=36047.5502880975 (4453) dinf=0.0 (0) time=32.9698807s
[ Info: iter=5697 obj=1.4077267732051058e7 pinf=45843.74524016755 (4506) dinf=0.0 (0) time=33.36091s
[ Info: iter=5777 obj=1.4696628277163452e7 pinf=36907.36467895948 (4519) dinf=0.0 (0) time=33.7302699s
[ Info: iter=5857 obj=1.5091879634432076e7 pinf=37020.394493685664 (4604) dinf=0.0 (0) time=34.0921689s
[ Info: iter=5937 obj=1.5290463659449631e7 pinf=44388.66414672359 (4631) dinf=0.0 (0) time=34.4424217s
[ Info: iter=6017 obj=1.5403854488191478e7 pinf=49483.75410260379 (4639) dinf=0.0 (0) time=34.7843968s
[ Info: iter=6097 obj=1.547202888456484e7 pinf=54181.87342428109 (4659) dinf=0.0 (0) time=35.1488559s
[ Info: iter=6177 obj=1.5563591505715877e7 pinf=256424.33406698378 (4714) dinf=0.0 (0) time=35.5127353s
[ Info: iter=6257 obj=1.5655479214733385e7 pinf=62739.80966708515 (4690) dinf=0.0 (0) time=35.8665568s
[ Info: iter=6337 obj=1.5701985163249081e7 pinf=46841.81476486808 (4693) dinf=0.0 (0) time=36.2031601s
[ Info: iter=6417 obj=1.573277323152666e7 pinf=37596.391605103396 (4700) dinf=0.0 (0) time=36.5699862s
[ Info: iter=6497 obj=1.6060679140598731e7 pinf=52644.636964106154 (4721) dinf=0.0 (0) time=36.9145901s
[ Info: iter=6577 obj=1.7002816477570888e7 pinf=35600.59284491254 (4729) dinf=0.0 (0) time=37.2574082s
[ Info: iter=6657 obj=1.8084853606686868e7 pinf=40759.77214570365 (4757) dinf=0.0 (0) time=37.600131s
[ Info: iter=6737 obj=1.8110026882575817e7 pinf=85771.54690413906 (4734) dinf=0.0 (0) time=37.95892s
[ Info: iter=6817 obj=1.8307523692676168e7 pinf=37619.62854810141 (4714) dinf=0.0 (0) time=38.3088107s
[ Info: iter=6897 obj=1.9001949760442246e7 pinf=45522.08978588669 (4724) dinf=0.0 (0) time=38.662869s
[ Info: iter=6977 obj=1.9111160780074373e7 pinf=40208.637461220096 (4741) dinf=0.0 (0) time=39.019145s
[ Info: iter=7057 obj=1.9155585189964008e7 pinf=206492.59311512607 (4793) dinf=0.0 (0) time=39.381788s
[ Info: iter=7137 obj=1.918831265350234e7 pinf=90178.76154189937 (4795) dinf=0.0 (0) time=39.7376699s
[ Info: iter=7217 obj=1.931635506356138e7 pinf=36589.89556342844 (4781) dinf=0.0 (0) time=40.1005002s
[ Info: iter=7297 obj=1.933988662163775e7 pinf=43690.656098520536 (4776) dinf=0.0 (0) time=40.4594369s
[ Info: iter=7377 obj=1.9401675913282394e7 pinf=41542.15741878297 (4748) dinf=0.0 (0) time=40.8225497s
[ Info: iter=7457 obj=1.9548172324348804e7 pinf=35779.167712502975 (4772) dinf=0.0 (0) time=41.1899495s
[ Info: iter=7537 obj=1.9587628874389376e7 pinf=40845.79589667996 (4773) dinf=0.0 (0) time=41.5533095s
[ Info: iter=7617 obj=1.9594166287378456e7 pinf=327491.9585707254 (4780) dinf=0.0 (0) time=41.9324424s
[ Info: iter=7697 obj=1.963120938487137e7 pinf=35771.19021839745 (4797) dinf=0.0 (0) time=42.3118123s
[ Info: iter=7777 obj=1.966594210252886e7 pinf=39885.552242512786 (4833) dinf=0.0 (0) time=42.6813179s
[ Info: iter=7857 obj=1.9708719213617947e7 pinf=45711.73528177504 (4874) dinf=0.0 (0) time=43.0790334s
[ Info: iter=7937 obj=2.0793258950471062e7 pinf=37989.24346113564 (4866) dinf=0.0 (0) time=43.4563181s
[ Info: iter=8017 obj=2.0803835370289315e7 pinf=32863.39768945042 (4848) dinf=0.0 (0) time=43.8460765s
[ Info: iter=8097 obj=2.0831386479637623e7 pinf=94265.54897796438 (4907) dinf=0.0 (0) time=44.2584611s
[ Info: iter=8177 obj=2.425653140086147e7 pinf=1.8805521949633614e6 (4892) dinf=0.0 (0) time=44.6344971s
[ Info: iter=8257 obj=2.4375979914947648e7 pinf=31444.282006092704 (4872) dinf=0.0 (0) time=45.014274s
[ Info: iter=8337 obj=2.4381541451265037e7 pinf=32367.405243842724 (4888) dinf=0.0 (0) time=45.4009563s
[ Info: iter=8417 obj=2.4387057274648912e7 pinf=32289.6181608879 (4946) dinf=0.0 (0) time=45.7947044s
[ Info: iter=8497 obj=2.4398539514821813e7 pinf=81951.63959485492 (4942) dinf=0.0 (0) time=46.1798334s
[ Info: iter=8577 obj=2.4407000743727963e7 pinf=60271.434230245744 (4962) dinf=0.0 (0) time=46.567633s
[ Info: iter=8657 obj=2.4441274916980162e7 pinf=76235.96200213664 (5017) dinf=0.0 (0) time=46.9628224s
[ Info: iter=8737 obj=2.4446687908436112e7 pinf=30769.63273421079 (4972) dinf=0.0 (0) time=47.3611346s
[ Info: iter=8817 obj=2.4446687908436105e7 pinf=831708.5570027034 (4971) dinf=0.0 (0) time=47.7562107s
[ Info: iter=8897 obj=2.6196900776618652e7 pinf=334901.55209517194 (5035) dinf=0.0 (0) time=48.1559289s
[ Info: iter=8977 obj=2.6315837462641064e7 pinf=45437.46314034743 (5018) dinf=0.0 (0) time=48.5732709s
[ Info: iter=9057 obj=2.6465211570504554e7 pinf=31104.34039927747 (5011) dinf=0.0 (0) time=48.9795135s
[ Info: iter=9137 obj=2.649621009969497e7 pinf=181155.32869038184 (5040) dinf=0.0 (0) time=49.3873442s
[ Info: iter=9217 obj=2.6520955429169588e7 pinf=616076.0406329543 (5096) dinf=0.0 (0) time=49.7968138s
[ Info: iter=9297 obj=2.653340084596152e7 pinf=120285.9119875221 (5033) dinf=0.0 (0) time=50.201982s
[ Info: iter=9377 obj=2.659436293434909e7 pinf=42373.889341178416 (5003) dinf=0.0 (0) time=50.6124466s
[ Info: iter=9457 obj=2.663583632586264e7 pinf=202802.0146809522 (5053) dinf=0.0 (0) time=51.027981s
[ Info: iter=9537 obj=2.6653810788780183e7 pinf=95003.92842010006 (5090) dinf=0.0 (0) time=51.4609837s
[ Info: iter=9617 obj=2.6662397384695224e7 pinf=35191.07205355616 (5110) dinf=0.0 (0) time=51.8895848s
[ Info: iter=9697 obj=2.6682595005128756e7 pinf=54275.794764396625 (5040) dinf=0.0 (0) time=52.31789s
[ Info: iter=9777 obj=2.6720875878035534e7 pinf=29936.413870019383 (5003) dinf=0.0 (0) time=52.7387098s
[ Info: iter=9857 obj=2.682529064254785e7 pinf=49455.310356533395 (5057) dinf=0.0 (0) time=53.1916465s
[ Info: iter=9937 obj=2.6880958000892993e7 pinf=121097.28468913437 (5161) dinf=0.0 (0) time=53.6125976s
[ Info: iter=10017 obj=2.6985970190823067e7 pinf=42365.20694561406 (5148) dinf=0.0 (0) time=54.037509s
[ Info: iter=10097 obj=2.701784427761785e7 pinf=41468.38613461296 (5168) dinf=0.0 (0) time=54.4623776s
[ Info: iter=10177 obj=2.703312603515383e7 pinf=8.099968398347192e6 (5136) dinf=0.0 (0) time=54.8967538s
[ Info: iter=10257 obj=2.705255889889434e7 pinf=143549.37445980334 (5134) dinf=0.0 (0) time=55.3389213s
[ Info: iter=10337 obj=2.712180484208943e7 pinf=1.2898194653767438e6 (5196) dinf=0.0 (0) time=55.7704281s
[ Info: iter=10417 obj=2.7750904566563867e7 pinf=64224.8745960728 (5165) dinf=0.0 (0) time=56.2031698s
[ Info: iter=10497 obj=2.8052387064317606e7 pinf=42998.398378775084 (5148) dinf=0.0 (0) time=56.6377886s
[ Info: iter=10577 obj=2.824274002761944e7 pinf=113193.06013973731 (5199) dinf=0.0 (0) time=57.0818534s
[ Info: iter=10657 obj=2.859042936805447e7 pinf=418564.6193643345 (5255) dinf=0.0 (0) time=57.5429487s
[ Info: iter=10737 obj=2.8694809465047576e7 pinf=1.7972657815876899e6 (5437) dinf=0.0 (0) time=58.0124859s
[ Info: iter=10817 obj=2.89486542793114e7 pinf=66598.44059427158 (5302) dinf=0.0 (0) time=58.4783724s
[ Info: iter=10897 obj=2.914383703967071e7 pinf=112371.83061594334 (5261) dinf=0.0 (0) time=58.9369822s
[ Info: iter=10977 obj=2.9312292983309213e7 pinf=369195.2176854823 (5204) dinf=0.0 (0) time=59.4156793s
[ Info: iter=11057 obj=2.9408911086198963e7 pinf=142939.29669502654 (5271) dinf=0.0 (0) time=59.8717175s
[ Info: iter=11137 obj=2.94481123002593e7 pinf=46152.00904532388 (5233) dinf=0.0 (0) time=60.3299147s
[ Info: iter=11217 obj=2.9488995239473797e7 pinf=54889.66268204286 (5273) dinf=0.0 (0) time=60.805363s
[ Info: iter=11297 obj=2.9744089193286236e7 pinf=348705.7957127363 (5353) dinf=0.0 (0) time=61.3115858s
[ Info: iter=11377 obj=2.9795275515634764e7 pinf=290217.9064480154 (5430) dinf=0.0 (0) time=61.8219265s
[ Info: iter=11457 obj=2.980840348632633e7 pinf=78042.95407565655 (5386) dinf=0.0 (0) time=62.3256316s
[ Info: iter=11537 obj=2.9816072668944966e7 pinf=119513.20916064006 (5424) dinf=0.0 (0) time=62.7798361s
[ Info: iter=11617 obj=2.982870234922759e7 pinf=41072.42597491234 (5304) dinf=0.0 (0) time=63.3361091s
[ Info: iter=11697 obj=2.9852009117023833e7 pinf=173575.47472087687 (5460) dinf=0.0 (0) time=63.8136696s
[ Info: iter=11777 obj=2.9907838110697642e7 pinf=107465.33620435113 (5398) dinf=0.0 (0) time=64.4825219s
[ Info: iter=11857 obj=3.0023171979913756e7 pinf=89993.89024152956 (5337) dinf=0.0 (0) time=64.962613s
[ Info: iter=11937 obj=3.0207511314905502e7 pinf=34380.74346715267 (5326) dinf=0.0 (0) time=65.4330547s
[ Info: iter=12017 obj=3.0222402366313986e7 pinf=32805.11876550056 (5303) dinf=0.0 (0) time=65.908248s
[ Info: iter=12097 obj=3.0377674105541065e7 pinf=57828.560887179956 (5360) dinf=0.0 (0) time=66.3776686s
[ Info: iter=12177 obj=3.0555161405304424e7 pinf=29804.666027330448 (5353) dinf=0.0 (0) time=66.8798716s
[ Info: iter=12257 obj=3.057683580031563e7 pinf=369446.6363436635 (5352) dinf=0.0 (0) time=67.3702027s
[ Info: iter=12337 obj=3.061922828457917e7 pinf=2.187664513197864e6 (5540) dinf=0.0 (0) time=67.856611s
[ Info: iter=12417 obj=3.095692904491834e7 pinf=105796.83809993378 (5386) dinf=0.0 (0) time=68.3933993s
[ Info: iter=12497 obj=3.1007524044932514e7 pinf=646792.1417039853 (5420) dinf=0.0 (0) time=68.9265827s
[ Info: iter=12577 obj=3.103392524949618e7 pinf=45014.521467570805 (5366) dinf=0.0 (0) time=69.4441419s
[ Info: iter=12657 obj=3.105012123465863e7 pinf=29673.899328536747 (5259) dinf=0.0 (0) time=69.944269s
[ Info: iter=12737 obj=3.107997432729833e7 pinf=39795.75182372584 (5277) dinf=0.0 (0) time=70.4351498s
[ Info: iter=12817 obj=3.1311822625306502e7 pinf=191933.89303952624 (5374) dinf=0.0 (0) time=70.9285802s
[ Info: iter=12897 obj=3.2360378475320518e7 pinf=140902.2024503462 (5331) dinf=0.0 (0) time=71.4073408s
[ Info: iter=12977 obj=3.2442427415829565e7 pinf=28969.56394886589 (5352) dinf=0.0 (0) time=71.8928389s
[ Info: iter=13057 obj=3.2801906801597845e7 pinf=68743.9005247737 (5329) dinf=0.0 (0) time=72.3618235s
[ Info: iter=13137 obj=3.330249243593592e7 pinf=123170.53138165816 (5382) dinf=0.0 (0) time=72.8747839s
[ Info: iter=13217 obj=3.339491811096369e7 pinf=219400.9010535969 (5407) dinf=0.0 (0) time=73.4050479s
[ Info: iter=13297 obj=3.4029849373560846e7 pinf=182066.8167138605 (5489) dinf=0.0 (0) time=73.9077808s
[ Info: iter=13377 obj=3.406206936393137e7 pinf=509297.31842736213 (5476) dinf=0.0 (0) time=74.4208263s
[ Info: iter=13457 obj=3.408549754958027e7 pinf=380482.5441000844 (5557) dinf=0.0 (0) time=74.9397071s
[ Info: iter=13537 obj=3.420550509466857e7 pinf=3.9361255309462817e6 (5666) dinf=0.0 (0) time=75.4615086s
[ Info: iter=13617 obj=3.4571241520066954e7 pinf=55763.3596207484 (5456) dinf=0.0 (0) time=75.9692372s
[ Info: iter=13697 obj=3.490614662474232e7 pinf=135965.48492920725 (5621) dinf=0.0 (0) time=76.4843791s
[ Info: iter=13777 obj=3.492334301041889e7 pinf=2.0287091164469756e6 (5770) dinf=0.0 (0) time=77.0247379s
[ Info: iter=13857 obj=3.512204630675611e7 pinf=307680.72273425624 (5713) dinf=0.0 (0) time=77.5966818s
[ Info: iter=13937 obj=3.5197877253707506e7 pinf=475202.44830720685 (5618) dinf=0.0 (0) time=78.1513973s
[ Info: iter=14017 obj=3.524617664196646e7 pinf=90683.19326236086 (5551) dinf=0.0 (0) time=78.6982204s
[ Info: iter=14097 obj=3.526786519077006e7 pinf=144206.62540915544 (5538) dinf=0.0 (0) time=79.2272245s
[ Info: iter=14177 obj=3.528735745951324e7 pinf=94341.00974967773 (5500) dinf=0.0 (0) time=79.7812119s
[ Info: iter=14257 obj=3.5301394517016426e7 pinf=129008.44087982859 (5505) dinf=0.0 (0) time=80.3177073s
[ Info: iter=14337 obj=3.533402979670116e7 pinf=77334.96970699103 (5568) dinf=0.0 (0) time=80.8699955s
[ Info: iter=14417 obj=3.53517953939389e7 pinf=27447.562054098198 (5473) dinf=0.0 (0) time=81.4107127s
[ Info: iter=14497 obj=3.5367178174913414e7 pinf=582495.3160156532 (5578) dinf=0.0 (0) time=81.9814378s
[ Info: iter=14577 obj=3.54670645828199e7 pinf=1.5662688670966073e6 (5770) dinf=0.0 (0) time=82.5200011s
[ Info: iter=14657 obj=3.554779715960541e7 pinf=41246.52847745668 (5516) dinf=0.0 (0) time=83.0487015s
[ Info: iter=14737 obj=3.558112339272381e7 pinf=145790.3390739242 (5553) dinf=0.0 (0) time=83.6250254s
[ Info: iter=14817 obj=3.5594748357799925e7 pinf=456389.79223790305 (5713) dinf=0.0 (0) time=84.2006167s
[ Info: iter=14897 obj=3.560818741382542e7 pinf=5.701852331335227e6 (5782) dinf=0.0 (0) time=84.7655949s
[ Info: iter=14977 obj=3.592498064051393e7 pinf=95257.88831335091 (5580) dinf=0.0 (0) time=85.3464707s
[ Info: iter=15057 obj=3.601353849581672e7 pinf=740382.4485026542 (5601) dinf=0.0 (0) time=85.8871943s
[ Info: iter=15137 obj=3.602425428369167e7 pinf=47490.31939847992 (5565) dinf=0.0 (0) time=86.4590884s
[ Info: iter=15217 obj=3.610955061566009e7 pinf=34508.26434524687 (5533) dinf=0.0 (0) time=87.0356111s
[ Info: iter=15297 obj=3.612013504144749e7 pinf=3.8814862268615e6 (5866) dinf=0.0 (0) time=87.6365145s
[ Info: iter=15377 obj=3.6139295857433476e7 pinf=23212.28528729545 (5506) dinf=0.0 (0) time=88.2364545s
[ Info: iter=15457 obj=3.615289205447545e7 pinf=35748.93259965741 (5529) dinf=0.0 (0) time=88.8614873s
[ Info: iter=15537 obj=3.617697792131176e7 pinf=175303.01381235963 (5634) dinf=0.0 (0) time=89.4679743s
[ Info: iter=15617 obj=3.6276087174095996e7 pinf=107883.70097484294 (5579) dinf=0.0 (0) time=90.0341724s
[ Info: iter=15697 obj=3.633054715401152e7 pinf=5.65751933278451e7 (5838) dinf=0.0 (0) time=90.6133138s
[ Info: iter=15777 obj=3.657485064422431e7 pinf=1.5498845500133932e6 (5773) dinf=0.0 (0) time=91.1782966s
[ Info: iter=15857 obj=3.664552720293098e7 pinf=76377.88465590529 (5493) dinf=0.0 (0) time=91.7950789s
[ Info: iter=15937 obj=3.6678388354542024e7 pinf=113531.21043317385 (5543) dinf=0.0 (0) time=92.393219s
[ Info: iter=16017 obj=3.670979519856561e7 pinf=108668.97393256008 (5435) dinf=0.0 (0) time=93.0022614s
[ Info: iter=16097 obj=3.671935721590538e7 pinf=70345.1383693216 (5458) dinf=0.0 (0) time=93.6556458s
[ Info: iter=16177 obj=3.673735407103521e7 pinf=969366.2524042212 (5737) dinf=0.0 (0) time=94.3345838s
[ Info: iter=16257 obj=3.6807283342419274e7 pinf=1.9677367011318875e6 (5717) dinf=0.0 (0) time=94.9245247s
[ Info: iter=16337 obj=3.683109656150848e7 pinf=54251.879404150284 (5512) dinf=0.0 (0) time=95.6882392s
[ Info: iter=16417 obj=3.683873991088072e7 pinf=49101.61799485728 (5377) dinf=0.0 (0) time=96.3068016s
[ Info: iter=16497 obj=3.686946425490253e7 pinf=581357.4604521869 (5623) dinf=0.0 (0) time=96.9133236s
[ Info: iter=16577 obj=3.689482597252917e7 pinf=241826.00097477404 (5603) dinf=0.0 (0) time=97.5843612s
[ Info: iter=16657 obj=3.690093318546188e7 pinf=75644.30035984232 (5429) dinf=0.0 (0) time=98.2097962s
[ Info: iter=16737 obj=3.699484146255996e7 pinf=422550.22801360395 (5569) dinf=0.0 (0) time=98.8204377s
[ Info: iter=16817 obj=3.704185604449901e7 pinf=1.2060036205532313e6 (5666) dinf=0.0 (0) time=99.4577427s
[ Info: iter=16897 obj=3.7063457192635685e7 pinf=972800.3544178505 (5648) dinf=0.0 (0) time=100.1294768s
[ Info: iter=16977 obj=3.723508406474301e7 pinf=1.2560572569933112e6 (5637) dinf=0.0 (0) time=100.7220765s
[ Info: iter=17057 obj=3.739970300882302e7 pinf=134683.77472680857 (5414) dinf=0.0 (0) time=101.3474879s
[ Info: iter=17137 obj=3.745513259011744e7 pinf=225081.57741752962 (5476) dinf=0.0 (0) time=101.9894886s
[ Info: iter=17217 obj=3.748666761410913e7 pinf=2.3172296822608653e6 (5774) dinf=0.0 (0) time=102.6360015s
[ Info: iter=17297 obj=3.772220772169475e7 pinf=88268.13883223914 (5492) dinf=0.0 (0) time=103.2601202s
[ Info: iter=17377 obj=3.787745286843224e7 pinf=220484.9775927857 (5508) dinf=0.0 (0) time=103.9350419s
[ Info: iter=17457 obj=3.8095101725309774e7 pinf=185450.92705991337 (5550) dinf=0.0 (0) time=104.5849016s
[ Info: iter=17537 obj=3.810167956456901e7 pinf=60135.95845524238 (5419) dinf=0.0 (0) time=105.201873s
[ Info: iter=17617 obj=3.812299032985839e7 pinf=139694.15875233902 (5527) dinf=0.0 (0) time=105.8384691s
[ Info: iter=17697 obj=3.815402432530212e7 pinf=421538.93548237986 (5396) dinf=0.0 (0) time=106.4501919s
[ Info: iter=17777 obj=3.816232333485263e7 pinf=63908.98683144163 (5367) dinf=0.0 (0) time=107.0817812s
[ Info: iter=17857 obj=3.819472983813238e7 pinf=49525.498912481875 (5402) dinf=0.0 (0) time=107.737332s
[ Info: iter=17937 obj=3.836675384991667e7 pinf=111775.62031439206 (5427) dinf=0.0 (0) time=108.3908657s
[ Info: iter=18017 obj=3.841000995614659e7 pinf=45485.1665474794 (5428) dinf=0.0 (0) time=109.027942s
[ Info: iter=18097 obj=3.8422862255811594e7 pinf=35267.0884690688 (5386) dinf=0.0 (0) time=109.6599558s
[ Info: iter=18177 obj=3.845681963111808e7 pinf=19873.191071740253 (5228) dinf=0.0 (0) time=110.3183171s
[ Info: iter=18257 obj=3.849748909335101e7 pinf=22889.222900831028 (5206) dinf=0.0 (0) time=110.9911364s
[ Info: iter=18337 obj=3.852843871718863e7 pinf=42352.51645059232 (5313) dinf=0.0 (0) time=111.6509562s
[ Info: iter=18417 obj=3.888882914321928e7 pinf=369537.5457726917 (5272) dinf=0.0 (0) time=112.2894986s
[ Info: iter=18497 obj=3.915181653102222e7 pinf=95511.78918714731 (5392) dinf=0.0 (0) time=112.9237444s
[ Info: iter=18577 obj=3.9179438525737286e7 pinf=24012.73094758798 (5263) dinf=0.0 (0) time=113.5596578s
[ Info: iter=18657 obj=3.919215442564685e7 pinf=148756.68922545027 (5433) dinf=0.0 (0) time=114.2512297s
[ Info: iter=18737 obj=3.92097316255781e7 pinf=128237.48679586728 (5404) dinf=0.0 (0) time=114.9434727s
[ Info: iter=18817 obj=3.9247437155889206e7 pinf=28927.08665216174 (5215) dinf=0.0 (0) time=115.5819152s
[ Info: iter=18897 obj=3.9251715846580684e7 pinf=202632.5296050066 (5449) dinf=0.0 (0) time=116.2324984s
[ Info: iter=18977 obj=3.925775173616279e7 pinf=467807.6190427374 (5319) dinf=0.0 (0) time=116.9305035s
[ Info: iter=19057 obj=3.931073401536327e7 pinf=165468.9042087933 (5296) dinf=0.0 (0) time=117.6222339s
[ Info: iter=19137 obj=3.9319023200082496e7 pinf=191491.80557571095 (5337) dinf=0.0 (0) time=118.3297674s
[ Info: iter=19217 obj=3.933226171326161e7 pinf=2.065172590651939e6 (5519) dinf=0.0 (0) time=119.0073461s
[ Info: iter=19297 obj=3.942393027565727e7 pinf=131900.698846251 (5319) dinf=0.0 (0) time=119.7398535s
[ Info: iter=19377 obj=3.9432075291313946e7 pinf=152302.83075653907 (5281) dinf=0.0 (0) time=120.4821536s
[ Info: iter=19457 obj=3.944830395911376e7 pinf=707782.6482367453 (5381) dinf=0.0 (0) time=121.2166686s
[ Info: iter=19537 obj=3.966079168112975e7 pinf=394448.3282996846 (5451) dinf=0.0 (0) time=122.0450121s
[ Info: iter=19617 obj=3.968244472555698e7 pinf=153166.13575774425 (5383) dinf=0.0 (0) time=122.7130869s
[ Info: iter=19697 obj=3.969344556434437e7 pinf=5.457335200971799e6 (5645) dinf=0.0 (0) time=123.4003973s
[ Info: iter=19777 obj=3.991080495904571e7 pinf=89342.18561380557 (5317) dinf=0.0 (0) time=124.1114252s
[ Info: iter=19857 obj=3.992151743409745e7 pinf=794995.1122654065 (5483) dinf=0.0 (0) time=124.828612s
[ Info: iter=19937 obj=3.993023537594119e7 pinf=96731.77858527628 (5243) dinf=0.0 (0) time=125.534584s
[ Info: iter=20017 obj=3.9936208910496876e7 pinf=270503.32705217396 (5367) dinf=0.0 (0) time=126.2329809s
[ Info: iter=20097 obj=3.9959280466259256e7 pinf=137573.13289063144 (5313) dinf=0.0 (0) time=126.9473938s
[ Info: iter=20177 obj=4.000674254344703e7 pinf=30898.013022283933 (5195) dinf=0.0 (0) time=127.6836629s
[ Info: iter=20257 obj=4.002696916164165e7 pinf=71876.97796798326 (5195) dinf=0.0 (0) time=128.4713637s
[ Info: iter=20337 obj=4.003997912703521e7 pinf=105923.99339755627 (5190) dinf=0.0 (0) time=129.2182508s
[ Info: iter=20417 obj=4.004798792272948e7 pinf=142714.71164911773 (5213) dinf=0.0 (0) time=129.9492285s
[ Info: iter=20497 obj=4.006102481940598e7 pinf=80754.10588392822 (5256) dinf=0.0 (0) time=130.6766796s
[ Info: iter=20577 obj=4.008862277133179e7 pinf=46327.03642054219 (5213) dinf=0.0 (0) time=131.4529378s
[ Info: iter=20657 obj=4.0220703912617184e7 pinf=335337.25353886426 (5466) dinf=0.0 (0) time=132.1899537s
[ Info: iter=20737 obj=4.067036407915122e7 pinf=1.194226321119864e6 (5547) dinf=0.0 (0) time=132.9144819s
[ Info: iter=20817 obj=4.073386389146235e7 pinf=3.327273198950567e6 (5420) dinf=0.0 (0) time=133.6680047s
[ Info: iter=20897 obj=4.075473470620079e7 pinf=450866.154940253 (5359) dinf=0.0 (0) time=134.4959071s
[ Info: iter=20977 obj=4.081933157946859e7 pinf=183066.89086628277 (5304) dinf=0.0 (0) time=135.2461371s
[ Info: iter=21057 obj=4.083168026925852e7 pinf=444303.32245378324 (5446) dinf=0.0 (0) time=136.0251805s
[ Info: iter=21137 obj=4.083904445954329e7 pinf=2.405008936556585e6 (5545) dinf=0.0 (0) time=136.7884223s
[ Info: iter=21217 obj=4.0845598878021315e7 pinf=5.019198261107295e6 (5585) dinf=0.0 (0) time=137.5463083s
[ Info: iter=21297 obj=4.085191415743139e7 pinf=3.3579702200103044e6 (5642) dinf=0.0 (0) time=138.3017051s
[ Info: iter=21377 obj=4.098225590768908e7 pinf=2.8208804762256374e6 (5521) dinf=0.0 (0) time=139.0501803s
[ Info: iter=21457 obj=4.099031602969587e7 pinf=1.8409167866086825e6 (5470) dinf=0.0 (0) time=139.8345632s
[ Info: iter=21537 obj=4.104192451147656e7 pinf=7.689277952785206e6 (5553) dinf=0.0 (0) time=140.5757942s
[ Info: iter=21617 obj=4.137840274547551e7 pinf=88674.45500073326 (5163) dinf=0.0 (0) time=141.2766164s
[ Info: iter=21697 obj=4.13878233717282e7 pinf=72309.80821998682 (5104) dinf=0.0 (0) time=142.0313455s
[ Info: iter=21777 obj=4.140087145610637e7 pinf=296327.17313503864 (5311) dinf=0.0 (0) time=142.788786s
[ Info: iter=21857 obj=4.140551465451612e7 pinf=281520.38390933076 (5308) dinf=0.0 (0) time=143.5460249s
[ Info: iter=21937 obj=4.141728582337713e7 pinf=407884.0885704167 (5291) dinf=0.0 (0) time=144.3252894s
[ Info: iter=22017 obj=4.142583937428129e7 pinf=396838.65169261134 (5445) dinf=0.0 (0) time=145.090977s
[ Info: iter=22097 obj=4.143100303353418e7 pinf=72215.02128316193 (5103) dinf=0.0 (0) time=145.9642637s
[ Info: iter=22177 obj=4.143639430223772e7 pinf=283930.1687528904 (5109) dinf=0.0 (0) time=146.7492891s
[ Info: iter=22257 obj=4.1447968692747235e7 pinf=333498.4199086726 (5433) dinf=0.0 (0) time=147.7170901s
[ Info: iter=22337 obj=4.146552031336794e7 pinf=63504.911816674685 (5132) dinf=0.0 (0) time=148.5115487s
[ Info: iter=22417 obj=4.151119097391388e7 pinf=55050.7720025942 (5144) dinf=0.0 (0) time=149.3038172s
[ Info: iter=22497 obj=4.151454324576523e7 pinf=112243.00212275957 (5158) dinf=0.0 (0) time=150.0812373s
[ Info: iter=22577 obj=4.153039302416947e7 pinf=1.4934274700520425e6 (5464) dinf=0.0 (0) time=150.8933772s
[ Info: iter=22657 obj=4.153761406284434e7 pinf=163658.6353497115 (5273) dinf=0.0 (0) time=151.7471641s
[ Info: iter=22737 obj=4.157251092276224e7 pinf=2.3891485945717157e6 (5575) dinf=0.0 (0) time=152.5226518s
[ Info: iter=22817 obj=4.158511384216614e7 pinf=152954.7744193432 (5281) dinf=0.0 (0) time=153.3658451s
[ Info: iter=22897 obj=4.165329941262502e7 pinf=594513.3165907866 (5420) dinf=0.0 (0) time=154.1989501s
[ Info: iter=22977 obj=4.1660116161228485e7 pinf=1.9038990608407052e6 (5413) dinf=0.0 (0) time=155.0340946s
[ Info: iter=23057 obj=4.181595905550451e7 pinf=89766.23159050706 (5171) dinf=0.0 (0) time=155.8645161s
[ Info: iter=23137 obj=4.184090337173129e7 pinf=181044.7848763561 (5117) dinf=0.0 (0) time=156.6229743s
[ Info: iter=23217 obj=4.185090101182213e7 pinf=91510.42819771155 (5114) dinf=0.0 (0) time=157.4458396s
[ Info: iter=23297 obj=4.185746906372456e7 pinf=872321.9323128326 (5199) dinf=0.0 (0) time=158.3148974s
[ Info: iter=23377 obj=4.186135669916891e7 pinf=70403.81915529877 (5130) dinf=0.0 (0) time=159.1577559s
[ Info: iter=23457 obj=4.186431784246053e7 pinf=1.3509399898515817e7 (5349) dinf=0.0 (0) time=160.0163161s
[ Info: iter=23537 obj=4.197003461672981e7 pinf=35868.76742242024 (5022) dinf=0.0 (0) time=160.7776526s
[ Info: iter=23617 obj=4.1977708180245765e7 pinf=95084.96844197102 (5093) dinf=0.0 (0) time=161.5768756s
[ Info: iter=23697 obj=4.198123882298306e7 pinf=36226.49120335914 (4964) dinf=0.0 (0) time=162.4242988s
[ Info: iter=23777 obj=4.198516158938985e7 pinf=248313.5085923678 (5059) dinf=0.0 (0) time=163.1960594s
[ Info: iter=23857 obj=4.199089458571351e7 pinf=1.1116627435824638e6 (5311) dinf=0.0 (0) time=164.0716999s
[ Info: iter=23937 obj=4.19996461416831e7 pinf=266160.3497895312 (5078) dinf=0.0 (0) time=164.8816207s
[ Info: iter=24017 obj=4.2102760989305735e7 pinf=1.2588949596218877e6 (5317) dinf=0.0 (0) time=165.7106016s
[ Info: iter=24097 obj=4.214087035202539e7 pinf=85451.88393371382 (5052) dinf=0.0 (0) time=166.5022004s
[ Info: iter=24177 obj=4.215235616888498e7 pinf=39556.55983001268 (4889) dinf=0.0 (0) time=167.3178845s
[ Info: iter=24257 obj=4.215658292363337e7 pinf=232897.58059968756 (5078) dinf=0.0 (0) time=168.1327741s
[ Info: iter=24337 obj=4.228265234409984e7 pinf=3.7887337570218565e6 (5397) dinf=0.0 (0) time=168.9299643s
[ Info: iter=24417 obj=4.2378914650135934e7 pinf=1.400547066823315e6 (4977) dinf=0.0 (0) time=169.6856649s
[ Info: iter=24497 obj=4.2380669583392546e7 pinf=267216.9939228031 (4812) dinf=0.0 (0) time=170.53442s
[ Info: iter=24577 obj=4.239032773858866e7 pinf=189952.24653044262 (4937) dinf=0.0 (0) time=171.3387184s
[ Info: iter=24657 obj=4.2391354782330364e7 pinf=225651.5003918183 (5052) dinf=0.0 (0) time=172.1205302s
[ Info: iter=24737 obj=4.240430916334852e7 pinf=1.0133919576708667e6 (5320) dinf=0.0 (0) time=172.9299527s
[ Info: iter=24817 obj=4.241922092417179e7 pinf=5.024086616724134e6 (5457) dinf=0.0 (0) time=173.7799425s
[ Info: iter=24897 obj=4.244629495113598e7 pinf=355246.57953122957 (5208) dinf=0.0 (0) time=174.6734379s
[ Info: iter=24977 obj=4.2499962435191624e7 pinf=115120.38413518066 (5032) dinf=0.0 (0) time=175.5071505s
[ Info: iter=25057 obj=4.250621391483934e7 pinf=82317.16570779005 (4931) dinf=0.0 (0) time=176.3433379s
[ Info: iter=25137 obj=4.251126535815966e7 pinf=5.927457699814848e6 (5518) dinf=0.0 (0) time=177.2031852s
[ Info: iter=25217 obj=4.2702383502596244e7 pinf=484398.73760447896 (5072) dinf=0.0 (0) time=178.0085817s
[ Info: iter=25297 obj=4.272709715602439e7 pinf=287114.1153482694 (4941) dinf=0.0 (0) time=178.9296854s
[ Info: iter=25377 obj=4.2728605164019145e7 pinf=926421.602366523 (5026) dinf=0.0 (0) time=179.8522116s
[ Info: iter=25457 obj=4.273242052511518e7 pinf=166753.4078320166 (4961) dinf=0.0 (0) time=180.7883332s
[ Info: iter=25537 obj=4.2734595168250546e7 pinf=352631.5080267002 (4994) dinf=0.0 (0) time=181.6469166s
[ Info: iter=25617 obj=4.273552268556046e7 pinf=435192.88183666486 (5069) dinf=0.0 (0) time=182.5310684s
[ Info: iter=25697 obj=4.2736333423841394e7 pinf=446250.1390929613 (5093) dinf=0.0 (0) time=183.5661025s
[ Info: iter=25777 obj=4.2749390255549155e7 pinf=94165.2796506255 (4835) dinf=0.0 (0) time=184.4215956s
[ Info: iter=25857 obj=4.275952636455487e7 pinf=439417.2350388622 (5013) dinf=0.0 (0) time=185.2890248s
[ Info: iter=25937 obj=4.276936444318499e7 pinf=136895.22495706423 (4823) dinf=0.0 (0) time=186.1617609s
[ Info: iter=26017 obj=4.2774954731472015e7 pinf=146641.64291200286 (5000) dinf=0.0 (0) time=187.0095059s
[ Info: iter=26097 obj=4.27792561401145e7 pinf=116838.18384924851 (4843) dinf=0.0 (0) time=187.8887892s
[ Info: iter=26177 obj=4.278176870481798e7 pinf=37247.18800823792 (4792) dinf=0.0 (0) time=188.8449224s
[ Info: iter=26257 obj=4.279503605564904e7 pinf=2.264054652267206e6 (5178) dinf=0.0 (0) time=189.6941816s
[ Info: iter=26337 obj=4.279889835402319e7 pinf=3.846969944566741e6 (5203) dinf=0.0 (0) time=190.5869487s
[ Info: iter=26417 obj=4.2806016647580676e7 pinf=941674.4704325737 (5232) dinf=0.0 (0) time=191.4496133s
[ Info: iter=26497 obj=4.282606068047968e7 pinf=434794.6366979738 (5180) dinf=0.0 (0) time=192.3644172s
[ Info: iter=26577 obj=4.283090754827735e7 pinf=163668.1433209494 (5045) dinf=0.0 (0) time=193.2230969s
[ Info: iter=26657 obj=4.286062645983551e7 pinf=1.1419151168929888e7 (5277) dinf=0.0 (0) time=194.1196001s
[ Info: iter=26737 obj=4.290329531933677e7 pinf=710441.8923567293 (5165) dinf=0.0 (0) time=195.0238546s
[ Info: iter=26817 obj=4.295391890689637e7 pinf=154459.96461670534 (4895) dinf=0.0 (0) time=195.8946749s
[ Info: iter=26897 obj=4.295974810713518e7 pinf=406686.863144054 (4953) dinf=0.0 (0) time=196.7833423s
[ Info: iter=26977 obj=4.2963655876563475e7 pinf=989812.0623319548 (5133) dinf=0.0 (0) time=197.6599351s
[ Info: iter=27057 obj=4.296733368203083e7 pinf=140058.23960996568 (5005) dinf=0.0 (0) time=198.6325471s
[ Info: iter=27137 obj=4.297095270421449e7 pinf=154911.24798629218 (4863) dinf=0.0 (0) time=199.6010037s
[ Info: iter=27217 obj=4.31142971802453e7 pinf=2.9673700607398665e6 (5142) dinf=0.0 (0) time=200.5182007s
[ Info: iter=27297 obj=4.311996765852715e7 pinf=67317.86198335816 (4836) dinf=0.0 (0) time=201.465641s
[ Info: iter=27377 obj=4.3191682302165635e7 pinf=103807.55192703052 (4920) dinf=0.0 (0) time=202.3710304s
[ Info: iter=27457 obj=4.328348449425001e7 pinf=2.451197439895154e6 (5368) dinf=0.0 (0) time=203.2526237s
[ Info: iter=27537 obj=4.337159543698753e7 pinf=135532.715957313 (4946) dinf=0.0 (0) time=204.1684781s
[ Info: iter=27617 obj=4.3424663860801294e7 pinf=140921.87854021296 (5014) dinf=0.0 (0) time=205.0359788s
[ Info: iter=27697 obj=4.3435097472936705e7 pinf=187850.1746856748 (4930) dinf=0.0 (0) time=205.9840701s
[ Info: iter=27777 obj=4.345179471947508e7 pinf=538821.6244951304 (5062) dinf=0.0 (0) time=206.9252555s
[ Info: iter=27857 obj=4.351565628749874e7 pinf=100726.33370103745 (4821) dinf=0.0 (0) time=207.8459054s
[ Info: iter=27937 obj=4.355998201973004e7 pinf=105880.45498834323 (4751) dinf=0.0 (0) time=208.7744529s
[ Info: iter=28017 obj=4.3590029021978974e7 pinf=105877.92057576067 (4747) dinf=0.0 (0) time=209.7030609s
[ Info: iter=28097 obj=4.363906683823737e7 pinf=61260.959522786965 (4703) dinf=0.0 (0) time=210.613519s
[ Info: iter=28177 obj=4.366448063556847e7 pinf=58029.65031137904 (4637) dinf=0.0 (0) time=211.5504841s
[ Info: iter=28257 obj=4.368374699667266e7 pinf=4.0806165541050034e6 (5145) dinf=0.0 (0) time=212.5290162s
[ Info: iter=28337 obj=4.3797978882313184e7 pinf=29961.744071607358 (4710) dinf=0.0 (0) time=213.3513831s
[ Info: iter=28417 obj=4.380904678096304e7 pinf=852532.6856573463 (4924) dinf=0.0 (0) time=214.2906732s
[ Info: iter=28497 obj=4.382455863439669e7 pinf=1.0749009624308303e6 (5039) dinf=0.0 (0) time=215.25316s
[ Info: iter=28577 obj=4.38743923738105e7 pinf=98173.10475151877 (4725) dinf=0.0 (0) time=216.1722659s
[ Info: iter=28657 obj=4.394858613041456e7 pinf=3.7131343111001854e6 (5205) dinf=0.0 (0) time=217.1715525s
[ Info: iter=28737 obj=4.395356941011732e7 pinf=234443.98554871164 (4783) dinf=0.0 (0) time=218.0947467s
[ Info: iter=28817 obj=4.3956501637126215e7 pinf=250091.21666893363 (4856) dinf=0.0 (0) time=219.0761466s
[ Info: iter=28897 obj=4.3958233992899925e7 pinf=138738.5691428718 (4775) dinf=0.0 (0) time=220.0101973s
[ Info: iter=28977 obj=4.3959671843748e7 pinf=751719.1735406257 (5028) dinf=0.0 (0) time=221.1501787s
[ Info: iter=29057 obj=4.398482216870944e7 pinf=270752.7815950594 (5027) dinf=0.0 (0) time=222.1422306s
[ Info: iter=29137 obj=4.403190713035438e7 pinf=668449.4961668147 (5071) dinf=0.0 (0) time=223.0601934s
[ Info: iter=29217 obj=4.420702860805985e7 pinf=1.748035686699732e6 (4868) dinf=0.0 (0) time=223.9920243s
[ Info: iter=29297 obj=4.421224857641303e7 pinf=300148.68327891885 (4836) dinf=0.0 (0) time=224.9751006s
[ Info: iter=29377 obj=4.424899203853728e7 pinf=1.020574505278976e6 (5084) dinf=0.0 (0) time=225.9480285s
[ Info: iter=29457 obj=4.429559773549897e7 pinf=424402.2965442992 (4973) dinf=0.0 (0) time=226.9474937s
[ Info: iter=29537 obj=4.430569690915034e7 pinf=2.905282566029255e6 (4857) dinf=0.0 (0) time=227.9185059s
[ Info: iter=29617 obj=4.430779662080673e7 pinf=660742.3853158221 (4892) dinf=0.0 (0) time=228.9494886s
[ Info: iter=29697 obj=4.4310209625022024e7 pinf=734268.240281009 (4747) dinf=0.0 (0) time=229.9742012s
[ Info: iter=29777 obj=4.431237478699826e7 pinf=1.3990702974203983e6 (4966) dinf=0.0 (0) time=230.9456655s
[ Info: iter=29857 obj=4.431621970923558e7 pinf=83594.18836552172 (4559) dinf=0.0 (0) time=231.9722444s
[ Info: iter=29937 obj=4.4369713545229085e7 pinf=30826.55283463068 (4447) dinf=0.0 (0) time=232.9159199s
[ Info: iter=30017 obj=4.437799242189179e7 pinf=35240.21346624731 (4630) dinf=0.0 (0) time=233.861439s
[ Info: iter=30097 obj=4.437988741223966e7 pinf=185087.710975879 (4791) dinf=0.0 (0) time=234.849568s
[ Info: iter=30177 obj=4.438839166329357e7 pinf=492565.36041111575 (4860) dinf=0.0 (0) time=235.8449033s
[ Info: iter=30257 obj=4.4390153766538374e7 pinf=36125.4211524321 (4575) dinf=0.0 (0) time=236.8549174s
[ Info: iter=30337 obj=4.439351398107073e7 pinf=7.440093981182326e6 (4792) dinf=0.0 (0) time=237.8359055s
[ Info: iter=30417 obj=4.4407245101277694e7 pinf=117013.1783726802 (4644) dinf=0.0 (0) time=238.8965566s
[ Info: iter=30497 obj=4.458476127266112e7 pinf=1.1086518718547274e6 (5036) dinf=0.0 (0) time=239.8986032s
[ Info: iter=30577 obj=4.462739880344434e7 pinf=75101.18400935209 (4576) dinf=0.0 (0) time=240.8189675s
[ Info: iter=30657 obj=4.464261371919643e7 pinf=174416.41042558115 (4637) dinf=0.0 (0) time=241.8301315s
[ Info: iter=30737 obj=4.4645641975558564e7 pinf=98191.73573450773 (4613) dinf=0.0 (0) time=242.8898128s
[ Info: iter=30817 obj=4.46476378948255e7 pinf=312669.0905681568 (4578) dinf=0.0 (0) time=243.8647837s
[ Info: iter=30897 obj=4.465067382828334e7 pinf=86254.06945474999 (4653) dinf=0.0 (0) time=244.9512749s
[ Info: iter=30977 obj=4.465225381074974e7 pinf=292566.92775166786 (4784) dinf=0.0 (0) time=246.0694784s
[ Info: iter=31057 obj=4.467352983731117e7 pinf=75888.53875213745 (4489) dinf=0.0 (0) time=247.0919555s
[ Info: iter=31137 obj=4.467585233358872e7 pinf=338893.0697030427 (4735) dinf=0.0 (0) time=249.5181388s
[ Info: iter=31217 obj=4.4677310738515526e7 pinf=110477.65464015157 (4512) dinf=0.0 (0) time=250.5822482s
[ Info: iter=31297 obj=4.467910620353771e7 pinf=146369.10383341953 (4681) dinf=0.0 (0) time=251.6538535s
[ Info: iter=31377 obj=4.4681659920691445e7 pinf=151608.79311543936 (4749) dinf=0.0 (0) time=252.6376177s
[ Info: iter=31457 obj=4.4684338715187445e7 pinf=252174.42537953888 (4754) dinf=0.0 (0) time=253.6139433s
[ Info: iter=31537 obj=4.469246356665562e7 pinf=2.165860253589615e6 (4969) dinf=0.0 (0) time=254.6280628s
[ Info: iter=31617 obj=4.470215338027452e7 pinf=296434.08002946357 (4852) dinf=0.0 (0) time=255.6395423s
[ Info: iter=31697 obj=4.479060866794218e7 pinf=45399.401796843864 (4514) dinf=0.0 (0) time=256.7409708s
[ Info: iter=31777 obj=4.479334874377406e7 pinf=2.0044605803924522e6 (4970) dinf=0.0 (0) time=257.859528s
[ Info: iter=31857 obj=4.479524263256991e7 pinf=86896.2114363269 (4701) dinf=0.0 (0) time=258.944784s
[ Info: iter=31937 obj=4.479889600222116e7 pinf=228664.39660118232 (4614) dinf=0.0 (0) time=260.0120441s
[ Info: iter=32017 obj=4.480088703031619e7 pinf=134247.53744399355 (4740) dinf=0.0 (0) time=263.1037591s
[ Info: iter=32097 obj=4.480240150420568e7 pinf=1.7054075039757765e6 (5046) dinf=0.0 (0) time=264.1136078s
[ Info: iter=32177 obj=4.480398195118226e7 pinf=253836.67174414694 (4826) dinf=0.0 (0) time=265.2852963s
[ Info: iter=32257 obj=4.480503618357048e7 pinf=99899.87123994902 (4557) dinf=0.0 (0) time=266.3583136s
[ Info: iter=32337 obj=4.4806210789640784e7 pinf=468680.4486727669 (4845) dinf=0.0 (0) time=267.367091s
[ Info: iter=32417 obj=4.480879472668255e7 pinf=566256.2994913713 (4946) dinf=0.0 (0) time=268.3930541s
[ Info: iter=32497 obj=4.4961821034915805e7 pinf=61373.85400551478 (4520) dinf=0.0 (0) time=269.4157154s
[ Info: iter=32577 obj=4.4978648467385806e7 pinf=581547.5255219553 (4775) dinf=0.0 (0) time=270.4463798s
[ Info: iter=32657 obj=4.505844947752403e7 pinf=1.2373183499634705e7 (5521) dinf=0.0 (0) time=271.4533625s
[ Info: iter=32737 obj=4.509798602033142e7 pinf=308321.64707939036 (4927) dinf=0.0 (0) time=272.5460957s
[ Info: iter=32817 obj=4.5101693669699065e7 pinf=605532.2231930932 (4937) dinf=0.0 (0) time=273.5600358s
[ Info: iter=32897 obj=4.5115139643985376e7 pinf=51841.10709431012 (4563) dinf=0.0 (0) time=274.6111489s
[ Info: iter=32977 obj=4.5128648328946866e7 pinf=173836.97484224942 (4717) dinf=0.0 (0) time=275.7018794s
[ Info: iter=33057 obj=4.512934670286531e7 pinf=21158.91170839361 (4433) dinf=0.0 (0) time=276.723959s
[ Info: iter=33137 obj=4.513136513367477e7 pinf=29357.969311434306 (4490) dinf=0.0 (0) time=277.783003s
[ Info: iter=33217 obj=4.513263029832493e7 pinf=58585.744707669095 (4528) dinf=0.0 (0) time=278.9929924s
[ Info: iter=33297 obj=4.513326880049986e7 pinf=244865.73206404506 (4632) dinf=0.0 (0) time=280.0534897s
[ Info: iter=33377 obj=4.51374027465916e7 pinf=450150.8531098898 (4648) dinf=0.0 (0) time=281.0821296s
[ Info: iter=33457 obj=4.5308540961558536e7 pinf=720397.4869022232 (4774) dinf=0.0 (0) time=282.0694246s
[ Info: iter=33537 obj=4.531166033932992e7 pinf=138404.2876482568 (4433) dinf=0.0 (0) time=283.0689245s
[ Info: iter=33617 obj=4.5316759951285355e7 pinf=95591.19619232233 (4572) dinf=0.0 (0) time=284.4005101s
[ Info: iter=33697 obj=4.536509797886746e7 pinf=230743.89393219806 (4414) dinf=0.0 (0) time=285.4071892s
[ Info: iter=33777 obj=4.5369312082932614e7 pinf=38122.05732896642 (4520) dinf=0.0 (0) time=286.4440657s
[ Info: iter=33857 obj=4.537040705963768e7 pinf=119336.3601431949 (4513) dinf=0.0 (0) time=287.4907451s
[ Info: iter=33937 obj=4.5471580133221924e7 pinf=96328.36801642123 (4512) dinf=0.0 (0) time=288.5924215s
[ Info: iter=34017 obj=4.552310938982108e7 pinf=6.348977413936104e7 (5268) dinf=0.0 (0) time=289.6115084s
[ Info: iter=34097 obj=4.560718215178694e7 pinf=42501.74733701583 (4442) dinf=0.0 (0) time=290.538835s
[ Info: iter=34177 obj=4.561665226584181e7 pinf=23032.236660586022 (4378) dinf=0.0 (0) time=291.5885701s
[ Info: iter=34257 obj=4.5630848031805135e7 pinf=43396.93340905293 (4553) dinf=0.0 (0) time=292.6403376s
[ Info: iter=34337 obj=4.563193065849279e7 pinf=466101.31679302943 (4570) dinf=0.0 (0) time=293.7582083s
[ Info: iter=34417 obj=4.564572402280298e7 pinf=287267.2543679202 (4413) dinf=0.0 (0) time=294.7934877s
[ Info: iter=34497 obj=4.5654953201636985e7 pinf=228523.4765994513 (4450) dinf=0.0 (0) time=295.9162675s
[ Info: iter=34577 obj=4.5663381414958425e7 pinf=1.5528839551601557e6 (4701) dinf=0.0 (0) time=298.1406057s
[ Info: iter=34657 obj=4.569395005720824e7 pinf=5.385435118832289e6 (4998) dinf=0.0 (0) time=299.2190202s
[ Info: iter=34737 obj=4.570809847108832e7 pinf=45984.81206539761 (4347) dinf=0.0 (0) time=300.2971117s
[ Info: iter=34817 obj=4.5708982589397535e7 pinf=34962.23992879849 (4370) dinf=0.0 (0) time=301.385057s
[ Info: iter=34897 obj=4.571479014158855e7 pinf=109690.5439388495 (4480) dinf=0.0 (0) time=302.4312352s
[ Info: iter=34977 obj=4.57182323467691e7 pinf=1.521411590939454e6 (4802) dinf=0.0 (0) time=303.4895664s
[ Info: iter=35057 obj=4.57433390116522e7 pinf=298483.86602502194 (4539) dinf=0.0 (0) time=304.5323007s
[ Info: iter=35137 obj=4.574761306043315e7 pinf=373746.094773509 (4786) dinf=0.0 (0) time=305.5834106s
[ Info: iter=35217 obj=4.574972050860411e7 pinf=90135.71967175513 (4486) dinf=0.0 (0) time=306.6307356s
[ Info: iter=35297 obj=4.575249344001446e7 pinf=283593.5178510894 (4624) dinf=0.0 (0) time=307.7223747s
[ Info: iter=35377 obj=4.575426173374104e7 pinf=698537.9188521918 (4924) dinf=0.0 (0) time=308.8989104s
[ Info: iter=35457 obj=4.585503061130859e7 pinf=256150.9680913137 (4782) dinf=0.0 (0) time=309.9929952s
[ Info: iter=35537 obj=4.589424366614427e7 pinf=8.655139303717379e6 (5420) dinf=0.0 (0) time=311.1764272s
[ Info: iter=35617 obj=4.60458310131272e7 pinf=5.295071206692422e6 (5414) dinf=0.0 (0) time=312.2116778s
[ Info: iter=35697 obj=4.61003302706336e7 pinf=919532.9380567305 (5003) dinf=0.0 (0) time=313.2976493s
[ Info: iter=35777 obj=4.6100528067084946e7 pinf=86230.7367726676 (4356) dinf=0.0 (0) time=314.4595004s
[ Info: iter=35857 obj=4.615736726168913e7 pinf=734090.643584247 (5025) dinf=0.0 (0) time=315.5601706s
[ Info: iter=35937 obj=4.6161543745717786e7 pinf=138297.15918327338 (4571) dinf=0.0 (0) time=316.7298334s
[ Info: iter=36017 obj=4.616388524661632e7 pinf=155487.2297449747 (4679) dinf=0.0 (0) time=317.8159415s
[ Info: iter=36097 obj=4.6164721188881114e7 pinf=89827.49267102122 (4564) dinf=0.0 (0) time=318.9863707s
[ Info: iter=36177 obj=4.6168937899892904e7 pinf=32079.423306855024 (4434) dinf=0.0 (0) time=320.0645178s
[ Info: iter=36257 obj=4.617552630567712e7 pinf=516894.90372894704 (4960) dinf=0.0 (0) time=321.1612747s
[ Info: iter=36337 obj=4.62032248186497e7 pinf=1.0068653508411921e6 (4898) dinf=0.0 (0) time=322.2355247s
[ Info: iter=36417 obj=4.620508988065585e7 pinf=140464.2207175855 (4811) dinf=0.0 (0) time=323.4258444s
[ Info: iter=36497 obj=4.620837040577403e7 pinf=35258.200984437106 (4380) dinf=0.0 (0) time=324.5929152s
[ Info: iter=36577 obj=4.629458684199266e7 pinf=582781.5906444772 (4838) dinf=0.0 (0) time=325.7302089s
[ Info: iter=36657 obj=4.629795129383643e7 pinf=50710.24958044089 (4339) dinf=0.0 (0) time=326.9186948s
[ Info: iter=36737 obj=4.629993776818037e7 pinf=257510.72911134028 (4658) dinf=0.0 (0) time=328.341947s
[ Info: iter=36817 obj=4.631699660212481e7 pinf=376125.84139353427 (4726) dinf=0.0 (0) time=329.4555009s
[ Info: iter=36897 obj=4.633359259269315e7 pinf=37022.46352527968 (4326) dinf=0.0 (0) time=330.5874217s
[ Info: iter=36977 obj=4.6334776983617574e7 pinf=597970.9896453643 (4597) dinf=0.0 (0) time=331.7379547s
[ Info: iter=37057 obj=4.633648713879413e7 pinf=2.600399197059225e6 (4791) dinf=0.0 (0) time=333.0375472s
[ Info: iter=37137 obj=4.633775144407125e7 pinf=767830.8675486634 (4685) dinf=0.0 (0) time=334.1635931s
[ Info: iter=37217 obj=4.633907518106995e7 pinf=5.156317690365233e6 (4896) dinf=0.0 (0) time=335.3170206s
[ Info: iter=37297 obj=4.673747684064326e7 pinf=5.297579895769591e6 (4826) dinf=0.0 (0) time=336.3743764s
[ Info: iter=37377 obj=4.6794294115350485e7 pinf=351814.29808671935 (4477) dinf=0.0 (0) time=337.4531921s
[ Info: iter=37457 obj=4.680272859709231e7 pinf=116389.59061079253 (4439) dinf=0.0 (0) time=338.586442s
[ Info: iter=37537 obj=4.6813103015002385e7 pinf=223044.14651840762 (4562) dinf=0.0 (0) time=339.6746162s
[ Info: iter=37617 obj=4.682162354956592e7 pinf=1.542843967207335e7 (4718) dinf=0.0 (0) time=340.7729356s
[ Info: iter=37697 obj=4.688103924045689e7 pinf=6.4214622518656485e7 (5082) dinf=0.0 (0) time=341.8952588s
[ Info: iter=37777 obj=4.694306268945227e7 pinf=118555.43535846782 (4383) dinf=0.0 (0) time=342.9984354s
[ Info: iter=37857 obj=4.6951288185612e7 pinf=1.71697527611499e6 (4797) dinf=0.0 (0) time=344.1605128s
[ Info: iter=37937 obj=4.695569849090398e7 pinf=747015.9718807321 (4744) dinf=0.0 (0) time=345.2697238s
[ Info: iter=38017 obj=4.6956997260904595e7 pinf=117564.39083584127 (4498) dinf=0.0 (0) time=346.4499641s
[ Info: iter=38097 obj=4.695886538885357e7 pinf=1.180941700518714e6 (5096) dinf=0.0 (0) time=347.6205549s
[ Info: iter=38177 obj=4.703933515673058e7 pinf=104041.16457409023 (4533) dinf=0.0 (0) time=348.7355537s
[ Info: iter=38257 obj=4.7288624864976354e7 pinf=893981.2919140112 (4961) dinf=0.0 (0) time=349.8304143s
[ Info: iter=38337 obj=4.737146293471464e7 pinf=2.6270478574604183e6 (5087) dinf=0.0 (0) time=350.9035197s
[ Info: iter=38417 obj=4.737556585915536e7 pinf=405525.15937348147 (4588) dinf=0.0 (0) time=353.377195s
[ Info: iter=38497 obj=4.73782501992746e7 pinf=1.0734334441058826e7 (5139) dinf=0.0 (0) time=354.5428133s
[ Info: iter=38577 obj=4.740357861312286e7 pinf=4.1328034673019885e6 (5021) dinf=0.0 (0) time=355.6384926s
[ Info: iter=38657 obj=4.740921156959553e7 pinf=139894.57616955988 (4412) dinf=0.0 (0) time=356.8234921s
[ Info: iter=38737 obj=4.741472340204421e7 pinf=526009.4725116778 (4694) dinf=0.0 (0) time=357.9873123s
[ Info: iter=38817 obj=4.741573080769419e7 pinf=98988.6536351742 (4248) dinf=0.0 (0) time=359.2020734s
[ Info: iter=38897 obj=4.7418691701712646e7 pinf=1.7378160802033949e6 (4928) dinf=0.0 (0) time=360.3829953s
[ Info: iter=38977 obj=4.7421640113425255e7 pinf=596947.9281386235 (4523) dinf=0.0 (0) time=361.6374999s
[ Info: iter=39057 obj=4.742298411016224e7 pinf=997728.4916973969 (4877) dinf=0.0 (0) time=362.798674s
[ Info: iter=39137 obj=4.742565344504933e7 pinf=765591.2049083561 (4910) dinf=0.0 (0) time=363.9520209s
[ Info: iter=39217 obj=4.7460092141853526e7 pinf=2.819309795344539e6 (5018) dinf=0.0 (0) time=365.0987444s
[ Info: iter=39297 obj=4.7560347461439185e7 pinf=245020.5886046425 (4431) dinf=0.0 (0) time=366.2229078s
[ Info: iter=39377 obj=4.7579612961001344e7 pinf=1.64692241848156e8 (5383) dinf=0.0 (0) time=367.4094293s
[ Info: iter=39457 obj=4.760172358610639e7 pinf=81621.64812030167 (4274) dinf=0.0 (0) time=368.6785107s
[ Info: iter=39537 obj=4.7607118099754415e7 pinf=9.162358790307067e6 (4989) dinf=0.0 (0) time=369.8944729s
[ Info: iter=39617 obj=4.760842215775412e7 pinf=3.3258803902115137e6 (4879) dinf=0.0 (0) time=371.2384541s
[ Info: iter=39697 obj=4.7610739950136386e7 pinf=135084.9599253819 (4458) dinf=0.0 (0) time=372.4233169s
[ Info: iter=39777 obj=4.761316099809092e7 pinf=4.926755772042933e6 (4999) dinf=0.0 (0) time=373.7345286s
[ Info: iter=39857 obj=4.761487418942269e7 pinf=356993.77079934685 (4604) dinf=0.0 (0) time=374.9494849s
[ Info: iter=39937 obj=4.761581170492183e7 pinf=588871.3090549082 (4650) dinf=0.0 (0) time=376.1367651s
[ Info: iter=40017 obj=4.761884446679348e7 pinf=1.6979464204127327e7 (5155) dinf=0.0 (0) time=377.3386445s
[ Info: iter=40097 obj=4.762106248778662e7 pinf=120703.91396000028 (4345) dinf=0.0 (0) time=378.7406299s
[ Info: iter=40177 obj=4.7623467706056036e7 pinf=114870.18582641636 (4337) dinf=0.0 (0) time=380.2331569s
[ Info: iter=40257 obj=4.762557127612747e7 pinf=1.199943357820955e6 (4677) dinf=0.0 (0) time=381.4300046s
[ Info: iter=40337 obj=4.762678914793882e7 pinf=172727.6409178826 (4337) dinf=0.0 (0) time=382.6335575s
[ Info: iter=40417 obj=4.762940997337424e7 pinf=114217.46632048534 (4217) dinf=0.0 (0) time=383.8028363s
[ Info: iter=40497 obj=4.763541822829843e7 pinf=3.0853651391963954e6 (4898) dinf=0.0 (0) time=384.9794621s
[ Info: iter=40577 obj=4.767823320282969e7 pinf=44722.37662819265 (4126) dinf=0.0 (0) time=386.0855499s
[ Info: iter=40657 obj=4.7729364043168806e7 pinf=230163.17409557968 (4347) dinf=0.0 (0) time=387.2506513s
[ Info: iter=40737 obj=4.775404380340569e7 pinf=684634.2962034992 (4414) dinf=0.0 (0) time=388.4346713s
[ Info: iter=40817 obj=4.77575600926131e7 pinf=2.1677456210343994e7 (4974) dinf=0.0 (0) time=389.6749474s
[ Info: iter=40897 obj=4.7832451623870686e7 pinf=212220.62980252868 (4421) dinf=0.0 (0) time=390.7803318s
[ Info: iter=40977 obj=4.783532296738867e7 pinf=277671.388586052 (4431) dinf=0.0 (0) time=392.1339048s
[ Info: iter=41057 obj=4.783646841481497e7 pinf=1.0153269411630916e6 (4557) dinf=0.0 (0) time=393.3607985s
[ Info: iter=41137 obj=4.783905636973421e7 pinf=154510.3133536212 (4373) dinf=0.0 (0) time=394.5780997s
[ Info: iter=41217 obj=4.78766971116408e7 pinf=54652.033370126555 (4103) dinf=0.0 (0) time=395.7600851s
[ Info: iter=41297 obj=4.797783854703196e7 pinf=565306.1965017528 (4509) dinf=0.0 (0) time=396.9067426s
[ Info: iter=41377 obj=4.808389741320708e7 pinf=32031.10999235082 (4040) dinf=0.0 (0) time=398.0636445s
[ Info: iter=41457 obj=4.8097068218286924e7 pinf=72507.00526045804 (4157) dinf=0.0 (0) time=399.2936105s
[ Info: iter=41537 obj=4.809964465895128e7 pinf=35340.156567082835 (4018) dinf=0.0 (0) time=400.4792997s
[ Info: iter=41617 obj=4.810075854778933e7 pinf=68817.43547964879 (4229) dinf=0.0 (0) time=401.6600898s
[ Info: iter=41697 obj=4.810454020206182e7 pinf=158794.19733367537 (4490) dinf=0.0 (0) time=402.8360729s
[ Info: iter=41777 obj=4.810688070637829e7 pinf=202052.55762917612 (4451) dinf=0.0 (0) time=404.097668s
[ Info: iter=41857 obj=4.810837408009159e7 pinf=1.0808754257582899e6 (4766) dinf=0.0 (0) time=405.3036484s
[ Info: iter=41937 obj=4.811058904655434e7 pinf=1.2881322743149907e6 (4814) dinf=0.0 (0) time=406.4939123s
[ Info: iter=42017 obj=4.81119080574984e7 pinf=114292.08429084254 (4201) dinf=0.0 (0) time=407.6971487s
[ Info: iter=42097 obj=4.817604089399885e7 pinf=44285.70170742096 (4011) dinf=0.0 (0) time=408.9198249s
[ Info: iter=42177 obj=4.819006091241518e7 pinf=273875.4020312874 (4469) dinf=0.0 (0) time=410.160886s
[ Info: iter=42257 obj=4.8287466296131104e7 pinf=44116.44543542987 (3828) dinf=0.0 (0) time=411.3675082s
[ Info: iter=42337 obj=4.828839565632833e7 pinf=38678.829658072464 (4050) dinf=0.0 (0) time=412.5219348s
[ Info: iter=42417 obj=4.82906976030741e7 pinf=297884.1788042185 (4399) dinf=0.0 (0) time=413.6990948s
[ Info: iter=42497 obj=4.838224161949498e7 pinf=58429.39934034953 (4068) dinf=0.0 (0) time=414.899493s
[ Info: iter=42577 obj=4.8384435201438494e7 pinf=272189.0428176378 (4354) dinf=0.0 (0) time=416.1531236s
[ Info: iter=42657 obj=4.8385202631484166e7 pinf=87423.64774672678 (4018) dinf=0.0 (0) time=417.3740068s
[ Info: iter=42737 obj=4.838545633396617e7 pinf=227341.27031529282 (4119) dinf=0.0 (0) time=418.574378s
[ Info: iter=42817 obj=4.8476318701228395e7 pinf=213140.28733294376 (4160) dinf=0.0 (0) time=419.7513138s
[ Info: iter=42897 obj=4.84788685815852e7 pinf=43902.27411637669 (3905) dinf=0.0 (0) time=421.0415917s
[ Info: iter=42977 obj=4.847951698867332e7 pinf=142570.1494810855 (4222) dinf=0.0 (0) time=422.3297352s
[ Info: iter=43057 obj=4.85797928723878e7 pinf=177082.12376092118 (4368) dinf=0.0 (0) time=423.5054482s
[ Info: iter=43137 obj=4.859066522312199e7 pinf=229976.7434779266 (4226) dinf=0.0 (0) time=424.7485953s
[ Info: iter=43217 obj=4.86665388655587e7 pinf=3.2999688102776627e6 (4753) dinf=0.0 (0) time=426.0184977s
[ Info: iter=43297 obj=4.869830506961344e7 pinf=131408.28164608392 (4176) dinf=0.0 (0) time=427.2598194s
[ Info: iter=43377 obj=4.870205054329663e7 pinf=484339.881369794 (4282) dinf=0.0 (0) time=428.6013437s
[ Info: iter=43457 obj=4.870388310029088e7 pinf=413521.71424213325 (4241) dinf=0.0 (0) time=429.805158s
[ Info: iter=43537 obj=4.870561139493126e7 pinf=248091.48545588015 (4113) dinf=0.0 (0) time=430.9911652s
[ Info: iter=43617 obj=4.873070857312387e7 pinf=78437.82571055391 (3921) dinf=0.0 (0) time=432.1940842s
[ Info: iter=43697 obj=4.873459119698507e7 pinf=310079.925540671 (4027) dinf=0.0 (0) time=433.4477573s
[ Info: iter=43777 obj=4.873835721400152e7 pinf=37224.940534503796 (3850) dinf=0.0 (0) time=434.7208798s
[ Info: iter=43857 obj=4.873910345574752e7 pinf=144308.71809908006 (3924) dinf=0.0 (0) time=435.9821786s
[ Info: iter=43937 obj=4.8740115904245004e7 pinf=244926.47467544238 (4155) dinf=0.0 (0) time=437.199957s
[ Info: iter=44017 obj=4.885532678038112e7 pinf=425698.9706771511 (4369) dinf=0.0 (0) time=438.3695181s
[ Info: iter=44097 obj=4.896772676568312e7 pinf=380981.26682926784 (4231) dinf=0.0 (0) time=439.5486281s
[ Info: iter=44177 obj=4.8972282279081725e7 pinf=141657.34692779955 (3996) dinf=0.0 (0) time=440.8434063s
[ Info: iter=44257 obj=4.897319556237973e7 pinf=69622.25330389896 (3916) dinf=0.0 (0) time=442.1085603s
[ Info: iter=44337 obj=4.897466205436279e7 pinf=1.3667881544914884e6 (4497) dinf=0.0 (0) time=443.3354722s
[ Info: iter=44417 obj=4.900949239081385e7 pinf=4.623503047664573e6 (4684) dinf=0.0 (0) time=444.5287014s
[ Info: iter=44497 obj=4.9026054277677685e7 pinf=692380.5672664442 (4268) dinf=0.0 (0) time=445.7549461s
[ Info: iter=44577 obj=4.902777674082948e7 pinf=1.069717649113435e6 (4256) dinf=0.0 (0) time=447.0572774s
[ Info: iter=44657 obj=4.902903821174669e7 pinf=414005.62377110263 (4230) dinf=0.0 (0) time=448.2974526s
[ Info: iter=44737 obj=4.903330353095805e7 pinf=4.541063839866383e7 (5058) dinf=0.0 (0) time=449.5571096s
[ Info: iter=44817 obj=4.9083066521616936e7 pinf=92196.9808092811 (3969) dinf=0.0 (0) time=450.9031126s
[ Info: iter=44897 obj=4.90839649778668e7 pinf=115649.22718050276 (4013) dinf=0.0 (0) time=452.608779s
[ Info: iter=44977 obj=4.908689984747109e7 pinf=61377.49860477147 (3883) dinf=0.0 (0) time=453.9264791s
[ Info: iter=45057 obj=4.911089818375485e7 pinf=8.710249402027182e6 (4633) dinf=0.0 (0) time=455.2317086s
[ Info: iter=45137 obj=4.913906101434805e7 pinf=64018.537111678714 (3768) dinf=0.0 (0) time=456.5874416s
[ Info: iter=45217 obj=4.9139794804234385e7 pinf=59029.213673987084 (3747) dinf=0.0 (0) time=458.2328729s
[ Info: iter=45297 obj=4.91420399063885e7 pinf=840375.8848858512 (4305) dinf=0.0 (0) time=459.5017904s
[ Info: iter=45377 obj=4.914711411546465e7 pinf=168797.80055066585 (3869) dinf=0.0 (0) time=460.9399155s
[ Info: iter=45457 obj=4.9148201266594335e7 pinf=23821.340816357922 (3598) dinf=0.0 (0) time=462.2205352s
[ Info: iter=45537 obj=4.9149569099349335e7 pinf=20800.22002753203 (3550) dinf=0.0 (0) time=463.480738s
[ Info: iter=45617 obj=4.915020709580169e7 pinf=81341.0019863304 (3731) dinf=0.0 (0) time=464.7575942s
[ Info: iter=45697 obj=4.9187386323573135e7 pinf=7.957849949195873e6 (4625) dinf=0.0 (0) time=466.0637907s
[ Info: iter=45777 obj=4.924196883161453e7 pinf=104555.86721202408 (3762) dinf=0.0 (0) time=467.3474633s
[ Info: iter=45857 obj=4.924438657694687e7 pinf=23147.61896761468 (3579) dinf=0.0 (0) time=468.5601188s
[ Info: iter=45937 obj=4.926369281478548e7 pinf=247348.615302635 (3914) dinf=0.0 (0) time=469.7522926s
[ Info: iter=46017 obj=4.9266454719771504e7 pinf=156493.3646955543 (3673) dinf=0.0 (0) time=471.0359151s
[ Info: iter=46097 obj=4.9267222464667775e7 pinf=1.9731989663924873e6 (4031) dinf=0.0 (0) time=472.266182s
[ Info: iter=46177 obj=4.926889109432362e7 pinf=10664.268372073648 (3386) dinf=0.0 (0) time=473.5786562s
[ Info: iter=46257 obj=4.927038204366728e7 pinf=156019.27323730921 (3719) dinf=0.0 (0) time=474.8444701s
[ Info: iter=46337 obj=4.927268129626138e7 pinf=12777.771658157533 (3323) dinf=0.0 (0) time=476.1696047s
[ Info: iter=46417 obj=4.92738803849969e7 pinf=59392.03477039092 (3390) dinf=0.0 (0) time=477.3685398s
[ Info: iter=46497 obj=4.927483929703286e7 pinf=169088.70248693356 (3694) dinf=0.0 (0) time=478.603563s
[ Info: iter=46577 obj=4.928104386747508e7 pinf=4.22250674847958e7 (4564) dinf=0.0 (0) time=479.7938189s
[ Info: iter=46657 obj=4.931849919967633e7 pinf=165049.51580622827 (3851) dinf=0.0 (0) time=481.1185456s
[ Info: iter=46737 obj=4.9333266692012824e7 pinf=404343.2296047051 (3580) dinf=0.0 (0) time=482.4611869s
[ Info: iter=46817 obj=4.9334893216436505e7 pinf=276859.7971700239 (3725) dinf=0.0 (0) time=483.7593931s
[ Info: iter=46897 obj=4.936674368439043e7 pinf=19955.572831048532 (3360) dinf=0.0 (0) time=484.9618295s
[ Info: iter=46977 obj=4.936759741202313e7 pinf=70356.3888445096 (3538) dinf=0.0 (0) time=486.1596206s
[ Info: iter=47057 obj=4.936943207746876e7 pinf=960651.6568721529 (3811) dinf=0.0 (0) time=487.4120079s
[ Info: iter=47137 obj=4.937208064529138e7 pinf=2.6338645807352266e6 (4296) dinf=0.0 (0) time=488.7482295s
[ Info: iter=47217 obj=4.943122945492572e7 pinf=1.327171370438313e6 (4170) dinf=0.0 (0) time=489.9766171s
[ Info: iter=47297 obj=4.946620223630039e7 pinf=208522.161472811 (3723) dinf=0.0 (0) time=491.2215282s
[ Info: iter=47377 obj=4.949174631622004e7 pinf=214494.0467889259 (3549) dinf=0.0 (0) time=492.4348291s
[ Info: iter=47457 obj=4.963359384010636e7 pinf=1.23310470433486e6 (4042) dinf=0.0 (0) time=493.6284517s
[ Info: iter=47537 obj=4.966039442093791e7 pinf=91244.19287088556 (3483) dinf=0.0 (0) time=494.9868697s
[ Info: iter=47617 obj=4.966158288518243e7 pinf=1.2477081624861879e6 (4166) dinf=0.0 (0) time=496.3513288s
[ Info: iter=47697 obj=4.966365108765944e7 pinf=682953.7359899717 (3912) dinf=0.0 (0) time=497.6491904s
[ Info: iter=47777 obj=4.967103098470425e7 pinf=423491.95801559894 (3934) dinf=0.0 (0) time=498.9223661s
[ Info: iter=47857 obj=4.973439431285135e7 pinf=9.49175315741954e6 (4454) dinf=0.0 (0) time=500.1198727s
[ Info: iter=47937 obj=4.974450686557859e7 pinf=5.685825080650196e6 (4316) dinf=0.0 (0) time=501.40714s
[ Info: iter=48017 obj=4.981951928682533e7 pinf=672639.2627692268 (4064) dinf=0.0 (0) time=502.6700497s
[ Info: iter=48097 obj=4.984535727460138e7 pinf=75908.4184388558 (3583) dinf=0.0 (0) time=503.8907753s
[ Info: iter=48177 obj=4.985133875404263e7 pinf=2.3822676586038545e6 (4326) dinf=0.0 (0) time=505.2246936s
[ Info: iter=48257 obj=4.986721357440379e7 pinf=490893.48985533277 (3987) dinf=0.0 (0) time=506.4937705s
[ Info: iter=48337 obj=4.986788693324987e7 pinf=70658.96867706098 (3514) dinf=0.0 (0) time=507.7960281s
[ Info: iter=48417 obj=4.986857953565833e7 pinf=511717.8944643205 (3847) dinf=0.0 (0) time=509.1120575s
[ Info: iter=48497 obj=4.987127286300098e7 pinf=944280.4387832124 (3950) dinf=0.0 (0) time=510.4391452s
[ Info: iter=48577 obj=4.98721147508052e7 pinf=65389.410871362525 (3515) dinf=0.0 (0) time=511.8052912s
[ Info: iter=48657 obj=4.987273612062598e7 pinf=1.0140509935860127e6 (4153) dinf=0.0 (0) time=513.0903664s
[ Info: iter=48737 obj=4.987334494597433e7 pinf=284401.45886419434 (3675) dinf=0.0 (0) time=514.3414481s
[ Info: iter=48817 obj=4.987424246993147e7 pinf=293340.5935333131 (3755) dinf=0.0 (0) time=515.6218369s
[ Info: iter=48897 obj=4.987565218775104e7 pinf=115818.63339186585 (3723) dinf=0.0 (0) time=517.0278317s
[ Info: iter=48977 obj=4.987741185787292e7 pinf=406418.76662798045 (3863) dinf=0.0 (0) time=518.3847409s
[ Info: iter=49057 obj=4.9878367540358454e7 pinf=206679.88293783224 (3584) dinf=0.0 (0) time=519.6992225s
[ Info: iter=49137 obj=4.987900474197198e7 pinf=192652.4682093779 (3260) dinf=0.0 (0) time=521.0322962s
[ Info: iter=49217 obj=4.9879435948732495e7 pinf=508878.71873829875 (3899) dinf=0.0 (0) time=522.3219794s
[ Info: iter=49297 obj=4.988272865503499e7 pinf=244647.960427376 (3618) dinf=0.0 (0) time=523.5937807s
[ Info: iter=49377 obj=4.993316155298028e7 pinf=490668.22508431535 (3727) dinf=0.0 (0) time=524.920315s
[ Info: iter=49457 obj=4.9964249603110194e7 pinf=391751.28679181467 (3697) dinf=0.0 (0) time=526.2086527s
[ Info: iter=49537 obj=5.0030169379598975e7 pinf=371030.66844051954 (3707) dinf=0.0 (0) time=527.6381944s
[ Info: iter=49617 obj=5.0042606358448565e7 pinf=82457.02511899639 (3352) dinf=0.0 (0) time=528.9289472s
[ Info: iter=49697 obj=5.004622381582059e7 pinf=121689.6653923488 (3509) dinf=0.0 (0) time=530.2145377s
[ Info: iter=49777 obj=5.005219552441243e7 pinf=352129.31427452376 (3513) dinf=0.0 (0) time=531.4852422s
[ Info: iter=49857 obj=5.00734673263818e7 pinf=3.047976449318644e6 (4028) dinf=0.0 (0) time=532.8638756s
[ Info: iter=49937 obj=5.008274776299181e7 pinf=65164.10331083771 (3294) dinf=0.0 (0) time=534.2832318s
[ Info: iter=50017 obj=5.00837195502876e7 pinf=19046.435073000976 (3009) dinf=0.0 (0) time=535.6886196s
[ Info: iter=50097 obj=5.008421547580481e7 pinf=271649.2224490146 (3361) dinf=0.0 (0) time=536.9930725s
[ Info: iter=50177 obj=5.008487038194834e7 pinf=793460.1564465023 (3403) dinf=0.0 (0) time=538.3403817s
[ Info: iter=50257 obj=5.008518429984991e7 pinf=148813.43784583962 (3010) dinf=0.0 (0) time=539.6438722s
[ Info: iter=50337 obj=5.009707924443834e7 pinf=30501.811136742657 (3017) dinf=0.0 (0) time=541.0453142s
[ Info: iter=50417 obj=5.013876761020131e7 pinf=395752.2798829776 (3441) dinf=0.0 (0) time=542.3000117s
[ Info: iter=50497 obj=5.0140332703246675e7 pinf=618819.9856894489 (3583) dinf=0.0 (0) time=543.6484632s
[ Info: iter=50577 obj=5.016819187751133e7 pinf=9752.08348025661 (2921) dinf=0.0 (0) time=544.9415872s
[ Info: iter=50657 obj=5.020146803969812e7 pinf=516830.43980182963 (3491) dinf=0.0 (0) time=546.1418258s
[ Info: iter=50737 obj=5.024603146917707e7 pinf=405554.02106496936 (3500) dinf=0.0 (0) time=547.3156634s
[ Info: iter=50817 obj=5.025011911914364e7 pinf=83917.5056992278 (3154) dinf=0.0 (0) time=549.2604992s
[ Info: iter=50897 obj=5.025145730162166e7 pinf=261975.2071983589 (3093) dinf=0.0 (0) time=550.5817608s
[ Info: iter=50977 obj=5.025663413766097e7 pinf=222065.08599386012 (3171) dinf=0.0 (0) time=551.9075183s
[ Info: iter=51057 obj=5.02577871661509e7 pinf=851288.9314397915 (3223) dinf=0.0 (0) time=553.1918823s
[ Info: iter=51137 obj=5.0259664584404275e7 pinf=19884.154382307483 (3008) dinf=0.0 (0) time=554.4654708s
[ Info: iter=51217 obj=5.0261275089456275e7 pinf=97243.55024589362 (3253) dinf=0.0 (0) time=555.8593805s
[ Info: iter=51297 obj=5.026211523086887e7 pinf=113842.45477324803 (3191) dinf=0.0 (0) time=557.142676s
[ Info: iter=51377 obj=5.026297242980435e7 pinf=683302.2428114755 (3472) dinf=0.0 (0) time=558.5753056s
[ Info: iter=51457 obj=5.0269133565556206e7 pinf=242418.70248321822 (3350) dinf=0.0 (0) time=559.8697447s
[ Info: iter=51537 obj=5.02838080616887e7 pinf=43999.08349092969 (3256) dinf=0.0 (0) time=561.1122406s
[ Info: iter=51617 obj=5.028571921531357e7 pinf=62268.44423795702 (3024) dinf=0.0 (0) time=562.5501648s
[ Info: iter=51697 obj=5.029756272441325e7 pinf=56508.94551111475 (3052) dinf=0.0 (0) time=563.8563481s
[ Info: iter=51777 obj=5.0305531314156905e7 pinf=25930.535032436022 (2810) dinf=0.0 (0) time=565.1855136s
[ Info: iter=51857 obj=5.0312159660939746e7 pinf=125974.45265751146 (3170) dinf=0.0 (0) time=566.5376549s
[ Info: iter=51937 obj=5.0313340743247084e7 pinf=314453.05097957276 (3298) dinf=0.0 (0) time=567.8450585s
[ Info: iter=52017 obj=5.031378367744657e7 pinf=17225.18471995965 (2873) dinf=0.0 (0) time=569.2329366s
[ Info: iter=52097 obj=5.03149459311083e7 pinf=26726.162272641654 (2927) dinf=0.0 (0) time=570.5324207s
[ Info: iter=52177 obj=5.032643277885596e7 pinf=34168.52743275795 (2959) dinf=0.0 (0) time=571.8139893s
[ Info: iter=52257 obj=5.032767625374811e7 pinf=48886.81118577909 (2963) dinf=0.0 (0) time=573.1231614s
[ Info: iter=52337 obj=5.033204415959536e7 pinf=109964.99042848556 (3093) dinf=0.0 (0) time=574.4096042s
[ Info: iter=52417 obj=5.0332869427301235e7 pinf=14229.778142131667 (2896) dinf=0.0 (0) time=575.7291443s
[ Info: iter=52497 obj=5.0339369574656144e7 pinf=176669.89126072402 (3299) dinf=0.0 (0) time=577.0358093s
[ Info: iter=52577 obj=5.038072776632853e7 pinf=822357.8410088766 (3284) dinf=0.0 (0) time=578.2856704s
[ Info: iter=52657 obj=5.0423204784521945e7 pinf=599688.476383037 (3397) dinf=0.0 (0) time=579.5510725s
[ Info: iter=52737 obj=5.043438753616887e7 pinf=51324.37491533785 (2980) dinf=0.0 (0) time=580.8851915s
[ Info: iter=52817 obj=5.043918948956976e7 pinf=105954.27954156205 (3097) dinf=0.0 (0) time=582.2193795s
[ Info: iter=52897 obj=5.044552649621235e7 pinf=287363.57173492457 (3321) dinf=0.0 (0) time=583.5653918s
[ Info: iter=52977 obj=5.045116142631933e7 pinf=4.670823602070308e6 (3918) dinf=0.0 (0) time=584.9010219s
[ Info: iter=53057 obj=5.045603484828376e7 pinf=444717.47379277664 (3117) dinf=0.0 (0) time=586.3189748s
[ Info: iter=53137 obj=5.045682718106112e7 pinf=70963.86445094338 (3049) dinf=0.0 (0) time=587.6206027s
[ Info: iter=53217 obj=5.0458203766951315e7 pinf=18623.528233714074 (2744) dinf=0.0 (0) time=588.9503161s
[ Info: iter=53297 obj=5.046980034683069e7 pinf=141892.45180216638 (2895) dinf=0.0 (0) time=590.1822765s
[ Info: iter=53377 obj=5.047039629899841e7 pinf=18307.585620344635 (2845) dinf=0.0 (0) time=591.5687784s
[ Info: iter=53457 obj=5.0470710797762804e7 pinf=44556.59101449395 (2818) dinf=0.0 (0) time=592.9118523s
[ Info: iter=53537 obj=5.04719791438489e7 pinf=27649.223414356857 (2817) dinf=0.0 (0) time=594.218764s
[ Info: iter=53617 obj=5.050717077758168e7 pinf=80646.67034864268 (2827) dinf=0.0 (0) time=595.4241032s
[ Info: iter=53697 obj=5.051052470529667e7 pinf=4624.692653815599 (2496) dinf=0.0 (0) time=596.6457516s
[ Info: iter=53777 obj=5.051133824626285e7 pinf=5125.824400765618 (2509) dinf=0.0 (0) time=597.9612855s
[ Info: iter=53857 obj=5.054585415898398e7 pinf=11818.11055821304 (2538) dinf=0.0 (0) time=599.1773383s
[ Info: iter=53937 obj=5.056575768712287e7 pinf=2.926995691388776e6 (3278) dinf=0.0 (0) time=600.4429152s
[ Info: iter=54017 obj=5.0594879828198716e7 pinf=21675.67238087302 (2767) dinf=0.0 (0) time=601.7601169s
[ Info: iter=54097 obj=5.061135107644422e7 pinf=63870.56929181616 (2792) dinf=0.0 (0) time=603.0817468s
[ Info: iter=54177 obj=5.064748228529692e7 pinf=133830.63777952912 (2832) dinf=0.0 (0) time=604.2985655s
[ Info: iter=54257 obj=5.067107025597002e7 pinf=6498.054002316782 (2462) dinf=0.0 (0) time=605.5766757s
[ Info: iter=54337 obj=5.067364746301302e7 pinf=4583.985987691667 (2543) dinf=0.0 (0) time=606.878448s
[ Info: iter=54417 obj=5.06747693983046e7 pinf=18296.59907085069 (2825) dinf=0.0 (0) time=608.2003067s
[ Info: iter=54497 obj=5.067517196913563e7 pinf=3144.6887359942502 (2512) dinf=0.0 (0) time=609.5156778s
[ Info: iter=54577 obj=5.0683170185594074e7 pinf=3932.7878892441713 (2624) dinf=0.0 (0) time=610.8244178s
[ Info: iter=54657 obj=5.068430854597379e7 pinf=416436.62380818033 (3381) dinf=0.0 (0) time=612.2213937s
[ Info: iter=54737 obj=5.068982005212906e7 pinf=446629.66890839883 (3354) dinf=0.0 (0) time=613.5299357s
[ Info: iter=54817 obj=5.069110802968742e7 pinf=4141.658212442825 (2589) dinf=0.0 (0) time=614.790299s
[ Info: iter=54897 obj=5.0694018649567805e7 pinf=100439.65228794557 (2836) dinf=0.0 (0) time=616.0566879s
[ Info: iter=54977 obj=5.069556515924068e7 pinf=105829.80386631594 (3074) dinf=0.0 (0) time=617.3609567s
[ Info: iter=55057 obj=5.070721907503744e7 pinf=119655.33048399824 (2933) dinf=0.0 (0) time=618.6447855s
[ Info: iter=55137 obj=5.073928471572508e7 pinf=828843.619191329 (3456) dinf=0.0 (0) time=619.9768236s
[ Info: iter=55217 obj=5.075840061455268e7 pinf=20268.480361198835 (2685) dinf=0.0 (0) time=622.52072s
[ Info: iter=55297 obj=5.076677971802133e7 pinf=46182.373567153816 (2719) dinf=0.0 (0) time=623.8067768s
[ Info: iter=55377 obj=5.077114162313163e7 pinf=177703.51317759906 (3286) dinf=0.0 (0) time=625.1150084s
[ Info: iter=55457 obj=5.0771773358705096e7 pinf=115749.08095431616 (2865) dinf=0.0 (0) time=626.4896897s
[ Info: iter=55537 obj=5.077302647358177e7 pinf=199596.42712441515 (2843) dinf=0.0 (0) time=627.8054716s
[ Info: iter=55617 obj=5.077540040275055e7 pinf=102189.04559088274 (2991) dinf=0.0 (0) time=629.2040747s
[ Info: iter=55697 obj=5.0782909095797084e7 pinf=575164.3362708664 (3072) dinf=0.0 (0) time=630.4814011s
[ Info: iter=55777 obj=5.078392711445959e7 pinf=10609.692604999605 (2415) dinf=0.0 (0) time=631.7502706s
[ Info: iter=55857 obj=5.0796561675215445e7 pinf=4505.561396008623 (2377) dinf=0.0 (0) time=633.1178309s
[ Info: iter=55937 obj=5.082023766801484e7 pinf=16646.79378910011 (2507) dinf=0.0 (0) time=634.4768101s
[ Info: iter=56017 obj=5.083981864121861e7 pinf=5404.793898940088 (2380) dinf=0.0 (0) time=635.7749355s
[ Info: iter=56097 obj=5.0841114594604924e7 pinf=16828.644048341423 (2409) dinf=0.0 (0) time=637.0292764s
[ Info: iter=56177 obj=5.086128735381774e7 pinf=1.9863792179613158e7 (4118) dinf=0.0 (0) time=638.2963622s
[ Info: iter=56257 obj=5.088288039057815e7 pinf=252889.70245792787 (3160) dinf=0.0 (0) time=639.6118057s
[ Info: iter=56337 obj=5.090599525998867e7 pinf=2.7192867103636586e6 (3762) dinf=0.0 (0) time=640.8939645s
[ Info: iter=56417 obj=5.092747782946573e7 pinf=384819.12403629953 (3310) dinf=0.0 (0) time=642.2283284s
[ Info: iter=56497 obj=5.0928748501861244e7 pinf=881815.5892333846 (3277) dinf=0.0 (0) time=643.5900256s
[ Info: iter=56577 obj=5.092905198657609e7 pinf=14862.67313269423 (2479) dinf=0.0 (0) time=645.0784292s
[ Info: iter=56657 obj=5.093028002988602e7 pinf=26768.906512681184 (2685) dinf=0.0 (0) time=646.398347s
[ Info: iter=56737 obj=5.095025520130083e7 pinf=51274.146198857656 (2533) dinf=0.0 (0) time=647.6632937s
[ Info: iter=56817 obj=5.0960212379334226e7 pinf=32406.479439040468 (2658) dinf=0.0 (0) time=649.0097129s
[ Info: iter=56897 obj=5.096074439649898e7 pinf=30345.984482076892 (2348) dinf=0.0 (0) time=650.3154269s
[ Info: iter=56977 obj=5.0962240073068045e7 pinf=117894.02610779273 (2828) dinf=0.0 (0) time=651.6711123s
[ Info: iter=57057 obj=5.096302721258147e7 pinf=27772.270957303386 (2437) dinf=0.0 (0) time=653.0748848s
[ Info: iter=57137 obj=5.096407519693824e7 pinf=376097.10178646934 (2820) dinf=0.0 (0) time=654.3657011s
[ Info: iter=57217 obj=5.0964301392096475e7 pinf=59880.6608704597 (2462) dinf=0.0 (0) time=655.7486747s
[ Info: iter=57297 obj=5.0964644062729605e7 pinf=2316.9138961090084 (2128) dinf=0.0 (0) time=656.9477824s
[ Info: iter=57377 obj=5.096477184716441e7 pinf=2.9117252834813263e7 (3213) dinf=0.0 (0) time=658.4063516s
[ Info: iter=57457 obj=5.096492274462308e7 pinf=13452.15760879201 (2270) dinf=0.0 (0) time=659.9426859s
[ Info: iter=57537 obj=5.096497973441221e7 pinf=8512.622179558692 (2289) dinf=0.0 (0) time=661.2679686s
[ Info: iter=57617 obj=5.096512870464549e7 pinf=18104.608648664347 (2447) dinf=0.0 (0) time=662.6031381s
[ Info: iter=57697 obj=5.099644382833063e7 pinf=3013.927849726403 (2180) dinf=0.0 (0) time=663.886055s
[ Info: iter=57777 obj=5.099760236631679e7 pinf=24339.602824075435 (2404) dinf=0.0 (0) time=665.212311s
[ Info: iter=57857 obj=5.100327474831162e7 pinf=60253.19095973904 (2577) dinf=0.0 (0) time=666.5559428s
[ Info: iter=57937 obj=5.100596585435112e7 pinf=16152.121718876204 (2396) dinf=0.0 (0) time=667.8833477s
[ Info: iter=58017 obj=5.1010121462256394e7 pinf=146384.11472277058 (2838) dinf=0.0 (0) time=669.3155469s
[ Info: iter=58097 obj=5.101904122361751e7 pinf=47813.607875775204 (2341) dinf=0.0 (0) time=670.5624824s
[ Info: iter=58177 obj=5.102527542843449e7 pinf=78236.61628795604 (2716) dinf=0.0 (0) time=671.9159691s
[ Info: iter=58257 obj=5.1026860279281996e7 pinf=172722.34900252306 (2665) dinf=0.0 (0) time=673.3972326s
[ Info: iter=58337 obj=5.10315538538887e7 pinf=33064.09017461298 (2533) dinf=0.0 (0) time=674.855294s
[ Info: iter=58417 obj=5.1037409944892645e7 pinf=4677.812382420449 (2120) dinf=0.0 (0) time=676.2221952s
[ Info: iter=58497 obj=5.103778624396508e7 pinf=573433.8733008349 (2862) dinf=0.0 (0) time=677.5527501s
[ Info: iter=58577 obj=5.103829500450128e7 pinf=19081.52623166582 (2365) dinf=0.0 (0) time=678.9280658s
[ Info: iter=58657 obj=5.1046788427186236e7 pinf=98316.41144471975 (2380) dinf=0.0 (0) time=680.2520391s
[ Info: iter=58737 obj=5.1053151225837305e7 pinf=26093.643813138027 (2312) dinf=0.0 (0) time=681.5928205s
[ Info: iter=58817 obj=5.106930095408641e7 pinf=6.332911215862329e6 (3063) dinf=0.0 (0) time=684.867853s
[ Info: iter=58897 obj=5.108423012063561e7 pinf=22893.481466036657 (2108) dinf=0.0 (0) time=686.2648093s
[ Info: iter=58977 obj=5.108603962128161e7 pinf=3962.7201482816167 (2034) dinf=0.0 (0) time=687.6695018s
[ Info: iter=59057 obj=5.111240545080923e7 pinf=96244.55735129086 (2315) dinf=0.0 (0) time=689.0097686s
[ Info: iter=59137 obj=5.11156756203168e7 pinf=35517.569609572834 (2119) dinf=0.0 (0) time=690.3550812s
[ Info: iter=59217 obj=5.1116506648261316e7 pinf=2.421173676948802e6 (2909) dinf=0.0 (0) time=691.7006696s
[ Info: iter=59297 obj=5.112086280823665e7 pinf=49383.04939236465 (2191) dinf=0.0 (0) time=693.0252293s
[ Info: iter=59377 obj=5.112217166596695e7 pinf=13553.295540681995 (2072) dinf=0.0 (0) time=694.3903239s
[ Info: iter=59457 obj=5.1129491115298584e7 pinf=51773.93479935426 (2135) dinf=0.0 (0) time=695.7663052s
[ Info: iter=59537 obj=5.1130421115309894e7 pinf=377484.6408627636 (2633) dinf=0.0 (0) time=697.1114855s
[ Info: iter=59617 obj=5.113414553401301e7 pinf=3334.7868430057465 (1737) dinf=0.0 (0) time=698.4957628s
[ Info: iter=59697 obj=5.113553855446631e7 pinf=3750.664785703358 (1695) dinf=0.0 (0) time=699.9156308s
[ Info: iter=59777 obj=5.114004254978417e7 pinf=1453.7579912402798 (1648) dinf=0.0 (0) time=701.2619379s
[ Info: iter=59857 obj=5.1158445019533455e7 pinf=1651.3134466299032 (1573) dinf=0.0 (0) time=702.595061s
[ Info: iter=59937 obj=5.117509658277876e7 pinf=1279.3755058489444 (1622) dinf=0.0 (0) time=703.8865353s
[ Info: iter=60017 obj=5.118457636840077e7 pinf=6884.472571129605 (1761) dinf=0.0 (0) time=705.213618s
[ Info: iter=60097 obj=5.119608681703743e7 pinf=48073.39588412164 (2129) dinf=0.0 (0) time=706.5133041s
[ Info: iter=60177 obj=5.120580304824679e7 pinf=20879.32189303342 (1913) dinf=0.0 (0) time=707.8835012s
[ Info: iter=60257 obj=5.123156297941125e7 pinf=5650.52773318581 (1806) dinf=0.0 (0) time=709.2205994s
[ Info: iter=60337 obj=5.124238929040519e7 pinf=933.359808526051 (1587) dinf=0.0 (0) time=710.5572493s
[ Info: iter=60417 obj=5.124415321416044e7 pinf=261.7855306921524 (1580) dinf=0.0 (0) time=711.8937781s
[ Info: iter=60497 obj=5.124699055335514e7 pinf=766.4349146917441 (1536) dinf=0.0 (0) time=713.1856793s
[ Info: iter=60577 obj=5.124973928296859e7 pinf=2211.81496991078 (1523) dinf=0.0 (0) time=714.494555s
[ Info: iter=60657 obj=5.126226234834652e7 pinf=18395.951676146553 (1902) dinf=0.0 (0) time=715.8052871s
[ Info: iter=60737 obj=5.126741812911154e7 pinf=1.4674117502279242e6 (2569) dinf=0.0 (0) time=717.0626321s
[ Info: iter=60817 obj=5.127677583779595e7 pinf=9716.272093686399 (1680) dinf=0.0 (0) time=718.4434281s
[ Info: iter=60897 obj=5.127693290404013e7 pinf=985.0101063608766 (1432) dinf=0.0 (0) time=719.7972169s
[ Info: iter=60977 obj=5.127956613288153e7 pinf=480.179898077846 (1307) dinf=0.0 (0) time=721.0937935s
[ Info: iter=61057 obj=5.128538259498953e7 pinf=165.90023951692316 (1270) dinf=0.0 (0) time=722.3815017s
[ Info: iter=61137 obj=5.129040370124799e7 pinf=844.4551965615814 (1398) dinf=0.0 (0) time=723.6995256s
[ Info: iter=61217 obj=5.1293969894830726e7 pinf=9933.827304382765 (1524) dinf=0.0 (0) time=725.0393093s
[ Info: iter=61297 obj=5.132066202053226e7 pinf=2360.1967692443536 (1313) dinf=0.0 (0) time=726.2895041s
[ Info: iter=61377 obj=5.135467752849264e7 pinf=3492.0708100188117 (1441) dinf=0.0 (0) time=727.5907348s
[ Info: iter=61457 obj=5.135523159792824e7 pinf=2430.9063421836936 (1298) dinf=0.0 (0) time=728.9458729s
[ Info: iter=61537 obj=5.135685951039116e7 pinf=22090.31959645353 (1597) dinf=0.0 (0) time=730.3308441s
[ Info: iter=61617 obj=5.135966448725882e7 pinf=46826.59240942567 (1567) dinf=0.0 (0) time=731.5993163s
[ Info: iter=61697 obj=5.136175292304362e7 pinf=3934.1590631916374 (1255) dinf=0.0 (0) time=732.8996406s
[ Info: iter=61777 obj=5.13626468117427e7 pinf=26.404920607601145 (1095) dinf=0.0 (0) time=734.2105581s
[ Info: iter=61857 obj=5.136416143205376e7 pinf=85.95292948263007 (1097) dinf=0.0 (0) time=735.5053045s
[ Info: iter=61937 obj=5.1367648201631986e7 pinf=1624.618438696336 (1195) dinf=0.0 (0) time=736.796691s
[ Info: iter=62017 obj=5.137060711256776e7 pinf=27.112359722767277 (1077) dinf=0.0 (0) time=738.2173809s
[ Info: iter=62097 obj=5.13786164459378e7 pinf=25.39700352943483 (1036) dinf=0.0 (0) time=739.4922092s
[ Info: iter=62177 obj=5.138386719670222e7 pinf=12092.09863639843 (1068) dinf=0.0 (0) time=740.8038175s
[ Info: iter=62257 obj=5.138872153041235e7 pinf=1866.753436913353 (1011) dinf=0.0 (0) time=742.1724677s
[ Info: iter=62337 obj=5.138988982952403e7 pinf=231.17525620772759 (1036) dinf=0.0 (0) time=743.4314687s
[ Info: iter=62417 obj=5.1392101517520554e7 pinf=10374.06599636298 (1154) dinf=0.0 (0) time=744.7122335s
[ Info: iter=62497 obj=5.139638514117607e7 pinf=1.4864869392180936e6 (1883) dinf=0.0 (0) time=745.9729436s
[ Info: iter=62577 obj=5.140432213892861e7 pinf=601201.9587462987 (1691) dinf=0.0 (0) time=747.3129702s
[ Info: iter=62657 obj=5.140442265422968e7 pinf=870.6753867387902 (959) dinf=0.0 (0) time=748.6896872s
[ Info: iter=62737 obj=5.140474433422719e7 pinf=12267.850036699736 (1050) dinf=0.0 (0) time=750.0861466s
[ Info: iter=62817 obj=5.140703360419564e7 pinf=438.71682399480943 (860) dinf=0.0 (0) time=751.4174346s
[ Info: iter=62897 obj=5.1408656644389294e7 pinf=103160.21063858329 (1680) dinf=0.0 (0) time=752.7097683s
[ Info: iter=62977 obj=5.141147385093962e7 pinf=5951.847340995583 (938) dinf=0.0 (0) time=754.0500486s
[ Info: iter=63057 obj=5.141394968214602e7 pinf=167720.16117334316 (1471) dinf=0.0 (0) time=755.3470238s
[ Info: iter=63137 obj=5.141689518630031e7 pinf=3901.38168015555 (1082) dinf=0.0 (0) time=756.7441875s
[ Info: iter=63217 obj=5.1417246010776035e7 pinf=3417.360947960663 (922) dinf=0.0 (0) time=758.1174834s
[ Info: iter=63297 obj=5.141740719853905e7 pinf=8.278636083320682 (752) dinf=0.0 (0) time=759.5431156s
[ Info: iter=63377 obj=5.141824075438115e7 pinf=334.2694755797717 (767) dinf=0.0 (0) time=760.874929s
[ Info: iter=63457 obj=5.1418575046443865e7 pinf=34226.3402136666 (1218) dinf=0.0 (0) time=762.2674798s
[ Info: iter=63537 obj=5.1420736847996846e7 pinf=24687.86265017971 (840) dinf=0.0 (0) time=763.5212862s
[ Info: iter=63617 obj=5.142307955892181e7 pinf=7.581238337890615 (628) dinf=0.0 (0) time=764.9341665s
[ Info: iter=63697 obj=5.1425134065133825e7 pinf=0.32449977219428994 (548) dinf=0.0 (0) time=766.1755648s
[ Info: iter=63777 obj=5.142560459006356e7 pinf=1.7060092947120158 (498) dinf=0.0 (0) time=767.4157713s
[ Info: iter=63857 obj=5.1425646713244736e7 pinf=0.018519955355914598 (416) dinf=0.0 (0) time=768.5825815s
[ Info: iter=63937 obj=5.142568952556497e7 pinf=0.009773183626765292 (340) dinf=0.0 (0) time=769.6660619s
[ Info: iter=64017 obj=5.1425690575562365e7 pinf=0.004847418286548162 (252) dinf=0.0 (0) time=770.597427s
[ Info: iter=64177 obj=5.142569176207498e7 pinf=0.0013380691377099167 (16) dinf=0.0 (0) time=772.5548275s
[ Info: Starting postsolve cleanup on original LP
[ Info: iter=64181 obj=5.2343585054178156e7 pinf=3.389289326260395e6 (2305) dinf=1.8407438631416864e6 (1339) time=772.768599s
[ Info: iter=64181 obj=5.142569176210476e7 pinf=0.0 (0) dinf=1.6906646940332383e6 (1150) time=774.5335682s
[ Info: Projected postsolve basis: exchanges=368
[ Info: Starting primal postsolve cleanup from feasible basis
[ Info: iter=64261 obj=5.142569176210476e7 pinf=0.0 (0) dinf=1.4455599852155943e6 (1070) time=776.1443684s
[ Info: iter=64341 obj=5.142569176210476e7 pinf=0.0 (0) dinf=1.2897245788062124e6 (991) time=777.2763406s
[ Info: iter=64421 obj=5.1425691762104765e7 pinf=0.0 (0) dinf=1.2030754284408463e6 (927) time=778.3856857s
[ Info: iter=64501 obj=5.1425691762104765e7 pinf=0.0 (0) dinf=986904.1871477073 (845) time=779.5820749s
[ Info: iter=64581 obj=5.1425691762104765e7 pinf=0.0 (0) dinf=858566.0477937405 (777) time=780.9699411s
[ Info: iter=64661 obj=5.1425691762104765e7 pinf=0.0 (0) dinf=746012.8197913032 (697) time=782.3529803s
[ Info: iter=64741 obj=5.142569176210476e7 pinf=0.0 (0) dinf=628982.8401860229 (625) time=783.7710932s
[ Info: iter=64821 obj=5.142569176210476e7 pinf=0.0 (0) dinf=289383.0170780044 (543) time=785.1079003s
[ Info: iter=64901 obj=5.142569176210476e7 pinf=0.0 (0) dinf=176051.61566907613 (452) time=786.4138646s
[ Info: iter=64981 obj=5.142569176210476e7 pinf=0.0 (0) dinf=129137.88235024398 (391) time=787.7259453s
[ Info: iter=65061 obj=5.1425691762104765e7 pinf=0.0 (0) dinf=73455.73229097316 (312) time=789.125714s
[ Info: iter=65141 obj=5.1425691762104765e7 pinf=0.0 (0) dinf=43150.144661684506 (220) time=790.5900487s
[ Info: iter=65221 obj=5.1425691762104735e7 pinf=0.0 (0) dinf=12879.761275372668 (123) time=792.0164301s
[ Info: iter=65301 obj=5.142569176210476e7 pinf=0.0 (0) dinf=1753.0005742845165 (53) time=793.3631167s
[ Info: Solve finished: status=OPTIMAL objective=5.1425691762104586e7 iterations=65351 time=794.1782123s
867.819383 seconds (225.25 M allocations: 34.197 GiB, 1.88% gc time, 8.49% compilation time)
5.1425691762104586e7
65351 794.1782123

Bartels-Golub:
  Activating project at `C:\Users\jiris\OneDrive\Simplex_tests`
[ Info: Loaded problem: rows=43021 columns=47148 nnz=277210
[ Info: Starting presolve
[ Info: After presolve: rows=28453 columns=31615 nnz=211789
[ Info: iter=80 obj=-77795.80768288011 pinf=246.1482611475381 (370) dinf=0.0 (0) time=3.9407278s
[ Info: iter=160 obj=-12567.36562365837 pinf=125.28552036200347 (292) dinf=0.0 (0) time=4.3565913s
[ Info: iter=240 obj=-817.3518407489901 pinf=22.679308522596607 (156) dinf=0.0 (0) time=4.7661186s
[ Info: iter=257 obj=-7.509524188788395e6 pinf=383149.01107378054 (3089) dinf=36998.32632978309 (226) time=4.873402s
[ Info: iter=337 obj=-7.808027941838834e6 pinf=109599.0643979763 (3016) dinf=0.0 (0) time=5.5134581s
[ Info: iter=417 obj=-2.2853844035067065e6 pinf=60074.314304500804 (2933) dinf=0.0 (0) time=6.0323908s
[ Info: iter=497 obj=-535050.3445318134 pinf=52318.74765579776 (2940) dinf=0.0 (0) time=6.5730912s
[ Info: iter=577 obj=122084.08133958356 pinf=44372.84416298015 (2928) dinf=0.0 (0) time=7.1406254s
[ Info: iter=657 obj=665290.614742882 pinf=45840.522811359355 (3079) dinf=0.0 (0) time=7.7248285s
[ Info: iter=737 obj=1.8908270646782801e6 pinf=60594.25151593979 (3177) dinf=0.0 (0) time=8.3094859s
[ Info: iter=817 obj=2.6006339619362243e6 pinf=152338.4060224421 (3267) dinf=0.0 (0) time=9.0550454s
[ Info: iter=897 obj=2.741492033293909e6 pinf=57088.53359569183 (3281) dinf=0.0 (0) time=9.6014428s
[ Info: iter=977 obj=3.304762128348941e6 pinf=172910.36290866788 (3349) dinf=0.0 (0) time=10.1768057s
[ Info: iter=1057 obj=3.9895145082986318e6 pinf=494439.04020485777 (3493) dinf=0.0 (0) time=10.7372549s
[ Info: iter=1137 obj=3.9895145082986318e6 pinf=2.7696799195705175e7 (3499) dinf=0.0 (0) time=11.271718s
[ Info: iter=1217 obj=4.216797364094874e6 pinf=1.4388493592380902e7 (3512) dinf=0.0 (0) time=11.844852s
[ Info: iter=1297 obj=4.418463838288044e6 pinf=1.4364037945397766e7 (3551) dinf=0.0 (0) time=12.4211912s
[ Info: iter=1377 obj=5.131245404771424e6 pinf=1.3860797178324604e7 (3601) dinf=0.0 (0) time=13.0249943s
[ Info: iter=1457 obj=5.508565195418397e6 pinf=1.3849658313609116e7 (3642) dinf=0.0 (0) time=13.6181611s
[ Info: iter=1537 obj=5.650127452335321e6 pinf=1.3845594393469209e7 (3699) dinf=0.0 (0) time=14.2367968s
[ Info: iter=1617 obj=5.966472529704994e6 pinf=1.3852967888952764e7 (3750) dinf=0.0 (0) time=14.8223255s
[ Info: iter=1697 obj=6.186621459604796e6 pinf=1.3855414621329539e7 (3763) dinf=0.0 (0) time=15.4298541s
[ Info: iter=1777 obj=6.197253384476757e6 pinf=1.3883230578259774e7 (3806) dinf=0.0 (0) time=16.0150942s
[ Info: iter=1857 obj=6.354697895342247e6 pinf=1.3913867221049752e7 (3829) dinf=0.0 (0) time=16.602405s
[ Info: iter=1937 obj=6.721783424357637e6 pinf=1.3848317638695635e7 (3854) dinf=0.0 (0) time=17.2095181s
[ Info: iter=2017 obj=6.721783424357637e6 pinf=1.384169867534926e7 (3871) dinf=0.0 (0) time=17.7925358s
[ Info: iter=2097 obj=6.778589130298213e6 pinf=1.3840898140769515e7 (3881) dinf=0.0 (0) time=18.4228506s
[ Info: iter=2177 obj=6.796097457755278e6 pinf=1.3846202187411383e7 (3902) dinf=0.0 (0) time=19.0285475s
[ Info: iter=2257 obj=6.841357357232649e6 pinf=6.258294830288873e6 (3930) dinf=0.0 (0) time=19.6715274s
[ Info: iter=2337 obj=6.877151090978749e6 pinf=6.261630815521206e6 (3955) dinf=0.0 (0) time=20.2855419s
[ Info: iter=2417 obj=7.0229024800204225e6 pinf=6.279262447014211e6 (3978) dinf=0.0 (0) time=20.9071059s
[ Info: iter=2497 obj=7.080809680248857e6 pinf=6.27035341012357e6 (4011) dinf=0.0 (0) time=21.5296793s
[ Info: iter=2577 obj=7.082708124668491e6 pinf=6.266568605606371e6 (4026) dinf=0.0 (0) time=22.1176151s
[ Info: iter=2657 obj=7.0952871454158155e6 pinf=6.298903263251416e6 (4059) dinf=0.0 (0) time=22.7142584s
[ Info: iter=2737 obj=7.188116233767616e6 pinf=6.299324178846548e6 (4072) dinf=0.0 (0) time=23.3634369s
[ Info: iter=2817 obj=7.30537699912202e6 pinf=6.305743218317122e6 (4091) dinf=0.0 (0) time=23.987331s
[ Info: iter=2897 obj=7.499034259989283e6 pinf=635118.4641578137 (4077) dinf=0.0 (0) time=25.2216458s
[ Info: iter=2977 obj=7.973244039120987e6 pinf=66896.8271498739 (4054) dinf=0.0 (0) time=25.8085678s
[ Info: iter=3057 obj=8.139862015230728e6 pinf=99010.85619607536 (4065) dinf=0.0 (0) time=26.4112891s
[ Info: iter=3137 obj=8.222077940288039e6 pinf=4.174585175078149e6 (4065) dinf=0.0 (0) time=27.0238725s
[ Info: iter=3217 obj=8.370227495618505e6 pinf=52033.342852862464 (4124) dinf=0.0 (0) time=27.6490596s
[ Info: iter=3297 obj=8.478778764786322e6 pinf=54259.14654173679 (4158) dinf=0.0 (0) time=28.3121612s
[ Info: iter=3377 obj=8.547934364872959e6 pinf=83601.60424602048 (4166) dinf=0.0 (0) time=28.9277548s
[ Info: iter=3457 obj=8.780928088804502e6 pinf=48594.15179651413 (4131) dinf=0.0 (0) time=29.5540414s
[ Info: iter=3537 obj=9.097984945912123e6 pinf=80940.96964027917 (4130) dinf=0.0 (0) time=30.1810032s
[ Info: iter=3617 obj=9.235183835995885e6 pinf=56194.323835830495 (4142) dinf=0.0 (0) time=30.7903997s
[ Info: iter=3697 obj=9.739084471971814e6 pinf=204880.63151597173 (4190) dinf=0.0 (0) time=31.4467771s
[ Info: iter=3777 obj=1.0346152434327753e7 pinf=47886.160361710616 (4192) dinf=0.0 (0) time=32.0847867s
[ Info: iter=3857 obj=1.046948901513384e7 pinf=97737.2342095504 (4250) dinf=0.0 (0) time=32.7230449s
[ Info: iter=3937 obj=1.0641687686976071e7 pinf=51673.974927827076 (4289) dinf=0.0 (0) time=33.3675477s
[ Info: iter=4017 obj=1.0809302751918102e7 pinf=43553.829028918255 (4250) dinf=0.0 (0) time=34.0203969s
[ Info: iter=4097 obj=1.0833140235759642e7 pinf=42215.41568209859 (4270) dinf=0.0 (0) time=34.6813847s
[ Info: iter=4177 obj=1.0932338772194408e7 pinf=177121.943882527 (4295) dinf=0.0 (0) time=35.3497765s
[ Info: iter=4257 obj=1.0978859763755463e7 pinf=51502.06885569387 (4270) dinf=0.0 (0) time=36.0159458s
[ Info: iter=4337 obj=1.0999620037543021e7 pinf=336614.2072253514 (4295) dinf=0.0 (0) time=36.6863033s
[ Info: iter=4417 obj=1.101415882777125e7 pinf=39333.44833218962 (4317) dinf=0.0 (0) time=37.363417s
[ Info: iter=4497 obj=1.1124602730042543e7 pinf=41564.33888355223 (4346) dinf=0.0 (0) time=38.0670228s
[ Info: iter=4577 obj=1.114056308362651e7 pinf=1.154418839373999e6 (4355) dinf=0.0 (0) time=38.7666022s
[ Info: iter=4657 obj=1.1165517255242266e7 pinf=398281.2728868884 (4391) dinf=0.0 (0) time=39.4558206s
[ Info: iter=4737 obj=1.1211580150332209e7 pinf=2.65485496381647e6 (4407) dinf=0.0 (0) time=40.1348552s
[ Info: iter=4817 obj=1.2915018425051298e7 pinf=44697.42240743744 (4415) dinf=0.0 (0) time=40.8032195s
[ Info: iter=4897 obj=1.4935644076746838e7 pinf=42838.76216064203 (4442) dinf=0.0 (0) time=41.5233682s
[ Info: iter=4977 obj=1.5379428590977985e7 pinf=45673.36171030107 (4451) dinf=0.0 (0) time=42.2059471s
[ Info: iter=5057 obj=1.5473389547823798e7 pinf=40368.45419825483 (4485) dinf=0.0 (0) time=42.877177s
[ Info: iter=5137 obj=1.6045651326705176e7 pinf=45424.48938383375 (4496) dinf=0.0 (0) time=43.5879943s
[ Info: iter=5217 obj=1.759625567103168e7 pinf=123301.77568696256 (4491) dinf=0.0 (0) time=44.254584s
[ Info: iter=5297 obj=1.8205673254537918e7 pinf=52055.04798258548 (4501) dinf=0.0 (0) time=44.9548252s
[ Info: iter=5377 obj=1.8420506824863303e7 pinf=41082.082447338114 (4497) dinf=0.0 (0) time=45.6347368s
[ Info: iter=5457 obj=1.902412119356497e7 pinf=3.262296974429465e6 (4511) dinf=0.0 (0) time=46.4159291s
[ Info: iter=5537 obj=1.9635192648762062e7 pinf=37186.68850667391 (4512) dinf=0.0 (0) time=47.1198216s
[ Info: iter=5617 obj=1.9679167903475776e7 pinf=37763.08439465356 (4524) dinf=0.0 (0) time=47.8507811s
[ Info: iter=5697 obj=1.9745735038302585e7 pinf=53683.421752533606 (4579) dinf=0.0 (0) time=48.798721s
[ Info: iter=5777 obj=2.0055994339279238e7 pinf=43803.87085384923 (4580) dinf=0.0 (0) time=49.5004617s
[ Info: iter=5857 obj=2.0072487654355377e7 pinf=37977.31310467226 (4566) dinf=0.0 (0) time=50.2164599s
[ Info: iter=5937 obj=2.01748486387445e7 pinf=205853.61142152187 (4596) dinf=0.0 (0) time=50.9475601s
[ Info: iter=6017 obj=2.0196281949125055e7 pinf=42247.667189240296 (4634) dinf=0.0 (0) time=51.6940899s
[ Info: iter=6097 obj=2.0334156410102554e7 pinf=40351.12512699892 (4631) dinf=0.0 (0) time=52.4190153s
[ Info: iter=6177 obj=2.0710891480928224e7 pinf=36456.72970594637 (4681) dinf=0.0 (0) time=53.14759s
[ Info: iter=6257 obj=2.079553524073769e7 pinf=41274.32533326211 (4679) dinf=0.0 (0) time=53.8494657s
[ Info: iter=6337 obj=2.122209534187276e7 pinf=39910.23081441069 (4701) dinf=0.0 (0) time=54.5818578s
[ Info: iter=6417 obj=2.1372571273758873e7 pinf=55449.23735337106 (4710) dinf=0.0 (0) time=55.3307843s
[ Info: iter=6497 obj=2.161329460217819e7 pinf=37196.97650762847 (4722) dinf=0.0 (0) time=56.0365102s
[ Info: iter=6577 obj=2.1689762841770187e7 pinf=323141.81373779185 (4813) dinf=0.0 (0) time=56.7828628s
[ Info: iter=6657 obj=2.1868464253725175e7 pinf=48102.19559773176 (4751) dinf=0.0 (0) time=57.5827395s
[ Info: iter=6737 obj=2.1917298856620945e7 pinf=34373.91203229696 (4786) dinf=0.0 (0) time=58.4317716s
[ Info: iter=6817 obj=2.200954046767697e7 pinf=41645.111906539045 (4766) dinf=0.0 (0) time=59.1900708s
[ Info: iter=6897 obj=2.207482407775853e7 pinf=129156.74908123112 (4775) dinf=0.0 (0) time=59.922437s
[ Info: iter=6977 obj=2.21052263999637e7 pinf=42146.087387219595 (4751) dinf=0.0 (0) time=60.6763562s
[ Info: iter=7057 obj=2.220395859672318e7 pinf=83303.45490031649 (4763) dinf=0.0 (0) time=61.4494352s
[ Info: iter=7137 obj=2.2391642963199247e7 pinf=67756.1139954954 (4744) dinf=0.0 (0) time=62.2189354s
[ Info: iter=7217 obj=2.258235718241805e7 pinf=51589.03602830388 (4738) dinf=0.0 (0) time=62.979183s
[ Info: iter=7297 obj=2.274730975215543e7 pinf=37174.80250253144 (4719) dinf=0.0 (0) time=63.7375991s
[ Info: iter=7377 obj=2.2800913130671512e7 pinf=37902.82237114297 (4733) dinf=0.0 (0) time=64.5348454s
[ Info: iter=7457 obj=2.3079893018563874e7 pinf=42321.50389750545 (4754) dinf=0.0 (0) time=65.3351202s
[ Info: iter=7537 obj=2.321307773645128e7 pinf=40086.70105375353 (4760) dinf=0.0 (0) time=66.0950796s
[ Info: iter=7617 obj=2.5541997827314124e7 pinf=33850.015213852304 (4829) dinf=0.0 (0) time=66.8491262s
[ Info: iter=7697 obj=2.559696191948309e7 pinf=33831.25260593784 (4857) dinf=0.0 (0) time=67.66463s
[ Info: iter=7777 obj=2.5653607659411825e7 pinf=39515.25968088908 (4889) dinf=0.0 (0) time=68.4771729s
[ Info: iter=7857 obj=2.5827829669558525e7 pinf=89671.61177294879 (4941) dinf=0.0 (0) time=69.2508729s
[ Info: iter=7937 obj=2.623393232733655e7 pinf=30959.774342158824 (4975) dinf=0.0 (0) time=70.032733s
[ Info: iter=8017 obj=2.636523335179002e7 pinf=98976.90519786396 (4958) dinf=0.0 (0) time=70.7992705s
[ Info: iter=8097 obj=2.6549449637039647e7 pinf=265447.6286275774 (5099) dinf=0.0 (0) time=71.6064179s
[ Info: iter=8177 obj=2.7260509762392696e7 pinf=35439.10451250346 (4992) dinf=0.0 (0) time=72.3955389s
[ Info: iter=8257 obj=2.774715976430061e7 pinf=82444.56567991426 (5016) dinf=0.0 (0) time=73.2061173s
[ Info: iter=8337 obj=2.79117160716135e7 pinf=84781.49905253534 (5067) dinf=0.0 (0) time=74.0364963s
[ Info: iter=8417 obj=2.7975564612360183e7 pinf=223069.10991993695 (5154) dinf=0.0 (0) time=74.8332624s
[ Info: iter=8497 obj=2.810393885834012e7 pinf=43463.19364451926 (5080) dinf=0.0 (0) time=75.6378272s
[ Info: iter=8577 obj=2.817753456324405e7 pinf=28115.767039101014 (5095) dinf=0.0 (0) time=76.4316059s
[ Info: iter=8657 obj=2.8284022989041064e7 pinf=33311.054809608984 (5097) dinf=0.0 (0) time=77.2654422s
[ Info: iter=8737 obj=2.8300891716728065e7 pinf=35965.521158088486 (5082) dinf=0.0 (0) time=78.0991301s
[ Info: iter=8817 obj=2.830918579844341e7 pinf=82911.21610205452 (5082) dinf=0.0 (0) time=78.9038896s
[ Info: iter=8897 obj=2.838414115863681e7 pinf=131103.87991034923 (5123) dinf=0.0 (0) time=79.7165518s
[ Info: iter=8977 obj=2.8782225010403436e7 pinf=30184.841200046434 (5139) dinf=0.0 (0) time=80.5237034s
[ Info: iter=9057 obj=2.8880192750012226e7 pinf=28254.397575968873 (5089) dinf=0.0 (0) time=81.344014s
[ Info: iter=9137 obj=2.9102985613774735e7 pinf=52629.843296333755 (5122) dinf=0.0 (0) time=82.1968462s
[ Info: iter=9217 obj=2.9461824239772327e7 pinf=166189.75491996226 (5183) dinf=0.0 (0) time=83.0109062s
[ Info: iter=9297 obj=2.9497918285924595e7 pinf=32484.041822169984 (5132) dinf=0.0 (0) time=83.8618007s
[ Info: iter=9377 obj=2.9519582125623684e7 pinf=48159.86476272483 (5068) dinf=0.0 (0) time=84.6983849s
[ Info: iter=9457 obj=2.95441757629928e7 pinf=42585.59609659158 (5090) dinf=0.0 (0) time=85.5418932s
[ Info: iter=9537 obj=2.9562739074894253e7 pinf=51861.533104184666 (5174) dinf=0.0 (0) time=86.4172363s
[ Info: iter=9617 obj=2.9576045249080263e7 pinf=36362.90539921323 (5164) dinf=0.0 (0) time=87.2255841s
[ Info: iter=9697 obj=2.960129812424021e7 pinf=51145.70770236012 (5184) dinf=0.0 (0) time=88.1151417s
[ Info: iter=9777 obj=2.9613877809277352e7 pinf=70392.54050680547 (5192) dinf=0.0 (0) time=88.908193s
[ Info: iter=9857 obj=2.9620903032412056e7 pinf=28363.407105401537 (5172) dinf=0.0 (0) time=89.7495735s
[ Info: iter=9937 obj=2.9641796249492556e7 pinf=42673.6190872691 (5197) dinf=0.0 (0) time=90.5953984s
[ Info: iter=10017 obj=2.9656155290769164e7 pinf=83045.2904688973 (5239) dinf=0.0 (0) time=91.4658827s
[ Info: iter=10097 obj=2.9668884301152993e7 pinf=133840.3701522149 (5317) dinf=0.0 (0) time=92.3559918s
[ Info: iter=10177 obj=2.968777724333754e7 pinf=702158.345614136 (5278) dinf=0.0 (0) time=93.2038274s
[ Info: iter=10257 obj=2.9696651567446627e7 pinf=143725.17826529258 (5251) dinf=0.0 (0) time=94.0637878s
[ Info: iter=10337 obj=2.9704506380653884e7 pinf=54475.29939632412 (5221) dinf=0.0 (0) time=94.8983376s
[ Info: iter=10417 obj=2.9712552104393855e7 pinf=103175.94586459716 (5305) dinf=0.0 (0) time=95.7432838s
[ Info: iter=10497 obj=2.974833571982789e7 pinf=37643.382023553866 (5249) dinf=0.0 (0) time=96.6061521s
[ Info: iter=10577 obj=2.9763191518778417e7 pinf=52498.85229554163 (5240) dinf=0.0 (0) time=97.4338043s
[ Info: iter=10657 obj=2.9793190167103365e7 pinf=144230.6360824905 (5306) dinf=0.0 (0) time=98.3046296s
[ Info: iter=10737 obj=2.9823768493738987e7 pinf=152445.23690260565 (5361) dinf=0.0 (0) time=99.1821827s
[ Info: iter=10817 obj=2.9855256572176613e7 pinf=69697.68266489216 (5349) dinf=0.0 (0) time=100.1062545s
[ Info: iter=10897 obj=2.9870027197764665e7 pinf=115220.30977695328 (5418) dinf=0.0 (0) time=101.0681194s
[ Info: iter=10977 obj=2.9910964214459382e7 pinf=590913.0636247863 (5593) dinf=0.0 (0) time=102.1436155s
[ Info: iter=11057 obj=2.9930461922582433e7 pinf=276387.7678928073 (5520) dinf=0.0 (0) time=103.2102619s
[ Info: iter=11137 obj=2.9968657080665e7 pinf=133474.61542401896 (5408) dinf=0.0 (0) time=104.1502022s
[ Info: iter=11217 obj=3.000416771434199e7 pinf=195253.22330095415 (5521) dinf=0.0 (0) time=105.1585369s
[ Info: iter=11297 obj=3.0040327915537365e7 pinf=70472.925874831 (5469) dinf=0.0 (0) time=106.1232443s
[ Info: iter=11377 obj=3.0079387602224685e7 pinf=845405.7115560097 (5575) dinf=0.0 (0) time=107.1869637s
[ Info: iter=11457 obj=3.012442969982607e7 pinf=55325.9540531342 (5432) dinf=0.0 (0) time=108.2856181s
[ Info: iter=11537 obj=3.0131969151927892e7 pinf=285360.1413501576 (5529) dinf=0.0 (0) time=109.3196545s
[ Info: iter=11617 obj=3.01797500790273e7 pinf=67431.6638468378 (5434) dinf=0.0 (0) time=110.2121502s
[ Info: iter=11697 obj=3.0203146096599e7 pinf=341840.21021477995 (5553) dinf=0.0 (0) time=111.2225839s
[ Info: iter=11777 obj=3.0245351702122524e7 pinf=262038.44664850805 (5496) dinf=0.0 (0) time=112.23256s
[ Info: iter=11857 obj=3.0263082397555396e7 pinf=469431.24859241565 (5539) dinf=0.0 (0) time=113.1982886s
[ Info: iter=11937 obj=3.0272610102353193e7 pinf=421266.2059441399 (5544) dinf=0.0 (0) time=114.110873s
[ Info: iter=12017 obj=3.029326938020681e7 pinf=84513.56639227433 (5472) dinf=0.0 (0) time=115.0684891s
[ Info: iter=12097 obj=3.030005619645489e7 pinf=472659.6028940888 (5527) dinf=0.0 (0) time=116.0200185s
[ Info: iter=12177 obj=3.0324166322761185e7 pinf=69590.01491494341 (5455) dinf=0.0 (0) time=116.9289165s
[ Info: iter=12257 obj=3.0326473979320314e7 pinf=61231.23692050901 (5422) dinf=0.0 (0) time=117.9597753s
[ Info: iter=12337 obj=3.0337446565327667e7 pinf=557449.0938063764 (5479) dinf=0.0 (0) time=118.9335912s
[ Info: iter=12417 obj=3.036391383376976e7 pinf=108274.56343408418 (5407) dinf=0.0 (0) time=119.9092545s
[ Info: iter=12497 obj=3.039385914544908e7 pinf=74609.99622379175 (5437) dinf=0.0 (0) time=120.8250462s
[ Info: iter=12577 obj=3.0396450850706812e7 pinf=126168.56595741499 (5524) dinf=0.0 (0) time=121.8126605s
[ Info: iter=12657 obj=3.0436724493854813e7 pinf=81086.04360387188 (5450) dinf=0.0 (0) time=122.8023754s
[ Info: iter=12737 obj=3.045614824904365e7 pinf=66972.51058400962 (5496) dinf=0.0 (0) time=123.782334s
[ Info: iter=12817 obj=3.0471513200852323e7 pinf=63415.83173587974 (5417) dinf=0.0 (0) time=124.6863614s
[ Info: iter=12897 obj=3.0493966605563447e7 pinf=114487.46854462921 (5525) dinf=0.0 (0) time=125.6543287s
[ Info: iter=12977 obj=3.0516635272949595e7 pinf=45553.35293998693 (5480) dinf=0.0 (0) time=126.720755s
[ Info: iter=13057 obj=3.0531575684383925e7 pinf=78385.80437722852 (5474) dinf=0.0 (0) time=127.6853754s
[ Info: iter=13137 obj=3.0554549095870867e7 pinf=42938.29121085525 (5460) dinf=0.0 (0) time=128.7017769s
[ Info: iter=13217 obj=3.0581404999863125e7 pinf=104221.94761070813 (5535) dinf=0.0 (0) time=129.7182522s
[ Info: iter=13297 obj=3.0968371355290394e7 pinf=256899.08894798587 (5576) dinf=0.0 (0) time=130.6794794s
[ Info: iter=13377 obj=3.1079797568118487e7 pinf=190263.9675235316 (5584) dinf=0.0 (0) time=131.7547751s
[ Info: iter=13457 obj=3.1138744699469868e7 pinf=94046.35289042753 (5552) dinf=0.0 (0) time=132.7160948s
[ Info: iter=13537 obj=3.1287574760806654e7 pinf=291273.3157832483 (5636) dinf=0.0 (0) time=133.6495735s
[ Info: iter=13617 obj=3.1568963913338147e7 pinf=182042.08430977113 (5680) dinf=0.0 (0) time=134.6814561s
[ Info: iter=13697 obj=3.1584886356230948e7 pinf=1.218014531975662e6 (5748) dinf=0.0 (0) time=135.6789024s
[ Info: iter=13777 obj=3.188532525710516e7 pinf=1.2584048385218587e6 (5840) dinf=0.0 (0) time=136.7334387s
[ Info: iter=13857 obj=3.2830564399642475e7 pinf=102961.07979921509 (5562) dinf=0.0 (0) time=137.7174467s
[ Info: iter=13937 obj=3.312020105239221e7 pinf=92859.06747830429 (5574) dinf=0.0 (0) time=138.7459862s
[ Info: iter=14017 obj=3.5283195764878444e7 pinf=86856.4758858159 (5562) dinf=0.0 (0) time=139.7251222s
[ Info: iter=14097 obj=3.529066326169577e7 pinf=99559.34153223022 (5602) dinf=0.0 (0) time=140.768758s
[ Info: iter=14177 obj=3.5303046326157674e7 pinf=297082.4081206399 (5673) dinf=0.0 (0) time=141.7807702s
[ Info: iter=14257 obj=3.5313908814373866e7 pinf=283627.101784261 (5614) dinf=0.0 (0) time=143.9426298s
[ Info: iter=14337 obj=3.552242322224738e7 pinf=348471.7430795381 (5600) dinf=0.0 (0) time=145.0147742s
[ Info: iter=14417 obj=3.5872265187852286e7 pinf=143560.60385381948 (5423) dinf=0.0 (0) time=146.0418322s
[ Info: iter=14497 obj=3.592521969136438e7 pinf=124060.64298762 (5549) dinf=0.0 (0) time=147.1660255s
[ Info: iter=14577 obj=3.594702964357898e7 pinf=221827.49994574217 (5608) dinf=0.0 (0) time=148.1938883s
[ Info: iter=14657 obj=3.597615322932391e7 pinf=2.1991537379735815e6 (5767) dinf=0.0 (0) time=149.2544965s
[ Info: iter=14737 obj=3.619758889551779e7 pinf=113414.9436601433 (5521) dinf=0.0 (0) time=150.3371893s
[ Info: iter=14817 obj=3.621102178860589e7 pinf=104548.06337280858 (5625) dinf=0.0 (0) time=151.4213497s
[ Info: iter=14897 obj=3.6222516979601204e7 pinf=82437.1925355749 (5512) dinf=0.0 (0) time=152.4617338s
[ Info: iter=14977 obj=3.6238102393589005e7 pinf=209877.74700746848 (5621) dinf=0.0 (0) time=153.5277612s
[ Info: iter=15057 obj=3.62521206998976e7 pinf=54357.470824311946 (5531) dinf=0.0 (0) time=154.6886426s
[ Info: iter=15137 obj=3.6283157466868415e7 pinf=35335.99098705353 (5484) dinf=0.0 (0) time=155.7504323s
[ Info: iter=15217 obj=3.6316739302223116e7 pinf=113779.40682351125 (5528) dinf=0.0 (0) time=156.8371511s
[ Info: iter=15297 obj=3.6411412176921144e7 pinf=288474.4323154805 (5613) dinf=0.0 (0) time=157.9235638s
[ Info: iter=15377 obj=3.651861523698665e7 pinf=538078.4810319876 (5604) dinf=0.0 (0) time=159.1193141s
[ Info: iter=15457 obj=3.654014305043982e7 pinf=952476.5077788418 (5643) dinf=0.0 (0) time=160.1973434s
[ Info: iter=15537 obj=3.655365199796752e7 pinf=480867.0267553597 (5637) dinf=0.0 (0) time=161.3546314s
[ Info: iter=15617 obj=3.656686950054744e7 pinf=2.3407863041660865e6 (5636) dinf=0.0 (0) time=162.5118036s
[ Info: iter=15697 obj=3.6582919434644386e7 pinf=3.5745458395783184e6 (5662) dinf=0.0 (0) time=163.6146526s
[ Info: iter=15777 obj=3.658871781847806e7 pinf=81669.05811127549 (5518) dinf=0.0 (0) time=164.7272561s
[ Info: iter=15857 obj=3.6664514194101885e7 pinf=381247.68404170737 (5653) dinf=0.0 (0) time=165.8303298s
[ Info: iter=15937 obj=3.674974069046248e7 pinf=884331.9184835859 (5763) dinf=0.0 (0) time=166.9040525s
[ Info: iter=16017 obj=3.6811826841993265e7 pinf=30834.866561664436 (5512) dinf=0.0 (0) time=167.9416113s
[ Info: iter=16097 obj=3.685755984661601e7 pinf=148166.05916163916 (5607) dinf=0.0 (0) time=169.0546743s
[ Info: iter=16177 obj=3.689391047165838e7 pinf=358770.7017384442 (5685) dinf=0.0 (0) time=170.1597393s
[ Info: iter=16257 obj=3.6927047525818735e7 pinf=151049.4584983971 (5672) dinf=0.0 (0) time=171.21357s
[ Info: iter=16337 obj=3.694035796992621e7 pinf=523389.65762707894 (5870) dinf=0.0 (0) time=172.3460141s
[ Info: iter=16417 obj=3.6953029855941124e7 pinf=626172.6017363892 (5833) dinf=0.0 (0) time=173.5537206s
[ Info: iter=16497 obj=3.698581626040129e7 pinf=90175.0615793978 (5621) dinf=0.0 (0) time=174.6590657s
[ Info: iter=16577 obj=3.7032951527702026e7 pinf=96828.83662088502 (5747) dinf=0.0 (0) time=175.8733108s
[ Info: iter=16657 obj=3.742198885596607e7 pinf=165872.81791401102 (5640) dinf=0.0 (0) time=177.0513061s
[ Info: iter=16737 obj=3.7561525195731185e7 pinf=615196.7432020593 (5825) dinf=0.0 (0) time=178.3099629s
[ Info: iter=16817 obj=3.776928759018625e7 pinf=1.080536142957513e6 (5862) dinf=0.0 (0) time=179.4864249s
[ Info: iter=16897 obj=3.779298881936062e7 pinf=4.0814124921227023e6 (5870) dinf=0.0 (0) time=180.8002187s
[ Info: iter=16977 obj=3.780540155113659e7 pinf=573572.8607565198 (5710) dinf=0.0 (0) time=182.0745912s
[ Info: iter=17057 obj=3.782154810210999e7 pinf=684495.5124962509 (5675) dinf=0.0 (0) time=183.5069973s
[ Info: iter=17137 obj=3.782472784692223e7 pinf=414128.075911038 (5602) dinf=0.0 (0) time=184.74193s
[ Info: iter=17217 obj=3.78293745484111e7 pinf=378102.9357056025 (5601) dinf=0.0 (0) time=186.2325026s
[ Info: iter=17297 obj=3.832153369234295e7 pinf=663264.595807237 (5780) dinf=0.0 (0) time=187.3810604s
[ Info: iter=17377 obj=3.853585514272982e7 pinf=74240.2954848547 (5538) dinf=0.0 (0) time=188.5435006s
[ Info: iter=17457 obj=3.856791488663683e7 pinf=6.147788399595445e6 (5841) dinf=0.0 (0) time=189.8378897s
[ Info: iter=17537 obj=3.8601246568337634e7 pinf=8.538380513181495e6 (5989) dinf=0.0 (0) time=191.3495039s
[ Info: iter=17617 obj=3.8663338773443125e7 pinf=395935.9063368149 (5675) dinf=0.0 (0) time=192.8302229s
[ Info: iter=17697 obj=3.867251522975314e7 pinf=140544.85788406394 (5551) dinf=0.0 (0) time=194.1484134s
[ Info: iter=17777 obj=3.8688256868340634e7 pinf=351031.27321733074 (5467) dinf=0.0 (0) time=195.4897501s
[ Info: iter=17857 obj=3.87143334920674e7 pinf=1.5018109917673285e6 (5741) dinf=0.0 (0) time=196.7435978s
[ Info: iter=17937 obj=3.883480750254442e7 pinf=102471.37115264588 (5558) dinf=0.0 (0) time=197.9713605s
[ Info: iter=18017 obj=3.894091253353247e7 pinf=77857.92683587725 (5589) dinf=0.0 (0) time=199.1784598s
[ Info: iter=18097 obj=3.937978444458619e7 pinf=102360.50737618354 (5484) dinf=0.0 (0) time=200.2874622s
[ Info: iter=18177 obj=3.941329838432438e7 pinf=1.3126428807453193e7 (5863) dinf=0.0 (0) time=201.5984219s
[ Info: iter=18257 obj=3.962725827341152e7 pinf=52221.33221677832 (5438) dinf=0.0 (0) time=202.8645527s
[ Info: iter=18337 obj=3.964379778264217e7 pinf=153719.71790114444 (5539) dinf=0.0 (0) time=204.1635372s
[ Info: iter=18417 obj=3.9660232784342505e7 pinf=875386.1302082908 (5505) dinf=0.0 (0) time=205.434984s
[ Info: iter=18497 obj=3.96649540159344e7 pinf=44626.88198915347 (5430) dinf=0.0 (0) time=206.7534833s
[ Info: iter=18577 obj=3.967074566304829e7 pinf=88290.22033585941 (5532) dinf=0.0 (0) time=208.0753932s
[ Info: iter=18657 obj=3.967746449563527e7 pinf=43439.66615699939 (5407) dinf=0.0 (0) time=209.3021373s
[ Info: iter=18737 obj=3.968582173631095e7 pinf=59038.1004198903 (5483) dinf=0.0 (0) time=210.6199269s
[ Info: iter=18817 obj=3.9691971890579484e7 pinf=214670.61325791906 (5615) dinf=0.0 (0) time=211.9274282s
[ Info: iter=18897 obj=3.97058257522384e7 pinf=34879.605661247246 (5385) dinf=0.0 (0) time=213.1988457s
[ Info: iter=18977 obj=3.9713729566437595e7 pinf=57927.021095869124 (5438) dinf=0.0 (0) time=214.4444805s
[ Info: iter=19057 obj=3.977416194023651e7 pinf=293844.64617965656 (5577) dinf=0.0 (0) time=215.6666919s
[ Info: iter=19137 obj=3.9781392923808746e7 pinf=2.315168658833322e6 (5650) dinf=0.0 (0) time=216.8942062s
[ Info: iter=19217 obj=3.980581425147475e7 pinf=174087.29337977662 (5581) dinf=0.0 (0) time=218.1215472s
[ Info: iter=19297 obj=3.982400163274522e7 pinf=373303.1730603154 (5468) dinf=0.0 (0) time=219.3709801s
[ Info: iter=19377 obj=3.988601005161389e7 pinf=446570.2256335627 (5478) dinf=0.0 (0) time=220.6272542s
[ Info: iter=19537 obj=3.990931577598996e7 pinf=98177.40072939632 (5544) dinf=0.0 (0) time=223.7018402s
[ Info: iter=19697 obj=4.0165994304780476e7 pinf=293901.2524268683 (5728) dinf=0.0 (0) time=226.9143223s
[ Info: iter=19857 obj=4.052688571764504e7 pinf=885984.2615113872 (5599) dinf=0.0 (0) time=230.7336336s
[ Info: iter=20017 obj=4.0567317591430165e7 pinf=344707.8921016404 (5561) dinf=0.0 (0) time=234.3200966s
[ Info: iter=20177 obj=4.062712340381444e7 pinf=957597.7563294284 (5705) dinf=0.0 (0) time=237.6108763s
[ Info: iter=20337 obj=4.0973669682854705e7 pinf=2.6508082104083546e6 (5776) dinf=0.0 (0) time=241.1633876s
[ Info: iter=20497 obj=4.100326330378122e7 pinf=229595.08632954975 (5537) dinf=0.0 (0) time=244.549846s
[ Info: iter=20657 obj=4.1018746054253906e7 pinf=776062.8227942565 (5673) dinf=0.0 (0) time=247.9075996s
[ Info: iter=20817 obj=4.124268334967017e7 pinf=2.627892278119447e7 (5853) dinf=0.0 (0) time=251.2305889s
[ Info: iter=20977 obj=4.148246720593055e7 pinf=110816.52102908176 (5261) dinf=0.0 (0) time=254.4593637s
[ Info: iter=21137 obj=4.1648687765789375e7 pinf=791898.9606165572 (5523) dinf=0.0 (0) time=257.9638322s
[ Info: iter=21297 obj=4.1697186869213924e7 pinf=1.8322697221529665e6 (5596) dinf=0.0 (0) time=261.3896927s
[ Info: iter=21457 obj=4.174109172646989e7 pinf=428551.8055341978 (5463) dinf=0.0 (0) time=264.5845747s
[ Info: iter=21617 obj=4.175392477096158e7 pinf=593404.2134615299 (5475) dinf=0.0 (0) time=268.1509398s
[ Info: iter=21777 obj=4.179831392821527e7 pinf=1.7263448726402264e7 (5519) dinf=0.0 (0) time=271.851295s
[ Info: iter=21937 obj=4.181933257045143e7 pinf=1.129276733904101e6 (5596) dinf=0.0 (0) time=276.0047706s
[ Info: iter=22097 obj=4.183057878536249e7 pinf=538513.3636601927 (5392) dinf=0.0 (0) time=279.8250783s
[ Info: iter=22257 obj=4.187150068485454e7 pinf=1.3351282973887646e6 (5559) dinf=0.0 (0) time=283.6656854s
[ Info: iter=22417 obj=4.187958834486135e7 pinf=1.1966214946820902e7 (5318) dinf=0.0 (0) time=287.5041154s
[ Info: iter=22577 obj=4.188733570272793e7 pinf=186145.6327158009 (5298) dinf=0.0 (0) time=291.5038127s
[ Info: iter=22737 obj=4.1900102156452775e7 pinf=4.259450611303245e6 (5561) dinf=0.0 (0) time=295.4853229s
[ Info: iter=22897 obj=4.19317411412614e7 pinf=1.302201978353747e7 (5666) dinf=0.0 (0) time=299.4341801s
[ Info: iter=23057 obj=4.2410243767474234e7 pinf=1.127380211870826e7 (5602) dinf=0.0 (0) time=303.3859764s
[ Info: iter=23217 obj=4.27384279367633e7 pinf=1.3389410964881398e6 (5425) dinf=0.0 (0) time=306.9404777s
[ Info: iter=23377 obj=4.300784762653491e7 pinf=241087.3151589229 (5212) dinf=0.0 (0) time=310.8681772s
[ Info: iter=23537 obj=4.302396542579632e7 pinf=418720.53230118414 (5254) dinf=0.0 (0) time=315.0210418s
[ Info: iter=23697 obj=4.304017302219348e7 pinf=424005.3236531573 (5263) dinf=0.0 (0) time=319.2483366s
[ Info: iter=23857 obj=4.3069231896947965e7 pinf=1.1946792756238662e7 (5589) dinf=0.0 (0) time=323.3959764s
[ Info: iter=24017 obj=4.307773294372104e7 pinf=2.41048073685879e7 (5465) dinf=0.0 (0) time=327.5068752s
[ Info: iter=24177 obj=4.309252212366532e7 pinf=9.549485839658805e8 (5497) dinf=0.0 (0) time=332.4376776s
[ Info: iter=24337 obj=4.311888577073954e7 pinf=4.574254886741551e6 (5495) dinf=0.0 (0) time=336.5385392s
[ Info: iter=24497 obj=4.315392037297158e7 pinf=4.0383700648310306e6 (5584) dinf=0.0 (0) time=340.6785527s
[ Info: iter=24657 obj=4.335886421616604e7 pinf=524294.7395228845 (5251) dinf=0.0 (0) time=344.6423114s
[ Info: iter=24817 obj=4.338339898993549e7 pinf=202935.72899507298 (5202) dinf=0.0 (0) time=348.862226s
[ Info: iter=24977 obj=4.34106304608864e7 pinf=1.1178377307004943e6 (5615) dinf=0.0 (0) time=353.2828963s
[ Info: iter=25137 obj=4.345329727418393e7 pinf=8.23625995013163e7 (5830) dinf=0.0 (0) time=357.4308871s
[ Info: iter=25297 obj=4.364844045047189e7 pinf=2.665222066872383e7 (5620) dinf=0.0 (0) time=361.5284576s
[ Info: iter=25457 obj=4.370536864890322e7 pinf=970269.332457316 (5374) dinf=0.0 (0) time=366.1573656s
[ Info: iter=25617 obj=4.374640969217456e7 pinf=3.8582386579874265e6 (5171) dinf=0.0 (0) time=370.3436198s
[ Info: iter=25777 obj=4.3779998165248014e7 pinf=1.0238726918685352e6 (5270) dinf=0.0 (0) time=374.4453032s
[ Info: iter=25937 obj=4.37956669799069e7 pinf=163661.98881079178 (4898) dinf=0.0 (0) time=379.0751358s
[ Info: iter=26097 obj=4.380548869839752e7 pinf=1.1127494345380623e7 (5172) dinf=0.0 (0) time=383.2209335s
[ Info: iter=26257 obj=4.381547923242577e7 pinf=2.8863436639816295e6 (5410) dinf=0.0 (0) time=387.4707249s
[ Info: iter=26417 obj=4.39779952947528e7 pinf=5.417324887445417e6 (5455) dinf=0.0 (0) time=391.596579s
[ Info: iter=26577 obj=4.430931208772297e7 pinf=212344.85722564784 (5143) dinf=0.0 (0) time=395.5720317s
[ Info: iter=26737 obj=4.433693685683743e7 pinf=333710.24115317274 (5057) dinf=0.0 (0) time=400.1899055s
[ Info: iter=26897 obj=4.4376352093050726e7 pinf=222009.8916724692 (5021) dinf=0.0 (0) time=403.984883s
[ Info: iter=27057 obj=4.438569073649901e7 pinf=232194.25899679403 (5064) dinf=0.0 (0) time=408.1082601s
[ Info: iter=27217 obj=4.439671263914503e7 pinf=208135.2382146676 (4924) dinf=0.0 (0) time=412.1429181s
[ Info: iter=27377 obj=4.44209544282784e7 pinf=1.236495603655858e6 (4968) dinf=0.0 (0) time=416.4864174s
[ Info: iter=27537 obj=4.442409624557708e7 pinf=1.0686348492460842e6 (5110) dinf=0.0 (0) time=420.8873935s
[ Info: iter=27697 obj=4.457791221443452e7 pinf=1.2405237886043414e6 (5268) dinf=0.0 (0) time=424.8536093s
[ Info: iter=27857 obj=4.480990940822618e7 pinf=146597.93122728058 (4812) dinf=0.0 (0) time=428.4753107s
[ Info: iter=28017 obj=4.484675428465261e7 pinf=243791.45883527715 (4926) dinf=0.0 (0) time=432.9272268s
[ Info: iter=28177 obj=4.486599645465425e7 pinf=176764.2411558875 (4849) dinf=0.0 (0) time=436.9962972s
[ Info: iter=28337 obj=4.4921191459632814e7 pinf=240314.22252021445 (4965) dinf=0.0 (0) time=441.5340432s
[ Info: iter=28497 obj=4.508866110099874e7 pinf=849352.2862339197 (5172) dinf=0.0 (0) time=445.500519s
[ Info: iter=28657 obj=4.516148664377995e7 pinf=3.9119323938643406e6 (5519) dinf=0.0 (0) time=449.5929246s
[ Info: iter=28817 obj=4.545924369647199e7 pinf=444726.0665246924 (4847) dinf=0.0 (0) time=453.5132157s
[ Info: iter=28977 obj=4.548132790206859e7 pinf=1.5875513168237018e6 (5228) dinf=0.0 (0) time=457.8778416s
[ Info: iter=29137 obj=4.550583490190263e7 pinf=328639.7581021233 (5052) dinf=0.0 (0) time=462.3608308s
[ Info: iter=29297 obj=4.553212364516894e7 pinf=3.458736052284751e6 (5466) dinf=0.0 (0) time=466.5390432s
[ Info: iter=29457 obj=4.562147322129705e7 pinf=1.169939582852217e6 (5266) dinf=0.0 (0) time=470.9025596s
[ Info: iter=29617 obj=4.563438721004642e7 pinf=231294.43303521516 (5012) dinf=0.0 (0) time=475.2136135s
[ Info: iter=29777 obj=4.564389594119055e7 pinf=4.601674380354243e6 (5587) dinf=0.0 (0) time=479.9563652s
[ Info: iter=29937 obj=4.56882498190425e7 pinf=2.2584329849705864e6 (5180) dinf=0.0 (0) time=484.1943804s
[ Info: iter=30097 obj=4.569466670055297e7 pinf=1.2672742775984857e7 (5493) dinf=0.0 (0) time=488.6415828s
[ Info: iter=30257 obj=4.59529983411301e7 pinf=4.0132776118433e7 (5328) dinf=0.0 (0) time=492.6373213s
[ Info: iter=30417 obj=4.599186392884046e7 pinf=8.993440377710955e7 (5446) dinf=0.0 (0) time=496.9628401s
[ Info: iter=30577 obj=4.6198231321448095e7 pinf=1.5629759902422568e6 (5023) dinf=0.0 (0) time=501.424563s
[ Info: iter=30737 obj=4.621869541111835e7 pinf=2.0635280662904277e6 (5161) dinf=0.0 (0) time=506.2147013s
[ Info: iter=30897 obj=4.625740649914077e7 pinf=3.853721858836123e6 (5264) dinf=0.0 (0) time=510.8534709s
[ Info: iter=31057 obj=4.63092411197178e7 pinf=4.277787461742676e6 (5098) dinf=0.0 (0) time=515.8371239s
[ Info: iter=31217 obj=4.64711851449577e7 pinf=2.0457188888822664e6 (4889) dinf=0.0 (0) time=520.4523506s
[ Info: iter=31377 obj=4.654505843555452e7 pinf=1.4081682141683565e6 (5102) dinf=0.0 (0) time=525.153939s
[ Info: iter=31537 obj=4.656145289286537e7 pinf=436680.23945319786 (4787) dinf=0.0 (0) time=530.1224168s
[ Info: iter=31697 obj=4.672456080830673e7 pinf=2.910502995811626e6 (5199) dinf=0.0 (0) time=534.5509274s
[ Info: iter=31857 obj=4.680419880956906e7 pinf=266701.15004940284 (4621) dinf=0.0 (0) time=538.913824s
[ Info: iter=32017 obj=4.681737733538972e7 pinf=335116.19901994447 (4698) dinf=0.0 (0) time=543.9993181s
[ Info: iter=32177 obj=4.686953526122074e7 pinf=5.659965117082494e6 (5172) dinf=0.0 (0) time=548.4851649s
[ Info: iter=32337 obj=4.700001697538299e7 pinf=165528.43595050316 (4580) dinf=0.0 (0) time=553.115841s
[ Info: iter=32497 obj=4.701818550941272e7 pinf=499632.0050321475 (4944) dinf=0.0 (0) time=557.7127142s
[ Info: iter=32657 obj=4.702714655511789e7 pinf=1.2167592508842468e7 (5150) dinf=0.0 (0) time=562.3882889s
[ Info: iter=32817 obj=4.71027204019952e7 pinf=187370.20392414115 (4579) dinf=0.0 (0) time=567.07862s
[ Info: iter=32977 obj=4.712298428811641e7 pinf=6.034752979499573e6 (5070) dinf=0.0 (0) time=571.6300314s
[ Info: iter=33137 obj=4.720212973882665e7 pinf=213208.9898837624 (4529) dinf=0.0 (0) time=576.5497093s
[ Info: iter=33297 obj=4.7213837782823086e7 pinf=6.157382519775184e6 (4741) dinf=0.0 (0) time=581.3375431s
[ Info: iter=33457 obj=4.7238363942889005e7 pinf=9.512933409812476e6 (4807) dinf=0.0 (0) time=586.094947s
[ Info: iter=33617 obj=4.737495662846467e7 pinf=3.2204049135674494e6 (4743) dinf=0.0 (0) time=590.7064733s
[ Info: iter=33777 obj=4.737753727026548e7 pinf=1.317626395605147e6 (4637) dinf=0.0 (0) time=596.0237972s
[ Info: iter=33937 obj=4.738175864043828e7 pinf=140038.38250442568 (4404) dinf=0.0 (0) time=600.8834488s
[ Info: iter=34097 obj=4.738523412701745e7 pinf=582802.9631490353 (4745) dinf=0.0 (0) time=605.9343075s
[ Info: iter=34257 obj=4.738993935569081e7 pinf=420773.1691408112 (4549) dinf=0.0 (0) time=611.0371681s
[ Info: iter=34417 obj=4.7398871848445654e7 pinf=1.9357533383662384e6 (4632) dinf=0.0 (0) time=615.9108921s
[ Info: iter=34577 obj=4.7415583494094424e7 pinf=1.6713451451834718e7 (5131) dinf=0.0 (0) time=620.6862331s
[ Info: iter=34737 obj=4.742801612701335e7 pinf=3.7406039963218556e6 (4965) dinf=0.0 (0) time=625.2442562s
[ Info: iter=34897 obj=4.7479554957339965e7 pinf=3.071521433649443e6 (4925) dinf=0.0 (0) time=630.1250617s
[ Info: iter=35057 obj=4.7605623043195315e7 pinf=1.8924570687263806e6 (4854) dinf=0.0 (0) time=634.9015173s
[ Info: iter=35217 obj=4.76176796984328e7 pinf=2.0260465086262901e6 (4972) dinf=0.0 (0) time=640.0189829s
[ Info: iter=35377 obj=4.784575727571831e7 pinf=1.0780559919427843e6 (4747) dinf=0.0 (0) time=644.6243405s
[ Info: iter=35537 obj=4.786000400836153e7 pinf=2.7020227088661487e6 (5041) dinf=0.0 (0) time=651.313186s
[ Info: iter=35697 obj=4.792582018630898e7 pinf=3.031705937765637e7 (5282) dinf=0.0 (0) time=656.6451768s
[ Info: iter=35857 obj=4.8158198248201035e7 pinf=7.798007670934212e6 (5007) dinf=0.0 (0) time=662.3749829s
[ Info: iter=36017 obj=4.836268618053015e7 pinf=3.477045755944592e7 (5039) dinf=0.0 (0) time=667.2661829s
[ Info: iter=36177 obj=4.836884740215157e7 pinf=2.8110296086390946e7 (5092) dinf=0.0 (0) time=672.5127407s
[ Info: iter=36337 obj=4.842338082505975e7 pinf=1.6739194727457191e6 (4914) dinf=0.0 (0) time=677.4191122s
[ Info: iter=36497 obj=4.8427899460364066e7 pinf=256319.3663044883 (4407) dinf=0.0 (0) time=682.6312368s
[ Info: iter=36657 obj=4.843124389074302e7 pinf=2.3320024552206732e6 (4889) dinf=0.0 (0) time=687.6762027s
[ Info: iter=36817 obj=4.8438406449451335e7 pinf=563308.1536454333 (4525) dinf=0.0 (0) time=692.906016s
[ Info: iter=36977 obj=4.844682839960745e7 pinf=719290.8566725437 (4570) dinf=0.0 (0) time=697.9286946s
[ Info: iter=37137 obj=4.845815158960636e7 pinf=184681.7307508109 (4240) dinf=0.0 (0) time=703.3148616s
[ Info: iter=37297 obj=4.846147172125708e7 pinf=1.0623583543997079e6 (4531) dinf=0.0 (0) time=708.2952633s
[ Info: iter=37457 obj=4.846795193543641e7 pinf=3.64181619914988e6 (4874) dinf=0.0 (0) time=715.6340505s
[ Info: iter=37617 obj=4.848135086898283e7 pinf=280404.08000635076 (4386) dinf=0.0 (0) time=721.1915594s
[ Info: iter=37777 obj=4.848647427683961e7 pinf=1.1688149239768938e6 (4449) dinf=0.0 (0) time=726.4367018s
[ Info: iter=37937 obj=4.8815907331608884e7 pinf=3.878219746020608e6 (4886) dinf=0.0 (0) time=733.1127304s
[ Info: iter=38097 obj=4.885987481923363e7 pinf=276666.18744394236 (4386) dinf=0.0 (0) time=738.3382827s
[ Info: iter=38257 obj=4.892868412949856e7 pinf=78309.84031010298 (3984) dinf=0.0 (0) time=743.1343355s
[ Info: iter=38417 obj=4.897914442496327e7 pinf=1.204150414165908e6 (4604) dinf=0.0 (0) time=748.3341509s
[ Info: iter=38577 obj=4.908383065119389e7 pinf=975732.7728943954 (4530) dinf=0.0 (0) time=753.51755s
[ Info: iter=38737 obj=4.91129792065527e7 pinf=371356.14427600836 (4109) dinf=0.0 (0) time=758.6145046s
[ Info: iter=38897 obj=4.9128788315161996e7 pinf=1.8114840500177345e6 (4584) dinf=0.0 (0) time=763.9762081s
[ Info: iter=39057 obj=4.913723912648753e7 pinf=1.6524184596034974e7 (4869) dinf=0.0 (0) time=769.0411095s
[ Info: iter=39217 obj=4.926205007165146e7 pinf=442079.2242369215 (4102) dinf=0.0 (0) time=773.9432585s
[ Info: iter=39377 obj=4.928417421922572e7 pinf=751039.6503738528 (4210) dinf=0.0 (0) time=779.1335582s
[ Info: iter=39537 obj=4.933407620738847e7 pinf=2.3547303869014843e6 (4376) dinf=0.0 (0) time=784.3691305s
[ Info: iter=39697 obj=4.939361342466219e7 pinf=4.224489977441898e6 (4491) dinf=0.0 (0) time=789.567183s
[ Info: iter=39857 obj=4.947329623503145e7 pinf=9.554984143575992e6 (4664) dinf=0.0 (0) time=794.5728617s
[ Info: iter=40017 obj=4.9477601580650665e7 pinf=384671.3877775692 (4069) dinf=0.0 (0) time=800.1088325s
[ Info: iter=40177 obj=4.948509008973326e7 pinf=712840.0809805616 (4245) dinf=0.0 (0) time=805.5206882s
[ Info: iter=40337 obj=4.9487325710726984e7 pinf=3.4972830271078455e6 (4154) dinf=0.0 (0) time=810.9189188s
[ Info: iter=40497 obj=4.948934947952441e7 pinf=564586.6604017525 (4063) dinf=0.0 (0) time=816.3240648s
[ Info: iter=40657 obj=4.949518276183851e7 pinf=1.2110421863607466e6 (4084) dinf=0.0 (0) time=821.7467989s
[ Info: iter=40817 obj=4.9497736592647515e7 pinf=148048.56647408058 (3920) dinf=0.0 (0) time=827.1791366s
[ Info: iter=40977 obj=4.950017874899373e7 pinf=826136.5641168284 (4264) dinf=0.0 (0) time=832.553907s
[ Info: iter=41137 obj=4.950231121819099e7 pinf=266024.12299648224 (4007) dinf=0.0 (0) time=837.7598388s
[ Info: iter=41297 obj=4.9509368092512116e7 pinf=259968.99546111532 (3867) dinf=0.0 (0) time=843.0842103s
[ Info: iter=41457 obj=4.9512077298516765e7 pinf=1.1583852947005741e6 (4532) dinf=0.0 (0) time=848.3450458s
[ Info: iter=41617 obj=4.962437506936986e7 pinf=202966.45930236593 (3922) dinf=0.0 (0) time=853.2306959s
[ Info: iter=41777 obj=4.966552382034566e7 pinf=835016.852887073 (4168) dinf=0.0 (0) time=859.5072429s
[ Info: iter=41937 obj=4.975067838117072e7 pinf=437388.5125385362 (3956) dinf=0.0 (0) time=864.9013531s
[ Info: iter=42097 obj=4.975600658723162e7 pinf=1.39692691419403e7 (4683) dinf=0.0 (0) time=870.4214211s
[ Info: iter=42257 obj=4.989645366899359e7 pinf=1.6889310468477868e7 (4573) dinf=0.0 (0) time=876.9538289s
[ Info: iter=42417 obj=5.007907553433159e7 pinf=879564.1573159038 (4162) dinf=0.0 (0) time=882.2956135s
[ Info: iter=42577 obj=5.0086753356199406e7 pinf=236920.07271700978 (3770) dinf=0.0 (0) time=887.3176012s
[ Info: iter=42737 obj=5.0088503273572594e7 pinf=332111.385186668 (3748) dinf=0.0 (0) time=892.2146839s
[ Info: iter=42897 obj=5.009843764100206e7 pinf=3.579978292611818e6 (4280) dinf=0.0 (0) time=897.0062377s
[ Info: iter=43057 obj=5.010038984180103e7 pinf=8.613564743518164e6 (3597) dinf=0.0 (0) time=902.3614955s
[ Info: iter=43217 obj=5.010339888364808e7 pinf=192947.71772431314 (3531) dinf=0.0 (0) time=907.6983087s
[ Info: iter=43377 obj=5.010490158869044e7 pinf=341606.92255093035 (3451) dinf=0.0 (0) time=912.8614231s
[ Info: iter=43537 obj=5.010807145426994e7 pinf=169547.43323460143 (3390) dinf=0.0 (0) time=918.0500864s
[ Info: iter=43697 obj=5.0145581081965186e7 pinf=1.2570829781866462e6 (3759) dinf=0.0 (0) time=923.2240477s
[ Info: iter=43857 obj=5.0197376750320084e7 pinf=42260.81251422558 (3133) dinf=0.0 (0) time=928.3824833s
[ Info: iter=44017 obj=5.027611290291181e7 pinf=5.038175312982359e6 (4003) dinf=0.0 (0) time=933.4229139s
[ Info: iter=44177 obj=5.0296397461972184e7 pinf=856628.9089373178 (3662) dinf=0.0 (0) time=938.3116689s
[ Info: iter=44337 obj=5.0329010043731555e7 pinf=948956.3419319902 (3714) dinf=0.0 (0) time=943.4841767s
[ Info: iter=44497 obj=5.038691740797164e7 pinf=2.8397846097352947e6 (4106) dinf=0.0 (0) time=948.7806772s
[ Info: iter=44657 obj=5.0461579700107954e7 pinf=136383.229969359 (3342) dinf=0.0 (0) time=953.7033669s
[ Info: iter=44817 obj=5.046786007446984e7 pinf=217594.91242815298 (3386) dinf=0.0 (0) time=958.8765818s
[ Info: iter=44977 obj=5.04687800200111e7 pinf=190932.49226215825 (3350) dinf=0.0 (0) time=964.1392556s
[ Info: iter=45137 obj=5.047088475498438e7 pinf=324988.1776923711 (3456) dinf=0.0 (0) time=969.5736666s
[ Info: iter=45297 obj=5.047603558197646e7 pinf=4.501191964336301e6 (3744) dinf=0.0 (0) time=975.2197665s
[ Info: iter=45457 obj=5.052114786037114e7 pinf=46619.650601615045 (2998) dinf=0.0 (0) time=980.6122463s
[ Info: iter=45617 obj=5.0529651280150294e7 pinf=38110.61451119998 (2968) dinf=0.0 (0) time=986.0190698s
[ Info: iter=45777 obj=5.053147799470987e7 pinf=679169.0371994043 (3564) dinf=0.0 (0) time=991.5135997s
[ Info: iter=45937 obj=5.0584726575898856e7 pinf=59586.19931209922 (3053) dinf=0.0 (0) time=996.7286265s
[ Info: iter=46097 obj=5.059966413902217e7 pinf=779653.23863362 (3688) dinf=0.0 (0) time=1001.9372044s
[ Info: iter=46257 obj=5.062213274987893e7 pinf=21257.74966740788 (2813) dinf=0.0 (0) time=1007.4303246s
[ Info: iter=46417 obj=5.0671657654944144e7 pinf=137812.85781300886 (3197) dinf=0.0 (0) time=1013.0317534s
[ Info: iter=46577 obj=5.0753143950854935e7 pinf=78875.54699860797 (2789) dinf=0.0 (0) time=1018.2100858s
[ Info: iter=46737 obj=5.077436007302919e7 pinf=51356.55094534427 (2791) dinf=0.0 (0) time=1022.8759431s
[ Info: iter=46897 obj=5.07778243009132e7 pinf=295429.3293332996 (3006) dinf=0.0 (0) time=1028.4956916s
[ Info: iter=47057 obj=5.0790142844558e7 pinf=376310.982597233 (3220) dinf=0.0 (0) time=1034.709659s
[ Info: iter=47217 obj=5.08503991406906e7 pinf=5.761739018793498e6 (3658) dinf=0.0 (0) time=1039.9405901s
[ Info: iter=47377 obj=5.085592588008319e7 pinf=693966.5275224473 (3432) dinf=0.0 (0) time=1045.6137335s
[ Info: iter=47537 obj=5.0904222833137296e7 pinf=883153.5544425551 (3689) dinf=0.0 (0) time=1051.022952s
[ Info: iter=47697 obj=5.095193911448294e7 pinf=218592.67277881945 (3263) dinf=0.0 (0) time=1056.4135863s
[ Info: iter=47857 obj=5.096358211046489e7 pinf=236653.44356025648 (3060) dinf=0.0 (0) time=1062.1063072s
[ Info: iter=48017 obj=5.097087836543402e7 pinf=104110.48892889118 (2922) dinf=0.0 (0) time=1067.8299991s
[ Info: iter=48177 obj=5.0975207099472925e7 pinf=816537.9659364263 (3266) dinf=0.0 (0) time=1073.2782919s
[ Info: iter=48337 obj=5.097723185900412e7 pinf=235681.01309015678 (3133) dinf=0.0 (0) time=1079.5486966s
[ Info: iter=48497 obj=5.097885040110263e7 pinf=570108.247317347 (3285) dinf=0.0 (0) time=1085.3523164s
[ Info: iter=48657 obj=5.098159727066493e7 pinf=18787.615863578725 (2429) dinf=0.0 (0) time=1090.5666581s
[ Info: iter=48817 obj=5.098439547444779e7 pinf=208856.89312913062 (2790) dinf=0.0 (0) time=1096.0850776s
[ Info: iter=48977 obj=5.099293558342276e7 pinf=58564.04241726415 (2403) dinf=0.0 (0) time=1101.4089106s
[ Info: iter=49137 obj=5.099521101548311e7 pinf=29524.122970430915 (2541) dinf=0.0 (0) time=1106.9236585s
[ Info: iter=49297 obj=5.102135813735044e7 pinf=175025.55789140775 (2910) dinf=0.0 (0) time=1111.985214s
[ Info: iter=49457 obj=5.10408629907508e7 pinf=53711.04785116814 (2602) dinf=0.0 (0) time=1117.3291535s
[ Info: iter=49617 obj=5.104314075192754e7 pinf=1.1283452517389618e6 (3133) dinf=0.0 (0) time=1122.7422061s
[ Info: iter=49777 obj=5.1046862325500995e7 pinf=156204.32150762738 (2997) dinf=0.0 (0) time=1128.566441s
[ Info: iter=49937 obj=5.106415894556693e7 pinf=65783.78378106665 (2700) dinf=0.0 (0) time=1133.9005872s
[ Info: iter=50097 obj=5.10945532688248e7 pinf=5109.8865807103 (2098) dinf=0.0 (0) time=1139.0154178s
[ Info: iter=50257 obj=5.109623583355029e7 pinf=572572.1278518005 (3103) dinf=0.0 (0) time=1144.5432606s
[ Info: iter=50417 obj=5.110982608112653e7 pinf=254401.32906708313 (2722) dinf=0.0 (0) time=1149.9841911s
[ Info: iter=50577 obj=5.111130824183348e7 pinf=552077.9896583077 (3125) dinf=0.0 (0) time=1155.3946087s
[ Info: iter=50737 obj=5.111600006238422e7 pinf=18218.389390529344 (2218) dinf=0.0 (0) time=1161.3253717s
[ Info: iter=50897 obj=5.111955536854568e7 pinf=3.2791021657401063e6 (3393) dinf=0.0 (0) time=1166.776999s
[ Info: iter=51057 obj=5.1161285242147885e7 pinf=177250.74090172336 (2463) dinf=0.0 (0) time=1172.072807s
[ Info: iter=51217 obj=5.1208492549997546e7 pinf=73889.6516996363 (2247) dinf=0.0 (0) time=1177.1498213s
[ Info: iter=51377 obj=5.1223222667852685e7 pinf=165263.15958676723 (2567) dinf=0.0 (0) time=1182.6492901s
[ Info: iter=51537 obj=5.125372613727065e7 pinf=104530.63580111055 (2242) dinf=0.0 (0) time=1187.8391007s
[ Info: iter=51697 obj=5.1257283677803025e7 pinf=43350.20179985625 (1970) dinf=0.0 (0) time=1193.1786813s
[ Info: iter=51857 obj=5.125800349395673e7 pinf=874563.231998392 (2528) dinf=0.0 (0) time=1198.5242268s
[ Info: iter=52017 obj=5.127145103399325e7 pinf=65476.719813995485 (2012) dinf=0.0 (0) time=1203.7271467s
[ Info: iter=52177 obj=5.1277652625207834e7 pinf=9.623084357966527e6 (3264) dinf=0.0 (0) time=1209.0985337s
[ Info: iter=52337 obj=5.129758275877923e7 pinf=58482.22414822867 (1961) dinf=0.0 (0) time=1214.413924s
[ Info: iter=52497 obj=5.1298279096620865e7 pinf=477765.12784537213 (2314) dinf=0.0 (0) time=1219.8289043s
[ Info: iter=52657 obj=5.1325842188285545e7 pinf=39351.02447266026 (1781) dinf=0.0 (0) time=1225.0716926s
[ Info: iter=52817 obj=5.135660100733829e7 pinf=30022.25948170244 (1541) dinf=0.0 (0) time=1230.3396181s
[ Info: iter=52977 obj=5.135808203536067e7 pinf=288248.0394199967 (1830) dinf=0.0 (0) time=1237.0301267s
[ Info: iter=53137 obj=5.136058773547566e7 pinf=1.758099505607426e6 (2447) dinf=0.0 (0) time=1242.4644426s
[ Info: iter=53297 obj=5.136762918066971e7 pinf=33386.05696470722 (1650) dinf=0.0 (0) time=1247.8348826s
[ Info: iter=53457 obj=5.13686744331895e7 pinf=13967.166484187997 (1402) dinf=0.0 (0) time=1252.9555336s
[ Info: iter=53617 obj=5.137324241529535e7 pinf=104847.54048450303 (1724) dinf=0.0 (0) time=1258.5858018s
[ Info: iter=53777 obj=5.1390044156928696e7 pinf=19306.710217314932 (1416) dinf=0.0 (0) time=1263.6748203s
[ Info: iter=53937 obj=5.139657040052925e7 pinf=6.656603085867989e6 (2471) dinf=0.0 (0) time=1269.2025356s
[ Info: iter=54097 obj=5.140336775521699e7 pinf=197743.81889769866 (1902) dinf=0.0 (0) time=1275.1416032s
[ Info: iter=54257 obj=5.1403807726840444e7 pinf=3440.607415881532 (1182) dinf=0.0 (0) time=1280.5898406s
[ Info: iter=54417 obj=5.1405372302616976e7 pinf=181.08960793758135 (909) dinf=0.0 (0) time=1285.9238732s
[ Info: iter=54577 obj=5.1411477105420254e7 pinf=5255.425983158868 (1033) dinf=0.0 (0) time=1291.2533639s
[ Info: iter=54737 obj=5.141678813931463e7 pinf=6156.982931749976 (1069) dinf=0.0 (0) time=1296.5824079s
[ Info: iter=54897 obj=5.141832972228019e7 pinf=4514.325619156478 (975) dinf=0.0 (0) time=1301.6761048s
[ Info: iter=55057 obj=5.142390648134937e7 pinf=4699.168189538386 (965) dinf=0.0 (0) time=1307.2324656s
[ Info: iter=55217 obj=5.142411853563262e7 pinf=91756.22379208978 (682) dinf=0.0 (0) time=1312.6817088s
[ Info: iter=55377 obj=5.1424159048122585e7 pinf=1723.2484684557223 (641) dinf=0.0 (0) time=1317.9660091s
[ Info: iter=55537 obj=5.142544151108942e7 pinf=82.58767196952962 (484) dinf=0.0 (0) time=1323.1657694s
[ Info: iter=55697 obj=5.142568732021471e7 pinf=0.014805974729167998 (373) dinf=0.0 (0) time=1327.7165703s
[ Info: iter=55857 obj=5.142569057136411e7 pinf=0.0037299467378927036 (201) dinf=0.0 (0) time=1330.2494627s
[ Info: iter=56004 obj=5.1425691762097925e7 pinf=0.0 (0) dinf=1.830835970640219e-6 (14) time=1332.9924713s
[ Info: Starting primal cleanup after restoring original costs
[ Info: Starting postsolve cleanup on original LP
[ Info: iter=56008 obj=5.2372991891996026e7 pinf=3.4148157913570306e6 (2257) dinf=1.9009871452618379e6 (1338) time=1334.5540792s
[ Info: iter=56008 obj=5.142569176209944e7 pinf=0.0 (0) dinf=1.693423949135745e6 (1116) time=1338.2022936s
[ Info: Projected postsolve basis: exchanges=360
[ Info: Starting primal postsolve cleanup from feasible basis
[ Info: iter=56088 obj=5.142569176209944e7 pinf=0.0 (0) dinf=1.4441350396932582e6 (1036) time=1340.1507535s
[ Info: iter=56168 obj=5.142569176209944e7 pinf=0.0 (0) dinf=1.2974885648067133e6 (954) time=1341.7619075s
[ Info: iter=56248 obj=5.142569176209949e7 pinf=0.0 (0) dinf=1.2114140221778718e6 (895) time=1343.5158426s
[ Info: iter=56328 obj=5.1425691762099504e7 pinf=0.0 (0) dinf=988176.7405487734 (812) time=1345.5295665s
[ Info: iter=56408 obj=5.1425691762099504e7 pinf=0.0 (0) dinf=849472.4599966308 (738) time=1347.5709532s
[ Info: iter=56488 obj=5.1425691762099504e7 pinf=0.0 (0) dinf=748357.2878780034 (661) time=1349.4234444s
[ Info: iter=56568 obj=5.1425691762099504e7 pinf=0.0 (0) dinf=645457.2780212997 (589) time=1351.3205211s
[ Info: iter=56648 obj=5.142569176209952e7 pinf=0.0 (0) dinf=275334.88840998587 (518) time=1353.2440174s
[ Info: iter=56728 obj=5.142569176209951e7 pinf=0.0 (0) dinf=163160.56924367684 (430) time=1355.1364436s
[ Info: iter=56808 obj=5.142569176209952e7 pinf=0.0 (0) dinf=129809.3499369545 (366) time=1356.9715248s
[ Info: iter=56888 obj=5.1425691762099504e7 pinf=0.0 (0) dinf=79100.71781137107 (283) time=1358.8307684s
[ Info: iter=56968 obj=5.142569176209951e7 pinf=0.0 (0) dinf=46562.90377560803 (202) time=1360.6969014s
[ Info: iter=57048 obj=5.1425691762099504e7 pinf=0.0 (0) dinf=18978.223674455057 (135) time=1362.6027432s
[ Info: iter=57128 obj=5.142569176209948e7 pinf=0.0 (0) dinf=3414.4606802639746 (58) time=1364.6396056s
[ Info: Solve finished: status=OPTIMAL objective=5.1425691762099504e7 iterations=57184 time=1365.9348304s
1444.259546 seconds (243.95 M allocations: 26.553 GiB, 1.31% gc time, 5.42% compilation time)
5.1425691762099504e7
57184 1365.9348304
