[ Info: Loaded problem: rows=43021 columns=47148 nnz=277210
[ Info: Starting presolve
[ Info: After presolve: rows=28453 columns=31615 nnz=211789
[ Info: iter=0 obj=1.2522206406563444e6 pinf=0.0 (0) dinf=12288.550456887204 (11330) time=2.30684779s
[ Info: iter=80 obj=1.2522206406563444e6 pinf=0.0 (0) dinf=36314.16836263747 (11279) time=2.482118697s
[ Info: iter=160 obj=1.2631118905179026e6 pinf=0.0 (0) dinf=20318.10622356058 (11212) time=2.659934604s
[ Info: iter=240 obj=1.3081914597255755e6 pinf=0.0 (0) dinf=12933.727267866876 (11235) time=2.836191011s
[ Info: iter=320 obj=1.3457333563381066e6 pinf=0.0 (0) dinf=13377.506131293832 (11160) time=3.003917118s
[ Info: iter=400 obj=1.3653720479727911e6 pinf=0.0 (0) dinf=14946.893727017128 (11094) time=3.183468525s
[ Info: iter=480 obj=1.3679359060446834e6 pinf=0.0 (0) dinf=51329.5148897361 (11036) time=3.345912032s
[ Info: iter=560 obj=1.3679359060446837e6 pinf=0.0 (0) dinf=141679.6856061265 (11011) time=3.511550638s
[ Info: iter=640 obj=1.367984980364754e6 pinf=0.0 (0) dinf=22541.225420452003 (11095) time=3.678254045s
[ Info: iter=720 obj=1.367984980364754e6 pinf=0.0 (0) dinf=136817.71944426256 (11115) time=3.851414752s
[ Info: iter=800 obj=1.380798629860655e6 pinf=0.0 (0) dinf=63042.92003440201 (11036) time=4.022061959s
[ Info: iter=880 obj=1.380798629860655e6 pinf=0.0 (0) dinf=3.931943993490548e7 (11026) time=4.198575066s
[ Info: iter=960 obj=1.380798629860655e6 pinf=0.0 (0) dinf=7.27703141289962e7 (11016) time=4.371551473s
[ Info: iter=1040 obj=1.3807986298606633e6 pinf=0.0 (0) dinf=4.9494402198528334e7 (10984) time=4.560677281s
[ Info: iter=1120 obj=1.3999100923511186e6 pinf=0.0 (0) dinf=63584.653443651645 (10932) time=4.807581691s
[ Info: iter=1200 obj=1.3999100923511186e6 pinf=0.0 (0) dinf=70020.30425653 (10906) time=4.977978998s
[ Info: iter=1280 obj=1.3999100923511186e6 pinf=0.0 (0) dinf=68259.40663563627 (10938) time=5.159822205s
[ Info: iter=1360 obj=1.3999100923511186e6 pinf=0.0 (0) dinf=66735.87918521694 (10895) time=5.330404412s
[ Info: iter=1440 obj=1.399910100183754e6 pinf=0.0 (0) dinf=100204.84221453553 (10905) time=5.53112392s
[ Info: iter=1520 obj=1.3999101113027628e6 pinf=0.0 (0) dinf=315051.94278760476 (11000) time=5.737618629s
[ Info: iter=1600 obj=1.3999354537650147e6 pinf=0.0 (0) dinf=324825.64286688407 (11041) time=5.908653536s
[ Info: iter=1680 obj=1.3999354537650147e6 pinf=0.0 (0) dinf=314628.1866714129 (11069) time=6.096448743s
[ Info: iter=1760 obj=1.4017914929956803e6 pinf=0.0 (0) dinf=329119.0362530043 (11066) time=6.280131651s
[ Info: iter=1840 obj=1.4017914952475308e6 pinf=0.0 (0) dinf=326827.84342167113 (11095) time=6.483929959s
[ Info: iter=1920 obj=1.401800077601248e6 pinf=0.0 (0) dinf=335265.31022272207 (11137) time=6.673061767s
[ Info: iter=2000 obj=1.404101448240344e6 pinf=0.0 (0) dinf=4.107210434100109e6 (11065) time=6.881510375s
[ Info: iter=2080 obj=1.404101448240344e6 pinf=0.0 (0) dinf=3.6414543066023523e6 (11123) time=8.589543844s
[ Info: iter=2160 obj=1.404101448240344e6 pinf=0.0 (0) dinf=3.6393005162622486e6 (11098) time=10.751418234s
[ Info: iter=2240 obj=1.404101448240344e6 pinf=0.0 (0) dinf=3.691461646853045e6 (11087) time=12.876426726s
[ Info: iter=2240 obj=1.404101448240344e6 pinf=0.0 (0) dinf=3.691461646853045e6 (11087) time=12.916867727s
[ Info: iter=2241 obj=1.404101448240344e6 pinf=0.0 (0) dinf=3.6913553194792042e6 (11086) time=12.958368029s
[ Info: iter=2242 obj=1.404101448240344e6 pinf=0.0 (0) dinf=3.692317977595058e6 (11076) time=13.001412431s
[ Info: iter=2243 obj=1.404101448240344e6 pinf=0.0 (0) dinf=3.69208396935435e6 (11083) time=13.043674833s
[ Info: iter=2244 obj=1.404101448240344e6 pinf=0.0 (0) dinf=3.6919508813021854e6 (11082) time=13.085130135s
[ Info: iter=2245 obj=1.404101448240344e6 pinf=0.0 (0) dinf=3.6895267274592696e6 (11078) time=13.127793636s
[ Info: iter=2306 obj=1.404101448240344e6 pinf=0.0 (0) dinf=3.6981771393858045e6 (11060) time=15.056033019s
[ Info: iter=2307 obj=1.404101448240344e6 pinf=0.0 (0) dinf=3.698324363377711e6 (11059) time=15.102103721s
[ Info: iter=2308 obj=1.404101448240344e6 pinf=0.0 (0) dinf=3.697470861802213e6 (11059) time=15.145946423s
[ Info: iter=2309 obj=1.404101448240344e6 pinf=0.0 (0) dinf=3.6954500309705227e6 (11058) time=15.190556125s
[ Info: iter=2310 obj=1.404101448240344e6 pinf=0.0 (0) dinf=3.6954500309705227e6 (11058) time=15.235894027s
[ Info: iter=2311 obj=1.404101448240344e6 pinf=0.0 (0) dinf=3.6954500309705227e6 (11058) time=15.279017729s
[ Info: iter=2312 obj=1.404101448240344e6 pinf=0.0 (0) dinf=3.6954500309705227e6 (11058) time=15.324608431s
[ Info: iter=2313 obj=1.404101448240344e6 pinf=0.0 (0) dinf=3.6954500309705227e6 (11058) time=15.366240233s
[ Info: iter=2314 obj=1.404101448240344e6 pinf=0.0 (0) dinf=3.6954500309705227e6 (11058) time=15.408076134s
[ Info: iter=2315 obj=1.404101448240344e6 pinf=0.0 (0) dinf=3.703121934403562e6 (11057) time=15.453924436s
[ Info: iter=2330 obj=1.404101448240344e6 pinf=0.0 (0) dinf=3.703119253812828e6 (11059) time=15.711234647s
[ Info: iter=2331 obj=1.404101448240344e6 pinf=0.0 (0) dinf=3.7030816801832374e6 (11051) time=15.75974145s
[ Info: iter=2332 obj=1.404101448240344e6 pinf=0.0 (0) dinf=3.7031956338143134e6 (11055) time=15.805270952s
[ Info: iter=2333 obj=1.404101448240344e6 pinf=0.0 (0) dinf=3.702997263062306e6 (11053) time=15.849864953s
[ Info: iter=2334 obj=1.404101448240344e6 pinf=0.0 (0) dinf=3.7029958345098696e6 (11052) time=15.893611855s
[ Info: iter=2335 obj=1.404101448240344e6 pinf=0.0 (0) dinf=3.7029858354335018e6 (11051) time=15.945325858s
[ Info: iter=2336 obj=1.404101448240344e6 pinf=0.0 (0) dinf=3.7029743470181064e6 (11050) time=15.99069686s
[ Info: iter=2337 obj=1.404101448240344e6 pinf=0.0 (0) dinf=3.702961435826049e6 (11049) time=16.034843861s
[ Info: iter=2338 obj=1.404101448240344e6 pinf=0.0 (0) dinf=3.702945169003158e6 (11048) time=16.082104063s
[ Info: iter=2339 obj=1.404101448240344e6 pinf=0.0 (0) dinf=3.7029275629574927e6 (11047) time=16.132609066s
[ Info: iter=2340 obj=1.404101448240344e6 pinf=0.0 (0) dinf=3.702909211263676e6 (11046) time=16.180644868s
[ Info: iter=2341 obj=1.404101448240344e6 pinf=0.0 (0) dinf=3.7029043436269625e6 (11046) time=16.23116177s
[ Info: iter=2342 obj=1.404101448240344e6 pinf=0.0 (0) dinf=3.702887742942127e6 (11045) time=16.282716272s
[ Info: iter=2343 obj=1.404101448240344e6 pinf=0.0 (0) dinf=3.7028711151446006e6 (11044) time=16.326472874s
[ Info: iter=2344 obj=1.404101448240344e6 pinf=0.0 (0) dinf=3.7028544639594285e6 (11043) time=16.370860776s
[ Info: iter=2345 obj=1.404101448240344e6 pinf=0.0 (0) dinf=3.70274294884938e6 (11045) time=16.414187278s
[ Info: iter=2346 obj=1.404101448240344e6 pinf=0.0 (0) dinf=3.7026314337393316e6 (11047) time=16.45706368s
[ Info: iter=2347 obj=1.404101448240344e6 pinf=0.0 (0) dinf=3.702527688802547e6 (11049) time=16.501425681s
[ Info: iter=2348 obj=1.404101448240344e6 pinf=0.0 (0) dinf=3.702440281886113e6 (11053) time=16.544260083s
[ Info: iter=2349 obj=1.404101448240344e6 pinf=0.0 (0) dinf=3.702349782600679e6 (11055) time=16.590015485s
[ Info: iter=2350 obj=1.404101448240344e6 pinf=0.0 (0) dinf=3.7023440795440045e6 (11055) time=16.633221687s
[ Info: iter=2351 obj=1.404101448240344e6 pinf=0.0 (0) dinf=3.7023274788591685e6 (11054) time=16.678142489s
[ Info: iter=2352 obj=1.404101448240344e6 pinf=0.0 (0) dinf=3.7023108510616426e6 (11053) time=16.724459591s
[ Info: iter=2353 obj=1.404101448240344e6 pinf=0.0 (0) dinf=3.7022941998764705e6 (11052) time=16.770681993s
[ Info: iter=2354 obj=1.404101448240344e6 pinf=0.0 (0) dinf=3.7023260923944945e6 (11053) time=16.816536795s
[ Info: iter=2355 obj=1.404101448240344e6 pinf=0.0 (0) dinf=3.702318887465533e6 (11053) time=16.858554997s
[ Info: iter=2356 obj=1.404101448240344e6 pinf=0.0 (0) dinf=3.7023022596680066e6 (11052) time=16.906311599s
[ Info: iter=2357 obj=1.404101448240344e6 pinf=0.0 (0) dinf=3.7022856084828344e6 (11051) time=16.952591901s
[ Info: iter=2358 obj=1.404101448240344e6 pinf=0.0 (0) dinf=3.702180156287747e6 (11054) time=16.999465403s
[ Info: iter=2359 obj=1.404101448240344e6 pinf=0.0 (0) dinf=3.7020778156975494e6 (11057) time=17.047920105s
[ Info: iter=2360 obj=1.404101448240344e6 pinf=0.0 (0) dinf=3.70190495580081e6 (11056) time=17.098790207s
[ Info: iter=2361 obj=1.404101448240344e6 pinf=0.0 (0) dinf=3.701869260391683e6 (11056) time=17.146545009s
[ Info: iter=2362 obj=1.404101448240344e6 pinf=0.0 (0) dinf=3.701833564982556e6 (11056) time=17.193431911s
[ Info: iter=2363 obj=1.404101448240344e6 pinf=0.0 (0) dinf=3.7017978695734283e6 (11056) time=17.236207913s
[ Info: iter=2364 obj=1.404101448240344e6 pinf=0.0 (0) dinf=3.7017621741643013e6 (11056) time=17.282062615s
[ Info: iter=2365 obj=1.404101448240344e6 pinf=0.0 (0) dinf=3.7017542688717796e6 (11055) time=17.331184017s
[ Info: iter=2366 obj=1.404101448240344e6 pinf=0.0 (0) dinf=3.7017435566643206e6 (11054) time=17.383339619s
[ Info: iter=2367 obj=1.404101448240344e6 pinf=0.0 (0) dinf=3.7017316026411103e6 (11053) time=17.426614621s
[ Info: iter=2368 obj=1.404101448240344e6 pinf=0.0 (0) dinf=3.7017186625001137e6 (11052) time=17.472001923s
[ Info: iter=2369 obj=1.404101448240344e6 pinf=0.0 (0) dinf=3.7017046089708516e6 (11051) time=17.516710325s
[ Info: iter=2370 obj=1.404101448240344e6 pinf=0.0 (0) dinf=3.7016892444256167e6 (11050) time=17.578141828s
[ Info: iter=2371 obj=1.404101448240344e6 pinf=0.0 (0) dinf=3.701672723425351e6 (11049) time=17.62200323s
[ Info: iter=2372 obj=1.404101448240344e6 pinf=0.0 (0) dinf=3.7016550419364683e6 (11048) time=17.666126632s
[ Info: iter=2373 obj=1.404101448240344e6 pinf=0.0 (0) dinf=3.7016363784413794e6 (11047) time=17.706994533s
[ Info: iter=2374 obj=1.404101448240344e6 pinf=0.0 (0) dinf=3.7016171163878576e6 (11046) time=17.748975035s
[ Info: iter=2375 obj=1.404101448240344e6 pinf=0.0 (0) dinf=3.7015895930027966e6 (11046) time=17.792622837s
[ Info: iter=2376 obj=1.404101448240344e6 pinf=0.0 (0) dinf=3.7015621090943892e6 (11046) time=17.841889139s
[ Info: iter=2377 obj=1.404101448240344e6 pinf=0.0 (0) dinf=3.7015348924781615e6 (11046) time=17.888169741s
[ Info: iter=2378 obj=1.404101448240344e6 pinf=0.0 (0) dinf=3.701507848248713e6 (11048) time=17.934250043s
[ Info: iter=2379 obj=1.404101448240344e6 pinf=0.0 (0) dinf=3.7014822623786354e6 (11050) time=17.981020146s
[ Info: iter=2380 obj=1.404101448240344e6 pinf=0.0 (0) dinf=3.7014722521017753e6 (11049) time=18.027343449s
[ Info: iter=2381 obj=1.404101448240344e6 pinf=0.0 (0) dinf=3.701456624304249e6 (11049) time=18.068330851s
[ Info: iter=2382 obj=1.404101448240344e6 pinf=0.0 (0) dinf=3.701439973119077e6 (11048) time=18.114136354s
[ Info: iter=2383 obj=1.404101448240344e6 pinf=0.0 (0) dinf=3.701448333790145e6 (11048) time=18.164211557s
[ Info: iter=2384 obj=1.404101448240344e6 pinf=0.0 (0) dinf=3.7014377866321052e6 (11048) time=18.21866016s
[ Info: iter=2385 obj=1.404101448240344e6 pinf=0.0 (0) dinf=3.7014330945304763e6 (11047) time=18.262152462s
[ Info: iter=2386 obj=1.404101448240344e6 pinf=0.0 (0) dinf=3.7014234193346743e6 (11047) time=18.308683865s
[ Info: iter=2387 obj=1.404101448240344e6 pinf=0.0 (0) dinf=3.7014127207512264e6 (11046) time=18.358229668s
[ Info: iter=2388 obj=1.4051533098504941e6 pinf=0.0 (0) dinf=3.692076833265263e6 (11078) time=18.40866977s
[ Info: iter=2389 obj=1.4052252495922395e6 pinf=0.0 (0) dinf=3.701396083578255e6 (11044) time=18.464733974s
[ Info: iter=2390 obj=1.4052252495922395e6 pinf=0.0 (0) dinf=3.7014118046314716e6 (11050) time=18.514601076s
[ Info: iter=2428 obj=1.4181169142856528e6 pinf=0.0 (0) dinf=3.690616083265592e6 (11018) time=18.851625696s
[ Info: iter=2492 obj=1.418116920350684e6 pinf=0.0 (0) dinf=404622.4153806174 (11078) time=19.63749294s
[ Info: iter=2493 obj=1.418116920350684e6 pinf=0.0 (0) dinf=404634.54293496616 (11079) time=19.681124043s
[ Info: iter=2494 obj=1.4181169203615973e6 pinf=0.0 (0) dinf=405491.3216502327 (11080) time=19.731829045s
[ Info: iter=2495 obj=1.4181169203615973e6 pinf=0.0 (0) dinf=405497.5282346433 (11079) time=19.775280748s
[ Info: iter=2496 obj=1.4181169203615973e6 pinf=0.0 (0) dinf=405478.56616058265 (11078) time=19.820617351s
[ Info: iter=2497 obj=1.4181169203615973e6 pinf=0.0 (0) dinf=405460.2579511449 (11077) time=19.869678353s
[ Info: iter=2498 obj=1.4181169203615973e6 pinf=0.0 (0) dinf=405429.69605783455 (11076) time=19.920952656s
[ Info: iter=2499 obj=1.4181169203615973e6 pinf=0.0 (0) dinf=405413.953718519 (11075) time=19.970590959s
[ Info: iter=2500 obj=1.4181169203615973e6 pinf=0.0 (0) dinf=406125.50886979833 (11075) time=20.019301862s
[ Info: iter=2501 obj=1.4181169203615973e6 pinf=0.0 (0) dinf=406115.28127343237 (11069) time=20.068176665s
[ Info: iter=2502 obj=1.4181169203615973e6 pinf=0.0 (0) dinf=405285.62812597334 (11069) time=20.124350968s
[ Info: iter=2503 obj=1.4181169203615973e6 pinf=0.0 (0) dinf=404450.22712034 (11067) time=20.179308071s
[ Info: iter=2504 obj=1.4181169203615973e6 pinf=0.0 (0) dinf=404424.0116066958 (11067) time=20.232669974s
[ Info: iter=2505 obj=1.4181169203615973e6 pinf=0.0 (0) dinf=404418.79154984443 (11069) time=20.283921777s
[ Info: iter=2506 obj=1.4181169203615973e6 pinf=0.0 (0) dinf=404339.5940628238 (11066) time=20.33449038s
[ Info: iter=2507 obj=1.4181169203615973e6 pinf=0.0 (0) dinf=404311.2904171456 (11065) time=20.389380183s
[ Info: iter=2514 obj=1.4181169203615973e6 pinf=0.0 (0) dinf=417927.8191628075 (11066) time=20.661211798s
[ Info: iter=2515 obj=1.4181169203615973e6 pinf=0.0 (0) dinf=421557.4789015847 (11068) time=20.711718801s
[ Info: iter=2516 obj=1.4181169203615973e6 pinf=0.0 (0) dinf=424184.89566502767 (11067) time=20.762694504s
[ Info: iter=2517 obj=1.4181169203615973e6 pinf=0.0 (0) dinf=423793.6976231554 (11066) time=20.814800307s
[ Info: iter=2518 obj=1.4181169203615973e6 pinf=0.0 (0) dinf=427464.00207390403 (11069) time=20.86552681s
[ Info: iter=2519 obj=1.4181169203615973e6 pinf=0.0 (0) dinf=430081.48681961454 (11068) time=20.920719613s
[ Info: iter=2520 obj=1.4181169203615973e6 pinf=0.0 (0) dinf=429010.57801460504 (11067) time=20.981484816s
[ Info: iter=2521 obj=1.4181169203615973e6 pinf=0.0 (0) dinf=435238.8806289348 (11072) time=21.04204572s
[ Info: iter=2522 obj=1.4181169203615973e6 pinf=0.0 (0) dinf=434080.21537253814 (11070) time=21.104333323s
[ Info: iter=2523 obj=1.4181169203615973e6 pinf=0.0 (0) dinf=438502.87868933094 (11069) time=21.174481627s
[ Info: iter=2524 obj=1.4181169203615973e6 pinf=0.0 (0) dinf=443867.89454386156 (11069) time=21.244979631s
[ Info: iter=2525 obj=1.4181169203615973e6 pinf=0.0 (0) dinf=441983.7486440802 (11068) time=21.297893734s
[ Info: iter=2526 obj=1.4181169203615973e6 pinf=0.0 (0) dinf=442001.2275583617 (11068) time=21.353590938s
[ Info: iter=2527 obj=1.4181169203615973e6 pinf=0.0 (0) dinf=441976.73288312426 (11069) time=21.409469141s
[ Info: iter=2528 obj=1.4181169203615973e6 pinf=0.0 (0) dinf=440939.46343570144 (11063) time=21.464483544s
[ Info: iter=2529 obj=1.4181169203615973e6 pinf=0.0 (0) dinf=440939.46343570144 (11063) time=21.531704248s
[ Info: iter=2530 obj=1.4181169203615973e6 pinf=0.0 (0) dinf=441279.70168823225 (11065) time=21.589122551s
[ Info: iter=2531 obj=1.4181169203615973e6 pinf=0.0 (0) dinf=440939.46343570144 (11063) time=21.650360054s
[ Info: iter=2532 obj=1.4181169203615973e6 pinf=0.0 (0) dinf=441095.1873705985 (11063) time=21.702547257s
[ Info: iter=2533 obj=1.4181169203615973e6 pinf=0.0 (0) dinf=440746.7169924111 (11059) time=21.75773646s
[ Info: iter=2534 obj=1.4181169203615973e6 pinf=0.0 (0) dinf=440746.103055669 (11059) time=21.821229664s
[ Info: iter=2535 obj=1.4181169203615973e6 pinf=0.0 (0) dinf=440744.0951606344 (11059) time=21.880191767s
[ Info: iter=2536 obj=1.4181169203615973e6 pinf=0.0 (0) dinf=440742.08777463407 (11059) time=21.934949771s
[ Info: iter=2537 obj=1.4181169203615973e6 pinf=0.0 (0) dinf=440683.3827888882 (11058) time=21.997688574s
[ Info: iter=2538 obj=1.4181169203615973e6 pinf=0.0 (0) dinf=438283.5128715478 (11062) time=22.062254778s
[ Info: iter=2539 obj=1.4181169203615973e6 pinf=0.0 (0) dinf=438346.7861282901 (11063) time=22.116244581s
[ Info: iter=2540 obj=1.4181169203615973e6 pinf=0.0 (0) dinf=438206.65810096456 (11050) time=22.178298684s
[ Info: iter=2541 obj=1.4181169203615973e6 pinf=0.0 (0) dinf=432083.7112603096 (11021) time=22.237780088s
[ Info: iter=2542 obj=1.4181169203615973e6 pinf=0.0 (0) dinf=434528.87285270094 (11017) time=22.289430191s
[ Info: iter=2543 obj=1.4181169203615973e6 pinf=0.0 (0) dinf=433931.4214277057 (11012) time=22.349698694s
[ Info: iter=2544 obj=1.4181169203615973e6 pinf=0.0 (0) dinf=431616.3488611595 (11026) time=22.407139597s
[ Info: iter=2545 obj=1.4181169203615973e6 pinf=0.0 (0) dinf=442874.7393901299 (11025) time=22.467407001s
[ Info: iter=2546 obj=1.4181169203615973e6 pinf=0.0 (0) dinf=442869.3504668093 (11037) time=22.524842604s
[ Info: iter=2547 obj=1.4181169203615973e6 pinf=0.0 (0) dinf=442904.9185853769 (11038) time=22.577156707s
[ Info: iter=2548 obj=1.4181169203615973e6 pinf=0.0 (0) dinf=442890.3673807121 (11040) time=22.62510021s
[ Info: iter=2549 obj=1.4181169203615973e6 pinf=0.0 (0) dinf=442875.2593443654 (11039) time=22.673334312s
[ Info: iter=2550 obj=1.4181169203615973e6 pinf=0.0 (0) dinf=439587.464975648 (11036) time=22.725048415s
[ Info: iter=2551 obj=1.4181169203615973e6 pinf=0.0 (0) dinf=439666.88730435335 (11043) time=22.773052518s
[ Info: iter=2552 obj=1.4181169203615973e6 pinf=0.0 (0) dinf=439649.58994565863 (11041) time=22.827695221s
[ Info: iter=2553 obj=1.4181169203615973e6 pinf=0.0 (0) dinf=439632.292586964 (11039) time=22.882379424s
[ Info: iter=2554 obj=1.4181169203615973e6 pinf=0.0 (0) dinf=439614.99522826925 (11037) time=22.935025927s
[ Info: iter=2555 obj=1.4181169203615973e6 pinf=0.0 (0) dinf=439597.69786957465 (11035) time=22.98809793s
[ Info: iter=2556 obj=1.4181169203615973e6 pinf=0.0 (0) dinf=439580.40051087993 (11033) time=23.038450833s
[ Info: iter=2557 obj=1.4181169203615973e6 pinf=0.0 (0) dinf=434246.7080721735 (11003) time=23.094369636s
[ Info: iter=2558 obj=1.4181169203615973e6 pinf=0.0 (0) dinf=432784.22807735746 (10998) time=23.15092374s
[ Info: iter=2559 obj=1.4181169203615973e6 pinf=0.0 (0) dinf=433628.99523879745 (11008) time=23.210180843s
[ Info: iter=2560 obj=1.4181169203615973e6 pinf=0.0 (0) dinf=433480.421612779 (11006) time=23.261044346s
[ Info: iter=2561 obj=1.4181169203615973e6 pinf=0.0 (0) dinf=432714.1472933769 (11001) time=23.313589749s
[ Info: iter=2562 obj=1.4181169203615973e6 pinf=0.0 (0) dinf=435660.25342040934 (11004) time=23.368380152s
[ Info: iter=2563 obj=1.4181169203615973e6 pinf=0.0 (0) dinf=440441.32371316536 (11003) time=23.424384455s
[ Info: iter=2564 obj=1.4181169203615973e6 pinf=0.0 (0) dinf=439847.3494152428 (10999) time=23.475537558s
[ Info: iter=2565 obj=1.4181169203615973e6 pinf=0.0 (0) dinf=476110.0129748087 (11039) time=23.524973461s
[ Info: iter=2566 obj=1.4181169203615973e6 pinf=0.0 (0) dinf=472461.15878965746 (11033) time=23.572949163s
[ Info: iter=2567 obj=1.4181169203615973e6 pinf=0.0 (0) dinf=466929.77441611624 (11029) time=23.623138466s
[ Info: iter=2568 obj=1.4181169203615973e6 pinf=0.0 (0) dinf=465093.5099962707 (11030) time=23.669429369s
[ Info: iter=2569 obj=1.4181169203615973e6 pinf=0.0 (0) dinf=463298.3339832483 (11031) time=23.717952272s
[ Info: iter=2570 obj=1.4181169203615973e6 pinf=0.0 (0) dinf=461504.7737318147 (11032) time=23.769043475s
[ Info: iter=2571 obj=1.4181169203615973e6 pinf=0.0 (0) dinf=457840.92920946964 (11031) time=23.818405777s
[ Info: iter=2572 obj=1.4181169203615973e6 pinf=0.0 (0) dinf=456047.34799221525 (11032) time=23.86531528s
[ Info: iter=2573 obj=1.4181169203615973e6 pinf=0.0 (0) dinf=454750.3854415134 (11031) time=23.914283483s
[ Info: iter=2574 obj=1.4181169203615973e6 pinf=0.0 (0) dinf=452918.8062574127 (11032) time=23.964853286s
[ Info: iter=2575 obj=1.4181169203615973e6 pinf=0.0 (0) dinf=451081.6047904182 (11033) time=24.012416388s
[ Info: iter=2576 obj=1.4181169203615973e6 pinf=0.0 (0) dinf=449239.1558593894 (11034) time=24.066502191s
[ Info: iter=2577 obj=1.4181169203615973e6 pinf=0.0 (0) dinf=447396.70692836057 (11035) time=24.112640394s
[ Info: iter=2578 obj=1.4181169203615973e6 pinf=0.0 (0) dinf=445559.50546136615 (11036) time=24.156662597s
[ Info: iter=2579 obj=1.4181169203615973e6 pinf=0.0 (0) dinf=443764.65554117755 (11037) time=24.205069899s
[ Info: iter=2580 obj=1.4181169203615973e6 pinf=0.0 (0) dinf=451307.1434479603 (11057) time=24.256200702s
[ Info: iter=2581 obj=1.4181169203615973e6 pinf=0.0 (0) dinf=452889.89625601174 (11056) time=24.301371505s
[ Info: iter=2582 obj=1.4181169203615973e6 pinf=0.0 (0) dinf=438490.23515518114 (11033) time=24.351945208s
[ Info: iter=2583 obj=1.4181169203615973e6 pinf=0.0 (0) dinf=436677.0330397251 (11035) time=24.402121111s
[ Info: iter=2663 obj=1.4181169203615973e6 pinf=0.0 (0) dinf=542527.90368782 (11028) time=24.598414122s
[ Info: iter=2674 obj=1.4181169203615973e6 pinf=0.0 (0) dinf=1.227893187080068e7 (11017) time=24.667934426s
[ Info: iter=2677 obj=1.4181169203615973e6 pinf=0.0 (0) dinf=490320.19950978074 (11023) time=24.718389628s
[ Info: iter=2678 obj=1.4181169203615973e6 pinf=0.0 (0) dinf=514699.1713296188 (11043) time=24.764527231s
[ Info: iter=2679 obj=1.4181169203615973e6 pinf=0.0 (0) dinf=515902.0331713211 (11042) time=24.822848134s
[ Info: iter=2680 obj=1.4181169203615973e6 pinf=0.0 (0) dinf=515909.25053501717 (11047) time=24.879491038s
[ Info: iter=2681 obj=1.4181169203615973e6 pinf=0.0 (0) dinf=515845.7324067346 (11042) time=24.92855344s
[ Info: iter=2682 obj=1.4181169203615973e6 pinf=0.0 (0) dinf=513196.8549787083 (11039) time=24.985679944s
[ Info: iter=2683 obj=1.4181169203615973e6 pinf=0.0 (0) dinf=510624.51860524376 (11036) time=25.035726546s
[ Info: iter=2684 obj=1.4181169203615973e6 pinf=0.0 (0) dinf=510664.4455870805 (11040) time=25.087107249s
[ Info: iter=2685 obj=1.4181169203615973e6 pinf=0.0 (0) dinf=510226.3396880444 (11035) time=25.137634952s
[ Info: iter=2686 obj=1.4181169203615973e6 pinf=0.0 (0) dinf=510736.6581597606 (11039) time=25.187130055s
[ Info: iter=2687 obj=1.4181169203615973e6 pinf=0.0 (0) dinf=509761.86325648153 (11034) time=25.234501958s
[ Info: iter=2688 obj=1.4181169203615973e6 pinf=0.0 (0) dinf=505340.57950248907 (11029) time=25.285639161s
[ Info: iter=2689 obj=1.4181169203615973e6 pinf=0.0 (0) dinf=505834.13556214445 (11033) time=25.336654864s
[ Info: iter=2690 obj=1.4181169203615973e6 pinf=0.0 (0) dinf=504891.95353004895 (11029) time=25.388587166s
[ Info: iter=2691 obj=1.4181169203615973e6 pinf=0.0 (0) dinf=502325.66201879556 (11025) time=25.438220169s
[ Info: iter=2692 obj=1.4181169203615973e6 pinf=0.0 (0) dinf=502040.5147914591 (11025) time=25.488862772s
[ Info: iter=2693 obj=1.4181169203615973e6 pinf=0.0 (0) dinf=576534.4325455613 (11037) time=25.538573675s
[ Info: iter=2702 obj=1.4181169203615973e6 pinf=0.0 (0) dinf=482440.2723626984 (11035) time=25.610225579s
[ Info: iter=2703 obj=1.4181169203615973e6 pinf=0.0 (0) dinf=479976.2629074415 (11034) time=25.671932983s
[ Info: iter=2704 obj=1.4181169203615973e6 pinf=0.0 (0) dinf=477513.95247773227 (11033) time=25.726906486s
[ Info: iter=2705 obj=1.4181169203615973e6 pinf=0.0 (0) dinf=475103.890113999 (11032) time=25.776212688s
[ Info: iter=2706 obj=1.4181169203615973e6 pinf=0.0 (0) dinf=473251.00151570374 (11031) time=25.825534391s
[ Info: iter=2707 obj=1.4181169203615973e6 pinf=0.0 (0) dinf=470788.6254686196 (11030) time=25.871344394s
[ Info: iter=2708 obj=1.4181169203615973e6 pinf=0.0 (0) dinf=468326.24942153547 (11029) time=25.923307797s
[ Info: iter=2709 obj=1.4181169203615973e6 pinf=0.0 (0) dinf=467938.82739923423 (11029) time=25.969116699s
[ Info: iter=2710 obj=1.4181169203615973e6 pinf=0.0 (0) dinf=463634.204465474 (11036) time=26.015143402s
[ Info: iter=2711 obj=1.4181169203615973e6 pinf=0.0 (0) dinf=463692.6100596606 (11040) time=26.064368005s
[ Info: iter=2712 obj=1.4181169203615973e6 pinf=0.0 (0) dinf=470353.75243080524 (11027) time=26.118584608s
[ Info: iter=2764 obj=1.4181169203615973e6 pinf=0.0 (0) dinf=5.260757092211273e6 (11022) time=26.615496336s
[ Info: iter=2771 obj=1.4181169203615973e6 pinf=0.0 (0) dinf=3.2657578338935636e6 (11030) time=26.733515842s
[ Info: iter=2778 obj=1.4181169203615973e6 pinf=0.0 (0) dinf=2.951823513925374e6 (11028) time=26.936688454s
[ Info: iter=2779 obj=1.4181169203615973e6 pinf=0.0 (0) dinf=2.9475759197965004e6 (11025) time=26.981816956s
[ Info: iter=2780 obj=1.4181169203615973e6 pinf=0.0 (0) dinf=2.9569117807104243e6 (11023) time=27.030091759s
[ Info: iter=2781 obj=1.4181169203615973e6 pinf=0.0 (0) dinf=2.6368346602248624e6 (11020) time=27.074862161s
[ Info: iter=2783 obj=1.4181169203615973e6 pinf=0.0 (0) dinf=3.5187171683249664e6 (11019) time=27.145787765s
[ Info: iter=2784 obj=1.4181169203615973e6 pinf=0.0 (0) dinf=3.3575993841693434e6 (11020) time=27.204955669s
[ Info: iter=2785 obj=1.4181169203615973e6 pinf=0.0 (0) dinf=3.3850835236836155e6 (11019) time=27.252556771s
[ Info: iter=2786 obj=1.4181169203615973e6 pinf=0.0 (0) dinf=6.998981443537496e6 (11019) time=27.302363574s
[ Info: iter=2787 obj=1.4181169203615973e6 pinf=0.0 (0) dinf=6.975240769062351e6 (11018) time=27.356781677s
[ Info: iter=2788 obj=1.4181169203615973e6 pinf=0.0 (0) dinf=6.975196949128561e6 (11016) time=27.40979848s
[ Info: iter=2789 obj=1.4181169203615973e6 pinf=0.0 (0) dinf=1.1872566115068631e7 (11007) time=27.474157784s
[ Info: iter=2790 obj=1.4181169203615973e6 pinf=0.0 (0) dinf=987901.700675884 (11005) time=27.529424587s
[ Info: iter=2791 obj=1.4181169203615973e6 pinf=0.0 (0) dinf=987894.7174004659 (11006) time=27.58294129s
[ Info: iter=2792 obj=1.4181175249698283e6 pinf=0.0 (0) dinf=980119.0483385373 (11010) time=27.639789493s
[ Info: iter=2793 obj=1.4181175249698283e6 pinf=0.0 (0) dinf=980081.8228144192 (11009) time=27.693307996s
[ Info: iter=2794 obj=1.4181175249698283e6 pinf=0.0 (0) dinf=980074.7085616539 (11008) time=27.745970599s
[ Info: iter=2795 obj=1.4181175249698283e6 pinf=0.0 (0) dinf=980084.1203647439 (11007) time=27.807089702s
[ Info: iter=2796 obj=1.4181175249698283e6 pinf=0.0 (0) dinf=980076.6544808773 (11006) time=27.861616005s
[ Info: iter=2797 obj=1.4181175249698283e6 pinf=0.0 (0) dinf=980070.1832291762 (11005) time=27.912750508s
[ Info: iter=2798 obj=1.4181175249698283e6 pinf=0.0 (0) dinf=980064.1028363861 (11004) time=27.961914011s
[ Info: iter=2799 obj=1.4185170457666724e6 pinf=0.0 (0) dinf=980060.6476436541 (11003) time=28.018529114s
[ Info: iter=2800 obj=1.4190799708927544e6 pinf=0.0 (0) dinf=980057.1924509221 (11002) time=28.068605117s
[ Info: iter=2802 obj=1.4190799708927544e6 pinf=0.0 (0) dinf=6.914164366623334e6 (10998) time=28.12437932s
[ Info: iter=2803 obj=1.4190799708927544e6 pinf=0.0 (0) dinf=6.849430591878218e6 (10997) time=28.172695423s
[ Info: iter=2804 obj=1.4190799708927544e6 pinf=0.0 (0) dinf=6.81664663896877e6 (10996) time=28.223217326s
[ Info: iter=2805 obj=1.4190799708927544e6 pinf=0.0 (0) dinf=6.784697946006059e6 (10995) time=28.273791828s
[ Info: iter=2806 obj=1.4190799708927544e6 pinf=0.0 (0) dinf=1.1087391597372346e7 (10994) time=28.338972532s
[ Info: iter=2807 obj=1.4190799708927544e6 pinf=0.0 (0) dinf=1.108738648311958e7 (10994) time=28.410652136s
[ Info: iter=2809 obj=1.4190799723047223e6 pinf=0.0 (0) dinf=1.8810439804145347e7 (11075) time=28.48424164s
[ Info: iter=2889 obj=1.4190801036018142e6 pinf=0.0 (0) dinf=1.5010165182685803e6 (11182) time=28.922684565s
[ Info: iter=2969 obj=1.4190801036018142e6 pinf=0.0 (0) dinf=5.432629329588858e6 (11123) time=29.131627076s
[ Info: iter=3026 obj=1.4190801036018142e6 pinf=0.0 (0) dinf=1.2114656527407455e9 (11111) time=29.343665888s
[ Info: iter=3027 obj=1.4190801036018142e6 pinf=0.0 (0) dinf=1.2112931627624779e9 (11111) time=29.390275791s
[ Info: iter=3028 obj=1.4190801036018142e6 pinf=0.0 (0) dinf=1.2112931627624779e9 (11111) time=29.439878094s
[ Info: iter=3029 obj=1.4190801036018142e6 pinf=0.0 (0) dinf=1.2112931627624779e9 (11111) time=29.486816896s
[ Info: iter=3030 obj=1.4190801036018142e6 pinf=0.0 (0) dinf=1.0797638852727883e9 (11110) time=29.536639399s
[ Info: iter=3031 obj=1.4190801036018142e6 pinf=0.0 (0) dinf=1.0184656550959371e9 (11110) time=29.583592202s
[ Info: iter=3032 obj=1.4190801036018142e6 pinf=0.0 (0) dinf=1.1360754257582734e9 (11109) time=29.633489105s
[ Info: iter=3033 obj=1.4190801036018142e6 pinf=0.0 (0) dinf=1.576088923283262e9 (11114) time=29.676781807s
[ Info: iter=3034 obj=1.4190801036018142e6 pinf=0.0 (0) dinf=1.0210764864239421e9 (11107) time=29.72297581s
[ Info: iter=3035 obj=1.4190801036018142e6 pinf=0.0 (0) dinf=1.0961811235498362e9 (11107) time=29.770457912s
[ Info: iter=3036 obj=1.4190801036018142e6 pinf=0.0 (0) dinf=1.4068580425704494e9 (11108) time=29.821722715s
[ Info: iter=3037 obj=1.4190801036018142e6 pinf=0.0 (0) dinf=1.5351832482665462e9 (11108) time=29.869704118s
[ Info: iter=3038 obj=1.4190801036018142e6 pinf=0.0 (0) dinf=1.5431385340259485e9 (11107) time=29.91577902s
[ Info: iter=3039 obj=1.4190801036018142e6 pinf=0.0 (0) dinf=2.435771590349481e9 (11108) time=29.967443723s
[ Info: iter=3040 obj=1.4190801036018142e6 pinf=0.0 (0) dinf=2.4529568502681966e9 (11108) time=30.011688426s
[ Info: iter=3041 obj=1.4190801036018142e6 pinf=0.0 (0) dinf=4.99050097552894e9 (11107) time=30.059698828s
[ Info: iter=3042 obj=1.4190801036018142e6 pinf=0.0 (0) dinf=5.012544692379728e9 (11107) time=30.107357131s
[ Info: iter=3043 obj=1.4190801036018142e6 pinf=0.0 (0) dinf=1.2531526510673138e10 (11107) time=30.152492034s
[ Info: iter=3044 obj=1.4190801036018142e6 pinf=0.0 (0) dinf=1.2531526506445536e10 (11103) time=30.201263736s
[ Info: iter=3045 obj=1.4190801036018142e6 pinf=0.0 (0) dinf=1.259500034789789e10 (11107) time=30.253106439s
[ Info: iter=3046 obj=1.4190801036018142e6 pinf=0.0 (0) dinf=1.3841949434512943e10 (11105) time=30.300954642s
[ Info: iter=3047 obj=1.4190801036018142e6 pinf=0.0 (0) dinf=1.498355781902702e10 (11105) time=30.348166345s
[ Info: iter=3048 obj=1.4190801036018142e6 pinf=0.0 (0) dinf=1.617708653815824e10 (11105) time=30.406704148s
[ Info: iter=3049 obj=1.4190801036018142e6 pinf=0.0 (0) dinf=1.5469031386644167e10 (11103) time=30.458535751s
[ Info: iter=3050 obj=1.4190801036018142e6 pinf=0.0 (0) dinf=1.111411307415544e9 (11103) time=30.507556153s
[ Info: iter=3051 obj=1.4190801036018142e6 pinf=0.0 (0) dinf=3.758680088622071e9 (11102) time=30.558094456s
[ Info: iter=3052 obj=1.4190801036018142e6 pinf=0.0 (0) dinf=3.758273423010839e9 (11094) time=30.605992959s
[ Info: iter=3053 obj=1.4190801036018142e6 pinf=0.0 (0) dinf=3.7582741577220645e9 (11093) time=30.657964062s
[ Info: iter=3054 obj=1.4190801036018142e6 pinf=0.0 (0) dinf=3.7582741527220645e9 (11090) time=30.708554565s
[ Info: iter=3055 obj=1.4190801036018142e6 pinf=0.0 (0) dinf=3.7582741527220635e9 (11092) time=30.762756768s
[ Info: iter=3056 obj=1.4190803215046136e6 pinf=0.0 (0) dinf=3.7626696091443515e9 (11093) time=30.812885071s
[ Info: iter=3057 obj=1.4190803215046136e6 pinf=0.0 (0) dinf=3.762668877350674e9 (11092) time=30.868138774s
[ Info: iter=3058 obj=1.4190803215046136e6 pinf=0.0 (0) dinf=3.762816047782989e9 (11111) time=30.918903877s
[ Info: iter=3059 obj=1.4190803215046136e6 pinf=0.0 (0) dinf=3.762812161574088e9 (11112) time=30.969794979s
[ Info: iter=3060 obj=1.4190803215046136e6 pinf=0.0 (0) dinf=3.762812098343336e9 (11115) time=31.022209182s
[ Info: iter=3061 obj=1.4190803215046136e6 pinf=0.0 (0) dinf=3.7628119777286167e9 (11118) time=31.071688385s
[ Info: iter=3141 obj=1.4190809759890318e6 pinf=0.0 (0) dinf=1.9487644803531002e7 (11059) time=31.406754804s
[ Info: iter=3221 obj=1.4201929475158162e6 pinf=0.0 (0) dinf=5.443756553980347e7 (10952) time=31.630360216s
[ Info: iter=3301 obj=1.4201929475158162e6 pinf=0.0 (0) dinf=6.385062087438023e7 (10954) time=32.323317255s
[ Info: iter=3381 obj=1.4201929475158162e6 pinf=0.0 (0) dinf=6.383703432382466e7 (10931) time=32.528555367s
[ Info: iter=3461 obj=1.4201929475158162e6 pinf=0.0 (0) dinf=6.3904422592975e7 (10887) time=32.731805678s
[ Info: iter=3541 obj=1.420192947515817e6 pinf=0.0 (0) dinf=6.387985690626948e7 (10922) time=32.95201479s
[ Info: iter=3621 obj=1.4201929475158285e6 pinf=0.0 (0) dinf=6.490165190628861e7 (10893) time=33.163024202s
[ Info: iter=3685 obj=1.4201929475159321e6 pinf=0.0 (0) dinf=4.820202018291069e9 (11081) time=33.632275528s
[ Info: iter=3706 obj=1.4201929475159321e6 pinf=0.0 (0) dinf=4.791723439110834e9 (11074) time=34.167461855s
[ Info: iter=3707 obj=1.4201929475159321e6 pinf=0.0 (0) dinf=4.791135186240868e9 (11073) time=34.222022857s
[ Info: iter=3708 obj=1.4201929475159321e6 pinf=0.0 (0) dinf=4.79113259970462e9 (11073) time=34.276539659s
[ Info: iter=3709 obj=1.4201929475159321e6 pinf=0.0 (0) dinf=4.791133139348488e9 (11069) time=34.336755162s
[ Info: iter=3710 obj=1.4201929475159321e6 pinf=0.0 (0) dinf=4.841735986527751e9 (11068) time=34.394479664s
[ Info: iter=3711 obj=1.4201929475159321e6 pinf=0.0 (0) dinf=4.841657512244935e9 (11067) time=34.455712667s
[ Info: iter=3712 obj=1.4201929475159321e6 pinf=0.0 (0) dinf=4.841639296216718e9 (11067) time=34.52698077s
[ Info: iter=3715 obj=1.4201929475159321e6 pinf=0.0 (0) dinf=4.841641550425546e9 (11069) time=34.655073075s
[ Info: iter=3716 obj=1.4201929475159321e6 pinf=0.0 (0) dinf=4.839475988510748e9 (11068) time=34.722576078s
[ Info: iter=3717 obj=1.4201929475159575e6 pinf=0.0 (0) dinf=4.839021791721314e9 (11067) time=34.78140638s
[ Info: iter=3719 obj=1.4201929475159575e6 pinf=0.0 (0) dinf=4.836754735065254e9 (11066) time=34.846861483s
[ Info: iter=3720 obj=1.4201929475159575e6 pinf=0.0 (0) dinf=4.834452220161141e9 (11064) time=34.904255985s
[ Info: iter=3721 obj=1.4201929475159575e6 pinf=0.0 (0) dinf=4.832145221556863e9 (11065) time=34.964601987s
[ Info: iter=3722 obj=1.4201929475159575e6 pinf=0.0 (0) dinf=4.830505896934767e9 (11069) time=35.02362569s
[ Info: iter=3736 obj=1.4201929475159575e6 pinf=0.0 (0) dinf=4.828195440658125e9 (11078) time=35.219651098s
[ Info: iter=3737 obj=1.4201929475159647e6 pinf=0.0 (0) dinf=4.829504323058553e9 (11077) time=35.281126s
[ Info: iter=3738 obj=1.4201929475159647e6 pinf=0.0 (0) dinf=4.907472141800218e9 (11079) time=35.344871303s
[ Info: iter=3739 obj=1.4201929475159647e6 pinf=0.0 (0) dinf=4.899770622192676e9 (11077) time=35.405648205s
[ Info: iter=3740 obj=1.4201929475159647e6 pinf=0.0 (0) dinf=4.891923724591278e9 (11075) time=35.471393208s
[ Info: iter=3741 obj=1.4201929475159647e6 pinf=0.0 (0) dinf=4.884058451119736e9 (11073) time=35.541715711s
[ Info: iter=3742 obj=1.4201929475159647e6 pinf=0.0 (0) dinf=4.884093391514524e9 (11073) time=35.611018114s
[ Info: iter=3743 obj=1.4201929475159647e6 pinf=0.0 (0) dinf=4.87854469780761e9 (11072) time=35.669108516s
[ Info: iter=3744 obj=1.4201929475159647e6 pinf=0.0 (0) dinf=4.85547952947981e9 (11072) time=35.728804919s
[ Info: iter=3745 obj=1.4201929475159647e6 pinf=0.0 (0) dinf=4.871182435868188e9 (11073) time=35.788417521s
[ Info: iter=3746 obj=1.4201929475159647e6 pinf=0.0 (0) dinf=4.865350310234621e9 (11075) time=35.843151723s
[ Info: iter=3747 obj=1.4201929475159647e6 pinf=0.0 (0) dinf=4.869999823818789e9 (11076) time=35.906197826s
[ Info: iter=3748 obj=1.4201929475159647e6 pinf=0.0 (0) dinf=4.859130371181127e9 (11071) time=35.973688629s
[ Info: iter=3749 obj=1.4201929475159647e6 pinf=0.0 (0) dinf=4.844118416691105e9 (11069) time=36.039974231s
[ Info: iter=3750 obj=1.4201929475159647e6 pinf=0.0 (0) dinf=6.40695477985127e9 (11075) time=36.109814734s
[ Info: iter=3751 obj=1.4201929475159647e6 pinf=0.0 (0) dinf=6.467763463379271e9 (11076) time=36.172880737s
[ Info: iter=3752 obj=1.4201929475159647e6 pinf=0.0 (0) dinf=6.553133733183425e9 (11083) time=36.231119039s
[ Info: iter=3753 obj=1.4201929475159647e6 pinf=0.0 (0) dinf=6.524499076377795e9 (11074) time=36.294662042s
[ Info: iter=3754 obj=1.4201929475159647e6 pinf=0.0 (0) dinf=6.512933719844602e9 (11074) time=36.362361744s
[ Info: iter=3755 obj=1.4201929475159647e6 pinf=0.0 (0) dinf=6.480707554493396e9 (11073) time=36.423703947s
[ Info: iter=3756 obj=1.4201929475159647e6 pinf=0.0 (0) dinf=6.4485390587148075e9 (11072) time=36.485091349s
[ Info: iter=3757 obj=1.4201929475184795e6 pinf=0.0 (0) dinf=6.087092507787151e9 (11070) time=36.544946552s
[ Info: iter=3758 obj=1.4201929475184795e6 pinf=0.0 (0) dinf=6.0870924642333e9 (11070) time=36.604513154s
[ Info: iter=3759 obj=1.4201929475267103e6 pinf=0.0 (0) dinf=7.187440206442181e9 (11072) time=36.664371957s
[ Info: iter=3760 obj=1.4201929475267103e6 pinf=0.0 (0) dinf=7.187361152999489e9 (11072) time=36.73243516s
[ Info: iter=3761 obj=1.4201929475267103e6 pinf=0.0 (0) dinf=7.187212675582317e9 (11071) time=36.791387262s
[ Info: iter=3762 obj=1.4201929475267103e6 pinf=0.0 (0) dinf=7.187064198138031e9 (11070) time=36.855277065s
[ Info: iter=3763 obj=1.4201929475270472e6 pinf=0.0 (0) dinf=7.096917430799224e9 (11069) time=36.916171867s
[ Info: iter=3764 obj=1.4201929475270472e6 pinf=0.0 (0) dinf=9.700014006838303e10 (11071) time=36.97727047s
[ Info: iter=3765 obj=1.4201929475270472e6 pinf=0.0 (0) dinf=9.700878586880798e10 (11071) time=37.041802572s
[ Info: iter=3766 obj=1.4201929475270472e6 pinf=0.0 (0) dinf=9.700440833824786e10 (11071) time=37.102613775s
[ Info: iter=3767 obj=1.4201929475270472e6 pinf=0.0 (0) dinf=9.702512317858202e10 (11070) time=37.161914177s
[ Info: iter=3768 obj=1.4201929475270472e6 pinf=0.0 (0) dinf=9.692351539824847e10 (11070) time=37.22096498s
[ Info: iter=3769 obj=1.4201929476088658e6 pinf=0.0 (0) dinf=1.0006575884186632e11 (11069) time=37.279741882s
[ Info: iter=3770 obj=1.4201929476088658e6 pinf=0.0 (0) dinf=9.637488692917325e10 (11068) time=37.338821784s
[ Info: iter=3771 obj=1.4201929476088658e6 pinf=0.0 (0) dinf=1.2622705190972823e11 (11071) time=37.397964287s
[ Info: iter=3772 obj=1.4201929476088658e6 pinf=0.0 (0) dinf=9.349907460660162e10 (11070) time=37.464853989s
[ Info: iter=3773 obj=1.4201929476088658e6 pinf=0.0 (0) dinf=8.375700702511765e10 (11072) time=37.521663192s
[ Info: iter=3774 obj=1.4201929476088658e6 pinf=0.0 (0) dinf=8.373332197759438e10 (11071) time=37.584860194s
[ Info: iter=3775 obj=1.4201929476088658e6 pinf=0.0 (0) dinf=8.371429417412726e10 (11070) time=37.666569698s
[ Info: iter=3776 obj=1.4201929476088658e6 pinf=0.0 (0) dinf=8.373332197639944e10 (11070) time=37.7245654s
[ Info: iter=3777 obj=1.4201929476088658e6 pinf=0.0 (0) dinf=8.87337340557648e10 (11069) time=37.784799503s
[ Info: iter=3778 obj=1.4201929476088658e6 pinf=0.0 (0) dinf=8.066596061523889e10 (11071) time=37.845256805s
[ Info: iter=3779 obj=1.4201929476093655e6 pinf=0.0 (0) dinf=8.112298550463786e10 (11074) time=37.906345908s
[ Info: iter=3780 obj=1.4201929476093655e6 pinf=0.0 (0) dinf=6.748321396869697e9 (11083) time=37.97060481s
[ Info: iter=3781 obj=1.4201929476093655e6 pinf=0.0 (0) dinf=6.748818839343671e9 (11084) time=38.027555212s
[ Info: iter=3782 obj=1.4201929476093655e6 pinf=0.0 (0) dinf=6.74839479520052e9 (11082) time=38.082739415s
[ Info: iter=3783 obj=1.4201929476093655e6 pinf=0.0 (0) dinf=6.747264946587797e9 (11081) time=38.140663417s
[ Info: iter=3784 obj=1.4201929476093655e6 pinf=0.0 (0) dinf=7.269203676008848e9 (11085) time=38.198766419s
[ Info: iter=3785 obj=1.4201929476093655e6 pinf=0.0 (0) dinf=7.182959427678705e9 (11086) time=38.256911922s
[ Info: iter=3786 obj=1.4201929476093655e6 pinf=0.0 (0) dinf=7.094995994696747e9 (11087) time=38.315248224s
[ Info: iter=3787 obj=1.4201929476093655e6 pinf=0.0 (0) dinf=7.006650520681055e9 (11087) time=38.375468727s
[ Info: iter=3788 obj=1.4201929476093655e6 pinf=0.0 (0) dinf=6.918878108215967e9 (11087) time=38.434656429s
[ Info: iter=3789 obj=1.4201929476093655e6 pinf=0.0 (0) dinf=6.9186067376434765e9 (11087) time=38.497025932s
[ Info: iter=3790 obj=1.4201929476093655e6 pinf=0.0 (0) dinf=6.917842655773344e9 (11086) time=38.564313134s
[ Info: iter=3791 obj=1.4201929476093655e6 pinf=0.0 (0) dinf=6.917078573876099e9 (11085) time=38.621565437s
[ Info: iter=3792 obj=1.4201929476093655e6 pinf=0.0 (0) dinf=6.917052314602276e9 (11085) time=38.679942939s
[ Info: iter=3793 obj=1.4201929476093655e6 pinf=0.0 (0) dinf=6.916670273738766e9 (11084) time=38.740731442s
[ Info: iter=3794 obj=1.4201929476093655e6 pinf=0.0 (0) dinf=6.916627065665113e9 (11084) time=38.799363844s
[ Info: iter=3795 obj=1.4201929476093655e6 pinf=0.0 (0) dinf=6.916436045345585e9 (11083) time=38.864037747s
[ Info: iter=3796 obj=1.4201929476093655e6 pinf=0.0 (0) dinf=6.916245024998943e9 (11082) time=38.93845145s
[ Info: iter=3797 obj=1.4201929476093655e6 pinf=0.0 (0) dinf=6.916445999334492e9 (11082) time=39.004281652s
[ Info: iter=3798 obj=1.4201929476093655e6 pinf=0.0 (0) dinf=6.9163504892462845e9 (11081) time=39.068826255s
[ Info: iter=3799 obj=1.4201929476093655e6 pinf=0.0 (0) dinf=6.990256176947447e9 (11081) time=39.129478057s
[ Info: iter=3800 obj=1.4201929476093655e6 pinf=0.0 (0) dinf=7.250897761057408e9 (11084) time=39.19646536s
[ Info: iter=3801 obj=1.4201929476093655e6 pinf=0.0 (0) dinf=8.507435150287542e9 (11091) time=39.258130363s
[ Info: iter=3802 obj=1.4201929476093655e6 pinf=0.0 (0) dinf=8.355633939596853e9 (11088) time=39.319746065s
[ Info: iter=3803 obj=1.4201929476093655e6 pinf=0.0 (0) dinf=8.309130748991022e9 (11087) time=39.377505468s
[ Info: iter=3804 obj=1.4201929476093655e6 pinf=0.0 (0) dinf=8.262627558385181e9 (11086) time=39.43705697s
[ Info: iter=3805 obj=1.4201929476093655e6 pinf=0.0 (0) dinf=8.288985513625492e9 (11087) time=39.495558272s
[ Info: iter=3806 obj=1.4201929476093655e6 pinf=0.0 (0) dinf=8.355633939596853e9 (11088) time=39.551133175s
[ Info: iter=3807 obj=1.4201929476093655e6 pinf=0.0 (0) dinf=8.402137130202683e9 (11089) time=39.610183577s
[ Info: iter=3808 obj=1.4201929476093655e6 pinf=0.0 (0) dinf=8.2968391101178255e9 (11087) time=39.67015388s
[ Info: iter=3809 obj=1.4201929476093655e6 pinf=0.0 (0) dinf=8.610587608470877e9 (11085) time=39.731503482s
[ Info: iter=3810 obj=1.4201929476093655e6 pinf=0.0 (0) dinf=8.458786397780138e9 (11082) time=39.791208984s
[ Info: iter=3811 obj=1.4201929476093655e6 pinf=0.0 (0) dinf=8.412283207174307e9 (11081) time=39.856847087s
[ Info: iter=3812 obj=1.4201929476093655e6 pinf=0.0 (0) dinf=8.36578001656847e9 (11080) time=39.92458509s
[ Info: iter=3813 obj=1.420192947609739e6 pinf=0.0 (0) dinf=8.22946141660077e9 (11090) time=39.996995693s
[ Info: iter=3814 obj=1.420192947609739e6 pinf=0.0 (0) dinf=8.268443998520113e9 (11093) time=40.057838495s
[ Info: iter=3815 obj=1.420192947609739e6 pinf=0.0 (0) dinf=8.235624994053278e9 (11090) time=40.123927198s
[ Info: iter=3816 obj=1.420192947609739e6 pinf=0.0 (0) dinf=8.222609105949912e9 (11088) time=40.187890101s
[ Info: iter=3817 obj=1.420192947609739e6 pinf=0.0 (0) dinf=8.209571397779767e9 (11086) time=40.247437403s
[ Info: iter=3818 obj=1.420192947609739e6 pinf=0.0 (0) dinf=8.1835307927972e9 (11084) time=40.311165906s
[ Info: iter=3819 obj=1.420192947609739e6 pinf=0.0 (0) dinf=8.217742344529838e9 (11085) time=40.373121808s
[ Info: iter=3820 obj=1.420192947609739e6 pinf=0.0 (0) dinf=8.209888748037503e9 (11085) time=40.437444411s
[ Info: iter=3821 obj=1.420192947609739e6 pinf=0.0 (0) dinf=8.201435702473691e9 (11085) time=40.499258613s
[ Info: iter=3822 obj=1.420192947609739e6 pinf=0.0 (0) dinf=8.261623513769673e9 (11086) time=40.557236016s
[ Info: iter=3823 obj=1.420192947609739e6 pinf=0.0 (0) dinf=8.217841934983074e9 (11086) time=40.620687418s
[ Info: iter=3824 obj=1.420192947609739e6 pinf=0.0 (0) dinf=8.264345125588906e9 (11087) time=40.685553021s
[ Info: iter=3825 obj=1.420192947609739e6 pinf=0.0 (0) dinf=8.219741264301071e9 (11088) time=40.744666123s
[ Info: iter=3826 obj=1.420192947609739e6 pinf=0.0 (0) dinf=8.219741264301071e9 (11087) time=40.809889426s
[ Info: iter=3827 obj=1.420192947609739e6 pinf=0.0 (0) dinf=8.531490842882389e9 (11083) time=40.875250229s
[ Info: iter=3828 obj=1.420192947609739e6 pinf=0.0 (0) dinf=8.3976783024784e9 (11090) time=40.947660032s
[ Info: iter=3829 obj=1.420192947609739e6 pinf=0.0 (0) dinf=8.391484046917733e9 (11089) time=41.012970934s
[ Info: iter=3830 obj=1.420192947609739e6 pinf=0.0 (0) dinf=8.378788508817872e9 (11088) time=41.070887837s
[ Info: iter=3831 obj=1.420192947609739e6 pinf=0.0 (0) dinf=8.364265893718162e9 (11087) time=41.129915239s
[ Info: iter=3832 obj=1.420192947609739e6 pinf=0.0 (0) dinf=8.348875706061301e9 (11086) time=41.196955542s
[ Info: iter=3833 obj=1.420192947609739e6 pinf=0.0 (0) dinf=8.330710773775272e9 (11085) time=41.261035245s
[ Info: iter=3834 obj=1.420192947609739e6 pinf=0.0 (0) dinf=8.311527161253023e9 (11084) time=41.323552247s
[ Info: iter=3835 obj=1.420192947609739e6 pinf=0.0 (0) dinf=8.291761241909017e9 (11083) time=41.382342949s
[ Info: iter=3836 obj=1.4201929476097599e6 pinf=0.0 (0) dinf=8.280914385662046e9 (11082) time=41.447286252s
[ Info: iter=3837 obj=1.4201929476097766e6 pinf=0.0 (0) dinf=8.268361090991343e9 (11081) time=41.505719554s
[ Info: iter=3838 obj=1.4201929476097925e6 pinf=0.0 (0) dinf=8.25460170153639e9 (11080) time=41.569227057s
[ Info: iter=3839 obj=1.4201929476098104e6 pinf=0.0 (0) dinf=8.239721489580569e9 (11079) time=41.63468946s
[ Info: iter=3840 obj=1.4201929476098293e6 pinf=0.0 (0) dinf=8.223577689177261e9 (11078) time=41.701857363s
[ Info: iter=3841 obj=1.4201929476098455e6 pinf=0.0 (0) dinf=8.206272325974102e9 (11077) time=41.769314665s
[ Info: iter=3842 obj=1.4201929476098632e6 pinf=0.0 (0) dinf=8.187788350258883e9 (11075) time=41.837179468s
[ Info: iter=3843 obj=1.42019294760988e6 pinf=0.0 (0) dinf=8.171111279069356e9 (11074) time=41.89523087s
[ Info: iter=3844 obj=1.420192947609895e6 pinf=0.0 (0) dinf=8.153252502872925e9 (11073) time=41.954035273s
[ Info: iter=3845 obj=1.4201929476099066e6 pinf=0.0 (0) dinf=8.134459725091162e9 (11072) time=42.019531675s
[ Info: iter=3846 obj=1.4201929476099447e6 pinf=0.0 (0) dinf=8.137199055050847e9 (11074) time=42.078951678s
[ Info: iter=3847 obj=1.4201929476099447e6 pinf=0.0 (0) dinf=8.135905056704562e9 (11073) time=42.14631868s
[ Info: iter=3848 obj=1.4201929476099447e6 pinf=0.0 (0) dinf=8.134580089436606e9 (11072) time=42.206124583s
[ Info: iter=3849 obj=1.4201929476099447e6 pinf=0.0 (0) dinf=8.133255122168651e9 (11071) time=42.263511985s
[ Info: iter=3850 obj=1.4201929476099447e6 pinf=0.0 (0) dinf=7.882997889007428e9 (11068) time=42.321086587s
[ Info: iter=3851 obj=1.4201929476099447e6 pinf=0.0 (0) dinf=7.806333416034947e9 (11067) time=42.376600589s
[ Info: iter=3852 obj=1.4201929476099447e6 pinf=0.0 (0) dinf=7.729668943062481e9 (11066) time=42.435098292s
[ Info: iter=3853 obj=1.4201929476099447e6 pinf=0.0 (0) dinf=7.679467618240963e9 (11069) time=42.492805694s
[ Info: iter=3854 obj=1.42019294761064e6 pinf=0.0 (0) dinf=7.461301712817811e9 (11064) time=42.556561096s
[ Info: iter=3855 obj=1.42019294761064e6 pinf=0.0 (0) dinf=9.274195910462769e9 (11065) time=42.615552099s
[ Info: iter=3856 obj=1.42019294761064e6 pinf=0.0 (0) dinf=1.2014725270084242e10 (11060) time=42.677166901s
[ Info: iter=3857 obj=1.42019294761064e6 pinf=0.0 (0) dinf=1.191606877240045e10 (11057) time=42.733932203s
[ Info: iter=3858 obj=1.42019294761064e6 pinf=0.0 (0) dinf=1.1916068765464308e10 (11054) time=42.796949506s
[ Info: iter=3859 obj=1.42019294761064e6 pinf=0.0 (0) dinf=1.1912170399747137e10 (11054) time=42.855075408s
[ Info: iter=3860 obj=1.42019294761064e6 pinf=0.0 (0) dinf=1.1916068761771925e10 (11055) time=42.91563641s
[ Info: iter=3861 obj=1.42019294761064e6 pinf=0.0 (0) dinf=1.1908711603057512e10 (11050) time=42.971192112s
[ Info: iter=3862 obj=1.42019294761064e6 pinf=0.0 (0) dinf=1.191609333659419e10 (11035) time=43.027331915s
[ Info: iter=3863 obj=1.42019294761064e6 pinf=0.0 (0) dinf=1.1840204121676111e10 (11057) time=43.085060117s
[ Info: iter=3868 obj=1.4201929476105114e6 pinf=0.0 (0) dinf=1.2719517046829626e10 (10982) time=43.216127622s
[ Info: iter=3870 obj=1.4201929476105114e6 pinf=0.0 (0) dinf=3.289950384235108e10 (11059) time=43.300916025s
[ Info: iter=3871 obj=1.4201929476105114e6 pinf=0.0 (0) dinf=1.9091075960373497e10 (11072) time=43.357009627s
[ Info: iter=3872 obj=1.4201929476105114e6 pinf=0.0 (0) dinf=1.803624500678641e10 (11060) time=43.41252193s
[ Info: iter=3873 obj=1.4201929476105114e6 pinf=0.0 (0) dinf=2.3809659385450397e10 (11059) time=43.476940932s
[ Info: iter=3874 obj=1.4201929476105114e6 pinf=0.0 (0) dinf=2.194374911885796e10 (11041) time=43.526769334s
[ Info: iter=3875 obj=1.4201929476105114e6 pinf=0.0 (0) dinf=2.6440991272950344e10 (11040) time=43.576696536s
[ Info: iter=3876 obj=1.4201929476105114e6 pinf=0.0 (0) dinf=2.283901469555142e10 (11039) time=43.630377638s
[ Info: iter=3877 obj=1.4201929476105114e6 pinf=0.0 (0) dinf=1.7836269449164032e10 (11038) time=43.68695614s
[ Info: iter=3878 obj=1.4201929476105114e6 pinf=0.0 (0) dinf=1.8848786666897896e10 (10986) time=43.739559542s
[ Info: iter=3879 obj=1.4201929476105114e6 pinf=0.0 (0) dinf=4.632744529825655e10 (11025) time=43.792485844s
[ Info: iter=3880 obj=1.4201929476105114e6 pinf=0.0 (0) dinf=4.632739278728448e10 (11007) time=43.842648446s
[ Info: iter=3881 obj=1.4201929476105114e6 pinf=0.0 (0) dinf=3.446492357194378e10 (11041) time=43.893047048s
[ Info: iter=3882 obj=1.4201929476105114e6 pinf=0.0 (0) dinf=5.7561919829352455e10 (11040) time=43.94598875s
[ Info: iter=3883 obj=1.4201929476105114e6 pinf=0.0 (0) dinf=5.5651491192480064e10 (11037) time=43.998024052s
[ Info: iter=3884 obj=1.4201929476105114e6 pinf=0.0 (0) dinf=3.5593069879995186e10 (11036) time=44.049879054s
[ Info: iter=3885 obj=1.4201929476105114e6 pinf=0.0 (0) dinf=5.756191990482021e10 (11043) time=44.101400456s
[ Info: iter=3886 obj=1.4201929476105114e6 pinf=0.0 (0) dinf=5.3867895637759705e11 (11037) time=44.162590259s
[ Info: iter=3887 obj=1.4201929476105114e6 pinf=0.0 (0) dinf=1.0467794481969224e12 (11038) time=44.224777861s
[ Info: iter=3888 obj=1.4201929476105114e6 pinf=0.0 (0) dinf=6.799918651623895e11 (11037) time=44.276360263s
[ Info: iter=3889 obj=1.4201929476105114e6 pinf=0.0 (0) dinf=6.292540129538584e11 (11038) time=44.324482665s
[ Info: iter=3890 obj=1.4201929476105114e6 pinf=0.0 (0) dinf=7.242653450571752e11 (11036) time=44.377789667s
[ Info: iter=3891 obj=1.4201929476105114e6 pinf=0.0 (0) dinf=8.26372421921051e11 (11036) time=44.428584969s
[ Info: iter=3892 obj=1.4201929476105114e6 pinf=0.0 (0) dinf=2.268900021705111e12 (11035) time=44.480665771s
[ Info: iter=3893 obj=1.4201929476105114e6 pinf=0.0 (0) dinf=2.670238861691684e12 (11038) time=44.531563873s
[ Info: iter=3894 obj=1.4201929476105114e6 pinf=0.0 (0) dinf=2.6697714841407056e12 (11038) time=44.589984076s
[ Info: iter=3895 obj=1.4201929476105114e6 pinf=0.0 (0) dinf=2.6607093747655503e12 (11038) time=44.640431577s
[ Info: iter=3896 obj=1.4201929476105114e6 pinf=0.0 (0) dinf=2.651647265390395e12 (11038) time=44.69366748s
[ Info: iter=3897 obj=1.4201929476105114e6 pinf=0.0 (0) dinf=2.6425851560152397e12 (11038) time=44.750520082s
[ Info: iter=3898 obj=1.4201929476105114e6 pinf=0.0 (0) dinf=3.3018944962264805e12 (11024) time=44.800294284s
[ Info: iter=3899 obj=1.4201929476105114e6 pinf=0.0 (0) dinf=3.387238960710716e12 (11028) time=44.857240786s
[ Info: iter=3900 obj=1.4201929476105114e6 pinf=0.0 (0) dinf=3.313153240121533e12 (11028) time=44.910489688s
[ Info: iter=3901 obj=1.4201929476105114e6 pinf=0.0 (0) dinf=1.2005437583792244e12 (11038) time=44.96192229s
[ Info: iter=3902 obj=1.4201929476105114e6 pinf=0.0 (0) dinf=2.47323763201069e12 (11027) time=45.015920292s
[ Info: iter=3903 obj=1.4201929476105114e6 pinf=0.0 (0) dinf=2.621072458659292e12 (11027) time=45.063853094s
[ Info: iter=3904 obj=1.4201929476105114e6 pinf=0.0 (0) dinf=2.5788981609276377e12 (11027) time=45.112826496s
[ Info: iter=3905 obj=1.4201929476105114e6 pinf=0.0 (0) dinf=2.5779465515139736e12 (11026) time=45.166076898s
[ Info: iter=3906 obj=1.4201929476105114e6 pinf=0.0 (0) dinf=2.5789022259717344e12 (11026) time=45.2209709s
[ Info: iter=3907 obj=1.4201929476105114e6 pinf=0.0 (0) dinf=2.5152952982643574e12 (11024) time=45.273838202s
[ Info: iter=3908 obj=1.4201929476105114e6 pinf=0.0 (0) dinf=2.536346584524123e12 (11025) time=45.326520104s
[ Info: iter=3909 obj=1.4201929476105114e6 pinf=0.0 (0) dinf=2.5152952982643574e12 (11024) time=45.376998406s
[ Info: iter=3910 obj=1.4201929476105114e6 pinf=0.0 (0) dinf=9.199131686347412e11 (11040) time=45.429561708s
[ Info: iter=3911 obj=1.4201929476105114e6 pinf=0.0 (0) dinf=2.4149252498874644e12 (11038) time=45.47971271s
[ Info: iter=3912 obj=1.4201929476105114e6 pinf=0.0 (0) dinf=3.0244832210187974e12 (11037) time=45.530549812s
[ Info: iter=3913 obj=1.4201929476105114e6 pinf=0.0 (0) dinf=1.9452934971449168e13 (11036) time=45.580318714s
[ Info: iter=3914 obj=1.4201929476105114e6 pinf=0.0 (0) dinf=5.274507692135193e12 (11037) time=45.632329716s
[ Info: iter=3915 obj=1.4201929476105114e6 pinf=0.0 (0) dinf=6.169158701843665e12 (11036) time=45.683167518s
[ Info: iter=3916 obj=1.4201929476105114e6 pinf=0.0 (0) dinf=6.200065086718603e12 (11035) time=45.73829942s
[ Info: iter=3917 obj=1.4201929476105114e6 pinf=0.0 (0) dinf=1.3968581386781379e13 (11035) time=45.790720422s
[ Info: iter=3918 obj=1.4201929476105114e6 pinf=0.0 (0) dinf=1.4039569052684633e13 (11038) time=45.851645625s
[ Info: iter=3919 obj=1.4201929476105114e6 pinf=0.0 (0) dinf=1.4098115295546236e13 (11036) time=45.902945627s
[ Info: iter=3920 obj=1.4201929476105114e6 pinf=0.0 (0) dinf=1.4044874546118799e13 (11033) time=45.957295429s
[ Info: iter=3921 obj=1.4201929476105114e6 pinf=0.0 (0) dinf=1.4103420788983611e13 (11033) time=46.011648431s
[ Info: iter=3922 obj=1.4201929476105114e6 pinf=0.0 (0) dinf=1.4027127629641916e13 (11032) time=46.061809633s
[ Info: iter=3923 obj=1.4201929476105114e6 pinf=0.0 (0) dinf=3.11043732576293e13 (11034) time=46.116374235s
[ Info: iter=3924 obj=1.4201929476105114e6 pinf=0.0 (0) dinf=9.258469084406884e13 (11026) time=46.167910737s
[ Info: iter=3925 obj=1.4201929476105114e6 pinf=0.0 (0) dinf=9.436321070772212e13 (11033) time=46.219540439s
[ Info: iter=3926 obj=1.420192947909236e6 pinf=0.0 (0) dinf=1.5047754634600435e15 (11064) time=46.271250641s
[ Info: iter=3927 obj=1.420192947909236e6 pinf=0.0 (0) dinf=1.5047756866392725e15 (11063) time=46.320614643s
[ Info: iter=3928 obj=1.420192947909237e6 pinf=0.0 (0) dinf=1.50400054221944e15 (11061) time=46.373364845s
[ Info: iter=3929 obj=1.420192947909237e6 pinf=0.0 (0) dinf=1.5030796901707525e15 (11034) time=46.428772147s
[ Info: iter=3930 obj=1.4201929479092367e6 pinf=0.0 (0) dinf=1.503054486234684e15 (11028) time=46.478315949s
[ Info: iter=3931 obj=1.4201929479092367e6 pinf=0.0 (0) dinf=9.280482267266775e13 (11019) time=46.531280351s
[ Info: iter=3932 obj=1.4201929479092367e6 pinf=0.0 (0) dinf=1.1736503088648047e14 (11016) time=46.579630353s
[ Info: iter=3933 obj=1.4201929479092367e6 pinf=0.0 (0) dinf=1.4812290400460378e16 (11040) time=46.626410555s
[ Info: iter=3934 obj=1.420192947909237e6 pinf=0.0 (0) dinf=1.4812272086725618e16 (11039) time=46.674845457s
[ Info: iter=3935 obj=1.420192947909237e6 pinf=0.0 (0) dinf=9.603532063347405e13 (10994) time=46.734549059s
[ Info: iter=3936 obj=1.4201929479816218e6 pinf=0.0 (0) dinf=8.970953011013353e13 (10993) time=46.787027561s
[ Info: iter=3937 obj=1.420192947994008e6 pinf=0.0 (0) dinf=6.296756076048175e13 (10992) time=46.836339763s
[ Info: iter=3938 obj=1.420192947994008e6 pinf=0.0 (0) dinf=1.674957289182855e13 (10992) time=46.894129765s
[ Info: iter=3939 obj=1.420192947994008e6 pinf=0.0 (0) dinf=1.6838526046302555e13 (10992) time=46.948067967s
[ Info: iter=3940 obj=1.420192947994008e6 pinf=0.0 (0) dinf=1.1413987152570773e14 (10992) time=46.996710969s
[ Info: iter=3941 obj=1.420192947994008e6 pinf=0.0 (0) dinf=1.2908046495738484e14 (10997) time=47.050755271s
[ Info: iter=3942 obj=1.420192947994008e6 pinf=0.0 (0) dinf=1.2891334894019303e14 (10997) time=47.100861673s
[ Info: iter=3943 obj=1.420192947994008e6 pinf=0.0 (0) dinf=1.2785046966486181e14 (10997) time=47.154499575s
[ Info: iter=3944 obj=1.420192947994008e6 pinf=0.0 (0) dinf=1.2681673475341366e14 (10997) time=47.206611877s
[ Info: iter=3945 obj=1.420192947994008e6 pinf=0.0 (0) dinf=1.2579235434824678e14 (10997) time=47.26137928s
[ Info: iter=3946 obj=1.420192947994008e6 pinf=0.0 (0) dinf=1.2476797394307994e14 (10997) time=47.317782682s
[ Info: iter=3947 obj=1.420192947994008e6 pinf=0.0 (0) dinf=1.173983523455584e14 (10997) time=47.383952484s
[ Info: iter=3948 obj=1.420192947994008e6 pinf=0.0 (0) dinf=1.1675316376909725e14 (10993) time=47.439576887s
[ Info: iter=3949 obj=1.420192947994008e6 pinf=0.0 (0) dinf=1.2038401901648225e14 (10996) time=47.490331589s
[ Info: iter=3950 obj=1.420192947994008e6 pinf=0.0 (0) dinf=2.593421508874004e15 (10991) time=47.542450891s
[ Info: iter=3951 obj=1.420192947994008e6 pinf=0.0 (0) dinf=2.592039750388783e15 (10990) time=47.596143193s
[ Info: iter=3952 obj=1.420192947994008e6 pinf=0.0 (0) dinf=2.5917183329539205e15 (10989) time=47.650483395s
[ Info: iter=3953 obj=1.420192947994008e6 pinf=0.0 (0) dinf=2.486044387526196e15 (10989) time=47.706813197s
[ Info: iter=3954 obj=1.420192947994008e6 pinf=0.0 (0) dinf=2.4856586692803225e15 (10987) time=47.757837399s
[ Info: iter=3955 obj=1.420192947994008e6 pinf=0.0 (0) dinf=2.4858304997904675e15 (10987) time=47.805182301s
[ Info: iter=3956 obj=1.420192947994008e6 pinf=0.0 (0) dinf=2.576959912824378e15 (10990) time=47.866635303s
[ Info: iter=3957 obj=1.420192947994008e6 pinf=0.0 (0) dinf=2.576917855598797e15 (10989) time=47.918453105s
[ Info: iter=3958 obj=1.420192947994008e6 pinf=0.0 (0) dinf=2.758619309983568e15 (10992) time=47.967417707s
[ Info: iter=3959 obj=1.420192947994008e6 pinf=0.0 (0) dinf=2.758619309983568e15 (10991) time=48.017901809s
[ Info: iter=3960 obj=1.420192947994008e6 pinf=0.0 (0) dinf=2.622245889231575e15 (10996) time=48.069542311s
[ Info: iter=3961 obj=1.420192947994008e6 pinf=0.0 (0) dinf=2.59535001773663e15 (11003) time=48.123923813s
[ Info: iter=3962 obj=1.420192947994008e6 pinf=0.0 (0) dinf=2.5935256847950815e15 (11003) time=48.175421715s
[ Info: iter=3963 obj=1.420192947994008e6 pinf=0.0 (0) dinf=2.580212400438997e15 (10995) time=48.224067317s
[ Info: iter=3964 obj=1.420192947994008e6 pinf=0.0 (0) dinf=2.5348859828358645e15 (10996) time=48.273096619s
[ Info: iter=3965 obj=1.420192947994008e6 pinf=0.0 (0) dinf=2.534670567606349e15 (10995) time=48.325297721s
[ Info: iter=3966 obj=1.420192947994008e6 pinf=0.0 (0) dinf=2.498304322062195e15 (11000) time=48.376305323s
[ Info: iter=3967 obj=1.420192947994008e6 pinf=0.0 (0) dinf=2.5085772727238015e15 (11002) time=48.426862325s
[ Info: iter=3968 obj=1.420192947994008e6 pinf=0.0 (0) dinf=2.50430086641071e15 (11004) time=48.476267327s
[ Info: iter=3969 obj=1.420192947994008e6 pinf=0.0 (0) dinf=2.504337271211135e15 (11003) time=48.537575729s
[ Info: iter=3970 obj=1.420192947994008e6 pinf=0.0 (0) dinf=2.5042637555699695e15 (11003) time=48.592862432s
[ Info: iter=3971 obj=1.420192947994008e6 pinf=0.0 (0) dinf=2.5042342086596795e15 (11003) time=48.643626933s
[ Info: iter=3972 obj=1.420192947994008e6 pinf=0.0 (0) dinf=2.5042933024802565e15 (11002) time=48.696001736s
[ Info: iter=3973 obj=1.420192947994008e6 pinf=0.0 (0) dinf=2.5001568917048775e15 (11001) time=48.745069937s
[ Info: iter=3974 obj=1.420192947994008e6 pinf=0.0 (0) dinf=2.5049172535416015e15 (11002) time=48.794503139s
[ Info: iter=3975 obj=1.420192947994008e6 pinf=0.0 (0) dinf=2.5199882971800815e15 (10999) time=48.842466241s
[ Info: iter=3976 obj=1.420192947994008e6 pinf=0.0 (0) dinf=2.5174890528189875e15 (10999) time=48.893088443s
[ Info: iter=3977 obj=1.420192947994008e6 pinf=0.0 (0) dinf=2.5124905640967975e15 (10996) time=48.945079545s
[ Info: iter=3978 obj=1.420192947994008e6 pinf=0.0 (0) dinf=2.5432257237834045e15 (11016) time=48.998291047s
[ Info: iter=3979 obj=1.420192947994008e6 pinf=0.0 (0) dinf=2.5457550676380435e15 (11015) time=49.05626035s
[ Info: iter=3980 obj=1.420192947994008e6 pinf=0.0 (0) dinf=2.585705119620852e15 (11012) time=49.110196552s
[ Info: iter=3981 obj=1.420192947994008e6 pinf=0.0 (0) dinf=2.5751180237565935e15 (11013) time=49.159613454s
[ Info: iter=3982 obj=1.420192947994008e6 pinf=0.0 (0) dinf=2.5643558350398375e15 (11014) time=49.209552656s
[ Info: iter=3983 obj=1.420192947994008e6 pinf=0.0 (0) dinf=2.564428558196609e15 (11015) time=49.260354158s
[ Info: iter=3984 obj=1.420192947994008e6 pinf=0.0 (0) dinf=2.564250378775393e15 (11015) time=49.310181859s
[ Info: iter=3985 obj=1.420192947994008e6 pinf=0.0 (0) dinf=2.564172560493921e15 (11015) time=49.357393761s
[ Info: iter=3986 obj=1.420192947994008e6 pinf=0.0 (0) dinf=2.564328197056862e15 (11014) time=49.404897463s
[ Info: iter=3987 obj=1.420192947994008e6 pinf=0.0 (0) dinf=2.564353904956217e15 (11015) time=49.458000465s
[ Info: iter=3988 obj=1.420192947994008e6 pinf=0.0 (0) dinf=2.5643043420438945e15 (11015) time=49.508748767s
[ Info: iter=3989 obj=1.420192947994008e6 pinf=0.0 (0) dinf=2.5642848874735265e15 (11015) time=49.557164469s
[ Info: iter=3990 obj=1.420192947994008e6 pinf=0.0 (0) dinf=2.5534837892339935e15 (11015) time=49.614773671s
[ Info: iter=3991 obj=1.420192947994008e6 pinf=0.0 (0) dinf=2.5427410552786255e15 (11015) time=49.665270873s
[ Info: iter=3992 obj=1.420192947994008e6 pinf=0.0 (0) dinf=2.5321539594143675e15 (11016) time=49.715088375s
[ Info: iter=3993 obj=1.420192947994008e6 pinf=0.0 (0) dinf=2.5321744280630325e15 (11016) time=49.769325577s
[ Info: iter=3994 obj=1.420192947994008e6 pinf=0.0 (0) dinf=2.5321717537754185e15 (11016) time=49.824001679s
[ Info: iter=3995 obj=1.420192947994008e6 pinf=0.0 (0) dinf=2.532132844252641e15 (11015) time=49.875980582s
[ Info: iter=3996 obj=1.420192947994008e6 pinf=0.0 (0) dinf=2.532096842759239e15 (11015) time=49.926552283s
[ Info: iter=3997 obj=1.420192947994008e6 pinf=0.0 (0) dinf=2.5320190237136845e15 (11014) time=49.974389485s
[ Info: iter=3998 obj=1.420192947994008e6 pinf=0.0 (0) dinf=2.5319412046681305e15 (11015) time=50.024490483s
[ Info: iter=3999 obj=1.420192947994008e6 pinf=0.0 (0) dinf=2.531931477287436e15 (11014) time=50.074150682s
[ Info: iter=4000 obj=1.420192947994008e6 pinf=0.0 (0) dinf=2.5214484742004375e15 (11016) time=50.125589181s
[ Info: iter=4001 obj=1.420192947994008e6 pinf=0.0 (0) dinf=2.5215801692466925e15 (11016) time=50.17640248s
[ Info: iter=4002 obj=1.420192947994008e6 pinf=0.0 (0) dinf=2.5216586971002065e15 (11015) time=50.224926379s
[ Info: iter=4003 obj=1.420192947994008e6 pinf=0.0 (0) dinf=2.5214798617507435e15 (11015) time=50.273939278s
[ Info: iter=4004 obj=1.420192947994008e6 pinf=0.0 (0) dinf=2.523902764516077e15 (11014) time=50.325729977s
[ Info: iter=4005 obj=1.420192947994008e6 pinf=0.0 (0) dinf=2.529821688843238e15 (11015) time=50.379865075s
[ Info: iter=4006 obj=1.420192947994008e6 pinf=0.0 (0) dinf=2.529624549055184e15 (11012) time=50.429253174s
[ Info: iter=4007 obj=1.420192947994008e6 pinf=0.0 (0) dinf=2.5317005457447155e15 (11014) time=50.480453573s
[ Info: iter=4008 obj=1.420192947994008e6 pinf=0.0 (0) dinf=2.5312209898789105e15 (11011) time=50.537287172s
[ Info: iter=4009 obj=1.420192947994008e6 pinf=0.0 (0) dinf=2.5239805817530715e15 (11013) time=50.587111871s
[ Info: iter=4010 obj=1.420192947994008e6 pinf=0.0 (0) dinf=2.523744857661848e15 (11010) time=50.639069769s
[ Info: iter=4011 obj=1.420192947994008e6 pinf=0.0 (0) dinf=2.530757649375764e15 (11013) time=50.688386268s
[ Info: iter=4012 obj=1.420192947994008e6 pinf=0.0 (0) dinf=2.5279003209089455e15 (11012) time=50.739327167s
[ Info: iter=4013 obj=1.420192947994008e6 pinf=0.0 (0) dinf=2.5249355369230145e15 (11011) time=50.794341566s
[ Info: iter=4014 obj=1.420192947994008e6 pinf=0.0 (0) dinf=2.528185180296518e15 (11012) time=50.844308765s
[ Info: iter=4015 obj=1.420192947994008e6 pinf=0.0 (0) dinf=2.535406610015415e15 (11013) time=50.897049763s
[ Info: iter=4016 obj=1.420192947994008e6 pinf=0.0 (0) dinf=2.533601252585691e15 (11013) time=50.957298162s
[ Info: iter=4017 obj=1.420192947994008e6 pinf=0.0 (0) dinf=2.52999053772624e15 (11010) time=51.007272261s
[ Info: iter=4018 obj=1.420192947994008e6 pinf=0.0 (0) dinf=2.531220989879214e15 (11024) time=51.06207776s
[ Info: iter=4019 obj=1.420192947994008e6 pinf=0.0 (0) dinf=2.5280073379667655e15 (11034) time=51.112779759s
[ Info: iter=4020 obj=1.420192947994008e6 pinf=0.0 (0) dinf=2.527632933344296e15 (11036) time=51.160166757s
[ Info: iter=4021 obj=1.420192947994008e6 pinf=0.0 (0) dinf=2.528504296315641e15 (11033) time=51.209996256s
[ Info: iter=4022 obj=1.420192947994008e6 pinf=0.0 (0) dinf=2.528439129867766e15 (11028) time=51.257537355s
[ Info: iter=4023 obj=1.420192947994008e6 pinf=0.0 (0) dinf=2.5292546119983375e15 (11031) time=51.305493354s
[ Info: iter=4024 obj=1.420192947994008e6 pinf=0.0 (0) dinf=2.532751482566362e15 (11028) time=51.372433753s
[ Info: iter=4025 obj=1.420192947994008e6 pinf=0.0 (0) dinf=2.529365444843969e15 (11029) time=51.418223152s
[ Info: iter=4026 obj=1.420192947994008e6 pinf=0.0 (0) dinf=2.5627315278427195e15 (11031) time=51.46772855s
[ Info: iter=4027 obj=1.420192947994008e6 pinf=0.0 (0) dinf=2.575168405473574e15 (11048) time=51.517492049s
[ Info: iter=4028 obj=1.420192947994008e6 pinf=0.0 (0) dinf=2.574309230105048e15 (11046) time=51.569127448s
[ Info: iter=4029 obj=1.420192947994008e6 pinf=0.0 (0) dinf=2.5960340929948835e15 (11049) time=51.622895047s
[ Info: iter=4030 obj=1.420192947994008e6 pinf=0.0 (0) dinf=2.5897754510922555e15 (11051) time=51.672350546s
[ Info: iter=4031 obj=1.420192947994008e6 pinf=0.0 (0) dinf=2.6094199734798675e15 (11052) time=51.730520244s
[ Info: iter=4032 obj=1.420192947994008e6 pinf=0.0 (0) dinf=2.594686581689156e15 (11048) time=51.780229943s
[ Info: iter=4033 obj=1.420192947994008e6 pinf=0.0 (0) dinf=2.5872344761799285e15 (11052) time=51.829598742s
[ Info: iter=4034 obj=1.420192947994008e6 pinf=0.0 (0) dinf=2.578112395345015e15 (11051) time=51.879019041s
[ Info: iter=4035 obj=1.420192947994008e6 pinf=0.0 (0) dinf=2.578112395345015e15 (11050) time=51.92758564s
[ Info: iter=4036 obj=1.420192947994008e6 pinf=0.0 (0) dinf=2.5938688893105695e15 (11051) time=51.992940838s
[ Info: iter=4037 obj=1.420192947994008e6 pinf=0.0 (0) dinf=2.588616724655385e15 (11051) time=52.038518137s
[ Info: iter=4038 obj=1.420192947994008e6 pinf=0.0 (0) dinf=2.5833645600002005e15 (11051) time=52.089091236s
[ Info: iter=4039 obj=1.420192947994008e6 pinf=0.0 (0) dinf=2.5685436993400835e15 (11068) time=52.139530535s
[ Info: iter=4040 obj=1.420192947994008e6 pinf=0.0 (0) dinf=2.558412147574316e15 (11055) time=52.187650534s
[ Info: iter=4041 obj=1.420192947994008e6 pinf=0.0 (0) dinf=2.563679339506727e15 (11054) time=52.235655233s
[ Info: iter=4042 obj=1.420192947994008e6 pinf=0.0 (0) dinf=2.561480081237006e15 (11056) time=52.283137332s
[ Info: iter=4043 obj=1.420192947994008e6 pinf=0.0 (0) dinf=2.5592808229672855e15 (11058) time=52.334591631s
[ Info: iter=4044 obj=1.420192947994008e6 pinf=0.0 (0) dinf=2.55919162646532e15 (11058) time=52.38305453s
[ Info: iter=4045 obj=1.420192947994008e6 pinf=0.0 (0) dinf=2.559046847233151e15 (11057) time=52.434833928s
[ Info: iter=4046 obj=1.420192947994008e6 pinf=0.0 (0) dinf=2.5589020680009825e15 (11060) time=52.488721427s
[ Info: iter=4047 obj=1.420192947994008e6 pinf=0.0 (0) dinf=2.558804931108985e15 (11060) time=52.550350526s
[ Info: iter=4048 obj=1.420192947994008e6 pinf=0.0 (0) dinf=2.5586601518768165e15 (11059) time=52.600709925s
[ Info: iter=4049 obj=1.420192947994008e6 pinf=0.0 (0) dinf=2.558515372644648e15 (11062) time=52.650736823s
[ Info: iter=4050 obj=1.420192947994008e6 pinf=0.0 (0) dinf=2.5556471295360215e15 (11057) time=52.699847722s
[ Info: iter=4051 obj=1.420192947994008e6 pinf=0.0 (0) dinf=2.5555177889533925e15 (11056) time=52.748526221s
[ Info: iter=4052 obj=1.420192947994008e6 pinf=0.0 (0) dinf=2.5555091979977985e15 (11055) time=52.80346952s
[ Info: iter=4054 obj=1.420192947994008e6 pinf=0.0 (0) dinf=2.5553810279324905e15 (11057) time=52.852667819s
[ Info: iter=4055 obj=1.420192947994008e6 pinf=0.0 (0) dinf=2.555319932376471e15 (11057) time=52.898885018s
[ Info: iter=4056 obj=1.420192947994008e6 pinf=0.0 (0) dinf=2.572091304268284e15 (11062) time=52.949928117s
[ Info: iter=4057 obj=1.420192947994008e6 pinf=0.0 (0) dinf=2.574879370232222e15 (11049) time=53.002375615s
[ Info: iter=4058 obj=1.420192947994008e6 pinf=0.0 (0) dinf=2.5721522026150005e15 (11048) time=53.055013014s
[ Info: iter=4059 obj=1.420192947994008e6 pinf=0.0 (0) dinf=2.6315975158405925e15 (11069) time=53.107268913s
[ Info: iter=4060 obj=1.420192947994008e6 pinf=0.0 (0) dinf=2.56577911574274e15 (11067) time=53.156542312s
[ Info: iter=4062 obj=1.420192947994008e6 pinf=0.0 (0) dinf=3.248660635070899e15 (11061) time=53.22015881s
[ Info: iter=4063 obj=1.420192947994008e6 pinf=0.0 (0) dinf=3.248257621636386e15 (11061) time=53.272057409s
[ Info: iter=4064 obj=1.420192947994008e6 pinf=0.0 (0) dinf=3.248647442191916e15 (11062) time=53.323074608s
[ Info: iter=4065 obj=1.420192947994008e6 pinf=0.0 (0) dinf=3.248922306742584e15 (11061) time=53.375066107s
[ Info: iter=4066 obj=1.420192947994008e6 pinf=0.0 (0) dinf=3.2484591283536425e15 (11061) time=53.428270306s
[ Info: iter=4067 obj=1.420192947994008e6 pinf=0.0 (0) dinf=3.2481276814512165e15 (11060) time=53.485799904s
[ Info: iter=4068 obj=1.420192947994008e6 pinf=0.0 (0) dinf=3.2483396789271335e15 (11061) time=53.536750103s
[ Info: iter=4069 obj=1.420192947994008e6 pinf=0.0 (0) dinf=3.2482190032033835e15 (11060) time=53.590201202s
[ Info: iter=4070 obj=1.420192947994008e6 pinf=0.0 (0) dinf=3.24845246841431e15 (11060) time=53.643521901s
[ Info: iter=4071 obj=1.420192947994008e6 pinf=0.0 (0) dinf=3.2480570156259175e15 (11059) time=53.697649799s
[ Info: iter=4072 obj=1.420192947994008e6 pinf=0.0 (0) dinf=2.658805486182854e15 (11069) time=53.753242198s
[ Info: iter=4073 obj=1.420192947994008e6 pinf=0.0 (0) dinf=2.657830077609441e15 (11073) time=53.809828297s
[ Info: iter=4074 obj=1.420192947994008e6 pinf=0.0 (0) dinf=2.6570963297723335e15 (11062) time=53.859756596s
[ Info: iter=4075 obj=1.420192947994008e6 pinf=0.0 (0) dinf=2.6774325597077455e15 (11068) time=53.911507795s
[ Info: iter=4076 obj=1.420192947994008e6 pinf=0.0 (0) dinf=2.904177817671593e15 (11080) time=53.963194893s
[ Info: iter=4077 obj=1.420192947994008e6 pinf=0.0 (0) dinf=2.867129118163786e15 (11081) time=54.012523592s
[ Info: iter=4078 obj=1.420192947994008e6 pinf=0.0 (0) dinf=2.6501188238490465e15 (11064) time=54.067227891s
[ Info: iter=4079 obj=1.420192947994008e6 pinf=0.0 (0) dinf=2.6501188238490465e15 (11063) time=54.12378989s
[ Info: iter=4080 obj=1.420192947994008e6 pinf=0.0 (0) dinf=2.6501188238490465e15 (11062) time=54.172767689s
[ Info: iter=4081 obj=1.420192947994008e6 pinf=0.0 (0) dinf=2.6498433690559855e15 (11061) time=54.227795787s
[ Info: iter=4082 obj=1.420192947994008e6 pinf=0.0 (0) dinf=2.634447830863988e15 (11061) time=54.275693386s
[ Info: iter=4083 obj=1.420192947994008e6 pinf=0.0 (0) dinf=2.6357729416337975e15 (11062) time=54.326883485s
[ Info: iter=4084 obj=1.420192947994008e6 pinf=0.0 (0) dinf=2.6352076204963535e15 (11060) time=54.378680484s
[ Info: iter=4085 obj=1.420192947994008e6 pinf=0.0 (0) dinf=2.7929629681069205e15 (11081) time=54.429968183s
[ Info: iter=4086 obj=1.420192947994008e6 pinf=0.0 (0) dinf=2.792637545405879e15 (11078) time=54.480171682s
[ Info: iter=4087 obj=1.420192947994008e6 pinf=0.0 (0) dinf=2.7924284935729095e15 (11076) time=54.53417158s
[ Info: iter=4088 obj=1.420192947994008e6 pinf=0.0 (0) dinf=2.86672316779715e15 (11074) time=54.586484479s
[ Info: iter=4089 obj=1.420192947994008e6 pinf=0.0 (0) dinf=2.874718420179935e15 (11073) time=54.640454278s
[ Info: iter=4090 obj=1.420192947994008e6 pinf=0.0 (0) dinf=2.8612982442809865e15 (11080) time=54.693785277s
[ Info: iter=4091 obj=1.420192947994008e6 pinf=0.0 (0) dinf=2.859413559980392e15 (11080) time=54.746131475s
[ Info: iter=4092 obj=1.420192947994008e6 pinf=0.0 (0) dinf=2.8547476123250495e15 (11080) time=54.800321674s
[ Info: iter=4093 obj=1.420192947994008e6 pinf=0.0 (0) dinf=2.850155518736853e15 (11080) time=54.853392173s
[ Info: iter=4094 obj=1.420192947994008e6 pinf=0.0 (0) dinf=2.845474556885691e15 (11080) time=54.909827672s
[ Info: iter=4095 obj=1.420192947994008e6 pinf=0.0 (0) dinf=2.8448243792435015e15 (11080) time=54.961713571s
[ Info: iter=4096 obj=1.420192947994008e6 pinf=0.0 (0) dinf=2.8292136566803785e15 (11080) time=55.015409069s
[ Info: iter=4097 obj=1.420192947994008e6 pinf=0.0 (0) dinf=2.840664125163774e15 (11080) time=55.078999868s
[ Info: iter=4098 obj=1.420192947994008e6 pinf=0.0 (0) dinf=2.840664125163774e15 (11079) time=55.130974267s
[ Info: iter=4099 obj=1.420192947994008e6 pinf=0.0 (0) dinf=2.8280563038389165e15 (11079) time=55.189180365s
[ Info: iter=4100 obj=1.420192947994008e6 pinf=0.0 (0) dinf=2.83579209653812e15 (11079) time=55.241412164s
[ Info: iter=4101 obj=1.420192947994008e6 pinf=0.0 (0) dinf=2.830920067912466e15 (11078) time=55.291968263s
[ Info: iter=4102 obj=1.420192947994008e6 pinf=0.0 (0) dinf=2.8308445673284885e15 (11078) time=55.352663562s
[ Info: iter=4103 obj=1.420192947994008e6 pinf=0.0 (0) dinf=2.8260172408349435e15 (11077) time=55.40246016s
[ Info: iter=4104 obj=1.420192947994008e6 pinf=0.0 (0) dinf=2.826048039286812e15 (11076) time=55.453724359s
[ Info: iter=4105 obj=1.420192947994008e6 pinf=0.0 (0) dinf=2.826048039286812e15 (11076) time=55.506096758s
[ Info: iter=4106 obj=1.420192947994008e6 pinf=0.0 (0) dinf=2.6045047722703785e15 (11080) time=55.562797257s
[ Info: iter=4107 obj=1.420192947994008e6 pinf=0.0 (0) dinf=2.93799199763106e15 (11098) time=55.614884656s
[ Info: iter=4108 obj=1.420192947994008e6 pinf=0.0 (0) dinf=2.937985847741093e15 (11098) time=55.669564954s
[ Info: iter=4109 obj=1.420192947994008e6 pinf=0.0 (0) dinf=2.937964090971618e15 (11097) time=55.725075153s
[ Info: iter=4110 obj=1.420192947994008e6 pinf=0.0 (0) dinf=2.937942334202143e15 (11098) time=55.772944052s
[ Info: iter=4111 obj=1.420192947994008e6 pinf=0.0 (0) dinf=2.937936184312176e15 (11097) time=55.823307651s
[ Info: iter=4112 obj=1.420192947994008e6 pinf=0.0 (0) dinf=2.915007095495348e15 (11095) time=55.87244105s
[ Info: iter=4113 obj=1.420192947994008e6 pinf=0.0 (0) dinf=2.91522635444233e15 (11096) time=55.921043449s
[ Info: iter=4114 obj=1.420192947994008e6 pinf=0.0 (0) dinf=2.905112355848609e15 (11095) time=55.973697447s
[ Info: iter=4115 obj=1.420192947994008e6 pinf=0.0 (0) dinf=2.905300292088869e15 (11096) time=56.020575246s
[ Info: iter=4116 obj=1.420192947994008e6 pinf=0.0 (0) dinf=2.895155141950814e15 (11095) time=56.071466645s
[ Info: iter=4117 obj=1.420192947994008e6 pinf=0.0 (0) dinf=2.8863740245195045e15 (11090) time=56.125146144s
[ Info: iter=4118 obj=1.420192947994008e6 pinf=0.0 (0) dinf=2.9062579836113635e15 (11089) time=56.174444443s
[ Info: iter=4119 obj=1.420192947994008e6 pinf=0.0 (0) dinf=2.990621645887181e15 (11087) time=56.222554742s
[ Info: iter=4120 obj=1.420192947994008e6 pinf=0.0 (0) dinf=2.962346196317673e15 (11106) time=56.27479394s
[ Info: iter=4121 obj=1.420192947994008e6 pinf=0.0 (0) dinf=2.9686996011977185e15 (11105) time=56.325356239s
[ Info: iter=4122 obj=1.420192947994008e6 pinf=0.0 (0) dinf=2.930878811554428e15 (11102) time=56.376212038s
[ Info: iter=4123 obj=1.420192947994008e6 pinf=0.0 (0) dinf=2.9197720399523005e15 (11103) time=56.428443137s
[ Info: iter=4124 obj=1.420192947994008e6 pinf=0.0 (0) dinf=2.8819512503090095e15 (11100) time=56.479382236s
[ Info: iter=4125 obj=1.420192947994008e6 pinf=0.0 (0) dinf=2.8441304606657195e15 (11098) time=56.527803035s
[ Info: iter=4126 obj=1.420192947994008e6 pinf=0.0 (0) dinf=2.806309671022429e15 (11094) time=56.579196934s
[ Info: iter=4127 obj=1.420192947994008e6 pinf=0.0 (0) dinf=2.7951686900930235e15 (11094) time=56.629588632s
[ Info: iter=4128 obj=1.420192947994008e6 pinf=0.0 (0) dinf=2.7573479004497535e15 (11091) time=56.680110631s
[ Info: iter=4129 obj=1.420192947994008e6 pinf=0.0 (0) dinf=3.2285552249451855e15 (11103) time=56.73175973s
[ Info: iter=4130 obj=1.420192947994008e6 pinf=0.0 (0) dinf=3.2494351767711705e15 (11112) time=56.789748429s
[ Info: iter=4131 obj=1.420192947994008e6 pinf=0.0 (0) dinf=3.2677593538529595e15 (11105) time=56.838522128s
[ Info: iter=4132 obj=1.420192947994008e6 pinf=0.0 (0) dinf=2.9118786456213075e15 (11097) time=56.897486026s
[ Info: iter=4133 obj=1.420192947994008e6 pinf=0.0 (0) dinf=2.922601846281869e15 (11098) time=56.948229825s
[ Info: iter=4134 obj=1.420192947994008e6 pinf=0.0 (0) dinf=3.1557479137164415e15 (11103) time=57.006706524s
[ Info: Restarting simplex on original LP after NUMERICAL_ERROR: SingularException: matrix is singular; factorization failed. Zero pivot found at index 0; completed iterations=4135
[ Info: iter=4135 obj=2.793025071873255e6 pinf=0.0 (0) dinf=12380.398223383017 (12075) time=57.102188622s
[ Info: iter=4215 obj=2.809548907316631e6 pinf=0.0 (0) dinf=12318.757617160018 (12042) time=57.362742916s
[ Info: iter=4295 obj=2.809548912026339e6 pinf=0.0 (0) dinf=21495.243656724637 (11996) time=57.59659281s
[ Info: iter=4375 obj=2.811367391457306e6 pinf=0.0 (0) dinf=51639.067471567076 (12038) time=57.842127405s
[ Info: iter=4455 obj=2.8415782314132135e6 pinf=0.0 (0) dinf=40760.31175668435 (12035) time=58.158748706s
[ Info: iter=4536 obj=2.863268395953767e6 pinf=0.0 (0) dinf=35566.7805486983 (12022) time=58.404136412s
[ Info: iter=4616 obj=2.8695603600357496e6 pinf=0.0 (0) dinf=34122.01904069137 (12083) time=58.667892819s
[ Info: iter=4696 obj=2.8699056073967954e6 pinf=0.0 (0) dinf=22254.329885156865 (12144) time=58.905085425s
[ Info: iter=4776 obj=2.8707391281752125e6 pinf=0.0 (0) dinf=67093.09040575523 (12173) time=59.155432131s
[ Info: iter=4856 obj=2.8707391281752125e6 pinf=0.0 (0) dinf=89773.57910949888 (12178) time=59.406040338s
[ Info: iter=4936 obj=2.875807039347775e6 pinf=0.0 (0) dinf=150520.6057872153 (12176) time=59.646279844s
[ Info: iter=5016 obj=2.875807039347775e6 pinf=0.0 (0) dinf=2.03826852407411e7 (12121) time=59.89518595s
[ Info: iter=5096 obj=2.875807039347775e6 pinf=0.0 (0) dinf=5.324763681113827e7 (12039) time=60.164056757s
[ Info: iter=5176 obj=2.875807039347775e6 pinf=0.0 (0) dinf=5.457011831198265e7 (12061) time=60.417246663s
[ Info: iter=5256 obj=2.875807039347775e6 pinf=0.0 (0) dinf=6.4353090753300704e7 (11979) time=60.68275267s
[ Info: iter=5336 obj=2.875807039347775e6 pinf=0.0 (0) dinf=7.512348694236867e7 (12093) time=60.963183977s
[ Info: iter=5416 obj=2.875807039347775e6 pinf=0.0 (0) dinf=1.063126327067901e8 (12183) time=61.211768083s
[ Info: iter=5496 obj=2.875807689398996e6 pinf=0.0 (0) dinf=6.83767149887639e7 (12132) time=61.546595392s
[ Info: iter=5576 obj=2.875807714539796e6 pinf=0.0 (0) dinf=6.788666564261994e7 (12149) time=61.815932098s
[ Info: iter=5656 obj=2.875807714539796e6 pinf=0.0 (0) dinf=6.814069335991348e7 (12135) time=62.091519605s
[ Info: iter=5736 obj=2.875807714539796e6 pinf=0.0 (0) dinf=6.813175895518675e7 (12116) time=62.363250212s
[ Info: iter=5816 obj=2.875807714539796e6 pinf=0.0 (0) dinf=6.6991696738784805e7 (12174) time=62.65325582s
[ Info: iter=5896 obj=2.875807714539796e6 pinf=0.0 (0) dinf=6.796968252994896e7 (12273) time=62.913491026s
[ Info: iter=5976 obj=2.875807714539796e6 pinf=0.0 (0) dinf=6.768290617544205e7 (12254) time=63.175204233s
[ Info: iter=6056 obj=2.875807714539796e6 pinf=0.0 (0) dinf=6.904231174893513e7 (12420) time=63.46233554s
[ Info: iter=6136 obj=2.875807714539796e6 pinf=0.0 (0) dinf=7.71473095315179e7 (12375) time=63.760887247s
[ Info: iter=6216 obj=2.875807714539796e6 pinf=0.0 (0) dinf=7.734015952978766e7 (12406) time=64.034679554s
[ Info: iter=6296 obj=2.875807714539796e6 pinf=0.0 (0) dinf=7.723433045556705e7 (12399) time=64.310851761s
[ Info: iter=6376 obj=2.875807714539796e6 pinf=0.0 (0) dinf=7.720516348462433e7 (12389) time=64.614470669s
[ Info: iter=6456 obj=2.875807714539796e6 pinf=0.0 (0) dinf=7.720451305401967e7 (12389) time=64.895743076s
[ Info: iter=6536 obj=2.875807714539796e6 pinf=0.0 (0) dinf=7.748052059740017e7 (12433) time=65.167943083s
[ Info: iter=6616 obj=2.875807714539796e6 pinf=0.0 (0) dinf=7.222254430499633e7 (12242) time=65.480673291s
[ Info: iter=6696 obj=2.875807714539796e6 pinf=0.0 (0) dinf=7.06517609986085e7 (12323) time=65.771602698s
[ Info: iter=6776 obj=2.875807714539796e6 pinf=0.0 (0) dinf=7.659070864568636e7 (12434) time=66.046973903s
[ Info: iter=6856 obj=2.875807714539796e6 pinf=0.0 (0) dinf=7.387296304362923e7 (12406) time=66.342367501s
[ Info: iter=6936 obj=2.875807714539796e6 pinf=0.0 (0) dinf=6.929252646351212e7 (12493) time=66.639836698s
[ Info: iter=7016 obj=2.875807714539796e6 pinf=0.0 (0) dinf=7.209771672943182e7 (12405) time=66.943292796s
[ Info: iter=7096 obj=2.875807714539796e6 pinf=0.0 (0) dinf=6.98911737797028e7 (12512) time=67.239286893s
[ Info: iter=7176 obj=2.875807714539796e6 pinf=0.0 (0) dinf=1.1672877491056505e8 (12501) time=67.556764691s
[ Info: iter=7256 obj=2.875807847368249e6 pinf=0.0 (0) dinf=1.1687992662196375e8 (12498) time=67.860436888s
[ Info: iter=7336 obj=2.8758078843363784e6 pinf=0.0 (0) dinf=1.2268512643207262e8 (12541) time=68.154864286s
[ Info: iter=7416 obj=2.875807884336379e6 pinf=0.0 (0) dinf=7.331674076597928e7 (12519) time=68.445602483s
[ Info: iter=7496 obj=2.875807884336379e6 pinf=0.0 (0) dinf=9.081973750696364e7 (12614) time=68.748443181s
[ Info: iter=7576 obj=2.8758078843363794e6 pinf=0.0 (0) dinf=1.6033629061832294e8 (12677) time=69.078379878s
[ Info: iter=7656 obj=2.8758078843363794e6 pinf=0.0 (0) dinf=7.472605693442829e7 (12847) time=69.391427076s
[ Info: iter=7736 obj=2.8758078843363808e6 pinf=0.0 (0) dinf=1.744026376805736e8 (12712) time=69.699867873s
[ Info: iter=7816 obj=2.8758078843364734e6 pinf=0.0 (0) dinf=1.4060663774514255e8 (12817) time=69.995598171s
[ Info: iter=7896 obj=2.8758081625592234e6 pinf=0.0 (0) dinf=5.641865562132958e8 (12802) time=70.384571867s
[ Info: iter=7976 obj=2.8758081625592234e6 pinf=0.0 (0) dinf=3.393447650751469e9 (12836) time=71.573573758s
[ Info: iter=8056 obj=2.8758081625592234e6 pinf=0.0 (0) dinf=1.7034607785142744e9 (12784) time=72.203259653s
[ Info: iter=8136 obj=2.8758081625592234e6 pinf=0.0 (0) dinf=3.832626319387377e9 (12820) time=73.300391744s
[ Info: iter=8216 obj=2.8758081625592234e6 pinf=0.0 (0) dinf=4.546584416074263e9 (12822) time=73.67949364s
[ Info: iter=8296 obj=2.8758081625592234e6 pinf=0.0 (0) dinf=4.551703846089178e9 (12802) time=74.017519237s
[ Info: iter=8376 obj=2.8758081625592234e6 pinf=0.0 (0) dinf=4.56417033557142e9 (12786) time=74.404948125s
[ Info: iter=8456 obj=2.8758081625592234e6 pinf=0.0 (0) dinf=5.884098429165667e9 (12819) time=75.107316503s
[ Info: iter=8536 obj=2.8758081625699056e6 pinf=0.0 (0) dinf=4.871381888658686e9 (12730) time=75.494815491s
[ Info: iter=8616 obj=2.875808162605537e6 pinf=0.0 (0) dinf=4.871940462824808e9 (12660) time=75.84130698s
[ Info: iter=8696 obj=2.875808162605619e6 pinf=0.0 (0) dinf=4.872243814200675e9 (12668) time=76.201343568s
[ Info: iter=8776 obj=2.875808162605636e6 pinf=0.0 (0) dinf=4.872358978666354e9 (12631) time=76.518296758s
[ Info: iter=8856 obj=2.8758081626056386e6 pinf=0.0 (0) dinf=4.87231316633473e9 (12598) time=76.845483748s
[ Info: iter=8936 obj=2.8758081626056493e6 pinf=0.0 (0) dinf=4.8726344032200985e9 (12569) time=77.178032938s
[ Info: iter=9016 obj=2.8758081626056493e6 pinf=0.0 (0) dinf=4.872611051378066e9 (12581) time=77.511592227s
[ Info: iter=9096 obj=2.8758081626056638e6 pinf=0.0 (0) dinf=4.873090362699784e9 (12588) time=77.817861717s
[ Info: iter=9176 obj=2.875808162605671e6 pinf=0.0 (0) dinf=4.873971381761115e9 (12625) time=78.139305307s
[ Info: iter=9256 obj=2.875808162605671e6 pinf=0.0 (0) dinf=4.872861304134731e9 (12603) time=78.472530897s
[ Info: iter=9336 obj=2.8758081626061145e6 pinf=0.0 (0) dinf=4.8731428287179575e9 (12593) time=78.808441886s
[ Info: iter=9416 obj=2.875808162610203e6 pinf=0.0 (0) dinf=4.874469994954657e9 (12543) time=79.130564876s
[ Info: iter=9496 obj=2.875808162610204e6 pinf=0.0 (0) dinf=4.873378087533961e9 (12670) time=79.457890266s
[ Info: iter=9576 obj=2.875808162610206e6 pinf=0.0 (0) dinf=4.873674424265816e9 (12704) time=79.795406555s
[ Info: iter=9656 obj=2.875808162610206e6 pinf=0.0 (0) dinf=4.873690252639961e9 (12629) time=80.132120245s
[ Info: iter=9736 obj=2.875808162610226e6 pinf=0.0 (0) dinf=4.86929172405004e9 (12621) time=80.472949734s
[ Info: iter=9816 obj=2.875808162610226e6 pinf=0.0 (0) dinf=4.969831317607425e9 (12606) time=80.827439023s
[ Info: iter=9896 obj=2.8758081626102296e6 pinf=0.0 (0) dinf=4.945596131698382e9 (12632) time=81.189026311s
[ Info: iter=9976 obj=2.8758081626102296e6 pinf=0.0 (0) dinf=5.000772155507306e9 (12587) time=81.5427645s
[ Info: iter=10056 obj=2.875808162610243e6 pinf=0.0 (0) dinf=5.75390002273064e9 (12643) time=81.961005387s
[ Info: iter=10136 obj=2.875808162610244e6 pinf=0.0 (0) dinf=5.754047514334091e9 (12624) time=82.374597185s
[ Info: iter=10216 obj=2.875808162610244e6 pinf=0.0 (0) dinf=5.754278699172372e9 (12637) time=83.195018384s
[ Info: iter=10296 obj=2.875808162610244e6 pinf=0.0 (0) dinf=5.753924537308521e9 (12690) time=84.003775682s
[ Info: iter=10376 obj=2.875808162610244e6 pinf=0.0 (0) dinf=5.757938551297051e9 (12673) time=84.819423281s
[ Info: iter=10456 obj=2.875808162610244e6 pinf=0.0 (0) dinf=5.75833138061049e9 (12659) time=85.62828018s
[ Info: iter=10536 obj=2.8758081626102445e6 pinf=0.0 (0) dinf=6.72218912138385e9 (12574) time=86.583883179s
[ Info: iter=10616 obj=2.8758081626102445e6 pinf=0.0 (0) dinf=6.739594139419706e9 (12547) time=88.323150976s
[ Info: iter=10696 obj=2.8758081626102445e6 pinf=0.0 (0) dinf=6.9592143954484825e9 (12530) time=89.525743275s
[ Info: iter=10776 obj=2.8758081626102445e6 pinf=0.0 (0) dinf=6.7738016599329405e9 (12482) time=91.162213666s
[ Info: iter=10856 obj=2.8758081626102445e6 pinf=0.0 (0) dinf=7.275815785540792e9 (12500) time=92.358533457s
[ Info: iter=10936 obj=2.875808162610245e6 pinf=0.0 (0) dinf=9.601392052738815e9 (12618) time=93.785819546s
[ Info: iter=11016 obj=2.875808162610245e6 pinf=0.0 (0) dinf=1.043178206535993e10 (12622) time=94.281418842s
[ Info: iter=11096 obj=2.875808162610245e6 pinf=0.0 (0) dinf=1.0256824288543867e10 (12645) time=96.083811829s
[ Info: iter=11176 obj=2.875808162610245e6 pinf=0.0 (0) dinf=8.496793633674522e9 (12612) time=97.951760115s
[ Info: iter=11256 obj=2.875808162610245e6 pinf=0.0 (0) dinf=2.5362768024149708e10 (12643) time=99.020161742s
[ Info: iter=11336 obj=2.875808162610245e6 pinf=0.0 (0) dinf=2.475635181494249e10 (12620) time=99.414336752s
[ Info: iter=11416 obj=2.875808162610245e6 pinf=0.0 (0) dinf=2.4984013958173683e10 (12644) time=100.123471572s
[ Info: iter=11496 obj=2.875808162610245e6 pinf=0.0 (0) dinf=2.49984531057221e10 (12587) time=100.493404182s
[ Info: iter=11576 obj=2.875808162610245e6 pinf=0.0 (0) dinf=2.540713849391212e10 (12691) time=100.905252994s
[ Info: iter=11656 obj=2.875808162610245e6 pinf=0.0 (0) dinf=2.539881786562679e10 (12728) time=101.313055405s
[ Info: iter=11736 obj=2.875808162610245e6 pinf=0.0 (0) dinf=2.5037247788777443e10 (12710) time=101.722130116s
[ Info: iter=11816 obj=2.875808162610245e6 pinf=0.0 (0) dinf=2.522544550904334e10 (12717) time=102.117092327s
[ Info: iter=11896 obj=2.875808162610245e6 pinf=0.0 (0) dinf=2.6181620866169018e10 (12705) time=102.927993849s
[ Info: iter=11976 obj=2.875808162610245e6 pinf=1.0000000000000054e-7 (1) dinf=4.207953719677604e10 (12762) time=104.259799386s
[ Info: iter=12056 obj=2.875808162610245e6 pinf=1.0000000000000054e-7 (1) dinf=4.227824648912621e10 (12751) time=105.051824408s
[ Info: iter=12136 obj=2.875808162610245e6 pinf=0.0 (0) dinf=4.221610892974453e10 (12596) time=105.84266003s
[ Info: iter=12216 obj=2.875808162610245e6 pinf=1.0000000000018675e-7 (1) dinf=4.254442090589781e10 (12780) time=106.284495819s
[ Info: iter=12296 obj=2.875808162610245e6 pinf=1.0000000000023171e-7 (1) dinf=4.2838563549051155e10 (12694) time=107.329773743s
[ Info: iter=12376 obj=2.875808162610245e6 pinf=1.0000000000023171e-7 (1) dinf=4.437829319323832e10 (12710) time=108.443649162s
[ Info: iter=12456 obj=2.875808162610245e6 pinf=1.0000000000023171e-7 (1) dinf=4.466784992834353e10 (12718) time=109.327678498s
[ Info: iter=12536 obj=2.875808162610245e6 pinf=1.0000000000023244e-7 (1) dinf=5.374520672646375e10 (12684) time=110.53976791s
[ Info: iter=12616 obj=2.875808162610245e6 pinf=0.0 (0) dinf=4.265657062918646e10 (12613) time=111.463224142s
[ Info: iter=12696 obj=2.875808162610245e6 pinf=0.0 (0) dinf=4.267443516200448e10 (12691) time=112.272696084s
[ Info: iter=12776 obj=2.875808162610245e6 pinf=0.0 (0) dinf=4.26501445842152e10 (12690) time=113.454899798s
[ Info: iter=12856 obj=2.875808162610245e6 pinf=0.0 (0) dinf=2.0146336027162628e11 (12610) time=114.427596727s
[ Info: iter=12936 obj=2.875808162610245e6 pinf=0.0 (0) dinf=5.714766757556845e10 (12732) time=116.377941037s
[ Info: iter=13016 obj=2.875808162610245e6 pinf=0.0 (0) dinf=2.844723133044092e10 (12660) time=117.157462762s
[ Info: iter=13096 obj=2.875808162610245e6 pinf=0.0 (0) dinf=2.2385108721825657e10 (12578) time=118.455975703s
[ Info: iter=13176 obj=2.875808162610245e6 pinf=1.0000000000001687e-7 (1) dinf=2.490095083337198e10 (12707) time=120.436528102s
[ Info: iter=13256 obj=2.875808162610245e6 pinf=0.0 (0) dinf=9.657125316703915e10 (12693) time=122.282907273s
[ Info: iter=13275 obj=2.875808162610245e6 pinf=0.0 (0) dinf=9.657127504879945e10 (12677) time=122.948158889s
[ Info: iter=13290 obj=2.875808162610245e6 pinf=0.0 (0) dinf=9.753987485821979e10 (12731) time=123.465922002s
[ Info: iter=13370 obj=2.875808162610245e6 pinf=0.0 (0) dinf=6.797489577973987e18 (12674) time=124.134579619s
[ Info: iter=13371 obj=2.875808162610245e6 pinf=0.0 (0) dinf=6.797489577973887e18 (12673) time=124.20059212s
[ Info: iter=13372 obj=2.875808162610245e6 pinf=0.0 (0) dinf=6.797489577973817e18 (12672) time=124.262346022s
[ Info: iter=13373 obj=2.875808162610245e6 pinf=0.0 (0) dinf=6.797489577973754e18 (12672) time=124.324735423s
[ Info: iter=13374 obj=2.875808162610245e6 pinf=0.0 (0) dinf=6.79748957797369e18 (12672) time=124.364986624s
[ Info: iter=13375 obj=2.875808162610245e6 pinf=0.0 (0) dinf=6.797489577968079e18 (12677) time=124.396219425s
[ Info: iter=13455 obj=2.875808162610245e6 pinf=0.0 (0) dinf=7.047797081919814e18 (12589) time=125.00687634s
[ Info: iter=13535 obj=2.875808162610245e6 pinf=0.0 (0) dinf=7.047797081916687e18 (12488) time=125.604349755s
[ Info: iter=13570 obj=2.875808162610244e6 pinf=0.0 (0) dinf=7.68594001011297e18 (12597) time=125.892932462s
[ Info: iter=13571 obj=2.875808162610245e6 pinf=1.0000000000001514e-7 (1) dinf=7.685940008932174e18 (12635) time=125.934027663s
[ Info: iter=13649 obj=2.875808162610245e6 pinf=0.0 (0) dinf=6.746593177312457e18 (12651) time=127.192038095s
[ Info: iter=13650 obj=2.875808162610245e6 pinf=0.0 (0) dinf=6.746593177312659e18 (12646) time=127.287453597s
[ Info: iter=13651 obj=2.875808162610245e6 pinf=0.0 (0) dinf=6.746593177312659e18 (12646) time=127.383056599s
[ Info: iter=13722 obj=2.875808162610245e6 pinf=0.0 (0) dinf=7.651390323606011e16 (12770) time=128.034394816s
[ Info: iter=13723 obj=2.875808162610245e6 pinf=0.0 (0) dinf=7.651391798138645e16 (12767) time=128.143514918s
[ Info: iter=13724 obj=2.875808162610245e6 pinf=0.0 (0) dinf=7.651391933374091e16 (12766) time=128.261149821s
[ Info: iter=13725 obj=2.875808162610245e6 pinf=0.0 (0) dinf=7.651391933947613e16 (12765) time=128.377178424s
[ Info: iter=13726 obj=2.875808162610245e6 pinf=0.0 (0) dinf=7.651391932852472e16 (12764) time=128.485105627s
[ Info: iter=13727 obj=2.875808162610245e6 pinf=0.0 (0) dinf=7.651391933609424e16 (12763) time=128.597631129s
[ Info: iter=13728 obj=2.875808162610245e6 pinf=0.0 (0) dinf=7.651391932330853e16 (12763) time=128.703985632s
[ Info: iter=13729 obj=2.875808162610245e6 pinf=0.0 (0) dinf=7.651391931809234e16 (12762) time=128.827136835s
[ Info: iter=13730 obj=2.875808162610245e6 pinf=0.0 (0) dinf=7.651391931282357e16 (12759) time=128.932786438s
[ Info: iter=13731 obj=2.875808162610245e6 pinf=0.0 (0) dinf=7.651391930760738e16 (12758) time=129.045490441s
[ Info: iter=13732 obj=2.875808162610245e6 pinf=0.0 (0) dinf=7.651391930239118e16 (12757) time=129.153027843s
[ Info: iter=13733 obj=2.875808162610245e6 pinf=0.0 (0) dinf=7.651391929717499e16 (12756) time=129.263393746s
[ Info: iter=13734 obj=2.875808162610245e6 pinf=0.0 (0) dinf=7.65139192919588e16 (12755) time=129.373729949s
[ Info: iter=13735 obj=2.875808162610245e6 pinf=0.0 (0) dinf=7.651391928674261e16 (12754) time=129.487116452s
[ Info: iter=13736 obj=2.875808162610245e6 pinf=1.0000000000000772e-7 (1) dinf=7.651391928671155e16 (12753) time=129.598545154s
[ Info: iter=13737 obj=2.875808162610245e6 pinf=0.0 (0) dinf=7.651391928668077e16 (12754) time=129.730536758s
[ Info: iter=13738 obj=2.875808162610245e6 pinf=0.0 (0) dinf=7.651391928664989e16 (12754) time=129.847626961s
[ Info: iter=13739 obj=2.875808162610245e6 pinf=1.0000000000000475e-7 (1) dinf=7.651391928661904e16 (12753) time=129.967660564s
[ Info: iter=13740 obj=2.875808162610245e6 pinf=1.0000000000000495e-7 (1) dinf=7.651391928657742e16 (12752) time=130.119395666s
[ Info: iter=13741 obj=2.875808162610245e6 pinf=1.0000000000000444e-7 (1) dinf=7.651391928645893e16 (12751) time=130.254524964s
[ Info: iter=13742 obj=2.875808162610245e6 pinf=1.0000000000000444e-7 (1) dinf=7.651391928634043e16 (12750) time=130.383488061s
[ Info: iter=13743 obj=2.875808162610245e6 pinf=1.0000000000000444e-7 (1) dinf=7.651391928634869e16 (12749) time=130.523980159s
[ Info: iter=13744 obj=2.875808162610245e6 pinf=1.0000000000000495e-7 (1) dinf=7.651391928635694e16 (12748) time=130.675172956s
[ Info: iter=13745 obj=2.875808162610245e6 pinf=1.0000000000000495e-7 (1) dinf=7.65139192863652e16 (12747) time=130.808386853s
[ Info: iter=13746 obj=2.875808162610245e6 pinf=1.0000000000000495e-7 (1) dinf=7.651391928645602e16 (12746) time=130.94990865s
[ Info: iter=13747 obj=2.875808162610245e6 pinf=1.0000000000000444e-7 (1) dinf=7.651391928671197e16 (12745) time=131.088174248s
[ Info: iter=13748 obj=2.875808162610245e6 pinf=1.0000000000000444e-7 (1) dinf=7.65139192872495e16 (12743) time=131.231018045s
[ Info: iter=13749 obj=2.875808162610245e6 pinf=1.0000000000000444e-7 (1) dinf=7.651391928717518e16 (12741) time=131.363259043s
[ Info: iter=13750 obj=2.875808162610245e6 pinf=1.0000000000000444e-7 (1) dinf=7.651391928718344e16 (12740) time=131.49903344s
[ Info: iter=13751 obj=2.875808162610245e6 pinf=1.0000000000000444e-7 (1) dinf=7.65139192871917e16 (12739) time=131.630583937s
[ Info: iter=13752 obj=2.875808162610245e6 pinf=1.0000000000000444e-7 (1) dinf=7.651391928719995e16 (12738) time=131.769896135s
[ Info: iter=13753 obj=2.875808162610245e6 pinf=1.0000000000000444e-7 (1) dinf=7.651391928729077e16 (12737) time=131.899923032s
[ Info: iter=13754 obj=2.875808162610245e6 pinf=1.0000000000000444e-7 (1) dinf=7.651391928754672e16 (12736) time=132.02979103s
[ Info: iter=13755 obj=2.875808162610245e6 pinf=1.0000000000000444e-7 (1) dinf=7.651391928750307e16 (12735) time=132.168473627s
[ Info: iter=13756 obj=2.875808162610245e6 pinf=1.0000000000000254e-7 (1) dinf=7.651391928740674e16 (12733) time=132.312084124s
[ Info: iter=13757 obj=2.875808162610245e6 pinf=1.0000000000000432e-7 (1) dinf=7.65139192873104e16 (12731) time=132.459758022s
[ Info: iter=13758 obj=2.875808162610245e6 pinf=1.0000000000001013e-7 (1) dinf=7.651391928699923e16 (12703) time=132.607644019s
[ Info: iter=13759 obj=2.875808162610245e6 pinf=1.0000000000001013e-7 (1) dinf=7.651391928741592e16 (12715) time=132.750856116s
[ Info: iter=13760 obj=2.875808162610245e6 pinf=1.0000000000001013e-7 (1) dinf=7.651391928739677e16 (12714) time=132.900067013s
[ Info: iter=13761 obj=2.875808162610245e6 pinf=1.0000000000001013e-7 (1) dinf=7.651391928739005e16 (12715) time=133.04835261s
[ Info: iter=13762 obj=2.875808162610245e6 pinf=1.0000000000001197e-7 (1) dinf=7.651391934524146e16 (12725) time=133.191028708s
[ Info: iter=13763 obj=2.875808162610245e6 pinf=1.0000000000001197e-7 (1) dinf=7.651391934523474e16 (12724) time=133.341583405s
[ Info: iter=13764 obj=2.875808162610245e6 pinf=1.0000000000001197e-7 (1) dinf=7.651391934523474e16 (12723) time=133.488267402s
[ Info: iter=13765 obj=2.875808162610245e6 pinf=1.0000000000001197e-7 (1) dinf=7.651391934521267e16 (12722) time=133.631581399s
[ Info: iter=13766 obj=2.875808162610245e6 pinf=1.0000000000001197e-7 (1) dinf=7.65139193452029e16 (12720) time=133.788224996s
[ Info: iter=13767 obj=2.875808162610245e6 pinf=1.0000000000001197e-7 (1) dinf=7.651391934518083e16 (12720) time=133.937136593s
[ Info: iter=13768 obj=2.875808162610245e6 pinf=1.0000000000001197e-7 (1) dinf=7.651391934515877e16 (12720) time=134.082847491s
[ Info: iter=13769 obj=2.875808162610245e6 pinf=1.0000000000001197e-7 (1) dinf=7.651391934513669e16 (12719) time=134.224092688s
[ Info: iter=13770 obj=2.875808162610245e6 pinf=1.0000000000001197e-7 (1) dinf=7.651391934513074e16 (12720) time=134.366052985s
[ Info: iter=13771 obj=2.875808162610245e6 pinf=1.0000000000001197e-7 (1) dinf=7.651391934510866e16 (12719) time=134.509621383s
[ Info: iter=13772 obj=2.875808162610245e6 pinf=1.0000000000001197e-7 (1) dinf=7.651391934508658e16 (12718) time=134.66087878s
[ Info: iter=13773 obj=2.875808162610245e6 pinf=1.0000000000001197e-7 (1) dinf=7.651391934507397e16 (12716) time=134.819040777s
[ Info: iter=13774 obj=2.875808162610245e6 pinf=1.0000000000001195e-7 (1) dinf=7.651391934970918e16 (12708) time=134.978618174s
[ Info: iter=13775 obj=2.875808162610245e6 pinf=1.0000000000001163e-7 (1) dinf=7.651391934968718e16 (12715) time=135.128473571s
[ Info: iter=13776 obj=2.875808162610245e6 pinf=1.00000000000012e-7 (1) dinf=7.651391934966518e16 (12708) time=135.279024468s
[ Info: iter=13777 obj=2.875808162610245e6 pinf=1.00000000000012e-7 (1) dinf=7.651391934981366e16 (12705) time=135.425359665s
[ Info: iter=13778 obj=2.875808162610245e6 pinf=1.00000000000012e-7 (1) dinf=7.651391934979814e16 (12703) time=135.574204862s
[ Info: iter=13779 obj=2.875808162610245e6 pinf=1.00000000000012e-7 (1) dinf=7.651391934979814e16 (12704) time=135.716272159s
[ Info: iter=13780 obj=2.875808162610245e6 pinf=1.00000000000012e-7 (1) dinf=7.651391934979814e16 (12704) time=135.872759156s
[ Info: iter=13781 obj=2.875808162610245e6 pinf=1.0000000000001257e-7 (1) dinf=7.651391935531096e16 (12702) time=136.026761654s
[ Info: iter=13782 obj=2.875808162610245e6 pinf=1.0000000000001267e-7 (1) dinf=7.651391935607523e16 (12701) time=136.181705851s
[ Info: iter=13783 obj=2.875808162610245e6 pinf=1.0000000000001252e-7 (1) dinf=7.651391935606178e16 (12700) time=136.357981247s
FINAL Dict{String, Any}("prototype_sha256" => "ebe018cc933321470fc24aab03a69ef8fa620967a52acecf18168b8347beb7e4", "input" => "runtime.mps", "interval" => 80, "warmup" => "afiro, same algorithm/manager/mode, refactorization interval 2", "julia_threads" => 1, "iteration_limit" => 20000, "pricing" => "steepest_edge", "blas_threads" => 1, "mode" => "correction", "strategy" => "legacy", "iterations" => 14439, "manager" => "pfi", "time_limit" => 180.0, "backend" => "native", "input_sha256" => "d0ac16e1a52a7d3411cbac28616bba9d3beb0c0edbdb2d72ab0477ce075f6c68", "refactorizations" => 1042, "seconds" => 180.048090902, "architecture" => "aarch64", "julia" => "1.13.0", "algorithm" => "primal", "status" => "TIME_LIMIT", "source_sha256" => Dict("triangular_factorization.jl" => "e1bfdd2c8425ba7cac2e9990a06b3f6b52f3dbd4d50be2dccf77a208c98d74ae", "triangular_rows.jl" => "d1901a62ac5529dad761292d64b271f280193270a0a3b443cf1bdefaa7399de2", "triangular_spikes.jl" => "4881e67ffb033da9b100c73bbb672105b121f3ef2b99e0f87876843ed92a3f4b", "triangular_indices.jl" => "b76e5d7792ec119220c273b02eca50d7c0332e969cbf814c85f20e0aaa6a465d"), "message" => "time limit reached")
[ Info: iter=13784 obj=2.875808162610245e6 pinf=1.0000000000001262e-7 (1) dinf=7.651391935604894e16 (12701) time=136.519794644s
[ Info: iter=13785 obj=2.875808162610245e6 pinf=1.0000000000001252e-7 (1) dinf=7.651391935603682e16 (12700) time=136.689160741s
[ Info: iter=13865 obj=2.8758081646329593e6 pinf=0.0 (0) dinf=7.651383708267773e16 (12529) time=137.493225226s
[ Info: iter=13945 obj=2.87580817684796e6 pinf=0.0 (0) dinf=6.252796762066649e10 (12550) time=138.242621113s
[ Info: iter=13994 obj=2.8758081806416595e6 pinf=0.0 (0) dinf=3.43852009312386e21 (12922) time=138.852134411s
[ Info: iter=14074 obj=2.875808180676692e6 pinf=0.0 (0) dinf=1.8206479884122366e11 (12913) time=139.793205708s
[ Info: iter=14154 obj=2.875808180676692e6 pinf=0.0 (0) dinf=1.2358838737621446e11 (12882) time=140.577957806s
[ Info: iter=14234 obj=2.875808180676804e6 pinf=0.0 (0) dinf=2.15068710996661e11 (12818) time=143.655690995s
[ Info: iter=14235 obj=2.875808180676804e6 pinf=0.0 (0) dinf=2.1506863092199374e11 (12817) time=143.892027794s
[ Info: iter=14236 obj=2.875808180676804e6 pinf=0.0 (0) dinf=2.1506829774995657e11 (12816) time=144.003588994s
[ Info: iter=14238 obj=2.875808180676804e6 pinf=0.0 (0) dinf=2.1506815674133325e11 (12809) time=144.160032594s
[ Info: iter=14239 obj=2.875808180676804e6 pinf=0.0 (0) dinf=2.1506797788558466e11 (12811) time=144.251601293s
[ Info: iter=14240 obj=2.875808180676804e6 pinf=0.0 (0) dinf=2.150676907663667e11 (12810) time=144.344407393s
[ Info: iter=14241 obj=2.875808180676804e6 pinf=0.0 (0) dinf=2.150674036541109e11 (12809) time=144.433413593s
[ Info: iter=14242 obj=2.875808180676804e6 pinf=0.0 (0) dinf=2.1506711668435727e11 (12808) time=144.530697092s
[ Info: iter=14243 obj=2.875808180676804e6 pinf=0.0 (0) dinf=2.1506702198091763e11 (12808) time=144.625289792s
[ Info: iter=14244 obj=2.875808180676804e6 pinf=0.0 (0) dinf=2.1506684278635333e11 (12810) time=144.721879092s
[ Info: iter=14245 obj=2.875808180676804e6 pinf=0.0 (0) dinf=2.150664272664026e11 (12811) time=144.816847991s
[ Info: iter=14246 obj=2.875808180676804e6 pinf=0.0 (0) dinf=2.1506614959259467e11 (12809) time=144.902830391s
[ Info: iter=14247 obj=2.875808180676804e6 pinf=0.0 (0) dinf=2.1506598110665378e11 (12808) time=145.004910691s
[ Info: iter=14248 obj=2.875808180676804e6 pinf=0.0 (0) dinf=2.1506587339463168e11 (12807) time=145.09967379s
[ Info: iter=14249 obj=2.875808180676804e6 pinf=0.0 (0) dinf=2.1506576568260953e11 (12806) time=145.19310739s
[ Info: iter=14250 obj=2.875808180676804e6 pinf=0.0 (0) dinf=2.1506549710539972e11 (12804) time=145.30111459s
[ Info: iter=14251 obj=2.875808180676804e6 pinf=0.0 (0) dinf=2.1506538193499283e11 (12803) time=145.420920689s
[ Info: iter=14252 obj=2.875808180676804e6 pinf=0.0 (0) dinf=2.1506527789497147e11 (12802) time=145.521504189s
[ Info: iter=14253 obj=2.875808180676804e6 pinf=0.0 (0) dinf=2.1506499104578674e11 (12797) time=145.629628289s
[ Info: iter=14254 obj=2.875808180676804e6 pinf=0.0 (0) dinf=2.1506498094251758e11 (12798) time=145.737167388s
[ Info: iter=14255 obj=2.875808180676804e6 pinf=0.0 (0) dinf=2.1506508468942737e11 (12800) time=145.851339588s
[ Info: iter=14256 obj=2.875808180676804e6 pinf=0.0 (0) dinf=2.150650846309397e11 (12798) time=145.963172988s
[ Info: iter=14257 obj=2.875808180676804e6 pinf=0.0 (0) dinf=2.1506508453348462e11 (12798) time=146.069176087s
[ Info: iter=14258 obj=2.875808180676804e6 pinf=0.0 (0) dinf=2.1506508443602957e11 (12798) time=146.176895485s
[ Info: iter=14259 obj=2.875808180676804e6 pinf=0.0 (0) dinf=2.1506508506882446e11 (12798) time=146.275728682s
[ Info: iter=14260 obj=2.875808180676804e6 pinf=0.0 (0) dinf=2.1506507522987454e11 (12798) time=146.384876478s
[ Info: iter=14261 obj=2.875808180676804e6 pinf=0.0 (0) dinf=2.150649615791345e11 (12798) time=146.501203274s
[ Info: iter=14262 obj=2.875808180676804e6 pinf=0.0 (0) dinf=2.1506494025977704e11 (12797) time=146.61335217s
[ Info: iter=14263 obj=2.875808180676804e6 pinf=0.0 (0) dinf=2.1506483262310083e11 (12794) time=146.730840166s
[ Info: iter=14264 obj=2.875808180676804e6 pinf=0.0 (0) dinf=2.1506472498710748e11 (12791) time=146.849905462s
[ Info: iter=14265 obj=2.875808180676804e6 pinf=0.0 (0) dinf=2.1506461735147415e11 (12788) time=146.954341658s
[ Info: iter=14266 obj=2.875808180676804e6 pinf=0.0 (0) dinf=2.150645947664267e11 (12787) time=147.052556154s
[ Info: iter=14267 obj=2.875808180676804e6 pinf=0.0 (0) dinf=2.1506448713119336e11 (12784) time=147.148513651s
[ Info: iter=14268 obj=2.875808180676804e6 pinf=0.0 (0) dinf=2.1506445752795163e11 (12783) time=147.248354248s
[ Info: iter=14269 obj=2.875808180676804e6 pinf=0.0 (0) dinf=2.150644279247932e11 (12782) time=147.354326144s
[ Info: iter=14270 obj=2.875808180676804e6 pinf=0.0 (0) dinf=2.150643983153335e11 (12781) time=147.46241384s
[ Info: iter=14271 obj=2.875808180676804e6 pinf=0.0 (0) dinf=2.1506437012309265e11 (12780) time=147.566392836s
[ Info: iter=14272 obj=2.875808180676804e6 pinf=0.0 (0) dinf=2.1506433853979813e11 (12779) time=147.671598433s
[ Info: iter=14273 obj=2.875808180676804e6 pinf=0.0 (0) dinf=2.1506430695673532e11 (12778) time=147.772116129s
[ Info: iter=14274 obj=2.875808180676804e6 pinf=0.0 (0) dinf=2.1506427788616122e11 (12777) time=147.870922826s
[ Info: iter=14275 obj=2.875808180676804e6 pinf=0.0 (0) dinf=2.150638594521672e11 (12771) time=147.972324622s
[ Info: iter=14276 obj=2.875808180676804e6 pinf=0.0 (0) dinf=2.150635747995903e11 (12767) time=148.086994318s
[ Info: iter=14277 obj=2.875808180676804e6 pinf=0.0 (0) dinf=2.1506387748328958e11 (12770) time=148.199679114s
[ Info: iter=14278 obj=2.875808180676804e6 pinf=0.0 (0) dinf=2.1506439399676758e11 (12770) time=148.30598191s
[ Info: iter=14279 obj=2.875808180676804e6 pinf=0.0 (0) dinf=2.1506404639934506e11 (12777) time=148.405947507s
[ Info: iter=14280 obj=2.875808180676804e6 pinf=0.0 (0) dinf=2.150638054877399e11 (12779) time=148.513267203s
[ Info: iter=14281 obj=2.875808180676804e6 pinf=0.0 (0) dinf=2.1506353474630307e11 (12775) time=148.5974548s
[ Info: iter=14282 obj=2.875808180676804e6 pinf=0.0 (0) dinf=2.150633740995307e11 (12772) time=148.688624797s
[ Info: iter=14283 obj=2.875808180676804e6 pinf=0.0 (0) dinf=2.1506306221272076e11 (12767) time=148.792490893s
[ Info: iter=14284 obj=2.875808180676804e6 pinf=0.0 (0) dinf=2.150633512983583e11 (12770) time=148.89538859s
[ Info: iter=14285 obj=2.875808180676804e6 pinf=0.0 (0) dinf=2.1506332743363104e11 (12769) time=148.992043586s
[ Info: iter=14286 obj=2.875808180676804e6 pinf=0.0 (0) dinf=2.1506330274732193e11 (12768) time=149.103738082s
[ Info: iter=14287 obj=2.875808180676804e6 pinf=0.0 (0) dinf=2.150632794497626e11 (12767) time=149.221495378s
[ Info: iter=14288 obj=2.875808180676804e6 pinf=0.0 (0) dinf=2.1506316793605258e11 (12765) time=149.344212074s
[ Info: iter=14289 obj=2.875808180676804e6 pinf=0.0 (0) dinf=2.1506319007948044e11 (12765) time=149.45831327s
[ Info: iter=14290 obj=2.875808180676804e6 pinf=0.0 (0) dinf=2.1506310571338885e11 (12763) time=149.582312566s
[ Info: iter=14291 obj=2.875808180676804e6 pinf=0.0 (0) dinf=2.1506315968234692e11 (12763) time=149.699545261s
[ Info: iter=14292 obj=2.875808180676804e6 pinf=0.0 (0) dinf=2.1506312810000974e11 (12762) time=149.796552158s
[ Info: iter=14293 obj=2.875808180676804e6 pinf=0.0 (0) dinf=2.1506309651792252e11 (12761) time=149.916064254s
[ Info: iter=14294 obj=2.875808180676804e6 pinf=0.0 (0) dinf=2.1506297631540677e11 (12761) time=150.046852449s
[ Info: iter=14295 obj=2.875808180676804e6 pinf=0.0 (0) dinf=2.150629766473711e11 (12762) time=150.171981445s
[ Info: iter=14296 obj=2.875808180676804e6 pinf=0.0 (0) dinf=2.150628555801563e11 (12762) time=150.30166984s
[ Info: iter=14297 obj=2.875808180676804e6 pinf=0.0 (0) dinf=2.150627347002232e11 (12762) time=150.414887336s
[ Info: iter=14298 obj=2.875808180676804e6 pinf=0.0 (0) dinf=2.150626145378048e11 (12764) time=150.527344532s
[ Info: iter=14299 obj=2.875808180676804e6 pinf=0.0 (0) dinf=2.1506247923589896e11 (12762) time=150.635726329s
[ Info: iter=14300 obj=2.875808180676804e6 pinf=0.0 (0) dinf=2.1506237686691113e11 (12760) time=150.760043124s
[ Info: iter=14301 obj=2.875808180676804e6 pinf=0.0 (0) dinf=2.1506224132874872e11 (12758) time=150.87923142s
[ Info: iter=14302 obj=2.875808180676804e6 pinf=0.0 (0) dinf=2.1506210584175616e11 (12756) time=150.983752116s
[ Info: iter=14303 obj=2.875808180676804e6 pinf=0.0 (0) dinf=2.1506197055080588e11 (12754) time=151.127217711s
[ Info: iter=14304 obj=2.875808180676804e6 pinf=0.0 (0) dinf=2.1506194784829764e11 (12758) time=151.274570606s
[ Info: iter=14305 obj=2.875808180676804e6 pinf=0.0 (0) dinf=2.150619251457894e11 (12762) time=151.402092402s
[ Info: iter=14306 obj=2.875808180676804e6 pinf=0.0 (0) dinf=2.1506192545278235e11 (12762) time=151.530828197s
[ Info: iter=14307 obj=2.875808180676804e6 pinf=0.0 (0) dinf=2.1506196280090277e11 (12762) time=151.646933193s
[ Info: iter=14308 obj=2.875808180676804e6 pinf=0.0 (0) dinf=2.150620200058777e11 (12762) time=151.761707089s
[ Info: iter=14309 obj=2.875808180676804e6 pinf=0.0 (0) dinf=2.1506213970153857e11 (12762) time=151.873456685s
[ Info: iter=14316 obj=2.875808180676804e6 pinf=0.0 (0) dinf=2.150628361517263e11 (12753) time=152.31465397s
[ Info: iter=14317 obj=2.875808180676804e6 pinf=0.0 (0) dinf=2.1506283614793686e11 (12751) time=152.432304866s
[ Info: iter=14318 obj=2.875808180676804e6 pinf=0.0 (0) dinf=2.1506244958789444e11 (12724) time=152.543363562s
[ Info: iter=14319 obj=2.875808180676804e6 pinf=0.0 (0) dinf=2.1506244958789444e11 (12723) time=152.658805258s
[ Info: iter=14321 obj=2.875808180676804e6 pinf=0.0 (0) dinf=2.1506311705496835e11 (12719) time=152.832993051s
[ Info: iter=14322 obj=2.875808180676804e6 pinf=0.0 (0) dinf=2.1506232975090503e11 (12697) time=152.934991048s
[ Info: iter=14323 obj=2.875808180676804e6 pinf=0.0 (0) dinf=2.150624655873202e11 (12696) time=153.033176144s
[ Info: iter=14324 obj=2.875808180676804e6 pinf=0.0 (0) dinf=2.150624570022365e11 (12697) time=153.15090314s
[ Info: iter=14327 obj=2.875808180676804e6 pinf=0.0 (0) dinf=2.150631244693104e11 (12693) time=153.362537433s
[ Info: iter=14328 obj=2.875808180676804e6 pinf=0.0 (0) dinf=2.1506233573220517e11 (12671) time=153.469111429s
[ Info: iter=14329 obj=2.875808180676804e6 pinf=0.0 (0) dinf=2.150623364149462e11 (12669) time=153.573570025s
[ Info: iter=14330 obj=2.875808180676804e6 pinf=0.0 (0) dinf=2.1506218219607263e11 (12668) time=153.680507122s
[ Info: iter=14331 obj=2.875808180676804e6 pinf=0.0 (0) dinf=2.150622590672612e11 (12668) time=153.775959318s
[ Info: iter=14332 obj=2.875808180676804e6 pinf=0.0 (0) dinf=2.1506225954375763e11 (12669) time=153.882858715s
[ Info: iter=14333 obj=2.875808180676804e6 pinf=0.0 (0) dinf=2.150623364149462e11 (12669) time=153.990782411s
[ Info: iter=14334 obj=2.875808180676804e6 pinf=0.0 (0) dinf=2.150622066714737e11 (12667) time=154.100658807s
[ Info: iter=14335 obj=2.875808180676804e6 pinf=0.0 (0) dinf=2.1506227780763635e11 (12668) time=154.207472105s
[ Info: iter=14336 obj=2.875808180676804e6 pinf=0.0 (0) dinf=2.1507699610318054e11 (12671) time=154.316958205s
[ Info: iter=14337 obj=2.875808180676804e6 pinf=0.0 (0) dinf=2.1507679945662244e11 (12670) time=154.436630205s
[ Info: iter=14338 obj=2.875808180676804e6 pinf=0.0 (0) dinf=2.1507758604285492e11 (12670) time=154.539967805s
[ Info: iter=14339 obj=2.875808180676804e6 pinf=0.0 (0) dinf=2.1507738885653644e11 (12670) time=154.644228605s
[ Info: iter=14340 obj=2.875808180676804e6 pinf=0.0 (0) dinf=2.1507719274773877e11 (12668) time=154.747687404s
[ Info: iter=14341 obj=2.875808180676804e6 pinf=0.0 (0) dinf=2.1507702853072736e11 (12668) time=154.846539404s
[ Info: iter=14342 obj=2.875808180676804e6 pinf=0.0 (0) dinf=2.1507683355606238e11 (12668) time=154.970850704s
[ Info: iter=14343 obj=2.875808180676804e6 pinf=0.0 (0) dinf=2.1507719274773877e11 (12668) time=155.092060704s
[ Info: iter=14344 obj=2.875808180676804e6 pinf=0.0 (0) dinf=2.150769961001806e11 (12667) time=155.209899604s
[ Info: iter=14345 obj=2.875808180676804e6 pinf=0.0 (0) dinf=2.1507758603985498e11 (12666) time=155.327361203s
[ Info: iter=14346 obj=2.875808180676804e6 pinf=0.0 (0) dinf=2.1507738564481573e11 (12669) time=155.436628003s
[ Info: iter=14347 obj=2.875808180676804e6 pinf=0.0 (0) dinf=2.15077186309667e11 (12667) time=155.545637303s
[ Info: iter=14348 obj=2.875808180676804e6 pinf=0.0 (0) dinf=2.150768062143003e11 (12664) time=155.654458103s
[ Info: iter=14349 obj=2.875808180676804e6 pinf=0.0 (0) dinf=2.1507695033259717e11 (12664) time=155.756301103s
[ Info: iter=14350 obj=2.875808180676804e6 pinf=0.0 (0) dinf=2.1507695033259717e11 (12664) time=155.862505903s
[ Info: iter=14351 obj=2.875808180676804e6 pinf=0.0 (0) dinf=2.150747214069943e11 (12666) time=155.971846802s
[ Info: iter=14352 obj=2.875808180676804e6 pinf=0.0 (0) dinf=2.1507695153025537e11 (12664) time=156.085021702s
[ Info: iter=14353 obj=2.875808180676804e6 pinf=0.0 (0) dinf=2.1507695153025537e11 (12664) time=156.193823702s
[ Info: iter=14354 obj=2.875808180676804e6 pinf=0.0 (0) dinf=2.15077000440964e11 (12664) time=156.297081102s
[ Info: iter=14355 obj=2.875808180676804e6 pinf=0.0 (0) dinf=2.1507709471076398e11 (12664) time=156.399854102s
[ Info: iter=14356 obj=2.875808180676804e6 pinf=0.0 (0) dinf=2.1507709538537814e11 (12662) time=156.500162701s
[ Info: iter=14357 obj=2.875808180676804e6 pinf=0.0 (0) dinf=2.1507704342069394e11 (12659) time=156.604733001s
[ Info: iter=14358 obj=2.875808180676804e6 pinf=0.0 (0) dinf=2.150770104436229e11 (12665) time=156.715121801s
[ Info: iter=14359 obj=2.875808180676804e6 pinf=0.0 (0) dinf=2.1507580968809872e11 (12662) time=156.829103001s
[ Info: iter=14360 obj=2.875808180676804e6 pinf=0.0 (0) dinf=2.150754069789673e11 (12659) time=156.927675801s
[ Info: iter=14361 obj=2.875808180676804e6 pinf=0.0 (0) dinf=2.150771552111984e11 (12659) time=157.030956101s
[ Info: iter=14362 obj=2.875808180676804e6 pinf=0.0 (0) dinf=2.1507704342069394e11 (12659) time=157.1240197s
[ Info: iter=14363 obj=2.875808180676804e6 pinf=0.0 (0) dinf=2.150765623622132e11 (12660) time=157.2274401s
[ Info: iter=14364 obj=2.875808180676804e6 pinf=0.0 (0) dinf=2.1507656025596814e11 (12656) time=157.3341109s
[ Info: iter=14365 obj=2.875808180676804e6 pinf=0.0 (0) dinf=2.1507656025596814e11 (12656) time=157.4516345s
[ Info: iter=14366 obj=2.875808180676804e6 pinf=0.0 (0) dinf=2.150765613122447e11 (12656) time=157.5648727s
[ Info: iter=14367 obj=2.875808180676804e6 pinf=0.0 (0) dinf=2.150765613122447e11 (12656) time=157.679305s
[ Info: iter=14368 obj=2.875808180676804e6 pinf=0.0 (0) dinf=2.150779032883175e11 (12663) time=157.795249799s
[ Info: iter=14369 obj=2.875808180676804e6 pinf=0.0 (0) dinf=2.1507735443382623e11 (12655) time=157.911797799s
[ Info: iter=14370 obj=2.875808180676804e6 pinf=0.0 (0) dinf=2.1507870086021417e11 (12643) time=158.026317699s
[ Info: iter=14371 obj=2.875808180676804e6 pinf=0.0 (0) dinf=2.1507948617777795e11 (12614) time=158.153373499s
[ Info: iter=14372 obj=2.875808180676804e6 pinf=0.0 (0) dinf=2.1507739947866565e11 (12663) time=158.271969199s
[ Info: iter=14374 obj=2.875808180676804e6 pinf=0.0 (0) dinf=2.15076138496914e11 (12658) time=158.415595198s
[ Info: iter=14375 obj=2.875808180676804e6 pinf=0.0 (0) dinf=2.1507614819942923e11 (12659) time=158.532703198s
[ Info: iter=14376 obj=2.875808180676804e6 pinf=0.0 (0) dinf=2.150762997464654e11 (12659) time=158.644418798s
[ Info: iter=14377 obj=2.875808180676804e6 pinf=0.0 (0) dinf=2.150768925954506e11 (12658) time=158.785635998s
[ Info: iter=14378 obj=2.875808180676804e6 pinf=0.0 (0) dinf=2.1507692552831348e11 (12658) time=158.944308697s
[ Info: iter=14428 obj=2.875808180676804e6 pinf=0.0 (0) dinf=2.1570082229501572e11 (12576) time=165.384546906s
[ Info: iter=14437 obj=2.8758081806767853e6 pinf=0.0 (0) dinf=1.1047941012314998e11 (12279) time=178.081383882s
[ Info: iter=14438 obj=2.8758081806767853e6 pinf=0.0 (0) dinf=1.1047940682960254e11 (12277) time=179.185204311s
[ Info: Solve finished: status=TIME_LIMIT reason=time limit reached iterations=14439 time=180.048090902s
