[ Info: Loaded problem: rows=43021 columns=47148 nnz=277210
[ Info: Starting presolve
[ Info: After presolve: rows=28453 columns=31615 nnz=211789
[ Info: iter=0 obj=1.2522206406563444e6 pinf=0.0 (0) dinf=12288.550456887204 (11330) time=2.075259875s
PHASE Dict{String, Any}("iteration" => 0, "columns" => 34186, "rows" => 28453, "phase" => "phase_one")
[ Info: iter=80 obj=1.2522206406563444e6 pinf=0.0 (0) dinf=36314.16836263747 (11279) time=2.294561883s
[ Info: iter=160 obj=1.2631118905179026e6 pinf=0.0 (0) dinf=20318.10622356058 (11212) time=2.47862559s
[ Info: iter=240 obj=1.3081914597255755e6 pinf=0.0 (0) dinf=12933.727267866876 (11235) time=2.662184297s
[ Info: iter=320 obj=1.3457333563381066e6 pinf=0.0 (0) dinf=13377.506131293816 (11160) time=2.844335103s
[ Info: iter=400 obj=1.365372047972791e6 pinf=0.0 (0) dinf=14946.893727017134 (11094) time=3.03520951s
[ Info: iter=480 obj=1.3679359060446834e6 pinf=0.0 (0) dinf=28616.505259710084 (11099) time=3.222287317s
[ Info: iter=560 obj=1.367935906044684e6 pinf=0.0 (0) dinf=138541.4328187033 (11009) time=3.406593624s
[ Info: iter=640 obj=1.367984980364754e6 pinf=0.0 (0) dinf=22377.908779322108 (11093) time=3.591147326s
[ Info: iter=720 obj=1.367984980364754e6 pinf=0.0 (0) dinf=23874.21152664453 (11096) time=3.793269429s
[ Info: iter=800 obj=1.380798629860655e6 pinf=0.0 (0) dinf=109464.19870492947 (11029) time=3.98065773s
[ Info: iter=880 obj=1.380798629860655e6 pinf=0.0 (0) dinf=3.931233811007373e7 (11026) time=4.169464132s
[ Info: iter=960 obj=1.380798629860655e6 pinf=0.0 (0) dinf=6.934687582960077e7 (11012) time=4.356891034s
PROGRESS iter=1000 refs=13 pinf=0.0 working_objective=605736.1552120332
[ Info: iter=1040 obj=1.380798629863605e6 pinf=0.0 (0) dinf=4.2076028911693625e7 (10975) time=4.559691036s
[ Info: iter=1120 obj=1.384055465474363e6 pinf=0.0 (0) dinf=53089.12708573877 (10928) time=4.841041339s
[ Info: iter=1200 obj=1.384055465474363e6 pinf=0.0 (0) dinf=59169.06230116702 (10921) time=5.029068741s
[ Info: iter=1280 obj=1.384055465474363e6 pinf=0.0 (0) dinf=67410.5285585745 (10947) time=5.214821143s
[ Info: iter=1360 obj=1.384055473604198e6 pinf=0.0 (0) dinf=90103.81545642369 (10923) time=5.401059945s
[ Info: iter=1440 obj=1.384055473604198e6 pinf=0.0 (0) dinf=102771.90914961117 (10930) time=5.598586447s
[ Info: iter=1520 obj=1.3840555109045997e6 pinf=0.0 (0) dinf=307895.2021443652 (11004) time=5.790407449s
[ Info: iter=1600 obj=1.3840808269533734e6 pinf=0.0 (0) dinf=317640.8671768852 (11105) time=5.987720651s
[ Info: iter=1680 obj=1.3840808269533734e6 pinf=0.0 (0) dinf=304769.23589262186 (11084) time=6.182566053s
[ Info: iter=1760 obj=1.3859368661839017e6 pinf=0.0 (0) dinf=332795.5857840487 (11107) time=6.377718655s
[ Info: iter=1840 obj=1.3924254415709432e6 pinf=0.0 (0) dinf=333476.18798536924 (11087) time=6.573537057s
[ Info: iter=1920 obj=1.4019392581808558e6 pinf=0.0 (0) dinf=347712.0764504917 (11133) time=6.780317359s
PROGRESS iter=2000 refs=25 pinf=0.0 working_objective=605597.1444897456
[ Info: iter=2000 obj=1.4042233207869772e6 pinf=0.0 (0) dinf=3.638865454180972e6 (11047) time=7.153711863s
[ Info: iter=2080 obj=1.4042233207869772e6 pinf=0.0 (0) dinf=3.6399099509735107e6 (11115) time=8.73695778s
[ Info: iter=2160 obj=1.4042233207869772e6 pinf=0.0 (0) dinf=3.6400363606894366e6 (11089) time=11.102681504s
[ Info: iter=2240 obj=1.4042233207869772e6 pinf=0.0 (0) dinf=3.691608879543022e6 (11068) time=13.468302548s
[ Info: iter=2319 obj=1.4042233207869772e6 pinf=0.0 (0) dinf=3.703716509336241e6 (11041) time=16.517158609s
[ Info: iter=2399 obj=1.418185248596467e6 pinf=0.0 (0) dinf=3.695107806421087e6 (11072) time=18.301655045s
[ Info: iter=2479 obj=1.418185248596467e6 pinf=0.0 (0) dinf=3.6984941865562988e6 (11006) time=20.33900603s
[ Info: iter=2559 obj=1.4181852733703726e6 pinf=0.0 (0) dinf=4.614144761711291e6 (10994) time=21.216750192s
[ Info: iter=2639 obj=1.4181853174159343e6 pinf=0.0 (0) dinf=452195.7809674986 (10997) time=21.544649416s
[ Info: iter=2719 obj=1.4181853174159343e6 pinf=0.0 (0) dinf=514257.21803393675 (11038) time=21.765620931s
[ Info: iter=2799 obj=1.4181853174159343e6 pinf=0.0 (0) dinf=700125.9930409425 (11130) time=21.970179046s
[ Info: iter=2879 obj=1.4181853174159343e6 pinf=0.0 (0) dinf=1.0303829153669494e6 (11144) time=22.181489361s
[ Info: iter=2959 obj=1.4181853174159343e6 pinf=0.0 (0) dinf=4.334238864177232e6 (11071) time=22.400887177s
PROGRESS iter=3000 refs=38 pinf=0.0 working_objective=605524.4037554335
[ Info: iter=3039 obj=1.418185317415935e6 pinf=0.0 (0) dinf=2.978899086414347e7 (11090) time=22.613697992s
[ Info: iter=3119 obj=1.418185317415935e6 pinf=0.0 (0) dinf=4.403261288014325e9 (11009) time=23.15807663s
[ Info: iter=3199 obj=1.418185317415935e6 pinf=0.0 (0) dinf=4.403687820378023e9 (10999) time=25.041287164s
[ Info: iter=3202 obj=1.418185317415935e6 pinf=0.0 (0) dinf=4.403795791113139e9 (10997) time=25.180388274s
[ Info: iter=3282 obj=1.418185317415935e6 pinf=0.0 (0) dinf=4.403658092116395e9 (10985) time=27.156312314s
[ Info: iter=3282 obj=1.418185317415935e6 pinf=0.0 (0) dinf=4.403658092116395e9 (10985) time=27.210788518s
[ Info: iter=3362 obj=1.418185317415935e6 pinf=0.0 (0) dinf=4.4053526733233795e9 (10985) time=28.267265098s
[ Info: iter=3442 obj=1.418185317415935e6 pinf=0.0 (0) dinf=4.408158264232389e9 (10944) time=29.613802601s
[ Info: iter=3522 obj=1.418185317415935e6 pinf=0.0 (0) dinf=4.44992129219503e9 (10952) time=31.16790462s
[ Info: iter=3602 obj=1.418185317415935e6 pinf=0.0 (0) dinf=4.885062979497552e9 (10930) time=33.666866012s
[ Info: iter=3610 obj=1.418185317415935e6 pinf=0.0 (0) dinf=4.697007726425999e9 (10929) time=34.03573904s
[ Info: iter=3611 obj=1.418185317415935e6 pinf=0.0 (0) dinf=6.029265007912327e9 (10930) time=34.107124145s
[ Info: iter=3612 obj=1.418185317415935e6 pinf=0.0 (0) dinf=4.936814030526524e9 (10927) time=34.173766451s
[ Info: iter=3613 obj=1.418185317415935e6 pinf=0.0 (0) dinf=4.937176918084372e9 (10923) time=34.247787656s
[ Info: iter=3614 obj=1.418185317415935e6 pinf=0.0 (0) dinf=4.93708857921017e9 (10922) time=34.321567862s
[ Info: iter=3615 obj=1.418185317415935e6 pinf=0.0 (0) dinf=4.937098394640627e9 (10921) time=34.397651868s
[ Info: iter=3616 obj=1.418185317415935e6 pinf=0.0 (0) dinf=4.937108210071084e9 (10920) time=34.469539873s
[ Info: iter=3617 obj=1.418185317415935e6 pinf=0.0 (0) dinf=4.937019871196881e9 (10919) time=34.543138779s
[ Info: iter=3618 obj=1.418185317415935e6 pinf=0.0 (0) dinf=4.936931532322679e9 (10918) time=34.617881085s
[ Info: iter=3619 obj=1.418185317415935e6 pinf=0.0 (0) dinf=4.936843193448477e9 (10917) time=34.69419829s
[ Info: iter=3620 obj=1.418185317415935e6 pinf=0.0 (0) dinf=4.936853008878934e9 (10916) time=34.766476596s
[ Info: iter=3621 obj=1.418185317415935e6 pinf=0.0 (0) dinf=4.936862824309391e9 (10915) time=34.841976202s
[ Info: iter=3622 obj=1.418185317415935e6 pinf=0.0 (0) dinf=4.936774485435191e9 (10914) time=34.916842608s
[ Info: iter=3623 obj=1.418185317415935e6 pinf=0.0 (0) dinf=4.9366861465609865e9 (10913) time=34.991753913s
[ Info: iter=3624 obj=1.418185317415935e6 pinf=0.0 (0) dinf=4.936686133487271e9 (10913) time=35.068655219s
[ Info: iter=3625 obj=1.418185317415935e6 pinf=0.0 (0) dinf=4.936685953346573e9 (10912) time=35.143943625s
[ Info: iter=3630 obj=1.418185317415935e6 pinf=0.0 (0) dinf=4.936679401235019e9 (10910) time=35.233593632s
[ Info: iter=3643 obj=1.418185317415935e6 pinf=0.0 (0) dinf=4.936675149776856e9 (10896) time=35.438752248s
[ Info: iter=3644 obj=1.418185317415935e6 pinf=0.0 (0) dinf=4.936677052555911e9 (10895) time=35.504283153s
[ Info: iter=3645 obj=1.418185317415935e6 pinf=0.0 (0) dinf=4.936671834945933e9 (10894) time=35.579751458s
[ Info: iter=3646 obj=1.418185317415935e6 pinf=0.0 (0) dinf=4.936670075880905e9 (10894) time=35.657201564s
[ Info: iter=3647 obj=1.418185317415935e6 pinf=0.0 (0) dinf=4.936666617335955e9 (10893) time=35.740473171s
[ Info: iter=3648 obj=1.418185317415935e6 pinf=0.0 (0) dinf=4.936661399725978e9 (10892) time=35.818401577s
[ Info: iter=3649 obj=1.418185317415935e6 pinf=0.0 (0) dinf=4.936653254151193e9 (10892) time=35.897019083s
[ Info: iter=3650 obj=1.418185317415935e6 pinf=0.0 (0) dinf=4.936646897886504e9 (10893) time=35.975341089s
[ Info: iter=3651 obj=1.418185317415935e6 pinf=0.0 (0) dinf=4.936645338802712e9 (10898) time=36.057596595s
[ Info: iter=3652 obj=1.418185317415935e6 pinf=0.0 (0) dinf=4.936636612280924e9 (10902) time=36.137226601s
[ Info: iter=3653 obj=1.418185317415935e6 pinf=0.0 (0) dinf=4.936627885759137e9 (10906) time=36.216362407s
[ Info: iter=3654 obj=1.418185317415935e6 pinf=0.0 (0) dinf=4.936621698330294e9 (10901) time=36.296494713s
[ Info: iter=3655 obj=1.418185317415935e6 pinf=0.0 (0) dinf=4.936622897625518e9 (10902) time=36.37808072s
[ Info: iter=3656 obj=1.418185317415935e6 pinf=0.0 (0) dinf=4.936620689987792e9 (10900) time=36.456419926s
[ Info: iter=3657 obj=1.418185317415935e6 pinf=0.0 (0) dinf=4.936620436381698e9 (10900) time=36.534651432s
[ Info: iter=3658 obj=1.418185317415935e6 pinf=0.0 (0) dinf=4.936619237086473e9 (10899) time=36.613056738s
[ Info: iter=3659 obj=1.418185317415935e6 pinf=0.0 (0) dinf=4.936618291397344e9 (10898) time=36.695741644s
[ Info: iter=3660 obj=1.418185317415935e6 pinf=0.0 (0) dinf=4.936618285008965e9 (10898) time=36.77409415s
[ Info: iter=3661 obj=1.418185317415935e6 pinf=0.0 (0) dinf=4.936617682116992e9 (10897) time=36.852912156s
[ Info: iter=3662 obj=1.418185317415935e6 pinf=0.0 (0) dinf=4.936617481493491e9 (10896) time=36.933849862s
[ Info: iter=3663 obj=1.418185317415935e6 pinf=0.0 (0) dinf=4.936617675147086e9 (10897) time=37.013819169s
[ Info: iter=3664 obj=1.418185317415935e6 pinf=0.0 (0) dinf=4.936618675624587e9 (10902) time=37.094322975s
[ Info: iter=3665 obj=1.418185317415935e6 pinf=0.0 (0) dinf=4.936616938770452e9 (10893) time=37.171361881s
[ Info: iter=3666 obj=1.418185317415935e6 pinf=0.0 (0) dinf=4.940816299701344e9 (10899) time=37.251205987s
[ Info: iter=3667 obj=1.418185317415935e6 pinf=0.0 (0) dinf=4.941439089177112e9 (10895) time=37.331404793s
[ Info: iter=3668 obj=1.418185317415935e6 pinf=0.0 (0) dinf=4.943432017299569e9 (10891) time=37.409283099s
[ Info: iter=3669 obj=1.418185317415935e6 pinf=0.0 (0) dinf=4.943432017299569e9 (10887) time=37.488709105s
[ Info: iter=3670 obj=1.418185317415935e6 pinf=0.0 (0) dinf=4.946144617410692e9 (10883) time=37.566774511s
[ Info: iter=3671 obj=1.418185317415935e6 pinf=0.0 (0) dinf=4.948082189818638e9 (10879) time=37.647679217s
[ Info: iter=3672 obj=1.418185317415935e6 pinf=0.0 (0) dinf=4.963284686904053e9 (10875) time=37.729390824s
[ Info: iter=3673 obj=1.418185317415935e6 pinf=0.0 (0) dinf=4.946549115428277e9 (10880) time=37.81427783s
[ Info: iter=3674 obj=1.418185317415935e6 pinf=0.0 (0) dinf=4.940729492363659e9 (10873) time=37.893044136s
[ Info: iter=3675 obj=1.418185317415935e6 pinf=0.0 (0) dinf=4.941506645125087e9 (10874) time=37.969729342s
[ Info: iter=3676 obj=1.4181853174159355e6 pinf=0.0 (0) dinf=6.244388152997505e9 (10883) time=38.051226148s
[ Info: iter=3677 obj=1.4181853174159355e6 pinf=0.0 (0) dinf=3.900530761358898e9 (10885) time=38.111978153s
[ Info: iter=3678 obj=1.4181853174159355e6 pinf=0.0 (0) dinf=4.1967347890958915e9 (10884) time=38.20409866s
[ Info: iter=3679 obj=1.4181853174159357e6 pinf=0.0 (0) dinf=5.242876982095417e9 (10883) time=38.296332067s
[ Info: iter=3680 obj=1.4181853174159357e6 pinf=0.0 (0) dinf=5.242876638807207e9 (10881) time=38.391570274s
[ Info: iter=3681 obj=1.4181853174159357e6 pinf=0.0 (0) dinf=5.242876327331734e9 (10879) time=38.489502782s
[ Info: iter=3682 obj=1.4181853174159357e6 pinf=0.0 (0) dinf=5.242876466088429e9 (10880) time=38.579108989s
[ Info: iter=3683 obj=1.4181853174159357e6 pinf=0.0 (0) dinf=5.243023193776589e9 (10881) time=38.671235896s
[ Info: iter=3684 obj=1.4181853174159357e6 pinf=0.0 (0) dinf=5.243023186907033e9 (10879) time=38.767507103s
[ Info: iter=3685 obj=1.4181853174159357e6 pinf=0.0 (0) dinf=5.242913075374242e9 (10884) time=38.861462211s
[ Info: iter=3686 obj=1.4181853174159357e6 pinf=0.0 (0) dinf=5.242891352322391e9 (10891) time=38.956120018s
[ Info: iter=3687 obj=1.4181853174159357e6 pinf=0.0 (0) dinf=5.242879119073391e9 (10882) time=39.029509223s
[ Info: iter=3689 obj=1.4181853174159357e6 pinf=0.0 (0) dinf=5.242884121859394e9 (10889) time=39.134660432s
[ Info: iter=3694 obj=1.4181853174159357e6 pinf=0.0 (0) dinf=5.242879133292522e9 (10893) time=39.297145444s
[ Info: iter=3703 obj=1.4181853174159357e6 pinf=0.0 (0) dinf=5.242891284098769e9 (10900) time=39.482040258s
[ Info: iter=3704 obj=1.4181853174159357e6 pinf=0.0 (0) dinf=5.2428906953097925e9 (10895) time=39.550145363s
[ Info: iter=3705 obj=1.4181853174159357e6 pinf=0.0 (0) dinf=5.242890961368385e9 (10898) time=39.623064869s
[ Info: iter=3706 obj=1.4181853174159357e6 pinf=0.0 (0) dinf=5.242889621548878e9 (10897) time=39.694360575s
[ Info: iter=3707 obj=1.4181853174159357e6 pinf=0.0 (0) dinf=5.242889887607203e9 (10900) time=39.76586278s
[ Info: iter=3708 obj=1.4181853174159357e6 pinf=0.0 (0) dinf=5.242888547789042e9 (10899) time=39.836719085s
[ Info: iter=3709 obj=1.4181853174159357e6 pinf=0.0 (0) dinf=5.242888084014471e9 (10897) time=39.918506492s
[ Info: iter=3710 obj=1.4181853174159357e6 pinf=0.0 (0) dinf=5.242887610538999e9 (10895) time=39.993500998s
[ Info: iter=3712 obj=1.4181853174159357e6 pinf=0.0 (0) dinf=5.242887166904094e9 (10893) time=40.108801606s
[ Info: iter=3713 obj=1.4181853174159357e6 pinf=0.0 (0) dinf=5.242887094574523e9 (10893) time=40.178490012s
[ Info: iter=3714 obj=1.4181853174159357e6 pinf=0.0 (0) dinf=5.242887037698616e9 (10895) time=40.274552619s
[ Info: iter=3715 obj=1.4181853174159357e6 pinf=0.0 (0) dinf=5.242885398931327e9 (10894) time=40.365108226s
[ Info: iter=3716 obj=1.4181853174159357e6 pinf=0.0 (0) dinf=5.242887272709765e9 (10892) time=40.459720433s
[ Info: iter=3717 obj=1.4181853174159357e6 pinf=0.0 (0) dinf=5.242877145506032e9 (10891) time=40.536027439s
[ Info: iter=3718 obj=1.4181853174159357e6 pinf=0.0 (0) dinf=5.242877054739244e9 (10891) time=40.632922147s
[ Info: iter=3719 obj=1.4181853174159357e6 pinf=0.0 (0) dinf=5.242880600284856e9 (10893) time=40.723489754s
[ Info: iter=3720 obj=1.4181853174159357e6 pinf=0.0 (0) dinf=5.242880566322775e9 (10893) time=40.814465161s
[ Info: iter=3721 obj=1.4181853174159357e6 pinf=0.0 (0) dinf=5.242880566322775e9 (10893) time=40.906556068s
[ Info: iter=3722 obj=1.4181853174159357e6 pinf=0.0 (0) dinf=5.243027046185704e9 (10896) time=41.002867275s
[ Info: iter=3723 obj=1.4181853174159357e6 pinf=0.0 (0) dinf=5.243027046185704e9 (10895) time=41.100500183s
[ Info: iter=3724 obj=1.4181853174159357e6 pinf=0.0 (0) dinf=5.242917177648854e9 (10900) time=41.19413259s
[ Info: iter=3725 obj=1.4181853174159357e6 pinf=0.0 (0) dinf=5.242890243052554e9 (10905) time=41.285128497s
[ Info: iter=3726 obj=1.4181853174159357e6 pinf=0.0 (0) dinf=5.242883270583175e9 (10898) time=41.362062303s
[ Info: iter=3727 obj=1.4181853174159357e6 pinf=0.0 (0) dinf=5.242883179816386e9 (10898) time=41.45289531s
[ Info: iter=3728 obj=1.4181853174159357e6 pinf=0.0 (0) dinf=5.2428832879565115e9 (10897) time=41.544608017s
[ Info: iter=3807 obj=1.4181853174159254e6 pinf=0.0 (0) dinf=4.7442409699011785e8 (11162) time=42.222484269s
[ Info: iter=3843 obj=1.4181853174159254e6 pinf=0.0 (0) dinf=4.522690238591292e8 (11136) time=43.079724735s
[ Info: iter=3844 obj=1.4181853174159254e6 pinf=0.0 (0) dinf=4.523600651881743e8 (11135) time=43.14837574s
[ Info: iter=3845 obj=1.4181853174159254e6 pinf=0.0 (0) dinf=4.7848440926960397e8 (11136) time=43.215366745s
[ Info: iter=3846 obj=1.4181853174159254e6 pinf=0.0 (0) dinf=5.166181215702278e8 (11136) time=43.28520845s
[ Info: iter=3847 obj=1.4181853174159254e6 pinf=0.0 (0) dinf=5.252813218723296e8 (11138) time=43.354739256s
[ Info: iter=3848 obj=1.4181853174159254e6 pinf=0.0 (0) dinf=5.21333766577423e8 (11134) time=43.424344261s
[ Info: iter=3849 obj=1.4181853174159254e6 pinf=0.0 (0) dinf=7.364898603392502e8 (11132) time=43.497749667s
[ Info: iter=3850 obj=1.4181853174159254e6 pinf=0.0 (0) dinf=7.05931279482284e8 (11131) time=43.566259472s
[ Info: iter=3851 obj=1.4181853174159254e6 pinf=0.0 (0) dinf=6.753045912869319e8 (11130) time=43.637075977s
[ Info: iter=3852 obj=1.4181853174159254e6 pinf=0.0 (0) dinf=6.4469848420489e8 (11129) time=43.704881982s
[ Info: iter=3853 obj=1.4181853174159254e6 pinf=0.0 (0) dinf=6.810231480647767e8 (11135) time=43.774915587s
[ Info: iter=3854 obj=1.4181853174159254e6 pinf=0.0 (0) dinf=6.461611453961751e8 (11133) time=43.844222692s
[ Info: iter=3855 obj=1.4181853174159254e6 pinf=0.0 (0) dinf=6.345211494637103e8 (11132) time=43.923646298s
[ Info: iter=3856 obj=1.4181853174159254e6 pinf=0.0 (0) dinf=6.265666506886437e8 (11129) time=44.006042003s
[ Info: iter=3857 obj=1.4181853174159254e6 pinf=0.0 (0) dinf=5.958484785013509e8 (11129) time=44.076247509s
[ Info: iter=3858 obj=1.4181853174159254e6 pinf=0.0 (0) dinf=1.1411294732209544e9 (11147) time=44.148709414s
[ Info: iter=3859 obj=1.4181853174159254e6 pinf=0.0 (0) dinf=1.0155351313553053e9 (11127) time=44.226296919s
[ Info: iter=3860 obj=1.4181853174159254e6 pinf=0.0 (0) dinf=4.9977992477450824e8 (11115) time=44.298531825s
[ Info: iter=3861 obj=1.4181853174159254e6 pinf=0.0 (0) dinf=4.9921964160135525e8 (11114) time=44.366930629s
[ Info: iter=3862 obj=1.4181853174159254e6 pinf=0.0 (0) dinf=4.9921964160135525e8 (11114) time=44.435699934s
[ Info: iter=3864 obj=1.4181853174159254e6 pinf=0.0 (0) dinf=5.122235799623295e8 (11122) time=44.51181744s
[ Info: iter=3865 obj=1.4181853174159254e6 pinf=0.0 (0) dinf=5.395715371728649e8 (11132) time=44.584458645s
[ Info: iter=3866 obj=1.4181853174159254e6 pinf=0.0 (0) dinf=5.482077341867182e8 (11131) time=44.65548495s
[ Info: iter=3867 obj=1.4181853174159254e6 pinf=0.0 (0) dinf=5.712376008903279e8 (11139) time=44.726683255s
[ Info: iter=3868 obj=1.4181853174159254e6 pinf=0.0 (0) dinf=5.951886622620815e8 (11148) time=44.801061861s
[ Info: iter=3869 obj=1.4181853174159254e6 pinf=0.0 (0) dinf=6.182185289656904e8 (11156) time=44.879043866s
[ Info: iter=3870 obj=1.4181853174159254e6 pinf=0.0 (0) dinf=6.124610622800224e8 (11154) time=44.949528671s
[ Info: iter=3871 obj=1.4181853174159254e6 pinf=0.0 (0) dinf=6.067035955930228e8 (11152) time=45.018524576s
[ Info: iter=3872 obj=1.4181853174159254e6 pinf=0.0 (0) dinf=6.009461286100695e8 (11150) time=45.092723182s
[ Info: iter=3873 obj=1.4181853174159254e6 pinf=0.0 (0) dinf=6.153397952998248e8 (11155) time=45.164279887s
[ Info: iter=3874 obj=1.4181853174159254e6 pinf=0.0 (0) dinf=6.067035952656265e8 (11152) time=45.235157992s
[ Info: iter=3875 obj=1.4181853174159254e6 pinf=0.0 (0) dinf=5.980673952153344e8 (11149) time=45.303800197s
[ Info: iter=3876 obj=1.4181853174159254e6 pinf=0.0 (0) dinf=5.894311951848352e8 (11146) time=45.374405602s
[ Info: iter=3877 obj=1.4181853174159254e6 pinf=0.0 (0) dinf=5.807949951432382e8 (11143) time=45.447873307s
[ Info: iter=3878 obj=1.4181853174159254e6 pinf=0.0 (0) dinf=5.721587951293821e8 (11140) time=45.517100212s
[ Info: iter=3879 obj=1.4181853174159254e6 pinf=0.0 (0) dinf=5.73839982581465e8 (11143) time=45.588295617s
[ Info: iter=3880 obj=1.4181853174159254e6 pinf=0.0 (0) dinf=5.729562075143874e8 (11142) time=45.659571722s
[ Info: iter=3881 obj=1.4181853174159254e6 pinf=0.0 (0) dinf=5.691841838747135e8 (11141) time=45.731019228s
[ Info: iter=3882 obj=1.4181853174159254e6 pinf=0.0 (0) dinf=5.655030442823437e8 (11141) time=45.799998133s
[ Info: iter=3883 obj=1.4181853174159254e6 pinf=0.0 (0) dinf=5.648896042757819e8 (11141) time=45.870225238s
[ Info: iter=3884 obj=1.4181853174159254e6 pinf=0.0 (0) dinf=5.640064763223445e8 (11138) time=45.939956543s
[ Info: iter=3885 obj=1.4181853174159254e6 pinf=0.0 (0) dinf=5.64117773192876e8 (11137) time=46.016862748s
[ Info: iter=3886 obj=1.4181853174159254e6 pinf=0.0 (0) dinf=5.623199861460273e8 (11137) time=46.088075553s
[ Info: iter=3966 obj=1.418185317415971e6 pinf=0.0 (0) dinf=5.631177376203765e8 (11104) time=46.32716057s
PROGRESS iter=4000 refs=182 pinf=0.0 working_objective=605524.403755428
[ Info: iter=4046 obj=1.4181853174162398e6 pinf=0.0 (0) dinf=1.2652005785052727e10 (11186) time=47.218813435s
[ Info: iter=4126 obj=1.4181853174172183e6 pinf=0.0 (0) dinf=1.3460706254373316e10 (11167) time=48.535040729s
[ Info: iter=4189 obj=1.4181853174156744e6 pinf=0.0 (0) dinf=3.9933698288571343e9 (11137) time=49.584977705s
[ Info: iter=4197 obj=1.4181853174156744e6 pinf=0.0 (0) dinf=3.307716229044314e9 (11142) time=49.951697531s
[ Info: iter=4198 obj=1.4181853174156744e6 pinf=0.0 (0) dinf=2.6094409418691506e9 (11141) time=50.014458436s
[ Info: iter=4199 obj=1.4181853174156744e6 pinf=0.0 (0) dinf=2.4113475465109887e9 (11140) time=50.084998841s
[ Info: iter=4200 obj=1.4181853174156744e6 pinf=0.0 (0) dinf=2.223849828454838e9 (11139) time=50.149216046s
[ Info: iter=4201 obj=1.4181853174156744e6 pinf=0.0 (0) dinf=2.157374034371763e9 (11139) time=50.21411645s
[ Info: iter=4202 obj=1.4181853174156744e6 pinf=0.0 (0) dinf=2.1411795131766965e9 (11138) time=50.275876555s
[ Info: iter=4203 obj=1.4181853174156744e6 pinf=0.0 (0) dinf=2.0792896389807317e9 (11138) time=50.339629259s
[ Info: iter=4204 obj=1.4181853174156744e6 pinf=0.0 (0) dinf=2.0572914221002033e9 (11137) time=50.400655564s
[ Info: iter=4205 obj=1.4181853174156744e6 pinf=0.0 (0) dinf=2.0335993147555776e9 (11137) time=50.460988768s
[ Info: iter=4206 obj=1.4181853174156744e6 pinf=0.0 (0) dinf=2.0185846585658681e9 (11136) time=50.520995272s
[ Info: iter=4207 obj=1.4181853174156744e6 pinf=0.0 (0) dinf=2.0167552063290873e9 (11136) time=50.583353177s
[ Info: iter=4208 obj=1.4181853174156744e6 pinf=0.0 (0) dinf=2.0119147187792866e9 (11134) time=50.645076881s
[ Info: iter=4209 obj=1.4181853174156744e6 pinf=0.0 (0) dinf=2.0122807639768164e9 (11137) time=50.708798786s
[ Info: iter=4210 obj=1.4181853174156744e6 pinf=0.0 (0) dinf=2.0120685905844128e9 (11137) time=50.76825589s
[ Info: iter=4211 obj=1.4181853174156744e6 pinf=0.0 (0) dinf=2.0120395840922377e9 (11136) time=50.831070995s
[ Info: iter=4212 obj=1.4181853174156744e6 pinf=0.0 (0) dinf=2.0119363572898462e9 (11136) time=50.894337399s
[ Info: iter=4213 obj=1.4181853174156744e6 pinf=0.0 (0) dinf=2.0146076344395506e9 (11136) time=50.955679004s
[ Info: iter=4214 obj=1.4181853174156744e6 pinf=0.0 (0) dinf=2.547792340424069e9 (11136) time=51.017113108s
[ Info: iter=4215 obj=1.4181853174156744e6 pinf=0.0 (0) dinf=2.528680815309428e9 (11134) time=51.081089913s
[ Info: iter=4295 obj=1.4181853174156023e6 pinf=0.0 (0) dinf=1.8081017663130267e9 (11156) time=52.75577375s
[ Info: iter=4375 obj=1.4181853174155045e6 pinf=0.0 (0) dinf=1.8941909979411986e9 (11146) time=52.99548453s
[ Info: iter=4455 obj=1.4181853174155483e6 pinf=0.0 (0) dinf=2.383699975448106e9 (11107) time=53.231214208s
[ Info: iter=4501 obj=1.4181853174155192e6 pinf=0.0 (0) dinf=2.4492834593513846e9 (11058) time=54.154574715s
[ Info: iter=4508 obj=1.4181853174155192e6 pinf=0.0 (0) dinf=2.4397658443834796e9 (11038) time=54.267052152s
[ Info: iter=4509 obj=1.4181853174155192e6 pinf=0.0 (0) dinf=2.439765840243478e9 (11036) time=54.328377573s
[ Info: iter=4512 obj=1.4181853174155192e6 pinf=0.0 (0) dinf=2.425932797411207e9 (11025) time=54.439152809s
[ Info: iter=4592 obj=1.418185317415178e6 pinf=0.0 (0) dinf=1.654848510593436e9 (11162) time=55.105494431s
[ Info: iter=4672 obj=1.418185317417089e6 pinf=0.0 (0) dinf=1.8936619016910937e9 (10966) time=55.340761909s
[ Info: iter=4693 obj=1.4181853174280159e6 pinf=0.0 (0) dinf=2.4320661567900395e8 (10908) time=55.456676447s
[ Info: iter=4706 obj=1.4181853174280159e6 pinf=0.0 (0) dinf=2.4369171852316457e8 (10949) time=55.560285182s
[ Info: iter=4715 obj=1.4181853174280159e6 pinf=0.0 (0) dinf=2.4365631232663062e8 (10930) time=55.650079711s
[ Info: iter=4716 obj=1.4181853174280159e6 pinf=0.0 (0) dinf=2.4365632218897793e8 (10931) time=55.718081434s
[ Info: iter=4717 obj=1.4181853174280159e6 pinf=0.0 (0) dinf=2.436561670936914e8 (10930) time=55.785360356s
[ Info: iter=4718 obj=1.4181853174280159e6 pinf=0.0 (0) dinf=2.436558462925408e8 (10928) time=55.855166879s
[ Info: iter=4719 obj=1.4181853174280159e6 pinf=0.0 (0) dinf=2.4365528394622925e8 (10926) time=55.927320803s
[ Info: iter=4720 obj=1.4181853174280159e6 pinf=0.0 (0) dinf=2.435406499574441e8 (10922) time=55.997137527s
[ Info: iter=4721 obj=1.4181853174280159e6 pinf=0.0 (0) dinf=2.435063011773163e8 (10919) time=56.06854955s
[ Info: iter=4722 obj=1.4181853174280159e6 pinf=0.0 (0) dinf=2.4350458601159197e8 (10918) time=56.136839773s
[ Info: iter=4723 obj=1.4181853174280159e6 pinf=0.0 (0) dinf=2.437028772059907e8 (10928) time=56.211013998s
[ Info: iter=4724 obj=1.4181853174280159e6 pinf=0.0 (0) dinf=2.4368831968658665e8 (10935) time=56.286691023s
[ Info: iter=4725 obj=1.4181853174280159e6 pinf=0.0 (0) dinf=2.4368004035464534e8 (10934) time=56.353856745s
[ Info: iter=4726 obj=1.4181853174280159e6 pinf=0.0 (0) dinf=2.434931773717257e8 (10913) time=56.421001767s
[ Info: iter=4727 obj=1.4181853174280159e6 pinf=0.0 (0) dinf=2.434818422486335e8 (10912) time=56.48991359s
[ Info: iter=4728 obj=1.4181853174280159e6 pinf=0.0 (0) dinf=2.4348288212177506e8 (10914) time=56.554456212s
[ Info: iter=4729 obj=1.4181853174280159e6 pinf=0.0 (0) dinf=2.434825713886418e8 (10910) time=56.620690934s
[ Info: iter=4730 obj=1.4181853174280159e6 pinf=0.0 (0) dinf=2.4348438936598936e8 (10911) time=56.687786056s
[ Info: iter=4731 obj=1.4181853174280159e6 pinf=0.0 (0) dinf=2.4348501153095874e8 (10913) time=56.755116878s
[ Info: iter=4732 obj=1.4181853174280159e6 pinf=0.0 (0) dinf=2.4348792085489008e8 (10916) time=56.822278401s
[ Info: iter=4733 obj=1.4181853174280159e6 pinf=0.0 (0) dinf=2.4348361536932757e8 (10912) time=56.889080123s
[ Info: iter=4734 obj=1.4181853174280159e6 pinf=0.0 (0) dinf=2.4686952310050327e8 (10946) time=56.956166845s
[ Info: iter=4735 obj=1.4181853174280159e6 pinf=0.0 (0) dinf=2.444343189594971e8 (10917) time=57.025291668s
[ Info: iter=4736 obj=1.4181853174280159e6 pinf=0.0 (0) dinf=2.4430067037121212e8 (10928) time=57.093993191s
[ Info: iter=4737 obj=1.4181853174280159e6 pinf=0.0 (0) dinf=2.442714554017302e8 (10935) time=57.159903213s
[ Info: iter=4738 obj=1.4181853174280159e6 pinf=0.0 (0) dinf=2.4425483990404242e8 (10934) time=57.226497035s
[ Info: iter=4739 obj=1.4181853174280159e6 pinf=0.0 (0) dinf=2.4434247974665967e8 (10924) time=57.295111558s
[ Info: iter=4740 obj=1.4181853174280159e6 pinf=0.0 (0) dinf=2.443453435464488e8 (10934) time=57.36258828s
[ Info: iter=4741 obj=1.4181853174280159e6 pinf=0.0 (0) dinf=2.443690670169541e8 (10933) time=57.430545503s
[ Info: iter=4742 obj=1.4181853174280159e6 pinf=0.0 (0) dinf=2.4438247171447915e8 (10920) time=57.495974324s
[ Info: iter=4743 obj=1.4181853174280159e6 pinf=0.0 (0) dinf=2.4434754011647493e8 (10927) time=57.562682846s
[ Info: iter=4744 obj=1.4181853174280159e6 pinf=0.0 (0) dinf=2.443276733873233e8 (10926) time=57.629775969s
[ Info: iter=4745 obj=1.4181853174280159e6 pinf=0.0 (0) dinf=2.4414550924268356e8 (10925) time=57.69526659s
[ Info: iter=4746 obj=1.4181853174280159e6 pinf=0.0 (0) dinf=2.439585440346693e8 (10918) time=57.760240412s
[ Info: iter=4747 obj=1.4181853174280159e6 pinf=0.0 (0) dinf=2.4398463914693728e8 (10919) time=57.828728635s
[ Info: iter=4748 obj=1.4181853174280159e6 pinf=0.0 (0) dinf=2.4473203242098084e8 (10909) time=57.893837756s
[ Info: iter=4749 obj=1.4181853174280159e6 pinf=0.0 (0) dinf=2.450976263679721e8 (10907) time=57.961054079s
[ Info: iter=4750 obj=1.4181853174280163e6 pinf=0.0 (0) dinf=2.5154682308709294e8 (10930) time=58.027821101s
[ Info: iter=4751 obj=1.4181853174280163e6 pinf=0.0 (0) dinf=2.5155169214857727e8 (10931) time=58.094883223s
[ Info: iter=4752 obj=1.4181853174280163e6 pinf=0.0 (0) dinf=2.5155184346707305e8 (10930) time=58.163799246s
[ Info: iter=4753 obj=1.4181853174280163e6 pinf=0.0 (0) dinf=2.5155362863136208e8 (10932) time=58.228466767s
[ Info: iter=4754 obj=1.4181853174280163e6 pinf=0.0 (0) dinf=2.5157248132532522e8 (10935) time=58.29728409s
[ Info: iter=4755 obj=1.4181853174280163e6 pinf=0.0 (0) dinf=2.515458738376883e8 (10931) time=58.365398313s
[ Info: iter=4756 obj=1.4181853174280163e6 pinf=0.0 (0) dinf=2.5154281103110486e8 (10930) time=58.432850935s
[ Info: iter=4757 obj=1.4181853174280163e6 pinf=0.0 (0) dinf=2.5287426545853513e8 (10929) time=58.500792758s
[ Info: iter=4758 obj=1.4181853174280163e6 pinf=0.0 (0) dinf=2.5329390693204874e8 (10928) time=58.568980681s
[ Info: iter=4759 obj=1.4181853174280163e6 pinf=0.0 (0) dinf=2.5329600036418596e8 (10929) time=58.636230403s
[ Info: iter=4760 obj=1.4181853174280163e6 pinf=0.0 (0) dinf=2.5329827478965598e8 (10930) time=58.704617426s
[ Info: iter=4761 obj=1.4181853174280163e6 pinf=0.0 (0) dinf=2.5329548464046368e8 (10929) time=58.772942848s
[ Info: iter=4762 obj=1.4181853174280163e6 pinf=0.0 (0) dinf=2.5329214618689418e8 (10928) time=58.83697217s
[ Info: iter=4763 obj=1.4181853174280163e6 pinf=0.0 (0) dinf=2.4394656714322934e8 (10918) time=58.902738291s
[ Info: iter=4764 obj=1.4181853174280163e6 pinf=0.0 (0) dinf=2.4414139080616656e8 (10933) time=58.969358213s
[ Info: iter=4765 obj=1.4181853174280163e6 pinf=0.0 (0) dinf=2.44656577789135e8 (10928) time=59.035571435s
[ Info: iter=4766 obj=1.4181853174280163e6 pinf=0.0 (0) dinf=2.4458097859934866e8 (10935) time=59.100798957s
[ Info: iter=4767 obj=1.4181853174280163e6 pinf=0.0 (0) dinf=2.4453798289593467e8 (10934) time=59.165736379s
[ Info: iter=4768 obj=1.4181853174280163e6 pinf=0.0 (0) dinf=2.4410484388954744e8 (10927) time=59.232950601s
[ Info: iter=4769 obj=1.4181853174280163e6 pinf=0.0 (0) dinf=2.4416522365825352e8 (10928) time=59.299262423s
[ Info: iter=4770 obj=1.4181853174280147e6 pinf=0.0 (0) dinf=2.4673953894605866e8 (10923) time=59.365304045s
[ Info: iter=4771 obj=1.4181853174280163e6 pinf=0.0 (0) dinf=2.4431696674899918e8 (10922) time=59.431792767s
[ Info: iter=4772 obj=1.4181853174280168e6 pinf=0.0 (0) dinf=2.4358588437426305e8 (10912) time=59.503226091s
[ Info: iter=4773 obj=1.4181853174280168e6 pinf=0.0 (0) dinf=2.437351302078889e8 (10910) time=59.573536208s
[ Info: iter=4774 obj=1.4181853174280168e6 pinf=0.0 (0) dinf=2.4355616286813787e8 (10909) time=59.639723214s
[ Info: iter=4775 obj=1.4181853174280168e6 pinf=0.0 (0) dinf=2.4708190177668574e8 (10992) time=59.708175419s
[ Info: iter=4776 obj=1.4181853174280168e6 pinf=0.0 (0) dinf=2.4706950132684857e8 (10989) time=59.781320526s
[ Info: iter=4777 obj=1.4181853174280168e6 pinf=0.0 (0) dinf=2.4705566392888173e8 (10986) time=59.849558231s
[ Info: iter=4778 obj=1.4181853174280168e6 pinf=0.0 (0) dinf=2.4704739714525056e8 (10983) time=59.920927437s
[ Info: iter=4779 obj=1.4181853174280168e6 pinf=0.0 (0) dinf=2.4703817581316268e8 (10980) time=59.993521144s
[ Info: iter=4780 obj=1.4181853174280168e6 pinf=0.0 (0) dinf=2.4703246358369914e8 (10978) time=60.06846555s
[ Info: iter=4781 obj=1.4181853174280168e6 pinf=0.0 (0) dinf=2.4702626510450307e8 (10976) time=60.138276356s
[ Info: iter=4782 obj=1.4181853174280168e6 pinf=0.0 (0) dinf=2.470199915318773e8 (10974) time=60.212738962s
[ Info: iter=4783 obj=1.4181853174280168e6 pinf=0.0 (0) dinf=2.4701367539440197e8 (10972) time=60.282314968s
[ Info: iter=4784 obj=1.4181853174280168e6 pinf=0.0 (0) dinf=2.4700667220028242e8 (10969) time=60.356072674s
[ Info: iter=4785 obj=1.4181853174280168e6 pinf=0.0 (0) dinf=2.4700167917664558e8 (10967) time=60.42539918s
[ Info: iter=4786 obj=1.4181853174280168e6 pinf=0.0 (0) dinf=2.469950810055693e8 (10964) time=60.491576586s
[ Info: iter=4787 obj=1.4181853174280168e6 pinf=0.0 (0) dinf=2.4699022900314185e8 (10961) time=60.558885592s
[ Info: iter=4788 obj=1.4181853174280168e6 pinf=0.0 (0) dinf=2.469853770056609e8 (10958) time=60.630671398s
[ Info: iter=4789 obj=1.4181853174280168e6 pinf=0.0 (0) dinf=2.469830265927633e8 (10956) time=60.699224803s
[ Info: iter=4790 obj=1.4181853174280168e6 pinf=0.0 (0) dinf=2.469775147722802e8 (10955) time=60.768625909s
[ Info: iter=4791 obj=1.4181853174280168e6 pinf=0.0 (0) dinf=2.4696649250300583e8 (10953) time=60.837740615s
[ Info: iter=4792 obj=1.4181853174280168e6 pinf=0.0 (0) dinf=2.468308748152217e8 (10948) time=60.908420721s
[ Info: iter=4793 obj=1.4181853174280168e6 pinf=0.0 (0) dinf=2.46658955803664e8 (10947) time=60.977762127s
[ Info: iter=4794 obj=1.4181853174280168e6 pinf=0.0 (0) dinf=2.4684736430823097e8 (10946) time=61.045850033s
[ Info: iter=4795 obj=1.4181853174280168e6 pinf=0.0 (0) dinf=2.4685563687177208e8 (10947) time=61.115989639s
[ Info: iter=4796 obj=1.4181853174280168e6 pinf=0.0 (0) dinf=2.4687087397544506e8 (10947) time=61.187669945s
[ Info: iter=4797 obj=1.4181853174280168e6 pinf=0.0 (0) dinf=2.4713524256729513e8 (10949) time=61.259416751s
[ Info: iter=4798 obj=1.4181853174280168e6 pinf=0.0 (0) dinf=2.468463863164364e8 (10946) time=61.329813257s
[ Info: iter=4799 obj=1.4181853174280168e6 pinf=0.0 (0) dinf=2.470720172043379e8 (10947) time=61.398366963s
[ Info: iter=4800 obj=1.4181853174280168e6 pinf=0.0 (0) dinf=2.4682189865742776e8 (10945) time=61.466457669s
[ Info: iter=4801 obj=1.4181853174280168e6 pinf=0.0 (0) dinf=2.4703700679119936e8 (10946) time=61.537002275s
[ Info: iter=4802 obj=1.4181853174280168e6 pinf=0.0 (0) dinf=2.4679741099841908e8 (10944) time=61.60510148s
[ Info: iter=4803 obj=1.4181853174280168e6 pinf=0.0 (0) dinf=2.4670362169513026e8 (10945) time=61.675724186s
[ Info: iter=4804 obj=1.4181853174280168e6 pinf=0.0 (0) dinf=2.465820523946714e8 (10946) time=61.746130392s
[ Info: iter=4805 obj=1.4181853174280168e6 pinf=0.0 (0) dinf=2.4659053035837212e8 (10948) time=61.818623598s
[ Info: iter=4806 obj=1.4181853174280168e6 pinf=0.0 (0) dinf=2.4657505570820048e8 (10948) time=61.888245404s
[ Info: iter=4807 obj=1.4181853174280168e6 pinf=0.0 (0) dinf=2.4657505570820048e8 (10948) time=61.95882001s
[ Info: iter=4808 obj=1.4181853174280168e6 pinf=0.0 (0) dinf=2.4657505570820048e8 (10948) time=62.030370516s
[ Info: iter=4809 obj=1.4181853174280168e6 pinf=0.0 (0) dinf=2.4657505570820048e8 (10948) time=62.105156823s
[ Info: iter=4810 obj=1.4181853174280168e6 pinf=0.0 (0) dinf=2.4657505570820048e8 (10948) time=62.172762528s
[ Info: iter=4811 obj=1.4181853174280168e6 pinf=0.0 (0) dinf=2.465380322984065e8 (10951) time=62.245221735s
[ Info: iter=4812 obj=1.4181853174280168e6 pinf=0.0 (0) dinf=2.4650100888861254e8 (10954) time=62.317964341s
[ Info: iter=4813 obj=1.4181853174280168e6 pinf=0.0 (0) dinf=2.464639854788185e8 (10957) time=62.399194848s
[ Info: iter=4814 obj=1.4181853174280168e6 pinf=0.0 (0) dinf=2.4642696206902453e8 (10960) time=62.472443954s
[ Info: iter=4815 obj=1.4181853174280168e6 pinf=0.0 (0) dinf=2.463899386592305e8 (10963) time=62.54561146s
[ Info: iter=4816 obj=1.4181853174280168e6 pinf=0.0 (0) dinf=2.4637534596201742e8 (10961) time=62.618486066s
[ Info: iter=4817 obj=1.4181853174280168e6 pinf=0.0 (0) dinf=2.4584731156847298e8 (10961) time=62.691631572s
[ Info: iter=4818 obj=1.4181853174280168e6 pinf=0.0 (0) dinf=2.4730459270157906e8 (10959) time=62.760378978s
[ Info: iter=4819 obj=1.4181853174280168e6 pinf=0.0 (0) dinf=2.4615018692945915e8 (10956) time=62.828044384s
[ Info: iter=4820 obj=1.4181853174280168e6 pinf=0.0 (0) dinf=2.460091729088152e8 (10954) time=62.89794199s
[ Info: iter=4821 obj=1.4181853174280168e6 pinf=0.0 (0) dinf=2.45878424853563e8 (10952) time=62.974169096s
[ Info: iter=4822 obj=1.4181853174280168e6 pinf=0.0 (0) dinf=2.4574767679831076e8 (10950) time=63.051255903s
[ Info: iter=4823 obj=1.4181853174280168e6 pinf=0.0 (0) dinf=2.4566881211272115e8 (10952) time=63.13103181s
[ Info: iter=4824 obj=1.4181853174280168e6 pinf=0.0 (0) dinf=2.456673756704073e8 (10947) time=63.204201116s
[ Info: iter=4825 obj=1.4181853174280168e6 pinf=0.0 (0) dinf=2.456642131848998e8 (10948) time=63.280163722s
[ Info: iter=4826 obj=1.4181853174280168e6 pinf=0.0 (0) dinf=2.4566105116997892e8 (10948) time=63.355333029s
[ Info: iter=4827 obj=1.4181853174280168e6 pinf=0.0 (0) dinf=2.4565788915505806e8 (10948) time=63.427739935s
[ Info: iter=4828 obj=1.4181853174280168e6 pinf=0.0 (0) dinf=2.4565472714013717e8 (10948) time=63.501158141s
[ Info: iter=4829 obj=1.4181853174280168e6 pinf=0.0 (0) dinf=2.4581549500102407e8 (10948) time=63.577814048s
[ Info: iter=4830 obj=1.4181853174280168e6 pinf=0.0 (0) dinf=2.4581232831328186e8 (10949) time=63.654117854s
[ Info: iter=4831 obj=1.4181853174280168e6 pinf=0.0 (0) dinf=2.458742626137859e8 (10948) time=63.730165361s
[ Info: iter=4832 obj=1.4181853174280168e6 pinf=0.0 (0) dinf=2.4611224183578902e8 (10947) time=63.804601867s
[ Info: iter=4833 obj=1.4181853174280168e6 pinf=0.0 (0) dinf=2.460817765108163e8 (10950) time=63.880809373s
[ Info: iter=4834 obj=1.4181853174280168e6 pinf=0.0 (0) dinf=2.460515463445075e8 (10953) time=63.95416848s
[ Info: iter=4835 obj=1.4181853174280168e6 pinf=0.0 (0) dinf=2.4602269058937946e8 (10956) time=64.028641386s
[ Info: iter=4836 obj=1.4181853174280168e6 pinf=0.0 (0) dinf=2.4599539396732005e8 (10959) time=64.106504892s
[ Info: iter=4837 obj=1.4181853174280168e6 pinf=0.0 (0) dinf=2.459932779042392e8 (10956) time=64.184605099s
[ Info: iter=4838 obj=1.4181853174280168e6 pinf=0.0 (0) dinf=2.4599128499944118e8 (10953) time=64.257626805s
[ Info: iter=4839 obj=1.4181853174280168e6 pinf=0.0 (0) dinf=2.459891433410396e8 (10950) time=64.332124412s
[ Info: iter=4840 obj=1.4181853174280168e6 pinf=0.0 (0) dinf=2.4598728396093258e8 (10947) time=64.407439618s
[ Info: iter=4841 obj=1.4181853174280168e6 pinf=0.0 (0) dinf=2.4663442985624826e8 (10949) time=64.489119325s
[ Info: iter=4842 obj=1.4181853174280168e6 pinf=0.0 (0) dinf=2.4641723604966578e8 (10949) time=64.565681931s
[ Info: iter=4843 obj=1.4181853174280168e6 pinf=0.0 (0) dinf=2.462003844335181e8 (10949) time=64.642913538s
[ Info: iter=4844 obj=1.4181853174280168e6 pinf=0.0 (0) dinf=2.4598354912986076e8 (10949) time=64.719759444s
[ Info: iter=4845 obj=1.4181853174280168e6 pinf=0.0 (0) dinf=2.459744096346175e8 (10947) time=64.794882451s
[ Info: iter=4846 obj=1.4181853174280168e6 pinf=0.0 (0) dinf=2.45972507117621e8 (10944) time=64.880765658s
[ Info: iter=4847 obj=1.4181853174280168e6 pinf=0.0 (0) dinf=2.4597063940943265e8 (10941) time=64.960076165s
[ Info: iter=4848 obj=1.4181853174280168e6 pinf=0.0 (0) dinf=2.4596877170124426e8 (10938) time=65.040040472s
[ Info: iter=4849 obj=1.4181853174280168e6 pinf=0.0 (0) dinf=2.4596690399305588e8 (10935) time=65.120746578s
[ Info: iter=4850 obj=1.4181853174280168e6 pinf=0.0 (0) dinf=2.4609652415692282e8 (10935) time=65.202240685s
[ Info: iter=4851 obj=1.4181853174280168e6 pinf=0.0 (0) dinf=2.4610092285735983e8 (10936) time=65.286835793s
[ Info: iter=4852 obj=1.4181853174280168e6 pinf=0.0 (0) dinf=2.4609902708625638e8 (10933) time=65.368356599s
[ Info: iter=4853 obj=1.4181853174280168e6 pinf=0.0 (0) dinf=2.4610453496888328e8 (10933) time=65.446821406s
[ Info: iter=4854 obj=1.4181853174280168e6 pinf=0.0 (0) dinf=2.4624188538478166e8 (10932) time=65.530046413s
[ Info: iter=4855 obj=1.4181853174280168e6 pinf=0.0 (0) dinf=2.462444428832459e8 (10933) time=65.61029802s
[ Info: iter=4856 obj=1.4181853174280168e6 pinf=0.0 (0) dinf=2.462438478572912e8 (10931) time=65.690772327s
[ Info: iter=4857 obj=1.4181853174280168e6 pinf=0.0 (0) dinf=2.4624026720902413e8 (10931) time=65.769993134s
[ Info: iter=4858 obj=1.4181853174280168e6 pinf=0.0 (0) dinf=2.462421950753693e8 (10932) time=65.852597341s
[ Info: iter=4859 obj=1.4181853174280168e6 pinf=0.0 (0) dinf=2.462447522655613e8 (10933) time=65.931761847s
[ Info: iter=4860 obj=1.4181853174280168e6 pinf=0.0 (0) dinf=2.4624359620471656e8 (10931) time=66.014039354s
[ Info: iter=4861 obj=1.4181853174280168e6 pinf=0.0 (0) dinf=2.4664688466477913e8 (10933) time=66.097659361s
[ Info: iter=4862 obj=1.4181853174280168e6 pinf=0.0 (0) dinf=2.4676958061327502e8 (10932) time=66.180687168s
[ Info: iter=4863 obj=1.4181853174280168e6 pinf=0.0 (0) dinf=2.46670231216694e8 (10930) time=66.262743075s
[ Info: iter=4864 obj=1.4181853174280168e6 pinf=0.0 (0) dinf=2.469761362969645e8 (10930) time=66.342169482s
[ Info: iter=4865 obj=1.4181853174280168e6 pinf=0.0 (0) dinf=2.4697612179283565e8 (10930) time=66.421423989s
[ Info: iter=4866 obj=1.4181853174280168e6 pinf=0.0 (0) dinf=2.4697707509462762e8 (10931) time=66.507952996s
[ Info: iter=4867 obj=1.4181853174280168e6 pinf=0.0 (0) dinf=2.472644967421324e8 (10930) time=66.590533803s
[ Info: iter=4868 obj=1.4181853174280168e6 pinf=0.0 (0) dinf=2.4755220706779385e8 (10929) time=66.67308861s
[ Info: iter=4869 obj=1.4181853174280168e6 pinf=0.0 (0) dinf=2.479957457871675e8 (10929) time=66.746796116s
[ Info: iter=4870 obj=1.4181853174280168e6 pinf=0.0 (0) dinf=2.4790669475969538e8 (10928) time=66.833793924s
[ Info: iter=4871 obj=1.4181853174280168e6 pinf=0.0 (0) dinf=2.4837923521696436e8 (10929) time=66.917503831s
[ Info: iter=4872 obj=1.4181853174280168e6 pinf=0.0 (0) dinf=2.5018619254310772e8 (10928) time=67.001061038s
[ Info: iter=4873 obj=1.4181853174280168e6 pinf=0.0 (0) dinf=2.5019562755109122e8 (10929) time=67.079413245s
[ Info: iter=4874 obj=1.4181853174280168e6 pinf=0.0 (0) dinf=2.502159107890596e8 (10930) time=67.159623651s
[ Info: iter=4875 obj=1.4181853174280168e6 pinf=0.0 (0) dinf=2.501993318884224e8 (10930) time=67.239473758s
[ Info: iter=4876 obj=1.4181853174280168e6 pinf=0.0 (0) dinf=2.502840367857277e8 (10929) time=67.320829965s
[ Info: iter=4877 obj=1.4181853174280168e6 pinf=0.0 (0) dinf=2.5037028764666954e8 (10928) time=67.399027872s
[ Info: iter=4878 obj=1.4181853174280168e6 pinf=0.0 (0) dinf=2.5050905877230623e8 (10927) time=67.481845279s
[ Info: iter=4879 obj=1.4181853174280168e6 pinf=0.0 (0) dinf=2.4946366650202167e8 (10925) time=67.564948786s
[ Info: iter=4908 obj=1.4181853174154134e6 pinf=0.0 (0) dinf=4.6474794459275186e8 (11039) time=68.094671002s
[ Info: iter=4909 obj=1.4181853174154134e6 pinf=0.0 (0) dinf=4.647433131503322e8 (11038) time=68.158142104s
[ Info: iter=4910 obj=1.4181853174154144e6 pinf=0.0 (0) dinf=1.2067541384661818e8 (11026) time=68.224618506s
[ Info: iter=4990 obj=1.4181853174181757e6 pinf=0.0 (0) dinf=6.952385434772372e7 (10995) time=68.481949814s
PROGRESS iter=5000 refs=384 pinf=0.0 working_objective=605524.4037554245
[ Info: iter=5070 obj=1.4181853174160859e6 pinf=0.0 (0) dinf=6.921037753991823e7 (10961) time=68.731805221s
[ Info: iter=5150 obj=1.4181853174231998e6 pinf=0.0 (0) dinf=5.39172377776171e7 (11021) time=68.962129529s
[ Info: iter=5230 obj=1.4181853173664557e6 pinf=0.0 (0) dinf=5.7301842625924736e7 (10917) time=69.219388136s
[ Info: iter=5310 obj=1.418185317373118e6 pinf=0.0 (0) dinf=1.0384593232613806e8 (10982) time=69.474850344s
[ Info: iter=5390 obj=1.4181853174583607e6 pinf=0.0 (0) dinf=5.591793077028646e7 (10885) time=69.722630452s
[ Info: iter=5470 obj=1.4181853175902336e6 pinf=0.0 (0) dinf=5.393282854040017e7 (10930) time=69.962460059s
[ Info: iter=5550 obj=1.4181853176842565e6 pinf=0.0 (0) dinf=5.535551929231137e7 (10957) time=70.211140767s
[ Info: iter=5630 obj=1.418185317370226e6 pinf=0.0 (0) dinf=6.105650317092186e7 (10787) time=70.480936575s
[ Info: iter=5710 obj=1.4181853182785728e6 pinf=0.0 (0) dinf=1.3065939188702774e8 (10798) time=70.756713484s
[ Info: iter=5790 obj=1.4181853177649565e6 pinf=0.0 (0) dinf=1.4632566203890875e8 (10820) time=71.127550395s
[ Info: iter=5870 obj=1.4181853182646143e6 pinf=0.0 (0) dinf=5.825936488009971e9 (10892) time=71.60216761s
[ Info: iter=5872 obj=1.4181853182646143e6 pinf=0.0 (0) dinf=5.825901469718566e9 (10895) time=71.736345214s
[ Info: iter=5873 obj=1.4181853182646143e6 pinf=0.0 (0) dinf=5.825899969589636e9 (10892) time=71.843729317s
[ Info: iter=5874 obj=1.4181853182646143e6 pinf=0.0 (0) dinf=5.825899969589636e9 (10892) time=71.910498319s
[ Info: iter=5877 obj=1.4181853182646143e6 pinf=0.0 (0) dinf=5.826300912603061e9 (10893) time=72.052987723s
[ Info: iter=5878 obj=1.4181853182646143e6 pinf=0.0 (0) dinf=5.825978058217796e9 (10887) time=72.116781325s
[ Info: iter=5879 obj=1.4181853182646143e6 pinf=0.0 (0) dinf=5.826167133311252e9 (10890) time=72.319243732s
[ Info: iter=5880 obj=1.4181853182646143e6 pinf=0.0 (0) dinf=5.826033354190234e9 (10887) time=72.385368734s
[ Info: iter=5881 obj=1.4181853182646143e6 pinf=0.0 (0) dinf=5.827540275423053e9 (10889) time=72.449551636s
[ Info: iter=5882 obj=1.4181853182646143e6 pinf=0.0 (0) dinf=5.827540275343346e9 (10889) time=72.517470738s
[ Info: iter=5883 obj=1.4181853182646143e6 pinf=0.0 (0) dinf=5.827390255018344e9 (10887) time=72.59141334s
[ Info: iter=5884 obj=1.4181853182646143e6 pinf=0.0 (0) dinf=5.827390168789506e9 (10884) time=72.668183342s
[ Info: iter=5885 obj=1.4181853182646143e6 pinf=0.0 (0) dinf=5.827390082560667e9 (10881) time=72.738250145s
[ Info: iter=5886 obj=1.4181853182646143e6 pinf=0.0 (0) dinf=5.826991090711564e9 (10879) time=72.807626047s
[ Info: iter=5887 obj=1.4181853182646143e6 pinf=0.0 (0) dinf=5.826990903566485e9 (10876) time=72.876768149s
[ Info: iter=5888 obj=1.4181853182646143e6 pinf=0.0 (0) dinf=5.826990716421407e9 (10873) time=72.949147051s
[ Info: iter=5889 obj=1.4181853182646143e6 pinf=0.0 (0) dinf=5.826975949318514e9 (10871) time=73.021212053s
[ Info: iter=5890 obj=1.4181853182646143e6 pinf=0.0 (0) dinf=5.832077414602237e9 (10870) time=73.095218356s
[ Info: iter=5891 obj=1.4181853182646143e6 pinf=0.0 (0) dinf=5.830336778963544e9 (10867) time=73.166465658s
[ Info: iter=5892 obj=1.4181853182646143e6 pinf=0.0 (0) dinf=5.832433874999253e9 (10865) time=73.23651956s
[ Info: iter=5893 obj=1.4181853182646143e6 pinf=0.0 (0) dinf=5.834165352645905e9 (10864) time=73.306945862s
[ Info: iter=5894 obj=1.4181853182646143e6 pinf=0.0 (0) dinf=5.835843311141364e9 (10863) time=73.377683064s
[ Info: iter=5895 obj=1.4181853182646143e6 pinf=0.0 (0) dinf=5.83620777351459e9 (10862) time=73.450083766s
[ Info: iter=5896 obj=1.4181853182646143e6 pinf=0.0 (0) dinf=5.8372828009943e9 (10861) time=73.519691469s
[ Info: iter=5897 obj=1.4181853182646143e6 pinf=0.0 (0) dinf=1.5626815689895203e10 (10828) time=73.586932971s
[ Info: iter=5898 obj=1.4181853182646143e6 pinf=0.0 (0) dinf=1.5624152354841558e10 (10823) time=73.659719973s
[ Info: iter=5899 obj=1.4181853182646143e6 pinf=0.0 (0) dinf=5.836628864892088e9 (10863) time=73.733350675s
[ Info: iter=5900 obj=1.4181853182646143e6 pinf=0.0 (0) dinf=5.836640833553077e9 (10865) time=73.804573877s
[ Info: iter=5901 obj=1.4181853182646143e6 pinf=0.0 (0) dinf=5.836638770462096e9 (10861) time=73.87809728s
[ Info: iter=5902 obj=1.4181853182646143e6 pinf=0.0 (0) dinf=5.8366387704152775e9 (10861) time=73.950584782s
[ Info: iter=5903 obj=1.4181853182646143e6 pinf=0.0 (0) dinf=5.836434927783286e9 (10856) time=74.020853384s
[ Info: iter=5904 obj=1.4181853182646143e6 pinf=0.0 (0) dinf=5.836395570030376e9 (10853) time=74.093789586s
[ Info: iter=5905 obj=1.4181853182646143e6 pinf=0.0 (0) dinf=5.836373912789028e9 (10850) time=74.163520688s
[ Info: iter=5906 obj=1.4181853182646143e6 pinf=0.0 (0) dinf=5.836343226391962e9 (10843) time=74.236639291s
[ Info: iter=5907 obj=1.4181853182646143e6 pinf=0.0 (0) dinf=5.835609231096057e9 (10841) time=74.308464193s
[ Info: iter=5908 obj=1.4181853182646143e6 pinf=0.0 (0) dinf=5.8227759675290985e9 (10840) time=74.382645595s
[ Info: iter=5909 obj=1.4181853182646143e6 pinf=0.0 (0) dinf=5.810474296772431e9 (10839) time=74.459412097s
[ Info: iter=5910 obj=1.4181853182646143e6 pinf=0.0 (0) dinf=5.79983342455311e9 (10832) time=74.53281s
[ Info: iter=5911 obj=1.4181853182646143e6 pinf=0.0 (0) dinf=5.7991364626760845e9 (10830) time=74.605441102s
[ Info: iter=5912 obj=1.4181853182646143e6 pinf=0.0 (0) dinf=5.798439629904879e9 (10828) time=74.679641404s
[ Info: iter=5913 obj=1.4181853182646143e6 pinf=0.0 (0) dinf=5.797743334133319e9 (10826) time=74.751689106s
[ Info: iter=5914 obj=1.4181853182646143e6 pinf=0.0 (0) dinf=5.797047038361757e9 (10824) time=74.822984609s
[ Info: iter=5915 obj=1.4181853182646143e6 pinf=0.0 (0) dinf=5.7963507425901985e9 (10822) time=74.896606011s
[ Info: iter=5916 obj=1.4181853182646143e6 pinf=0.0 (0) dinf=5.794359540139499e9 (10821) time=74.971049913s
[ Info: iter=5917 obj=1.4181853182646143e6 pinf=0.0 (0) dinf=5.794214595736643e9 (10823) time=75.044101215s
[ Info: iter=5918 obj=1.4181853182646143e6 pinf=0.0 (0) dinf=5.794213723903755e9 (10821) time=75.115572918s
[ Info: iter=5919 obj=1.4181853182646143e6 pinf=0.0 (0) dinf=5.794212179562046e9 (10819) time=75.18939892s
[ Info: iter=5920 obj=1.4181853182646143e6 pinf=0.0 (0) dinf=5.800430921898224e9 (10825) time=75.262025822s
[ Info: iter=5921 obj=1.4181853182646143e6 pinf=0.0 (0) dinf=5.798707270590123e9 (10823) time=75.337672424s
[ Info: iter=5922 obj=1.4181853182646143e6 pinf=0.0 (0) dinf=5.796877784999171e9 (10821) time=75.414170627s
[ Info: iter=5923 obj=1.4181853182646143e6 pinf=0.0 (0) dinf=5.794955389156871e9 (10819) time=75.492029029s
[ Info: iter=5924 obj=1.4181853182646143e6 pinf=0.0 (0) dinf=5.792925587333295e9 (10817) time=75.567863731s
[ Info: iter=5925 obj=1.4181853182646143e6 pinf=0.0 (0) dinf=5.789783914637765e9 (10815) time=75.646388531s
[ Info: iter=5926 obj=1.4181853182646143e6 pinf=0.0 (0) dinf=5.788303096408629e9 (10814) time=75.719103131s
[ Info: iter=5927 obj=1.4181853182646143e6 pinf=0.0 (0) dinf=5.787353873308993e9 (10813) time=75.79137073s
[ Info: iter=5928 obj=1.4181853182646143e6 pinf=0.0 (0) dinf=5.787041656634057e9 (10813) time=75.86660333s
[ Info: iter=5929 obj=1.4181853182646143e6 pinf=0.0 (0) dinf=5.791868445731645e9 (10812) time=75.942563129s
[ Info: iter=5930 obj=1.4181853182646143e6 pinf=0.0 (0) dinf=5.795611382452737e9 (10811) time=76.016813228s
[ Info: iter=5931 obj=1.4181853182646143e6 pinf=0.0 (0) dinf=5.778590984050534e9 (10821) time=76.091515828s
[ Info: iter=5932 obj=1.4181853182646143e6 pinf=0.0 (0) dinf=5.779908974182816e9 (10818) time=76.171980127s
[ Info: iter=5933 obj=1.4181853182646143e6 pinf=0.0 (0) dinf=5.775964314614539e9 (10822) time=76.248798927s
[ Info: iter=5934 obj=1.4181853182646143e6 pinf=0.0 (0) dinf=5.773843165531573e9 (10821) time=76.327125626s
[ Info: iter=5935 obj=1.4181853182646143e6 pinf=0.0 (0) dinf=5.7717220164486065e9 (10820) time=76.403742925s
[ Info: iter=5936 obj=1.4181853182646143e6 pinf=0.0 (0) dinf=5.77153411696417e9 (10820) time=76.485100225s
[ Info: iter=5937 obj=1.4181853182646143e6 pinf=0.0 (0) dinf=5.767647050319814e9 (10823) time=76.563237224s
[ Info: iter=5938 obj=1.4181853182646143e6 pinf=0.0 (0) dinf=5.767641349981501e9 (10822) time=76.640689223s
[ Info: iter=5939 obj=1.4181853182646143e6 pinf=0.0 (0) dinf=5.7674552219226055e9 (10822) time=76.723414323s
[ Info: iter=5940 obj=1.4181853182646143e6 pinf=0.0 (0) dinf=5.765631711451675e9 (10827) time=76.810727722s
[ Info: iter=5941 obj=1.4181853182646143e6 pinf=0.0 (0) dinf=5.763808200980317e9 (10832) time=76.894958221s
[ Info: iter=5942 obj=1.4181853182646143e6 pinf=0.0 (0) dinf=5.763809224159137e9 (10828) time=76.975513921s
[ Info: iter=5943 obj=1.4181853182646143e6 pinf=0.0 (0) dinf=5.763813629979403e9 (10829) time=77.05371612s
[ Info: iter=5944 obj=1.4181853182646143e6 pinf=0.0 (0) dinf=5.786013607472524e9 (10826) time=77.13218492s
[ Info: iter=5945 obj=1.4181853182646143e6 pinf=0.0 (0) dinf=5.785872824422494e9 (10821) time=77.212541619s
[ Info: iter=5946 obj=1.4181853182646143e6 pinf=0.0 (0) dinf=5.785696907131476e9 (10821) time=77.293033418s
[ Info: iter=5947 obj=1.4181853182646143e6 pinf=0.0 (0) dinf=5.785619619560405e9 (10816) time=77.375596018s
[ Info: iter=5948 obj=1.4181853182646143e6 pinf=0.0 (0) dinf=5.785612469889102e9 (10812) time=77.458428417s
[ Info: iter=5949 obj=1.4181853182646143e6 pinf=0.0 (0) dinf=5.785604819896274e9 (10808) time=77.541962516s
[ Info: iter=5950 obj=1.4181853182646143e6 pinf=0.0 (0) dinf=5.785609225727149e9 (10809) time=77.622958916s
[ Info: iter=5951 obj=1.4181853182646143e6 pinf=0.0 (0) dinf=5.785444645268624e9 (10809) time=77.707210115s
[ Info: iter=5952 obj=1.4181853182646143e6 pinf=0.0 (0) dinf=5.7854546185992985e9 (10809) time=77.789081114s
[ Info: iter=5953 obj=1.4181853182646143e6 pinf=0.0 (0) dinf=5.7854546185992985e9 (10809) time=77.872025314s
[ Info: iter=5954 obj=1.4181853182646143e6 pinf=0.0 (0) dinf=5.7854546185992985e9 (10809) time=77.953035313s
[ Info: iter=5955 obj=1.4181853182646143e6 pinf=0.0 (0) dinf=5.7854546185992985e9 (10809) time=78.035240612s
[ Info: iter=5956 obj=1.4181853182646143e6 pinf=0.0 (0) dinf=5.785398077452396e9 (10806) time=78.120755712s
[ Info: iter=5957 obj=1.4181853182646143e6 pinf=0.0 (0) dinf=5.785435769250495e9 (10808) time=78.208766011s
[ Info: iter=5958 obj=1.4181853182646143e6 pinf=0.0 (0) dinf=5.783897317858547e9 (10808) time=78.29387451s
[ Info: iter=5959 obj=1.4181853182646143e6 pinf=0.0 (0) dinf=5.783901723003849e9 (10809) time=78.37692311s
[ Info: iter=5960 obj=1.4181853182646143e6 pinf=0.0 (0) dinf=5.7839121957628355e9 (10809) time=78.462072009s
[ Info: iter=5961 obj=1.4181853182646143e6 pinf=0.0 (0) dinf=5.7843262924725e9 (10808) time=78.549101308s
[ Info: iter=5962 obj=1.4181853182646143e6 pinf=0.0 (0) dinf=5.79600833832782e9 (10818) time=78.637214108s
[ Info: iter=5963 obj=1.4181853182646153e6 pinf=0.0 (0) dinf=5.968212874609617e9 (10845) time=78.723687107s
[ Info: iter=5964 obj=1.4181853182646153e6 pinf=0.0 (0) dinf=5.769932046774329e9 (10819) time=78.814472206s
[ Info: iter=5965 obj=1.4181853182646153e6 pinf=0.0 (0) dinf=5.923072153809248e9 (10803) time=78.899439206s
[ Info: iter=5966 obj=1.4181853182646153e6 pinf=0.0 (0) dinf=6.790889821933695e9 (10800) time=78.987348905s
[ Info: iter=5967 obj=1.4181853182646357e6 pinf=0.0 (0) dinf=1.1926191431386147e10 (10828) time=79.074328504s
[ Info: iter=5968 obj=1.4181853182646357e6 pinf=0.0 (0) dinf=7.094616661481954e9 (10811) time=79.184053003s
[ Info: iter=5969 obj=1.4181853182646488e6 pinf=0.0 (0) dinf=6.842431189620327e9 (10810) time=79.271855003s
[ Info: iter=5970 obj=1.4181853182646153e6 pinf=0.0 (0) dinf=8.939371263571035e9 (10807) time=79.362223302s
[ Info: iter=5971 obj=1.418185318264436e6 pinf=0.0 (0) dinf=8.69357444304598e9 (10813) time=79.446943201s
[ Info: iter=5972 obj=1.418185318264436e6 pinf=0.0 (0) dinf=8.692991147120338e9 (10811) time=79.532318601s
[ Info: iter=5973 obj=1.418185318264436e6 pinf=0.0 (0) dinf=8.779498082869116e9 (10828) time=79.6209497s
[ Info: iter=5974 obj=1.418185318264436e6 pinf=0.0 (0) dinf=8.77890395441921e9 (10825) time=79.710648499s
[ Info: iter=5975 obj=1.418185318264444e6 pinf=0.0 (0) dinf=8.9545512499018e9 (10810) time=79.800663699s
[ Info: iter=5976 obj=1.4181853182646153e6 pinf=0.0 (0) dinf=1.6601219157670649e10 (10807) time=79.887890998s
[ Info: iter=5977 obj=1.4181853182644425e6 pinf=0.0 (0) dinf=8.845059085735224e9 (10809) time=79.973810197s
[ Info: iter=5978 obj=1.4181853182644425e6 pinf=0.0 (0) dinf=8.79006315340954e9 (10807) time=80.069361096s
[ Info: iter=5979 obj=1.418185318264444e6 pinf=0.0 (0) dinf=8.736984213315441e9 (10805) time=80.160097996s
[ Info: iter=5980 obj=1.418185318264444e6 pinf=0.0 (0) dinf=8.72926590263209e9 (10803) time=80.253467295s
[ Info: iter=5981 obj=1.4181853182646437e6 pinf=0.0 (0) dinf=6.01712721184447e9 (10817) time=80.345195094s
[ Info: iter=5982 obj=1.418185318264644e6 pinf=0.0 (0) dinf=6.015057935299259e9 (10816) time=80.440643693s
[ Info: iter=5983 obj=1.418185318264644e6 pinf=0.0 (0) dinf=6.015109403716492e9 (10818) time=80.529343193s
[ Info: iter=5984 obj=1.418185318264644e6 pinf=0.0 (0) dinf=6.015098318807406e9 (10817) time=80.617446692s
[ Info: iter=5985 obj=1.418185318264644e6 pinf=0.0 (0) dinf=6.01605343262683e9 (10820) time=80.708863091s
[ Info: iter=5986 obj=1.4181853182646446e6 pinf=0.0 (0) dinf=6.012570747606071e9 (10819) time=80.802916691s
[ Info: iter=5987 obj=1.4181853182646446e6 pinf=0.0 (0) dinf=6.004997250718938e9 (10816) time=80.89155629s
[ Info: iter=5988 obj=1.4181853182646446e6 pinf=0.0 (0) dinf=5.993737347643253e9 (10813) time=80.979072989s
[ Info: iter=5989 obj=1.4181853182646446e6 pinf=0.0 (0) dinf=5.980936229418541e9 (10810) time=81.071471388s
[ Info: iter=5990 obj=1.4181853182646446e6 pinf=0.0 (0) dinf=5.935709701386203e9 (10792) time=81.162723388s
[ Info: iter=5991 obj=1.4181853182646446e6 pinf=0.0 (0) dinf=5.93663623141843e9 (10793) time=81.252562387s
[ Info: iter=5992 obj=1.418185318264674e6 pinf=0.0 (0) dinf=8.38475865649812e10 (10793) time=81.341521086s
[ Info: iter=5993 obj=1.418185318264674e6 pinf=0.0 (0) dinf=8.384590272771965e10 (10792) time=81.425938086s
[ Info: iter=5994 obj=1.418185318264674e6 pinf=0.0 (0) dinf=8.384579109874823e10 (10792) time=81.517990685s
[ Info: iter=5995 obj=1.418185318264674e6 pinf=0.0 (0) dinf=8.426138131486612e10 (10808) time=81.613134784s
[ Info: iter=5996 obj=1.418185318264674e6 pinf=0.0 (0) dinf=8.419313065209381e10 (10807) time=81.705287483s
[ Info: iter=5997 obj=1.4181853182647096e6 pinf=0.0 (0) dinf=8.406545749001112e10 (10812) time=81.796178483s
[ Info: iter=5998 obj=1.418185318264674e6 pinf=0.0 (0) dinf=8.430580704072044e10 (10807) time=81.889852982s
[ Info: iter=5999 obj=1.418185318264674e6 pinf=0.0 (0) dinf=8.433635347760725e10 (10806) time=81.984259481s
PROGRESS iter=6000 refs=521 pinf=0.0 working_objective=605524.403742195
[ Info: iter=6000 obj=1.418185318264674e6 pinf=0.0 (0) dinf=8.426239822142122e10 (10802) time=82.08425878s
[ Info: iter=6001 obj=1.418185318264674e6 pinf=0.0 (0) dinf=8.383285838995436e10 (10788) time=82.18008228s
[ Info: iter=6002 obj=1.418185318264674e6 pinf=0.0 (0) dinf=8.401816354569193e10 (10796) time=82.272549379s
[ Info: iter=6003 obj=1.4181853182646756e6 pinf=0.0 (0) dinf=8.539048213177356e10 (10821) time=82.366635778s
[ Info: iter=6004 obj=1.4181853182646758e6 pinf=0.0 (0) dinf=8.535746096091533e10 (10820) time=82.461256178s
[ Info: iter=6005 obj=1.4181853182646758e6 pinf=0.0 (0) dinf=8.545302918677373e10 (10819) time=82.551698777s
[ Info: iter=6006 obj=1.4181853182646758e6 pinf=0.0 (0) dinf=8.54706239086921e10 (10818) time=82.642353276s
[ Info: iter=6007 obj=1.4181853182646758e6 pinf=0.0 (0) dinf=8.441402368011938e10 (10798) time=82.736174475s
[ Info: iter=6008 obj=1.4181853182646825e6 pinf=0.0 (0) dinf=8.441352207918822e10 (10797) time=82.826519575s
[ Info: iter=6009 obj=1.4181853182646825e6 pinf=0.0 (0) dinf=8.440982527895778e10 (10796) time=82.919922274s
[ Info: iter=6010 obj=1.4181853182644334e6 pinf=0.0 (0) dinf=8.39988117976887e10 (10795) time=83.010749473s
[ Info: iter=6011 obj=1.4181853182646963e6 pinf=0.0 (0) dinf=8.382554674531412e10 (10787) time=83.105000172s
[ Info: iter=6012 obj=1.4181853182646998e6 pinf=0.0 (0) dinf=8.427255712599458e10 (10828) time=83.197094772s
[ Info: iter=6013 obj=1.4181853182646998e6 pinf=0.0 (0) dinf=8.42715942476772e10 (10827) time=83.281958271s
[ Info: iter=6014 obj=1.4181853182646998e6 pinf=0.0 (0) dinf=8.427158078571638e10 (10826) time=83.36887387s
[ Info: iter=6015 obj=1.4181853182646998e6 pinf=0.0 (0) dinf=8.427114861194202e10 (10826) time=83.45467737s
[ Info: iter=6016 obj=1.4181853182646998e6 pinf=0.0 (0) dinf=8.427107212892639e10 (10825) time=83.545161969s
[ Info: iter=6017 obj=1.4181853182647058e6 pinf=0.0 (0) dinf=8.435184002070258e10 (10837) time=83.633786868s
[ Info: iter=6018 obj=1.4181853182647058e6 pinf=0.0 (0) dinf=8.408486351172868e10 (10838) time=83.720834966s
[ Info: iter=6019 obj=1.4181853182647065e6 pinf=0.0 (0) dinf=8.408982701639001e10 (10836) time=83.807458465s
[ Info: iter=6020 obj=1.4181853182647633e6 pinf=0.0 (0) dinf=8.395536496880121e10 (10822) time=83.900470863s
[ Info: iter=6021 obj=1.4181853182647633e6 pinf=0.0 (0) dinf=8.395534144278384e10 (10821) time=83.990748662s
[ Info: iter=6022 obj=1.4181853182647633e6 pinf=0.0 (0) dinf=8.400723048913185e10 (10834) time=84.08755246s
[ Info: iter=6023 obj=1.4181853182647708e6 pinf=0.0 (0) dinf=8.402454310670476e10 (10833) time=84.178028158s
[ Info: iter=6024 obj=1.4181853182647708e6 pinf=0.0 (0) dinf=8.395505545426988e10 (10820) time=84.270342057s
[ Info: iter=6025 obj=1.4181853182647708e6 pinf=0.0 (0) dinf=8.3613000186594e10 (10800) time=84.359095155s
[ Info: iter=6026 obj=1.418185318264919e6 pinf=0.0 (0) dinf=8.476104835780576e10 (10821) time=84.448044254s
[ Info: iter=6027 obj=1.418185318264919e6 pinf=0.0 (0) dinf=8.475289419740388e10 (10822) time=84.536057952s
[ Info: iter=6028 obj=1.4181853182649328e6 pinf=0.0 (0) dinf=8.47441055810298e10 (10821) time=84.631294551s
[ Info: iter=6029 obj=1.4181853182646437e6 pinf=0.0 (0) dinf=8.471052269136551e10 (10801) time=84.725609349s
[ Info: iter=6030 obj=1.4181853182646437e6 pinf=0.0 (0) dinf=8.627095542251125e10 (10811) time=84.817682947s
[ Info: iter=6031 obj=1.4181853182646437e6 pinf=0.0 (0) dinf=8.626860318500868e10 (10810) time=84.911836146s
[ Info: iter=6032 obj=1.4181853182646437e6 pinf=0.0 (0) dinf=8.626660617291245e10 (10808) time=85.003834144s
[ Info: iter=6033 obj=1.41818531826476e6 pinf=0.0 (0) dinf=8.581101575911205e10 (10819) time=85.095287543s
[ Info: iter=6034 obj=1.41818531826476e6 pinf=0.0 (0) dinf=8.579760489835266e10 (10818) time=85.183445541s
[ Info: iter=6035 obj=1.4181853182647605e6 pinf=0.0 (0) dinf=8.578931071590872e10 (10817) time=85.27084744s
[ Info: iter=6036 obj=1.4181853182647636e6 pinf=0.0 (0) dinf=8.619674076736009e10 (10816) time=85.361403438s
[ Info: iter=6037 obj=1.4181853182647636e6 pinf=0.0 (0) dinf=8.61854577398557e10 (10810) time=85.456083036s
[ Info: iter=6038 obj=1.4181853182647433e6 pinf=0.0 (0) dinf=8.365726502416556e10 (10807) time=85.544649035s
[ Info: iter=6039 obj=1.4181853182647433e6 pinf=0.0 (0) dinf=8.366686053326067e10 (10807) time=85.639041933s
[ Info: iter=6040 obj=1.4181853182647433e6 pinf=0.0 (0) dinf=8.476390916243387e10 (10810) time=85.730658732s
[ Info: iter=6041 obj=1.4181853182647433e6 pinf=0.0 (0) dinf=8.478731567283955e10 (10813) time=85.82590263s
[ Info: iter=6042 obj=1.4181853182647433e6 pinf=0.0 (0) dinf=8.477490170113835e10 (10812) time=85.915423729s
[ Info: iter=6043 obj=1.4181853182647433e6 pinf=0.0 (0) dinf=8.476117620216525e10 (10810) time=86.003947227s
[ Info: iter=6044 obj=1.4181853182647433e6 pinf=0.0 (0) dinf=8.458049821217896e10 (10809) time=86.093594925s
[ Info: iter=6045 obj=1.4181853182647433e6 pinf=0.0 (0) dinf=8.386986817482451e10 (10807) time=86.186036024s
[ Info: iter=6046 obj=1.4181853182647433e6 pinf=0.0 (0) dinf=8.492919523217166e10 (10809) time=86.275507022s
[ Info: iter=6047 obj=1.4181853182647433e6 pinf=0.0 (0) dinf=8.471563086514687e10 (10820) time=86.367402321s
[ Info: iter=6048 obj=1.4181853182647433e6 pinf=0.0 (0) dinf=8.47146211877307e10 (10818) time=86.458238119s
[ Info: iter=6049 obj=1.4181853182647433e6 pinf=0.0 (0) dinf=8.402314914661073e10 (10816) time=86.550862318s
[ Info: iter=6050 obj=1.4181853182647433e6 pinf=0.0 (0) dinf=8.398567601629059e10 (10813) time=86.639913516s
[ Info: iter=6051 obj=1.4181853182647433e6 pinf=0.0 (0) dinf=8.400627173838725e10 (10818) time=86.731008014s
[ Info: iter=6052 obj=1.4181853182647433e6 pinf=0.0 (0) dinf=8.400608450848228e10 (10818) time=86.820720213s
[ Info: iter=6053 obj=1.4181853182647433e6 pinf=0.0 (0) dinf=8.390557160721475e10 (10814) time=86.913466511s
[ Info: iter=6054 obj=1.4181853182647433e6 pinf=0.0 (0) dinf=8.391398500370314e10 (10813) time=87.01124171s
[ Info: iter=6055 obj=1.4181853182647433e6 pinf=0.0 (0) dinf=8.39056060168002e10 (10812) time=87.103814308s
[ Info: iter=6056 obj=1.4181853182647433e6 pinf=0.0 (0) dinf=8.387418952534206e10 (10816) time=87.193637207s
[ Info: iter=6057 obj=1.4181853182647433e6 pinf=0.0 (0) dinf=8.386988131131262e10 (10815) time=87.287352205s
[ Info: iter=6058 obj=1.4181853182647433e6 pinf=0.0 (0) dinf=8.386557309749162e10 (10814) time=87.378585403s
[ Info: iter=6059 obj=1.4181853182647433e6 pinf=0.0 (0) dinf=8.410722235414977e10 (10818) time=87.468313702s
[ Info: iter=6060 obj=1.4181853182647433e6 pinf=0.0 (0) dinf=8.410686685769453e10 (10818) time=87.5612503s
[ Info: iter=6061 obj=1.4181853182647433e6 pinf=0.0 (0) dinf=8.407304778983913e10 (10817) time=87.655609599s
[ Info: iter=6062 obj=1.4181853182647433e6 pinf=0.0 (0) dinf=8.403783359161403e10 (10816) time=87.749642897s
[ Info: iter=6063 obj=1.4181853182647433e6 pinf=0.0 (0) dinf=8.402641770815347e10 (10815) time=87.839614695s
[ Info: iter=6064 obj=1.4181853182647433e6 pinf=0.0 (0) dinf=8.399058856281834e10 (10815) time=87.930791594s
[ Info: iter=6065 obj=1.4181853182647433e6 pinf=0.0 (0) dinf=8.399053300087337e10 (10815) time=88.022146692s
[ Info: iter=6066 obj=1.4181853182647433e6 pinf=0.0 (0) dinf=8.4112546837607e10 (10818) time=88.119988091s
[ Info: iter=6067 obj=1.4181853182647433e6 pinf=0.0 (0) dinf=8.4112546837607e10 (10817) time=88.213989389s
[ Info: iter=6068 obj=1.4181853182647433e6 pinf=0.0 (0) dinf=8.402094671136072e10 (10824) time=88.305409487s
[ Info: iter=6069 obj=1.4181853182647433e6 pinf=0.0 (0) dinf=8.400354268155031e10 (10832) time=88.398205486s
[ Info: iter=6070 obj=1.4181853182647433e6 pinf=0.0 (0) dinf=8.400231445983063e10 (10831) time=88.493680284s
[ Info: iter=6071 obj=1.4181853182647433e6 pinf=0.0 (0) dinf=8.400102155102234e10 (10830) time=88.585036283s
[ Info: iter=6072 obj=1.4181853182647433e6 pinf=0.0 (0) dinf=8.399931889408453e10 (10829) time=88.677716481s
[ Info: iter=6073 obj=1.4181853182647433e6 pinf=0.0 (0) dinf=8.400313556709479e10 (10831) time=88.769770179s
[ Info: iter=6074 obj=1.4181853182647433e6 pinf=0.0 (0) dinf=8.400152734680156e10 (10831) time=88.863402178s
[ Info: iter=6075 obj=1.4181853182647433e6 pinf=0.0 (0) dinf=8.400151462433072e10 (10831) time=88.955732476s
[ Info: iter=6076 obj=1.4181853182647433e6 pinf=0.0 (0) dinf=8.399996689423157e10 (10830) time=89.055277874s
[ Info: iter=6077 obj=1.4181853182647433e6 pinf=0.0 (0) dinf=8.39987067645173e10 (10829) time=89.148206073s
[ Info: iter=6078 obj=1.4181853182647433e6 pinf=0.0 (0) dinf=8.39975291835402e10 (10828) time=89.238764271s
[ Info: iter=6079 obj=1.4181853182647433e6 pinf=0.0 (0) dinf=8.399663218314116e10 (10827) time=89.33305257s
[ Info: iter=6080 obj=1.4181853182647433e6 pinf=0.0 (0) dinf=8.399633754113734e10 (10826) time=89.425337268s
[ Info: iter=6081 obj=1.4181853182647433e6 pinf=0.0 (0) dinf=8.39502238789587e10 (10825) time=89.517902966s
[ Info: iter=6082 obj=1.4181853182647433e6 pinf=0.0 (0) dinf=8.390025412141014e10 (10824) time=89.610659765s
[ Info: iter=6083 obj=1.4181853182647433e6 pinf=0.0 (0) dinf=8.389904130668425e10 (10823) time=89.707281763s
[ Info: iter=6084 obj=1.4181853182647433e6 pinf=0.0 (0) dinf=8.389940720299808e10 (10823) time=89.800497562s
[ Info: iter=6085 obj=1.4181853182647433e6 pinf=0.0 (0) dinf=8.389704221253088e10 (10832) time=89.89294806s
[ Info: iter=6086 obj=1.4181853182647433e6 pinf=0.0 (0) dinf=8.390781716702545e10 (10833) time=89.983019758s
[ Info: iter=6087 obj=1.4181853182647433e6 pinf=0.0 (0) dinf=8.391468949539186e10 (10835) time=90.075975757s
[ Info: iter=6088 obj=1.4181853182647433e6 pinf=0.0 (0) dinf=8.390927311653949e10 (10834) time=90.167237955s
[ Info: iter=6089 obj=1.4181853182647433e6 pinf=0.0 (0) dinf=8.390483577082187e10 (10832) time=90.276807253s
[ Info: iter=6090 obj=1.4181853182647433e6 pinf=0.0 (0) dinf=8.390359480830809e10 (10830) time=90.381475752s
[ Info: iter=6091 obj=1.4181853182647433e6 pinf=0.0 (0) dinf=8.390161647227737e10 (10829) time=90.48249625s
[ Info: iter=6092 obj=1.4181853182647433e6 pinf=0.0 (0) dinf=8.38996091679405e10 (10826) time=90.575962748s
[ Info: iter=6093 obj=1.4181853182647433e6 pinf=0.0 (0) dinf=8.389809352488438e10 (10825) time=90.666445347s
[ Info: iter=6094 obj=1.4181853182647433e6 pinf=0.0 (0) dinf=8.407560866345227e10 (10821) time=90.759176945s
[ Info: iter=6095 obj=1.4181853182647433e6 pinf=0.0 (0) dinf=8.475978857826317e10 (10825) time=90.854717943s
[ Info: iter=6096 obj=1.4181853182647433e6 pinf=0.0 (0) dinf=9.512101231284549e10 (10815) time=90.945280642s
[ Info: iter=6097 obj=1.4181853182647433e6 pinf=0.0 (0) dinf=1.6003781164896167e11 (10826) time=91.03867164s
[ Info: iter=6098 obj=1.4181853182647433e6 pinf=0.0 (0) dinf=1.592192149801894e11 (10822) time=91.120298639s
[ Info: iter=6099 obj=1.4181853182647433e6 pinf=0.0 (0) dinf=1.5921898030209247e11 (10816) time=91.199851537s
[ Info: iter=6100 obj=1.4181853179496145e6 pinf=0.0 (0) dinf=1.601062106510193e11 (10808) time=91.284410536s
[ Info: iter=6101 obj=1.4181853179496145e6 pinf=0.0 (0) dinf=1.601062039614462e11 (10807) time=91.370111434s
[ Info: iter=6102 obj=1.4181853179496145e6 pinf=0.0 (0) dinf=1.6010358521592706e11 (10806) time=91.457217333s
[ Info: iter=6103 obj=1.4181853179496145e6 pinf=0.0 (0) dinf=1.6009572897948776e11 (10805) time=91.543247032s
[ Info: iter=6104 obj=1.4181853179496145e6 pinf=0.0 (0) dinf=9.04592686461354e10 (10816) time=91.633851521s
[ Info: iter=6105 obj=1.4181853179496145e6 pinf=0.0 (0) dinf=9.045926052457675e10 (10814) time=91.712903393s
[ Info: iter=6106 obj=1.4181853179496145e6 pinf=0.0 (0) dinf=9.04590635705052e10 (10813) time=91.796938463s
[ Info: iter=6107 obj=1.4181853179496145e6 pinf=0.0 (0) dinf=9.008023073776462e10 (10813) time=91.88765333s
[ Info: iter=6108 obj=1.4181853179496145e6 pinf=0.0 (0) dinf=9.008023073776462e10 (10812) time=91.980453497s
[ Info: iter=6109 obj=1.4181853179496145e6 pinf=0.0 (0) dinf=9.007663257539731e10 (10811) time=92.069376565s
[ Info: iter=6110 obj=1.4181853179496145e6 pinf=0.0 (0) dinf=9.00746816310904e10 (10809) time=92.153236835s
[ Info: iter=6111 obj=1.4181853179496145e6 pinf=0.0 (0) dinf=9.007796419865297e10 (10809) time=92.238924105s
[ Info: iter=6112 obj=1.4181853179496145e6 pinf=0.0 (0) dinf=9.008897565190015e10 (10812) time=92.328120473s
[ Info: iter=6113 obj=1.4181853179496145e6 pinf=0.0 (0) dinf=9.008059389153798e10 (10810) time=92.414458242s
[ Info: iter=6114 obj=1.4181853179496145e6 pinf=0.0 (0) dinf=9.007636041114098e10 (10808) time=92.501268311s
[ Info: iter=6115 obj=1.4181853179496145e6 pinf=0.0 (0) dinf=9.008062959337262e10 (10810) time=92.596326577s
[ Info: iter=6116 obj=1.4181853179496145e6 pinf=0.0 (0) dinf=9.007757264054137e10 (10808) time=92.691673143s
[ Info: iter=6117 obj=1.4181853179496145e6 pinf=0.0 (0) dinf=9.007757263930238e10 (10808) time=92.781406611s
[ Info: iter=6118 obj=1.4181853179496145e6 pinf=0.0 (0) dinf=8.409989717122232e10 (10804) time=92.878040776s
[ Info: iter=6120 obj=1.4181853179496145e6 pinf=0.0 (0) dinf=8.405721420425104e10 (10810) time=92.962206846s
[ Info: iter=6121 obj=1.4181853179496145e6 pinf=0.0 (0) dinf=8.386117956492699e10 (10809) time=93.049514115s
[ Info: iter=6122 obj=1.4181853179496145e6 pinf=0.0 (0) dinf=8.387521091128972e10 (10809) time=93.14745628s
[ Info: iter=6123 obj=1.4181853179496145e6 pinf=0.0 (0) dinf=8.387278881920898e10 (10809) time=93.236544348s
[ Info: iter=6124 obj=1.4181853179496145e6 pinf=0.0 (0) dinf=9.174689757488145e10 (10814) time=93.325097816s
[ Info: iter=6125 obj=1.4181853179496145e6 pinf=0.0 (0) dinf=9.421243348329385e10 (10815) time=93.415032884s
[ Info: iter=6126 obj=1.4181853179496145e6 pinf=0.0 (0) dinf=9.416068041678444e10 (10814) time=93.50898875s
[ Info: iter=6127 obj=1.4181853179496145e6 pinf=0.0 (0) dinf=9.416068041571567e10 (10814) time=93.607185515s
[ Info: iter=6128 obj=1.4181853179496145e6 pinf=0.0 (0) dinf=9.416070724808435e10 (10815) time=93.713047077s
[ Info: iter=6129 obj=1.4181853179496145e6 pinf=0.0 (0) dinf=9.416071075258408e10 (10816) time=93.81833284s
[ Info: iter=6130 obj=1.4181853179496145e6 pinf=0.0 (0) dinf=9.416070063931747e10 (10815) time=93.926021201s
[ Info: iter=6131 obj=1.4181853179496145e6 pinf=0.0 (0) dinf=9.416071972903188e10 (10816) time=94.031359864s
[ Info: iter=6132 obj=1.4181853179496145e6 pinf=0.0 (0) dinf=9.416071822662723e10 (10814) time=94.137008726s
[ Info: iter=6133 obj=1.4181853179496145e6 pinf=0.0 (0) dinf=9.41234169953458e10 (10813) time=94.247022186s
[ Info: iter=6134 obj=1.4181853179496145e6 pinf=0.0 (0) dinf=9.412142204805841e10 (10812) time=94.362214745s
[ Info: iter=6135 obj=1.4181853179496145e6 pinf=0.0 (0) dinf=9.411941333939575e10 (10811) time=94.472568206s
[ Info: iter=6136 obj=1.4181853179496145e6 pinf=0.0 (0) dinf=9.411943788369432e10 (10811) time=94.581524367s
[ Info: iter=6137 obj=1.4181853179496145e6 pinf=0.0 (0) dinf=9.411941333807915e10 (10810) time=94.694978226s
[ Info: iter=6138 obj=1.4181853182587912e6 pinf=0.0 (0) dinf=9.499519494734618e10 (10807) time=94.810175285s
[ Info: iter=6139 obj=1.4181853182587912e6 pinf=0.0 (0) dinf=1.867527247121905e11 (10812) time=94.898112554s
[ Info: iter=6140 obj=1.4181853182587912e6 pinf=0.0 (0) dinf=1.8675302884077237e11 (10815) time=94.979329325s
[ Info: iter=6141 obj=1.4181853182587912e6 pinf=0.0 (0) dinf=1.8675302884077237e11 (10814) time=95.065003994s
[ Info: iter=6142 obj=1.4181853182587912e6 pinf=0.0 (0) dinf=1.8676755449178525e11 (10816) time=95.155571662s
[ Info: iter=6143 obj=1.4181853182587912e6 pinf=0.0 (0) dinf=1.8679985757702338e11 (10816) time=95.246321229s
[ Info: iter=6144 obj=1.4181853182587912e6 pinf=0.0 (0) dinf=2.008167403240794e11 (10815) time=95.333351398s
[ Info: iter=6145 obj=1.4181853182587912e6 pinf=0.0 (0) dinf=2.0081663793607e11 (10814) time=95.424626865s
[ Info: iter=6146 obj=1.4181853182587912e6 pinf=0.0 (0) dinf=2.0069636681882578e11 (10809) time=95.513053534s
[ Info: iter=6147 obj=1.4181853182587912e6 pinf=0.0 (0) dinf=1.89650187315059e12 (10857) time=95.604341101s
[ Info: iter=6148 obj=1.4181853182583968e6 pinf=0.0 (0) dinf=2.1762539294373025e12 (10858) time=95.686984271s
[ Info: iter=6149 obj=1.4181853182585833e6 pinf=0.0 (0) dinf=2.175398688212524e12 (10855) time=95.77614044s
[ Info: iter=6150 obj=1.4181853182587912e6 pinf=0.0 (0) dinf=2.165038499877683e12 (10857) time=95.865088108s
[ Info: iter=6151 obj=1.4181853182587912e6 pinf=0.0 (0) dinf=2.1658138305856516e12 (10859) time=95.954264876s
[ Info: iter=6152 obj=1.4181853182587912e6 pinf=0.0 (0) dinf=2.1657581215856265e12 (10856) time=96.036357447s
[ Info: iter=6153 obj=1.4181853182587912e6 pinf=0.0 (0) dinf=2.1650152703361255e12 (10852) time=96.119029417s
[ Info: iter=6154 obj=1.4181853182587912e6 pinf=0.0 (0) dinf=2.1650923710104531e12 (10851) time=96.202376587s
[ Info: iter=6155 obj=1.4181853182587912e6 pinf=0.0 (0) dinf=1.1346776235703944e11 (10858) time=96.289376556s
[ Info: iter=6156 obj=1.4181853182587912e6 pinf=0.0 (0) dinf=1.1346553366889143e11 (10857) time=96.376585625s
[ Info: iter=6157 obj=1.4181853182587912e6 pinf=0.0 (0) dinf=1.110388779953664e11 (10829) time=96.465910093s
[ Info: iter=6158 obj=1.4181853182587912e6 pinf=0.0 (0) dinf=1.11045270259041e11 (10831) time=96.554952461s
[ Info: iter=6159 obj=1.4181853182587912e6 pinf=0.0 (0) dinf=1.1103634890231348e11 (10828) time=96.643180629s
[ Info: iter=6160 obj=1.4181853182587912e6 pinf=0.0 (0) dinf=1.1104142957113673e11 (10829) time=96.728568899s
[ Info: iter=6161 obj=1.4181853182587912e6 pinf=0.0 (0) dinf=1.1103503730764313e11 (10826) time=96.816727767s
[ Info: iter=6162 obj=1.4181853182587912e6 pinf=0.0 (0) dinf=1.1049827021523718e11 (10825) time=96.909050334s
[ Info: iter=6163 obj=1.4181853182587912e6 pinf=0.0 (0) dinf=8.109052969365648e10 (10809) time=96.999229602s
[ Info: iter=6164 obj=1.4181853182587912e6 pinf=0.0 (0) dinf=8.123362984214088e10 (10817) time=97.082679772s
[ Info: iter=6165 obj=1.4181853182587912e6 pinf=0.0 (0) dinf=8.126848619709138e10 (10818) time=97.161537044s
[ Info: iter=6166 obj=1.4181853182587912e6 pinf=0.0 (0) dinf=8.116652568709467e10 (10813) time=97.247251913s
[ Info: iter=6167 obj=1.4181853182587912e6 pinf=0.0 (0) dinf=8.112384781706876e10 (10812) time=97.325999585s
[ Info: iter=6168 obj=1.4181853182587912e6 pinf=0.0 (0) dinf=8.113141800172908e10 (10813) time=97.408219356s
[ Info: iter=6169 obj=1.4181853182587912e6 pinf=0.0 (0) dinf=8.113044569851808e10 (10813) time=97.487848927s
[ Info: iter=6170 obj=1.4181853182583428e6 pinf=0.0 (0) dinf=1.0301360197919167e11 (10812) time=97.569744898s
[ Info: iter=6171 obj=1.4181853182583428e6 pinf=0.0 (0) dinf=1.0416568043169568e11 (10812) time=97.654218968s
[ Info: iter=6172 obj=1.418185318258343e6 pinf=0.0 (0) dinf=1.028282927235645e11 (10810) time=97.739528637s
[ Info: iter=6173 obj=1.4181853182583435e6 pinf=0.0 (0) dinf=1.0291724124146065e11 (10809) time=97.822114308s
[ Info: iter=6174 obj=1.418185318258844e6 pinf=0.0 (0) dinf=1.1081964776248718e11 (10806) time=97.904493578s
[ Info: iter=6175 obj=1.418185318258844e6 pinf=0.0 (0) dinf=1.0825971465701088e11 (10803) time=97.985852449s
[ Info: iter=6176 obj=1.418185318258844e6 pinf=0.0 (0) dinf=1.0823094172251054e11 (10801) time=98.081906315s
[ Info: iter=6177 obj=1.418185318258844e6 pinf=0.0 (0) dinf=1.106601299277219e11 (10803) time=98.17980038s
[ Info: iter=6178 obj=1.418185318258844e6 pinf=0.0 (0) dinf=1.0860900676904076e11 (10805) time=98.279502244s
[ Info: iter=6179 obj=1.418185318258844e6 pinf=0.0 (0) dinf=1.0833270370474042e11 (10802) time=98.378059809s
[ Info: iter=6180 obj=1.418185318258844e6 pinf=0.0 (0) dinf=1.0865026300046574e11 (10807) time=98.479156173s
[ Info: iter=6181 obj=1.418185318258844e6 pinf=0.0 (0) dinf=1.0844927900914354e11 (10804) time=98.578147837s
[ Info: iter=6182 obj=1.418185318258844e6 pinf=0.0 (0) dinf=1.0830372081694257e11 (10802) time=98.680164601s
[ Info: iter=6183 obj=1.418185318258844e6 pinf=0.0 (0) dinf=9.019518644606282e10 (10842) time=98.779619565s
[ Info: iter=6184 obj=1.418185318258844e6 pinf=0.0 (0) dinf=8.857410470890747e10 (10854) time=98.859253337s
[ Info: iter=6185 obj=1.418185318258844e6 pinf=0.0 (0) dinf=8.855145808897949e10 (10853) time=98.943861725s
[ Info: iter=6186 obj=1.418185318258844e6 pinf=0.0 (0) dinf=8.855812231994768e10 (10850) time=99.030841926s
[ Info: iter=6187 obj=1.418185318258844e6 pinf=0.0 (0) dinf=8.855812231985176e10 (10850) time=99.112251527s
[ Info: iter=6188 obj=1.4181853182589137e6 pinf=0.0 (0) dinf=9.195856599143855e10 (10851) time=99.195555629s
[ Info: iter=6189 obj=1.4181853182591829e6 pinf=0.0 (0) dinf=1.070415060954164e11 (10851) time=99.28690023s
[ Info: iter=6190 obj=1.4181853182591829e6 pinf=0.0 (0) dinf=1.0694188811742813e11 (10850) time=99.374521531s
[ Info: iter=6191 obj=1.4181853182591973e6 pinf=0.0 (0) dinf=1.0754527747046492e11 (10848) time=99.458073833s
[ Info: iter=6192 obj=1.4181853182591973e6 pinf=0.0 (0) dinf=1.0591374702827051e11 (10847) time=99.547835134s
[ Info: iter=6193 obj=1.4181853182594134e6 pinf=0.0 (0) dinf=1.1694009775070934e11 (10848) time=99.648239435s
[ Info: iter=6194 obj=1.4181853182594134e6 pinf=0.0 (0) dinf=1.1620225821692122e11 (10845) time=99.738659336s
[ Info: iter=6195 obj=1.4181853182594134e6 pinf=0.0 (0) dinf=1.1609106398991344e11 (10843) time=99.843908836s
[ Info: iter=6196 obj=1.4181853182594134e6 pinf=0.0 (0) dinf=1.1599326636592325e11 (10841) time=99.954267937s
[ Info: iter=6197 obj=1.4181853182594134e6 pinf=0.0 (0) dinf=1.1593520745693782e11 (10841) time=100.065212937s
[ Info: iter=6198 obj=1.4181853182594134e6 pinf=0.0 (0) dinf=1.1592481155844618e11 (10838) time=100.172764338s
[ Info: iter=6199 obj=1.4181853182594134e6 pinf=0.0 (0) dinf=1.1562516162957536e11 (10836) time=100.280126538s
[ Info: iter=6200 obj=1.4181853182594134e6 pinf=0.0 (0) dinf=1.156245876600149e11 (10835) time=100.392343539s
[ Info: iter=6201 obj=1.4181853182594134e6 pinf=0.0 (0) dinf=1.1304428969431567e11 (10834) time=100.509484739s
[ Info: iter=6202 obj=1.4181853182594134e6 pinf=0.0 (0) dinf=1.1306839195358711e11 (10837) time=100.62263674s
[ Info: iter=6203 obj=1.4181853182594134e6 pinf=0.0 (0) dinf=1.1306713404730476e11 (10837) time=100.73681204s
[ Info: iter=6204 obj=1.4181853182594134e6 pinf=0.0 (0) dinf=1.1306713404730476e11 (10837) time=100.858388441s
[ Info: iter=6205 obj=1.4181853182594134e6 pinf=0.0 (0) dinf=1.1305190447835045e11 (10835) time=100.978493841s
[ Info: iter=6206 obj=1.4181853182594134e6 pinf=0.0 (0) dinf=1.1303667490926747e11 (10833) time=101.103443442s
[ Info: iter=6207 obj=1.4181853182594134e6 pinf=0.0 (0) dinf=1.1303644780550826e11 (10832) time=101.242315842s
[ Info: iter=6208 obj=1.4181853182594134e6 pinf=0.0 (0) dinf=1.1303647234929416e11 (10833) time=101.386681543s
[ Info: iter=6209 obj=1.4181853182594134e6 pinf=0.0 (0) dinf=1.1303646215250887e11 (10831) time=101.526249843s
[ Info: iter=6210 obj=1.4181853182594134e6 pinf=0.0 (0) dinf=1.1302385309605879e11 (10834) time=101.668522144s
[ Info: iter=6211 obj=1.4181853182594134e6 pinf=0.0 (0) dinf=1.1302369452985483e11 (10830) time=101.807116345s
[ Info: iter=6212 obj=1.4181853182594134e6 pinf=0.0 (0) dinf=1.1302570317777264e11 (10829) time=101.949417145s
[ Info: iter=6213 obj=1.4181853182594134e6 pinf=0.0 (0) dinf=1.1302680585803743e11 (10830) time=102.087882046s
[ Info: iter=6214 obj=1.4181853182594134e6 pinf=0.0 (0) dinf=1.1302672095329999e11 (10830) time=102.236505146s
[ Info: iter=6215 obj=1.4181853182594134e6 pinf=0.0 (0) dinf=1.130264128254239e11 (10827) time=102.380011147s
[ Info: iter=6216 obj=1.4181853182594134e6 pinf=0.0 (0) dinf=1.1302464279139136e11 (10827) time=102.527552248s
[ Info: iter=6217 obj=1.418185318259435e6 pinf=0.0 (0) dinf=1.1400473480140468e11 (10829) time=102.679651848s
[ Info: iter=6218 obj=1.4181853182565328e6 pinf=0.0 (0) dinf=1.5591361565697305e11 (10842) time=102.804751649s
[ Info: iter=6219 obj=1.4181853182498775e6 pinf=0.0 (0) dinf=1.9301064744076303e11 (10862) time=102.927278549s
[ Info: iter=6220 obj=1.418185318256844e6 pinf=0.0 (0) dinf=2.9284676921190875e11 (10866) time=103.04785065s
[ Info: iter=6221 obj=1.418185318256844e6 pinf=0.0 (0) dinf=2.928106224020005e11 (10864) time=103.16718175s
[ Info: iter=6222 obj=1.418185318256844e6 pinf=0.0 (0) dinf=2.9282518947494037e11 (10864) time=103.292409051s
[ Info: iter=6223 obj=1.4181853182603884e6 pinf=0.0 (0) dinf=3.5223172306779626e11 (10864) time=103.426477051s
[ Info: iter=6224 obj=1.4181853182603884e6 pinf=0.0 (0) dinf=3.5309571918553143e11 (10868) time=103.553412452s
[ Info: iter=6225 obj=1.4181853182603884e6 pinf=0.0 (0) dinf=3.5236541530137585e11 (10863) time=103.682454552s
[ Info: iter=6226 obj=1.4181853182603884e6 pinf=0.0 (0) dinf=3.523328568815137e11 (10863) time=103.810975653s
[ Info: iter=6227 obj=1.4181853182603884e6 pinf=0.0 (0) dinf=3.5235483494737134e11 (10864) time=103.945927554s
[ Info: iter=6228 obj=1.4181853182603884e6 pinf=0.0 (0) dinf=3.531250179083778e11 (10860) time=104.075131354s
[ Info: iter=6229 obj=1.4181853182603884e6 pinf=0.0 (0) dinf=3.530615876451537e11 (10859) time=104.198600755s
[ Info: iter=6230 obj=1.4181853182603884e6 pinf=0.0 (0) dinf=3.526504290176303e11 (10857) time=104.323717055s
[ Info: iter=6231 obj=1.4181853182603884e6 pinf=0.0 (0) dinf=3.527944008172403e11 (10868) time=104.452451856s
[ Info: iter=6232 obj=1.4181853182603884e6 pinf=0.0 (0) dinf=3.5279440081655426e11 (10868) time=104.587022556s
[ Info: iter=6233 obj=1.4181853182603884e6 pinf=0.0 (0) dinf=3.530002096825968e11 (10869) time=104.727052457s
[ Info: iter=6234 obj=1.4181853182603884e6 pinf=0.0 (0) dinf=3.4432576084293665e11 (10864) time=104.869493857s
[ Info: iter=6235 obj=1.4181853182603891e6 pinf=0.0 (0) dinf=3.439896630619081e11 (10864) time=105.020926158s
[ Info: iter=6236 obj=1.4181853182603891e6 pinf=0.0 (0) dinf=3.3934267500019696e11 (10863) time=105.170200459s
[ Info: iter=6237 obj=1.4181853182603891e6 pinf=0.0 (0) dinf=3.348763996942726e11 (10863) time=105.325867359s
[ Info: iter=6238 obj=1.4181853182603891e6 pinf=0.0 (0) dinf=3.345356252836972e11 (10861) time=105.49025416s
[ Info: iter=6239 obj=1.4181853182603891e6 pinf=0.0 (0) dinf=3.345349725415477e11 (10860) time=105.647129061s
[ Info: iter=6240 obj=1.4181853182603891e6 pinf=0.0 (0) dinf=3.316103619788176e11 (10859) time=105.802644961s
[ Info: iter=6241 obj=1.4181853182618746e6 pinf=0.0 (0) dinf=3.288553741234132e11 (10859) time=105.965334862s
[ Info: iter=6242 obj=1.418185318261929e6 pinf=0.0 (0) dinf=3.2964078033639026e11 (10858) time=106.153534763s
[ Info: iter=6243 obj=1.4181853182622534e6 pinf=0.0 (0) dinf=3.3285578116788086e11 (10857) time=106.335509064s
[ Info: iter=6244 obj=1.418185318262986e6 pinf=0.0 (0) dinf=3.6304749838634515e11 (10872) time=106.512126664s
[ Info: iter=6245 obj=1.418185318263007e6 pinf=0.0 (0) dinf=3.634407833495833e11 (10870) time=106.703509865s
[ Info: iter=6246 obj=1.4181853182630856e6 pinf=0.0 (0) dinf=3.646809304652519e11 (10870) time=106.893463866s
[ Info: iter=6247 obj=1.4181853182630856e6 pinf=0.0 (0) dinf=3.648098090439735e11 (10871) time=107.090828367s
[ Info: iter=6248 obj=1.4181853182630856e6 pinf=0.0 (0) dinf=3.646974232131467e11 (10871) time=107.286755368s
[ Info: iter=6249 obj=1.4181853182630856e6 pinf=0.0 (0) dinf=3.646798157239937e11 (10871) time=107.486112169s
[ Info: iter=6250 obj=1.4181853182630856e6 pinf=0.0 (0) dinf=3.6467167816528687e11 (10870) time=107.677177274s
[ Info: iter=6251 obj=1.4181853182630856e6 pinf=0.0 (0) dinf=3.648951746400201e11 (10871) time=107.867067497s
[ Info: iter=6252 obj=1.4181853182630856e6 pinf=0.0 (0) dinf=3.6476629606529724e11 (10870) time=108.06406092s
[ Info: iter=6253 obj=1.4181853182630856e6 pinf=0.0 (0) dinf=3.646713517922151e11 (10870) time=108.262764344s
[ Info: iter=6254 obj=1.418185318263086e6 pinf=0.0 (0) dinf=3.624550888895764e11 (10869) time=108.465272768s
[ Info: iter=6255 obj=1.4181853182630916e6 pinf=0.0 (0) dinf=3.603528982301476e11 (10865) time=108.659974592s
[ Info: iter=6256 obj=1.4181853182624173e6 pinf=0.0 (0) dinf=3.492020627975016e11 (10863) time=108.848175914s
[ Info: iter=6257 obj=1.4181853182586837e6 pinf=0.0 (0) dinf=4.166584887543376e11 (10882) time=108.941816925s
[ Info: iter=6258 obj=1.4181853182590203e6 pinf=0.0 (0) dinf=4.28073032539785e11 (10881) time=109.027137536s
[ Info: iter=6259 obj=1.4181853182590203e6 pinf=0.0 (0) dinf=4.280709443516606e11 (10881) time=109.117066246s
[ Info: iter=6260 obj=1.4181853182590203e6 pinf=0.0 (0) dinf=4.280698614277117e11 (10879) time=109.201012856s
[ Info: iter=6261 obj=1.4181853182590203e6 pinf=0.0 (0) dinf=4.2832522746015466e11 (10876) time=109.31176397s
[ Info: iter=6262 obj=1.4181853182590203e6 pinf=0.0 (0) dinf=4.283252274573213e11 (10875) time=109.420236583s
[ Info: iter=6263 obj=1.4181853182590203e6 pinf=0.0 (0) dinf=4.2781449537111255e11 (10875) time=109.551206698s
[ Info: iter=6264 obj=1.4181853182590203e6 pinf=0.0 (0) dinf=3.500370731523099e11 (10889) time=109.784265726s
[ Info: iter=6265 obj=1.4181853182590203e6 pinf=0.0 (0) dinf=3.5128390720471875e11 (10879) time=109.859478535s
[ Info: iter=6266 obj=1.4181853182590203e6 pinf=0.0 (0) dinf=3.5134448725323517e11 (10878) time=109.933573944s
[ Info: iter=6267 obj=1.4181853182590203e6 pinf=0.0 (0) dinf=3.5119726996764026e11 (10878) time=110.009325653s
[ Info: iter=6268 obj=1.4181853182590203e6 pinf=0.0 (0) dinf=3.511780207994316e11 (10877) time=110.082764362s
[ Info: iter=6269 obj=1.4181853182590203e6 pinf=0.0 (0) dinf=3.5119065477811456e11 (10876) time=110.160131971s
[ Info: iter=6270 obj=1.4181853182590203e6 pinf=0.0 (0) dinf=3.5155816502463806e11 (10882) time=110.23243068s
[ Info: iter=6271 obj=1.4181853182590203e6 pinf=0.0 (0) dinf=3.511122279531621e11 (10876) time=110.304801789s
[ Info: iter=6272 obj=1.4181853182590203e6 pinf=0.0 (0) dinf=3.51102346286637e11 (10874) time=110.376217597s
[ Info: iter=6273 obj=1.4181853182590203e6 pinf=0.0 (0) dinf=3.511023672104164e11 (10878) time=110.444707105s
[ Info: iter=6274 obj=1.4181853182590203e6 pinf=0.0 (0) dinf=3.511019706876468e11 (10876) time=110.518629414s
[ Info: iter=6275 obj=1.4181853182590203e6 pinf=0.0 (0) dinf=3.5110193654648157e11 (10873) time=110.586174722s
[ Info: iter=6276 obj=1.4181853182590203e6 pinf=0.0 (0) dinf=3.5110194697978687e11 (10874) time=110.658468031s
[ Info: iter=6277 obj=1.4181853182590203e6 pinf=0.0 (0) dinf=3.511020100604572e11 (10866) time=110.726800039s
[ Info: iter=6278 obj=1.4181853182590203e6 pinf=0.0 (0) dinf=3.5110210892519684e11 (10870) time=110.799949448s
[ Info: iter=6279 obj=1.4181853182590203e6 pinf=0.0 (0) dinf=3.5110380408119855e11 (10873) time=110.870708857s
[ Info: iter=6280 obj=1.4181853182590203e6 pinf=0.0 (0) dinf=3.511012213035182e11 (10869) time=110.938497865s
[ Info: iter=6281 obj=1.4181853182590203e6 pinf=0.0 (0) dinf=3.511010490256872e11 (10866) time=111.006926773s
[ Info: iter=6282 obj=1.4181853182590203e6 pinf=0.0 (0) dinf=3.511010983229959e11 (10867) time=111.078271481s
[ Info: iter=6283 obj=1.4181853182590203e6 pinf=0.0 (0) dinf=3.511112944024769e11 (10869) time=111.14854909s
[ Info: iter=6284 obj=1.4181853182590203e6 pinf=0.0 (0) dinf=3.511092796599967e11 (10868) time=111.216133798s
[ Info: iter=6285 obj=1.4181853182590203e6 pinf=0.0 (0) dinf=3.511106346302566e11 (10869) time=111.286902406s
[ Info: iter=6286 obj=1.4181853182590203e6 pinf=0.0 (0) dinf=3.511017411829345e11 (10870) time=111.360715015s
[ Info: iter=6287 obj=1.4181853182590203e6 pinf=0.0 (0) dinf=3.5110111471809766e11 (10867) time=111.430013924s
[ Info: iter=6288 obj=1.4181853182590203e6 pinf=0.0 (0) dinf=3.5110129398103754e11 (10868) time=111.500279732s
[ Info: iter=6289 obj=1.4181853182590203e6 pinf=0.0 (0) dinf=3.511362020443285e11 (10871) time=111.576073741s
[ Info: iter=6290 obj=1.4181853182590203e6 pinf=0.0 (0) dinf=3.5115032142255664e11 (10866) time=111.65117045s
[ Info: iter=6291 obj=1.4181853182590203e6 pinf=0.0 (0) dinf=3.511565004687311e11 (10871) time=111.724179759s
[ Info: iter=6292 obj=1.4181853182590203e6 pinf=0.0 (0) dinf=3.511133484413536e11 (10870) time=111.793975267s
[ Info: iter=6293 obj=1.4181853182590203e6 pinf=0.0 (0) dinf=3.511032849680046e11 (10866) time=111.864148076s
[ Info: iter=6294 obj=1.4181853182590203e6 pinf=0.0 (0) dinf=3.5110574983341864e11 (10867) time=111.932509284s
[ Info: iter=6295 obj=1.4181853182590203e6 pinf=0.0 (0) dinf=3.513351242757568e11 (10867) time=112.006697793s
[ Info: iter=6296 obj=1.4181853182590203e6 pinf=0.0 (0) dinf=3.5133638463144086e11 (10867) time=112.077004401s
[ Info: iter=6297 obj=1.4181853182590203e6 pinf=0.0 (0) dinf=3.5151058529358966e11 (10870) time=112.14816271s
[ Info: iter=6298 obj=1.4181853182590203e6 pinf=0.0 (0) dinf=3.5181343848343555e11 (10869) time=112.219865118s
[ Info: iter=6299 obj=1.4181853182590203e6 pinf=0.0 (0) dinf=3.5180358922293994e11 (10869) time=112.294135827s
[ Info: iter=6300 obj=1.4181853182590203e6 pinf=0.0 (0) dinf=3.5211731150442566e11 (10869) time=112.371656636s
[ Info: iter=6301 obj=1.4181853182590203e6 pinf=0.0 (0) dinf=3.518983074917656e11 (10867) time=112.451064446s
[ Info: iter=6302 obj=1.4181853182590203e6 pinf=0.0 (0) dinf=3.511188469664849e11 (10867) time=112.528399055s
[ Info: iter=6303 obj=1.4181853182590203e6 pinf=0.0 (0) dinf=3.5098082711531036e11 (10864) time=112.745184281s
[ Info: iter=6304 obj=1.4181853182590203e6 pinf=0.0 (0) dinf=6.193399867082482e11 (10861) time=112.832802592s
[ Info: iter=6305 obj=1.4181853181727557e6 pinf=0.0 (0) dinf=6.193389583416963e11 (10861) time=113.092627023s
[ Info: iter=6306 obj=1.4181853181727557e6 pinf=0.0 (0) dinf=6.193600848444587e11 (10870) time=113.361748155s
[ Info: iter=6307 obj=1.4181853181727557e6 pinf=0.0 (0) dinf=6.193588640476555e11 (10873) time=113.611516885s
[ Info: iter=6308 obj=1.4181853181727557e6 pinf=0.0 (0) dinf=6.193577089376567e11 (10868) time=113.868744316s
[ Info: iter=6309 obj=1.4181853181727557e6 pinf=0.0 (0) dinf=6.193566260221587e11 (10867) time=114.130203447s
[ Info: iter=6310 obj=1.4181853181727557e6 pinf=0.0 (0) dinf=6.193555371565148e11 (10866) time=114.383280278s
[ Info: iter=6311 obj=1.4181853181727557e6 pinf=0.0 (0) dinf=6.193410551966489e11 (10862) time=114.649543809s
[ Info: iter=6312 obj=1.4181853181727557e6 pinf=0.0 (0) dinf=6.193382994232283e11 (10861) time=114.913253841s
[ Info: iter=6313 obj=1.4181853181727557e6 pinf=0.0 (0) dinf=6.193333956926602e11 (10858) time=115.173018572s
[ Info: iter=6314 obj=1.4181853181727557e6 pinf=0.0 (0) dinf=6.193305955972804e11 (10858) time=115.436285004s
[ Info: iter=6315 obj=1.4181853181727557e6 pinf=0.0 (0) dinf=6.19330828757683e11 (10862) time=115.716475449s
[ Info: iter=6316 obj=1.4181853181727557e6 pinf=0.0 (0) dinf=6.193307169745812e11 (10861) time=115.887523702s
[ Info: iter=6317 obj=1.4181853181727557e6 pinf=0.0 (0) dinf=6.193306455962457e11 (10861) time=116.126508576s
[ Info: iter=6318 obj=1.4181853181727557e6 pinf=0.0 (0) dinf=6.193307233975011e11 (10861) time=116.375061553s
[ Info: iter=6319 obj=1.4181853181727557e6 pinf=0.0 (0) dinf=6.193306809023702e11 (10859) time=116.617762128s
[ Info: iter=6320 obj=1.4181853181727557e6 pinf=0.0 (0) dinf=6.193454412156783e11 (10863) time=116.886246911s
[ Info: iter=6321 obj=1.4181853181727557e6 pinf=0.0 (0) dinf=6.193454136556196e11 (10861) time=116.957455533s
[ Info: iter=6322 obj=1.4181853181727557e6 pinf=0.0 (0) dinf=6.19353124060275e11 (10862) time=117.214569812s
[ Info: iter=6323 obj=1.4181853181727557e6 pinf=0.0 (0) dinf=6.193608344648342e11 (10859) time=117.480526694s
[ Info: iter=6324 obj=1.4181853181727557e6 pinf=0.0 (0) dinf=6.193685448694415e11 (10858) time=117.750132178s
[ Info: iter=6325 obj=1.4181853181727557e6 pinf=0.0 (0) dinf=6.193762552740487e11 (10857) time=118.032671865s
[ Info: iter=6326 obj=1.4181853181727557e6 pinf=0.0 (0) dinf=6.193839656786561e11 (10856) time=118.318363253s
[ Info: iter=6327 obj=1.4181853181727557e6 pinf=0.0 (0) dinf=6.193916760832584e11 (10854) time=118.614564845s
[ Info: iter=6328 obj=1.4181853181727557e6 pinf=0.0 (0) dinf=6.193993864878706e11 (10854) time=118.910967136s
[ Info: iter=6329 obj=1.4181853181727557e6 pinf=0.0 (0) dinf=6.194070968924778e11 (10853) time=119.21376893s
[ Info: iter=6330 obj=1.4181853181727557e6 pinf=0.0 (0) dinf=6.194148072970852e11 (10852) time=119.528378127s
[ Info: iter=6331 obj=1.4181853181727557e6 pinf=0.0 (0) dinf=6.194225177016924e11 (10851) time=119.848287526s
[ Info: iter=6405 obj=1.4181853181730136e6 pinf=0.0 (0) dinf=1.583787403833162e12 (10816) time=120.54033204s
[ Info: iter=6406 obj=1.4181853181730136e6 pinf=0.0 (0) dinf=1.5863322511298215e12 (10816) time=120.610610561s
[ Info: iter=6407 obj=1.4181853181730136e6 pinf=0.0 (0) dinf=1.5883017359859788e12 (10815) time=120.678217182s
[ Info: iter=6408 obj=1.4181853181730136e6 pinf=0.0 (0) dinf=1.6070751829544595e12 (10814) time=120.749671504s
[ Info: iter=6413 obj=1.4181853181730136e6 pinf=0.0 (0) dinf=1.615431093712337e12 (10814) time=121.012040685s
[ Info: iter=6414 obj=1.4181853181730136e6 pinf=0.0 (0) dinf=1.615431093712337e12 (10814) time=121.098732112s
[ Info: iter=6415 obj=1.4181853181730136e6 pinf=0.0 (0) dinf=1.615431093712337e12 (10814) time=121.184926239s
[ Info: iter=6416 obj=1.4181853181730136e6 pinf=0.0 (0) dinf=1.615431093712337e12 (10814) time=121.272848666s
[ Info: iter=6417 obj=1.4181853181730136e6 pinf=0.0 (0) dinf=1.6154294510454863e12 (10813) time=121.358860593s
[ Info: iter=6418 obj=1.4181853181730162e6 pinf=0.0 (0) dinf=1.6177867161019438e12 (10813) time=121.451778721s
[ Info: iter=6429 obj=1.4181853181730183e6 pinf=0.0 (0) dinf=1.734556448831734e12 (10807) time=121.940948672s
[ Info: iter=6430 obj=1.4181853181730183e6 pinf=0.0 (0) dinf=1.73449094368056e12 (10802) time=122.007537693s
[ Info: iter=6431 obj=1.4181853181730183e6 pinf=0.0 (0) dinf=1.7345150599102021e12 (10804) time=122.076536414s
[ Info: iter=6432 obj=1.4181853181730183e6 pinf=0.0 (0) dinf=1.7344518359382842e12 (10799) time=122.143757035s
[ Info: iter=6433 obj=1.4181853181730183e6 pinf=0.0 (0) dinf=1.7344562019560703e12 (10798) time=122.219311058s
[ Info: iter=6434 obj=1.4181853181730183e6 pinf=0.0 (0) dinf=1.7344467705649697e12 (10797) time=122.296715782s
[ Info: iter=6435 obj=1.4181853181730183e6 pinf=0.0 (0) dinf=1.7344402769733088e12 (10797) time=122.369581205s
[ Info: iter=6436 obj=1.4181853181730183e6 pinf=0.0 (0) dinf=1.7344347672617627e12 (10797) time=122.442000527s
[ Info: iter=6437 obj=1.4181853181730183e6 pinf=0.0 (0) dinf=1.734499309621685e12 (10796) time=122.518378551s
[ Info: iter=6438 obj=1.4181853181730183e6 pinf=0.0 (0) dinf=1.7344755763053745e12 (10798) time=122.585669572s
[ Info: iter=6439 obj=1.4181853181730183e6 pinf=0.0 (0) dinf=1.7344510022952065e12 (10797) time=122.661056295s
[ Info: iter=6440 obj=1.4181853181730183e6 pinf=0.0 (0) dinf=1.7344380756397153e12 (10796) time=122.731921517s
[ Info: iter=6441 obj=1.4181853181730183e6 pinf=0.0 (0) dinf=1.7344243184795635e12 (10795) time=122.805029339s
[ Info: iter=6442 obj=1.4181853181730183e6 pinf=0.0 (0) dinf=1.7344238781955435e12 (10795) time=122.874201661s
[ Info: iter=6443 obj=1.4181853181730183e6 pinf=0.0 (0) dinf=1.7344226385100352e12 (10794) time=122.943396582s
[ Info: iter=6444 obj=1.4181853181730183e6 pinf=0.0 (0) dinf=1.7344213988245098e12 (10793) time=123.011601403s
[ Info: iter=6445 obj=1.4181853181730183e6 pinf=0.0 (0) dinf=1.73441903751586e12 (10791) time=123.083120425s
[ Info: iter=6446 obj=1.4181853181730183e6 pinf=0.0 (0) dinf=1.7344804314622039e12 (10790) time=123.157734948s
[ Info: iter=6447 obj=1.4181853181730183e6 pinf=0.0 (0) dinf=1.7344564911615583e12 (10790) time=123.230838471s
[ Info: iter=6448 obj=1.4181853181730183e6 pinf=0.0 (0) dinf=1.734431668769821e12 (10789) time=123.305142594s
[ Info: iter=6449 obj=1.4181853181730183e6 pinf=0.0 (0) dinf=1.7344180863821038e12 (10788) time=123.380855917s
[ Info: iter=6450 obj=1.4181853181730183e6 pinf=0.0 (0) dinf=1.7344036271248127e12 (10787) time=123.458276441s
[ Info: iter=6451 obj=1.4181853181730183e6 pinf=0.0 (0) dinf=1.7344023874386086e12 (10787) time=123.531243064s
[ Info: iter=6452 obj=1.4181853181730183e6 pinf=0.0 (0) dinf=1.734467913666737e12 (10786) time=123.606904387s
[ Info: iter=6453 obj=1.4181853181730183e6 pinf=0.0 (0) dinf=1.7344438973205583e12 (10787) time=123.680737707s
[ Info: iter=6454 obj=1.4181853181730183e6 pinf=0.0 (0) dinf=1.7344189836739983e12 (10786) time=123.75711741s
[ Info: iter=6455 obj=1.4181853181730183e6 pinf=0.0 (0) dinf=1.734405160371118e12 (10785) time=123.838870913s
[ Info: iter=6456 obj=1.4181853181730183e6 pinf=0.0 (0) dinf=1.7343904431642546e12 (10784) time=123.913865216s
[ Info: iter=6457 obj=1.4181853181730183e6 pinf=0.0 (0) dinf=1.734390400561093e12 (10784) time=123.991064319s
[ Info: iter=6458 obj=1.4181853181730183e6 pinf=0.0 (0) dinf=1.7343897807184724e12 (10783) time=124.067475922s
[ Info: iter=6459 obj=1.4181853181730183e6 pinf=0.0 (0) dinf=1.7343905801188093e12 (10784) time=124.140450225s
[ Info: iter=6460 obj=1.4181853181730183e6 pinf=0.0 (0) dinf=1.734391246285328e12 (10785) time=124.214008828s
[ Info: iter=6461 obj=1.4181853181730183e6 pinf=0.0 (0) dinf=1.734391823523619e12 (10786) time=124.287115231s
[ Info: iter=6462 obj=1.4181853181730183e6 pinf=0.0 (0) dinf=1.7343918235226433e12 (10786) time=124.360539434s
[ Info: iter=6463 obj=1.4181853181730183e6 pinf=0.0 (0) dinf=1.7343918235224631e12 (10785) time=124.437556937s
[ Info: iter=6464 obj=1.4181853181730183e6 pinf=0.0 (0) dinf=1.7345877991790935e12 (10784) time=124.51190684s
[ Info: iter=6465 obj=1.4181853181730183e6 pinf=0.0 (0) dinf=1.7344009699071863e12 (10781) time=124.603572344s
[ Info: iter=6466 obj=1.4181853181730183e6 pinf=0.0 (0) dinf=1.7345971677024148e12 (10780) time=124.676591346s
[ Info: iter=6467 obj=1.4181853181730183e6 pinf=0.0 (0) dinf=1.7344103384479504e12 (10777) time=124.752781149s
[ Info: iter=6468 obj=1.4181853181730183e6 pinf=0.0 (0) dinf=1.7344103384476658e12 (10777) time=124.824584652s
[ Info: iter=6469 obj=1.4181853181730183e6 pinf=0.0 (0) dinf=1.7346065361737224e12 (10776) time=124.898497455s
[ Info: iter=6470 obj=1.4181853181730183e6 pinf=0.0 (0) dinf=1.7346136539520715e12 (10778) time=124.974202558s
[ Info: iter=6471 obj=1.4181853181730183e6 pinf=0.0 (0) dinf=1.734607726351745e12 (10777) time=125.049420761s
[ Info: iter=6472 obj=1.4181853181730183e6 pinf=0.0 (0) dinf=1.7348038351353794e12 (10777) time=125.122672064s
[ Info: iter=6473 obj=1.4181853181730183e6 pinf=0.0 (0) dinf=1.7346170059429087e12 (10774) time=125.195379467s
[ Info: iter=6474 obj=1.4181853181730183e6 pinf=0.0 (0) dinf=1.7348129814488184e12 (10773) time=125.27121997s
[ Info: iter=6475 obj=1.4181853181730183e6 pinf=0.0 (0) dinf=1.7346654002641533e12 (10770) time=125.344678173s
[ Info: iter=6476 obj=1.4181853181730183e6 pinf=0.0 (0) dinf=1.734651626021045e12 (10769) time=125.418371276s
[ Info: iter=6477 obj=1.4181853181730183e6 pinf=0.0 (0) dinf=1.7348129814451025e12 (10769) time=125.490736979s
[ Info: iter=6478 obj=1.4181853181730183e6 pinf=0.0 (0) dinf=1.734820099216137e12 (10768) time=125.561597581s
[ Info: iter=6479 obj=1.4181853181730183e6 pinf=0.0 (0) dinf=1.734807051983826e12 (10768) time=125.634888684s
[ Info: iter=6480 obj=1.4181853181730183e6 pinf=0.0 (0) dinf=1.7348141716147854e12 (10767) time=125.712416787s
[ Info: iter=6481 obj=1.4181853181730183e6 pinf=0.0 (0) dinf=1.7348141716147854e12 (10766) time=125.78842049s
[ Info: iter=6482 obj=1.4181853181730183e6 pinf=0.0 (0) dinf=1.734813481675611e12 (10764) time=125.867078394s
[ Info: iter=6483 obj=1.4181853181730183e6 pinf=0.0 (0) dinf=1.7348095203113308e12 (10764) time=125.946565497s
[ Info: iter=6484 obj=1.4181853181730183e6 pinf=0.0 (0) dinf=1.7348107599886956e12 (10764) time=126.0380344s
[ Info: iter=6485 obj=1.4181853181730183e6 pinf=0.0 (0) dinf=1.6371650158873372e12 (10771) time=126.128942804s
[ Info: iter=6486 obj=1.4181853181730313e6 pinf=0.0 (0) dinf=1.6368500800182825e12 (10770) time=126.201170907s
[ Info: iter=6487 obj=1.4181853181730313e6 pinf=0.0 (0) dinf=1.6368243604869329e12 (10769) time=126.27481391s
[ Info: iter=6488 obj=1.4181853181730313e6 pinf=0.0 (0) dinf=1.6368160988646772e12 (10769) time=126.350431213s
[ Info: iter=6489 obj=1.4181853181730313e6 pinf=0.0 (0) dinf=1.6368409596581418e12 (10769) time=126.423036816s
[ Info: iter=6490 obj=1.4181853181730313e6 pinf=0.0 (0) dinf=1.6368326221091885e12 (10769) time=126.495724618s
[ Info: iter=6491 obj=1.4181853181730313e6 pinf=0.0 (0) dinf=1.6368994169877834e12 (10768) time=126.571258021s
[ Info: iter=6492 obj=1.4181853181730313e6 pinf=0.0 (0) dinf=1.637206057640854e12 (10775) time=126.652665225s
[ Info: iter=6493 obj=1.4181853181730313e6 pinf=0.0 (0) dinf=1.637201385163878e12 (10772) time=126.728168228s
[ Info: iter=6494 obj=1.4181853181730313e6 pinf=0.0 (0) dinf=1.637201385163878e12 (10771) time=126.804698131s
[ Info: iter=6495 obj=1.4181853181730313e6 pinf=0.0 (0) dinf=1.637206057637577e12 (10772) time=126.879599034s
[ Info: iter=6496 obj=1.4181853181730313e6 pinf=0.0 (0) dinf=1.6371169449423552e12 (10766) time=126.953675837s
[ Info: iter=6497 obj=1.4181853181730313e6 pinf=0.0 (0) dinf=1.6372145936066545e12 (10755) time=127.03637004s
[ Info: iter=6498 obj=1.4181853181730313e6 pinf=0.0 (0) dinf=1.6372204035237998e12 (10734) time=127.110387943s
[ Info: iter=6499 obj=1.4181853181730313e6 pinf=0.0 (0) dinf=1.6369483505893884e12 (10745) time=127.188732946s
[ Info: iter=6500 obj=1.4181853181730313e6 pinf=0.0 (0) dinf=1.6369324937828032e12 (10742) time=127.266994649s
[ Info: iter=6501 obj=1.4181853181730313e6 pinf=0.0 (0) dinf=1.6385318646065466e12 (10754) time=127.350779752s
[ Info: iter=6502 obj=1.4181853181730313e6 pinf=0.0 (0) dinf=1.6385335936827031e12 (10759) time=127.434602256s
[ Info: iter=6509 obj=1.4181853181730313e6 pinf=0.0 (0) dinf=1.6385062934475432e12 (10751) time=127.691245866s
[ Info: iter=6525 obj=1.4181853181730313e6 pinf=0.0 (0) dinf=1.6387988663942236e12 (10748) time=127.815795671s
[ Info: iter=6542 obj=1.4181853181730313e6 pinf=0.0 (0) dinf=1.6380462237546724e12 (10743) time=128.366524692s
[ Info: iter=6543 obj=1.4181853181730313e6 pinf=0.0 (0) dinf=1.638046737581533e12 (10744) time=128.446387796s
[ Info: iter=6544 obj=1.4181853181730313e6 pinf=0.0 (0) dinf=1.638046229246214e12 (10744) time=128.528095299s
[ Info: iter=6545 obj=1.4181853181730313e6 pinf=0.0 (0) dinf=1.6388103402122466e12 (10766) time=128.609633802s
[ Info: iter=6546 obj=1.4181853181730313e6 pinf=0.0 (0) dinf=1.6387389228294731e12 (10754) time=128.693762205s
[ Info: iter=6547 obj=1.4181853181730313e6 pinf=0.0 (0) dinf=1.6386938814158853e12 (10747) time=128.778427009s
[ Info: iter=6548 obj=1.4181853181730313e6 pinf=0.0 (0) dinf=1.6386487679756855e12 (10741) time=128.859742612s
[ Info: iter=6549 obj=1.4181853181730313e6 pinf=0.0 (0) dinf=1.638516556191087e12 (10739) time=128.949067615s
[ Info: iter=6550 obj=1.4181853181730313e6 pinf=0.0 (0) dinf=1.6384772774218992e12 (10740) time=129.030387719s
[ Info: iter=6551 obj=1.4181853181730313e6 pinf=0.0 (0) dinf=1.6384768128742542e12 (10739) time=129.111313222s
[ Info: iter=6552 obj=1.4181853181730313e6 pinf=0.0 (0) dinf=1.638438408785705e12 (10741) time=129.194692225s
[ Info: iter=6553 obj=1.4181853181730313e6 pinf=0.0 (0) dinf=1.638437177093066e12 (10740) time=129.276747628s
[ Info: iter=6554 obj=1.4181853181730313e6 pinf=0.0 (0) dinf=1.6383795653385112e12 (10737) time=129.357062732s
[ Info: iter=6555 obj=1.4181853181730313e6 pinf=0.0 (0) dinf=1.638377832832765e12 (10731) time=129.447811835s
[ Info: iter=6556 obj=1.4181853181730313e6 pinf=0.0 (0) dinf=1.6383434222484897e12 (10735) time=129.531987839s
[ Info: iter=6557 obj=1.4181853181730313e6 pinf=0.0 (0) dinf=1.6383445081008662e12 (10735) time=129.612237242s
[ Info: iter=6558 obj=1.4181853181730313e6 pinf=0.0 (0) dinf=1.6382868897928699e12 (10734) time=129.693595345s
[ Info: iter=6559 obj=1.4181853181730313e6 pinf=0.0 (0) dinf=1.6382862065346467e12 (10733) time=129.779348848s
[ Info: iter=6560 obj=1.4181853181730313e6 pinf=0.0 (0) dinf=1.6382503243173982e12 (10737) time=129.859774552s
[ Info: iter=6561 obj=1.4181853181730313e6 pinf=0.0 (0) dinf=1.638250752994385e12 (10737) time=129.946294355s
[ Info: iter=6562 obj=1.4181853181730313e6 pinf=0.0 (0) dinf=1.6382019883556018e12 (10738) time=130.034961758s
[ Info: iter=6563 obj=1.4181853181730313e6 pinf=0.0 (0) dinf=1.6382010459503806e12 (10737) time=130.117355862s
[ Info: iter=6564 obj=1.4181853181730313e6 pinf=0.0 (0) dinf=1.6382004940883025e12 (10736) time=130.203314265s
[ Info: iter=6565 obj=1.4181853181730313e6 pinf=0.0 (0) dinf=1.6381610675407065e12 (10738) time=130.290518669s
[ Info: iter=6566 obj=1.4181853181730313e6 pinf=0.0 (0) dinf=1.638159595907293e12 (10738) time=130.375791172s
[ Info: iter=6567 obj=1.4181853181730313e6 pinf=0.0 (0) dinf=1.638159593846405e12 (10737) time=130.464228975s
[ Info: iter=6568 obj=1.4181853181730313e6 pinf=0.0 (0) dinf=1.638159591785548e12 (10734) time=130.559961979s
[ Info: iter=6569 obj=1.4181853181730313e6 pinf=0.0 (0) dinf=1.638137771983945e12 (10732) time=130.647594483s
[ Info: iter=6570 obj=1.4181853181730313e6 pinf=0.0 (0) dinf=1.6381202969943826e12 (10735) time=130.741585886s
[ Info: iter=6571 obj=1.4181853181730313e6 pinf=0.0 (0) dinf=1.6381043988619626e12 (10738) time=130.83449699s
[ Info: iter=6572 obj=1.4181853181730313e6 pinf=0.0 (0) dinf=1.638074485564246e12 (10739) time=130.925086194s
[ Info: iter=6573 obj=1.4181853181730313e6 pinf=0.0 (0) dinf=1.6380453564367742e12 (10736) time=131.018226897s
[ Info: iter=6574 obj=1.4181853181730313e6 pinf=0.0 (0) dinf=1.6380441254307021e12 (10735) time=131.099757901s
[ Info: iter=6575 obj=1.4181853181730313e6 pinf=0.0 (0) dinf=1.638043005304765e12 (10734) time=131.183340604s
[ Info: iter=6576 obj=1.4181853181730313e6 pinf=0.0 (0) dinf=1.6380408392083308e12 (10731) time=131.263476707s
[ Info: iter=6577 obj=1.4181853181730313e6 pinf=0.0 (0) dinf=1.6380063174705771e12 (10731) time=131.34630541s
[ Info: iter=6578 obj=1.4181853181730313e6 pinf=0.0 (0) dinf=1.638005028925225e12 (10731) time=131.426455614s
[ Info: iter=6579 obj=1.4181853181730313e6 pinf=0.0 (0) dinf=1.6379538745046492e12 (10735) time=131.512563317s
[ Info: iter=6580 obj=1.4181853181730313e6 pinf=0.0 (0) dinf=1.6379027200842056e12 (10739) time=131.59277392s
[ Info: iter=6581 obj=1.4181853181730313e6 pinf=0.0 (0) dinf=1.637903215865952e12 (10739) time=131.679484624s
[ Info: iter=6582 obj=1.4181853181730313e6 pinf=0.0 (0) dinf=1.6379030965926292e12 (10739) time=131.764083526s
[ Info: iter=6583 obj=1.4181853181730313e6 pinf=0.0 (0) dinf=1.637902978398638e12 (10739) time=131.845312929s
[ Info: iter=6584 obj=1.4181853181730313e6 pinf=0.0 (0) dinf=1.6379028602046467e12 (10739) time=131.926326431s
[ Info: iter=6585 obj=1.4181853181730313e6 pinf=0.0 (0) dinf=1.6379027420106555e12 (10739) time=132.017621434s
[ Info: iter=6586 obj=1.4181853181730313e6 pinf=0.0 (0) dinf=1.637870299413058e12 (10737) time=132.100983137s
[ Info: iter=6587 obj=1.4181853181730313e6 pinf=0.0 (0) dinf=1.637927746570056e12 (10738) time=132.183203639s
[ Info: iter=6588 obj=1.4181853181730313e6 pinf=0.0 (0) dinf=1.637959915759028e12 (10739) time=132.264021342s
[ Info: iter=6589 obj=1.4181853181730313e6 pinf=0.0 (0) dinf=1.638912420398083e12 (10744) time=132.341696544s
[ Info: iter=6590 obj=1.4181853181730313e6 pinf=0.0 (0) dinf=1.6389213418694639e12 (10746) time=132.422953347s
[ Info: iter=6591 obj=1.4181853181730313e6 pinf=0.0 (0) dinf=1.638925625794342e12 (10746) time=132.51483755s
[ Info: iter=6592 obj=1.4181853181730313e6 pinf=0.0 (0) dinf=1.6389237682851445e12 (10747) time=132.592952452s
[ Info: iter=6593 obj=1.4181853181730313e6 pinf=0.0 (0) dinf=1.638913938012469e12 (10754) time=132.680901555s
[ Info: iter=6594 obj=1.4181853181730313e6 pinf=0.0 (0) dinf=1.6389041077390962e12 (10752) time=132.769702958s
[ Info: iter=6595 obj=1.4181853181730313e6 pinf=0.0 (0) dinf=1.638894277466274e12 (10755) time=132.861774261s
[ Info: iter=6596 obj=1.4181853181730313e6 pinf=0.0 (0) dinf=1.6388940235877744e12 (10754) time=132.953641564s
[ Info: iter=6597 obj=1.4181853181730313e6 pinf=0.0 (0) dinf=1.6388938927762124e12 (10753) time=133.047654466s
[ Info: iter=6598 obj=1.4181853181730313e6 pinf=0.0 (0) dinf=1.6388937619646226e12 (10752) time=133.14616897s
[ Info: iter=6599 obj=1.4181853181730313e6 pinf=0.0 (0) dinf=1.638893512733997e12 (10751) time=133.237429272s
[ Info: iter=6600 obj=1.4181853181730313e6 pinf=0.0 (0) dinf=1.6388933819224346e12 (10750) time=133.329983275s
[ Info: iter=6601 obj=1.4181853181730313e6 pinf=0.0 (0) dinf=1.6388932511108452e12 (10749) time=133.421383278s
[ Info: iter=6602 obj=1.4181853181730313e6 pinf=0.0 (0) dinf=1.6388928695884707e12 (10749) time=133.513393581s
[ Info: iter=6603 obj=1.4181853181730313e6 pinf=0.0 (0) dinf=1.6388927537248564e12 (10747) time=133.613008084s
[ Info: iter=6610 obj=1.4181853181826756e6 pinf=0.0 (0) dinf=1.62518032159479e13 (10744) time=133.755319389s
[ Info: iter=6611 obj=1.4181853181826756e6 pinf=0.0 (0) dinf=1.625180190805396e13 (10741) time=133.839221791s
[ Info: iter=6612 obj=1.4181853181826756e6 pinf=0.0 (0) dinf=1.6251799493673523e13 (10738) time=133.922641294s
[ Info: iter=6613 obj=1.4181853181826756e6 pinf=0.0 (0) dinf=1.6251798647704303e13 (10738) time=134.010100797s
[ Info: iter=6614 obj=1.4181853181730313e6 pinf=0.0 (0) dinf=1.6390201006394753e12 (10763) time=134.096214799s
[ Info: iter=6615 obj=1.4181853181730313e6 pinf=0.0 (0) dinf=1.6389711968461106e12 (10763) time=134.176605302s
[ Info: iter=6616 obj=1.4181853181730313e6 pinf=0.0 (0) dinf=1.6389221341891396e12 (10763) time=134.255985004s
[ Info: iter=6617 obj=1.4181853181730313e6 pinf=0.0 (0) dinf=1.6389223657378254e12 (10763) time=134.345878407s
[ Info: iter=6618 obj=1.4181853181730313e6 pinf=0.0 (0) dinf=1.6389222464645085e12 (10763) time=134.43283821s
[ Info: iter=6619 obj=1.4181853181730313e6 pinf=0.0 (0) dinf=1.6389221282705232e12 (10763) time=134.521773213s
[ Info: iter=6620 obj=1.4181853181730313e6 pinf=0.0 (0) dinf=1.638922010076538e12 (10763) time=134.610817015s
[ Info: iter=6621 obj=1.4181853181730313e6 pinf=0.0 (0) dinf=1.638921891882553e12 (10763) time=134.698885518s
[ Info: iter=6622 obj=1.4181853181730313e6 pinf=0.0 (0) dinf=1.6392332228241873e12 (10762) time=134.799796721s
[ Info: iter=6623 obj=1.4181853181730313e6 pinf=0.0 (0) dinf=1.6391164266081396e12 (10758) time=134.876812924s
[ Info: iter=6624 obj=1.4181853181730313e6 pinf=0.0 (0) dinf=1.6389605756845894e12 (10754) time=134.953700226s
[ Info: iter=6625 obj=1.4181853181730313e6 pinf=0.0 (0) dinf=1.6391059906490273e12 (10755) time=135.029839529s
[ Info: iter=6626 obj=1.4181853181730313e6 pinf=0.0 (0) dinf=1.6391059906490273e12 (10755) time=135.128098332s
[ Info: iter=6627 obj=1.4181853181730313e6 pinf=0.0 (0) dinf=1.6391059512323977e12 (10754) time=135.206660234s
[ Info: iter=6628 obj=1.4181853181730313e6 pinf=0.0 (0) dinf=1.6392355588313467e12 (10758) time=135.281478436s
[ Info: iter=6629 obj=1.4181853181730313e6 pinf=0.0 (0) dinf=1.639586444128035e12 (10757) time=135.360229939s
[ Info: iter=6630 obj=1.4181853181730313e6 pinf=0.0 (0) dinf=1.6396265609857246e12 (10761) time=135.453902042s
[ Info: iter=6631 obj=1.4181853181730313e6 pinf=0.0 (0) dinf=1.639584151031707e12 (10755) time=135.541255545s
[ Info: iter=6632 obj=1.4181853181730313e6 pinf=0.0 (0) dinf=1.6395760418303164e12 (10752) time=135.631068847s
[ Info: iter=6633 obj=1.4181853181730313e6 pinf=0.0 (0) dinf=1.639565639532822e12 (10752) time=135.72203765s
[ Info: iter=6634 obj=1.4181853181730313e6 pinf=0.0 (0) dinf=1.639576039902947e12 (10752) time=135.812173653s
[ Info: iter=6635 obj=1.4181853181730313e6 pinf=0.0 (0) dinf=1.6395745921017258e12 (10749) time=135.902350356s
[ Info: iter=6636 obj=1.4181853181730313e6 pinf=0.0 (0) dinf=1.6395593910283083e12 (10748) time=135.990598359s
[ Info: iter=6637 obj=1.4181853181730313e6 pinf=0.0 (0) dinf=1.6395864403351262e12 (10756) time=136.071928961s
[ Info: iter=6638 obj=1.4181853181730313e6 pinf=0.0 (0) dinf=1.639586438281687e12 (10753) time=136.164395864s
[ Info: iter=6639 obj=1.4181853181730313e6 pinf=0.0 (0) dinf=1.6395478565076702e12 (10753) time=136.251862267s
[ Info: iter=6640 obj=1.4181853181730313e6 pinf=0.0 (0) dinf=1.6395477182526917e12 (10753) time=136.34076567s
[ Info: iter=6641 obj=1.4181853181730313e6 pinf=0.0 (0) dinf=1.639547716199295e12 (10752) time=136.425092872s
[ Info: iter=6642 obj=1.4181853181730313e6 pinf=0.0 (0) dinf=1.6395478580283374e12 (10753) time=136.509446375s
[ Info: iter=6643 obj=1.4181853181730313e6 pinf=0.0 (0) dinf=1.6395423695768223e12 (10753) time=136.597802978s
[ Info: iter=6644 obj=1.4181853181730313e6 pinf=0.0 (0) dinf=1.6395164148626062e12 (10752) time=136.68362668s
[ Info: iter=6645 obj=1.4181853181730313e6 pinf=0.0 (0) dinf=1.6395164128096423e12 (10748) time=136.769630583s
[ Info: iter=6646 obj=1.4181853181730313e6 pinf=0.0 (0) dinf=1.6395902862514604e12 (10752) time=136.858993686s
[ Info: iter=6647 obj=1.4181853181730313e6 pinf=0.0 (0) dinf=1.6395080908531099e12 (10749) time=136.953319889s
[ Info: iter=6648 obj=1.4181853181730313e6 pinf=0.0 (0) dinf=1.6395080908531099e12 (10749) time=137.050232192s
[ Info: iter=6650 obj=1.4181853181730313e6 pinf=0.0 (0) dinf=1.639847964261898e12 (10752) time=137.158807895s
[ Info: iter=6651 obj=1.4181853181730313e6 pinf=0.0 (0) dinf=1.6397742326491228e12 (10749) time=137.246201898s
[ Info: iter=6652 obj=1.4181853181730313e6 pinf=0.0 (0) dinf=1.6397743937416694e12 (10749) time=137.343467801s
[ Info: iter=6653 obj=1.4181853181730313e6 pinf=0.0 (0) dinf=1.6397741950158403e12 (10748) time=137.437345604s
[ Info: iter=6654 obj=1.4181853181730313e6 pinf=0.0 (0) dinf=1.6397657443846353e12 (10746) time=137.530956607s
[ Info: iter=6655 obj=1.4181853181730313e6 pinf=0.0 (0) dinf=1.6397657443844194e12 (10745) time=137.62312801s
[ Info: iter=6656 obj=1.4181853181730313e6 pinf=0.0 (0) dinf=1.6397149062168352e12 (10747) time=137.725251313s
[ Info: iter=6657 obj=1.4181853181730313e6 pinf=0.0 (0) dinf=1.6397151684944832e12 (10747) time=137.824866216s
[ Info: iter=6658 obj=1.4181853181730313e6 pinf=0.0 (0) dinf=1.6397150495983533e12 (10747) time=137.920827519s
[ Info: iter=6659 obj=1.4181853181730313e6 pinf=0.0 (0) dinf=1.6397149317781418e12 (10747) time=138.016512422s
[ Info: iter=6660 obj=1.4181853181730313e6 pinf=0.0 (0) dinf=1.6397149317781418e12 (10747) time=138.121581125s
[ Info: iter=6661 obj=1.4181853181730313e6 pinf=0.0 (0) dinf=1.6397232171033684e12 (10746) time=138.226041029s
[ Info: iter=6662 obj=1.4181853181730313e6 pinf=0.0 (0) dinf=1.6396718636899678e12 (10745) time=138.330085632s
[ Info: iter=6663 obj=1.4181853181730313e6 pinf=0.0 (0) dinf=1.6396707618941052e12 (10742) time=138.429837435s
[ Info: iter=6664 obj=1.4181853181730313e6 pinf=0.0 (0) dinf=1.6396686239497056e12 (10746) time=138.528180938s
[ Info: iter=6665 obj=1.4181853181730313e6 pinf=0.0 (0) dinf=1.6396675915258032e12 (10744) time=138.629519641s
[ Info: iter=6666 obj=1.4181853181730313e6 pinf=0.0 (0) dinf=1.639666473171609e12 (10747) time=138.735228745s
[ Info: iter=6667 obj=1.4181853181730313e6 pinf=0.0 (0) dinf=1.6396664798641921e12 (10745) time=138.837897248s
[ Info: iter=6668 obj=1.4181853181730313e6 pinf=0.0 (0) dinf=1.6396697215291965e12 (10742) time=138.935683451s
[ Info: iter=6669 obj=1.4181853181730313e6 pinf=0.0 (0) dinf=1.6396686574018525e12 (10742) time=139.036513354s
[ Info: iter=6670 obj=1.4181853181730313e6 pinf=0.0 (0) dinf=1.6396683556121426e12 (10741) time=139.137776957s
[ Info: iter=6671 obj=1.4181853181730313e6 pinf=0.0 (0) dinf=1.639668787504794e12 (10742) time=139.239744961s
[ Info: iter=6672 obj=1.4181853181730313e6 pinf=0.0 (0) dinf=1.6396683620081946e12 (10742) time=139.345393364s
[ Info: iter=6673 obj=1.4181853181730313e6 pinf=0.0 (0) dinf=1.639669465730649e12 (10743) time=139.447224967s
[ Info: iter=6674 obj=1.4181853181730313e6 pinf=0.0 (0) dinf=1.6396683620069106e12 (10742) time=139.55406077s
[ Info: iter=6675 obj=1.4181853181730313e6 pinf=0.0 (0) dinf=1.6397440840243145e12 (10742) time=139.662515674s
[ Info: iter=6676 obj=1.4181853181730313e6 pinf=0.0 (0) dinf=1.6397459381906833e12 (10740) time=139.769787878s
[ Info: iter=6677 obj=1.4181853181730313e6 pinf=0.0 (0) dinf=1.6397452234334712e12 (10740) time=139.876098381s
[ Info: iter=6678 obj=1.4181853181730313e6 pinf=0.0 (0) dinf=1.63974522343283e12 (10740) time=139.984942786s
[ Info: iter=6679 obj=1.4181853181730313e6 pinf=0.0 (0) dinf=1.6398045244086233e12 (10743) time=140.10424329s
[ Info: iter=6680 obj=1.4181853181730313e6 pinf=0.0 (0) dinf=1.63980399978557e12 (10742) time=140.210893494s
[ Info: iter=6687 obj=1.4181853181730313e6 pinf=0.0 (0) dinf=1.6398050254997896e12 (10743) time=140.339998699s
[ Info: iter=6694 obj=1.4181853181730313e6 pinf=0.0 (0) dinf=1.6398065077084888e12 (10744) time=140.466057603s
[ Info: iter=6695 obj=1.4181853181730313e6 pinf=0.0 (0) dinf=1.6398065142614e12 (10740) time=140.570349607s
[ Info: iter=6696 obj=1.4181853181730313e6 pinf=0.0 (0) dinf=1.6398066368974272e12 (10741) time=140.664411311s
[ Info: iter=6697 obj=1.4181853181730313e6 pinf=0.0 (0) dinf=1.639806759533442e12 (10742) time=140.758728714s
[ Info: iter=6698 obj=1.4181853181730313e6 pinf=0.0 (0) dinf=1.6428147958787856e12 (10745) time=140.851911318s
[ Info: iter=6699 obj=1.4181853181776484e6 pinf=0.0 (0) dinf=1.642625836128798e12 (10748) time=140.92422622s
[ Info: iter=6700 obj=1.4181853181776484e6 pinf=0.0 (0) dinf=1.642625836117284e12 (10746) time=141.016397424s
[ Info: iter=6701 obj=1.4181853181776484e6 pinf=0.0 (0) dinf=1.6426258361071096e12 (10743) time=141.105950227s
[ Info: iter=6702 obj=1.4181853181730313e6 pinf=0.0 (0) dinf=1.6400992825212693e12 (10739) time=141.19208433s
[ Info: iter=6703 obj=1.4181853181730313e6 pinf=0.0 (0) dinf=1.6401000183351926e12 (10740) time=141.295982634s
[ Info: iter=6704 obj=1.4181853181730313e6 pinf=0.0 (0) dinf=1.640099282519985e12 (10739) time=141.399459838s
[ Info: iter=6705 obj=1.4181853181730313e6 pinf=0.0 (0) dinf=1.6400992825194324e12 (10739) time=141.500968742s
[ Info: iter=6706 obj=1.4181853181730313e6 pinf=0.0 (0) dinf=1.6400987271670916e12 (10739) time=141.605034846s
[ Info: iter=6707 obj=1.4181853181730313e6 pinf=0.0 (0) dinf=1.640098622058843e12 (10739) time=141.71181155s
[ Info: iter=6708 obj=1.4181853181730313e6 pinf=0.0 (0) dinf=1.6400985169505945e12 (10739) time=141.816762954s
[ Info: iter=6709 obj=1.4181853181730313e6 pinf=0.0 (0) dinf=1.6401420361104065e12 (10740) time=141.921329757s
[ Info: iter=6710 obj=1.4181853181730313e6 pinf=0.0 (0) dinf=1.6401416042173513e12 (10739) time=142.025370961s
[ Info: iter=6711 obj=1.4181853181730313e6 pinf=0.0 (0) dinf=1.640218379017763e12 (10739) time=142.131062565s
[ Info: iter=6712 obj=1.4181853181730313e6 pinf=0.0 (0) dinf=1.640218220383516e12 (10739) time=142.25301157s
[ Info: iter=6713 obj=1.4181853181730313e6 pinf=0.0 (0) dinf=1.6402192783681074e12 (10743) time=142.359165074s
[ Info: iter=6714 obj=1.4181853181730313e6 pinf=0.0 (0) dinf=1.6402192121632417e12 (10740) time=142.459724177s
[ Info: iter=6715 obj=1.4181853181730313e6 pinf=0.0 (0) dinf=1.6402190535285186e12 (10740) time=142.585628382s
[ Info: iter=6716 obj=1.4181853181730313e6 pinf=0.0 (0) dinf=1.6402190535278774e12 (10740) time=142.712513387s
[ Info: iter=6717 obj=1.4181853181730313e6 pinf=0.0 (0) dinf=1.640220293204588e12 (10740) time=142.841717892s
[ Info: iter=6719 obj=1.4181853181730313e6 pinf=0.0 (0) dinf=1.640220414173093e12 (10741) time=142.970790196s
[ Info: iter=6721 obj=1.4181853181730313e6 pinf=0.0 (0) dinf=1.6402209885940564e12 (10743) time=143.102640701s
[ Info: iter=6722 obj=1.4181853181730313e6 pinf=0.0 (0) dinf=1.6402645271326985e12 (10744) time=143.231819706s
[ Info: iter=6723 obj=1.4181853181730313e6 pinf=0.0 (0) dinf=1.6402640952401296e12 (10743) time=143.362183811s
[ Info: iter=6724 obj=1.4181853181730313e6 pinf=0.0 (0) dinf=1.640263786714065e12 (10743) time=143.489147016s
[ Info: iter=6725 obj=1.4181853181730313e6 pinf=0.0 (0) dinf=1.6402058523215813e12 (10741) time=143.61754672s
[ Info: iter=6726 obj=1.4181853181730313e6 pinf=0.0 (0) dinf=1.6403867220097605e12 (10743) time=143.756633726s
[ Info: iter=6727 obj=1.4181853181730313e6 pinf=0.0 (0) dinf=1.6402135608357776e12 (10741) time=143.891044931s
[ Info: iter=6728 obj=1.4181853181730313e6 pinf=0.0 (0) dinf=1.6402135608352246e12 (10741) time=144.026019936s
[ Info: iter=6729 obj=1.4181853181730313e6 pinf=0.0 (0) dinf=1.640213252308719e12 (10741) time=144.159424841s
[ Info: iter=6730 obj=1.4181853181730313e6 pinf=0.0 (0) dinf=1.640213252308345e12 (10741) time=144.299877146s
[ Info: iter=6731 obj=1.4181853181730313e6 pinf=0.0 (0) dinf=1.6402151317918708e12 (10743) time=144.433431951s
[ Info: iter=6732 obj=1.4181853181730313e6 pinf=0.0 (0) dinf=1.6402151133060193e12 (10742) time=144.576089556s
[ Info: iter=6733 obj=1.4181853181730313e6 pinf=0.0 (0) dinf=1.6402725230172466e12 (10743) time=144.712034861s
[ Info: iter=6734 obj=1.4181853181730313e6 pinf=0.0 (0) dinf=1.6402728329348782e12 (10744) time=144.847606866s
[ Info: iter=6736 obj=1.4181853181730313e6 pinf=0.0 (0) dinf=1.640272875866641e12 (10745) time=144.985925071s
[ Info: iter=6737 obj=1.4181853181730313e6 pinf=0.0 (0) dinf=1.640324843556313e12 (10742) time=145.131876977s
[ Info: iter=6738 obj=1.4181853181730313e6 pinf=0.0 (0) dinf=1.6404067258212246e12 (10743) time=145.268373282s
[ Info: iter=6739 obj=1.4181853181730313e6 pinf=0.0 (0) dinf=1.640408839827585e12 (10745) time=145.403105387s
[ Info: iter=6741 obj=1.4181853181730313e6 pinf=0.0 (0) dinf=1.640408911384115e12 (10748) time=145.544551392s
[ Info: iter=6742 obj=1.4181853181730313e6 pinf=0.0 (0) dinf=1.6403849872428306e12 (10747) time=145.692398297s
[ Info: iter=6743 obj=1.4181853181730313e6 pinf=0.0 (0) dinf=1.6403611756449263e12 (10746) time=145.840681103s
[ Info: iter=6744 obj=1.4181853181730313e6 pinf=0.0 (0) dinf=1.6403606894610032e12 (10747) time=145.991195009s
[ Info: iter=6745 obj=1.4181853181730313e6 pinf=0.0 (0) dinf=1.6403373402990032e12 (10747) time=146.136248814s
[ Info: iter=6746 obj=1.4181853181730313e6 pinf=0.0 (0) dinf=1.6403370521258875e12 (10747) time=146.28567082s
[ Info: iter=6747 obj=1.4181853181730313e6 pinf=0.0 (0) dinf=1.6403389607932717e12 (10751) time=146.435080425s
[ Info: iter=6748 obj=1.4181853181730313e6 pinf=0.0 (0) dinf=1.6403402707919858e12 (10751) time=146.583294431s
[ Info: iter=6749 obj=1.4181853181730313e6 pinf=0.0 (0) dinf=1.6403402451778582e12 (10750) time=146.733215836s
[ Info: iter=6750 obj=1.4181853181730313e6 pinf=0.0 (0) dinf=1.640340245177414e12 (10750) time=146.885551042s
[ Info: iter=6751 obj=1.4181853181730313e6 pinf=0.0 (0) dinf=1.6403953343120164e12 (10747) time=147.040844148s
[ Info: iter=6753 obj=1.4181853181730313e6 pinf=0.0 (0) dinf=1.6405796741806064e12 (10748) time=147.208326954s
[ Info: iter=6755 obj=1.4181853181730313e6 pinf=0.0 (0) dinf=1.6405787849075063e12 (10747) time=147.36602816s
[ Info: iter=6756 obj=1.4181853181730313e6 pinf=0.0 (0) dinf=1.6405796594012913e12 (10747) time=147.511951765s
[ Info: iter=6757 obj=1.4181853181730313e6 pinf=0.0 (0) dinf=1.640579498085314e12 (10746) time=147.64867397s
[ Info: iter=6758 obj=1.4181853181730313e6 pinf=0.0 (0) dinf=1.640579107544684e12 (10745) time=147.801905881s
[ Info: iter=6759 obj=1.4181853181730313e6 pinf=0.0 (0) dinf=1.6407752174661443e12 (10745) time=147.949045795s
[ Info: iter=6760 obj=1.4181853181730313e6 pinf=0.0 (0) dinf=1.6406276353971978e12 (10742) time=148.096582609s
[ Info: iter=6761 obj=1.4181853181730313e6 pinf=0.0 (0) dinf=1.6406217321148684e12 (10742) time=148.244642723s
[ Info: iter=6762 obj=1.4181853181730313e6 pinf=0.0 (0) dinf=1.6407692879610247e12 (10744) time=148.399795137s
[ Info: iter=6763 obj=1.4181853181730313e6 pinf=0.0 (0) dinf=1.6407764076349526e12 (10743) time=148.53944125s
[ Info: iter=6764 obj=1.4181853181730313e6 pinf=0.0 (0) dinf=1.6407763375341038e12 (10743) time=148.690143765s
[ Info: iter=6765 obj=1.4181853181730313e6 pinf=0.0 (0) dinf=1.640837938858213e12 (10742) time=148.84641328s
[ Info: iter=6766 obj=1.4181853181730313e6 pinf=0.0 (0) dinf=1.6408382487751611e12 (10743) time=148.999792894s
[ Info: iter=6767 obj=1.4181853181730313e6 pinf=0.0 (0) dinf=1.6408388286254753e12 (10746) time=149.146588908s
[ Info: iter=6768 obj=1.4181853181730313e6 pinf=0.0 (0) dinf=1.6408386895950247e12 (10743) time=149.303628123s
[ Info: iter=6769 obj=1.4181853181730313e6 pinf=0.0 (0) dinf=1.641192894650543e12 (10736) time=149.453460737s
[ Info: iter=6770 obj=1.4181853181730313e6 pinf=0.0 (0) dinf=1.6411927318941045e12 (10736) time=149.607385252s
[ Info: iter=6771 obj=1.4181853181730313e6 pinf=0.0 (0) dinf=1.6447925743791118e12 (10731) time=149.762246566s
[ Info: iter=6772 obj=1.4181853181730313e6 pinf=0.0 (0) dinf=1.6447759364398135e12 (10730) time=149.846719674s
[ Info: iter=6773 obj=1.4181853181730313e6 pinf=0.0 (0) dinf=1.6447960416322048e12 (10729) time=149.931709382s
[ Info: iter=6774 obj=1.4181853181730313e6 pinf=0.0 (0) dinf=1.6448156456408713e12 (10728) time=150.019431891s
[ Info: iter=6775 obj=1.4181853181730313e6 pinf=0.0 (0) dinf=1.644853260940165e12 (10726) time=150.107043199s
[ Info: iter=6776 obj=1.4181853181730313e6 pinf=0.0 (0) dinf=1.6448233288262573e12 (10724) time=150.195691607s
[ Info: iter=6777 obj=1.4181853181730313e6 pinf=0.0 (0) dinf=1.644826263503499e12 (10725) time=150.32970442s
[ Info: iter=6778 obj=1.4181853181730313e6 pinf=0.0 (0) dinf=1.6448250712660527e12 (10725) time=150.467692833s
[ Info: iter=6779 obj=1.4181853181730313e6 pinf=0.0 (0) dinf=1.6448230570677585e12 (10725) time=150.607509246s
[ Info: iter=6780 obj=1.4181853181730313e6 pinf=0.0 (0) dinf=1.6448236591369646e12 (10724) time=150.75692096s
[ Info: iter=6781 obj=1.4181853181730313e6 pinf=0.0 (0) dinf=1.6448219521962644e12 (10724) time=150.910268975s
[ Info: iter=6782 obj=1.4181853181730313e6 pinf=0.0 (0) dinf=1.6448219115720679e12 (10723) time=151.062034889s
[ Info: iter=6783 obj=1.4181853181730313e6 pinf=0.0 (0) dinf=1.6448218709478713e12 (10722) time=151.212980003s
[ Info: iter=6784 obj=1.4181853181730313e6 pinf=0.0 (0) dinf=1.6448236422536252e12 (10723) time=151.368470418s
[ Info: iter=6785 obj=1.4181853181730313e6 pinf=0.0 (0) dinf=1.6446867297288267e12 (10721) time=151.516366332s
[ Info: iter=6786 obj=1.4181853181730313e6 pinf=0.0 (0) dinf=1.6447197135101716e12 (10723) time=151.662272546s
[ Info: iter=6787 obj=1.4181853181730313e6 pinf=0.0 (0) dinf=1.6447197135101716e12 (10722) time=151.81475466s
[ Info: iter=6788 obj=1.4181853181730313e6 pinf=0.0 (0) dinf=1.644833952815207e12 (10720) time=151.967539875s
[ Info: iter=6789 obj=1.4181853181730313e6 pinf=0.0 (0) dinf=1.6448669365961106e12 (10723) time=152.114905889s
[ Info: iter=6790 obj=1.4181853181730313e6 pinf=0.0 (0) dinf=1.6448669365961106e12 (10722) time=152.270266703s
[ Info: iter=6791 obj=1.4181853181730313e6 pinf=0.0 (0) dinf=1.644854047835744e12 (10719) time=152.427665118s
[ Info: iter=6792 obj=1.4181853181730313e6 pinf=0.0 (0) dinf=1.6449720025613774e12 (10721) time=152.576520232s
[ Info: iter=6793 obj=1.4181853181730313e6 pinf=0.0 (0) dinf=1.6453892021000203e12 (10720) time=152.726791847s
[ Info: iter=6794 obj=1.4181853181730313e6 pinf=0.0 (0) dinf=1.6453268436779568e12 (10719) time=152.86623566s
[ Info: iter=6795 obj=1.4181853181730313e6 pinf=0.0 (0) dinf=1.6453987330276023e12 (10719) time=153.004360973s
[ Info: iter=6797 obj=1.4181853181730313e6 pinf=0.0 (0) dinf=1.6452561093839248e12 (10718) time=153.130591285s
[ Info: iter=6798 obj=1.4181853181730313e6 pinf=0.0 (0) dinf=1.6453286654864941e12 (10718) time=153.279495699s
[ Info: iter=6800 obj=1.4181853181730313e6 pinf=0.0 (0) dinf=1.6451853888792832e12 (10717) time=153.413368912s
[ Info: iter=6801 obj=1.4181853181730313e6 pinf=0.0 (0) dinf=1.6452611902377395e12 (10718) time=153.551841925s
[ Info: iter=6802 obj=1.4181853181730313e6 pinf=0.0 (0) dinf=1.6450552523913745e12 (10717) time=153.688579438s
[ Info: iter=6803 obj=1.4181853181730313e6 pinf=0.0 (0) dinf=1.645130150350987e12 (10718) time=153.834495451s
[ Info: iter=6804 obj=1.4181853181730313e6 pinf=0.0 (0) dinf=1.6449251038580957e12 (10717) time=153.972371665s
[ Info: iter=6805 obj=1.4181853181730313e6 pinf=0.0 (0) dinf=1.6449251038573452e12 (10717) time=154.114956078s
[ Info: iter=6806 obj=1.4181853181730313e6 pinf=0.0 (0) dinf=1.6452026792283062e12 (10717) time=154.259956692s
[ Info: iter=6807 obj=1.4181853181730313e6 pinf=0.0 (0) dinf=1.6452421491397366e12 (10717) time=154.418532907s
[ Info: iter=6808 obj=1.4181853181730313e6 pinf=0.0 (0) dinf=1.6450386142684658e12 (10715) time=154.584064822s
[ Info: iter=6809 obj=1.4181853181730313e6 pinf=0.0 (0) dinf=1.645006404858806e12 (10715) time=154.744369238s
[ Info: iter=6810 obj=1.4181853181730313e6 pinf=0.0 (0) dinf=1.645026055568401e12 (10716) time=154.904993753s
[ Info: iter=6811 obj=1.4181853181730313e6 pinf=0.0 (0) dinf=1.6451440102928977e12 (10715) time=155.057078967s
[ Info: iter=6812 obj=1.4181853181730313e6 pinf=0.0 (0) dinf=1.6451438746687268e12 (10715) time=155.208773582s
[ Info: iter=6813 obj=1.4181853181730313e6 pinf=0.0 (0) dinf=1.645143874668283e12 (10715) time=155.361982096s
[ Info: iter=6814 obj=1.4181853181730313e6 pinf=0.0 (0) dinf=1.6451419589436108e12 (10715) time=155.517999511s
[ Info: iter=6815 obj=1.4181853181730313e6 pinf=0.0 (0) dinf=1.6451419589428608e12 (10715) time=155.687949727s
[ Info: iter=6816 obj=1.4181853181730313e6 pinf=0.0 (0) dinf=1.6453335990825947e12 (10716) time=155.845367534s
[ Info: iter=6817 obj=1.4181853181730313e6 pinf=0.0 (0) dinf=1.6454706800055315e12 (10714) time=155.995133437s
[ Info: iter=6818 obj=1.4181853181730313e6 pinf=0.0 (0) dinf=1.645217829310229e12 (10713) time=156.149199841s
[ Info: iter=6819 obj=1.4181853181730313e6 pinf=0.0 (0) dinf=1.6452208901048682e12 (10718) time=156.309640545s
[ Info: iter=6820 obj=1.4181853181730313e6 pinf=0.0 (0) dinf=1.645219616274661e12 (10715) time=156.474614449s
[ Info: iter=6821 obj=1.4181853181730313e6 pinf=0.0 (0) dinf=1.6452180754768167e12 (10713) time=156.640286753s
[ Info: iter=6822 obj=1.4181853181730313e6 pinf=0.0 (0) dinf=1.6452166268983032e12 (10716) time=156.802706657s
[ Info: iter=6823 obj=1.4181853181730313e6 pinf=0.0 (0) dinf=1.645216169366465e12 (10715) time=156.953033161s
[ Info: iter=6824 obj=1.4181853181730313e6 pinf=0.0 (0) dinf=1.6452152642438313e12 (10713) time=157.100897865s
[ Info: iter=6825 obj=1.4181853181730313e6 pinf=0.0 (0) dinf=1.6452149543259075e12 (10712) time=157.250858768s
[ Info: iter=6826 obj=1.4181853181730313e6 pinf=0.0 (0) dinf=1.6452149543252605e12 (10712) time=157.398193272s
[ Info: iter=6827 obj=1.4181853181730313e6 pinf=0.0 (0) dinf=1.6452147119963806e12 (10712) time=157.545739675s
[ Info: iter=6828 obj=1.4181853181730313e6 pinf=0.0 (0) dinf=1.6452134254111052e12 (10712) time=157.696148179s
[ Info: iter=6829 obj=1.4181853181730313e6 pinf=0.0 (0) dinf=1.6452096852271116e12 (10712) time=157.849884683s
[ Info: iter=6830 obj=1.4181853181730313e6 pinf=0.0 (0) dinf=1.645406624946361e12 (10717) time=157.999867187s
[ Info: iter=6831 obj=1.4181853181730313e6 pinf=0.0 (0) dinf=1.6454052460278408e12 (10716) time=158.166649191s
[ Info: iter=6832 obj=1.4181853181730313e6 pinf=0.0 (0) dinf=1.645247710622026e12 (10712) time=158.329871295s
[ Info: iter=6833 obj=1.4181853181730313e6 pinf=0.0 (0) dinf=1.6452477106209873e12 (10712) time=158.478840698s
[ Info: iter=6834 obj=1.4181853181730313e6 pinf=0.0 (0) dinf=1.6452986422914766e12 (10715) time=158.639156502s
[ Info: iter=6835 obj=1.4181853181730313e6 pinf=0.0 (0) dinf=1.6452986422908296e12 (10715) time=158.795375606s
[ Info: iter=6836 obj=1.4181853181730313e6 pinf=0.0 (0) dinf=1.645299595753373e12 (10715) time=158.94472521s
[ Info: iter=6837 obj=1.4181853181730313e6 pinf=0.0 (0) dinf=1.645298832865314e12 (10715) time=159.102901014s
[ Info: iter=6838 obj=1.4181853181730313e6 pinf=0.0 (0) dinf=1.6453005288176165e12 (10714) time=159.256837617s
[ Info: iter=6839 obj=1.4181853181730313e6 pinf=0.0 (0) dinf=1.645199327628453e12 (10713) time=159.408183621s
[ Info: iter=6840 obj=1.4181853181730313e6 pinf=0.0 (0) dinf=1.6451993276118884e12 (10712) time=159.567015825s
[ Info: iter=6841 obj=1.4181853181730313e6 pinf=0.0 (0) dinf=1.6451993276102922e12 (10712) time=159.727980829s
[ Info: iter=6842 obj=1.4181853181730313e6 pinf=0.0 (0) dinf=1.6451989622224663e12 (10712) time=159.891558433s
[ Info: iter=6843 obj=1.4181853181730313e6 pinf=0.0 (0) dinf=1.64519780246678e12 (10709) time=160.050092837s
[ Info: iter=6844 obj=1.4181853181730313e6 pinf=0.0 (0) dinf=1.6451987412984822e12 (10709) time=160.211729741s
[ Info: iter=6845 obj=1.4181853181730313e6 pinf=0.0 (0) dinf=1.6451979819218474e12 (10709) time=160.370948045s
[ Info: iter=6846 obj=1.4181853181730313e6 pinf=0.0 (0) dinf=1.6451966111790962e12 (10711) time=160.534271849s
[ Info: iter=6847 obj=1.4181853181730313e6 pinf=0.0 (0) dinf=1.645196611169977e12 (10710) time=160.700036053s
[ Info: iter=6848 obj=1.4181853181730313e6 pinf=0.0 (0) dinf=1.6464319642023975e12 (10709) time=160.860171457s
[ Info: iter=6849 obj=1.4181853181730313e6 pinf=0.0 (0) dinf=1.6463718940611304e12 (10706) time=161.020489661s
[ Info: iter=6850 obj=1.4181853181730313e6 pinf=0.0 (0) dinf=1.6468548201079238e12 (10702) time=161.183709865s
[ Info: iter=6851 obj=1.4181853181730313e6 pinf=0.0 (0) dinf=1.6516841868975098e12 (10657) time=161.348265769s
[ Info: iter=6852 obj=1.4181853181730313e6 pinf=0.0 (0) dinf=9.97551029633104e12 (10636) time=161.509525273s
[ Info: iter=6853 obj=1.4181853181730313e6 pinf=0.0 (0) dinf=9.975002969256488e12 (10635) time=161.671356077s
[ Info: iter=6854 obj=1.4181853181730313e6 pinf=0.0 (0) dinf=9.974736642970062e12 (10639) time=161.830726381s
[ Info: iter=6855 obj=1.4181853181730313e6 pinf=0.0 (0) dinf=1.0192780412074799e13 (10638) time=161.990120084s
[ Info: iter=6856 obj=1.4181853181730313e6 pinf=0.0 (0) dinf=9.974560869629316e12 (10640) time=162.159718389s
[ Info: iter=6857 obj=1.4181853181730313e6 pinf=0.0 (0) dinf=1.0299197741106865e13 (10642) time=162.323801893s
[ Info: iter=6858 obj=1.4181853181730313e6 pinf=0.0 (0) dinf=1.0004800014888287e13 (10639) time=162.485927597s
[ Info: iter=6859 obj=1.4181853181730313e6 pinf=0.0 (0) dinf=1.418351337242481e13 (10643) time=162.652895501s
[ Info: iter=6860 obj=1.4181853181730313e6 pinf=0.0 (0) dinf=1.4183433275281092e13 (10638) time=162.818270505s
[ Info: iter=6861 obj=1.4181853181730313e6 pinf=0.0 (0) dinf=1.4283808703936553e13 (10638) time=162.981344209s
[ Info: iter=6862 obj=1.4181853181730313e6 pinf=0.0 (0) dinf=1.3541405448812467e13 (10686) time=163.151430413s
[ Info: iter=6863 obj=1.4181853181730313e6 pinf=0.0 (0) dinf=1.3541405135052334e13 (10688) time=163.296732016s
[ Info: iter=6864 obj=1.4181853181730313e6 pinf=0.0 (0) dinf=1.3541405135051268e13 (10688) time=163.44989132s
[ Info: iter=6865 obj=1.4181853181730313e6 pinf=0.0 (0) dinf=1.3545372394545703e13 (10702) time=163.614174624s
[ Info: iter=6866 obj=1.4181853181730313e6 pinf=0.0 (0) dinf=1.3544490323450209e13 (10714) time=163.783879622s
[ Info: iter=6867 obj=1.4181853181730313e6 pinf=0.0 (0) dinf=1.3544422941687578e13 (10702) time=163.9527094s
[ Info: iter=6868 obj=1.4181853181730313e6 pinf=0.0 (0) dinf=1.3544791742704021e13 (10705) time=164.123545177s
[ Info: iter=6869 obj=1.4181853181730313e6 pinf=0.0 (0) dinf=1.648210795388363e12 (10683) time=164.278128756s
[ Info: iter=6949 obj=1.4181853177758558e6 pinf=0.0 (0) dinf=1.8773633094638303e11 (10795) time=164.998266159s
[ Info: iter=6965 obj=1.4181853178380455e6 pinf=0.0 (0) dinf=1.9886803548568527e11 (10775) time=165.178342935s
[ Info: iter=6966 obj=1.4181853178380455e6 pinf=0.0 (0) dinf=1.9885763086928806e11 (10770) time=165.275453621s
[ Info: iter=6967 obj=1.4181853178380455e6 pinf=0.0 (0) dinf=1.988576296393914e11 (10771) time=165.372749808s
[ Info: iter=6968 obj=1.4181853178380455e6 pinf=0.0 (0) dinf=1.9885762841091898e11 (10770) time=165.468868195s
[ Info: iter=6969 obj=1.418185318198347e6 pinf=0.0 (0) dinf=2.65694979985261e11 (10759) time=165.562881383s
[ Info: iter=6970 obj=1.4181853185184516e6 pinf=0.0 (0) dinf=3.1958778536784863e11 (10754) time=165.73057536s
[ Info: iter=6971 obj=1.4181853183502587e6 pinf=0.0 (0) dinf=3.0989342730296893e11 (10756) time=165.897892338s
[ Info: iter=6972 obj=1.4181853183502587e6 pinf=0.0 (0) dinf=3.0990459514207904e11 (10755) time=166.065304315s
[ Info: iter=6973 obj=1.4181853183502587e6 pinf=0.0 (0) dinf=3.099157626728067e11 (10753) time=166.236480192s
[ Info: iter=6974 obj=1.4181853183502587e6 pinf=0.0 (0) dinf=3.102619655962529e11 (10755) time=166.40037157s
[ Info: iter=6975 obj=1.4181853183502587e6 pinf=0.0 (0) dinf=3.1026196528486475e11 (10752) time=166.571574947s
[ Info: iter=6976 obj=1.4181853183502587e6 pinf=0.0 (0) dinf=3.1104371402716144e11 (10759) time=166.748768923s
[ Info: iter=6977 obj=1.4181853183502587e6 pinf=0.0 (0) dinf=3.1101029651046326e11 (10758) time=166.9173281s
[ Info: iter=6978 obj=1.4181853183502587e6 pinf=0.0 (0) dinf=3.109826724214863e11 (10757) time=167.085528978s
[ Info: iter=6979 obj=1.4181853183502587e6 pinf=0.0 (0) dinf=3.1090487062064124e11 (10756) time=167.257664355s
[ Info: iter=6980 obj=1.4181853183502587e6 pinf=0.0 (0) dinf=3.1081208476919104e11 (10755) time=167.430738731s
[ Info: iter=6981 obj=1.4181853183502587e6 pinf=0.0 (0) dinf=3.1067707175849475e11 (10751) time=167.597619209s
[ Info: iter=6982 obj=1.4181853183502587e6 pinf=0.0 (0) dinf=3.10529371723977e11 (10750) time=167.768931686s
[ Info: iter=6983 obj=1.4181853183502587e6 pinf=0.0 (0) dinf=3.103454264880858e11 (10749) time=167.936804363s
[ Info: iter=6984 obj=1.4181853183502587e6 pinf=0.0 (0) dinf=3.101676098341667e11 (10760) time=168.098858241s
[ Info: iter=6985 obj=1.4181853183596488e6 pinf=0.0 (0) dinf=3.10164188127934e11 (10758) time=168.262307619s
[ Info: iter=6986 obj=1.4181853183901785e6 pinf=0.0 (0) dinf=3.101577029001529e11 (10753) time=168.421351498s
[ Info: iter=6987 obj=1.4181853183901785e6 pinf=0.0 (0) dinf=3.1014712858959283e11 (10750) time=168.583129076s
[ Info: iter=6988 obj=1.4181853183901785e6 pinf=0.0 (0) dinf=3.1014712827820465e11 (10747) time=168.754020353s
[ Info: iter=6989 obj=1.4181853183901785e6 pinf=0.0 (0) dinf=3.107717993328002e11 (10750) time=168.92105003s
[ Info: iter=6990 obj=1.418185318389585e6 pinf=0.0 (0) dinf=3.122076547626293e11 (10751) time=169.080013509s
[ Info: iter=6991 obj=1.4181853183901785e6 pinf=0.0 (0) dinf=3.1086521047931885e11 (10754) time=169.244242987s
[ Info: iter=6992 obj=1.4181853183901785e6 pinf=0.0 (0) dinf=3.1086224848634863e11 (10755) time=169.412476064s
[ Info: iter=6993 obj=1.4181853183901785e6 pinf=0.0 (0) dinf=3.108415161747066e11 (10751) time=169.579650342s
[ Info: iter=6994 obj=1.4181853183901785e6 pinf=0.0 (0) dinf=3.1081769583386804e11 (10750) time=169.746366619s
[ Info: iter=6995 obj=1.4181853183901785e6 pinf=0.0 (0) dinf=3.107909254756541e11 (10749) time=169.912951797s
[ Info: iter=6996 obj=1.4181853183901785e6 pinf=0.0 (0) dinf=3.107571974764234e11 (10748) time=170.082143474s
[ Info: iter=6997 obj=1.4181853183901785e6 pinf=0.0 (0) dinf=3.107206927023434e11 (10747) time=170.248972352s
[ Info: iter=6998 obj=1.4181853183901785e6 pinf=0.0 (0) dinf=3.106826418844877e11 (10746) time=170.417206329s
PROGRESS iter=7000 refs=1274 pinf=0.0 working_objective=605524.4037402235
[ Info: iter=7000 obj=1.4181853183997222e6 pinf=0.0 (0) dinf=3.192652317645404e11 (10745) time=170.609291803s
[ Info: iter=7001 obj=1.4181853183997222e6 pinf=0.0 (0) dinf=3.121314164725635e11 (10774) time=170.70399949s
[ Info: iter=7002 obj=1.4181853183997222e6 pinf=0.0 (0) dinf=3.1045729695878625e11 (10759) time=170.797599478s
[ Info: iter=7003 obj=1.4181853183997222e6 pinf=0.0 (0) dinf=3.139907546476157e11 (10786) time=170.964916855s
[ Info: iter=7004 obj=1.4181853183997222e6 pinf=0.0 (0) dinf=3.138894414581962e11 (10781) time=171.131725433s
[ Info: iter=7005 obj=1.4181853183997222e6 pinf=0.0 (0) dinf=3.1389060809904736e11 (10780) time=171.308213109s
[ Info: iter=7006 obj=1.4181853183997222e6 pinf=0.0 (0) dinf=3.1222341473591516e11 (10765) time=171.475923286s
[ Info: iter=7007 obj=1.41818531839771e6 pinf=0.0 (0) dinf=3.110931847763554e11 (10764) time=171.651753363s
[ Info: iter=7008 obj=1.41818531839771e6 pinf=0.0 (0) dinf=3.1095685114810596e11 (10761) time=171.824558448s
[ Info: iter=7009 obj=1.41818531839771e6 pinf=0.0 (0) dinf=3.1124125447378235e11 (10748) time=171.99905835s
[ Info: iter=7010 obj=1.41818531839771e6 pinf=0.0 (0) dinf=3.121438256031548e11 (10746) time=172.166677753s
[ Info: iter=7011 obj=1.41818531839771e6 pinf=0.0 (0) dinf=3.12007492467311e11 (10743) time=172.339942656s
[ Info: iter=7012 obj=1.41818531839771e6 pinf=0.0 (0) dinf=3.120186603064846e11 (10743) time=172.516987258s
[ Info: iter=7013 obj=1.41818531839771e6 pinf=0.0 (0) dinf=3.119628211043841e11 (10739) time=172.695917461s
[ Info: iter=7014 obj=1.41818531839771e6 pinf=0.0 (0) dinf=3.120465799015349e11 (10738) time=172.879357264s
[ Info: iter=7015 obj=1.41818531839771e6 pinf=0.0 (0) dinf=3.1216942613166724e11 (10736) time=173.067317666s
[ Info: iter=7016 obj=1.41818531839771e6 pinf=0.0 (0) dinf=3.1216942612866724e11 (10733) time=173.256817369s
[ Info: iter=7017 obj=1.41818531839771e6 pinf=0.0 (0) dinf=3.1229351323011273e11 (10741) time=173.444142072s
[ Info: iter=7018 obj=1.41818531839771e6 pinf=0.0 (0) dinf=3.123454615594418e11 (10740) time=173.631213875s
[ Info: iter=7019 obj=1.41818531839771e6 pinf=0.0 (0) dinf=3.123548122587685e11 (10745) time=173.821354778s
[ Info: iter=7020 obj=1.41818531839771e6 pinf=0.0 (0) dinf=3.123524546038282e11 (10741) time=173.99940998s
[ Info: iter=7021 obj=1.41818531839771e6 pinf=0.0 (0) dinf=3.123429479306533e11 (10737) time=174.199014683s
[ Info: iter=7022 obj=1.41818531839771e6 pinf=0.0 (0) dinf=3.1232978484472754e11 (10739) time=174.402163587s
[ Info: iter=7023 obj=1.41818531839771e6 pinf=0.0 (0) dinf=3.122935132301665e11 (10738) time=174.594268189s
[ Info: iter=7024 obj=1.41818531839771e6 pinf=0.0 (0) dinf=3.1223910580832495e11 (10737) time=174.788980892s
[ Info: iter=7025 obj=1.41818531839771e6 pinf=0.0 (0) dinf=3.121496044217458e11 (10736) time=174.990113395s
[ Info: iter=7026 obj=1.41818531839771e6 pinf=0.0 (0) dinf=3.121496044187458e11 (10733) time=175.187772598s
[ Info: iter=7027 obj=1.41818531839771e6 pinf=0.0 (0) dinf=3.1233573507241437e11 (10740) time=175.376321801s
[ Info: iter=7028 obj=1.41818531839771e6 pinf=0.0 (0) dinf=3.124474134596154e11 (10743) time=175.572865904s
[ Info: iter=7029 obj=1.41818531839771e6 pinf=0.0 (0) dinf=3.124796918134793e11 (10742) time=175.765078207s
[ Info: iter=7030 obj=1.41818531839771e6 pinf=0.0 (0) dinf=3.12501535583265e11 (10741) time=175.95692151s
[ Info: iter=7031 obj=1.41818531839771e6 pinf=0.0 (0) dinf=3.125131532224125e11 (10737) time=176.144559113s
[ Info: iter=7032 obj=1.41818531839771e6 pinf=0.0 (0) dinf=3.1248824211925525e11 (10735) time=176.326367315s
[ Info: iter=7033 obj=1.41818531839771e6 pinf=0.0 (0) dinf=3.124475044771755e11 (10734) time=176.507293418s
[ Info: iter=7034 obj=1.41818531839771e6 pinf=0.0 (0) dinf=3.123922356415976e11 (10733) time=176.691472121s
[ Info: iter=7035 obj=1.41818531839771e6 pinf=0.0 (0) dinf=3.123279997676471e11 (10732) time=176.876850724s
[ Info: iter=7036 obj=1.41818531839771e6 pinf=0.0 (0) dinf=3.12670165919614e11 (10732) time=177.068908427s
[ Info: iter=7037 obj=1.41818531839771e6 pinf=0.0 (0) dinf=3.3673895185545636e11 (10741) time=177.256201829s
[ Info: iter=7038 obj=1.41818531839771e6 pinf=0.0 (0) dinf=3.132970828209367e11 (10740) time=177.425193532s
[ Info: iter=7039 obj=1.41818531839771e6 pinf=0.0 (0) dinf=3.1357939906991156e11 (10748) time=177.596587434s
[ Info: iter=7040 obj=1.41818531839771e6 pinf=0.0 (0) dinf=3.1357880531585187e11 (10748) time=177.738778137s
[ Info: iter=7041 obj=1.41818531839771e6 pinf=0.0 (0) dinf=3.135770303564805e11 (10748) time=177.880111639s
[ Info: iter=7042 obj=1.41818531839771e6 pinf=0.0 (0) dinf=3.1357530512029913e11 (10748) time=178.021945441s
[ Info: iter=7043 obj=1.41818531839771e6 pinf=0.0 (0) dinf=3.1357530512029913e11 (10748) time=178.165968543s
[ Info: iter=7044 obj=1.41818531839771e6 pinf=0.0 (0) dinf=3.1357530512029913e11 (10748) time=178.310706045s
[ Info: iter=7045 obj=1.41818531839771e6 pinf=0.0 (0) dinf=3.1357530512029913e11 (10748) time=178.456227247s
[ Info: iter=7046 obj=1.41818531839771e6 pinf=0.0 (0) dinf=3.1359803611556946e11 (10740) time=178.59712615s
[ Info: iter=7047 obj=1.41818531839771e6 pinf=0.0 (0) dinf=3.136050570863032e11 (10748) time=178.753113452s
[ Info: iter=7048 obj=1.41818531839771e6 pinf=0.0 (0) dinf=3.136069852337643e11 (10747) time=178.896131254s
[ Info: iter=7049 obj=1.41818531839771e6 pinf=0.0 (0) dinf=3.136062541044347e11 (10746) time=179.043246656s
[ Info: iter=7050 obj=1.41818531839771e6 pinf=0.0 (0) dinf=3.136053634559977e11 (10746) time=179.184647758s
[ Info: iter=7051 obj=1.41818531839771e6 pinf=0.0 (0) dinf=3.1360425468960297e11 (10750) time=179.333574461s
[ Info: iter=7052 obj=1.41818531839771e6 pinf=0.0 (0) dinf=3.136024393122963e11 (10749) time=179.471330763s
[ Info: iter=7053 obj=1.41818531839771e6 pinf=0.0 (0) dinf=3.135998276729513e11 (10744) time=179.610029865s
[ Info: iter=7054 obj=1.41818531839771e6 pinf=0.0 (0) dinf=3.1359657216734125e11 (10747) time=179.752626567s
[ Info: iter=7055 obj=1.41818531839771e6 pinf=0.0 (0) dinf=3.135924231018481e11 (10746) time=179.895197641s
[ Info: iter=7056 obj=1.41818531839771e6 pinf=0.0 (0) dinf=3.1362983697723566e11 (10746) time=180.035774409s
[ Info: iter=7057 obj=1.41818531839771e6 pinf=0.0 (0) dinf=3.136436250098165e11 (10751) time=180.174053677s
[ Info: iter=7058 obj=1.41818531839771e6 pinf=0.0 (0) dinf=3.1363965996247955e11 (10750) time=180.311668746s
[ Info: iter=7059 obj=1.41818531839771e6 pinf=0.0 (0) dinf=3.136046027559188e11 (10744) time=180.448589114s
[ Info: iter=7060 obj=1.41818531839771e6 pinf=0.0 (0) dinf=3.1409569204167926e11 (10747) time=180.591281381s
[ Info: iter=7061 obj=1.41818531839771e6 pinf=0.0 (0) dinf=3.1370615906061285e11 (10742) time=180.731250849s
[ Info: iter=7062 obj=1.41818531839771e6 pinf=0.0 (0) dinf=3.136787669081082e11 (10743) time=180.873620716s
[ Info: iter=7063 obj=1.41818531839771e6 pinf=0.0 (0) dinf=3.137061590611128e11 (10738) time=181.011765784s
[ Info: iter=7064 obj=1.41818531839771e6 pinf=0.0 (0) dinf=3.136949247594674e11 (10744) time=181.155089351s
[ Info: iter=7065 obj=1.41818531839771e6 pinf=0.0 (0) dinf=3.136866465730723e11 (10743) time=181.297390119s
[ Info: iter=7066 obj=1.41818531839771e6 pinf=0.0 (0) dinf=3.137061590616128e11 (10734) time=181.444242585s
[ Info: iter=7067 obj=1.41818531839771e6 pinf=0.0 (0) dinf=3.136889403697164e11 (10738) time=181.583981453s
[ Info: iter=7068 obj=1.41818531839771e6 pinf=0.0 (0) dinf=3.136734809152185e11 (10737) time=181.72510582s
[ Info: iter=7069 obj=1.41818531839771e6 pinf=0.0 (0) dinf=3.137356471429631e11 (10730) time=181.862996988s
[ Info: iter=7070 obj=1.41818531839771e6 pinf=0.0 (0) dinf=3.1372529940925867e11 (10736) time=182.005846955s
[ Info: iter=7071 obj=1.41818531839771e6 pinf=0.0 (0) dinf=3.1371125653123755e11 (10735) time=182.147286523s
[ Info: iter=7072 obj=1.41818531839771e6 pinf=0.0 (0) dinf=3.137847939463802e11 (10726) time=182.287415091s
[ Info: iter=7073 obj=1.41818531839771e6 pinf=0.0 (0) dinf=3.137709969677918e11 (10732) time=182.425886359s
[ Info: iter=7074 obj=1.41818531839771e6 pinf=0.0 (0) dinf=3.137522731300017e11 (10731) time=182.571006525s
[ Info: iter=7075 obj=1.41818531839771e6 pinf=0.0 (0) dinf=3.136472554991279e11 (10725) time=182.711547793s
[ Info: iter=7076 obj=1.41818531839771e6 pinf=0.0 (0) dinf=3.1363725891565546e11 (10724) time=182.848435661s
[ Info: iter=7077 obj=1.41818531839771e6 pinf=0.0 (0) dinf=3.138241113901139e11 (10722) time=182.98621673s
[ Info: iter=7078 obj=1.41818531839771e6 pinf=0.0 (0) dinf=3.13807555015492e11 (10728) time=183.136404195s
[ Info: iter=7079 obj=1.41818531839771e6 pinf=0.0 (0) dinf=3.137850864097153e11 (10727) time=183.278233363s
[ Info: iter=7080 obj=1.41818531839771e6 pinf=0.0 (0) dinf=3.137056776088031e11 (10721) time=183.416293531s
[ Info: iter=7081 obj=1.41818531839771e6 pinf=0.0 (0) dinf=3.1409559945571576e11 (10723) time=183.554610399s
[ Info: iter=7082 obj=1.41818531839771e6 pinf=0.0 (0) dinf=3.1370186664798785e11 (10724) time=183.695758566s
[ Info: iter=7083 obj=1.41818531839771e6 pinf=0.0 (0) dinf=3.136350653445101e11 (10720) time=183.836452534s
[ Info: iter=7084 obj=1.41818531839771e6 pinf=0.0 (0) dinf=3.144507193527017e11 (10719) time=183.975201402s
[ Info: iter=7085 obj=1.41818531839771e6 pinf=0.0 (0) dinf=3.1373399085488995e11 (10726) time=184.11236927s
[ Info: iter=7086 obj=1.41818531839771e6 pinf=0.0 (0) dinf=3.1363331797458185e11 (10720) time=184.253361238s
[ Info: iter=7087 obj=1.41818531839771e6 pinf=0.0 (0) dinf=3.142647434144761e11 (10723) time=184.392496706s
[ Info: iter=7088 obj=1.41818531839771e6 pinf=0.0 (0) dinf=3.137704368870595e11 (10726) time=184.532981274s
[ Info: iter=7089 obj=1.41818531839771e6 pinf=0.0 (0) dinf=3.1364677999908875e11 (10720) time=184.672322742s
[ Info: iter=7090 obj=1.41818531839771e6 pinf=0.0 (0) dinf=3.1459130306177875e11 (10723) time=184.80969621s
[ Info: iter=7091 obj=1.41818531839771e6 pinf=0.0 (0) dinf=3.1563482765637964e11 (10723) time=184.948641678s
[ Info: iter=7092 obj=1.41818531839771e6 pinf=0.0 (0) dinf=3.1487997543436957e11 (10724) time=185.023174161s
[ Info: iter=7093 obj=1.41818531839771e6 pinf=0.0 (0) dinf=3.148150455582365e11 (10718) time=185.109589841s
[ Info: iter=7094 obj=1.41818531839771e6 pinf=0.0 (0) dinf=3.15036257907993e11 (10721) time=185.190533822s
[ Info: iter=7095 obj=1.41818531839771e6 pinf=0.0 (0) dinf=3.156771284885009e11 (10723) time=185.270191504s
[ Info: iter=7096 obj=1.41818531839771e6 pinf=0.0 (0) dinf=3.149580318763003e11 (10723) time=185.339187988s
[ Info: iter=7097 obj=1.41818531839771e6 pinf=0.0 (0) dinf=3.150181876079893e11 (10719) time=185.41610607s
[ Info: iter=7098 obj=1.41818531839771e6 pinf=0.0 (0) dinf=3.150181876084893e11 (10715) time=185.485934954s
[ Info: iter=7099 obj=1.41818531839771e6 pinf=0.0 (0) dinf=3.1523732634789197e11 (10711) time=185.560677637s
[ Info: iter=7100 obj=1.41818531839771e6 pinf=0.0 (0) dinf=3.1535907009297675e11 (10707) time=185.63528042s
[ Info: iter=7101 obj=1.41818531839771e6 pinf=0.0 (0) dinf=3.157284208766305e11 (10703) time=185.711673202s
[ Info: iter=7102 obj=1.41818531839771e6 pinf=0.0 (0) dinf=3.159620470596847e11 (10706) time=185.781964786s
[ Info: iter=7103 obj=1.41818531839771e6 pinf=0.0 (0) dinf=3.1488158556161224e11 (10703) time=185.85226117s
[ Info: iter=7104 obj=1.41818531839771e6 pinf=0.0 (0) dinf=3.1476284047612616e11 (10702) time=185.924070053s
[ Info: iter=7105 obj=1.41818531839771e6 pinf=0.0 (0) dinf=3.1471950525430194e11 (10701) time=185.992801238s
[ Info: iter=7106 obj=1.41818531839771e6 pinf=0.0 (0) dinf=3.148066638885946e11 (10702) time=186.06738842s
[ Info: iter=7107 obj=1.41818531839771e6 pinf=0.0 (0) dinf=3.161786285943256e11 (10705) time=186.143802703s
[ Info: iter=7108 obj=1.41818531839771e6 pinf=0.0 (0) dinf=3.165431096264359e11 (10704) time=186.219054585s
[ Info: iter=7109 obj=1.41818531839771e6 pinf=0.0 (0) dinf=3.1718849280373157e11 (10703) time=186.297501367s
[ Info: iter=7110 obj=1.41818531839771e6 pinf=0.0 (0) dinf=3.2540209930630994e11 (10700) time=186.477488926s
[ Info: iter=7111 obj=1.41818531839771e6 pinf=0.0 (0) dinf=3.126453241142693e11 (10692) time=186.63283809s
[ Info: iter=7112 obj=1.4181853185244359e6 pinf=0.0 (0) dinf=1.3474276779834605e14 (10704) time=186.779718656s
[ Info: iter=7113 obj=1.4181853183977096e6 pinf=0.0 (0) dinf=3.1309001134956714e11 (10695) time=186.924470723s
[ Info: iter=7121 obj=1.4181853183977176e6 pinf=0.0 (0) dinf=3.797250142388865e11 (10699) time=187.115693079s
[ Info: iter=7122 obj=1.4181853183977404e6 pinf=0.0 (0) dinf=3.8048149525595197e11 (10700) time=187.191734361s
[ Info: iter=7123 obj=1.4181853183977404e6 pinf=0.0 (0) dinf=3.8048149525580475e11 (10701) time=187.263959245s
[ Info: iter=7124 obj=1.4181853183977404e6 pinf=0.0 (0) dinf=3.804803719794718e11 (10699) time=187.331775229s
[ Info: iter=7126 obj=1.4181853183974791e6 pinf=0.0 (0) dinf=3.685798866431933e11 (10685) time=187.449230202s
[ Info: iter=7127 obj=1.4181853183974791e6 pinf=0.0 (0) dinf=3.685798866423981e11 (10685) time=187.563024276s
[ Info: iter=7128 obj=1.4181853183974791e6 pinf=0.0 (0) dinf=3.685677298601066e11 (10684) time=187.67576335s
[ Info: iter=7131 obj=1.4181853183976125e6 pinf=0.0 (0) dinf=2.148065233628139e11 (10709) time=187.825610221s
[ Info: iter=7132 obj=1.4181853183976125e6 pinf=0.0 (0) dinf=3.3809083859384076e11 (10685) time=188.009199922s
[ Info: iter=7212 obj=1.4181853183978025e6 pinf=0.0 (0) dinf=2.455010710301174e11 (10664) time=189.44511603s
[ Info: iter=7292 obj=1.4181853184005637e6 pinf=0.0 (0) dinf=2.2192458570926923e11 (10654) time=189.979565733s
[ Info: iter=7372 obj=1.4181853184007257e6 pinf=0.0 (0) dinf=2.2266989178474646e11 (10717) time=190.264766235s
[ Info: iter=7452 obj=1.4181853184008435e6 pinf=0.0 (0) dinf=2.2469731129352084e11 (10693) time=190.961194339s
[ Info: iter=7459 obj=1.4181853184008081e6 pinf=0.0 (0) dinf=2.244893614022884e11 (10682) time=191.23925674s
[ Info: iter=7460 obj=1.4181853184008081e6 pinf=0.0 (0) dinf=2.2433083390027853e11 (10681) time=191.317779841s
[ Info: iter=7461 obj=1.4181853184008081e6 pinf=0.0 (0) dinf=2.243085855545084e11 (10680) time=191.391637841s
[ Info: iter=7462 obj=1.4181853184008081e6 pinf=0.0 (0) dinf=2.2429530526944388e11 (10679) time=191.464046541s
[ Info: iter=7463 obj=1.4181853184008086e6 pinf=0.0 (0) dinf=2.2429140262221304e11 (10678) time=191.540302842s
[ Info: iter=7464 obj=1.4181853184008086e6 pinf=0.0 (0) dinf=2.2419554363003403e11 (10677) time=191.615639342s
[ Info: iter=7544 obj=1.4181853183983485e6 pinf=0.0 (0) dinf=2.242540810765988e11 (10692) time=191.919613544s
[ Info: iter=7624 obj=1.4181853183997045e6 pinf=0.0 (0) dinf=2.2238115476653864e11 (10608) time=192.203896846s
[ Info: iter=7704 obj=1.4181853184656405e6 pinf=0.0 (0) dinf=2.2243752282937106e11 (10613) time=192.460064247s
[ Info: iter=7784 obj=1.4181853185612229e6 pinf=0.0 (0) dinf=2.2342439976137253e11 (10578) time=192.89518975s
[ Info: iter=7784 obj=1.4181853185612229e6 pinf=0.0 (0) dinf=2.2342439976137253e11 (10578) time=192.97033305s
[ Info: iter=7785 obj=1.4181853185619558e6 pinf=0.0 (0) dinf=2.2340097279064807e11 (10573) time=193.140834151s
[ Info: iter=7786 obj=1.4181853185619558e6 pinf=0.0 (0) dinf=2.234026130217718e11 (10577) time=193.326741052s
[ Info: iter=7787 obj=1.4181853185619558e6 pinf=0.0 (0) dinf=2.2334559726431525e11 (10576) time=193.512978353s
[ Info: iter=7788 obj=1.4181853185619558e6 pinf=0.0 (0) dinf=2.2334508652898315e11 (10575) time=193.696724354s
[ Info: iter=7789 obj=1.4181853185619558e6 pinf=0.0 (0) dinf=2.236211821722767e11 (10574) time=193.879996655s
[ Info: iter=7799 obj=1.4181853185620885e6 pinf=0.0 (0) dinf=2.3194880906500323e11 (10604) time=194.250919857s
[ Info: iter=7802 obj=1.4181853185618315e6 pinf=0.0 (0) dinf=2.4719386353896207e11 (10601) time=194.374516858s
[ Info: iter=7803 obj=1.4181853185618315e6 pinf=0.0 (0) dinf=2.4718688915640228e11 (10598) time=194.459500759s
[ Info: iter=7804 obj=1.4181853185618243e6 pinf=0.0 (0) dinf=2.4719542919397147e11 (10596) time=194.546215359s
[ Info: iter=7805 obj=1.4181853185618243e6 pinf=0.0 (0) dinf=2.4721084646479297e11 (10593) time=194.63283086s
[ Info: iter=7807 obj=1.4181853185618243e6 pinf=0.0 (0) dinf=2.4717673145224326e11 (10591) time=194.74050606s
[ Info: iter=7808 obj=1.4181853185617547e6 pinf=0.0 (0) dinf=2.5785221319644672e11 (10599) time=194.826360661s
[ Info: iter=7809 obj=1.4181853185617547e6 pinf=0.0 (0) dinf=2.577562462392657e11 (10599) time=194.909053261s
[ Info: iter=7810 obj=1.4181853185617547e6 pinf=0.0 (0) dinf=2.5772845261998087e11 (10597) time=194.995186862s
[ Info: iter=7811 obj=1.4181853185617547e6 pinf=0.0 (0) dinf=2.577160328319355e11 (10594) time=195.089817762s
[ Info: iter=7812 obj=1.4181853185617547e6 pinf=0.0 (0) dinf=2.5771564859074246e11 (10594) time=195.182907263s
[ Info: iter=7813 obj=1.4181853185617547e6 pinf=0.0 (0) dinf=2.577160337628616e11 (10596) time=195.271953463s
[ Info: iter=7814 obj=1.4181853185617547e6 pinf=0.0 (0) dinf=2.5771557700743317e11 (10595) time=195.444792864s
[ Info: iter=7815 obj=1.4181853185617547e6 pinf=0.0 (0) dinf=2.5771551282145752e11 (10595) time=195.627277465s
[ Info: iter=7816 obj=1.4181853185617547e6 pinf=0.0 (0) dinf=2.5771428300532187e11 (10594) time=195.817158266s
[ Info: iter=7817 obj=1.4181853185617547e6 pinf=0.0 (0) dinf=2.5771558246205295e11 (10596) time=196.012369366s
[ Info: iter=7818 obj=1.4181853185617547e6 pinf=0.0 (0) dinf=2.577158760891001e11 (10597) time=196.206504465s
[ Info: iter=7819 obj=1.4181853185617547e6 pinf=0.0 (0) dinf=2.577158191178312e11 (10596) time=196.397738665s
[ Info: iter=7820 obj=1.4181853185617547e6 pinf=0.0 (0) dinf=2.577154349273662e11 (10594) time=196.601856164s
[ Info: iter=7821 obj=1.4181853185617547e6 pinf=0.0 (0) dinf=2.5771459159750323e11 (10593) time=196.800442064s
[ Info: iter=7822 obj=1.4181853185613363e6 pinf=0.0 (0) dinf=2.6941612748332785e11 (10595) time=196.993580363s
[ Info: iter=7823 obj=1.4181853185613363e6 pinf=0.0 (0) dinf=2.694202885838804e11 (10595) time=197.191427063s
[ Info: iter=7824 obj=1.4181853185613363e6 pinf=0.0 (0) dinf=2.6944087933010968e11 (10594) time=197.389851762s
[ Info: iter=7825 obj=1.418185318561628e6 pinf=0.0 (0) dinf=2.717448644193984e11 (10600) time=197.604012161s
[ Info: iter=7826 obj=1.418185318561628e6 pinf=0.0 (0) dinf=2.717376841537337e11 (10599) time=197.800091061s
[ Info: iter=7845 obj=1.4181853185652816e6 pinf=0.0 (0) dinf=2.254889429595009e11 (10587) time=198.526802859s
[ Info: iter=7846 obj=1.4181853185653784e6 pinf=0.0 (0) dinf=2.256865130077061e11 (10586) time=198.601813459s
[ Info: iter=7847 obj=1.4181853185656248e6 pinf=0.0 (0) dinf=2.312185026870899e11 (10586) time=198.684470158s
[ Info: iter=7848 obj=1.4181853185656248e6 pinf=0.0 (0) dinf=2.31192411227374e11 (10583) time=198.764347658s
[ Info: iter=7849 obj=1.4181853185656248e6 pinf=0.0 (0) dinf=2.31192529279005e11 (10583) time=198.911468358s
[ Info: iter=7850 obj=1.418185318565628e6 pinf=0.0 (0) dinf=2.3118245673462225e11 (10583) time=199.067247457s
[ Info: iter=7851 obj=1.418185318565628e6 pinf=0.0 (0) dinf=2.3118227245343518e11 (10583) time=199.248181957s
[ Info: iter=7852 obj=1.418185318565628e6 pinf=0.0 (0) dinf=2.3118081649709912e11 (10580) time=199.425257056s
[ Info: iter=7853 obj=1.418185318565658e6 pinf=0.0 (0) dinf=2.311928812731441e11 (10579) time=199.616482756s
[ Info: iter=7854 obj=1.4181853185664765e6 pinf=1.0000805997845757e-7 (1) dinf=2.3388798761712033e11 (10587) time=199.799962055s
[ Info: iter=7855 obj=1.418185318566425e6 pinf=1.0000590000492335e-7 (1) dinf=2.3543753419810287e11 (10590) time=199.885367755s
[ Info: iter=7856 obj=1.4181853185664183e6 pinf=1.0000561996153458e-7 (1) dinf=2.3539994441356146e11 (10596) time=199.972687355s
[ Info: iter=7857 obj=1.4181853185664183e6 pinf=1.0000561529768845e-7 (1) dinf=2.3539726595369305e11 (10595) time=200.061656254s
[ Info: iter=7858 obj=1.4181853185664753e6 pinf=1.000080036293395e-7 (1) dinf=2.343040070295012e11 (10597) time=200.152262454s
[ Info: iter=7859 obj=1.418185318566462e6 pinf=1.0000744239607871e-7 (1) dinf=2.3452255098810696e11 (10592) time=200.241518354s
[ Info: iter=7860 obj=1.418185318566462e6 pinf=1.0000744239607871e-7 (1) dinf=2.3452262542471524e11 (10593) time=200.326737354s
[ Info: iter=7861 obj=1.418185318566856e6 pinf=1.0002382311229956e-7 (1) dinf=2.3456993673298013e11 (10584) time=200.413120753s
[ Info: iter=7862 obj=1.418185318566856e6 pinf=1.0002382311229956e-7 (1) dinf=2.3432583909785056e11 (10583) time=200.500471753s
[ Info: iter=7863 obj=1.418185318566856e6 pinf=1.000238231123081e-7 (1) dinf=2.3406308329657803e11 (10582) time=200.586238353s
[ Info: iter=7864 obj=1.418185318566856e6 pinf=1.000238231123081e-7 (1) dinf=2.339833453965529e11 (10580) time=200.677428353s
[ Info: iter=7865 obj=1.418185318566856e6 pinf=1.000238231123081e-7 (1) dinf=2.339833323032974e11 (10578) time=200.767695652s
[ Info: iter=7866 obj=1.418185318566856e6 pinf=1.0002382316614792e-7 (1) dinf=2.3405474669178964e11 (10578) time=200.855669052s
[ Info: iter=7867 obj=1.418185318566856e6 pinf=1.0002382221868783e-7 (1) dinf=2.3415369799492227e11 (10584) time=200.943030852s
[ Info: iter=7868 obj=1.418185318566856e6 pinf=1.0002382221868783e-7 (1) dinf=2.3415369521926242e11 (10582) time=201.104743852s
[ Info: iter=7869 obj=1.418185318566856e6 pinf=1.0002382219120476e-7 (1) dinf=2.3449972635843015e11 (10593) time=201.286997751s
[ Info: iter=7870 obj=1.418185318566856e6 pinf=1.0002382477000762e-7 (1) dinf=2.3443687198980093e11 (10592) time=201.48611655s
[ Info: iter=7871 obj=1.418185318566856e6 pinf=1.0002382477000762e-7 (1) dinf=2.342867985561636e11 (10591) time=201.69488695s
[ Info: iter=7872 obj=1.418185318566856e6 pinf=1.0002382477000762e-7 (1) dinf=2.343869168716663e11 (10589) time=201.879314049s
[ Info: iter=7873 obj=1.418185318566856e6 pinf=1.0002382477000762e-7 (1) dinf=2.344870351413868e11 (10587) time=202.059080349s
[ Info: iter=7874 obj=1.418185318566856e6 pinf=1.0002382477000762e-7 (1) dinf=2.3568692323622495e11 (10601) time=202.245939148s
[ Info: iter=7878 obj=1.418185318566856e6 pinf=1.0002382477000762e-7 (1) dinf=2.3573105199523682e11 (10603) time=202.496885148s
[ Info: iter=7879 obj=1.418185318566856e6 pinf=1.0002382477000762e-7 (1) dinf=2.357306501048869e11 (10601) time=202.669506447s
[ Info: iter=7880 obj=1.418185318566856e6 pinf=1.0002382477000762e-7 (1) dinf=2.3573105198959656e11 (10601) time=202.838885647s
[ Info: iter=7881 obj=1.418185318566856e6 pinf=1.0002382477000762e-7 (1) dinf=2.3572292643228726e11 (10605) time=203.007236546s
[ Info: iter=7882 obj=1.418185318566856e6 pinf=1.0002382477000762e-7 (1) dinf=2.3421517739515692e11 (10591) time=203.176542246s
[ Info: iter=7883 obj=1.418185318566856e6 pinf=1.0002382477000762e-7 (1) dinf=2.3420945984988544e11 (10588) time=203.361839645s
[ Info: iter=7884 obj=1.418185318565389e6 pinf=0.0 (0) dinf=2.3508278123034412e11 (10590) time=203.537767845s
[ Info: iter=7885 obj=1.418185318565389e6 pinf=0.0 (0) dinf=2.350571463027939e11 (10589) time=203.736037844s
[ Info: iter=7886 obj=1.4181853185659759e6 pinf=0.0 (0) dinf=2.34153412087175e11 (10580) time=203.908789945s
[ Info: iter=7887 obj=1.4181853185658287e6 pinf=0.0 (0) dinf=2.343972381514447e11 (10579) time=203.995786346s
[ Info: iter=7888 obj=1.4181853185658287e6 pinf=0.0 (0) dinf=2.3439709806021204e11 (10577) time=204.176082349s
[ Info: iter=7889 obj=1.4181853185658287e6 pinf=0.0 (0) dinf=2.3439709806021207e11 (10577) time=204.394251952s
[ Info: iter=7890 obj=1.4181853185657319e6 pinf=0.0 (0) dinf=2.3450851081453787e11 (10576) time=204.603936356s
[ Info: iter=7891 obj=1.4181853185657319e6 pinf=0.0 (0) dinf=2.3451411876527582e11 (10575) time=204.794443459s
[ Info: iter=7892 obj=1.4181853185657319e6 pinf=0.0 (0) dinf=2.3451396389905234e11 (10574) time=204.956595461s
[ Info: iter=7893 obj=1.4181853185657319e6 pinf=0.0 (0) dinf=2.3451376547263123e11 (10574) time=205.116200864s
[ Info: iter=7894 obj=1.4181853185657319e6 pinf=0.0 (0) dinf=2.345135646840461e11 (10574) time=205.281180366s
[ Info: iter=7895 obj=1.4181853185657319e6 pinf=0.0 (0) dinf=2.3451347355826608e11 (10573) time=205.447591069s
[ Info: iter=7896 obj=1.4181853185657319e6 pinf=0.0 (0) dinf=2.3451328780872574e11 (10572) time=205.608623171s
[ Info: iter=7897 obj=1.4181853185657319e6 pinf=0.0 (0) dinf=2.3451311038559256e11 (10571) time=205.780956474s
[ Info: iter=7898 obj=1.4181853185657319e6 pinf=0.0 (0) dinf=2.3451306787632608e11 (10570) time=205.943029176s
[ Info: iter=7899 obj=1.4181853185657319e6 pinf=0.0 (0) dinf=2.3451287897578458e11 (10569) time=206.111451479s
[ Info: iter=7900 obj=1.4181853185657319e6 pinf=0.0 (0) dinf=2.3451397583619406e11 (10567) time=206.282543782s
[ Info: iter=7901 obj=1.4181853185657319e6 pinf=0.0 (0) dinf=2.3451324410566428e11 (10562) time=206.449344584s
[ Info: iter=7902 obj=1.4181853185657319e6 pinf=0.0 (0) dinf=2.3451509316744028e11 (10561) time=206.623056587s
[ Info: iter=7903 obj=1.4181853185657319e6 pinf=0.0 (0) dinf=2.3451519092891403e11 (10560) time=206.79847429s
[ Info: iter=7904 obj=1.4181853185657319e6 pinf=0.0 (0) dinf=2.3451416803832095e11 (10558) time=206.977347993s
[ Info: iter=7905 obj=1.4181853185657319e6 pinf=0.0 (0) dinf=2.3451318177175717e11 (10557) time=207.153614795s
[ Info: iter=7906 obj=1.4181853185657319e6 pinf=0.0 (0) dinf=2.3451314543360056e11 (10556) time=207.330465198s
[ Info: iter=7907 obj=1.4181853185657319e6 pinf=0.0 (0) dinf=2.3451212246594577e11 (10554) time=207.509554001s
[ Info: iter=7908 obj=1.4181853185657319e6 pinf=0.0 (0) dinf=2.3451161102036655e11 (10553) time=207.683299103s
[ Info: iter=7909 obj=1.4181853185657319e6 pinf=0.0 (0) dinf=2.3450935328366193e11 (10560) time=207.890897107s
[ Info: iter=7910 obj=1.4181853185657319e6 pinf=0.0 (0) dinf=2.3451830570845435e11 (10549) time=208.08586181s
[ Info: iter=7911 obj=1.4181853185657319e6 pinf=0.0 (0) dinf=2.3452086828305902e11 (10548) time=208.287613713s
[ Info: iter=7912 obj=1.4181853185657319e6 pinf=0.0 (0) dinf=2.3451445673463522e11 (10547) time=208.497512716s
[ Info: iter=7913 obj=1.4181853185657319e6 pinf=0.0 (0) dinf=2.3450758643302603e11 (10548) time=208.688744919s
[ Info: iter=7914 obj=1.4181853185657319e6 pinf=0.0 (0) dinf=2.3449398990562167e11 (10547) time=208.890567722s
[ Info: iter=7915 obj=1.4181853185657319e6 pinf=0.0 (0) dinf=2.3450396637470355e11 (10548) time=209.090713225s
[ Info: iter=7916 obj=1.4181853185657319e6 pinf=0.0 (0) dinf=2.3450351673862662e11 (10547) time=209.287138628s
[ Info: iter=7917 obj=1.4181853185657319e6 pinf=0.0 (0) dinf=2.345033855295826e11 (10546) time=209.505215932s
[ Info: iter=7918 obj=1.4181853185657319e6 pinf=0.0 (0) dinf=2.345029850900021e11 (10545) time=209.706117335s
[ Info: iter=7919 obj=1.4181853185657319e6 pinf=0.0 (0) dinf=2.3450531137267917e11 (10542) time=209.926751538s
[ Info: iter=7920 obj=1.4181853185657319e6 pinf=0.0 (0) dinf=2.345065577354453e11 (10541) time=210.118729041s
[ Info: iter=7921 obj=1.4181853185657319e6 pinf=0.0 (0) dinf=2.3451140073825726e11 (10541) time=210.306422244s
[ Info: iter=7922 obj=1.4181853185657319e6 pinf=0.0 (0) dinf=2.3451179572131543e11 (10540) time=210.501112047s
[ Info: iter=7923 obj=1.4181853185657319e6 pinf=0.0 (0) dinf=2.3450940939703387e11 (10538) time=210.69506415s
[ Info: iter=7924 obj=1.4181853185657319e6 pinf=0.0 (0) dinf=2.3452477712446613e11 (10537) time=210.881404753s
[ Info: iter=7925 obj=1.4181853185657319e6 pinf=0.0 (0) dinf=2.34524864207831e11 (10535) time=211.075310756s
[ Info: iter=7926 obj=1.4181853185657319e6 pinf=0.0 (0) dinf=2.3452220837060413e11 (10534) time=211.262635859s
[ Info: iter=7927 obj=1.4181853185657319e6 pinf=0.0 (0) dinf=2.3451689423648627e11 (10532) time=211.464166562s
[ Info: iter=7928 obj=1.4181853185657319e6 pinf=0.0 (0) dinf=2.3451423763094318e11 (10531) time=211.650848165s
[ Info: iter=7929 obj=1.4181853185657319e6 pinf=0.0 (0) dinf=2.345089224209762e11 (10529) time=211.850845068s
[ Info: iter=7930 obj=1.4181853185657319e6 pinf=0.0 (0) dinf=2.3449031434819434e11 (10527) time=212.04294337s
[ Info: iter=7931 obj=1.4181853185657319e6 pinf=0.0 (0) dinf=2.3448553177030328e11 (10526) time=212.241191273s
[ Info: iter=7932 obj=1.4181853185657319e6 pinf=0.0 (0) dinf=2.346319136765811e11 (10570) time=212.434025875s
[ Info: iter=7933 obj=1.4181853185657319e6 pinf=0.0 (0) dinf=2.3469737331423538e11 (10569) time=212.639158678s
[ Info: iter=7934 obj=1.4181853185657319e6 pinf=0.0 (0) dinf=2.3469498402278265e11 (10568) time=212.84377218s
[ Info: iter=7935 obj=1.4181853185657319e6 pinf=0.0 (0) dinf=2.3470202741008078e11 (10567) time=213.043619882s
[ Info: iter=7936 obj=1.4181853185657319e6 pinf=0.0 (0) dinf=2.347092395454416e11 (10565) time=213.243920285s
[ Info: iter=7937 obj=1.4181853185657319e6 pinf=0.0 (0) dinf=2.347035457334109e11 (10563) time=213.443537387s
[ Info: iter=7938 obj=1.4181853185657319e6 pinf=0.0 (0) dinf=2.346952976302874e11 (10561) time=213.64729239s
[ Info: iter=7939 obj=1.4181853185657319e6 pinf=0.0 (0) dinf=2.3468704919059274e11 (10559) time=213.847561192s
[ Info: iter=7940 obj=1.4181853185657319e6 pinf=0.0 (0) dinf=2.346797893045144e11 (10560) time=214.064089095s
[ Info: iter=7941 obj=1.4181853185657319e6 pinf=0.0 (0) dinf=2.346788090411328e11 (10558) time=214.256302497s
[ Info: iter=7942 obj=1.4181853185657319e6 pinf=0.0 (0) dinf=2.3467384642769647e11 (10556) time=214.452321299s
[ Info: iter=7943 obj=1.4181853185657319e6 pinf=0.0 (0) dinf=2.346910434492915e11 (10555) time=214.657927402s
[ Info: iter=7944 obj=1.4181853185657319e6 pinf=0.0 (0) dinf=2.3467787461279077e11 (10553) time=214.859045304s
[ Info: iter=7945 obj=1.4181853185657319e6 pinf=0.0 (0) dinf=2.3466470491842276e11 (10543) time=215.053971507s
[ Info: iter=7946 obj=1.4181853185657319e6 pinf=0.0 (0) dinf=2.3465819591264606e11 (10542) time=215.255882909s
[ Info: iter=7947 obj=1.4181853185657319e6 pinf=0.0 (0) dinf=2.3465675000033664e11 (10541) time=215.456466912s
[ Info: iter=7948 obj=1.4181853185657319e6 pinf=0.0 (0) dinf=2.346488618640943e11 (10540) time=215.659804414s
[ Info: iter=7949 obj=1.4181853185657319e6 pinf=0.0 (0) dinf=2.3463266694226196e11 (10539) time=215.855824516s
[ Info: iter=7950 obj=1.4181853185657319e6 pinf=0.0 (0) dinf=2.346147672431473e11 (10538) time=216.059354419s
[ Info: iter=7951 obj=1.4181853185657319e6 pinf=0.0 (0) dinf=2.3447406318792487e11 (10501) time=216.260169121s
[ Info: iter=7952 obj=1.4181853185657319e6 pinf=0.0 (0) dinf=2.3443943350389514e11 (10500) time=216.455659424s
[ Info: iter=7953 obj=1.4181853185657319e6 pinf=0.0 (0) dinf=2.344238831374375e11 (10498) time=216.648944326s
[ Info: iter=7954 obj=1.4181853185657319e6 pinf=0.0 (0) dinf=2.3473188810155573e11 (10539) time=216.844564828s
[ Info: iter=7955 obj=1.4181853185657319e6 pinf=0.0 (0) dinf=2.3472394985965488e11 (10537) time=217.043296031s
[ Info: iter=7956 obj=1.4181853185657319e6 pinf=0.0 (0) dinf=2.344425551406784e11 (10517) time=217.242463333s
[ Info: iter=7957 obj=1.4181853185657319e6 pinf=0.0 (0) dinf=2.3447948489854272e11 (10516) time=217.437564635s
[ Info: iter=7958 obj=1.4181853185657319e6 pinf=0.0 (0) dinf=2.3445412620512833e11 (10515) time=217.636117338s
[ Info: iter=7959 obj=1.4181853185657319e6 pinf=0.0 (0) dinf=2.344078786942854e11 (10524) time=217.84275824s
[ Info: iter=7960 obj=1.4181853185657319e6 pinf=0.0 (0) dinf=2.3442807315765884e11 (10525) time=218.068703843s
[ Info: iter=7961 obj=1.4181853185657319e6 pinf=0.0 (0) dinf=2.3436191437505948e11 (10504) time=218.282800946s
[ Info: iter=7962 obj=1.4181853185657319e6 pinf=0.0 (0) dinf=2.3436326131597165e11 (10503) time=218.499696648s
[ Info: iter=7963 obj=1.4181853185657319e6 pinf=0.0 (0) dinf=2.3476181144396133e11 (10509) time=218.705555151s
[ Info: iter=7964 obj=1.4181853185657319e6 pinf=0.0 (0) dinf=2.347523200213116e11 (10505) time=218.911546853s
[ Info: iter=7965 obj=1.4181853185657319e6 pinf=0.0 (0) dinf=2.3479387660392386e11 (10505) time=219.119002356s
[ Info: iter=7966 obj=1.4181853185657319e6 pinf=0.0 (0) dinf=2.349219040144495e11 (10492) time=219.332625858s
[ Info: iter=7967 obj=1.418185318567093e6 pinf=1.0003369154537333e-7 (1) dinf=2.348818694236163e11 (10491) time=219.558973961s
[ Info: iter=7968 obj=1.418185318567093e6 pinf=1.0003369154537333e-7 (1) dinf=2.3488227781900204e11 (10493) time=219.736784163s
[ Info: iter=7969 obj=1.418185318567093e6 pinf=1.0003369154537333e-7 (1) dinf=2.3488182883140054e11 (10491) time=219.912686965s
[ Info: iter=7970 obj=1.418185318567093e6 pinf=1.0003369154537333e-7 (1) dinf=2.3492168266781772e11 (10490) time=220.099702365s
[ Info: iter=7971 obj=1.4181853185653414e6 pinf=0.0 (0) dinf=2.348814944913273e11 (10489) time=220.331191666s
[ Info: iter=7972 obj=1.4181853185653414e6 pinf=0.0 (0) dinf=2.3488128431926096e11 (10489) time=220.490126466s
[ Info: iter=7973 obj=1.4181853185653414e6 pinf=0.0 (0) dinf=2.34881677885944e11 (10488) time=220.652744366s
[ Info: iter=7974 obj=1.4181853185653414e6 pinf=0.0 (0) dinf=2.3488129575494543e11 (10486) time=220.810949066s
[ Info: iter=7975 obj=1.4181853185653414e6 pinf=0.0 (0) dinf=2.3488129666996722e11 (10485) time=220.965076167s
[ Info: iter=7976 obj=1.4181853185653414e6 pinf=0.0 (0) dinf=2.348760532044497e11 (10484) time=221.184598367s
[ Info: iter=7977 obj=1.4181853185653414e6 pinf=0.0 (0) dinf=2.3486993789913513e11 (10480) time=221.407588468s
[ Info: iter=7978 obj=1.4181853185653416e6 pinf=0.0 (0) dinf=2.3538655469425085e11 (10470) time=221.629468568s
[ Info: iter=7979 obj=1.4181853185653416e6 pinf=0.0 (0) dinf=2.353874268871829e11 (10473) time=221.861594368s
[ Info: iter=7987 obj=1.4181853185653414e6 pinf=0.0 (0) dinf=4.889641735348378e11 (10481) time=222.279454669s
[ Info: iter=7989 obj=1.4181853185653414e6 pinf=0.0 (0) dinf=4.8902592225030695e11 (10470) time=222.377152369s
[ Info: iter=7990 obj=1.4181853185653414e6 pinf=0.0 (0) dinf=4.8889868157976965e11 (10475) time=222.455023069s
[ Info: iter=7991 obj=1.4181853185657668e6 pinf=0.0 (0) dinf=4.893873228678479e11 (10493) time=222.64870697s
[ Info: iter=7992 obj=1.4181853185657668e6 pinf=0.0 (0) dinf=4.8917248493944257e11 (10501) time=222.79283857s
[ Info: iter=7993 obj=1.4181853185657668e6 pinf=0.0 (0) dinf=4.892361150137314e11 (10500) time=222.93318887s
[ Info: iter=7994 obj=1.4181853185657668e6 pinf=0.0 (0) dinf=4.8923172002111456e11 (10499) time=223.079740871s
[ Info: iter=7995 obj=1.4181853185657668e6 pinf=0.0 (0) dinf=4.8923611502820917e11 (10499) time=223.207833471s
[ Info: iter=7996 obj=1.4181853185657668e6 pinf=0.0 (0) dinf=4.892361150282093e11 (10499) time=223.350385471s
[ Info: iter=7997 obj=1.4181853185657668e6 pinf=0.0 (0) dinf=4.8923522476144696e11 (10499) time=223.493761671s
[ Info: iter=7998 obj=1.4181853185657668e6 pinf=0.0 (0) dinf=4.8923611501566876e11 (10501) time=223.643398172s
[ Info: iter=7999 obj=1.4181853185657668e6 pinf=0.0 (0) dinf=4.892341304021141e11 (10500) time=223.763634172s
PROGRESS iter=8000 refs=1586 pinf=0.0 working_objective=605524.4037375643
[ Info: iter=8000 obj=1.4181853185657668e6 pinf=0.0 (0) dinf=4.8923071419906134e11 (10499) time=223.911621272s
[ Info: iter=8001 obj=1.4181853185657668e6 pinf=0.0 (0) dinf=4.892341304133675e11 (10499) time=224.043993372s
[ Info: iter=8002 obj=1.4181853185657668e6 pinf=0.0 (0) dinf=4.892325276060848e11 (10499) time=224.225833573s
[ Info: iter=8003 obj=1.4181853185657668e6 pinf=0.0 (0) dinf=4.892325276033333e11 (10497) time=224.420450173s
[ Info: iter=8004 obj=1.4181853185657668e6 pinf=0.0 (0) dinf=4.892325276033333e11 (10497) time=224.618381973s
[ Info: iter=8005 obj=1.4181853185657668e6 pinf=0.0 (0) dinf=4.892325276033333e11 (10497) time=224.820093774s
[ Info: iter=8006 obj=1.4181853185657668e6 pinf=0.0 (0) dinf=4.8922807654262494e11 (10497) time=225.021871674s
[ Info: iter=8007 obj=1.4181853185657668e6 pinf=0.0 (0) dinf=4.8922807654262494e11 (10496) time=225.227308075s
[ Info: iter=8008 obj=1.4181853185657668e6 pinf=0.0 (0) dinf=4.8923252761015436e11 (10498) time=225.393395575s
[ Info: iter=8009 obj=1.4181853185657668e6 pinf=0.0 (0) dinf=4.892069667961695e11 (10497) time=225.596627675s
[ Info: iter=8010 obj=1.4181853185657668e6 pinf=0.0 (0) dinf=4.8923252761692145e11 (10497) time=225.796796976s
[ Info: iter=8011 obj=1.4181853185657668e6 pinf=0.0 (0) dinf=4.892245616657022e11 (10496) time=225.994755076s
[ Info: iter=8012 obj=1.4181853185657668e6 pinf=0.0 (0) dinf=4.892245616657022e11 (10496) time=226.199956676s
[ Info: iter=8013 obj=1.4181853185657668e6 pinf=0.0 (0) dinf=4.892245616657022e11 (10496) time=226.408480777s
[ Info: iter=8014 obj=1.4181853185657668e6 pinf=0.0 (0) dinf=4.892063827042293e11 (10496) time=226.608559577s
[ Info: iter=8015 obj=1.4181853185657668e6 pinf=0.0 (0) dinf=4.892063827042292e11 (10496) time=226.811715277s
[ Info: iter=8016 obj=1.4181853185657668e6 pinf=0.0 (0) dinf=4.892063827042292e11 (10496) time=227.021119778s
[ Info: iter=8017 obj=1.4181853185657668e6 pinf=0.0 (0) dinf=4.89194253291269e11 (10495) time=227.227537878s
[ Info: iter=8018 obj=1.4181853185657668e6 pinf=0.0 (0) dinf=4.89194253291269e11 (10495) time=227.435878579s
[ Info: iter=8019 obj=1.4181853185657668e6 pinf=0.0 (0) dinf=4.89194253291269e11 (10495) time=227.653708879s
[ Info: iter=8020 obj=1.4181853185657668e6 pinf=0.0 (0) dinf=4.89194253291269e11 (10495) time=227.865809779s
[ Info: iter=8021 obj=1.4181853185657668e6 pinf=0.0 (0) dinf=4.891759059266049e11 (10494) time=228.080983879s
[ Info: iter=8022 obj=1.4181853185657668e6 pinf=0.0 (0) dinf=4.891718482866932e11 (10490) time=228.298177979s
[ Info: iter=8023 obj=1.4181853185657668e6 pinf=0.0 (0) dinf=4.891775886081756e11 (10492) time=228.509825278s
[ Info: iter=8024 obj=1.4181853185657668e6 pinf=0.0 (0) dinf=4.8917064242588214e11 (10492) time=228.653670878s
[ Info: iter=8025 obj=1.4181853185657668e6 pinf=0.0 (0) dinf=4.8917064242588214e11 (10492) time=228.873788778s
[ Info: iter=8026 obj=1.4181853185657668e6 pinf=0.0 (0) dinf=4.8917064242588226e11 (10492) time=229.085949077s
[ Info: iter=8027 obj=1.4181853185657668e6 pinf=0.0 (0) dinf=4.8917064242588226e11 (10492) time=229.304084577s
[ Info: iter=8028 obj=1.4181853185657668e6 pinf=0.0 (0) dinf=4.891722452306723e11 (10492) time=229.523779777s
[ Info: iter=8029 obj=1.4181853185657668e6 pinf=0.0 (0) dinf=4.8916755410368805e11 (10491) time=229.744478076s
[ Info: iter=8030 obj=1.4181853185657668e6 pinf=0.0 (0) dinf=4.891722452337165e11 (10491) time=229.959327676s
[ Info: iter=8031 obj=1.4181853185657668e6 pinf=0.0 (0) dinf=4.8915837571402484e11 (10488) time=230.187014976s
[ Info: iter=8032 obj=1.4181853185657668e6 pinf=0.0 (0) dinf=4.891558132025378e11 (10486) time=230.436680175s
[ Info: iter=8033 obj=1.4181853185657668e6 pinf=0.0 (0) dinf=4.8916441797629095e11 (10492) time=230.597824575s
[ Info: iter=8034 obj=1.4181853185657668e6 pinf=0.0 (0) dinf=4.891632309552365e11 (10491) time=230.755814375s
[ Info: iter=8035 obj=1.4181853185657668e6 pinf=0.0 (0) dinf=4.891632309552365e11 (10491) time=230.921957674s
[ Info: iter=8036 obj=1.4181853185657668e6 pinf=0.0 (0) dinf=4.891609097562017e11 (10490) time=231.089430574s
[ Info: iter=8037 obj=1.4181853185657668e6 pinf=0.0 (0) dinf=4.892070587076523e11 (10489) time=231.344275674s
[ Info: iter=8038 obj=1.4181853185657668e6 pinf=0.0 (0) dinf=4.8928898713731946e11 (10494) time=231.650948173s
[ Info: iter=8039 obj=1.4181853185657668e6 pinf=0.0 (0) dinf=4.8928876472769135e11 (10494) time=231.950396873s
[ Info: iter=8040 obj=1.4181853185657668e6 pinf=0.0 (0) dinf=4.892885738508037e11 (10493) time=232.249644572s
[ Info: iter=8041 obj=1.4181853185657668e6 pinf=0.0 (0) dinf=4.890505789626388e11 (10495) time=232.555259672s
[ Info: iter=8042 obj=1.4181853185657668e6 pinf=0.0 (0) dinf=4.890505675392228e11 (10495) time=232.852226371s
[ Info: iter=8043 obj=1.4181853185657668e6 pinf=0.0 (0) dinf=4.890504869694501e11 (10494) time=233.155173571s
[ Info: iter=8044 obj=1.4181853185657668e6 pinf=0.0 (0) dinf=4.8894661225264575e11 (10493) time=233.45598877s
[ Info: iter=8045 obj=1.4181853185657668e6 pinf=0.0 (0) dinf=4.9072010643079956e11 (10485) time=233.75883037s
[ Info: iter=8046 obj=1.4181853185657668e6 pinf=0.0 (0) dinf=4.903552532923446e11 (10486) time=234.069664969s
[ Info: iter=8047 obj=1.4181853185657668e6 pinf=0.0 (0) dinf=4.903552532923446e11 (10485) time=234.383896969s
[ Info: iter=8076 obj=1.4181853185423263e6 pinf=0.0 (0) dinf=2.5456226570327353e11 (10511) time=235.342260167s
[ Info: iter=8077 obj=1.4181853185428935e6 pinf=0.0 (0) dinf=2.5529549040179108e11 (10510) time=235.414810767s
[ Info: iter=8078 obj=1.418185318516388e6 pinf=0.0 (0) dinf=2.648189930763504e11 (10511) time=235.489023567s
[ Info: iter=8079 obj=1.418185318516388e6 pinf=0.0 (0) dinf=2.6481845471884644e11 (10509) time=235.565004767s
[ Info: iter=8080 obj=1.418185318516388e6 pinf=0.0 (0) dinf=2.6469894957549133e11 (10509) time=235.647411467s
[ Info: iter=8081 obj=1.418185318516388e6 pinf=0.0 (0) dinf=2.6177377633433084e11 (10511) time=235.728433567s
[ Info: iter=8087 obj=1.4181853184753442e6 pinf=0.0 (0) dinf=2.560843243481708e11 (10515) time=235.923195266s
[ Info: iter=8088 obj=1.4181853184753442e6 pinf=0.0 (0) dinf=2.552407955267331e11 (10514) time=235.994438066s
[ Info: iter=8089 obj=1.418185318533332e6 pinf=0.0 (0) dinf=2.5507969037875366e11 (10513) time=236.070504765s
[ Info: iter=8090 obj=1.418185318533332e6 pinf=0.0 (0) dinf=2.5489887211792316e11 (10513) time=236.145665465s
[ Info: iter=8091 obj=1.418185318533332e6 pinf=0.0 (0) dinf=2.5498322172836612e11 (10511) time=236.222169565s
[ Info: iter=8092 obj=1.418185318533332e6 pinf=0.0 (0) dinf=2.5498537464789423e11 (10510) time=236.299166764s
[ Info: iter=8093 obj=1.418185318533332e6 pinf=0.0 (0) dinf=2.5494158886656534e11 (10510) time=236.375083764s
[ Info: iter=8094 obj=1.418185318533332e6 pinf=0.0 (0) dinf=2.5494124682372034e11 (10512) time=236.457491064s
[ Info: iter=8095 obj=1.418185318533332e6 pinf=0.0 (0) dinf=2.5493440317862778e11 (10509) time=236.546156663s
[ Info: iter=8096 obj=1.418185318533332e6 pinf=0.0 (0) dinf=2.5493322866526318e11 (10508) time=236.622633663s
[ Info: iter=8130 obj=1.4181853185420244e6 pinf=0.0 (0) dinf=2.6666009797008878e11 (10491) time=237.20484516s
[ Info: iter=8131 obj=1.4181853185420244e6 pinf=0.0 (0) dinf=2.6293998993828217e11 (10496) time=237.30566176s
[ Info: iter=8132 obj=1.4181853185420244e6 pinf=0.0 (0) dinf=2.665770002094359e11 (10485) time=237.419554659s
[ Info: iter=8133 obj=1.4181853185420244e6 pinf=0.0 (0) dinf=2.6816878923638184e11 (10480) time=237.515482359s
[ Info: iter=8134 obj=1.4181853185420244e6 pinf=0.0 (0) dinf=2.7052780365352646e11 (10475) time=237.605349258s
[ Info: iter=8135 obj=1.4181853185420244e6 pinf=0.0 (0) dinf=2.70457271001736e11 (10470) time=237.696250158s
[ Info: iter=8136 obj=1.4181853185420244e6 pinf=0.0 (0) dinf=2.7281628541885733e11 (10465) time=237.788178957s
[ Info: iter=8137 obj=1.4181853185420244e6 pinf=0.0 (0) dinf=2.7415233264907825e11 (10460) time=237.880272457s
[ Info: iter=8138 obj=1.4181853185420244e6 pinf=0.0 (0) dinf=2.768523361285e11 (10455) time=237.968858356s
[ Info: iter=8139 obj=1.4181853185420244e6 pinf=0.0 (0) dinf=2.8603113177249347e11 (10454) time=238.061248456s
[ Info: iter=8140 obj=1.4181853185420244e6 pinf=0.0 (0) dinf=2.860176088616469e11 (10453) time=238.151705455s
[ Info: iter=8141 obj=1.4181853185420244e6 pinf=0.0 (0) dinf=2.8696865160288055e11 (10455) time=238.243465555s
[ Info: iter=8142 obj=1.4181853185420244e6 pinf=0.0 (0) dinf=2.9047486800513873e11 (10460) time=238.334816355s
[ Info: iter=8143 obj=1.4181853185420244e6 pinf=0.0 (0) dinf=2.904480946948053e11 (10459) time=238.425225054s
[ Info: iter=8144 obj=1.4181853185420244e6 pinf=0.0 (0) dinf=2.904212319341043e11 (10458) time=238.523730854s
[ Info: iter=8145 obj=1.4181853185420244e6 pinf=0.0 (0) dinf=2.909030437072342e11 (10461) time=238.619760853s
[ Info: iter=8146 obj=1.4181853185420244e6 pinf=0.0 (0) dinf=2.9089003624675885e11 (10460) time=238.712190553s
[ Info: iter=8147 obj=1.4181853185420244e6 pinf=0.0 (0) dinf=2.9024160509321747e11 (10464) time=238.811546752s
[ Info: iter=8148 obj=1.4181853185420244e6 pinf=0.0 (0) dinf=2.902309126590783e11 (10461) time=238.915839652s
[ Info: iter=8149 obj=1.4181853185420244e6 pinf=0.0 (0) dinf=2.902200894697069e11 (10458) time=239.014447451s
[ Info: iter=8150 obj=1.4181853185420244e6 pinf=0.0 (0) dinf=2.910466234670338e11 (10467) time=239.113141051s
[ Info: iter=8151 obj=1.4181853185420244e6 pinf=0.0 (0) dinf=2.91003667831033e11 (10464) time=239.21427865s
[ Info: iter=8152 obj=1.4181853185420244e6 pinf=0.0 (0) dinf=2.8652622795348047e11 (10469) time=239.31494655s
[ Info: iter=8153 obj=1.4181853185420244e6 pinf=0.0 (0) dinf=2.870054640306146e11 (10467) time=239.428413449s
[ Info: iter=8154 obj=1.418185318542024e6 pinf=0.0 (0) dinf=2.8338821882350793e11 (10469) time=239.530060749s
[ Info: iter=8155 obj=1.418185318542024e6 pinf=0.0 (0) dinf=2.8330434615278424e11 (10465) time=239.634777348s
[ Info: iter=8156 obj=1.418185318542024e6 pinf=0.0 (0) dinf=2.83323177126376e11 (10466) time=239.756415548s
[ Info: iter=8157 obj=1.418185318542024e6 pinf=0.0 (0) dinf=2.833351927428612e11 (10466) time=239.860352947s
[ Info: iter=8158 obj=1.418185318542024e6 pinf=0.0 (0) dinf=2.8331462834947656e11 (10465) time=239.961613247s
[ Info: iter=8159 obj=1.418185318542024e6 pinf=0.0 (0) dinf=2.83314179194745e11 (10465) time=240.067951346s
[ Info: iter=8160 obj=1.418185318542024e6 pinf=0.0 (0) dinf=2.8330983925849384e11 (10465) time=240.182774046s
[ Info: iter=8161 obj=1.418185318542024e6 pinf=0.0 (0) dinf=2.83614630177322e11 (10464) time=240.303145745s
[ Info: iter=8162 obj=1.418185318542024e6 pinf=0.0 (0) dinf=2.8391942109640796e11 (10470) time=240.418296745s
[ Info: iter=8163 obj=1.418185318542024e6 pinf=0.0 (0) dinf=2.8281996099671356e11 (10468) time=240.536532244s
[ Info: iter=8164 obj=1.418185318542024e6 pinf=0.0 (0) dinf=2.828141195495958e11 (10468) time=240.657244344s
[ Info: iter=8165 obj=1.418185318542024e6 pinf=0.0 (0) dinf=2.872622759174323e11 (10464) time=240.777103043s
[ Info: iter=8166 obj=1.4181853185420244e6 pinf=0.0 (0) dinf=2.9085868781778094e11 (10470) time=240.896579342s
[ Info: iter=8167 obj=1.4181853185420244e6 pinf=0.0 (0) dinf=2.9087162419556964e11 (10471) time=241.018784442s
[ Info: iter=8172 obj=1.4181853185420244e6 pinf=0.0 (0) dinf=2.90885064601549e11 (10470) time=241.200858541s
[ Info: iter=8173 obj=1.4181853185420244e6 pinf=0.0 (0) dinf=2.9154111194904535e11 (10469) time=241.32351004s
[ Info: iter=8174 obj=1.4181853185420244e6 pinf=0.0 (0) dinf=2.915295881445274e11 (10468) time=241.44728924s
[ Info: iter=8175 obj=1.4181853185420244e6 pinf=0.0 (0) dinf=2.9151769645094037e11 (10467) time=241.571945139s
[ Info: iter=8176 obj=1.4181853185420244e6 pinf=0.0 (0) dinf=2.915016633715528e11 (10465) time=241.715370538s
[ Info: iter=8177 obj=1.4181853185420244e6 pinf=0.0 (0) dinf=2.9152511943816254e11 (10466) time=241.852195638s
[ Info: iter=8178 obj=1.4181853185420244e6 pinf=0.0 (0) dinf=2.915409502491962e11 (10467) time=241.986585937s
[ Info: iter=8179 obj=1.4181853185420244e6 pinf=0.0 (0) dinf=2.915391196450755e11 (10467) time=242.129528236s
[ Info: iter=8180 obj=1.4181853185420244e6 pinf=0.0 (0) dinf=2.9152740465727234e11 (10467) time=242.274203636s
[ Info: iter=8181 obj=1.4181853185420244e6 pinf=0.0 (0) dinf=2.915274046572723e11 (10467) time=242.425495635s
[ Info: iter=8182 obj=1.4181853185420244e6 pinf=0.0 (0) dinf=2.915261602412273e11 (10467) time=242.576964034s
[ Info: iter=8183 obj=1.4181853185420244e6 pinf=0.0 (0) dinf=2.915261602412273e11 (10467) time=242.737263734s
[ Info: iter=8184 obj=1.4181853185420244e6 pinf=0.0 (0) dinf=2.91516417531053e11 (10467) time=242.894619933s
[ Info: iter=8185 obj=1.4181853185420244e6 pinf=0.0 (0) dinf=2.915290876572283e11 (10468) time=243.050415832s
[ Info: iter=8186 obj=1.4181853185420244e6 pinf=0.0 (0) dinf=2.915206052718603e11 (10468) time=243.152667732s
[ Info: iter=8187 obj=1.4181853185420244e6 pinf=0.0 (0) dinf=2.915206052718603e11 (10467) time=243.284025331s
[ Info: iter=8189 obj=1.4181853185420244e6 pinf=0.0 (0) dinf=2.915555685348874e11 (10470) time=243.48874553s
[ Info: iter=8190 obj=1.4181853185420244e6 pinf=0.0 (0) dinf=2.915242361558587e11 (10468) time=243.648278229s
[ Info: iter=8191 obj=1.4181853185420244e6 pinf=0.0 (0) dinf=2.915443505264933e11 (10470) time=243.807745028s
[ Info: iter=8192 obj=1.4181853185420244e6 pinf=0.0 (0) dinf=2.915274250607628e11 (10469) time=243.904825128s
[ Info: iter=8193 obj=1.4181853185420244e6 pinf=0.0 (0) dinf=2.9153695948663184e11 (10470) time=244.086603628s
[ Info: iter=8194 obj=1.4181853185420244e6 pinf=0.0 (0) dinf=2.915301625754779e11 (10470) time=244.248175428s
[ Info: iter=8195 obj=1.4181853185420244e6 pinf=0.0 (0) dinf=2.9153912545487024e11 (10471) time=244.404791128s
[ Info: iter=8196 obj=1.4181853185420244e6 pinf=0.0 (0) dinf=2.91532660299499e11 (10471) time=244.561314228s
[ Info: iter=8197 obj=1.4181853185420244e6 pinf=0.0 (0) dinf=2.918747982102083e11 (10471) time=244.730557928s
[ Info: iter=8198 obj=1.4181853185420244e6 pinf=0.0 (0) dinf=2.923220308217773e11 (10463) time=244.886575928s
[ Info: iter=8199 obj=1.4181853185420244e6 pinf=0.0 (0) dinf=2.926500998008956e11 (10470) time=245.042783228s
[ Info: iter=8200 obj=1.4181853185420244e6 pinf=0.0 (0) dinf=2.926530626867025e11 (10463) time=245.199988328s
[ Info: iter=8201 obj=1.4181853185420244e6 pinf=0.0 (0) dinf=2.9308541083362885e11 (10465) time=245.355404529s
[ Info: iter=8202 obj=1.4181853185420244e6 pinf=0.0 (0) dinf=2.934021232586308e11 (10465) time=245.512977529s
[ Info: iter=8203 obj=1.4181853185420244e6 pinf=0.0 (0) dinf=2.9339938574134247e11 (10464) time=245.671500829s
[ Info: iter=8204 obj=1.4181853185420244e6 pinf=0.0 (0) dinf=2.9381542570559155e11 (10463) time=245.833166229s
[ Info: iter=8205 obj=1.4181853185420244e6 pinf=0.0 (0) dinf=2.938155360223577e11 (10464) time=245.994511429s
[ Info: iter=8206 obj=1.4181853185420244e6 pinf=0.0 (0) dinf=2.941216161897201e11 (10463) time=246.155181529s
[ Info: iter=8207 obj=1.4181853185420244e6 pinf=0.0 (0) dinf=2.941241139126962e11 (10466) time=246.319212029s
[ Info: iter=8208 obj=1.4181853185420244e6 pinf=0.0 (0) dinf=2.9452658171017584e11 (10466) time=246.479752229s
[ Info: iter=8209 obj=1.4181853185420244e6 pinf=0.0 (0) dinf=2.945266403715198e11 (10467) time=246.641911229s
[ Info: iter=8210 obj=1.4181853185420244e6 pinf=0.0 (0) dinf=2.9454782814493134e11 (10468) time=246.814963529s
[ Info: iter=8211 obj=1.4181853185420244e6 pinf=0.0 (0) dinf=2.94526667981893e11 (10467) time=246.967679529s
[ Info: iter=8212 obj=1.4181853185420244e6 pinf=0.0 (0) dinf=2.945266679803025e11 (10467) time=247.129698529s
[ Info: iter=8213 obj=1.4181853185420244e6 pinf=0.0 (0) dinf=2.945266679787119e11 (10467) time=247.300317029s
[ Info: iter=8214 obj=1.4181853185420244e6 pinf=0.0 (0) dinf=2.945267782905208e11 (10468) time=247.463439229s
[ Info: iter=8215 obj=1.4181853185420244e6 pinf=0.0 (0) dinf=2.9452683694673956e11 (10469) time=247.628844729s
[ Info: iter=8216 obj=1.4181853185420244e6 pinf=0.0 (0) dinf=2.9486875386114545e11 (10467) time=247.79785183s
[ Info: iter=8217 obj=1.4181853185420244e6 pinf=0.0 (0) dinf=2.948687538597735e11 (10467) time=247.96612423s
[ Info: iter=8218 obj=1.4181853185420244e6 pinf=0.0 (0) dinf=2.9486886417805286e11 (10467) time=248.13085163s
[ Info: iter=8221 obj=1.4181853185420244e6 pinf=0.0 (0) dinf=2.951389107126211e11 (10474) time=248.32885373s
[ Info: iter=8222 obj=1.4181853185420244e6 pinf=0.0 (0) dinf=2.951389107112491e11 (10474) time=248.49761333s
[ Info: iter=8223 obj=1.4181853185420244e6 pinf=0.0 (0) dinf=2.954698248575519e11 (10472) time=248.66580473s
[ Info: iter=8224 obj=1.4181853185420244e6 pinf=0.0 (0) dinf=2.9546988352041974e11 (10472) time=248.84340043s
[ Info: iter=8235 obj=1.4181853185420241e6 pinf=0.0 (0) dinf=2.9620478185676263e11 (10458) time=249.20499983s
[ Info: iter=8236 obj=1.4181853185420244e6 pinf=0.0 (0) dinf=2.954414015558569e11 (10460) time=249.35155103s
[ Info: iter=8237 obj=1.4181853185420244e6 pinf=0.0 (0) dinf=2.954339917302735e11 (10458) time=249.52052303s
[ Info: iter=8238 obj=1.4181853185420244e6 pinf=0.0 (0) dinf=2.954368056028033e11 (10459) time=249.69234683s
[ Info: iter=8239 obj=1.4181853185420244e6 pinf=0.0 (0) dinf=2.9542989953527765e11 (10457) time=249.86632263s
[ Info: iter=8240 obj=1.4181853185420244e6 pinf=0.0 (0) dinf=2.954276487437537e11 (10457) time=250.03429983s
[ Info: iter=8241 obj=1.4181853185420244e6 pinf=0.0 (0) dinf=2.9543048928500555e11 (10458) time=250.204040931s
[ Info: iter=8242 obj=1.4181853185420244e6 pinf=0.0 (0) dinf=2.957472012709449e11 (10457) time=250.375171631s
[ Info: iter=8245 obj=1.4181853185420244e6 pinf=0.0 (0) dinf=2.960083107999095e11 (10456) time=250.584483831s
[ Info: iter=8246 obj=1.4181853185420244e6 pinf=0.0 (0) dinf=2.960060092607513e11 (10456) time=250.760054731s
[ Info: iter=8247 obj=1.4181853185420244e6 pinf=0.0 (0) dinf=2.960084859621556e11 (10461) time=250.936336931s
[ Info: iter=8248 obj=1.4181853185420244e6 pinf=0.0 (0) dinf=2.9601096266356e11 (10458) time=251.107349831s
[ Info: iter=8249 obj=1.4181853185420244e6 pinf=0.0 (0) dinf=2.960134393649644e11 (10459) time=251.283005131s
[ Info: iter=8250 obj=1.4181853185420244e6 pinf=0.0 (0) dinf=2.960114319926115e11 (10459) time=251.459818431s
[ Info: iter=8255 obj=1.4181853185420244e6 pinf=0.0 (0) dinf=2.960095430357947e11 (10460) time=251.773444831s
[ Info: iter=8256 obj=1.4181853185420244e6 pinf=0.0 (0) dinf=2.960095430357947e11 (10459) time=251.844868731s
[ Info: iter=8257 obj=1.4181853185420244e6 pinf=0.0 (0) dinf=2.960075356634418e11 (10459) time=252.016746031s
[ Info: iter=8259 obj=1.4181853185420244e6 pinf=0.0 (0) dinf=2.96007845808521e11 (10463) time=252.226457632s
[ Info: iter=8260 obj=1.4181853185420244e6 pinf=0.0 (0) dinf=2.9609083331122345e11 (10459) time=252.397674632s
[ Info: iter=8261 obj=1.4181853185420244e6 pinf=0.0 (0) dinf=2.96522701600464e11 (10466) time=252.567922432s
[ Info: iter=8262 obj=1.4181853185420244e6 pinf=0.0 (0) dinf=2.9618765128819684e11 (10469) time=252.737547233s
[ Info: iter=8263 obj=1.4181853185420244e6 pinf=0.0 (0) dinf=2.96221708093896e11 (10468) time=252.917439633s
[ Info: iter=8264 obj=1.4181853185420244e6 pinf=0.0 (0) dinf=2.9630874011568475e11 (10467) time=253.090564933s
[ Info: iter=8265 obj=1.4181853185420244e6 pinf=0.0 (0) dinf=2.962315090336424e11 (10467) time=253.264722034s
[ Info: iter=8266 obj=1.4181853185420244e6 pinf=0.0 (0) dinf=2.963099330222668e11 (10466) time=253.438025734s
[ Info: iter=8267 obj=1.4181853185420244e6 pinf=0.0 (0) dinf=2.9623095007382043e11 (10457) time=253.610813234s
[ Info: iter=8268 obj=1.4181853185420244e6 pinf=0.0 (0) dinf=2.9623342677147754e11 (10458) time=253.787524035s
[ Info: iter=8271 obj=1.4181853185420244e6 pinf=0.0 (0) dinf=2.9623136646795984e11 (10459) time=254.035056935s
[ Info: iter=8272 obj=1.4181853185420244e6 pinf=0.0 (0) dinf=2.9624350720751263e11 (10469) time=254.105644635s
[ Info: iter=8273 obj=1.4181853185420244e6 pinf=0.0 (0) dinf=2.962313664663693e11 (10466) time=254.175104035s
[ Info: iter=8274 obj=1.4181853185420244e6 pinf=0.0 (0) dinf=2.9623136646636926e11 (10458) time=254.349379236s
[ Info: iter=8275 obj=1.4181853185420244e6 pinf=0.0 (0) dinf=2.963191134342136e11 (10464) time=254.523221036s
[ Info: iter=8276 obj=1.4181853185420244e6 pinf=0.0 (0) dinf=2.962429644643728e11 (10464) time=254.698166936s
[ Info: iter=8277 obj=1.4181853185420244e6 pinf=0.0 (0) dinf=2.962348190882611e11 (10464) time=254.878858336s
[ Info: iter=8278 obj=1.4181853185420244e6 pinf=0.0 (0) dinf=2.9643137614578564e11 (10467) time=255.052505137s
[ Info: iter=8279 obj=1.4181853185420244e6 pinf=0.0 (0) dinf=2.966275407505906e11 (10466) time=255.234300137s
[ Info: iter=8280 obj=1.4181853185420244e6 pinf=0.0 (0) dinf=2.968237053553956e11 (10465) time=255.407834037s
[ Info: iter=8281 obj=1.4181853185420244e6 pinf=0.0 (0) dinf=2.970909725852152e11 (10464) time=255.581320338s
[ Info: iter=8282 obj=1.4181853185420244e6 pinf=0.0 (0) dinf=2.9647805874122974e11 (10458) time=255.757455438s
[ Info: iter=8283 obj=1.4181853185420244e6 pinf=0.0 (0) dinf=2.9647805873963916e11 (10458) time=255.934203338s
[ Info: iter=8284 obj=1.4181853185420244e6 pinf=0.0 (0) dinf=2.9647805873804865e11 (10458) time=256.110383139s
[ Info: iter=8285 obj=1.4181853185420244e6 pinf=0.0 (0) dinf=2.9647830500323096e11 (10459) time=256.284883439s
[ Info: iter=8286 obj=1.4181853185420244e6 pinf=0.0 (0) dinf=2.9647813070120764e11 (10459) time=256.458978339s
[ Info: iter=8287 obj=1.4181853185420244e6 pinf=0.0 (0) dinf=2.964781306998356e11 (10469) time=256.63664484s
[ Info: iter=8288 obj=1.4181853185459971e6 pinf=0.0 (0) dinf=2.964781306984636e11 (10459) time=256.81424714s
[ Info: iter=8289 obj=1.4181853185459971e6 pinf=0.0 (0) dinf=2.9647832691464545e11 (10462) time=256.99722224s
[ Info: iter=8290 obj=1.4181853185459971e6 pinf=0.0 (0) dinf=2.9647844954927997e11 (10463) time=257.174640641s
[ Info: iter=8291 obj=1.4181853185459971e6 pinf=0.0 (0) dinf=2.9647857218379364e11 (10464) time=257.351659741s
[ Info: iter=8292 obj=1.4181853185459971e6 pinf=0.0 (0) dinf=2.965615591346438e11 (10473) time=257.533693041s
[ Info: iter=8293 obj=1.4181853185459971e6 pinf=0.0 (0) dinf=2.9656240857639825e11 (10474) time=257.714289241s
[ Info: iter=8306 obj=1.4181853185459971e6 pinf=0.0 (0) dinf=2.966226129833964e11 (10453) time=258.107477142s
[ Info: iter=8307 obj=1.4181853185459971e6 pinf=0.0 (0) dinf=2.9670964441843207e11 (10452) time=258.288418242s
[ Info: iter=8311 obj=1.4181853185459971e6 pinf=0.0 (0) dinf=2.9662377547718384e11 (10453) time=258.543928443s
[ Info: iter=8312 obj=1.4181853185459971e6 pinf=0.0 (0) dinf=2.9670219893567847e11 (10453) time=258.729138343s
[ Info: iter=8313 obj=1.4181853185459971e6 pinf=0.0 (0) dinf=2.9670305737642896e11 (10454) time=258.910747044s
[ Info: iter=8316 obj=1.4181853185459971e6 pinf=0.0 (0) dinf=2.9675537137692346e11 (10462) time=259.126228444s
[ Info: iter=8317 obj=1.4181853185459971e6 pinf=0.0 (0) dinf=2.9675368002824854e11 (10461) time=259.318657844s
[ Info: iter=8318 obj=1.4181853185459971e6 pinf=0.0 (0) dinf=2.967536800272298e11 (10461) time=259.515474445s
[ Info: iter=8319 obj=1.4181853185459971e6 pinf=0.0 (0) dinf=2.967461905376929e11 (10460) time=259.713218445s
[ Info: iter=8320 obj=1.4181853185459971e6 pinf=0.0 (0) dinf=2.9677151317999426e11 (10459) time=259.917789645s
[ Info: iter=8321 obj=1.4181853185459971e6 pinf=0.0 (0) dinf=2.967715851367236e11 (10460) time=260.125864046s
[ Info: iter=8322 obj=1.4181853185459971e6 pinf=0.0 (0) dinf=2.967584885220026e11 (10459) time=260.329744548s
[ Info: iter=8323 obj=1.4181853185459971e6 pinf=0.0 (0) dinf=2.9675856048517596e11 (10460) time=260.535045649s
[ Info: iter=8324 obj=1.4181853185459971e6 pinf=0.0 (0) dinf=2.9682374049465796e11 (10460) time=260.74353705s
[ Info: iter=8325 obj=1.4181853185459971e6 pinf=0.0 (0) dinf=2.968237404936392e11 (10460) time=260.953971751s
[ Info: iter=8326 obj=1.4181853185459971e6 pinf=0.0 (0) dinf=2.968232117817526e11 (10459) time=261.178750153s
[ Info: iter=8327 obj=1.4181853185459971e6 pinf=0.0 (0) dinf=2.968198375863978e11 (10458) time=261.391649854s
[ Info: iter=8328 obj=1.4181853185459971e6 pinf=0.0 (0) dinf=2.9681997698302765e11 (10459) time=261.606520455s
[ Info: iter=8329 obj=1.4181853185459971e6 pinf=0.0 (0) dinf=2.9746092730965796e11 (10456) time=261.821454656s
[ Info: iter=8330 obj=1.4181853185459971e6 pinf=0.0 (0) dinf=2.965160344183265e11 (10455) time=262.033812158s
[ Info: iter=8333 obj=1.4181853185459971e6 pinf=0.0 (0) dinf=2.963665505789273e11 (10447) time=262.34093066s
[ Info: iter=8335 obj=1.4181853185459971e6 pinf=0.0 (0) dinf=2.9636839865991064e11 (10449) time=262.601638561s
[ Info: iter=8336 obj=1.4181853185459971e6 pinf=0.0 (0) dinf=2.963682834156299e11 (10449) time=262.840599562s
[ Info: iter=8337 obj=1.4181853185459971e6 pinf=0.0 (0) dinf=2.963589127291604e11 (10448) time=263.086682164s
[ Info: iter=8338 obj=1.4181853185459971e6 pinf=0.0 (0) dinf=2.963571733460786e11 (10448) time=263.327882865s
[ Info: iter=8339 obj=1.4181853185459971e6 pinf=0.0 (0) dinf=2.9635704841022064e11 (10452) time=263.568761667s
[ Info: iter=8340 obj=1.4181853185459971e6 pinf=0.0 (0) dinf=2.963657049978975e11 (10457) time=263.808293868s
[ Info: iter=8341 obj=1.4181853185459971e6 pinf=0.0 (0) dinf=2.9635928442951483e11 (10455) time=264.04581477s
[ Info: iter=8342 obj=1.4181853185459971e6 pinf=0.0 (0) dinf=2.963573403276914e11 (10455) time=264.283837671s
[ Info: iter=8343 obj=1.4181853185459971e6 pinf=0.0 (0) dinf=2.963820801984041e11 (10457) time=264.521649072s
[ Info: iter=8344 obj=1.4181853185459971e6 pinf=0.0 (0) dinf=2.9638220411786365e11 (10458) time=264.763536074s
[ Info: iter=8345 obj=1.4181853185459971e6 pinf=0.0 (0) dinf=2.963777926768256e11 (10457) time=264.999818875s
[ Info: iter=8346 obj=1.4181853185459971e6 pinf=0.0 (0) dinf=2.963777926542653e11 (10457) time=265.243537977s
[ Info: iter=8347 obj=1.4181853185459971e6 pinf=0.0 (0) dinf=2.963754717231957e11 (10457) time=265.481851978s
[ Info: iter=8348 obj=1.4181853185459971e6 pinf=0.0 (0) dinf=2.963836861475309e11 (10458) time=265.724232179s
[ Info: iter=8349 obj=1.4181853185459971e6 pinf=0.0 (0) dinf=2.9637960353709717e11 (10457) time=265.961226081s
[ Info: iter=8350 obj=1.4181853185459971e6 pinf=0.0 (0) dinf=2.963930426619744e11 (10449) time=266.197369782s
[ Info: iter=8351 obj=1.4181853185460712e6 pinf=0.0 (0) dinf=2.9648858890709515e11 (10447) time=266.436918584s
[ Info: iter=8352 obj=1.4181853185460712e6 pinf=0.0 (0) dinf=2.9648853836158624e11 (10445) time=266.680479685s
[ Info: iter=8391 obj=1.418185318518546e6 pinf=0.0 (0) dinf=2.6594977668270148e11 (10478) time=267.680535991s
[ Info: iter=8392 obj=1.418185318518546e6 pinf=0.0 (0) dinf=2.6594979860088956e11 (10478) time=267.760058891s
[ Info: iter=8393 obj=1.418185318518546e6 pinf=0.0 (0) dinf=2.6594979859452734e11 (10485) time=267.838337792s
[ Info: iter=8394 obj=1.418185318518546e6 pinf=0.0 (0) dinf=2.6594960872460794e11 (10485) time=267.916215092s
[ Info: iter=8395 obj=1.418185318518546e6 pinf=0.0 (0) dinf=2.6595126764914774e11 (10480) time=267.996563693s
[ Info: iter=8396 obj=1.418185318518546e6 pinf=0.0 (0) dinf=2.6592668613187964e11 (10479) time=268.075441594s
[ Info: iter=8397 obj=1.418185318518546e6 pinf=0.0 (0) dinf=2.6592666222924362e11 (10479) time=268.153979195s
[ Info: iter=8398 obj=1.4181853185194128e6 pinf=0.0 (0) dinf=2.6791560196802545e11 (10470) time=268.232808996s
[ Info: iter=8399 obj=1.4181853185194128e6 pinf=0.0 (0) dinf=2.679161287051122e11 (10472) time=268.314797197s
[ Info: iter=8400 obj=1.4181853185194128e6 pinf=0.0 (0) dinf=2.6791560196801852e11 (10470) time=268.400435797s
[ Info: iter=8406 obj=1.4181853185617276e6 pinf=0.0 (0) dinf=2.6104314354700595e11 (10473) time=268.5871537s
[ Info: iter=8407 obj=1.4181853185617276e6 pinf=0.0 (0) dinf=2.610926915799857e11 (10476) time=268.6701228s
[ Info: iter=8408 obj=1.4181853185617276e6 pinf=0.0 (0) dinf=2.6101715537625082e11 (10476) time=268.748639101s
[ Info: iter=8409 obj=1.4181853185617276e6 pinf=0.0 (0) dinf=2.6108654852836905e11 (10476) time=268.829349002s
[ Info: iter=8410 obj=1.4181853185617276e6 pinf=0.0 (0) dinf=2.6106254159122256e11 (10476) time=268.909361703s
[ Info: iter=8411 obj=1.4181853185617276e6 pinf=0.0 (0) dinf=2.6103952610926254e11 (10476) time=268.987513304s
[ Info: iter=8412 obj=1.4181853185617276e6 pinf=0.0 (0) dinf=2.6101715537625082e11 (10476) time=269.066109405s
[ Info: iter=8413 obj=1.4181853185617276e6 pinf=0.0 (0) dinf=2.6102068482518167e11 (10477) time=269.144049406s
[ Info: iter=8414 obj=1.4181853185617276e6 pinf=0.0 (0) dinf=2.6099851781341043e11 (10476) time=269.228926207s
[ Info: iter=8415 obj=1.4181853185617276e6 pinf=0.0 (0) dinf=2.6101715537625082e11 (10477) time=269.311232208s
[ Info: iter=8416 obj=1.4181853185617276e6 pinf=0.0 (0) dinf=2.6101715537625082e11 (10475) time=269.391787408s
[ Info: iter=8417 obj=1.4181853185617276e6 pinf=0.0 (0) dinf=2.610077843889681e11 (10472) time=269.470480909s
[ Info: iter=8418 obj=1.4181853185617276e6 pinf=0.0 (0) dinf=2.6101463131518222e11 (10474) time=269.55331601s
[ Info: iter=8419 obj=1.4181853185617276e6 pinf=0.0 (0) dinf=2.6128037391358475e11 (10475) time=269.635168211s
[ Info: iter=8420 obj=1.4181853185617276e6 pinf=0.0 (0) dinf=2.6111345233244205e11 (10475) time=269.718140512s
[ Info: iter=8421 obj=1.4181853185617276e6 pinf=0.0 (0) dinf=2.6111527511735403e11 (10476) time=269.799758413s
[ Info: iter=8422 obj=1.4181853185617276e6 pinf=0.0 (0) dinf=2.6111541163946048e11 (10476) time=269.883253514s
[ Info: iter=8423 obj=1.4181853185617276e6 pinf=0.0 (0) dinf=2.6111502142824323e11 (10475) time=269.968749515s
[ Info: iter=8426 obj=1.4181853185617276e6 pinf=0.0 (0) dinf=2.6096340557574982e11 (10483) time=270.056402216s
[ Info: iter=8427 obj=1.4181853185617276e6 pinf=0.0 (0) dinf=2.3335301851280252e11 (10502) time=270.140364717s
[ Info: iter=8428 obj=1.4181853185622143e6 pinf=0.0 (0) dinf=2.3333237640524536e11 (10501) time=270.221384218s
[ Info: iter=8429 obj=1.4181853185622143e6 pinf=0.0 (0) dinf=2.3300203576851154e11 (10500) time=270.305508019s
[ Info: iter=8430 obj=1.418185318562371e6 pinf=0.0 (0) dinf=2.3288705451557483e11 (10499) time=270.38724332s
[ Info: iter=8431 obj=1.418185318562371e6 pinf=0.0 (0) dinf=2.3255272829938467e11 (10499) time=270.47157622s
[ Info: iter=8432 obj=1.4181853185628038e6 pinf=0.0 (0) dinf=2.3226099533334167e11 (10498) time=270.556113621s
[ Info: iter=8433 obj=1.4181853185628038e6 pinf=0.0 (0) dinf=2.321963296836639e11 (10497) time=270.642525922s
[ Info: iter=8434 obj=1.4181853185628077e6 pinf=0.0 (0) dinf=2.3205777610327206e11 (10496) time=270.732293423s
[ Info: iter=8435 obj=1.418185318562847e6 pinf=0.0 (0) dinf=2.3192133332058633e11 (10495) time=270.818935524s
[ Info: iter=8436 obj=1.418185318562847e6 pinf=0.0 (0) dinf=2.3177492006108838e11 (10492) time=270.905015225s
[ Info: iter=8437 obj=1.418185318562847e6 pinf=0.0 (0) dinf=2.3262020037872095e11 (10495) time=270.990602626s
[ Info: iter=8439 obj=1.4181853185631684e6 pinf=0.0 (0) dinf=2.4102886898772076e11 (10494) time=271.089376127s
[ Info: iter=8442 obj=1.4181853186099553e6 pinf=1.0181921638673045e-7 (1) dinf=3.2660728805006165e11 (10569) time=271.225618129s
[ Info: iter=8443 obj=1.418185318609018e6 pinf=1.0178021085598764e-7 (1) dinf=3.261614443324632e11 (10590) time=271.32319943s
[ Info: iter=8444 obj=1.418185318608928e6 pinf=1.0177649019679768e-7 (1) dinf=3.258665737837897e11 (10594) time=271.413858131s
[ Info: iter=8445 obj=1.4181853186088714e6 pinf=1.0177411778981202e-7 (1) dinf=3.255568456011965e11 (10570) time=271.507889832s
[ Info: iter=8446 obj=1.4181853186078626e6 pinf=1.0173214538562222e-7 (1) dinf=3.2579041182897107e11 (10569) time=271.597838033s
[ Info: iter=8447 obj=1.4181853186078626e6 pinf=1.0173214538562222e-7 (1) dinf=2.9809175525749994e11 (10556) time=271.691375634s
[ Info: iter=8448 obj=1.4181853186078626e6 pinf=1.0173214538562222e-7 (1) dinf=2.9807093075230066e11 (10555) time=271.785843035s
[ Info: iter=8449 obj=1.4181853186078626e6 pinf=1.0173214538552413e-7 (1) dinf=2.950408007597053e11 (10556) time=271.877473636s
[ Info: iter=8450 obj=1.4181853186078626e6 pinf=1.017321453855e-7 (1) dinf=2.897138144923313e11 (10523) time=271.977325237s
[ Info: iter=8451 obj=1.4181853186078626e6 pinf=1.017321453855e-7 (1) dinf=2.8975818625776154e11 (10512) time=272.075652038s
[ Info: iter=8452 obj=1.4181853186078626e6 pinf=1.017321453855736e-7 (1) dinf=2.8768562761094763e11 (10516) time=272.180279839s
[ Info: iter=8453 obj=1.4181853186078626e6 pinf=1.017321453855736e-7 (1) dinf=2.8690932696713745e11 (10514) time=272.282615341s
[ Info: iter=8454 obj=1.4181853186078626e6 pinf=1.017321453855736e-7 (1) dinf=2.837212812684222e11 (10498) time=272.387107942s
[ Info: iter=8455 obj=1.4181853186078626e6 pinf=1.017321453855736e-7 (1) dinf=2.8364176848972394e11 (10504) time=272.494676743s
[ Info: iter=8456 obj=1.4181853186078626e6 pinf=1.017321453855736e-7 (1) dinf=2.832282984480857e11 (10501) time=272.601468244s
[ Info: iter=8457 obj=1.4181853186078626e6 pinf=1.017321453855736e-7 (1) dinf=2.8170294282800574e11 (10504) time=272.712538345s
[ Info: iter=8458 obj=1.4181853186078626e6 pinf=1.017321453855736e-7 (1) dinf=2.795817170793351e11 (10501) time=272.822541247s
[ Info: iter=8459 obj=1.4181853186078626e6 pinf=1.017321453855736e-7 (1) dinf=2.7953414778786115e11 (10499) time=272.932448948s
[ Info: iter=8460 obj=1.4181853186078626e6 pinf=1.017321453855736e-7 (1) dinf=2.790879424469187e11 (10496) time=273.040111449s
[ Info: iter=8461 obj=1.4181853186078626e6 pinf=1.017321453855736e-7 (1) dinf=2.7908705554016327e11 (10495) time=273.14928195s
[ Info: iter=8462 obj=1.4181853186078626e6 pinf=1.017321453855736e-7 (1) dinf=2.790668329095369e11 (10494) time=273.260379151s
[ Info: iter=8463 obj=1.4181853186078626e6 pinf=1.017321453855736e-7 (1) dinf=2.790641704673381e11 (10492) time=273.377649953s
[ Info: iter=8464 obj=1.4181853186078626e6 pinf=1.017321453855736e-7 (1) dinf=2.7887556206093854e11 (10489) time=273.487070254s
[ Info: iter=8465 obj=1.4181853186078626e6 pinf=1.0173214538562236e-7 (1) dinf=2.7963699472611334e11 (10484) time=273.596418455s
[ Info: iter=8466 obj=1.4181853186078626e6 pinf=1.0173214538562812e-7 (1) dinf=2.794977686311358e11 (10492) time=273.704063956s
[ Info: iter=8467 obj=1.4181853186078626e6 pinf=1.0173214538555439e-7 (1) dinf=2.793683899119323e11 (10494) time=273.814491758s
[ Info: iter=8468 obj=1.4181853186078626e6 pinf=1.0173214538560345e-7 (1) dinf=2.7944502941781085e11 (10495) time=273.924816559s
[ Info: iter=8469 obj=1.4181853186078626e6 pinf=1.0173214538560345e-7 (1) dinf=2.794098387011199e11 (10494) time=274.03662586s
[ Info: iter=8472 obj=1.4181853185926438e6 pinf=1.0109914198849267e-7 (1) dinf=2.7206529627707645e11 (10491) time=274.160150761s
[ Info: iter=8473 obj=1.4181853185926438e6 pinf=1.0109914198849267e-7 (1) dinf=2.721130514899819e11 (10490) time=274.269289963s
[ Info: iter=8474 obj=1.4181853185926438e6 pinf=1.0109914198849267e-7 (1) dinf=2.7192915611251547e11 (10489) time=274.383878264s
[ Info: iter=8475 obj=1.4181853185926438e6 pinf=1.0109914198844423e-7 (1) dinf=2.7192333170702438e11 (10487) time=274.495413465s
[ Info: iter=8476 obj=1.4181853185926438e6 pinf=1.0109914198837742e-7 (1) dinf=2.7188543056353656e11 (10494) time=274.607492466s
[ Info: iter=8477 obj=1.4181853185926438e6 pinf=1.0109914198837742e-7 (1) dinf=2.7740868195038605e11 (10512) time=274.719091968s
[ Info: iter=8478 obj=1.4181853185926438e6 pinf=1.0109914198837742e-7 (1) dinf=2.7159124090564087e11 (10488) time=274.832724369s
[ Info: iter=8479 obj=1.4181853186025312e6 pinf=1.0151056237030813e-7 (1) dinf=2.714391089129524e11 (10483) time=274.94359447s
[ Info: iter=8480 obj=1.4181853185926573e6 pinf=1.0109969080699644e-7 (1) dinf=2.7025688560969418e11 (10470) time=275.053112371s
[ Info: iter=8481 obj=1.4181853185926573e6 pinf=1.0109969080699644e-7 (1) dinf=2.7027068559075253e11 (10470) time=275.144389672s
[ Info: iter=8482 obj=1.4181853185926573e6 pinf=1.0109969080699644e-7 (1) dinf=2.7065265489458716e11 (10469) time=275.234996773s
[ Info: iter=8483 obj=1.4181853185926573e6 pinf=1.0109969080700427e-7 (1) dinf=2.7086983854152267e11 (10468) time=275.358585675s
[ Info: iter=8484 obj=1.4181853185926573e6 pinf=1.0109969080700427e-7 (1) dinf=2.7086732036398346e11 (10467) time=275.472329476s
[ Info: iter=8485 obj=1.4181853185926573e6 pinf=1.0109969080700427e-7 (1) dinf=2.7078448397560056e11 (10466) time=275.586311277s
[ Info: iter=8486 obj=1.4181853185926573e6 pinf=1.0109969080700427e-7 (1) dinf=2.7148377423621283e11 (10482) time=275.700879879s
[ Info: iter=8487 obj=1.4181853185926573e6 pinf=1.0109969080702857e-7 (1) dinf=2.7089444351450284e11 (10467) time=275.81555708s
[ Info: iter=8488 obj=1.4181853185926573e6 pinf=1.0109969080711632e-7 (1) dinf=2.7081998024165875e11 (10465) time=275.929920981s
[ Info: iter=8489 obj=1.4181853185926573e6 pinf=1.0109969080711632e-7 (1) dinf=2.7076605582837454e11 (10464) time=276.041403783s
[ Info: iter=8490 obj=1.4181853185926573e6 pinf=1.0109969080711632e-7 (1) dinf=2.7073876264396014e11 (10463) time=276.152734586s
[ Info: iter=8491 obj=1.4181853185926573e6 pinf=1.0109969080711632e-7 (1) dinf=2.7069778888571164e11 (10463) time=276.265110688s
[ Info: iter=8492 obj=1.4181853185926573e6 pinf=1.0109969339785911e-7 (1) dinf=2.70665315199811e11 (10468) time=276.376469791s
[ Info: iter=8493 obj=1.4181853185926573e6 pinf=1.0109969339785911e-7 (1) dinf=2.7064354415710742e11 (10467) time=276.488313693s
[ Info: iter=8494 obj=1.4181853185926573e6 pinf=1.0109969339785911e-7 (1) dinf=2.706188201496492e11 (10466) time=276.599616596s
[ Info: iter=8495 obj=1.4181853185926573e6 pinf=1.0109969339783459e-7 (1) dinf=2.7060584882898e11 (10465) time=276.715753399s
[ Info: iter=8496 obj=1.4181853185926573e6 pinf=1.0109969339783459e-7 (1) dinf=2.7059849280443253e11 (10464) time=276.826702201s
[ Info: iter=8497 obj=1.4181853185926573e6 pinf=1.0109969339783459e-7 (1) dinf=2.7049053777019638e11 (10460) time=276.949316404s
[ Info: iter=8498 obj=1.4181853185926573e6 pinf=1.0109969339783459e-7 (1) dinf=2.7049053776701532e11 (10460) time=277.072147607s
[ Info: iter=8499 obj=1.4181853185926573e6 pinf=1.0109969078553277e-7 (1) dinf=2.704527148282096e11 (10453) time=277.19525121s
[ Info: iter=8500 obj=1.4181853185926573e6 pinf=1.0109969078554775e-7 (1) dinf=2.707927265954034e11 (10453) time=277.318325113s
[ Info: iter=8501 obj=1.4181853185926573e6 pinf=1.0109969078553277e-7 (1) dinf=2.707945993351211e11 (10452) time=277.449685716s
[ Info: iter=8502 obj=1.4181853185926573e6 pinf=1.0109969340061034e-7 (1) dinf=2.7093286395226007e11 (10454) time=277.575122118s
[ Info: iter=8503 obj=1.4181853185926573e6 pinf=1.0109969078553277e-7 (1) dinf=2.7079173014811148e11 (10450) time=277.702152221s
[ Info: iter=8504 obj=1.4181853185881767e6 pinf=1.0091328583618509e-7 (1) dinf=2.7230767719775116e11 (10452) time=277.830083024s
[ Info: iter=8505 obj=1.4181853185949863e6 pinf=1.0119658957361288e-7 (1) dinf=2.7135788848370743e11 (10460) time=277.948477227s
[ Info: iter=8506 obj=1.4181853185949863e6 pinf=1.0119658957361288e-7 (1) dinf=2.7135743974650024e11 (10460) time=278.07844423s
[ Info: iter=8507 obj=1.4181853185949863e6 pinf=1.0119658957361288e-7 (1) dinf=2.7135687844205832e11 (10459) time=278.205775533s
[ Info: iter=8508 obj=1.4181853185949863e6 pinf=1.0119658957361288e-7 (1) dinf=2.713548333064977e11 (10458) time=278.332657936s
[ Info: iter=8509 obj=1.4181853185949863e6 pinf=1.0119658957361288e-7 (1) dinf=2.713523000828619e11 (10458) time=278.463023939s
[ Info: iter=8510 obj=1.4181853185949863e6 pinf=1.0119658957361288e-7 (1) dinf=2.7135145298579272e11 (10458) time=278.588030642s
[ Info: iter=8511 obj=1.4181853185949863e6 pinf=1.0119658957361288e-7 (1) dinf=2.713515108919844e11 (10457) time=278.714997045s
[ Info: iter=8512 obj=1.4181853185949863e6 pinf=1.0119658957361288e-7 (1) dinf=2.7135042770778104e11 (10457) time=278.846631548s
[ Info: iter=8513 obj=1.4181853185949863e6 pinf=1.0119658957361288e-7 (1) dinf=2.713504276950528e11 (10451) time=278.975422051s
[ Info: iter=8514 obj=1.4181853185949863e6 pinf=1.0119658957361288e-7 (1) dinf=2.7135042769432416e11 (10449) time=279.101806754s
[ Info: iter=8515 obj=1.4181853185949863e6 pinf=1.0119658957361288e-7 (1) dinf=2.7237666812877405e11 (10449) time=279.227489256s
[ Info: iter=8516 obj=1.4181853185949863e6 pinf=1.0119658957361288e-7 (1) dinf=2.7238455583396106e11 (10450) time=279.357514759s
[ Info: iter=8517 obj=1.4181853185949863e6 pinf=1.0119658957361288e-7 (1) dinf=2.723608927137468e11 (10449) time=279.494696663s
[ Info: iter=8518 obj=1.4181853185949863e6 pinf=1.0119658957361288e-7 (1) dinf=2.7236878041631268e11 (10449) time=279.630057566s
[ Info: iter=8519 obj=1.4181853185949863e6 pinf=1.0119658957361288e-7 (1) dinf=2.7237114160503436e11 (10448) time=279.759306569s
[ Info: iter=8520 obj=1.4181853185949863e6 pinf=1.0119658957361288e-7 (1) dinf=2.72347376956351e11 (10456) time=279.912368472s
[ Info: iter=8521 obj=1.4181853185949863e6 pinf=1.0119658957361288e-7 (1) dinf=2.72334809404334e11 (10454) time=280.061845576s
[ Info: iter=8522 obj=1.4181853185949863e6 pinf=1.0119658957361288e-7 (1) dinf=2.7232091342437042e11 (10449) time=280.210937779s
[ Info: iter=8523 obj=1.4181853185949863e6 pinf=1.0119658957361288e-7 (1) dinf=2.7232091342437042e11 (10448) time=280.367899383s
[ Info: iter=8524 obj=1.4181853185949863e6 pinf=1.0119658957361288e-7 (1) dinf=2.7232091342437042e11 (10447) time=280.524680286s
[ Info: iter=8525 obj=1.4181853185949863e6 pinf=1.0119658957361288e-7 (1) dinf=2.723190810785859e11 (10447) time=280.69030209s
[ Info: iter=8526 obj=1.4181853185949863e6 pinf=1.0119658957361288e-7 (1) dinf=2.723176709421141e11 (10447) time=280.862595194s
[ Info: iter=8527 obj=1.4181853185949863e6 pinf=1.0119658957361288e-7 (1) dinf=2.723176709421141e11 (10446) time=281.029496498s
[ Info: iter=8528 obj=1.4181853185949863e6 pinf=1.0119658957361288e-7 (1) dinf=2.7231617384305286e11 (10445) time=281.198628802s
[ Info: iter=8529 obj=1.4181853185949863e6 pinf=1.0119658957361288e-7 (1) dinf=2.7231609888784537e11 (10444) time=281.365685806s
[ Info: iter=8530 obj=1.4181853185949863e6 pinf=1.0119658957361288e-7 (1) dinf=2.7231682597558224e11 (10445) time=281.54215381s
[ Info: iter=8531 obj=1.4181853185949863e6 pinf=1.0119658957361288e-7 (1) dinf=2.7231529440880383e11 (10443) time=281.712733114s
[ Info: iter=8532 obj=1.4181853185949863e6 pinf=1.0119658957361288e-7 (1) dinf=2.7231517127241534e11 (10443) time=281.881971618s
[ Info: iter=8533 obj=1.4181853185949863e6 pinf=1.0119658957361288e-7 (1) dinf=2.723150527422508e11 (10443) time=282.055827522s
[ Info: iter=8534 obj=1.4181853185949863e6 pinf=1.0119658957361288e-7 (1) dinf=2.723148853826604e11 (10441) time=282.224026726s
[ Info: iter=8535 obj=1.4181853185949863e6 pinf=1.0119658957361288e-7 (1) dinf=2.72314857721227e11 (10441) time=282.39826323s
[ Info: iter=8536 obj=1.418185318594759e6 pinf=1.0118713934241976e-7 (1) dinf=2.7232286093270956e11 (10444) time=282.579529834s
[ Info: iter=8537 obj=1.418185318594759e6 pinf=1.0118713934241976e-7 (1) dinf=2.7232292713535638e11 (10445) time=282.763831238s
[ Info: iter=8538 obj=1.4181853185972369e6 pinf=1.0129020468501703e-7 (1) dinf=2.7374971138870248e11 (10449) time=282.946623842s
[ Info: iter=8539 obj=1.4181853185972369e6 pinf=1.0129020468501703e-7 (1) dinf=2.7374991435215143e11 (10447) time=283.131466646s
[ Info: iter=8540 obj=1.418185318598517e6 pinf=1.0134348293908178e-7 (1) dinf=2.7374924435647025e11 (10448) time=283.339700651s
[ Info: iter=8541 obj=1.418185318598517e6 pinf=1.0134348293908178e-7 (1) dinf=2.7374886962611163e11 (10447) time=283.544750456s
[ Info: iter=8542 obj=1.418185318598517e6 pinf=1.0134348293908178e-7 (1) dinf=2.7375542150431116e11 (10447) time=283.755397061s
[ Info: iter=8543 obj=1.418185318598517e6 pinf=1.0134348293908178e-7 (1) dinf=2.737553213759216e11 (10447) time=283.962941866s
[ Info: iter=8544 obj=1.418185318598517e6 pinf=1.0134348293908178e-7 (1) dinf=2.7375431619964066e11 (10443) time=284.17103297s
[ Info: iter=8545 obj=1.418185318598517e6 pinf=1.0134348293908178e-7 (1) dinf=2.7375420105921085e11 (10443) time=284.384262475s
[ Info: iter=8546 obj=1.418185318598517e6 pinf=1.0134348293908178e-7 (1) dinf=2.7375204143096024e11 (10444) time=284.602993479s
[ Info: iter=8547 obj=1.418185318598517e6 pinf=1.0134348293908178e-7 (1) dinf=2.737520414295239e11 (10444) time=284.825701484s
[ Info: iter=8548 obj=1.418185318598517e6 pinf=1.0134348293908178e-7 (1) dinf=2.7375165422801028e11 (10443) time=285.046786689s
[ Info: iter=8549 obj=1.418185318598517e6 pinf=1.0134348293908178e-7 (1) dinf=2.7374936741626593e11 (10443) time=285.279180993s
[ Info: iter=8550 obj=1.418185318598517e6 pinf=1.0134348293908178e-7 (1) dinf=2.7374936741502692e11 (10443) time=285.504208298s
[ Info: iter=8551 obj=1.418185318598517e6 pinf=1.0134348293908178e-7 (1) dinf=2.7374936741429837e11 (10443) time=285.739461603s
[ Info: iter=8552 obj=1.4181853185976064e6 pinf=1.0130559157274983e-7 (1) dinf=2.747616875543913e11 (10470) time=285.978989508s
[ Info: iter=8553 obj=1.4181853185976064e6 pinf=1.0130559157274983e-7 (1) dinf=2.742479461938429e11 (10468) time=286.203099113s
[ Info: iter=8554 obj=1.4181853185975556e6 pinf=1.0130347693825789e-7 (1) dinf=2.7436321731900308e11 (10467) time=286.438254118s
[ Info: iter=8555 obj=1.418185318597549e6 pinf=1.0130320332065374e-7 (1) dinf=2.7437995299644318e11 (10466) time=286.667430423s
[ Info: iter=8556 obj=1.4181853185975454e6 pinf=1.0130305851023375e-7 (1) dinf=2.7438164702511707e11 (10456) time=286.901229628s
[ Info: iter=8557 obj=1.4181853185975424e6 pinf=1.0130292071713013e-7 (1) dinf=2.7438156119275217e11 (10455) time=287.132464733s
[ Info: iter=8558 obj=1.4181853185975386e6 pinf=1.0130277126118035e-7 (1) dinf=2.743814680954563e11 (10454) time=287.364803738s
[ Info: iter=8559 obj=1.418185318597535e6 pinf=1.0130260868506755e-7 (1) dinf=2.743813667700319e11 (10453) time=287.594291242s
[ Info: iter=8560 obj=1.418185318597531e6 pinf=1.0130246416867354e-7 (1) dinf=2.7437846129639105e11 (10452) time=287.836896448s
[ Info: iter=8561 obj=1.4181853185975272e6 pinf=1.0130231230520344e-7 (1) dinf=2.7437501208966165e11 (10451) time=288.069966952s
[ Info: iter=8562 obj=1.418185318597524e6 pinf=1.0130216538874343e-7 (1) dinf=2.7436999392033322e11 (10450) time=288.303171157s
[ Info: iter=8563 obj=1.418185318597521e6 pinf=1.0130203475040297e-7 (1) dinf=2.7436264416280054e11 (10449) time=288.544489862s
[ Info: iter=8564 obj=1.4181853185975184e6 pinf=1.0130193377297916e-7 (1) dinf=2.7435223738027475e11 (10448) time=288.777477467s
[ Info: iter=8565 obj=1.4181853185976266e6 pinf=1.0130645233610461e-7 (1) dinf=2.742818754787099e11 (10443) time=289.011024272s
[ Info: iter=8566 obj=1.4181853185976266e6 pinf=1.0130645233610461e-7 (1) dinf=2.7426415388506616e11 (10442) time=289.242826677s
[ Info: iter=8567 obj=1.418185318596559e6 pinf=1.0126201550553459e-7 (1) dinf=2.7465475141387387e11 (10444) time=289.474808982s
[ Info: iter=8568 obj=1.4181853186068363e6 pinf=1.0168958109387243e-7 (1) dinf=2.755361015165806e11 (10441) time=289.707961187s
[ Info: iter=8569 obj=1.4181853186068363e6 pinf=1.0168958109387243e-7 (1) dinf=2.7544023290260596e11 (10448) time=289.948610892s
[ Info: iter=8570 obj=1.4181853186068363e6 pinf=1.0168958109387243e-7 (1) dinf=2.7538570932232935e11 (10447) time=290.183578197s
[ Info: iter=8571 obj=1.4181853186068363e6 pinf=1.0168958109387243e-7 (1) dinf=2.7482591397216013e11 (10440) time=290.425039202s
[ Info: iter=8572 obj=1.4181853186068365e6 pinf=1.0168958420147862e-7 (1) dinf=2.7499904878779596e11 (10446) time=290.724979509s
[ Info: iter=8573 obj=1.4181853186068365e6 pinf=1.0168958420147862e-7 (1) dinf=2.750113619999036e11 (10447) time=291.014732615s
[ Info: iter=8574 obj=1.4181853186068365e6 pinf=1.0168958420147862e-7 (1) dinf=2.750236752120113e11 (10448) time=291.307949621s
[ Info: iter=8575 obj=1.4181853186068365e6 pinf=1.0168958420147862e-7 (1) dinf=2.7503598842411896e11 (10449) time=291.599632927s
[ Info: iter=8576 obj=1.4181853186068365e6 pinf=1.0168958420147862e-7 (1) dinf=2.7498999018154706e11 (10445) time=291.899816333s
[ Info: iter=8577 obj=1.4181853186069569e6 pinf=1.0169457727274939e-7 (1) dinf=2.749868920000748e11 (10444) time=292.200205946s
[ Info: iter=8578 obj=1.4181853186069569e6 pinf=1.0169457416511301e-7 (1) dinf=2.7434977704650815e11 (10439) time=292.500667764s
[ Info: iter=8579 obj=1.4181853186069569e6 pinf=1.0169457416511301e-7 (1) dinf=2.742969732286874e11 (10438) time=292.862612684s
[ Info: iter=8580 obj=1.4181853186069569e6 pinf=1.0169457416511301e-7 (1) dinf=2.7433873788769894e11 (10439) time=293.221251405s
[ Info: iter=8581 obj=1.4181853186069569e6 pinf=1.0169457416511301e-7 (1) dinf=2.742969732286874e11 (10438) time=293.585977226s
[ Info: iter=8582 obj=1.4181853186069569e6 pinf=1.0169457416511301e-7 (1) dinf=2.742969732286874e11 (10438) time=293.964817147s
[ Info: iter=8583 obj=1.4181853186069569e6 pinf=1.0169457416511301e-7 (1) dinf=2.742969732286874e11 (10438) time=294.328645968s
[ Info: iter=8584 obj=1.4181853186062756e6 pinf=1.0166625556035779e-7 (1) dinf=2.7433610125812686e11 (10440) time=294.692572489s
[ Info: iter=8586 obj=1.4181853186015282e6 pinf=1.0146867709725656e-7 (1) dinf=2.7432608463705292e11 (10438) time=295.101611412s
[ Info: iter=8587 obj=1.418185318601715e6 pinf=1.0147645690934448e-7 (1) dinf=2.7428392876162112e11 (10439) time=295.489384434s
[ Info: iter=8588 obj=1.4181853186021259e6 pinf=1.0149354334434086e-7 (1) dinf=2.7463910575115063e11 (10438) time=295.894310658s
[ Info: iter=8589 obj=1.4181853184873867e6 pinf=0.0 (0) dinf=2.7494509428087e11 (10440) time=296.28421848s
[ Info: iter=8590 obj=1.4181853185629293e6 pinf=0.0 (0) dinf=2.746926948885056e11 (10440) time=296.393857686s
[ Info: iter=8592 obj=1.4181853185629293e6 pinf=0.0 (0) dinf=2.737808877447974e11 (10439) time=296.6399288s
[ Info: iter=8655 obj=1.4181853185657107e6 pinf=0.0 (0) dinf=2.679592588369064e11 (10464) time=297.146668929s
[ Info: iter=8656 obj=1.4181853185657107e6 pinf=0.0 (0) dinf=2.6576077309355548e11 (10459) time=297.530113351s
[ Info: iter=8657 obj=1.4181853185657107e6 pinf=0.0 (0) dinf=2.6571343172804245e11 (10453) time=297.917809873s
[ Info: iter=8658 obj=1.4181853185657107e6 pinf=0.0 (0) dinf=2.6555750381029663e11 (10456) time=298.310189796s
[ Info: iter=8659 obj=1.4181853185657107e6 pinf=0.0 (0) dinf=2.6555746715135907e11 (10456) time=298.537111408s
[ Info: iter=8660 obj=1.4181853185657107e6 pinf=0.0 (0) dinf=2.6535490201202505e11 (10459) time=298.932060031s
[ Info: iter=8661 obj=1.4181853185657107e6 pinf=0.0 (0) dinf=2.6535488701279105e11 (10459) time=299.155872244s
[ Info: iter=8662 obj=1.4181853185657107e6 pinf=0.0 (0) dinf=2.6473169434978488e11 (10458) time=299.550870466s
[ Info: iter=8663 obj=1.4181853185657107e6 pinf=0.0 (0) dinf=2.647332386714136e11 (10459) time=299.774914979s
[ Info: Solve finished: status=TIME_LIMIT reason=time limit reached iterations=8664 time=300.000177292s
SNAPSHOT .superpowers/primal-stability/bg-full-bartels_golub.toml.1.time_limit.bin
FINAL Dict{String, Any}("kernel_seconds" => Dict("pricing" => 55.283636077, "refactorization" => 9.971596569, "ftran" => 23.553217928, "btran" => 11.031038656), "time_limit" => 300.0, "source_revision" => "35d93473b8f0af356a0196795c47c1ca9290b905", "snapshots" => [".superpowers/primal-stability/bg-full-bartels_golub.toml.1.time_limit.bin"], "backend" => "native", "trace_enabled" => false, "counts" => Dict("refactor_residual" => 792, "primal_point_preserved" => 358, "correction_attempt" => 110, "checkpoint" => 1, "correction" => 106, "pricing_scanned_entries" => 8174201583, "refactor_other" => 1, "pivot_completed" => 8664, "pivot_rejected" => 119882, "pricing_full_scan" => 130497, "pricing" => 130497, "refactor_initial" => 2, "refactor_pivot" => 1158, "pricing_scored_entries" => 1447900077, "refactor_limit" => 73, "pivot_proposed" => 130497, "phase_one" => 1), "last_step" => 0.0, "blas_config" => "LBTConfig([ILP64] libopenblas64_.so)", "interval" => 80, "phase_one_artificial_entries" => 0, "phases" => Dict{String, Any}[Dict("iteration" => 0, "columns" => 34186, "rows" => 28453, "phase" => "phase_one")], "source_path" => "/home/jspitz/JSimplex.jl/.worktrees/primal-runtime-stability/src/JSimplex.jl", "julia_threads" => 1, "input_sha256" => "d0ac16e1a52a7d3411cbac28616bba9d3beb0c0edbdb2d72ab0477ce075f6c68", "kernel_calls" => Dict("pricing" => 130497, "refactorization" => 2024, "ftran" => 143963, "btran" => 92486), "package_version" => "0.5.0", "working_directory" => "/home/jspitz/JSimplex.jl/.worktrees/primal-runtime-stability", "refactorizations" => 2024, "seconds" => 300.000177292, "rounding_scale_pivots" => 0, "package_git_revision" => "unavailable", "pricing" => "steepest_edge", "last_primal_infeasibility" => 0.0, "last_working_objective" => 605524.4037375662, "architecture" => "aarch64", "blas_threads" => 1, "active_project" => "/home/jspitz/JSimplex.jl/.worktrees/primal-runtime-stability/Project.toml", "cpu_threads" => 18, "zero_steps" => 7476, "julia" => "1.13.0", "algorithm" => "primal", "strategy" => "legacy", "package_tree_hash" => "unavailable", "iterations" => 8664, "manager" => "bartels_golub", "status" => "TIME_LIMIT", "source_sha256" => Dict("primal_simplex.jl" => "de166a9b74f0438e70c4ddfd296d13d6365da600f3babfce7f13456e23dbd8d3", "simplex_numerics.jl" => "89984ed2d500ea6375aa520cb722f4aba430b810339e7830230926f51661e995", "legacy_primal_point.jl" => "0e6513e8415f20df738127608ac0dd344c0d1333057ddc82c42ed7b07fae695d", "legacy_primal_pivot.jl" => "dde642e0c5f15fcac4dad06d7a72e8e2e09cd253e3a8cf56d7ed7a26553f4043"), "message" => "time limit reached")
