PHASE Dict{String, Any}("iteration" => 0, "columns" => 34186, "rows" => 28453, "phase" => "phase_one")
PROGRESS iter=1000 refs=13 pinf=0.0 working_objective=605736.1552120332
PROGRESS iter=2000 refs=25 pinf=0.0 working_objective=605597.4047789848
PROGRESS iter=3000 refs=39 pinf=0.0 working_objective=605519.502530759
PROGRESS iter=4000 refs=256 pinf=0.0 working_objective=605519.5025307627
PROGRESS iter=5000 refs=268 pinf=0.0 working_objective=605519.5025259011
[ Info: Loaded problem: rows=43021 columns=47148 nnz=277210
[ Info: Starting presolve
[ Info: After presolve: rows=28453 columns=31615 nnz=211789
[ Info: iter=0 obj=1.2522206406563444e6 pinf=0.0 (0) dinf=12288.550456887204 (11330) time=2.217304816s
[ Info: iter=80 obj=1.2522206406563444e6 pinf=0.0 (0) dinf=36314.16836263747 (11279) time=2.542125719s
[ Info: iter=160 obj=1.2631118905179026e6 pinf=0.0 (0) dinf=20318.10622356058 (11212) time=2.69287172s
[ Info: iter=240 obj=1.3081914597255755e6 pinf=0.0 (0) dinf=12933.727267866876 (11235) time=2.846351026s
[ Info: iter=320 obj=1.3457333563381066e6 pinf=0.0 (0) dinf=13377.506131293832 (11160) time=2.996571433s
[ Info: iter=400 obj=1.3653720479727911e6 pinf=0.0 (0) dinf=14946.893727017128 (11094) time=3.154401441s
[ Info: iter=480 obj=1.3679359060446834e6 pinf=0.0 (0) dinf=51329.5148897361 (11036) time=3.309770548s
[ Info: iter=560 obj=1.3679359060446837e6 pinf=0.0 (0) dinf=141679.6856061265 (11011) time=3.466093656s
[ Info: iter=640 obj=1.367984980364754e6 pinf=0.0 (0) dinf=22541.225420452003 (11095) time=3.618652963s
[ Info: iter=720 obj=1.367984980364754e6 pinf=0.0 (0) dinf=136817.71944426256 (11115) time=3.77139427s
[ Info: iter=800 obj=1.380798629860655e6 pinf=0.0 (0) dinf=63042.92003440201 (11036) time=3.933825278s
[ Info: iter=880 obj=1.380798629860655e6 pinf=0.0 (0) dinf=3.931943993490548e7 (11026) time=4.102369186s
[ Info: iter=960 obj=1.380798629860655e6 pinf=0.0 (0) dinf=7.27703141289962e7 (11016) time=4.269472294s
[ Info: iter=1040 obj=1.3807986298606633e6 pinf=0.0 (0) dinf=4.9494402198528334e7 (10984) time=4.456995503s
[ Info: iter=1120 obj=1.3999100923511186e6 pinf=0.0 (0) dinf=63584.653443651645 (10932) time=4.710369115s
[ Info: iter=1200 obj=1.3999100923511186e6 pinf=0.0 (0) dinf=70020.30425653 (10906) time=4.873467823s
[ Info: iter=1280 obj=1.3999100923511186e6 pinf=0.0 (0) dinf=68259.40663563627 (10938) time=5.033650331s
[ Info: iter=1360 obj=1.3999100923511186e6 pinf=0.0 (0) dinf=66735.87918521694 (10895) time=5.193827939s
[ Info: iter=1440 obj=1.399910100183754e6 pinf=0.0 (0) dinf=100204.84221453553 (10905) time=5.355294546s
[ Info: iter=1520 obj=1.3999101113027628e6 pinf=0.0 (0) dinf=315051.94278760476 (11000) time=5.520424454s
[ Info: iter=1600 obj=1.3999354537650147e6 pinf=0.0 (0) dinf=324825.64286688407 (11041) time=5.681607862s
[ Info: iter=1680 obj=1.3999354537650147e6 pinf=0.0 (0) dinf=314628.1866714129 (11069) time=5.84790277s
[ Info: iter=1760 obj=1.4017914929956803e6 pinf=0.0 (0) dinf=329119.0362530043 (11066) time=6.022006478s
[ Info: iter=1840 obj=1.4017914952475308e6 pinf=0.0 (0) dinf=326827.84342167113 (11095) time=6.189833486s
[ Info: iter=1920 obj=1.401800077601248e6 pinf=0.0 (0) dinf=335265.31022272207 (11137) time=6.353139194s
[ Info: iter=2000 obj=1.404101448240344e6 pinf=0.0 (0) dinf=3.637668341268538e6 (11064) time=6.527669102s
[ Info: iter=2080 obj=1.404101448240344e6 pinf=0.0 (0) dinf=3.6415989735069275e6 (11122) time=8.531553699s
[ Info: iter=2160 obj=1.404101448240344e6 pinf=0.0 (0) dinf=3.6393005162622486e6 (11098) time=10.971280008s
[ Info: iter=2240 obj=1.404101448240344e6 pinf=0.0 (0) dinf=3.6897124549199976e6 (11114) time=13.066750643s
[ Info: iter=2320 obj=1.404101448240344e6 pinf=0.0 (0) dinf=3.69507768564272e6 (11052) time=15.773990387s
[ Info: iter=2400 obj=1.4181169199452198e6 pinf=0.0 (0) dinf=3.695255508964927e6 (11068) time=17.521513816s
[ Info: iter=2480 obj=1.4181169199452198e6 pinf=0.0 (0) dinf=3.6910694945962783e6 (11048) time=19.060369856s
[ Info: iter=2560 obj=1.4181169576246282e6 pinf=0.0 (0) dinf=3.6899890400173324e6 (10995) time=19.769781801s
[ Info: iter=2640 obj=1.4190800081557855e6 pinf=0.0 (0) dinf=4.490363384178973e6 (10982) time=20.766880764s
[ Info: iter=2720 obj=1.4190800085281087e6 pinf=0.0 (0) dinf=1.3085945544411002e6 (11025) time=20.937258475s
[ Info: iter=2800 obj=1.4190800085281087e6 pinf=0.0 (0) dinf=1.7366718948619093e6 (10967) time=21.103343986s
[ Info: iter=2880 obj=1.4190800085281231e6 pinf=0.0 (0) dinf=1.1334511362042291e8 (10960) time=21.359547302s
[ Info: iter=2921 obj=1.4190800085281574e6 pinf=0.0 (0) dinf=4.158101981122079e8 (10967) time=22.622252083s
[ Info: iter=2968 obj=1.4190800085569762e6 pinf=0.0 (0) dinf=4.225626517038707e8 (11010) time=24.117580178s
[ Info: iter=3048 obj=1.4190800085570787e6 pinf=0.0 (0) dinf=1.434741658717334e6 (11008) time=25.399536359s
[ Info: iter=3072 obj=1.4190800085569266e6 pinf=0.0 (0) dinf=1.4473314696635425e6 (11002) time=26.0396379s
[ Info: iter=3073 obj=1.4190800085569266e6 pinf=0.0 (0) dinf=1.4474725079194296e6 (11002) time=26.095731904s
[ Info: iter=3074 obj=1.4190800085569266e6 pinf=0.0 (0) dinf=1.4475703666214284e6 (11005) time=26.147921807s
[ Info: iter=3075 obj=1.4190800085569266e6 pinf=0.0 (0) dinf=1.446377749591184e6 (11004) time=26.19904361s
[ Info: iter=3076 obj=1.4190800085569266e6 pinf=0.0 (0) dinf=1.4464402028268154e6 (11007) time=26.250761214s
[ Info: iter=3077 obj=1.4190800085569266e6 pinf=0.0 (0) dinf=1.445633359260638e6 (11006) time=26.302390617s
[ Info: iter=3078 obj=1.4190800085569266e6 pinf=0.0 (0) dinf=1.4454023702556707e6 (11004) time=26.35687572s
[ Info: iter=3079 obj=1.4190800085569266e6 pinf=0.0 (0) dinf=1.4451690272054563e6 (11002) time=26.410519824s
[ Info: iter=3080 obj=1.4190800085569266e6 pinf=0.0 (0) dinf=1.4543195852086267e6 (11003) time=26.462459027s
[ Info: iter=3081 obj=1.4190800085569266e6 pinf=0.0 (0) dinf=1.4542199146646953e6 (11001) time=26.51459963s
[ Info: iter=3082 obj=1.4190800085569266e6 pinf=0.0 (0) dinf=1.4543946522107197e6 (11001) time=26.569109634s
[ Info: iter=3083 obj=1.4190800085569266e6 pinf=0.0 (0) dinf=1.4543958618394677e6 (11002) time=26.624264937s
[ Info: iter=3084 obj=1.4190800085569266e6 pinf=0.0 (0) dinf=1.4521284743930816e6 (11000) time=26.686849741s
[ Info: iter=3085 obj=1.4190800085569266e6 pinf=0.0 (0) dinf=1.4510046634227398e6 (10999) time=26.739839545s
[ Info: iter=3086 obj=1.4190800085569266e6 pinf=0.0 (0) dinf=1.447613465006012e6 (10996) time=26.792211045s
[ Info: iter=3089 obj=1.4190800085569266e6 pinf=0.0 (0) dinf=1.4417048542963704e6 (10998) time=26.880351342s
[ Info: iter=3091 obj=1.4190800085569266e6 pinf=0.0 (0) dinf=1.442992629703538e6 (10998) time=26.934634639s
[ Info: iter=3094 obj=1.4190800085569266e6 pinf=0.0 (0) dinf=1.4428475890376791e6 (10996) time=27.015145836s
[ Info: iter=3095 obj=1.4190800085569266e6 pinf=0.0 (0) dinf=1.4428355432874153e6 (10992) time=27.070926933s
[ Info: iter=3096 obj=1.4190800085569266e6 pinf=0.0 (0) dinf=1.4427103287532022e6 (10990) time=27.123301331s
[ Info: iter=3097 obj=1.4190800085569266e6 pinf=0.0 (0) dinf=1.4428304739200994e6 (10988) time=27.175645229s
[ Info: iter=3098 obj=1.4190800085569266e6 pinf=0.0 (0) dinf=1.4422078992423543e6 (10985) time=27.228766627s
[ Info: iter=3099 obj=1.4190800085569266e6 pinf=0.0 (0) dinf=1.4428265100744038e6 (10984) time=27.287908624s
[ Info: iter=3100 obj=1.4190800085569266e6 pinf=0.0 (0) dinf=1.457243287512254e6 (10995) time=27.339421322s
[ Info: iter=3101 obj=1.4190800085569266e6 pinf=0.0 (0) dinf=1.4548241656984964e6 (10986) time=27.39188452s
[ Info: iter=3102 obj=1.4190800085569266e6 pinf=0.0 (0) dinf=1.4597131577481462e6 (10997) time=27.440284717s
[ Info: iter=3103 obj=1.4190800085569266e6 pinf=0.0 (0) dinf=1.4546021614784205e6 (10997) time=27.487773715s
[ Info: iter=3104 obj=1.4190800085569266e6 pinf=0.0 (0) dinf=1.4539322666534758e6 (10994) time=27.537034913s
[ Info: iter=3105 obj=1.4190800085569266e6 pinf=0.0 (0) dinf=1.4532623718285316e6 (10991) time=27.587870111s
[ Info: iter=3106 obj=1.4190800085569266e6 pinf=0.0 (0) dinf=1.470726478672166e6 (10991) time=27.637880009s
[ Info: iter=3107 obj=1.4190800085569266e6 pinf=0.0 (0) dinf=1.470696104396806e6 (10991) time=27.688077807s
[ Info: iter=3108 obj=1.4190800085569266e6 pinf=0.0 (0) dinf=1.4811694112631052e6 (10990) time=27.738080905s
[ Info: iter=3109 obj=1.4190800085569266e6 pinf=0.0 (0) dinf=1.4811664112631052e6 (10987) time=27.789589002s
[ Info: iter=3110 obj=1.4190800085569266e6 pinf=0.0 (0) dinf=1.4811634112631055e6 (10984) time=27.8412836s
[ Info: iter=3111 obj=1.4190800085569266e6 pinf=0.0 (0) dinf=1.4811604112631055e6 (10981) time=27.892240598s
[ Info: iter=3112 obj=1.4190800085569266e6 pinf=0.0 (0) dinf=1.4811574112631057e6 (10978) time=27.944427096s
[ Info: iter=3113 obj=1.4190800085569266e6 pinf=0.0 (0) dinf=1.5048138138651138e6 (10985) time=27.999971693s
[ Info: iter=3114 obj=1.4190800085569266e6 pinf=0.0 (0) dinf=1.5149522721231168e6 (10988) time=28.051249591s
[ Info: iter=3115 obj=1.4190800085569266e6 pinf=0.0 (0) dinf=1.5363556840011224e6 (10998) time=28.101446889s
[ Info: iter=3117 obj=1.4190800085569266e6 pinf=0.0 (0) dinf=1.536655558035025e6 (11006) time=28.171261086s
[ Info: iter=3118 obj=1.4190800085569266e6 pinf=0.0 (0) dinf=1.536437846157195e6 (11004) time=28.221177984s
[ Info: iter=3119 obj=1.4190800085569266e6 pinf=0.0 (0) dinf=1.5362201342793652e6 (11002) time=28.269741882s
[ Info: iter=3120 obj=1.4190800085569266e6 pinf=0.0 (0) dinf=1.5360024224015353e6 (11000) time=28.32190878s
[ Info: iter=3121 obj=1.4190800085569266e6 pinf=0.0 (0) dinf=1.5357847105237055e6 (10998) time=28.370762177s
[ Info: iter=3122 obj=1.4190800085569266e6 pinf=0.0 (0) dinf=1.5355669986458756e6 (10996) time=28.420234675s
[ Info: iter=3123 obj=1.4190800085569266e6 pinf=0.0 (0) dinf=1.5353492867680457e6 (10994) time=28.468178673s
[ Info: iter=3124 obj=1.4190800085569266e6 pinf=0.0 (0) dinf=1.5352024498538412e6 (10993) time=28.519037371s
[ Info: iter=3125 obj=1.4190800085569266e6 pinf=0.0 (0) dinf=1.5351313449948968e6 (10992) time=28.568575669s
[ Info: iter=3126 obj=1.4190800085569266e6 pinf=0.0 (0) dinf=1.5328783542708962e6 (10991) time=28.617215467s
[ Info: iter=3127 obj=1.4190800085569266e6 pinf=0.0 (0) dinf=1.5509102800629016e6 (10998) time=28.665597265s
[ Info: iter=3128 obj=1.4190800085569266e6 pinf=0.0 (0) dinf=1.5696634146073817e6 (11005) time=28.725523162s
[ Info: iter=3129 obj=1.4190800085569266e6 pinf=0.0 (0) dinf=1.5876953403993843e6 (11012) time=28.78311506s
[ Info: iter=3130 obj=1.4190800085569266e6 pinf=0.0 (0) dinf=1.583187358951383e6 (11009) time=28.832948558s
[ Info: iter=3131 obj=1.4190800085569266e6 pinf=0.0 (0) dinf=1.5786793775033813e6 (11006) time=28.881458955s
[ Info: iter=3132 obj=1.4190800085569266e6 pinf=0.0 (0) dinf=1.5735894173316325e6 (11003) time=28.933430653s
[ Info: iter=3133 obj=1.4190800085569266e6 pinf=0.0 (0) dinf=1.584859370951633e6 (11007) time=28.987186251s
[ Info: iter=3134 obj=1.4190800085569266e6 pinf=0.0 (0) dinf=1.578097398779634e6 (11003) time=29.038902549s
[ Info: iter=3135 obj=1.4190800085569266e6 pinf=0.0 (0) dinf=1.5713354266076316e6 (10999) time=29.087382247s
[ Info: iter=3136 obj=1.4190800085569266e6 pinf=0.0 (0) dinf=1.5645734544356295e6 (10995) time=29.138147644s
[ Info: iter=3137 obj=1.4190800085569266e6 pinf=0.0 (0) dinf=1.557811482263628e6 (10991) time=29.188945242s
[ Info: iter=3138 obj=1.4190800085569266e6 pinf=0.0 (0) dinf=1.5550540139472587e6 (10993) time=29.24182974s
[ Info: iter=3139 obj=1.4190800085569266e6 pinf=0.0 (0) dinf=1.5510495783708317e6 (10987) time=29.291652338s
[ Info: iter=3140 obj=1.4190800085569266e6 pinf=0.0 (0) dinf=1.5480026063623803e6 (10989) time=29.343996036s
[ Info: iter=3141 obj=1.4190800085569266e6 pinf=0.0 (0) dinf=1.5485643677527325e6 (10994) time=29.394462933s
[ Info: iter=3142 obj=1.4190800085569266e6 pinf=0.0 (0) dinf=1.5452606028630098e6 (10993) time=29.446953231s
[ Info: iter=3143 obj=1.4190800085569266e6 pinf=0.0 (0) dinf=1.544770730166271e6 (10992) time=29.499134629s
[ Info: iter=3158 obj=1.4190800085569266e6 pinf=0.0 (0) dinf=1.5132744686503792e6 (10972) time=29.94054571s
[ Info: iter=3238 obj=1.4190800085569266e6 pinf=0.0 (0) dinf=1.6589600832015886e6 (11013) time=31.712099534s
[ Info: iter=3308 obj=1.4190800085569266e6 pinf=0.0 (0) dinf=1.8037550140621907e6 (11009) time=33.686492849s
[ Info: iter=3309 obj=1.4190800085569266e6 pinf=0.0 (0) dinf=1.693006474470934e6 (10968) time=33.740173946s
[ Info: iter=3310 obj=1.4190800085569266e6 pinf=0.0 (0) dinf=1.7222343515388612e6 (10966) time=33.791167944s
[ Info: iter=3390 obj=1.4190800085569266e6 pinf=0.0 (0) dinf=2.0868325398438189e6 (11033) time=34.070533032s
[ Info: iter=3470 obj=1.4190800085569266e6 pinf=0.0 (0) dinf=2.118426407260551e6 (11037) time=34.245752824s
[ Info: iter=3511 obj=1.4190800085569266e6 pinf=0.0 (0) dinf=2.3522155322138492e7 (11003) time=34.755149903s
[ Info: iter=3521 obj=1.4190800085569266e6 pinf=0.0 (0) dinf=2.4421245728279237e7 (11011) time=35.125193782s
[ Info: iter=3522 obj=1.4190800085569266e6 pinf=0.0 (0) dinf=2.4116293515635632e7 (11012) time=35.173969079s
[ Info: iter=3523 obj=1.4190800085569266e6 pinf=0.0 (0) dinf=2.416231518504639e7 (11018) time=35.222654476s
[ Info: iter=3524 obj=1.4190800085569266e6 pinf=0.0 (0) dinf=2.555690281798725e7 (11018) time=35.272075373s
[ Info: iter=3525 obj=1.4190800085569266e6 pinf=0.0 (0) dinf=2.415775310665953e7 (11013) time=35.324580471s
[ Info: iter=3526 obj=1.4190800085569266e6 pinf=0.0 (0) dinf=2.3821147774950825e7 (11013) time=35.373611768s
[ Info: iter=3527 obj=1.4190800085569266e6 pinf=0.0 (0) dinf=2.3866923813153177e7 (11018) time=35.421287665s
[ Info: iter=3528 obj=1.4190800085569266e6 pinf=0.0 (0) dinf=2.342649599210823e7 (11015) time=35.471128162s
[ Info: iter=3529 obj=1.4190800085569266e6 pinf=0.0 (0) dinf=2.3194685539826274e7 (11014) time=35.521292659s
[ Info: iter=3530 obj=1.4190800085569266e6 pinf=0.0 (0) dinf=2.303292423665216e7 (11012) time=35.569932657s
[ Info: iter=3531 obj=1.4190800085569266e6 pinf=0.0 (0) dinf=2.2724557773985e7 (11010) time=35.618928154s
[ Info: iter=3532 obj=1.4190800085569266e6 pinf=0.0 (0) dinf=2.228434534291977e7 (11007) time=35.668299651s
[ Info: iter=3533 obj=1.4190800085569266e6 pinf=0.0 (0) dinf=2.2052275002508774e7 (11006) time=35.718430148s
[ Info: iter=3534 obj=1.4190800085569266e6 pinf=0.0 (0) dinf=2.1612365141752414e7 (11004) time=35.773843845s
[ Info: iter=3535 obj=1.4190800085569266e6 pinf=0.0 (0) dinf=2.137992975752557e7 (11002) time=35.823289942s
[ Info: iter=3536 obj=1.4190800085569266e6 pinf=0.0 (0) dinf=2.121272210784094e7 (10999) time=35.870923739s
[ Info: iter=3537 obj=1.4190800085569266e6 pinf=0.0 (0) dinf=2.1046114331084404e7 (10996) time=35.920269637s
[ Info: iter=3538 obj=1.4190800085569266e6 pinf=0.0 (0) dinf=2.0991677281739615e7 (10995) time=35.972016034s
[ Info: iter=3539 obj=1.4190800085569266e6 pinf=0.0 (0) dinf=2.094575896884295e7 (10994) time=36.022438531s
[ Info: iter=3540 obj=1.4190800085569266e6 pinf=0.0 (0) dinf=2.0960654472035274e7 (10997) time=36.073271728s
[ Info: iter=3541 obj=1.4190800085569266e6 pinf=0.0 (0) dinf=2.0974618986519635e7 (11000) time=36.122555125s
[ Info: iter=3542 obj=1.4190800085569266e6 pinf=0.0 (0) dinf=2.096135603339239e7 (10998) time=36.172707322s
[ Info: iter=3543 obj=1.4190800085569266e6 pinf=0.0 (0) dinf=2.0949177245952774e7 (10996) time=36.225689919s
[ Info: iter=3544 obj=1.4190800085569266e6 pinf=0.0 (0) dinf=2.086097640106152e7 (10995) time=36.278781016s
[ Info: iter=3545 obj=1.4190800085569266e6 pinf=0.0 (0) dinf=2.0778542075649194e7 (10994) time=36.331453513s
[ Info: iter=3546 obj=1.4190800085569266e6 pinf=0.0 (0) dinf=2.0714924031019047e7 (10993) time=36.38078691s
[ Info: iter=3547 obj=1.4190800085569266e6 pinf=0.0 (0) dinf=2.0652301214524027e7 (10992) time=36.433697307s
[ Info: iter=3548 obj=1.4190800085569266e6 pinf=0.0 (0) dinf=2.057972611667886e7 (10991) time=36.484312905s
[ Info: iter=3549 obj=1.4190800085569266e6 pinf=0.0 (0) dinf=2.0542979231693964e7 (10990) time=36.534507902s
[ Info: iter=3550 obj=1.4190800085569266e6 pinf=0.0 (0) dinf=2.0424768470922813e7 (10985) time=36.587052199s
[ Info: iter=3551 obj=1.4190800085569266e6 pinf=0.0 (0) dinf=2.0460477922461953e7 (10986) time=36.637394596s
[ Info: iter=3552 obj=1.4190800085569266e6 pinf=0.0 (0) dinf=2.0424767540252794e7 (10985) time=36.690878093s
[ Info: iter=3553 obj=1.4190800085569266e6 pinf=0.0 (0) dinf=2.042860110743944e7 (10986) time=36.74060279s
[ Info: iter=3554 obj=1.4190800085569266e6 pinf=0.0 (0) dinf=2.0427362482822374e7 (10984) time=36.790965887s
[ Info: iter=3558 obj=1.4190800085569266e6 pinf=0.0 (0) dinf=2.486687340192486e7 (10972) time=36.952422478s
[ Info: iter=3559 obj=1.4190800085569266e6 pinf=0.0 (0) dinf=2.5116131270381577e7 (10976) time=37.005312975s
[ Info: iter=3562 obj=1.4190800085569266e6 pinf=0.0 (0) dinf=2.4866083625525177e7 (10965) time=37.118820468s
[ Info: iter=3563 obj=1.4190800085569266e6 pinf=0.0 (0) dinf=2.1571273484064e7 (10968) time=37.172496365s
[ Info: iter=3564 obj=1.4190800085569266e6 pinf=0.0 (0) dinf=2.1463016851360384e7 (10967) time=37.222735663s
[ Info: iter=3565 obj=1.4190800085569266e6 pinf=0.0 (0) dinf=2.4681119465797987e7 (10970) time=37.27333996s
[ Info: iter=3566 obj=1.4190800085569266e6 pinf=0.0 (0) dinf=2.607228720038102e7 (10969) time=37.324957857s
[ Info: iter=3570 obj=1.4190800085569266e6 pinf=0.0 (0) dinf=2.575645201668677e7 (10972) time=37.382521153s
[ Info: iter=3579 obj=1.4190800085569266e6 pinf=0.0 (0) dinf=2.364989795785454e7 (10968) time=37.525494045s
[ Info: iter=3580 obj=1.4190800085569266e6 pinf=0.0 (0) dinf=2.6205875970215846e7 (10969) time=37.572793843s
[ Info: iter=3581 obj=1.4190800085569266e6 pinf=0.0 (0) dinf=2.386436307230424e7 (10966) time=37.62139404s
[ Info: iter=3582 obj=1.4190800085569266e6 pinf=0.0 (0) dinf=2.5961018074160323e7 (10984) time=37.670615837s
[ Info: iter=3583 obj=1.4190800085569266e6 pinf=0.0 (0) dinf=2.157252507899411e7 (10985) time=37.719065534s
[ Info: iter=3584 obj=1.4190800085569266e6 pinf=0.0 (0) dinf=2.1572523100320805e7 (10984) time=37.765998732s
[ Info: iter=3664 obj=1.4190800085569266e6 pinf=0.0 (0) dinf=2.1046212720377695e7 (11059) time=39.220282649s
[ Info: iter=3667 obj=1.4190800085569266e6 pinf=0.0 (0) dinf=2.1020268991772406e7 (11050) time=39.275330946s
[ Info: iter=3668 obj=1.4190800085569266e6 pinf=0.0 (0) dinf=4.448276424913694e7 (11072) time=39.325616843s
[ Info: iter=3669 obj=1.4190800085569266e6 pinf=0.0 (0) dinf=2.1089173984666012e7 (11049) time=39.37746254s
[ Info: iter=3670 obj=1.4190800085569266e6 pinf=0.0 (0) dinf=2.1089173287078016e7 (11049) time=39.428833137s
[ Info: iter=3674 obj=1.4190800085569266e6 pinf=0.0 (0) dinf=2.1068059314236984e7 (11044) time=39.515878832s
[ Info: iter=3675 obj=1.4190800085569266e6 pinf=0.0 (0) dinf=6.3778838465836756e7 (11073) time=39.566814929s
[ Info: iter=3676 obj=1.4190800085569266e6 pinf=0.0 (0) dinf=6.076144512147692e7 (11077) time=39.615943726s
[ Info: iter=3677 obj=1.4190800085569266e6 pinf=0.0 (0) dinf=6.073329539408646e7 (11072) time=39.664891524s
[ Info: iter=3678 obj=1.4190800085569266e6 pinf=0.0 (0) dinf=5.641068730893661e7 (11072) time=39.714539921s
[ Info: iter=3679 obj=1.4190800085569266e6 pinf=0.0 (0) dinf=5.212904414549965e7 (11072) time=39.765828118s
[ Info: iter=3680 obj=1.4190800085569266e6 pinf=0.0 (0) dinf=4.8051470263984375e7 (11078) time=39.816849515s
[ Info: iter=3681 obj=1.4190800085569266e6 pinf=0.0 (0) dinf=4.37738517750589e7 (11078) time=39.866246112s
[ Info: iter=3682 obj=1.4190800085569266e6 pinf=0.0 (0) dinf=3.9459441654458284e7 (11078) time=39.916727309s
[ Info: iter=3683 obj=1.4190800085569266e6 pinf=0.0 (0) dinf=3.5145031533857755e7 (11078) time=39.967991906s
[ Info: iter=3684 obj=1.4190800085569266e6 pinf=0.0 (0) dinf=3.491318952835508e7 (11071) time=40.019085804s
[ Info: iter=3685 obj=1.4190800085569266e6 pinf=0.0 (0) dinf=3.4875741658612266e7 (11070) time=40.068551301s
[ Info: iter=3686 obj=1.4190800085569266e6 pinf=0.0 (0) dinf=3.4838293788869455e7 (11069) time=40.117963598s
[ Info: iter=3687 obj=1.4190800085569266e6 pinf=0.0 (0) dinf=3.482893188240965e7 (11068) time=40.168215595s
[ Info: iter=3688 obj=1.4190800085569266e6 pinf=0.0 (0) dinf=3.482425096983034e7 (11067) time=40.220787392s
[ Info: iter=3689 obj=1.4190800085569266e6 pinf=0.0 (0) dinf=3.4819570057251036e7 (11066) time=40.270493889s
[ Info: iter=3690 obj=1.4190800085569266e6 pinf=0.0 (0) dinf=6.3778171677175544e7 (11074) time=40.320665486s
[ Info: iter=3691 obj=1.4190800085569266e6 pinf=0.0 (0) dinf=5.948138825746253e7 (11076) time=40.371046284s
[ Info: iter=3692 obj=1.4190800085569266e6 pinf=0.0 (0) dinf=5.523984804020195e7 (11076) time=40.423062781s
[ Info: iter=3693 obj=1.4190800085569266e6 pinf=0.0 (0) dinf=5.093028836495139e7 (11074) time=40.475965678s
[ Info: iter=3694 obj=1.4190800085569266e6 pinf=0.0 (0) dinf=4.6751569941266e7 (11076) time=40.525404975s
[ Info: iter=3695 obj=1.4190800085569266e6 pinf=0.0 (0) dinf=4.2466501440924436e7 (11078) time=40.575889272s
[ Info: iter=3696 obj=1.4190800085569266e6 pinf=0.0 (0) dinf=3.8181432940582894e7 (11080) time=40.624952669s
[ Info: iter=3697 obj=1.4190800085569266e6 pinf=0.0 (0) dinf=3.804494053901083e7 (11077) time=40.676811566s
[ Info: iter=3698 obj=1.4190800085569266e6 pinf=0.0 (0) dinf=3.796724526194637e7 (11076) time=40.726634563s
[ Info: iter=3699 obj=1.4190800085569266e6 pinf=0.0 (0) dinf=3.793191424632566e7 (11073) time=40.77640986s
[ Info: iter=3700 obj=1.4190800085569266e6 pinf=0.0 (0) dinf=3.7942675024816655e7 (11072) time=40.826459058s
[ Info: iter=3701 obj=1.4190800085569266e6 pinf=0.0 (0) dinf=3.795343580330766e7 (11071) time=40.877691255s
[ Info: iter=3702 obj=1.4190800085569266e6 pinf=0.0 (0) dinf=3.793331245796986e7 (11070) time=40.929261152s
[ Info: iter=3703 obj=1.4190800085569266e6 pinf=0.0 (0) dinf=3.791318911263206e7 (11069) time=40.984163649s
[ Info: iter=3704 obj=1.4190800085569266e6 pinf=0.0 (0) dinf=3.7928630231429055e7 (11069) time=41.037279346s
[ Info: iter=3705 obj=1.4190800085569266e6 pinf=0.0 (0) dinf=3.794407135022605e7 (11069) time=41.088559843s
[ Info: iter=3706 obj=1.4190800085569266e6 pinf=0.0 (0) dinf=3.79446729846873e7 (11070) time=41.13937794s
[ Info: iter=3707 obj=1.4190800085569266e6 pinf=0.0 (0) dinf=3.794527461556159e7 (11071) time=41.189341237s
[ Info: iter=3708 obj=1.4190800085569266e6 pinf=0.0 (0) dinf=6.377648441302673e7 (11080) time=41.239397134s
[ Info: iter=3709 obj=1.4190800085569266e6 pinf=0.0 (0) dinf=5.947521625126148e7 (11081) time=41.289256631s
[ Info: iter=3710 obj=1.4190800085569266e6 pinf=0.0 (0) dinf=5.947773083106915e7 (11078) time=41.339482828s
[ Info: iter=3711 obj=1.4190800085569266e6 pinf=0.0 (0) dinf=5.515865129678043e7 (11076) time=41.390473626s
[ Info: iter=3712 obj=1.4190800085569266e6 pinf=0.0 (0) dinf=5.096301459627126e7 (11077) time=41.439474423s
[ Info: iter=3713 obj=1.4190800085569266e6 pinf=0.0 (0) dinf=4.678477927746773e7 (11079) time=41.49151282s
[ Info: iter=3714 obj=1.4190800085569266e6 pinf=0.0 (0) dinf=4.246569974317892e7 (11077) time=41.541600417s
[ Info: iter=3715 obj=1.4190800085569266e6 pinf=0.0 (0) dinf=3.814662020889015e7 (11075) time=41.593600314s
[ Info: iter=3716 obj=1.4190800085569266e6 pinf=0.0 (0) dinf=3.803285136509486e7 (11073) time=41.644099811s
[ Info: iter=3717 obj=1.4190800085569266e6 pinf=0.0 (0) dinf=3.789603087872553e7 (11070) time=41.695784008s
[ Info: iter=3718 obj=1.4190800085569266e6 pinf=0.0 (0) dinf=3.786282148305438e7 (11070) time=41.745402605s
[ Info: iter=3719 obj=1.4190800085569266e6 pinf=0.0 (0) dinf=3.795995193203881e7 (11073) time=41.797369902s
[ Info: iter=3720 obj=1.4190800085569266e6 pinf=0.0 (0) dinf=3.795994370444244e7 (11067) time=41.848842799s
[ Info: iter=3721 obj=1.4190800085569266e6 pinf=0.0 (0) dinf=7.18957733076251e7 (11072) time=41.899145297s
[ Info: iter=3722 obj=1.4190800085569266e6 pinf=0.0 (0) dinf=2.1745167887306925e7 (11071) time=41.950812894s
[ Info: iter=3723 obj=1.4190800085569266e6 pinf=0.0 (0) dinf=2.174827455723274e7 (11071) time=42.000798991s
[ Info: iter=3724 obj=1.4190800085569266e6 pinf=0.0 (0) dinf=2.174827561462831e7 (11072) time=42.055323288s
[ Info: iter=3725 obj=1.4190800085569266e6 pinf=0.0 (0) dinf=2.174827489581739e7 (11072) time=42.108375685s
[ Info: iter=3726 obj=1.4190800085569266e6 pinf=0.0 (0) dinf=2.175122565515763e7 (11075) time=42.161877482s
[ Info: iter=3727 obj=1.4190800085569266e6 pinf=0.0 (0) dinf=2.1754176396925513e7 (11078) time=42.214128979s
[ Info: iter=3728 obj=1.4190800085569266e6 pinf=0.0 (0) dinf=2.175321250936842e7 (11075) time=42.268525976s
[ Info: iter=3729 obj=1.4190800085569266e6 pinf=0.0 (0) dinf=2.1752248627550464e7 (11072) time=42.321255973s
[ Info: iter=3730 obj=1.4190800085569266e6 pinf=0.0 (0) dinf=2.1752250405145783e7 (11075) time=42.37284897s
[ Info: iter=3731 obj=1.4190800085569266e6 pinf=0.0 (0) dinf=2.1752250835146237e7 (11076) time=42.424336367s
[ Info: iter=3732 obj=1.4190800085569266e6 pinf=0.0 (0) dinf=2.175345528721392e7 (11077) time=42.480223864s
[ Info: iter=3733 obj=1.4190800085569266e6 pinf=0.0 (0) dinf=2.1754659732107684e7 (11078) time=42.533427761s
[ Info: iter=3734 obj=1.4190800085569266e6 pinf=0.0 (0) dinf=2.1664282039241247e7 (11078) time=42.589673757s
[ Info: iter=3735 obj=1.4190800085569266e6 pinf=0.0 (0) dinf=2.1573896380304925e7 (11077) time=42.642768154s
[ Info: iter=3736 obj=1.4190800085569266e6 pinf=0.0 (0) dinf=2.220778749716763e7 (11080) time=42.696150451s
[ Info: iter=3737 obj=1.4190800085569266e6 pinf=0.0 (0) dinf=2.2206192899263643e7 (11080) time=42.750504748s
[ Info: iter=3738 obj=1.4190800085569266e6 pinf=0.0 (0) dinf=2.2204598301359653e7 (11080) time=42.801678146s
[ Info: iter=3739 obj=1.4190800085569266e6 pinf=0.0 (0) dinf=2.220300393105203e7 (11080) time=42.854188448s
[ Info: iter=3740 obj=1.4190800085569266e6 pinf=0.0 (0) dinf=2.217199451142913e7 (11079) time=42.905588651s
[ Info: iter=3741 obj=1.4190800085569266e6 pinf=0.0 (0) dinf=2.172947640014566e7 (11077) time=42.956038553s
[ Info: iter=3742 obj=1.4190800085569266e6 pinf=0.0 (0) dinf=2.220778749716763e7 (11080) time=43.008391255s
[ Info: iter=3743 obj=1.4190800085569266e6 pinf=0.0 (0) dinf=2.2206192899263643e7 (11080) time=43.069957558s
[ Info: iter=3744 obj=1.4190800085569266e6 pinf=0.0 (0) dinf=2.2204598301359653e7 (11080) time=43.126087861s
[ Info: iter=3745 obj=1.4190800085569266e6 pinf=0.0 (0) dinf=2.220300393105203e7 (11079) time=43.178975963s
[ Info: iter=3746 obj=1.4190800085569266e6 pinf=0.0 (0) dinf=2.2201681317877833e7 (11073) time=43.233798666s
[ Info: iter=3747 obj=1.4190800085569266e6 pinf=0.0 (0) dinf=2.217067189825493e7 (11072) time=43.285513468s
[ Info: iter=3748 obj=1.4190800085569266e6 pinf=0.0 (0) dinf=2.1729468325474273e7 (11074) time=43.33413917s
[ Info: iter=3749 obj=1.4190800085569266e6 pinf=0.0 (0) dinf=2.217421707814579e7 (11075) time=43.383780972s
[ Info: iter=3750 obj=1.4190800085569266e6 pinf=0.0 (0) dinf=2.2244312438057974e7 (11087) time=43.433254075s
[ Info: iter=3751 obj=1.4190800085569266e6 pinf=0.0 (0) dinf=2.3066679787369143e7 (11094) time=43.485942977s
[ Info: iter=3752 obj=1.4190800085569266e6 pinf=0.0 (0) dinf=2.313675639279244e7 (11088) time=43.539194479s
[ Info: iter=3753 obj=1.4190800085569266e6 pinf=0.0 (0) dinf=2.239734457131829e7 (11091) time=43.589331382s
[ Info: iter=3754 obj=1.4190800085569266e6 pinf=0.0 (0) dinf=2.246742117674159e7 (11085) time=43.638505884s
[ Info: iter=3755 obj=1.4190800085569266e6 pinf=0.0 (0) dinf=2.2065838604508158e7 (11100) time=43.689523286s
[ Info: iter=3756 obj=1.4190800085569266e6 pinf=0.0 (0) dinf=2.2068263917348884e7 (11099) time=43.738670789s
[ Info: iter=3757 obj=1.4190800085569266e6 pinf=0.0 (0) dinf=2.23724622350041e7 (11090) time=43.788853491s
[ Info: iter=3758 obj=1.4190800085569266e6 pinf=0.0 (0) dinf=2.2764910039943118e7 (11091) time=43.840290393s
[ Info: iter=3759 obj=1.4190800085569266e6 pinf=0.0 (0) dinf=2.3561716539499484e7 (11089) time=43.892972996s
[ Info: iter=3839 obj=1.4190800085569266e6 pinf=0.0 (0) dinf=2.736070849961833e7 (11121) time=44.082334604s
[ Info: iter=3919 obj=1.4190800085569299e6 pinf=0.0 (0) dinf=2.486800561840618e7 (11113) time=44.261465013s
[ Info: iter=3999 obj=1.419080008556915e6 pinf=0.0 (0) dinf=3.2308516267924756e7 (11168) time=44.444270721s
[ Info: iter=4079 obj=1.419080008556957e6 pinf=0.0 (0) dinf=4.506550917708634e7 (11127) time=44.626972529s
[ Info: iter=4159 obj=1.4190800085568652e6 pinf=0.0 (0) dinf=6.964812569421461e7 (11098) time=44.811629738s
[ Info: iter=4239 obj=1.419080008556881e6 pinf=0.0 (0) dinf=7.304136526312219e7 (11201) time=45.002890646s
[ Info: iter=4319 obj=1.4190800085568866e6 pinf=0.0 (0) dinf=6.968382097435185e7 (11296) time=45.197649455s
[ Info: iter=4399 obj=1.4190800085568912e6 pinf=0.0 (0) dinf=6.817132800986032e7 (11144) time=45.394184564s
[ Info: iter=4479 obj=1.4190800085569667e6 pinf=0.0 (0) dinf=7.478263518057665e7 (11232) time=45.600180274s
[ Info: iter=4559 obj=1.419080008556928e6 pinf=0.0 (0) dinf=7.404843520867993e7 (11269) time=45.803189383s
[ Info: iter=4639 obj=1.4190800085569355e6 pinf=0.0 (0) dinf=4.839611105289561e7 (11181) time=46.004257592s
[ Info: iter=4719 obj=1.4190800085569741e6 pinf=0.0 (0) dinf=2.005908872862285e7 (11050) time=46.215557502s
[ Info: iter=4799 obj=1.4190800085569913e6 pinf=0.0 (0) dinf=1.6766021824997164e7 (11072) time=46.420788911s
[ Info: iter=4879 obj=1.4190800085570416e6 pinf=0.0 (0) dinf=2.0759270401211675e7 (11037) time=46.628390921s
[ Info: iter=4959 obj=1.4190800085569886e6 pinf=0.0 (0) dinf=7.781370738909109e7 (11110) time=46.83383053s
[ Info: iter=5039 obj=1.4190800086674104e6 pinf=0.0 (0) dinf=1.5767957416098196e7 (11065) time=47.234265349s
[ Info: iter=5119 obj=1.4190800088061942e6 pinf=0.0 (0) dinf=5.692235814816549e6 (11056) time=47.69988167s
[ Info: iter=5199 obj=1.4190800089278738e6 pinf=0.0 (0) dinf=8.134671936406785e6 (11041) time=47.910107779s
[ Info: iter=5279 obj=1.4190800087809665e6 pinf=0.0 (0) dinf=2.4564943432075322e8 (11013) time=48.347799999s
[ Info: iter=5343 obj=1.4190800088745328e6 pinf=0.0 (0) dinf=1.142709685547641e7 (11044) time=49.757874364s
[ Info: iter=5345 obj=1.4190800088745328e6 pinf=0.0 (0) dinf=1.1521921239144407e7 (11044) time=49.814510967s
[ Info: iter=5346 obj=1.4190800088745328e6 pinf=0.0 (0) dinf=1.1442610001234556e7 (11030) time=49.870290569s
[ Info: iter=5347 obj=1.4190800088745328e6 pinf=0.0 (0) dinf=1.1521689728061376e7 (11038) time=49.924126772s
[ Info: iter=5348 obj=1.4190800088745328e6 pinf=0.0 (0) dinf=1.1404082365050107e7 (11026) time=49.976953974s
[ Info: iter=5349 obj=1.4190800088745328e6 pinf=0.0 (0) dinf=1.136980811607183e7 (11024) time=50.031142376s
[ Info: iter=5350 obj=1.4190800088745328e6 pinf=0.0 (0) dinf=1.134218448123166e7 (11016) time=50.084069579s
[ Info: iter=5352 obj=1.4190800088745328e6 pinf=0.0 (0) dinf=1.1478670535430778e7 (11008) time=50.142813582s
[ Info: iter=5353 obj=1.4190800088745328e6 pinf=0.0 (0) dinf=1.1478663599288704e7 (11005) time=50.198731384s
[ Info: iter=5354 obj=1.4190800088745328e6 pinf=0.0 (0) dinf=1.1478657495318936e7 (11002) time=50.252576087s
[ Info: iter=5355 obj=1.4190800088745328e6 pinf=0.0 (0) dinf=1.1442161197675683e7 (10998) time=50.305901889s
[ Info: iter=5356 obj=1.4190800088745328e6 pinf=0.0 (0) dinf=1.1426273646420708e7 (10996) time=50.360884692s
[ Info: iter=5357 obj=1.4190800088745328e6 pinf=0.0 (0) dinf=1.1426269488999844e7 (10993) time=50.416421994s
[ Info: iter=5358 obj=1.4190800088745328e6 pinf=0.0 (0) dinf=1.1449518160065198e7 (10984) time=50.472634497s
[ Info: iter=5359 obj=1.4190800088745328e6 pinf=0.0 (0) dinf=1.135219507622333e7 (10982) time=50.526230099s
[ Info: iter=5360 obj=1.4190800088745328e6 pinf=0.0 (0) dinf=1.1352191230465021e7 (10980) time=50.581237702s
[ Info: iter=5361 obj=1.4190800088745328e6 pinf=0.0 (0) dinf=1.1363311697023036e7 (10983) time=50.637725304s
[ Info: iter=5362 obj=1.4190800088745328e6 pinf=0.0 (0) dinf=1.1355894996368965e7 (10981) time=50.690212407s
[ Info: iter=5363 obj=1.4190800088745328e6 pinf=0.0 (0) dinf=1.1367477228287466e7 (10980) time=50.744940409s
[ Info: iter=5364 obj=1.4190800088745328e6 pinf=0.0 (0) dinf=1.1379059460205963e7 (10979) time=50.799633912s
[ Info: iter=5365 obj=1.4190800088745328e6 pinf=0.0 (0) dinf=1.1585195582473539e7 (10984) time=50.856324312s
[ Info: iter=5366 obj=1.4190800088745328e6 pinf=0.0 (0) dinf=1.15806977026359e7 (10979) time=50.909512211s
[ Info: iter=5367 obj=1.4190800088745328e6 pinf=0.0 (0) dinf=1.15806792324889e7 (10978) time=50.96375921s
[ Info: iter=5368 obj=1.4190800088745328e6 pinf=0.0 (0) dinf=1.1580666829224544e7 (10976) time=51.019540009s
[ Info: iter=5369 obj=1.4190800088745328e6 pinf=0.0 (0) dinf=1.158064685046336e7 (10975) time=51.079665008s
[ Info: iter=5370 obj=1.4190800088745328e6 pinf=0.0 (0) dinf=1.158062687170218e7 (10974) time=51.136659907s
[ Info: iter=5371 obj=1.4190800088745328e6 pinf=0.0 (0) dinf=1.1580608344603108e7 (10973) time=51.201350706s
[ Info: iter=5372 obj=1.4190800088745328e6 pinf=0.0 (0) dinf=1.1804722585135791e7 (10975) time=51.260010705s
[ Info: iter=5373 obj=1.4190800088745328e6 pinf=0.0 (0) dinf=1.1700333487303305e7 (10971) time=51.315555804s
[ Info: iter=5374 obj=1.4190800088745328e6 pinf=0.0 (0) dinf=1.1719664330646375e7 (10972) time=51.373108503s
[ Info: iter=5375 obj=1.4190800088745328e6 pinf=0.0 (0) dinf=1.163463315166279e7 (10969) time=51.428557802s
[ Info: iter=5376 obj=1.4190800088745328e6 pinf=0.0 (0) dinf=1.1549601972679256e7 (10966) time=51.485995801s
[ Info: iter=5377 obj=1.4190800088745328e6 pinf=0.0 (0) dinf=1.154957181435547e7 (10965) time=51.5456731s
[ Info: iter=5378 obj=1.4190800088745328e6 pinf=0.0 (0) dinf=1.1548644039141504e7 (10968) time=51.606609699s
[ Info: iter=5379 obj=1.4190800088745328e6 pinf=0.0 (0) dinf=1.1590243217653772e7 (10965) time=51.665451098s
[ Info: iter=5380 obj=1.4190800088745328e6 pinf=0.0 (0) dinf=1.158803367774558e7 (10967) time=51.724214197s
[ Info: iter=5381 obj=1.4190800088745328e6 pinf=0.0 (0) dinf=1.1585824137837391e7 (10969) time=51.784018196s
[ Info: iter=5382 obj=1.4190800088745328e6 pinf=0.0 (0) dinf=1.1583614597929202e7 (10971) time=51.845981395s
[ Info: iter=5383 obj=1.4190800088745328e6 pinf=0.0 (0) dinf=1.1581405058021013e7 (10973) time=51.905915094s
[ Info: iter=5384 obj=1.4190800088745328e6 pinf=0.0 (0) dinf=1.1581404809443286e7 (10973) time=51.964316793s
[ Info: iter=5385 obj=1.4190800088745328e6 pinf=0.0 (0) dinf=1.1581907409741614e7 (10971) time=52.024383992s
[ Info: iter=5386 obj=1.4190800088745328e6 pinf=0.0 (0) dinf=1.1731011701186128e7 (10975) time=52.085185191s
[ Info: iter=5387 obj=1.4190800088745328e6 pinf=0.0 (0) dinf=1.1595151283457039e7 (10971) time=52.14611269s
[ Info: iter=5388 obj=1.4190800088745328e6 pinf=0.0 (0) dinf=1.160832616376559e7 (10969) time=52.205066889s
[ Info: iter=5389 obj=1.4190800088745328e6 pinf=0.0 (0) dinf=1.1595140553309442e7 (10969) time=52.265040988s
[ Info: iter=5390 obj=1.4190800088745328e6 pinf=0.0 (0) dinf=1.1581934194681456e7 (10971) time=52.324344587s
[ Info: iter=5391 obj=1.4190800088745328e6 pinf=0.0 (0) dinf=1.1570438287790718e7 (10972) time=52.387004286s
[ Info: iter=5392 obj=1.4190800088745328e6 pinf=0.0 (0) dinf=1.1558942862342324e7 (10973) time=52.446733585s
[ Info: iter=5393 obj=1.4190800088745328e6 pinf=0.0 (0) dinf=1.1558942862342324e7 (10972) time=52.507930284s
[ Info: iter=5394 obj=1.4190800088745328e6 pinf=0.0 (0) dinf=1.155166264816422e7 (10971) time=52.567642683s
[ Info: iter=5395 obj=1.4190800088745328e6 pinf=0.0 (0) dinf=1.1801963808012946e7 (10971) time=52.629592682s
[ Info: iter=5396 obj=1.4190800088745328e6 pinf=0.0 (0) dinf=1.1801963808012947e7 (10970) time=52.691252381s
[ Info: iter=5397 obj=1.4190800088745328e6 pinf=0.0 (0) dinf=1.1793278154861929e7 (10970) time=52.75120498s
[ Info: iter=5398 obj=1.4190800088745328e6 pinf=0.0 (0) dinf=1.1793247258236097e7 (10970) time=52.811658979s
[ Info: iter=5399 obj=1.4190800088745328e6 pinf=0.0 (0) dinf=1.1793247258236097e7 (10969) time=52.872585578s
[ Info: iter=5400 obj=1.4190800088745328e6 pinf=0.0 (0) dinf=1.1793215388747208e7 (10970) time=52.936179077s
[ Info: iter=5401 obj=1.4190800088745328e6 pinf=0.0 (0) dinf=1.1791988853293376e7 (10970) time=52.998727676s
[ Info: iter=5402 obj=1.4190800088745328e6 pinf=0.0 (0) dinf=1.1786188605793346e7 (10969) time=53.059797075s
[ Info: iter=5403 obj=1.4190800088745328e6 pinf=0.0 (0) dinf=1.1786188605793346e7 (10968) time=53.123949774s
[ Info: iter=5404 obj=1.4190800088745328e6 pinf=0.0 (0) dinf=1.1812736638732314e7 (10975) time=53.187714873s
[ Info: iter=5405 obj=1.4190800088745328e6 pinf=0.0 (0) dinf=1.1796732475294178e7 (10971) time=53.254372772s
[ Info: iter=5406 obj=1.4190800088745328e6 pinf=0.0 (0) dinf=1.1790965973151576e7 (10970) time=53.315884971s
[ Info: iter=5407 obj=1.4190800088745328e6 pinf=0.0 (0) dinf=1.1785199471008973e7 (10969) time=53.37778857s
[ Info: iter=5408 obj=1.4190800088745328e6 pinf=0.0 (0) dinf=1.1779432968866369e7 (10968) time=53.439521269s
[ Info: iter=5409 obj=1.4190800088745328e6 pinf=0.0 (0) dinf=1.178871336486642e7 (10971) time=53.501622268s
[ Info: iter=5410 obj=1.4190800088745328e6 pinf=0.0 (0) dinf=1.1794513612366453e7 (10972) time=53.560713067s
[ Info: iter=5411 obj=1.4190800088745328e6 pinf=0.0 (0) dinf=1.1784265286037866e7 (10969) time=53.622844966s
[ Info: iter=5412 obj=1.4190800088745328e6 pinf=0.0 (0) dinf=1.1784265286037866e7 (10968) time=53.684386765s
[ Info: iter=5413 obj=1.4190800088745328e6 pinf=0.0 (0) dinf=1.1773753503770318e7 (10972) time=53.750098464s
[ Info: iter=5414 obj=1.4190800088745328e6 pinf=0.0 (0) dinf=1.1773647430236569e7 (10972) time=53.813012163s
[ Info: iter=5415 obj=1.4190800088745328e6 pinf=0.0 (0) dinf=1.1773300453604601e7 (10970) time=53.875073162s
[ Info: iter=5416 obj=1.4190800088745328e6 pinf=0.0 (0) dinf=1.178472987084893e7 (10972) time=53.937317661s
[ Info: iter=5417 obj=1.4190800088745328e6 pinf=0.0 (0) dinf=1.1784348882911302e7 (10970) time=54.00152316s
[ Info: iter=5418 obj=1.4190800088745328e6 pinf=0.0 (0) dinf=1.1784074061331566e7 (10969) time=54.064867659s
[ Info: iter=5419 obj=1.4190800088745328e6 pinf=0.0 (0) dinf=1.178388504726761e7 (10968) time=54.128148258s
[ Info: iter=5420 obj=1.4190800088745328e6 pinf=0.0 (0) dinf=1.178388504726761e7 (10968) time=54.191202056s
[ Info: iter=5421 obj=1.4190800088745328e6 pinf=0.0 (0) dinf=1.1792737746204138e7 (10967) time=54.255916455s
[ Info: iter=5422 obj=1.4190800088745328e6 pinf=0.0 (0) dinf=1.1826548194928978e7 (10974) time=54.319135554s
[ Info: iter=5423 obj=1.4190800088745328e6 pinf=0.0 (0) dinf=1.1809623134638365e7 (10971) time=54.379881253s
[ Info: iter=5424 obj=1.4190800088745328e6 pinf=0.0 (0) dinf=1.1809318846354924e7 (10969) time=54.444394552s
[ Info: iter=5425 obj=1.4190800088745328e6 pinf=0.0 (0) dinf=1.1808981418859487e7 (10969) time=54.510366251s
[ Info: iter=5426 obj=1.4190800088745328e6 pinf=0.0 (0) dinf=1.180854836550145e7 (10965) time=54.57706365s
[ Info: iter=5427 obj=1.4190800088745328e6 pinf=0.0 (0) dinf=1.1808453359198608e7 (10968) time=54.646401349s
[ Info: iter=5428 obj=1.4190800088745328e6 pinf=0.0 (0) dinf=1.1808551239373146e7 (10968) time=54.726671648s
[ Info: iter=5429 obj=1.4190800088745328e6 pinf=0.0 (0) dinf=1.1808407061492598e7 (10966) time=54.794930246s
[ Info: iter=5458 obj=1.419080008929427e6 pinf=0.0 (0) dinf=4.662013652325414e8 (10978) time=55.247803339s
[ Info: iter=5459 obj=1.419080008929427e6 pinf=0.0 (0) dinf=4.6599574694384867e8 (10977) time=55.301700738s
[ Info: iter=5460 obj=1.419080008929427e6 pinf=0.0 (0) dinf=4.65644778610735e8 (10975) time=55.354622837s
[ Info: iter=5461 obj=1.419080008929427e6 pinf=0.0 (0) dinf=4.655845472551314e8 (10975) time=55.406881336s
[ Info: iter=5462 obj=1.419080008929427e6 pinf=0.0 (0) dinf=4.652505531744998e8 (10970) time=55.462105735s
[ Info: iter=5463 obj=1.419080008929427e6 pinf=0.0 (0) dinf=4.651017696554859e8 (10969) time=55.517170935s
[ Info: iter=5464 obj=1.419080008929427e6 pinf=0.0 (0) dinf=4.649837394981567e8 (10968) time=55.572680234s
[ Info: iter=5465 obj=1.419080008929427e6 pinf=0.0 (0) dinf=4.6482548347719604e8 (10967) time=55.626505733s
[ Info: iter=5466 obj=1.419080008929427e6 pinf=0.0 (0) dinf=4.6470305954348534e8 (10964) time=55.679460032s
[ Info: iter=5469 obj=1.419080008929427e6 pinf=0.0 (0) dinf=4.6463971364450234e8 (10964) time=55.741038931s
[ Info: iter=5470 obj=1.419080008929427e6 pinf=0.0 (0) dinf=4.6459458439743847e8 (10964) time=55.79534333s
[ Info: iter=5471 obj=1.419080008929427e6 pinf=0.0 (0) dinf=4.6451286651074713e8 (10963) time=55.849290929s
[ Info: iter=5472 obj=1.419080008929427e6 pinf=0.0 (0) dinf=4.644052347151663e8 (10962) time=55.903846528s
[ Info: iter=5473 obj=1.419080008929427e6 pinf=0.0 (0) dinf=4.642910401354458e8 (10961) time=55.960584727s
[ Info: iter=5474 obj=1.419080008929427e6 pinf=0.0 (0) dinf=4.641681063190133e8 (10960) time=56.015318726s
[ Info: iter=5475 obj=1.419080008929427e6 pinf=0.0 (0) dinf=4.6404376572358185e8 (10959) time=56.070412125s
[ Info: iter=5476 obj=1.419080008929427e6 pinf=0.0 (0) dinf=4.639131871619435e8 (10958) time=56.126412624s
[ Info: iter=5477 obj=1.419080008929427e6 pinf=0.0 (0) dinf=4.6378110235208446e8 (10957) time=56.185045123s
[ Info: iter=5478 obj=1.419080008929427e6 pinf=0.0 (0) dinf=4.6377968064359134e8 (10954) time=56.243019923s
[ Info: iter=5479 obj=1.419080008929427e6 pinf=0.0 (0) dinf=4.6377935421122915e8 (10951) time=56.299202622s
[ Info: iter=5480 obj=1.419080008929427e6 pinf=0.0 (0) dinf=4.637790032556426e8 (10948) time=56.356993821s
[ Info: iter=5481 obj=1.419080008929427e6 pinf=0.0 (0) dinf=4.637810489884613e8 (10949) time=56.428126219s
[ Info: iter=5482 obj=1.419080008929427e6 pinf=0.0 (0) dinf=4.8314494609269637e8 (10961) time=56.513114318s
[ Info: iter=5483 obj=1.419080008929427e6 pinf=0.0 (0) dinf=4.646167577188074e8 (10950) time=56.596215917s
[ Info: iter=5484 obj=1.419080008929427e6 pinf=0.0 (0) dinf=4.6674009736423045e8 (10956) time=56.678204615s
[ Info: iter=5485 obj=1.419080008929427e6 pinf=0.0 (0) dinf=4.654519789021602e8 (10951) time=56.761373514s
[ Info: iter=5486 obj=1.419080008929427e6 pinf=0.0 (0) dinf=4.913255357240599e8 (10941) time=56.847436612s
[ Info: iter=5487 obj=1.419080008929427e6 pinf=0.0 (0) dinf=4.9088322283782583e8 (10938) time=56.921484811s
[ Info: iter=5488 obj=1.419080008929427e6 pinf=0.0 (0) dinf=4.844956385244338e8 (10932) time=57.00502451s
[ Info: iter=5489 obj=1.419080008929427e6 pinf=0.0 (0) dinf=4.8395839343094623e8 (10928) time=57.060469609s
[ Info: iter=5490 obj=1.419080008929427e6 pinf=0.0 (0) dinf=4.834630757473098e8 (10934) time=57.119543108s
[ Info: iter=5491 obj=1.419080008929427e6 pinf=0.0 (0) dinf=4.834213730092951e8 (10928) time=57.177242007s
[ Info: iter=5492 obj=1.419080008929427e6 pinf=0.0 (0) dinf=4.957280537070416e8 (10939) time=57.259983506s
[ Info: iter=5493 obj=1.419080008929427e6 pinf=0.0 (0) dinf=5.130226564874192e8 (10940) time=57.348234804s
[ Info: iter=5494 obj=1.419080008929427e6 pinf=0.0 (0) dinf=5.1232378494125855e8 (10934) time=57.431789803s
[ Info: iter=5495 obj=1.419080008929427e6 pinf=0.0 (0) dinf=5.11625061563311e8 (10932) time=57.518746101s
[ Info: iter=5496 obj=1.419080008929427e6 pinf=0.0 (0) dinf=5.0938092199632335e8 (10924) time=57.6090773s
[ Info: iter=5497 obj=1.419080008929427e6 pinf=0.0 (0) dinf=5.087446060602714e8 (10925) time=57.694708198s
[ Info: iter=5498 obj=1.419080008929427e6 pinf=0.0 (0) dinf=5.082382741594616e8 (10932) time=57.778231497s
[ Info: iter=5499 obj=1.419080008929427e6 pinf=0.0 (0) dinf=5.0822585842763627e8 (10930) time=57.863459796s
[ Info: iter=5500 obj=1.419080008929427e6 pinf=0.0 (0) dinf=5.080901868831606e8 (10924) time=57.946335694s
[ Info: iter=5501 obj=1.419080008929427e6 pinf=0.0 (0) dinf=5.0718998119706464e8 (10925) time=58.031201493s
[ Info: iter=5502 obj=1.419080008929427e6 pinf=0.0 (0) dinf=5.0718740989200854e8 (10925) time=58.115426092s
[ Info: iter=5503 obj=1.419080008929427e6 pinf=0.0 (0) dinf=5.071652726890658e8 (10923) time=58.20294309s
[ Info: iter=5504 obj=1.419080008929427e6 pinf=0.0 (0) dinf=5.06607528300954e8 (10927) time=58.287246889s
[ Info: iter=5505 obj=1.419080008929427e6 pinf=0.0 (0) dinf=5.0570732268699384e8 (10928) time=58.371397687s
[ Info: iter=5506 obj=1.419080008929427e6 pinf=0.0 (0) dinf=5.0570232312157047e8 (10928) time=58.453981586s
[ Info: iter=5507 obj=1.419080008929427e6 pinf=0.0 (0) dinf=5.051162431750696e8 (10929) time=58.536600985s
[ Info: iter=5508 obj=1.419080008929427e6 pinf=0.0 (0) dinf=5.051338323385086e8 (10929) time=58.624368583s
[ Info: iter=5509 obj=1.419080008929427e6 pinf=0.0 (0) dinf=5.043438456140794e8 (10930) time=58.707127982s
[ Info: iter=5510 obj=1.419080008929427e6 pinf=0.0 (0) dinf=5.0432170841778785e8 (10928) time=58.79655478s
[ Info: iter=5511 obj=1.419080008929427e6 pinf=0.0 (0) dinf=5.0301225864774305e8 (10930) time=58.881629079s
[ Info: iter=5512 obj=1.419080008929427e6 pinf=0.0 (0) dinf=5.0183707459647375e8 (10936) time=58.968081277s
[ Info: iter=5513 obj=1.419080008929427e6 pinf=0.0 (0) dinf=5.017026942552139e8 (10931) time=59.030726976s
[ Info: iter=5514 obj=1.419080008929427e6 pinf=0.0 (0) dinf=5.0167885394217235e8 (10930) time=59.113796575s
[ Info: iter=5515 obj=1.419080008929427e6 pinf=0.0 (0) dinf=5.0165501243881875e8 (10930) time=59.203973273s
[ Info: iter=5516 obj=1.419080008929427e6 pinf=0.0 (0) dinf=5.0164868422495323e8 (10930) time=59.291938872s
[ Info: iter=5517 obj=1.419080008929427e6 pinf=0.0 (0) dinf=5.01630804256234e8 (10928) time=59.38424527s
[ Info: iter=5518 obj=1.419080008929427e6 pinf=0.0 (0) dinf=5.0162994167307514e8 (10926) time=59.468383969s
[ Info: iter=5519 obj=1.419080008929427e6 pinf=0.0 (0) dinf=5.016290789655836e8 (10924) time=59.551550967s
[ Info: iter=5520 obj=1.419080008929427e6 pinf=0.0 (0) dinf=5.00796519780554e8 (10926) time=59.634298166s
[ Info: iter=5521 obj=1.419080008929427e6 pinf=0.0 (0) dinf=5.007573772379485e8 (10923) time=59.715561164s
[ Info: iter=5522 obj=1.419080008929427e6 pinf=0.0 (0) dinf=4.999678474002427e8 (10925) time=59.798889863s
[ Info: iter=5523 obj=1.419080008929427e6 pinf=0.0 (0) dinf=4.999322902085706e8 (10922) time=59.881126761s
[ Info: iter=5524 obj=1.419080008929427e6 pinf=0.0 (0) dinf=4.991801229658444e8 (10924) time=59.96735546s
[ Info: iter=5525 obj=1.419080008929427e6 pinf=0.0 (0) dinf=4.991381801937958e8 (10921) time=60.054247958s
[ Info: iter=5526 obj=1.419080008929427e6 pinf=0.0 (0) dinf=4.991381801937958e8 (10920) time=60.140296157s
[ Info: iter=5527 obj=1.419080008929427e6 pinf=0.0 (0) dinf=4.99325432362128e8 (10919) time=60.223028855s
[ Info: iter=5528 obj=1.419080008929427e6 pinf=0.0 (0) dinf=4.9849716265078235e8 (10920) time=60.312365754s
[ Info: iter=5529 obj=1.419080008929427e6 pinf=0.0 (0) dinf=4.984928406213801e8 (10916) time=60.395861252s
[ Info: iter=5530 obj=1.419080008929427e6 pinf=0.0 (0) dinf=4.984944864711331e8 (10916) time=60.477511851s
[ Info: iter=5531 obj=1.419080008929427e6 pinf=0.0 (0) dinf=4.984968139822384e8 (10916) time=60.557100849s
[ Info: iter=5532 obj=1.419080008929427e6 pinf=0.0 (0) dinf=4.984991414964937e8 (10916) time=60.641333748s
[ Info: iter=5533 obj=1.419080008929427e6 pinf=0.0 (0) dinf=4.9850146904392886e8 (10917) time=60.721559647s
[ Info: iter=5534 obj=1.419080008929427e6 pinf=0.0 (0) dinf=4.992287431104549e8 (10915) time=60.804029545s
[ Info: iter=5535 obj=1.4190800089294272e6 pinf=0.0 (0) dinf=5.009634781883558e8 (10917) time=60.885675344s
[ Info: iter=5536 obj=1.4190800089294272e6 pinf=0.0 (0) dinf=5.002671209010925e8 (10916) time=60.961431142s
[ Info: iter=5537 obj=1.4190800089294272e6 pinf=0.0 (0) dinf=5.00269718322032e8 (10915) time=61.046185841s
[ Info: iter=5538 obj=1.4190800089294272e6 pinf=0.0 (0) dinf=5.002674118566736e8 (10915) time=61.130764739s
[ Info: iter=5539 obj=1.4190800089294272e6 pinf=0.0 (0) dinf=5.002674118566736e8 (10915) time=61.216527138s
[ Info: iter=5540 obj=1.4190800089294272e6 pinf=0.0 (0) dinf=5.0099934733800423e8 (10915) time=61.302484236s
[ Info: iter=5541 obj=1.4190800089294272e6 pinf=0.0 (0) dinf=5.912018175115292e8 (10918) time=61.395211835s
[ Info: iter=5542 obj=1.4190800089294272e6 pinf=0.0 (0) dinf=5.911875120184346e8 (10916) time=61.459042934s
[ Info: iter=5543 obj=1.4190800089294272e6 pinf=0.0 (0) dinf=4.962336214940729e8 (10920) time=61.517049033s
[ Info: iter=5544 obj=1.4190800089294272e6 pinf=0.0 (0) dinf=4.9607432399530125e8 (10923) time=61.605614931s
[ Info: iter=5545 obj=1.4190800089294272e6 pinf=0.0 (0) dinf=4.9591502649652946e8 (10926) time=61.69706713s
[ Info: iter=5546 obj=1.4190800089294272e6 pinf=0.0 (0) dinf=4.957557289977579e8 (10929) time=61.787171428s
[ Info: iter=5547 obj=1.4190800089294272e6 pinf=0.0 (0) dinf=4.965455342635344e8 (10928) time=61.880712826s
[ Info: iter=5548 obj=1.419080008929427e6 pinf=0.0 (0) dinf=5.0016829498371285e8 (10930) time=61.955226825s
[ Info: iter=5549 obj=1.419080008929427e6 pinf=0.0 (0) dinf=4.992159983068884e8 (10930) time=62.030078024s
[ Info: iter=5550 obj=1.419080008929427e6 pinf=0.0 (0) dinf=4.98260875497635e8 (10930) time=62.099993723s
[ Info: iter=5551 obj=1.419080008929427e6 pinf=0.0 (0) dinf=4.973240161244251e8 (10929) time=62.173872021s
[ Info: iter=5552 obj=1.419080008929427e6 pinf=0.0 (0) dinf=4.972902143850147e8 (10927) time=62.24816512s
[ Info: iter=5553 obj=1.419080008929427e6 pinf=0.0 (0) dinf=4.96335041646187e8 (10926) time=62.317695019s
[ Info: iter=5554 obj=1.419080008929427e6 pinf=0.0 (0) dinf=4.963009987218545e8 (10924) time=62.387585818s
[ Info: iter=5555 obj=1.419080008929427e6 pinf=0.0 (0) dinf=4.961318249612444e8 (10921) time=62.475379116s
[ Info: iter=5556 obj=1.419080008929427e6 pinf=0.0 (0) dinf=4.959626512006345e8 (10918) time=62.561790214s
[ Info: iter=5557 obj=1.419080008929427e6 pinf=0.0 (0) dinf=4.9613096702563e8 (10918) time=62.648469913s
[ Info: iter=5558 obj=1.419080008929427e6 pinf=0.0 (0) dinf=4.9610751067312986e8 (10915) time=62.736370611s
[ Info: iter=5559 obj=1.419080008929427e6 pinf=0.0 (0) dinf=4.958612536572938e8 (10914) time=62.82031841s
[ Info: iter=5560 obj=1.419080008929427e6 pinf=0.0 (0) dinf=4.962993449049878e8 (10922) time=62.891838809s
[ Info: iter=5561 obj=1.419080008929427e6 pinf=0.0 (0) dinf=4.962984910670157e8 (10919) time=62.978185807s
[ Info: iter=5562 obj=1.419080008929427e6 pinf=0.0 (0) dinf=4.9567389770308983e8 (10920) time=63.062338506s
[ Info: iter=5563 obj=1.419080008929427e6 pinf=0.0 (0) dinf=4.9567165797790205e8 (10920) time=63.154277704s
[ Info: iter=5564 obj=1.419080008929427e6 pinf=0.0 (0) dinf=4.9567080413992995e8 (10917) time=63.271971902s
[ Info: iter=5565 obj=1.419080008929427e6 pinf=0.0 (0) dinf=4.955846189173372e8 (10918) time=63.360116701s
[ Info: iter=5566 obj=1.419080008929427e6 pinf=0.0 (0) dinf=4.954957062197329e8 (10918) time=63.452644399s
[ Info: iter=5567 obj=1.419080008929427e6 pinf=0.0 (0) dinf=4.9549485238176066e8 (10915) time=63.542985497s
[ Info: iter=5568 obj=1.419080008929427e6 pinf=0.0 (0) dinf=4.953604668650023e8 (10915) time=63.633086296s
[ Info: iter=5569 obj=1.419080008929427e6 pinf=0.0 (0) dinf=4.9524058035040426e8 (10913) time=63.720995494s
[ Info: iter=5570 obj=1.419080008929427e6 pinf=0.0 (0) dinf=4.9510327003702426e8 (10911) time=63.806572393s
[ Info: iter=5571 obj=1.419080008929427e6 pinf=0.0 (0) dinf=4.9582059183870155e8 (10912) time=63.896220391s
[ Info: iter=5572 obj=1.419080008929427e6 pinf=0.0 (0) dinf=4.95221926284804e8 (10910) time=63.98508369s
[ Info: iter=5573 obj=1.419080008929427e6 pinf=0.0 (0) dinf=4.943958474628982e8 (10910) time=64.077827188s
[ Info: iter=5574 obj=1.419080008929427e6 pinf=0.0 (0) dinf=4.943989878933031e8 (10909) time=64.157709587s
[ Info: iter=5575 obj=1.419080008929427e6 pinf=0.0 (0) dinf=4.943967165390571e8 (10909) time=64.237936985s
[ Info: iter=5576 obj=1.419080008929427e6 pinf=0.0 (0) dinf=4.9439444518481106e8 (10909) time=64.317646184s
[ Info: iter=5577 obj=1.419080008929427e6 pinf=0.0 (0) dinf=4.9439217383056504e8 (10909) time=64.397962682s
[ Info: iter=5578 obj=1.419080008929427e6 pinf=0.0 (0) dinf=4.943938427257673e8 (10909) time=64.477257381s
[ Info: iter=5579 obj=1.419080008929427e6 pinf=0.0 (0) dinf=7.56550762894199e8 (10907) time=64.55527708s
[ Info: iter=5580 obj=1.419080008929427e6 pinf=0.0 (0) dinf=7.5219632230935e8 (10907) time=64.633492678s
[ Info: iter=5581 obj=1.419080008929427e6 pinf=0.0 (0) dinf=7.521963223093501e8 (10906) time=64.703695377s
[ Info: iter=5584 obj=1.419080008929427e6 pinf=0.0 (0) dinf=7.520528317573652e8 (10904) time=64.804663675s
[ Info: iter=5585 obj=1.419080008929427e6 pinf=0.0 (0) dinf=7.558879642216151e8 (10900) time=64.895446574s
[ Info: iter=5586 obj=1.419080008929427e6 pinf=0.0 (0) dinf=7.55887963966995e8 (10899) time=64.950531873s
[ Info: iter=5587 obj=1.419080008929427e6 pinf=0.0 (0) dinf=7.557497911803613e8 (10897) time=65.006050072s
[ Info: iter=5588 obj=1.419080008929427e6 pinf=0.0 (0) dinf=7.557443329400095e8 (10897) time=65.070509271s
[ Info: iter=5589 obj=1.419080008929427e6 pinf=0.0 (0) dinf=7.551636895210181e8 (10894) time=65.162786869s
[ Info: iter=5590 obj=1.419080008929427e6 pinf=0.0 (0) dinf=7.546485416384376e8 (10891) time=65.243741568s
[ Info: iter=5591 obj=1.419080008929427e6 pinf=0.0 (0) dinf=7.543480862835293e8 (10890) time=65.324188766s
[ Info: iter=5592 obj=1.419080008929427e6 pinf=0.0 (0) dinf=7.545100463869777e8 (10881) time=65.413550765s
[ Info: iter=5593 obj=1.419080008929427e6 pinf=0.0 (0) dinf=7.523662421943487e8 (10879) time=65.508109663s
[ Info: iter=5594 obj=1.419080008929427e6 pinf=0.0 (0) dinf=7.526332873288221e8 (10881) time=65.595142561s
[ Info: iter=5595 obj=1.419080008929427e6 pinf=0.0 (0) dinf=7.524652122397139e8 (10878) time=65.67924656s
[ Info: iter=5596 obj=1.419080008929427e6 pinf=0.0 (0) dinf=7.52463215793634e8 (10878) time=65.772008058s
[ Info: iter=5597 obj=1.419080008929427e6 pinf=0.0 (0) dinf=7.524612939681983e8 (10878) time=65.860843157s
[ Info: iter=5598 obj=1.419080008929427e6 pinf=0.0 (0) dinf=7.52455112101887e8 (10878) time=65.959948655s
[ Info: iter=5599 obj=1.419080008929427e6 pinf=0.0 (0) dinf=7.576271703187728e8 (10879) time=66.050419754s
[ Info: iter=5600 obj=1.419080008929427e6 pinf=0.0 (0) dinf=7.554105605301765e8 (10875) time=66.118053652s
[ Info: iter=5601 obj=1.419080008929427e6 pinf=0.0 (0) dinf=7.552124288873507e8 (10872) time=66.186389351s
[ Info: iter=5602 obj=1.419080008929427e6 pinf=0.0 (0) dinf=7.552124288873507e8 (10872) time=66.25316325s
[ Info: iter=5603 obj=1.419080008929427e6 pinf=0.0 (0) dinf=7.552116807721057e8 (10871) time=66.318870349s
[ Info: iter=5604 obj=1.419080008929427e6 pinf=0.0 (0) dinf=7.558061873757102e8 (10881) time=66.384838748s
[ Info: iter=5605 obj=1.419080008929427e6 pinf=0.0 (0) dinf=7.757437070099814e8 (10885) time=66.454114146s
[ Info: iter=5606 obj=1.419080008929427e6 pinf=0.0 (0) dinf=7.559019363426605e8 (10883) time=66.524755345s
[ Info: iter=5607 obj=1.419080008929427e6 pinf=0.0 (0) dinf=7.761116319922503e8 (10885) time=66.583853444s
[ Info: iter=5608 obj=1.419080008929427e6 pinf=0.0 (0) dinf=7.761153838435576e8 (10885) time=66.638525443s
[ Info: iter=5609 obj=1.4190800089294293e6 pinf=0.0 (0) dinf=7.734139210566834e8 (10892) time=66.697805242s
[ Info: iter=5610 obj=1.419080008929427e6 pinf=0.0 (0) dinf=7.645384496701511e8 (10886) time=66.760506341s
[ Info: iter=5611 obj=1.4190800089294254e6 pinf=0.0 (0) dinf=7.654562970881621e8 (10886) time=66.82266314s
[ Info: iter=5612 obj=1.4190800089294254e6 pinf=0.0 (0) dinf=7.774800534349941e8 (10883) time=66.883936336s
[ Info: iter=5613 obj=1.4190800089294254e6 pinf=0.0 (0) dinf=7.768266529608186e8 (10889) time=66.94494043s
[ Info: iter=5614 obj=1.4190800089294254e6 pinf=0.0 (0) dinf=7.603684550223539e8 (10886) time=67.009093824s
[ Info: iter=5615 obj=1.4190800089294265e6 pinf=0.0 (0) dinf=8.12900953045113e8 (10893) time=67.066657519s
[ Info: iter=5616 obj=1.4190800089294265e6 pinf=0.0 (0) dinf=7.981028250159253e8 (10888) time=67.124632414s
[ Info: iter=5617 obj=1.4190800089294265e6 pinf=0.0 (0) dinf=8.014445129604548e8 (10888) time=67.185439508s
[ Info: iter=5618 obj=1.4190800089294265e6 pinf=0.0 (0) dinf=8.024574662154094e8 (10888) time=67.245388702s
[ Info: iter=5619 obj=1.4190800089294265e6 pinf=0.0 (0) dinf=1.0939265648864195e9 (10887) time=67.305534397s
[ Info: iter=5620 obj=1.4190800089294265e6 pinf=0.0 (0) dinf=1.0939272503696444e9 (10882) time=67.366709491s
[ Info: iter=5621 obj=1.4190800089294254e6 pinf=0.0 (0) dinf=1.375924265973432e9 (10877) time=67.425637486s
[ Info: iter=5622 obj=1.4190800089294277e6 pinf=0.0 (0) dinf=1.1894113367479389e9 (10872) time=67.492847679s
[ Info: iter=5623 obj=1.4190800089294254e6 pinf=0.0 (0) dinf=1.5495758658376448e9 (10871) time=67.561862773s
[ Info: iter=5624 obj=1.4190800089294254e6 pinf=0.0 (0) dinf=3.691267779896705e9 (10870) time=67.628434667s
[ Info: iter=5625 obj=1.4190800089294254e6 pinf=0.0 (0) dinf=2.906305584589871e9 (10871) time=67.695437361s
[ Info: iter=5626 obj=1.4190800089294254e6 pinf=0.0 (0) dinf=2.092015577636632e9 (10870) time=67.760436955s
[ Info: iter=5627 obj=1.4190800089294254e6 pinf=0.0 (0) dinf=2.0916658776305294e9 (10870) time=67.829479348s
[ Info: iter=5628 obj=1.4190800089294254e6 pinf=0.0 (0) dinf=2.086577938838379e9 (10869) time=67.898305842s
[ Info: iter=5629 obj=1.4190800089294254e6 pinf=0.0 (0) dinf=2.0913161758039618e9 (10870) time=67.966851935s
[ Info: iter=5630 obj=1.4190800089294254e6 pinf=0.0 (0) dinf=3.7017959772074437e9 (10869) time=68.036473029s
[ Info: iter=5631 obj=1.4190800089294254e6 pinf=0.0 (0) dinf=2.490382442479976e9 (10866) time=68.106759022s
[ Info: iter=5632 obj=1.4190800089294254e6 pinf=0.0 (0) dinf=2.3571269536278434e9 (10866) time=68.176448816s
[ Info: iter=5633 obj=1.4190800089294254e6 pinf=0.0 (0) dinf=3.9676066472638783e9 (10865) time=68.248823709s
[ Info: iter=5634 obj=1.4190800089294254e6 pinf=0.0 (0) dinf=2.756193195621224e9 (10861) time=68.318668103s
[ Info: iter=5635 obj=1.4190800089294254e6 pinf=0.0 (0) dinf=2.6229376683713336e9 (10861) time=68.390708696s
[ Info: iter=5636 obj=1.4190800089294256e6 pinf=0.0 (0) dinf=3.9189353510897717e9 (10863) time=68.45741649s
[ Info: iter=5637 obj=1.4190800089294256e6 pinf=0.0 (0) dinf=3.977376545352422e9 (10862) time=68.527495683s
[ Info: iter=5638 obj=1.4190800089294256e6 pinf=0.0 (0) dinf=3.985027767150952e9 (10863) time=68.602776476s
[ Info: iter=5639 obj=1.4190800089294256e6 pinf=0.0 (0) dinf=4.0016258038794794e9 (10866) time=68.679626269s
[ Info: iter=5640 obj=1.4190800089294256e6 pinf=0.0 (0) dinf=4.001510421149458e9 (10861) time=68.762123161s
[ Info: iter=5641 obj=1.4190800089294256e6 pinf=0.0 (0) dinf=4.0015031329366617e9 (10857) time=68.836749255s
[ Info: iter=5642 obj=1.4190800089294256e6 pinf=0.0 (0) dinf=4.0013093004664507e9 (10852) time=68.912613247s
[ Info: iter=5643 obj=1.4190800089294256e6 pinf=0.0 (0) dinf=4.0012744613261547e9 (10851) time=68.98959674s
[ Info: iter=5644 obj=1.419080008929496e6 pinf=0.0 (0) dinf=3.9988365014452477e9 (10856) time=69.069405033s
[ Info: iter=5645 obj=1.419080008929496e6 pinf=0.0 (0) dinf=3.9984813435991516e9 (10853) time=69.144570726s
[ Info: iter=5646 obj=1.419080008929496e6 pinf=0.0 (0) dinf=3.997940623186216e9 (10851) time=69.220892719s
[ Info: iter=5647 obj=1.419080008929496e6 pinf=0.0 (0) dinf=3.997936442732601e9 (10852) time=69.293322912s
[ Info: iter=5648 obj=1.4190800089295113e6 pinf=0.0 (0) dinf=4.0027575136406007e9 (10851) time=69.368619505s
[ Info: iter=5649 obj=1.419080008929511e6 pinf=0.0 (0) dinf=3.997780940621393e9 (10849) time=69.441880698s
[ Info: iter=5650 obj=1.419080008929511e6 pinf=0.0 (0) dinf=3.997121913764983e9 (10845) time=69.514273392s
[ Info: iter=5651 obj=1.4190800089295083e6 pinf=0.0 (0) dinf=3.996622206280664e9 (10842) time=69.593616184s
[ Info: iter=5652 obj=1.4190800089295083e6 pinf=0.0 (0) dinf=4.064583612037298e9 (10845) time=69.667180177s
[ Info: iter=5653 obj=1.4190800089294221e6 pinf=0.0 (0) dinf=4.026182787105608e9 (10864) time=69.740034671s
[ Info: iter=5654 obj=1.4190800089294245e6 pinf=0.0 (0) dinf=4.024935042137057e9 (10864) time=69.811727364s
[ Info: iter=5655 obj=1.4190800089295376e6 pinf=0.0 (0) dinf=4.023706616162806e9 (10863) time=69.885328657s
[ Info: iter=5656 obj=1.4190800089295502e6 pinf=0.0 (0) dinf=3.989041007596505e9 (10840) time=69.953259551s
[ Info: iter=5657 obj=1.4190800089295502e6 pinf=0.0 (0) dinf=3.98890495384235e9 (10838) time=70.025381444s
[ Info: iter=5658 obj=1.4190800089295502e6 pinf=0.0 (0) dinf=3.9889442253261585e9 (10839) time=70.095702038s
[ Info: iter=5659 obj=1.4190800089295502e6 pinf=0.0 (0) dinf=3.9890030060250044e9 (10838) time=70.164589331s
[ Info: iter=5660 obj=1.4190800089295502e6 pinf=0.0 (0) dinf=3.988975208795517e9 (10838) time=70.233389725s
[ Info: iter=5661 obj=1.4190800089295502e6 pinf=0.0 (0) dinf=3.9889474115660295e9 (10838) time=70.304350618s
[ Info: iter=5662 obj=1.4190800089295502e6 pinf=0.0 (0) dinf=3.991175971214346e9 (10836) time=70.372220512s
[ Info: iter=5663 obj=1.4190800089295502e6 pinf=0.0 (0) dinf=3.988889534612823e9 (10836) time=70.441304705s
[ Info: iter=5664 obj=1.4190800089295502e6 pinf=0.0 (0) dinf=3.9858706917882905e9 (10833) time=70.513756099s
[ Info: iter=5665 obj=1.4190800089295502e6 pinf=0.0 (0) dinf=3.986143114545255e9 (10834) time=70.584416592s
[ Info: iter=5666 obj=1.4190800089295502e6 pinf=0.0 (0) dinf=3.98540936381847e9 (10833) time=70.656100785s
[ Info: iter=5667 obj=1.4190800089295502e6 pinf=0.0 (0) dinf=3.983630452309885e9 (10832) time=70.725011179s
[ Info: iter=5668 obj=1.4190800089295502e6 pinf=0.0 (0) dinf=3.981851405746847e9 (10831) time=70.794054973s
[ Info: iter=5669 obj=1.4190800089295502e6 pinf=0.0 (0) dinf=3.9808456995956182e9 (10830) time=70.862539166s
[ Info: iter=5670 obj=1.4190800089295502e6 pinf=0.0 (0) dinf=3.9798396369006357e9 (10829) time=70.93371626s
[ Info: iter=5671 obj=1.4190800089295502e6 pinf=0.0 (0) dinf=3.9786726908512607e9 (10829) time=71.002572953s
[ Info: iter=5672 obj=1.4190800089295502e6 pinf=0.0 (0) dinf=3.9778141199189625e9 (10829) time=71.072949147s
[ Info: iter=5673 obj=1.4190800089295502e6 pinf=0.0 (0) dinf=3.977814119918962e9 (10828) time=71.14076304s
[ Info: iter=5674 obj=1.4190800089295376e6 pinf=0.0 (0) dinf=3.986505889585726e9 (10852) time=71.211720334s
[ Info: iter=5675 obj=1.4190800089295502e6 pinf=0.0 (0) dinf=3.976781295864681e9 (10831) time=71.282642427s
[ Info: iter=5676 obj=1.4190800089295502e6 pinf=0.0 (0) dinf=3.976904593658029e9 (10832) time=71.35541092s
[ Info: iter=5677 obj=1.4190800089295502e6 pinf=0.0 (0) dinf=3.977225049691995e9 (10837) time=71.426227514s
[ Info: iter=5678 obj=1.419080008929547e6 pinf=0.0 (0) dinf=4.005143494835704e9 (10841) time=71.497886107s
[ Info: iter=5679 obj=1.419080008929547e6 pinf=0.0 (0) dinf=4.000610620900845e9 (10829) time=71.5775387s
[ Info: iter=5680 obj=1.419080008929547e6 pinf=0.0 (0) dinf=4.0254550465686097e9 (10828) time=71.654944593s
[ Info: iter=5681 obj=1.419080008929547e6 pinf=0.0 (0) dinf=4.093155744766798e9 (10827) time=71.726972886s
[ Info: iter=5682 obj=1.4190800089295679e6 pinf=0.0 (0) dinf=4.067406296905978e9 (10826) time=71.797897379s
[ Info: iter=5683 obj=1.4190800089295967e6 pinf=0.0 (0) dinf=4.0316431748770256e9 (10825) time=71.869813673s
[ Info: iter=5684 obj=1.4190800089294182e6 pinf=0.0 (0) dinf=4.321663056445298e9 (10833) time=71.940053566s
[ Info: iter=5685 obj=1.4190800089294182e6 pinf=0.0 (0) dinf=4.2872186498322716e9 (10831) time=72.016348359s
[ Info: iter=5686 obj=1.4190800089294182e6 pinf=0.0 (0) dinf=4.245349630042847e9 (10830) time=72.093265752s
[ Info: iter=5687 obj=1.4190800089294182e6 pinf=0.0 (0) dinf=4.255665052892122e9 (10829) time=72.173589944s
[ Info: iter=5688 obj=1.4190800089294182e6 pinf=0.0 (0) dinf=4.114155959216353e9 (10827) time=72.246000338s
[ Info: iter=5689 obj=1.4190800089294182e6 pinf=0.0 (0) dinf=4.315629768781356e9 (10825) time=72.318647631s
[ Info: iter=5690 obj=1.4190800089294182e6 pinf=0.0 (0) dinf=4.315629768781357e9 (10824) time=72.391250724s
[ Info: iter=5691 obj=1.4190800089294182e6 pinf=0.0 (0) dinf=5.151514898866985e9 (10828) time=72.462305618s
[ Info: iter=5692 obj=1.4190800089294182e6 pinf=0.0 (0) dinf=5.151514898866985e9 (10828) time=72.53929151s
[ Info: iter=5693 obj=1.4190800089294182e6 pinf=0.0 (0) dinf=5.794503413704593e9 (10827) time=72.617913303s
[ Info: iter=5694 obj=1.4190800089294182e6 pinf=0.0 (0) dinf=7.126775371752291e9 (10826) time=72.697408096s
[ Info: iter=5695 obj=1.4190800089294182e6 pinf=0.0 (0) dinf=1.8010637538783527e10 (10834) time=72.782482788s
[ Info: iter=5696 obj=1.4190800089294182e6 pinf=0.0 (0) dinf=1.3426156241399431e10 (10813) time=72.861008581s
[ Info: iter=5697 obj=1.4190800089294182e6 pinf=0.0 (0) dinf=4.00627114546526e9 (10815) time=72.936629173s
[ Info: iter=5698 obj=1.4190800089294182e6 pinf=0.0 (0) dinf=4.0422428731934104e9 (10835) time=73.018056466s
[ Info: iter=5699 obj=1.4190800089294182e6 pinf=0.0 (0) dinf=4.0392139719976697e9 (10829) time=73.101182358s
[ Info: iter=5700 obj=1.4190800089294182e6 pinf=0.0 (0) dinf=4.0648980198749766e9 (10838) time=73.183891451s
[ Info: iter=5701 obj=1.4190800089294182e6 pinf=0.0 (0) dinf=4.0638543213660254e9 (10840) time=73.273870242s
[ Info: iter=5702 obj=1.4190800089294182e6 pinf=0.0 (0) dinf=4.054474598674482e9 (10839) time=73.361982734s
[ Info: iter=5703 obj=1.4190800089294182e6 pinf=0.0 (0) dinf=4.052337308307774e9 (10845) time=73.445093026s
[ Info: iter=5704 obj=1.4190800089294182e6 pinf=0.0 (0) dinf=4.051846497927296e9 (10843) time=73.526518019s
[ Info: iter=5705 obj=1.4190800089294182e6 pinf=0.0 (0) dinf=4.0539363382689347e9 (10845) time=73.612468011s
[ Info: iter=5706 obj=1.4190800089294182e6 pinf=0.0 (0) dinf=4.0560261787064767e9 (10847) time=73.707881902s
[ Info: iter=5707 obj=1.4190800089294182e6 pinf=0.0 (0) dinf=4.0541900380563884e9 (10849) time=73.796400594s
[ Info: iter=5708 obj=1.4190800089294182e6 pinf=0.0 (0) dinf=4.0521124620641828e9 (10851) time=73.883958485s
[ Info: iter=5709 obj=1.4190800089294182e6 pinf=0.0 (0) dinf=4.052093937831328e9 (10851) time=73.972070477s
PROGRESS iter=6000 refs=887 pinf=0.0 working_objective=605519.5025246693
[ Info: iter=5710 obj=1.4190800089294182e6 pinf=0.0 (0) dinf=4.052073133153089e9 (10850) time=74.060094969s
[ Info: iter=5711 obj=1.4190800089294182e6 pinf=0.0 (0) dinf=4.052052328447737e9 (10849) time=74.149044261s
[ Info: iter=5712 obj=1.4190800089294182e6 pinf=0.0 (0) dinf=4.049775228601153e9 (10851) time=74.234718053s
[ Info: iter=5713 obj=1.4190800089294182e6 pinf=0.0 (0) dinf=4.049762065475222e9 (10851) time=74.324200945s
[ Info: iter=5714 obj=1.4190800089294182e6 pinf=0.0 (0) dinf=4.0497329179916396e9 (10850) time=74.411783236s
[ Info: iter=5715 obj=1.4190800089294182e6 pinf=0.0 (0) dinf=4.049703770480943e9 (10849) time=74.498328128s
[ Info: iter=5716 obj=1.4190800089294182e6 pinf=0.0 (0) dinf=4.04967520647142e9 (10849) time=74.58846322s
[ Info: iter=5717 obj=1.4190800089294182e6 pinf=0.0 (0) dinf=4.0496348483431687e9 (10848) time=74.674583012s
[ Info: iter=5718 obj=1.4190800089294182e6 pinf=0.0 (0) dinf=4.0495944901878057e9 (10847) time=74.766461203s
[ Info: iter=5719 obj=1.4190800089294182e6 pinf=0.0 (0) dinf=4.0482842018853116e9 (10846) time=74.853970595s
[ Info: iter=5720 obj=1.4190800089294182e6 pinf=0.0 (0) dinf=4.052753234815326e9 (10846) time=74.928456193s
[ Info: iter=5721 obj=1.4190800089294182e6 pinf=0.0 (0) dinf=4.079323790323553e9 (10852) time=75.003056192s
[ Info: iter=5722 obj=1.4190800089294182e6 pinf=0.0 (0) dinf=4.0864342717030993e9 (10856) time=75.08040489s
[ Info: iter=5723 obj=1.4190800089294182e6 pinf=0.0 (0) dinf=4.074153817275361e9 (10854) time=75.158190588s
[ Info: iter=5724 obj=1.4190800089294182e6 pinf=0.0 (0) dinf=4.073816950668274e9 (10853) time=75.242230687s
[ Info: iter=5725 obj=1.4190800089294182e6 pinf=0.0 (0) dinf=4.0734938274079742e9 (10852) time=75.317187885s
[ Info: iter=5726 obj=1.4190800089294182e6 pinf=0.0 (0) dinf=4.0731707041476746e9 (10851) time=75.393335484s
[ Info: iter=5727 obj=1.4190800089294182e6 pinf=0.0 (0) dinf=4.0734938274079742e9 (10852) time=75.473457282s
[ Info: iter=5728 obj=1.4190800089294182e6 pinf=0.0 (0) dinf=4.0975390652070103e9 (10841) time=75.55316988s
[ Info: iter=5729 obj=1.4190800089294182e6 pinf=0.0 (0) dinf=4.0990424647417946e9 (10845) time=75.628120879s
[ Info: iter=5730 obj=1.4190800089294182e6 pinf=0.0 (0) dinf=4.0590549375323834e9 (10849) time=75.711704277s
[ Info: iter=5731 obj=1.4190800089294182e6 pinf=0.0 (0) dinf=4.085544726679406e9 (10844) time=75.793581675s
[ Info: iter=5732 obj=1.4190800089294182e6 pinf=0.0 (0) dinf=4.0829417199067707e9 (10844) time=75.867912474s
[ Info: iter=5733 obj=1.4190800089294182e6 pinf=0.0 (0) dinf=4.0855459285161686e9 (10844) time=75.942157272s
[ Info: iter=5734 obj=1.4190800089294182e6 pinf=0.0 (0) dinf=4.0848030002648354e9 (10844) time=76.01650827s
[ Info: iter=5735 obj=1.4190800089294182e6 pinf=0.0 (0) dinf=4.084060072013503e9 (10844) time=76.095529469s
[ Info: iter=5736 obj=1.4190800089294182e6 pinf=0.0 (0) dinf=4.948095900489785e9 (10845) time=76.169519167s
[ Info: iter=5737 obj=1.4190800089294182e6 pinf=0.0 (0) dinf=4.96720171627287e9 (10849) time=76.244452566s
[ Info: iter=5738 obj=1.4190800089294182e6 pinf=0.0 (0) dinf=4.981885360071122e9 (10844) time=76.319627064s
[ Info: iter=5739 obj=1.4190800089294182e6 pinf=0.0 (0) dinf=4.785523815816041e9 (10843) time=76.396936662s
[ Info: iter=5740 obj=1.4190800089294182e6 pinf=0.0 (0) dinf=4.67034668279173e9 (10842) time=76.469605561s
[ Info: iter=5741 obj=1.4190800089294182e6 pinf=0.0 (0) dinf=4.386758702508176e9 (10841) time=76.544543359s
[ Info: iter=5742 obj=1.4190800089294182e6 pinf=0.0 (0) dinf=4.118082866807223e9 (10845) time=76.621458758s
[ Info: iter=5743 obj=1.4190800089294182e6 pinf=0.0 (0) dinf=4.087977692718941e9 (10845) time=76.692647356s
[ Info: iter=5744 obj=1.4190800089294182e6 pinf=0.0 (0) dinf=4.118096766696047e9 (10845) time=76.767614355s
[ Info: iter=5745 obj=1.4190800089294182e6 pinf=0.0 (0) dinf=4.109504401675513e9 (10845) time=76.842072053s
[ Info: iter=5746 obj=1.4190800089294182e6 pinf=0.0 (0) dinf=4.1009120366549788e9 (10845) time=76.914970852s
[ Info: iter=5747 obj=1.4190800089294182e6 pinf=0.0 (0) dinf=6.988157002957113e9 (10846) time=76.98823615s
[ Info: iter=5748 obj=1.4190800089294182e6 pinf=0.0 (0) dinf=6.524391536577303e9 (10845) time=77.070600448s
[ Info: iter=5749 obj=1.4190800089294182e6 pinf=0.0 (0) dinf=6.517946777917496e9 (10844) time=77.156625547s
[ Info: iter=5750 obj=1.4190800089294182e6 pinf=0.0 (0) dinf=6.51470669116164e9 (10842) time=77.239313745s
[ Info: iter=5752 obj=1.4190800089294203e6 pinf=0.0 (0) dinf=6.527014996933535e9 (10906) time=77.345180643s
[ Info: iter=5753 obj=1.4190800089294203e6 pinf=0.0 (0) dinf=6.527012972051955e9 (10904) time=77.410995241s
[ Info: iter=5754 obj=1.4190800089294203e6 pinf=0.0 (0) dinf=6.526995498400806e9 (10899) time=77.47487764s
[ Info: iter=5755 obj=1.4190800089294221e6 pinf=0.0 (0) dinf=6.511903799423756e9 (10835) time=77.538587239s
[ Info: iter=5756 obj=1.4190800089294221e6 pinf=0.0 (0) dinf=6.51271755911015e9 (10834) time=77.596310837s
[ Info: iter=5757 obj=1.419080008929707e6 pinf=0.0 (0) dinf=3.9766140624129634e9 (10839) time=77.657730736s
[ Info: iter=5758 obj=1.419080008929707e6 pinf=0.0 (0) dinf=3.9771030389326067e9 (10840) time=77.717955435s
[ Info: iter=5759 obj=1.419080008929707e6 pinf=0.0 (0) dinf=3.9773770566772656e9 (10841) time=77.787674633s
[ Info: iter=5760 obj=1.419080008929707e6 pinf=0.0 (0) dinf=3.9773006329494615e9 (10839) time=77.847920132s
[ Info: iter=5761 obj=1.419080008929707e6 pinf=0.0 (0) dinf=3.9769522096096077e9 (10836) time=77.907674131s
[ Info: iter=5762 obj=1.419080008929707e6 pinf=0.0 (0) dinf=3.9769522131221237e9 (10837) time=77.970334829s
[ Info: iter=5763 obj=1.419080008929707e6 pinf=0.0 (0) dinf=3.9778191234109564e9 (10841) time=78.029692128s
[ Info: iter=5764 obj=1.419080008929707e6 pinf=0.0 (0) dinf=3.977226231574647e9 (10837) time=78.088196927s
[ Info: iter=5765 obj=1.419080008929707e6 pinf=0.0 (0) dinf=3.977223774866914e9 (10838) time=78.148616126s
[ Info: iter=5766 obj=1.419080008929707e6 pinf=0.0 (0) dinf=3.977124144334298e9 (10838) time=78.210281024s
[ Info: iter=5767 obj=1.419080008929707e6 pinf=0.0 (0) dinf=3.9773981610304627e9 (10838) time=78.270707823s
[ Info: iter=5768 obj=1.419080008929707e6 pinf=0.0 (0) dinf=3.977672179082119e9 (10838) time=78.329024722s
[ Info: iter=5769 obj=1.419080008929707e6 pinf=0.0 (0) dinf=3.97753874975346e9 (10839) time=78.389520721s
[ Info: iter=5770 obj=1.419080008929707e6 pinf=0.0 (0) dinf=3.9777876126932926e9 (10842) time=78.448797619s
[ Info: iter=5771 obj=1.419080008929708e6 pinf=0.0 (0) dinf=3.9777876116658807e9 (10841) time=78.521446118s
[ Info: iter=5772 obj=1.419080008929708e6 pinf=0.0 (0) dinf=3.977879214252268e9 (10840) time=78.582137817s
[ Info: iter=5773 obj=1.419080008929708e6 pinf=0.0 (0) dinf=3.977882367069489e9 (10841) time=78.642386115s
[ Info: iter=5774 obj=1.419080008929707e6 pinf=0.0 (0) dinf=4.159891581907802e9 (10845) time=78.703293314s
[ Info: iter=5775 obj=1.419080008929707e6 pinf=0.0 (0) dinf=4.1597559828949504e9 (10842) time=78.775851013s
[ Info: iter=5776 obj=1.419080008929707e6 pinf=0.0 (0) dinf=4.1597559817351174e9 (10838) time=78.846674011s
[ Info: iter=5777 obj=1.419080008929707e6 pinf=0.0 (0) dinf=4.159505264170264e9 (10836) time=78.921994709s
[ Info: iter=5778 obj=1.419080008929707e6 pinf=0.0 (0) dinf=4.1595556422882156e9 (10831) time=78.998562708s
[ Info: iter=5779 obj=1.419080008929707e6 pinf=0.0 (0) dinf=4.159603829655266e9 (10826) time=79.076084706s
[ Info: iter=5780 obj=1.419080008929707e6 pinf=0.0 (0) dinf=4.159546467569474e9 (10826) time=79.153759205s
[ Info: iter=5781 obj=1.419080008929707e6 pinf=0.0 (0) dinf=4.159546467167513e9 (10826) time=79.231464203s
[ Info: iter=5782 obj=1.419080008929707e6 pinf=0.0 (0) dinf=4.1595464668155365e9 (10826) time=79.309711301s
[ Info: iter=5783 obj=1.419080008929707e6 pinf=0.0 (0) dinf=4.1596702676673217e9 (10827) time=79.3891411s
[ Info: iter=5784 obj=1.419080008929707e6 pinf=0.0 (0) dinf=4.1596666262980494e9 (10826) time=79.471642598s
[ Info: iter=5785 obj=1.419080008929707e6 pinf=0.0 (0) dinf=4.159723154411486e9 (10826) time=79.558148496s
[ Info: iter=5786 obj=1.419080008929707e6 pinf=0.0 (0) dinf=4.1599109898057094e9 (10829) time=79.642077494s
[ Info: iter=5787 obj=1.419080008929707e6 pinf=0.0 (0) dinf=4.160098825841612e9 (10831) time=79.726634593s
[ Info: iter=5788 obj=1.419080008929707e6 pinf=0.0 (0) dinf=4.1600049425807924e9 (10829) time=79.822013491s
[ Info: iter=5789 obj=1.419080008929707e6 pinf=0.0 (0) dinf=4.160004941966856e9 (10829) time=79.907207589s
[ Info: iter=5790 obj=1.419080008929707e6 pinf=0.0 (0) dinf=4.159917057837047e9 (10826) time=79.992465187s
[ Info: iter=5791 obj=1.419080008929707e6 pinf=0.0 (0) dinf=4.1598231750502925e9 (10824) time=80.076565485s
[ Info: iter=5792 obj=1.419080008929707e6 pinf=0.0 (0) dinf=4.1598231746263595e9 (10824) time=80.166465483s
[ Info: iter=5793 obj=1.419080008929707e6 pinf=0.0 (0) dinf=4.1598231729578757e9 (10824) time=80.265012781s
[ Info: iter=5794 obj=1.419080008929707e6 pinf=0.0 (0) dinf=4.159823186072997e9 (10828) time=80.365102579s
[ Info: iter=5795 obj=1.419080008929707e6 pinf=0.0 (0) dinf=4.1597605517127767e9 (10827) time=80.458310777s
[ Info: iter=5796 obj=1.419080008929707e6 pinf=0.0 (0) dinf=4.1596979173563943e9 (10826) time=80.546123475s
[ Info: iter=5797 obj=1.419080008929707e6 pinf=0.0 (0) dinf=4.1596979298763795e9 (10830) time=80.633324274s
[ Info: iter=5798 obj=1.419080008929707e6 pinf=0.0 (0) dinf=4.159921926031688e9 (10833) time=80.725140672s
[ Info: iter=5799 obj=1.419080008929707e6 pinf=0.0 (0) dinf=4.159921942043781e9 (10837) time=80.81985597s
[ Info: iter=5800 obj=1.419080008929707e6 pinf=0.0 (0) dinf=4.1598018795577226e9 (10835) time=80.916149568s
[ Info: iter=5801 obj=1.419080008929707e6 pinf=0.0 (0) dinf=4.1597395203047376e9 (10834) time=81.013370566s
[ Info: iter=5802 obj=1.419080008929707e6 pinf=0.0 (0) dinf=4.1597395198564725e9 (10834) time=81.108914464s
[ Info: iter=5803 obj=1.419080008929707e6 pinf=0.0 (0) dinf=4.1598302015632243e9 (10835) time=81.207555561s
[ Info: iter=5804 obj=1.419080008929707e6 pinf=0.0 (0) dinf=4.1599208829055333e9 (10836) time=81.312425159s
[ Info: iter=5805 obj=1.419080008929707e6 pinf=0.0 (0) dinf=4.159830190277074e9 (10834) time=81.413053557s
[ Info: iter=5806 obj=1.4190800089297206e6 pinf=0.0 (0) dinf=4.29436060691984e9 (10845) time=81.513478055s
[ Info: iter=5807 obj=1.4190800089296978e6 pinf=0.0 (0) dinf=4.719501128199661e9 (10865) time=81.594244353s
[ Info: iter=5808 obj=1.4190800089296978e6 pinf=0.0 (0) dinf=4.719913686098857e9 (10867) time=81.653592652s
[ Info: iter=5809 obj=1.4190800089296978e6 pinf=0.0 (0) dinf=4.719913686098857e9 (10866) time=81.729721351s
[ Info: iter=5810 obj=1.4190800089296978e6 pinf=0.0 (0) dinf=4.719899943544175e9 (10865) time=81.809693149s
[ Info: iter=5811 obj=1.4190800089296978e6 pinf=0.0 (0) dinf=4.719897144486594e9 (10864) time=81.892362947s
[ Info: iter=5812 obj=1.4190800089296978e6 pinf=0.0 (0) dinf=4.719898467950688e9 (10866) time=81.969295245s
[ Info: iter=5813 obj=1.4190800089296978e6 pinf=0.0 (0) dinf=4.713229492778893e9 (10865) time=82.069376943s
[ Info: iter=5814 obj=1.4190800089296978e6 pinf=0.0 (0) dinf=4.644092774165266e9 (10862) time=82.152333642s
[ Info: iter=5815 obj=1.4190800089296978e6 pinf=0.0 (0) dinf=4.609122649712754e9 (10860) time=82.23560774s
[ Info: iter=5816 obj=1.4190800089296978e6 pinf=0.0 (0) dinf=4.573980637500589e9 (10857) time=82.317380438s
[ Info: iter=5817 obj=1.419080008929707e6 pinf=0.0 (0) dinf=4.541000669446244e9 (10855) time=82.397845836s
[ Info: iter=5818 obj=1.419080008929707e6 pinf=0.0 (0) dinf=4.542022056355192e9 (10856) time=82.481838235s
[ Info: iter=5819 obj=1.419080008929707e6 pinf=0.0 (0) dinf=4.54579079437563e9 (10855) time=82.561906433s
[ Info: iter=5820 obj=1.419080008929707e6 pinf=0.0 (0) dinf=4.51071141534267e9 (10853) time=82.642689831s
[ Info: iter=5821 obj=1.419080008929707e6 pinf=0.0 (0) dinf=4.475621512538319e9 (10851) time=82.72366693s
[ Info: iter=5822 obj=1.419080008929707e6 pinf=0.0 (0) dinf=4.440649223300947e9 (10849) time=82.804719228s
[ Info: iter=5823 obj=1.419080008929707e6 pinf=0.0 (0) dinf=4.405574463219874e9 (10847) time=82.888075727s
[ Info: iter=5824 obj=1.419080008929707e6 pinf=0.0 (0) dinf=4.347923641205535e9 (10844) time=82.96955293s
[ Info: iter=5825 obj=1.419080008929707e6 pinf=0.0 (0) dinf=4.342235683600114e9 (10843) time=83.066374833s
[ Info: iter=5826 obj=1.419080008929707e6 pinf=0.0 (0) dinf=4.307119947155954e9 (10837) time=83.153981735s
[ Info: iter=5827 obj=1.419080008929707e6 pinf=0.0 (0) dinf=4.301576905951961e9 (10836) time=83.237737638s
[ Info: iter=5828 obj=1.419080008929707e6 pinf=0.0 (0) dinf=4.2762352776629686e9 (10834) time=83.31872184s
[ Info: iter=5829 obj=1.419080008929707e6 pinf=0.0 (0) dinf=4.2666600894460187e9 (10834) time=83.400242743s
[ Info: iter=5830 obj=1.419080008929707e6 pinf=0.0 (0) dinf=4.241394513336205e9 (10832) time=83.480560146s
[ Info: iter=5831 obj=1.419080008929707e6 pinf=0.0 (0) dinf=4.2520468338873305e9 (10837) time=83.566465848s
[ Info: iter=5832 obj=1.419080008929707e6 pinf=0.0 (0) dinf=4.2343507563819494e9 (10831) time=83.649672451s
[ Info: iter=5833 obj=1.419080008929707e6 pinf=0.0 (0) dinf=4.232243675007995e9 (10835) time=83.727830553s
[ Info: iter=5834 obj=1.419080008929707e6 pinf=0.0 (0) dinf=4.2319744704060073e9 (10832) time=83.804727456s
[ Info: iter=5835 obj=1.419080008929707e6 pinf=0.0 (0) dinf=4.231873732431804e9 (10831) time=83.891486358s
[ Info: iter=5836 obj=1.419080008929707e6 pinf=0.0 (0) dinf=4.2319470369421067e9 (10832) time=83.972175161s
[ Info: iter=5837 obj=1.419080008929707e6 pinf=0.0 (0) dinf=4.2320147655956883e9 (10833) time=84.048592063s
[ Info: iter=5838 obj=1.419080008929707e6 pinf=0.0 (0) dinf=4.2321155035698915e9 (10834) time=84.125363666s
[ Info: iter=5839 obj=1.419080008929707e6 pinf=0.0 (0) dinf=4.2364718763877273e9 (10824) time=84.203963668s
[ Info: iter=5840 obj=1.419080008929707e6 pinf=0.0 (0) dinf=4.2316402017560425e9 (10833) time=84.282911471s
[ Info: iter=5841 obj=1.419080008929714e6 pinf=0.0 (0) dinf=4.685488458185379e9 (10833) time=84.363940673s
[ Info: iter=5842 obj=1.419080008929714e6 pinf=0.0 (0) dinf=4.685367532007225e9 (10833) time=84.439232376s
[ Info: iter=5843 obj=1.4190800089297164e6 pinf=0.0 (0) dinf=4.0496150115778017e9 (10831) time=84.518475978s
[ Info: iter=5844 obj=1.4190800089297164e6 pinf=0.0 (0) dinf=4.049649259754533e9 (10832) time=84.601687681s
[ Info: iter=5845 obj=1.4190800089297164e6 pinf=0.0 (0) dinf=4.0495807553116703e9 (10830) time=84.665426783s
[ Info: iter=5846 obj=1.4190800089297164e6 pinf=0.0 (0) dinf=4.0496412223614254e9 (10830) time=84.746426785s
[ Info: iter=5847 obj=1.4190800089297164e6 pinf=0.0 (0) dinf=4.245231184558815e9 (10839) time=84.823671588s
[ Info: iter=5848 obj=1.419080008929707e6 pinf=0.0 (0) dinf=4.1273488113392754e9 (10838) time=84.90234139s
[ Info: iter=5849 obj=1.419080008929707e6 pinf=0.0 (0) dinf=4.128189391215019e9 (10839) time=84.961434292s
[ Info: iter=5850 obj=1.419080008929707e6 pinf=0.0 (0) dinf=4.1284955534282007e9 (10839) time=85.033100194s
[ Info: iter=5851 obj=1.419080008929707e6 pinf=0.0 (0) dinf=4.121337837228597e9 (10846) time=85.110319997s
[ Info: iter=5852 obj=1.419080008929707e6 pinf=0.0 (0) dinf=4.1117025480975285e9 (10845) time=85.188212499s
[ Info: iter=5853 obj=1.419080008929707e6 pinf=0.0 (0) dinf=4.11170254757619e9 (10845) time=85.273245202s
[ Info: iter=5856 obj=1.419080008929707e6 pinf=0.0 (0) dinf=4.153846155509177e9 (10834) time=85.369991505s
[ Info: iter=5857 obj=1.419080008929707e6 pinf=0.0 (0) dinf=4.153838841305973e9 (10833) time=85.426472307s
[ Info: iter=5858 obj=1.419080008929707e6 pinf=0.0 (0) dinf=4.1538091043021355e9 (10833) time=85.486099908s
[ Info: iter=5859 obj=1.419080008929707e6 pinf=0.0 (0) dinf=4.793894770782963e9 (10846) time=85.582839311s
[ Info: iter=5860 obj=1.419080008929707e6 pinf=0.0 (0) dinf=4.8226635086853485e9 (10845) time=85.660274414s
[ Info: iter=5861 obj=1.419080008929707e6 pinf=0.0 (0) dinf=4.715927774630418e9 (10862) time=85.751486817s
[ Info: iter=5862 obj=1.419080008929707e6 pinf=0.0 (0) dinf=4.929303372339569e9 (10862) time=85.834600419s
[ Info: iter=5863 obj=1.419080008929707e6 pinf=0.0 (0) dinf=4.929303370366869e9 (10862) time=85.920710622s
[ Info: iter=5864 obj=1.419080008929707e6 pinf=0.0 (0) dinf=4.929303368698385e9 (10862) time=86.002527125s
[ Info: iter=5865 obj=1.419080008929707e6 pinf=0.0 (0) dinf=4.659094142536807e9 (10876) time=86.084200027s
[ Info: iter=5866 obj=1.419080008929707e6 pinf=0.0 (0) dinf=4.6515415780719185e9 (10876) time=86.16982163s
[ Info: iter=5867 obj=1.419080008929707e6 pinf=0.0 (0) dinf=4.640824705845129e9 (10874) time=86.254630232s
[ Info: iter=5868 obj=1.419080008929707e6 pinf=0.0 (0) dinf=4.634973580854548e9 (10873) time=86.339916235s
[ Info: iter=5869 obj=1.419080008929708e6 pinf=0.0 (0) dinf=4.62909056606037e9 (10871) time=86.430992538s
[ Info: iter=5870 obj=1.419080008929707e6 pinf=0.0 (0) dinf=4.751674312563406e9 (10869) time=86.527686341s
[ Info: iter=5871 obj=1.419080008929707e6 pinf=0.0 (0) dinf=4.751889301724304e9 (10869) time=86.590789043s
[ Info: iter=5872 obj=1.419080008929707e6 pinf=0.0 (0) dinf=4.751854632253458e9 (10869) time=86.655705645s
[ Info: iter=5873 obj=1.419080008929707e6 pinf=0.0 (0) dinf=4.751785289793612e9 (10868) time=86.724524747s
[ Info: iter=5874 obj=1.419080008929707e6 pinf=0.0 (0) dinf=4.751794378941674e9 (10868) time=86.80422405s
[ Info: iter=5875 obj=1.419080008929707e6 pinf=0.0 (0) dinf=4.751804895308021e9 (10868) time=86.865927952s
[ Info: iter=5876 obj=1.419080008929707e6 pinf=0.0 (0) dinf=4.751812820635069e9 (10868) time=86.936115354s
[ Info: iter=5877 obj=1.419080008929707e6 pinf=0.0 (0) dinf=4.751812821505918e9 (10869) time=86.999575956s
[ Info: iter=5878 obj=1.419080008929707e6 pinf=0.0 (0) dinf=4.751845444455497e9 (10869) time=87.066422058s
[ Info: iter=5879 obj=1.419080008929707e6 pinf=0.0 (0) dinf=4.751903745068956e9 (10872) time=87.150463061s
[ Info: iter=5880 obj=1.419080008929707e6 pinf=0.0 (0) dinf=4.697658979583561e9 (10871) time=87.235585763s
[ Info: iter=5881 obj=1.419080008929707e6 pinf=0.0 (0) dinf=4.63245762081999e9 (10867) time=87.330549666s
[ Info: iter=5882 obj=1.419080008929707e6 pinf=0.0 (0) dinf=4.632515921444431e9 (10870) time=87.420326269s
[ Info: iter=5883 obj=1.419080008929707e6 pinf=0.0 (0) dinf=4.56722861816108e9 (10867) time=87.512269372s
[ Info: iter=5884 obj=1.419080008929707e6 pinf=0.0 (0) dinf=4.512536805286961e9 (10864) time=87.599990475s
[ Info: iter=5885 obj=1.419080008929707e6 pinf=0.0 (0) dinf=4.501664329245221e9 (10863) time=87.691195077s
[ Info: iter=5886 obj=1.419080008929707e6 pinf=0.0 (0) dinf=4.436400420059861e9 (10863) time=87.78014858s
[ Info: iter=5887 obj=1.419080008929707e6 pinf=0.0 (0) dinf=4.371197448748844e9 (10859) time=87.868448483s
[ Info: iter=5888 obj=1.419080008929707e6 pinf=0.0 (0) dinf=4.30590757613089e9 (10859) time=87.961341186s
[ Info: iter=5889 obj=1.419080008929707e6 pinf=0.0 (0) dinf=4.240644633759945e9 (10854) time=88.048835489s
[ Info: iter=5890 obj=1.419080008929707e6 pinf=0.0 (0) dinf=4.1408527905314403e9 (10849) time=88.131291791s
[ Info: iter=5891 obj=1.419080008929707e6 pinf=0.0 (0) dinf=4.0755984120510836e9 (10843) time=88.215119194s
[ Info: iter=5892 obj=1.419080008929707e6 pinf=0.0 (0) dinf=4.0755984091921644e9 (10842) time=88.298937396s
[ Info: iter=5893 obj=1.419080008929707e6 pinf=0.0 (0) dinf=4.075598406382723e9 (10841) time=88.384335799s
[ Info: iter=5894 obj=1.419080008929707e6 pinf=0.0 (0) dinf=4.0755984042846518e9 (10839) time=88.468532802s
[ Info: iter=5895 obj=1.419080008929707e6 pinf=0.0 (0) dinf=4.0755984202397065e9 (10842) time=88.552353404s
[ Info: iter=5896 obj=1.419080008929707e6 pinf=0.0 (0) dinf=4.1069505351739902e9 (10845) time=88.636106707s
[ Info: iter=5897 obj=1.419080008929707e6 pinf=0.0 (0) dinf=4.1017904590566173e9 (10844) time=88.72002271s
[ Info: iter=5898 obj=1.419080008929707e6 pinf=0.0 (0) dinf=4.103048846491466e9 (10843) time=88.805518412s
[ Info: iter=5899 obj=1.419080008929707e6 pinf=0.0 (0) dinf=4.103048844518766e9 (10843) time=88.891809915s
[ Info: iter=5900 obj=1.419080008929707e6 pinf=0.0 (0) dinf=4.1030801592671723e9 (10841) time=88.985083618s
[ Info: iter=5901 obj=1.419080008929707e6 pinf=0.0 (0) dinf=4.1030442324538274e9 (10841) time=89.080115421s
[ Info: iter=5902 obj=1.419080008929707e6 pinf=0.0 (0) dinf=4.1031941653455706e9 (10841) time=89.184240124s
[ Info: iter=5903 obj=1.419080008929707e6 pinf=0.0 (0) dinf=4.103085791021843e9 (10839) time=89.285914327s
[ Info: iter=5904 obj=1.419080008929707e6 pinf=0.0 (0) dinf=4.138099896600114e9 (10840) time=89.388507831s
[ Info: iter=5905 obj=1.419080008929707e6 pinf=0.0 (0) dinf=4.152624612452644e9 (10849) time=89.493842434s
[ Info: iter=5906 obj=1.419080008929707e6 pinf=0.0 (0) dinf=4.1372920898510733e9 (10848) time=89.595910337s
[ Info: iter=5907 obj=1.419080008929707e6 pinf=0.0 (0) dinf=4.1379056208374996e9 (10848) time=89.705546941s
[ Info: iter=5908 obj=1.419080008929707e6 pinf=0.0 (0) dinf=4.1330135548634624e9 (10847) time=89.811804444s
[ Info: iter=5909 obj=1.419080008929707e6 pinf=0.0 (0) dinf=4.130616028611666e9 (10838) time=89.918205047s
[ Info: iter=5910 obj=1.419080008929707e6 pinf=0.0 (0) dinf=4.161103439712241e9 (10838) time=90.036296151s
[ Info: iter=5911 obj=1.419080008929707e6 pinf=0.0 (0) dinf=4.165763964284736e9 (10837) time=90.145890454s
[ Info: iter=5912 obj=1.419080008929707e6 pinf=0.0 (0) dinf=4.1657319396632285e9 (10837) time=90.260123158s
[ Info: iter=5913 obj=1.419080008929707e6 pinf=0.0 (0) dinf=4.165729638190655e9 (10837) time=90.371129661s
[ Info: iter=5914 obj=1.419080008929707e6 pinf=0.0 (0) dinf=4.165673271545173e9 (10834) time=90.482113165s
[ Info: iter=5915 obj=1.419080008929707e6 pinf=0.0 (0) dinf=4.196073737208146e9 (10836) time=90.597941969s
[ Info: iter=5916 obj=1.419080008929707e6 pinf=0.0 (0) dinf=4.2007342482048697e9 (10835) time=90.710014372s
[ Info: iter=5917 obj=1.41908000893008e6 pinf=0.0 (0) dinf=7.755041502326567e9 (10851) time=90.834597476s
[ Info: iter=5918 obj=1.4190800089300806e6 pinf=0.0 (0) dinf=6.908555466178185e9 (10845) time=90.892461878s
[ Info: iter=5919 obj=1.4190800089303073e6 pinf=0.0 (0) dinf=4.2793484486499867e9 (10806) time=90.96329458s
[ Info: iter=5920 obj=1.4190800089303073e6 pinf=0.0 (0) dinf=4.2803099092863617e9 (10811) time=91.037255082s
[ Info: iter=5921 obj=1.4190800089303073e6 pinf=0.0 (0) dinf=4.280088185603367e9 (10809) time=91.107284684s
[ Info: iter=5922 obj=1.4190800089303073e6 pinf=0.0 (0) dinf=4.279903192106428e9 (10809) time=91.179446087s
[ Info: iter=5923 obj=1.4190800089303073e6 pinf=0.0 (0) dinf=4.280088183587625e9 (10809) time=91.250625389s
[ Info: iter=5924 obj=1.4190800089303036e6 pinf=0.0 (0) dinf=4.006299118494682e9 (10839) time=91.327278991s
[ Info: iter=5925 obj=1.41908000893053e6 pinf=0.0 (0) dinf=6.496537863685135e9 (10866) time=91.404085993s
[ Info: iter=5926 obj=1.4190800089301504e6 pinf=0.0 (0) dinf=4.499559684396248e9 (10868) time=91.479825996s
[ Info: iter=5927 obj=1.4190800089301504e6 pinf=0.0 (0) dinf=4.311576745008867e9 (10859) time=91.555416398s
[ Info: iter=5928 obj=1.4190800089301504e6 pinf=0.0 (0) dinf=4.1053660728085594e9 (10858) time=91.6320096s
[ Info: iter=5929 obj=1.4190800089304033e6 pinf=0.0 (0) dinf=4.1723621391942234e9 (10847) time=91.705491503s
[ Info: iter=5930 obj=1.419080008929801e6 pinf=0.0 (0) dinf=4.162723054947169e9 (10848) time=91.779504505s
[ Info: iter=5931 obj=1.419080008929801e6 pinf=0.0 (0) dinf=4.1801916932471704e9 (10856) time=91.859689907s
[ Info: iter=5932 obj=1.4190800089304033e6 pinf=0.0 (0) dinf=4.171513591319165e9 (10846) time=91.93322351s
[ Info: iter=5933 obj=1.419080008929801e6 pinf=0.0 (0) dinf=4.397040372464225e9 (10849) time=92.009335212s
[ Info: iter=5934 obj=1.4190800089304033e6 pinf=0.0 (0) dinf=4.154317517656955e9 (10843) time=92.089733714s
[ Info: iter=5935 obj=1.4190800089309695e6 pinf=0.0 (0) dinf=4.219700692710596e9 (10842) time=92.163601417s
[ Info: iter=5936 obj=1.4190800089309695e6 pinf=0.0 (0) dinf=4.218531454281061e9 (10839) time=92.244827019s
[ Info: iter=5937 obj=1.4190800089309695e6 pinf=0.0 (0) dinf=4.2185313648869743e9 (10840) time=92.325036622s
[ Info: iter=5938 obj=1.4190800089309695e6 pinf=0.0 (0) dinf=4.219512306723768e9 (10842) time=92.402134224s
[ Info: iter=5939 obj=1.4190800089309695e6 pinf=0.0 (0) dinf=4.2192401410654526e9 (10842) time=92.480629526s
[ Info: iter=5940 obj=1.4190800089309695e6 pinf=0.0 (0) dinf=4.2192327985510044e9 (10842) time=92.561091729s
[ Info: iter=5941 obj=1.4190800089320233e6 pinf=0.0 (0) dinf=4.218531364780093e9 (10839) time=92.641773431s
[ Info: iter=5942 obj=1.4190800089299155e6 pinf=0.0 (0) dinf=4.223503067159255e9 (10853) time=92.719588534s
[ Info: iter=5943 obj=1.4190800089299155e6 pinf=0.0 (0) dinf=4.217758958966293e9 (10849) time=92.797571236s
[ Info: iter=5944 obj=1.4190800089299155e6 pinf=0.0 (0) dinf=4.2138377261628165e9 (10844) time=92.877622438s
[ Info: iter=5945 obj=1.4190800089299155e6 pinf=0.0 (0) dinf=4.2192934657261076e9 (10849) time=92.959390841s
[ Info: iter=5946 obj=1.4190800089299155e6 pinf=0.0 (0) dinf=4.2154006371043086e9 (10845) time=93.039025743s
[ Info: iter=5947 obj=1.4190800089299155e6 pinf=0.0 (0) dinf=4.2146191698306136e9 (10844) time=93.118356346s
[ Info: iter=5948 obj=1.4190800089299155e6 pinf=0.0 (0) dinf=4.216179890914242e9 (10845) time=93.198540448s
[ Info: iter=5949 obj=1.4190800089299155e6 pinf=0.0 (0) dinf=4.214278208589658e9 (10843) time=93.278789351s
[ Info: iter=5950 obj=1.4190800089299155e6 pinf=0.0 (0) dinf=4.215398335172653e9 (10844) time=93.361570653s
[ Info: iter=5951 obj=1.4190800089299162e6 pinf=0.0 (0) dinf=4.2307048219498544e9 (10843) time=93.441962456s
[ Info: iter=5952 obj=1.4190800089299162e6 pinf=0.0 (0) dinf=4.230202338081823e9 (10842) time=93.524431858s
[ Info: iter=5953 obj=1.4190800089299162e6 pinf=0.0 (0) dinf=4.266335554228527e9 (10841) time=93.604677461s
[ Info: iter=5954 obj=1.4190800089299162e6 pinf=0.0 (0) dinf=4.2498365529096513e9 (10841) time=93.687054663s
[ Info: iter=5955 obj=1.4190800089299162e6 pinf=0.0 (0) dinf=4.249827377175242e9 (10841) time=93.766911466s
[ Info: iter=5956 obj=1.4190800089299162e6 pinf=0.0 (0) dinf=4.249763039336323e9 (10840) time=93.847841268s
[ Info: iter=5957 obj=1.4190800089299162e6 pinf=0.0 (0) dinf=4.2331902240052648e9 (10838) time=93.930854871s
[ Info: iter=5958 obj=1.4190800089299139e6 pinf=0.0 (0) dinf=4.2411754894841695e9 (10837) time=94.012956173s
[ Info: iter=5959 obj=1.4190800089299139e6 pinf=0.0 (0) dinf=4.312168199303315e9 (10843) time=94.106424176s
[ Info: iter=5960 obj=1.4190800089300768e6 pinf=0.0 (0) dinf=4.3048566943078985e9 (10842) time=94.189480379s
[ Info: iter=5961 obj=1.4190800089300768e6 pinf=0.0 (0) dinf=4.304869186486246e9 (10839) time=94.269747481s
[ Info: iter=5962 obj=1.4190800089300768e6 pinf=0.0 (0) dinf=4.304873479423622e9 (10840) time=94.350461184s
[ Info: iter=5963 obj=1.4190800089300822e6 pinf=0.0 (0) dinf=4.399980962751665e9 (10841) time=94.436555986s
[ Info: iter=5964 obj=1.4190800089300827e6 pinf=0.0 (0) dinf=4.745114391313209e9 (10839) time=94.515696189s
[ Info: iter=5965 obj=1.4190800089300764e6 pinf=0.0 (0) dinf=4.445843641486039e9 (10841) time=94.595101991s
[ Info: iter=5966 obj=1.4190800089300764e6 pinf=0.0 (0) dinf=4.462091598673375e9 (10834) time=94.682063394s
[ Info: iter=5967 obj=1.4190800089300764e6 pinf=0.0 (0) dinf=4.462445031718443e9 (10833) time=94.772717096s
[ Info: iter=5968 obj=1.4190800089300764e6 pinf=0.0 (0) dinf=4.462445026718443e9 (10830) time=94.862010499s
[ Info: iter=5969 obj=1.4190800089300764e6 pinf=0.0 (0) dinf=4.462445026718444e9 (10832) time=94.948860902s
[ Info: iter=5970 obj=1.4190800089301798e6 pinf=0.0 (0) dinf=4.61625514666066e9 (10832) time=95.029123804s
[ Info: iter=5971 obj=1.4190800089301798e6 pinf=0.0 (0) dinf=4.616831903993042e9 (10832) time=95.115813907s
[ Info: iter=5972 obj=1.4190800089301798e6 pinf=0.0 (0) dinf=4.634711622766133e9 (10831) time=95.21009071s
[ Info: iter=5973 obj=1.4190800089301798e6 pinf=0.0 (0) dinf=4.6307886710480995e9 (10832) time=95.299826813s
[ Info: iter=5974 obj=1.4190800089301798e6 pinf=0.0 (0) dinf=4.636177401238786e9 (10828) time=95.386178115s
[ Info: iter=5975 obj=1.4190800089301798e6 pinf=0.0 (0) dinf=4.682097774202208e9 (10834) time=95.476276618s
[ Info: iter=5976 obj=1.4190800089301798e6 pinf=0.0 (0) dinf=4.68063998458442e9 (10833) time=95.560912721s
[ Info: iter=5977 obj=1.4190800089301798e6 pinf=0.0 (0) dinf=4.924943823805013e9 (10827) time=95.640877723s
[ Info: iter=5978 obj=1.4190800089301798e6 pinf=0.0 (0) dinf=4.920033260405938e9 (10827) time=95.740253526s
[ Info: iter=5979 obj=1.4190800089301798e6 pinf=0.0 (0) dinf=4.915122697006864e9 (10827) time=95.838506229s
[ Info: iter=5980 obj=1.4190800089301798e6 pinf=0.0 (0) dinf=4.920032894411805e9 (10824) time=95.939805032s
[ Info: iter=5981 obj=1.4190800089301798e6 pinf=0.0 (0) dinf=4.924943091816747e9 (10821) time=96.038247235s
[ Info: iter=5982 obj=1.4190800089301784e6 pinf=0.0 (0) dinf=4.939303696543581e9 (10805) time=96.144904538s
[ Info: iter=5983 obj=1.4190800089301784e6 pinf=0.0 (0) dinf=4.938935546529712e9 (10802) time=96.237918641s
[ Info: iter=5984 obj=1.4190800089301784e6 pinf=0.0 (0) dinf=4.9385673965158415e9 (10799) time=96.327668044s
[ Info: iter=5985 obj=1.4190800089301784e6 pinf=0.0 (0) dinf=4.938199246501972e9 (10796) time=96.420991647s
[ Info: iter=5986 obj=1.4190800089301784e6 pinf=0.0 (0) dinf=4.937831096488102e9 (10793) time=96.51130655s
[ Info: iter=5987 obj=1.4190800089301784e6 pinf=0.0 (0) dinf=4.937462946474232e9 (10790) time=96.601298452s
[ Info: iter=5988 obj=1.4190800089301784e6 pinf=0.0 (0) dinf=4.937094796460362e9 (10787) time=96.692742155s
[ Info: iter=5989 obj=1.419080008930178e6 pinf=0.0 (0) dinf=4.937471311036043e9 (10787) time=96.784481958s
[ Info: iter=5995 obj=1.419080008930265e6 pinf=0.0 (0) dinf=4.925341536039517e9 (10783) time=96.906127062s
[ Info: iter=5996 obj=1.419080008930265e6 pinf=0.0 (0) dinf=4.925357794861603e9 (10786) time=96.961657863s
[ Info: iter=5997 obj=1.41908000893027e6 pinf=0.0 (0) dinf=4.924794682235529e9 (10828) time=97.017807665s
[ Info: iter=5998 obj=1.4190800089302715e6 pinf=0.0 (0) dinf=4.925067355624419e9 (10801) time=97.075589767s
[ Info: iter=5999 obj=1.41908000893027e6 pinf=0.0 (0) dinf=4.924793967974788e9 (10828) time=97.130108269s
[ Info: iter=6000 obj=1.4190800089302715e6 pinf=0.0 (0) dinf=4.925066101925354e9 (10800) time=97.18778437s
[ Info: iter=6001 obj=1.4190800089302715e6 pinf=0.0 (0) dinf=4.925056632612633e9 (10796) time=97.249344572s
[ Info: iter=6002 obj=1.4190800089302706e6 pinf=0.0 (0) dinf=4.924782747082763e9 (10797) time=97.309668274s
[ Info: iter=6003 obj=1.4190800089302706e6 pinf=0.0 (0) dinf=4.924780888496221e9 (10796) time=97.366822976s
[ Info: iter=6004 obj=1.4190800089302706e6 pinf=0.0 (0) dinf=4.93436531830386e9 (10800) time=97.459237979s
[ Info: iter=6005 obj=1.4190800089302706e6 pinf=0.0 (0) dinf=4.933957973208468e9 (10799) time=97.562339882s
[ Info: iter=6006 obj=1.4190800089302706e6 pinf=0.0 (0) dinf=4.933552523893625e9 (10798) time=97.662304985s
[ Info: iter=6007 obj=1.419080008930283e6 pinf=0.0 (0) dinf=4.933527874494366e9 (10796) time=97.763428088s
[ Info: iter=6008 obj=1.419080008930283e6 pinf=0.0 (0) dinf=4.935254727812911e9 (10795) time=97.862675191s
[ Info: iter=6009 obj=1.419080008930283e6 pinf=0.0 (0) dinf=4.932219121382752e9 (10804) time=97.963176294s
[ Info: iter=6010 obj=1.419080008930283e6 pinf=0.0 (0) dinf=4.9319155597397375e9 (10803) time=98.054086297s
[ Info: iter=6011 obj=1.419080008930283e6 pinf=0.0 (0) dinf=4.947310407354996e9 (10809) time=98.1591639s
[ Info: iter=6012 obj=1.419080008930283e6 pinf=0.0 (0) dinf=4.945696486618308e9 (10815) time=98.266460203s
[ Info: iter=6013 obj=1.419080008930283e6 pinf=0.0 (0) dinf=4.94413706538651e9 (10819) time=98.369243507s
[ Info: iter=6014 obj=1.419080008930283e6 pinf=0.0 (0) dinf=4.942528048551271e9 (10820) time=98.47092121s
[ Info: iter=6015 obj=1.419080008930283e6 pinf=0.0 (0) dinf=4.942527256912075e9 (10818) time=98.549475212s
[ Info: iter=6016 obj=1.419080008930283e6 pinf=0.0 (0) dinf=4.940911251834706e9 (10819) time=98.651420615s
[ Info: iter=6017 obj=1.419080008930283e6 pinf=0.0 (0) dinf=4.939305729132313e9 (10820) time=98.749472618s
[ Info: iter=6018 obj=1.419080008930283e6 pinf=0.0 (0) dinf=4.937743303916142e9 (10824) time=98.847856721s
[ Info: iter=6019 obj=1.4190800089302836e6 pinf=0.0 (0) dinf=4.9389657783619995e9 (10823) time=98.948139421s
[ Info: iter=6020 obj=1.4190800089302843e6 pinf=0.0 (0) dinf=4.939376349065003e9 (10822) time=99.049412218s
[ Info: iter=6021 obj=1.4190800089302845e6 pinf=0.0 (0) dinf=4.939742053898436e9 (10821) time=99.150518915s
[ Info: iter=6022 obj=1.419080008930285e6 pinf=0.0 (0) dinf=4.940069743626114e9 (10820) time=99.251642212s
[ Info: iter=6023 obj=1.4190800089302852e6 pinf=0.0 (0) dinf=4.940012355849581e9 (10819) time=99.354691209s
[ Info: iter=6024 obj=1.4190800089302855e6 pinf=0.0 (0) dinf=4.939810831309883e9 (10818) time=99.460044506s
[ Info: iter=6025 obj=1.4190800089302857e6 pinf=0.0 (0) dinf=4.939533565778218e9 (10817) time=99.560656102s
[ Info: iter=6026 obj=1.4190800089302897e6 pinf=0.0 (0) dinf=4.939715324945155e9 (10816) time=99.658987399s
[ Info: iter=6027 obj=1.4190800089302897e6 pinf=0.0 (0) dinf=4.939662708051302e9 (10815) time=99.757816596s
[ Info: iter=6028 obj=1.4190800089302897e6 pinf=0.0 (0) dinf=4.939568893555654e9 (10814) time=99.856384693s
[ Info: iter=6029 obj=1.4190800089302897e6 pinf=0.0 (0) dinf=4.939467240584252e9 (10813) time=99.95847609s
[ Info: iter=6030 obj=1.4190800089302897e6 pinf=0.0 (0) dinf=4.939356723915564e9 (10812) time=100.058605487s
[ Info: iter=6031 obj=1.4190800089302897e6 pinf=0.0 (0) dinf=4.939186426819391e9 (10811) time=100.161920884s
[ Info: iter=6032 obj=1.4190800089302897e6 pinf=0.0 (0) dinf=4.938997504474417e9 (10810) time=100.26881948s
[ Info: iter=6033 obj=1.4190800089302897e6 pinf=0.0 (0) dinf=4.938771845818159e9 (10809) time=100.369124677s
[ Info: iter=6034 obj=1.4190800089302897e6 pinf=0.0 (0) dinf=4.938497428165156e9 (10808) time=100.467925074s
[ Info: iter=6035 obj=1.4190800089302897e6 pinf=0.0 (0) dinf=4.938164495776902e9 (10807) time=100.567360371s
[ Info: iter=6036 obj=1.4190800089302897e6 pinf=0.0 (0) dinf=4.938091583117709e9 (10803) time=100.665020468s
[ Info: iter=6037 obj=1.4190800089302897e6 pinf=0.0 (0) dinf=4.938020814946688e9 (10799) time=100.765650465s
[ Info: iter=6038 obj=1.4190800089302897e6 pinf=0.0 (0) dinf=4.938038711160296e9 (10801) time=100.864881362s
[ Info: iter=6039 obj=1.4190800089302897e6 pinf=0.0 (0) dinf=4.938010150493563e9 (10798) time=100.964997859s
[ Info: iter=6040 obj=1.4190800089302897e6 pinf=0.0 (0) dinf=4.938586904825946e9 (10798) time=101.065328255s
[ Info: iter=6041 obj=1.4190800089302897e6 pinf=0.0 (0) dinf=4.944931321164449e9 (10797) time=101.165340352s
[ Info: iter=6042 obj=1.4190800089302897e6 pinf=0.0 (0) dinf=5.227688077884022e9 (10798) time=101.266400249s
[ Info: iter=6043 obj=1.4190800089302897e6 pinf=0.0 (0) dinf=4.944883188764922e9 (10796) time=101.352422546s
[ Info: iter=6044 obj=1.4190800089302897e6 pinf=0.0 (0) dinf=4.950511178933425e9 (10804) time=101.439024744s
[ Info: iter=6045 obj=1.4190800089302897e6 pinf=0.0 (0) dinf=4.952732390201783e9 (10803) time=101.525485241s
[ Info: iter=6046 obj=1.4190800089302897e6 pinf=0.0 (0) dinf=4.952828743221012e9 (10802) time=101.615286938s
[ Info: iter=6047 obj=1.4190800089302897e6 pinf=0.0 (0) dinf=4.952483995150769e9 (10801) time=101.702501536s
[ Info: iter=6048 obj=1.4190800089302897e6 pinf=0.0 (0) dinf=4.951902235371057e9 (10800) time=101.814547332s
[ Info: iter=6049 obj=1.4190800089302897e6 pinf=0.0 (0) dinf=4.951118709193761e9 (10799) time=101.928031128s
[ Info: iter=6050 obj=1.4190800089302897e6 pinf=0.0 (0) dinf=4.949294539665922e9 (10798) time=102.021787826s
[ Info: iter=6051 obj=1.4190800089302897e6 pinf=0.0 (0) dinf=4.9468060847473e9 (10797) time=102.111550323s
[ Info: iter=6052 obj=1.4190800089302897e6 pinf=0.0 (0) dinf=4.943003501950307e9 (10796) time=102.21060442s
[ Info: iter=6053 obj=1.4190800089302897e6 pinf=0.0 (0) dinf=4.96136515667962e9 (10796) time=102.305924417s
[ Info: iter=6054 obj=1.4190800089302897e6 pinf=0.0 (0) dinf=4.99752248595635e9 (10792) time=102.397790114s
[ Info: iter=6055 obj=1.4190800089302897e6 pinf=0.0 (0) dinf=5.097715151425272e9 (10796) time=102.490830811s
[ Info: iter=6056 obj=1.4190800089302897e6 pinf=0.0 (0) dinf=5.012136430315623e9 (10786) time=102.582995308s
[ Info: iter=6057 obj=1.4190800089302897e6 pinf=0.0 (0) dinf=5.017004460118391e9 (10782) time=102.662458806s
[ Info: iter=6058 obj=1.4190800089302897e6 pinf=0.0 (0) dinf=5.017004460618391e9 (10778) time=102.739201103s
[ Info: iter=6059 obj=1.4190800089302897e6 pinf=0.0 (0) dinf=5.055948700040537e9 (10774) time=102.8247505s
[ Info: iter=6060 obj=1.4190800089302897e6 pinf=0.0 (0) dinf=5.068930114014587e9 (10770) time=102.907015698s
[ Info: iter=6061 obj=1.4190800089302897e6 pinf=0.0 (0) dinf=6.496885646159966e9 (10766) time=102.986728095s
[ Info: iter=6062 obj=1.4190800089302897e6 pinf=0.0 (0) dinf=6.580384635166325e9 (10767) time=103.093996392s
[ Info: iter=6063 obj=1.4190800089302897e6 pinf=0.0 (0) dinf=6.539944863690824e9 (10763) time=103.201207389s
[ Info: iter=6064 obj=1.4190800089302897e6 pinf=0.0 (0) dinf=6.53904008482411e9 (10761) time=103.258398187s
[ Info: iter=6065 obj=1.4190800089302897e6 pinf=0.0 (0) dinf=6.538455408966787e9 (10759) time=103.322168285s
[ Info: iter=6066 obj=1.4190800089302897e6 pinf=0.0 (0) dinf=6.538116444379846e9 (10758) time=103.382784983s
[ Info: iter=6067 obj=1.4190800089302897e6 pinf=0.0 (0) dinf=6.538159855097606e9 (10759) time=103.441623981s
[ Info: iter=6068 obj=1.4190800089302897e6 pinf=0.0 (0) dinf=6.539064149519009e9 (10757) time=103.499388879s
[ Info: iter=6069 obj=1.4190800089302897e6 pinf=0.0 (0) dinf=6.5367254718271475e9 (10754) time=103.586345277s
[ Info: iter=6070 obj=1.4190800089302897e6 pinf=0.0 (0) dinf=6.534847175700016e9 (10752) time=103.680376074s
[ Info: iter=6071 obj=1.4190800089302897e6 pinf=0.0 (0) dinf=6.532968879572885e9 (10750) time=103.771909771s
[ Info: iter=6072 obj=1.4190800089302897e6 pinf=0.0 (0) dinf=6.531090583445753e9 (10748) time=103.859900168s
[ Info: iter=6073 obj=1.4190800089302897e6 pinf=0.0 (0) dinf=6.529212287318622e9 (10746) time=103.944909565s
[ Info: iter=6074 obj=1.4190800089302897e6 pinf=0.0 (0) dinf=6.516481637234726e9 (10738) time=104.030643663s
[ Info: iter=6075 obj=1.4190800089302897e6 pinf=0.0 (0) dinf=6.530254300711172e9 (10748) time=104.13307146s
[ Info: iter=6076 obj=1.4190800089302897e6 pinf=0.0 (0) dinf=6.526013576595333e9 (10742) time=104.223698457s
[ Info: iter=6077 obj=1.4190800089302897e6 pinf=0.0 (0) dinf=6.543126504696564e9 (10741) time=104.322927854s
[ Info: iter=6078 obj=1.4190800089302897e6 pinf=0.0 (0) dinf=6.537360502232982e9 (10741) time=104.411418451s
[ Info: iter=6079 obj=1.4190800089302897e6 pinf=0.0 (0) dinf=6.542547493692585e9 (10740) time=104.502345248s
[ Info: iter=6080 obj=1.4190800089302897e6 pinf=0.0 (0) dinf=6.54739048887348e9 (10739) time=104.592105345s
[ Info: iter=6081 obj=1.4190800089302897e6 pinf=0.0 (0) dinf=6.551986586854509e9 (10738) time=104.681054243s
[ Info: iter=6082 obj=1.41908000893029e6 pinf=0.0 (0) dinf=6.55319490890977e9 (10737) time=104.76742804s
[ Info: iter=6083 obj=1.4190800089302897e6 pinf=0.0 (0) dinf=6.5530816860740385e9 (10736) time=104.854624837s
[ Info: iter=6084 obj=1.4190800089302897e6 pinf=0.0 (0) dinf=6.551542630614158e9 (10735) time=104.941004934s
[ Info: iter=6085 obj=1.4190800089302897e6 pinf=0.0 (0) dinf=6.549063179095641e9 (10734) time=105.028915032s
[ Info: iter=6086 obj=1.4190800089302897e6 pinf=0.0 (0) dinf=6.498282252529303e9 (10725) time=105.114636329s
[ Info: iter=6087 obj=1.41908000893029e6 pinf=0.0 (0) dinf=6.496872169161719e9 (10739) time=105.211429526s
[ Info: iter=6088 obj=1.41908000893029e6 pinf=0.0 (0) dinf=6.505677717570102e9 (10746) time=105.305968223s
[ Info: iter=6089 obj=1.41908000893029e6 pinf=0.0 (0) dinf=6.511143224375304e9 (10749) time=105.40866162s
[ Info: iter=6090 obj=1.4190800089302897e6 pinf=0.0 (0) dinf=6.512669935636731e9 (10748) time=105.503330517s
[ Info: iter=6091 obj=1.4190800089302897e6 pinf=0.0 (0) dinf=6.513677954951441e9 (10747) time=105.601079314s
[ Info: iter=6092 obj=1.4190800089302897e6 pinf=0.0 (0) dinf=6.514179620378006e9 (10746) time=105.698059211s
[ Info: iter=6093 obj=1.4190800089302897e6 pinf=0.0 (0) dinf=6.512932236074328e9 (10745) time=105.795976208s
[ Info: iter=6094 obj=1.4190800089302897e6 pinf=0.0 (0) dinf=6.5109301693813305e9 (10744) time=105.894909605s
[ Info: iter=6095 obj=1.4190800089302897e6 pinf=0.0 (0) dinf=6.50823910701019e9 (10743) time=105.990703502s
[ Info: iter=6096 obj=1.4190800089302897e6 pinf=0.0 (0) dinf=6.505124241918843e9 (10742) time=106.091944898s
[ Info: iter=6097 obj=1.4190800089302897e6 pinf=0.0 (0) dinf=6.505124241918843e9 (10741) time=106.189585095s
[ Info: iter=6098 obj=1.4190800089302897e6 pinf=0.0 (0) dinf=6.5401773298256235e9 (10751) time=106.289587592s
[ Info: iter=6099 obj=1.4190800089302897e6 pinf=0.0 (0) dinf=6.536841428287186e9 (10751) time=106.392143889s
[ Info: iter=6100 obj=1.4190800089302897e6 pinf=0.0 (0) dinf=6.5367494127598715e9 (10748) time=106.480910086s
[ Info: iter=6101 obj=1.4190800089302897e6 pinf=0.0 (0) dinf=6.533265279875723e9 (10748) time=106.576892383s
[ Info: iter=6102 obj=1.4190800089302897e6 pinf=0.0 (0) dinf=6.53329736181626e9 (10747) time=106.67062658s
[ Info: iter=6103 obj=1.4190800089302897e6 pinf=0.0 (0) dinf=6.533292068001548e9 (10746) time=106.760006278s
[ Info: iter=6104 obj=1.4190800089302897e6 pinf=0.0 (0) dinf=6.533286774163448e9 (10745) time=106.855406075s
[ Info: iter=6105 obj=1.4190800089302897e6 pinf=0.0 (0) dinf=6.529813229232565e9 (10745) time=106.952754374s
[ Info: iter=6106 obj=1.4190800089302897e6 pinf=0.0 (0) dinf=6.529811727062535e9 (10744) time=107.048058578s
[ Info: iter=6107 obj=1.4190800089302897e6 pinf=0.0 (0) dinf=6.529801139239496e9 (10743) time=107.136614981s
[ Info: iter=6108 obj=1.4190800089302897e6 pinf=0.0 (0) dinf=6.519310453890822e9 (10741) time=107.232230885s
[ Info: iter=6109 obj=1.4190800089302897e6 pinf=0.0 (0) dinf=6.515932200539324e9 (10741) time=107.330457789s
[ Info: iter=6110 obj=1.4190800089302897e6 pinf=0.0 (0) dinf=6.515920137141929e9 (10740) time=107.420594092s
[ Info: iter=6111 obj=1.4190800089302897e6 pinf=0.0 (0) dinf=6.515877785409256e9 (10739) time=107.509358095s
[ Info: iter=6112 obj=1.4190800089302897e6 pinf=0.0 (0) dinf=6.512499532057757e9 (10739) time=107.607789099s
[ Info: iter=6113 obj=1.4190800089302897e6 pinf=0.0 (0) dinf=6.512482420390807e9 (10738) time=107.695258003s
[ Info: iter=6114 obj=1.4190800089302897e6 pinf=0.0 (0) dinf=6.5124400686581335e9 (10737) time=107.781728906s
[ Info: iter=6115 obj=1.4190800089302897e6 pinf=0.0 (0) dinf=6.509061815306636e9 (10737) time=107.87920181s
[ Info: iter=6116 obj=1.4190800089302897e6 pinf=0.0 (0) dinf=6.509044703639685e9 (10736) time=107.965099913s
[ Info: iter=6117 obj=1.4190800089302897e6 pinf=0.0 (0) dinf=6.509002351907012e9 (10735) time=108.052113416s
[ Info: iter=6118 obj=1.4190800089302897e6 pinf=0.0 (0) dinf=6.50552653212161e9 (10735) time=108.14910452s
[ Info: iter=6119 obj=1.4190800089302897e6 pinf=0.0 (0) dinf=6.505521799081802e9 (10734) time=108.242346924s
[ Info: iter=6120 obj=1.4190800089302897e6 pinf=0.0 (0) dinf=6.505507240393925e9 (10733) time=108.330885827s
[ Info: iter=6121 obj=1.4190800089302897e6 pinf=0.0 (0) dinf=6.505511967395488e9 (10733) time=108.429105031s
[ Info: iter=6122 obj=1.4190800089302897e6 pinf=0.0 (0) dinf=6.505502141747416e9 (10733) time=108.518018334s
[ Info: iter=6123 obj=1.4190800089302897e6 pinf=0.0 (0) dinf=6.510212628740341e9 (10735) time=108.607486838s
[ Info: iter=6124 obj=1.4190800089302897e6 pinf=0.0 (0) dinf=6.50933914635842e9 (10743) time=108.699029441s
[ Info: iter=6125 obj=1.41908000893029e6 pinf=0.0 (0) dinf=6.509272003309142e9 (10742) time=108.776367744s
[ Info: iter=6126 obj=1.41908000893029e6 pinf=0.0 (0) dinf=6.509171374962226e9 (10741) time=108.852489947s
[ Info: iter=6127 obj=1.41908000893029e6 pinf=0.0 (0) dinf=6.509225268074329e9 (10743) time=108.94224015s
[ Info: iter=6128 obj=1.41908000893029e6 pinf=0.0 (0) dinf=6.509085878614652e9 (10742) time=109.042906154s
[ Info: iter=6129 obj=1.41908000893029e6 pinf=0.0 (0) dinf=6.509285073016167e9 (10746) time=109.142289658s
[ Info: iter=6130 obj=1.41908000893029e6 pinf=0.0 (0) dinf=6.509284122834905e9 (10746) time=109.222399961s
[ Info: iter=6131 obj=1.41908000893029e6 pinf=0.0 (0) dinf=6.509336481522647e9 (10747) time=109.311587265s
[ Info: iter=6132 obj=1.41908000893029e6 pinf=0.0 (0) dinf=6.509230614369234e9 (10746) time=109.403532368s
[ Info: iter=6133 obj=1.41908000893029e6 pinf=0.0 (0) dinf=6.509127644412493e9 (10745) time=109.492135772s
[ Info: iter=6134 obj=1.41908000893029e6 pinf=0.0 (0) dinf=6.509129390068986e9 (10748) time=109.582457175s
[ Info: iter=6135 obj=1.41908000893029e6 pinf=0.0 (0) dinf=6.509097720807355e9 (10747) time=109.670823578s
[ Info: iter=6136 obj=1.41908000893029e6 pinf=0.0 (0) dinf=6.505672013126544e9 (10747) time=109.766189882s
[ Info: iter=6137 obj=1.41908000893029e6 pinf=0.0 (0) dinf=6.505629660518222e9 (10747) time=109.862951086s
[ Info: iter=6138 obj=1.41908000893029e6 pinf=0.0 (0) dinf=6.505587308776846e9 (10746) time=109.959443389s
[ Info: iter=6139 obj=1.41908000893029e6 pinf=0.0 (0) dinf=6.50557524565323e9 (10746) time=110.054577393s
[ Info: iter=6140 obj=1.41908000893029e6 pinf=0.0 (0) dinf=6.505532893927229e9 (10745) time=110.150467397s
[ Info: iter=6141 obj=1.41908000893029e6 pinf=0.0 (0) dinf=6.505490542201229e9 (10744) time=110.249061701s
[ Info: iter=6142 obj=1.41908000893029e6 pinf=0.0 (0) dinf=6.5054799534527025e9 (10744) time=110.345030604s
[ Info: iter=6143 obj=1.4190800089302897e6 pinf=0.0 (0) dinf=6.512288193949743e9 (10741) time=110.457085109s
[ Info: iter=6144 obj=1.41908000893029e6 pinf=0.0 (0) dinf=6.502973436463034e9 (10742) time=110.555342512s
[ Info: iter=6145 obj=1.41908000893029e6 pinf=0.0 (0) dinf=6.502973436463034e9 (10741) time=110.658472216s
[ Info: iter=6146 obj=1.41908000893029e6 pinf=0.0 (0) dinf=6.538026524369814e9 (10751) time=110.75304952s
[ Info: iter=6147 obj=1.41908000893029e6 pinf=0.0 (0) dinf=6.534550416449652e9 (10750) time=110.853024724s
[ Info: iter=6148 obj=1.41908000893029e6 pinf=0.0 (0) dinf=6.531080666901275e9 (10749) time=110.950115827s
[ Info: iter=6149 obj=1.41908000893029e6 pinf=0.0 (0) dinf=6.527582930503071e9 (10748) time=111.045967531s
[ Info: iter=6150 obj=1.41908000893029e6 pinf=0.0 (0) dinf=6.517088038554515e9 (10745) time=111.144260935s
[ Info: iter=6151 obj=1.41908000893029e6 pinf=0.0 (0) dinf=6.513633212380184e9 (10744) time=111.238995439s
[ Info: iter=6152 obj=1.41908000893029e6 pinf=0.0 (0) dinf=6.510148938012984e9 (10743) time=111.333396442s
[ Info: iter=6153 obj=1.41908000893029e6 pinf=0.0 (0) dinf=6.506664663645785e9 (10742) time=111.433147846s
[ Info: iter=6154 obj=1.41908000893029e6 pinf=0.0 (0) dinf=6.504071218205398e9 (10741) time=111.53170755s
[ Info: iter=6155 obj=1.41908000893029e6 pinf=0.0 (0) dinf=6.500596950495392e9 (10740) time=111.636454054s
[ Info: iter=6156 obj=1.41908000893029e6 pinf=0.0 (0) dinf=6.500587244939584e9 (10739) time=111.733556258s
[ Info: iter=6157 obj=1.4190800089302897e6 pinf=0.0 (0) dinf=6.543905328299889e9 (10723) time=111.829724161s
[ Info: iter=6158 obj=1.4190800089302897e6 pinf=0.0 (0) dinf=6.552359740650649e9 (10713) time=111.927637165s
[ Info: iter=6159 obj=1.4190800089302897e6 pinf=0.0 (0) dinf=6.560332740621082e9 (10715) time=112.023748569s
[ Info: iter=6160 obj=1.4190800089302897e6 pinf=0.0 (0) dinf=6.569471627567896e9 (10705) time=112.123623873s
[ Info: iter=6161 obj=1.4190800089302897e6 pinf=0.0 (0) dinf=6.577640194607321e9 (10707) time=112.219115676s
[ Info: iter=6162 obj=1.4190800089302897e6 pinf=0.0 (0) dinf=6.703377558471239e9 (10710) time=112.31372558s
[ Info: iter=6163 obj=1.4190800089302897e6 pinf=0.0 (0) dinf=6.587500224869771e9 (10697) time=112.409937683s
[ Info: iter=6164 obj=1.4190800089302897e6 pinf=0.0 (0) dinf=6.713829222145883e9 (10710) time=112.515208588s
[ Info: iter=6165 obj=1.4190800089302885e6 pinf=0.0 (0) dinf=6.768350573022166e9 (10706) time=112.595069391s
[ Info: iter=6166 obj=1.4190800089302885e6 pinf=0.0 (0) dinf=6.73610698041822e9 (10703) time=112.673659394s
[ Info: iter=6167 obj=1.4190800089302885e6 pinf=0.0 (0) dinf=6.71998521506363e9 (10711) time=112.754120097s
[ Info: iter=6168 obj=1.4190800089302885e6 pinf=0.0 (0) dinf=6.67161982615771e9 (10707) time=112.8302232s
[ Info: iter=6169 obj=1.4190800089302885e6 pinf=0.0 (0) dinf=6.655530301608722e9 (10706) time=112.907439503s
[ Info: iter=6170 obj=1.4190800089302885e6 pinf=0.0 (0) dinf=6.655514441953223e9 (10705) time=112.974536905s
[ Info: iter=6171 obj=1.419080008930295e6 pinf=0.0 (0) dinf=6.653577855963095e9 (10705) time=113.061403508s
[ Info: iter=6172 obj=1.4190800089302897e6 pinf=0.0 (0) dinf=6.644816259335625e9 (10730) time=113.140790012s
[ Info: iter=6173 obj=1.4190800089302897e6 pinf=0.0 (0) dinf=6.636323491664383e9 (10728) time=113.217622714s
[ Info: iter=6174 obj=1.4190800089302897e6 pinf=0.0 (0) dinf=6.635952619327352e9 (10724) time=113.293852317s
[ Info: iter=6175 obj=1.4190800089302885e6 pinf=0.0 (0) dinf=6.631687188586153e9 (10723) time=113.37091402s
[ Info: iter=6176 obj=1.4190800089302885e6 pinf=0.0 (0) dinf=6.631553844011578e9 (10721) time=113.449785523s
[ Info: iter=6177 obj=1.4190800089302885e6 pinf=0.0 (0) dinf=6.63231998443069e9 (10720) time=113.527202326s
[ Info: iter=6178 obj=1.4190800089302885e6 pinf=0.0 (0) dinf=6.628372297602869e9 (10719) time=113.602535629s
[ Info: iter=6179 obj=1.4190800089302885e6 pinf=0.0 (0) dinf=6.623606759729849e9 (10718) time=113.693164133s
[ Info: iter=6180 obj=1.4190800089302885e6 pinf=0.0 (0) dinf=6.653514315172492e9 (10718) time=113.781846636s
[ Info: iter=6181 obj=1.4190800089302885e6 pinf=0.0 (0) dinf=6.671248585455721e9 (10718) time=113.868086539s
[ Info: iter=6182 obj=1.4190800089302885e6 pinf=0.0 (0) dinf=6.671092086281648e9 (10717) time=113.953233443s
[ Info: iter=6183 obj=1.4190800089302885e6 pinf=0.0 (0) dinf=6.624299809749764e9 (10715) time=114.040406246s
[ Info: iter=6184 obj=1.4190800089302885e6 pinf=0.0 (0) dinf=6.77884809820146e9 (10719) time=114.128361749s
[ Info: iter=6185 obj=1.4190800089302885e6 pinf=0.0 (0) dinf=6.632178368540983e9 (10709) time=114.214874953s
[ Info: iter=6186 obj=1.4190800089302885e6 pinf=0.0 (0) dinf=6.687800145310503e9 (10709) time=114.305158556s
[ Info: iter=6187 obj=1.4190800089302885e6 pinf=0.0 (0) dinf=6.73760864732282e9 (10705) time=114.39825406s
[ Info: iter=6188 obj=1.4190800089302885e6 pinf=0.0 (0) dinf=6.664206656865181e9 (10699) time=114.485189263s
[ Info: iter=6189 obj=1.4190800089302885e6 pinf=0.0 (0) dinf=6.740371028375201e9 (10695) time=114.583765067s
[ Info: iter=6190 obj=1.4190800089302885e6 pinf=0.0 (0) dinf=6.8462817532694e9 (10693) time=114.66996827s
[ Info: iter=6191 obj=1.4190800089302885e6 pinf=0.0 (0) dinf=6.906547844138931e9 (10687) time=114.757875874s
[ Info: iter=6192 obj=1.4190800089302885e6 pinf=0.0 (0) dinf=7.508857079180086e9 (10695) time=114.844747877s
[ Info: iter=6193 obj=1.4190800089302885e6 pinf=0.0 (0) dinf=7.02740359655655e9 (10685) time=114.93243268s
[ Info: iter=6194 obj=1.4190800089302885e6 pinf=0.0 (0) dinf=6.773736998513763e9 (10680) time=115.020462684s
[ Info: iter=6195 obj=1.4190800089302885e6 pinf=0.0 (0) dinf=6.677897231010374e9 (10685) time=115.109362588s
[ Info: iter=6196 obj=1.4190800089302885e6 pinf=0.0 (0) dinf=6.639410086702377e9 (10684) time=115.211570592s
[ Info: iter=6197 obj=1.4190800089302885e6 pinf=0.0 (0) dinf=7.469310324816083e9 (10695) time=115.320030397s
[ Info: iter=6198 obj=1.4190800089302885e6 pinf=0.0 (0) dinf=7.389959211107893e9 (10697) time=115.409625701s
[ Info: iter=6199 obj=1.4190800089302885e6 pinf=0.0 (0) dinf=7.310051052420195e9 (10702) time=115.496249705s
[ Info: iter=6200 obj=1.4190800089302885e6 pinf=0.0 (0) dinf=7.232054504467237e9 (10706) time=115.584236308s
[ Info: iter=6201 obj=1.4190800089302885e6 pinf=0.0 (0) dinf=7.15405795651428e9 (10710) time=115.672294812s
[ Info: iter=6202 obj=1.4190800089302885e6 pinf=0.0 (0) dinf=7.147387019624591e9 (10707) time=115.763486716s
[ Info: iter=6203 obj=1.4190800089302885e6 pinf=0.0 (0) dinf=7.145401729651027e9 (10705) time=115.85786822s
[ Info: iter=6204 obj=1.4190800089302885e6 pinf=0.0 (0) dinf=7.1418321869435835e9 (10701) time=115.945080824s
[ Info: iter=6205 obj=1.4190800089302885e6 pinf=0.0 (0) dinf=7.138262644236139e9 (10697) time=116.033271228s
[ Info: iter=6206 obj=1.4190800089302885e6 pinf=0.0 (0) dinf=7.136889152219422e9 (10692) time=116.122754232s
[ Info: iter=6207 obj=1.4190800089302885e6 pinf=0.0 (0) dinf=7.026624100806434e9 (10690) time=116.211486936s
[ Info: iter=6208 obj=1.4190800089302885e6 pinf=0.0 (0) dinf=7.032513282830185e9 (10693) time=116.300403539s
[ Info: iter=6209 obj=1.4190800089302885e6 pinf=0.0 (0) dinf=7.028587161071324e9 (10691) time=116.386321043s
[ Info: iter=6210 obj=1.4190800089302885e6 pinf=0.0 (0) dinf=6.844076644913971e9 (10685) time=116.474686047s
[ Info: iter=6211 obj=1.4190800089302885e6 pinf=0.0 (0) dinf=7.183508964945663e9 (10681) time=116.570726751s
[ Info: iter=6212 obj=1.4190800089302885e6 pinf=0.0 (0) dinf=7.535009389531442e9 (10683) time=116.658961355s
[ Info: iter=6213 obj=1.4190800089302897e6 pinf=0.0 (0) dinf=6.681562731098628e9 (10680) time=116.746490559s
[ Info: iter=6214 obj=1.4190800089302897e6 pinf=0.0 (0) dinf=6.684705162501131e9 (10681) time=116.835327563s
[ Info: iter=6215 obj=1.4190800089302885e6 pinf=0.0 (0) dinf=7.542024233253265e9 (10691) time=116.925976966s
[ Info: iter=6216 obj=1.4190800089302885e6 pinf=0.0 (0) dinf=7.364398488603723e9 (10691) time=117.01565877s
[ Info: iter=6217 obj=1.4190800089302897e6 pinf=0.0 (0) dinf=6.639340588595601e9 (10680) time=117.103514474s
[ Info: iter=6218 obj=1.4190800089302885e6 pinf=0.0 (0) dinf=8.0325814536229e9 (10677) time=117.195308978s
[ Info: iter=6219 obj=1.4190800089302885e6 pinf=0.0 (0) dinf=7.16319090306819e9 (10674) time=117.289012082s
[ Info: iter=6220 obj=1.4190800089302897e6 pinf=0.0 (0) dinf=7.615943729838606e9 (10680) time=117.382116086s
[ Info: iter=6221 obj=1.4190800089302897e6 pinf=0.0 (0) dinf=6.772540498422021e9 (10675) time=117.46893079s
[ Info: iter=6222 obj=1.4190800089302897e6 pinf=0.0 (0) dinf=6.788187956895269e9 (10678) time=117.556855794s
[ Info: iter=6223 obj=1.4190800089302897e6 pinf=0.0 (0) dinf=6.780876663235494e9 (10677) time=117.647074398s
[ Info: iter=6224 obj=1.4190800089302897e6 pinf=0.0 (0) dinf=6.787078946942932e9 (10677) time=117.735759601s
[ Info: iter=6225 obj=1.4190800089302897e6 pinf=0.0 (0) dinf=6.692872097126482e9 (10676) time=117.822869605s
[ Info: iter=6226 obj=1.4190800089302897e6 pinf=0.0 (0) dinf=8.395863385470705e9 (10678) time=117.912081709s
[ Info: iter=6227 obj=1.4190800089302897e6 pinf=0.0 (0) dinf=7.110040920010861e9 (10675) time=117.999181313s
[ Info: iter=6228 obj=1.4190800089302897e6 pinf=0.0 (0) dinf=6.990030822837107e9 (10674) time=118.092927117s
[ Info: iter=6229 obj=1.4190800089302897e6 pinf=0.0 (0) dinf=6.990045340110124e9 (10675) time=118.184529921s
[ Info: iter=6230 obj=1.4190800089302897e6 pinf=0.0 (0) dinf=6.97869466140162e9 (10673) time=118.276997725s
[ Info: iter=6231 obj=1.4190800089302897e6 pinf=0.0 (0) dinf=6.97869466071562e9 (10673) time=118.371016629s
[ Info: iter=6232 obj=1.4190800089302897e6 pinf=0.0 (0) dinf=8.68168568473082e9 (10676) time=118.467339133s
[ Info: iter=6233 obj=1.4190800089302897e6 pinf=0.0 (0) dinf=8.68168568473082e9 (10675) time=118.559429237s
[ Info: iter=6234 obj=1.4190800089302897e6 pinf=0.0 (0) dinf=7.395863448741544e9 (10682) time=118.659664741s
[ Info: iter=6235 obj=1.4190800089302897e6 pinf=0.0 (0) dinf=7.039176234765947e9 (10691) time=118.753083045s
[ Info: iter=6236 obj=1.4190800089302897e6 pinf=0.0 (0) dinf=7.032448058875203e9 (10690) time=118.84676095s
[ Info: iter=6237 obj=1.4190800089302897e6 pinf=0.0 (0) dinf=7.05335573805492e9 (10692) time=118.936929253s
[ Info: iter=6238 obj=1.4190800089302897e6 pinf=0.0 (0) dinf=7.044931592350093e9 (10693) time=119.028964357s
[ Info: iter=6239 obj=1.4190800089302897e6 pinf=0.0 (0) dinf=7.044861422762497e9 (10692) time=119.122279861s
[ Info: iter=6240 obj=1.4190800089302897e6 pinf=0.0 (0) dinf=7.044791730499254e9 (10692) time=119.214632365s
[ Info: iter=6241 obj=1.4190800089302885e6 pinf=0.0 (0) dinf=7.041600271297477e9 (10691) time=119.30852587s
[ Info: iter=6242 obj=1.4190800089302885e6 pinf=0.0 (0) dinf=7.032339036020528e9 (10690) time=119.403967974s
[ Info: iter=6243 obj=1.4190800089302885e6 pinf=0.0 (0) dinf=7.022520207157289e9 (10689) time=119.495134478s
[ Info: iter=6244 obj=1.4190800089302885e6 pinf=0.0 (0) dinf=7.022573459085006e9 (10688) time=119.588716282s
[ Info: iter=6245 obj=1.4190800089302885e6 pinf=0.0 (0) dinf=6.997757150350333e9 (10693) time=119.680299686s
[ Info: iter=6246 obj=1.4190800089302885e6 pinf=0.0 (0) dinf=6.981547694833524e9 (10692) time=119.77253359s
[ Info: iter=6247 obj=1.4190800089302885e6 pinf=0.0 (0) dinf=7.0322181038429785e9 (10693) time=119.864856794s
[ Info: iter=6248 obj=1.4190800089302885e6 pinf=0.0 (0) dinf=7.012540801244794e9 (10692) time=119.974383498s
[ Info: iter=6249 obj=1.4190800089302885e6 pinf=0.0 (0) dinf=7.012377283308795e9 (10691) time=120.067581902s
[ Info: iter=6250 obj=1.4190800089302885e6 pinf=0.0 (0) dinf=6.980321929402942e9 (10687) time=120.160821806s
[ Info: iter=6251 obj=1.4190800089302885e6 pinf=0.0 (0) dinf=6.984335614378392e9 (10686) time=120.25336471s
[ Info: iter=6252 obj=1.4190800089302885e6 pinf=0.0 (0) dinf=7.068268222564022e9 (10704) time=120.344292814s
[ Info: iter=6253 obj=1.4190800089302897e6 pinf=0.0 (0) dinf=7.068906023247093e9 (10711) time=120.436038118s
[ Info: iter=6254 obj=1.4190800089302897e6 pinf=0.0 (0) dinf=7.068800935759735e9 (10710) time=120.546857823s
[ Info: iter=6255 obj=1.4190800089302897e6 pinf=0.0 (0) dinf=7.176779693792323e9 (10703) time=120.652395128s
[ Info: iter=6256 obj=1.4190800089302897e6 pinf=0.0 (0) dinf=7.17366266026102e9 (10701) time=120.755959532s
[ Info: iter=6257 obj=1.4190800089302897e6 pinf=0.0 (0) dinf=7.147303082339147e9 (10704) time=120.847734336s
[ Info: iter=6258 obj=1.4190800089302897e6 pinf=0.0 (0) dinf=7.120818899461333e9 (10703) time=120.94063394s
[ Info: iter=6259 obj=1.4190800089302897e6 pinf=0.0 (0) dinf=7.095268547598924e9 (10706) time=121.035240344s
[ Info: iter=6260 obj=1.4190800089302897e6 pinf=0.0 (0) dinf=7.069718195736512e9 (10709) time=121.126921148s
[ Info: iter=6261 obj=1.4190800089302897e6 pinf=0.0 (0) dinf=7.043532735636491e9 (10709) time=121.220095752s
[ Info: iter=6262 obj=1.4190800089302897e6 pinf=0.0 (0) dinf=7.043264145817454e9 (10708) time=121.314400756s
[ Info: iter=6263 obj=1.4190800089302897e6 pinf=0.0 (0) dinf=7.042298299064441e9 (10704) time=121.40596306s
[ Info: iter=6264 obj=1.4190800089302897e6 pinf=0.0 (0) dinf=7.041332452311427e9 (10700) time=121.498376864s
[ Info: iter=6265 obj=1.4190800089302897e6 pinf=0.0 (0) dinf=7.020303200860886e9 (10700) time=121.590708268s
[ Info: iter=6266 obj=1.4190800089302897e6 pinf=0.0 (0) dinf=7.020182249790564e9 (10698) time=121.687683572s
[ Info: iter=6267 obj=1.4190800089302897e6 pinf=0.0 (0) dinf=7.019923179687437e9 (10694) time=121.782028576s
[ Info: iter=6268 obj=1.4190800089302897e6 pinf=0.0 (0) dinf=7.019912025485876e9 (10694) time=121.87208118s
[ Info: iter=6269 obj=1.4190800089302897e6 pinf=0.0 (0) dinf=7.019899235983355e9 (10693) time=121.970506585s
[ Info: iter=6270 obj=1.4190800089302897e6 pinf=0.0 (0) dinf=7.019888082245699e9 (10692) time=122.062923789s
[ Info: iter=6271 obj=1.4190800089302897e6 pinf=0.0 (0) dinf=7.020053252328511e9 (10696) time=122.158997293s
[ Info: iter=6272 obj=1.4190800089302897e6 pinf=0.0 (0) dinf=7.017700890490649e9 (10695) time=122.253665097s
[ Info: iter=6273 obj=1.4190800089302897e6 pinf=0.0 (0) dinf=7.01739382968875e9 (10692) time=122.351089001s
[ Info: iter=6274 obj=1.4190800089302897e6 pinf=0.0 (0) dinf=7.00959734874729e9 (10691) time=122.447345005s
[ Info: iter=6275 obj=1.4190800089302897e6 pinf=0.0 (0) dinf=7.017491477014522e9 (10691) time=122.55211621s
[ Info: iter=6276 obj=1.4190800089302897e6 pinf=0.0 (0) dinf=6.987198905205126e9 (10687) time=122.643543614s
[ Info: iter=6277 obj=1.4190800089302897e6 pinf=0.0 (0) dinf=6.98718242360663e9 (10687) time=122.754325719s
[ Info: iter=6278 obj=1.4190800089302897e6 pinf=0.0 (0) dinf=6.983900236608898e9 (10684) time=122.848596223s
[ Info: iter=6279 obj=1.4190800089302897e6 pinf=0.0 (0) dinf=6.985696760150639e9 (10690) time=122.938361426s
[ Info: iter=6280 obj=1.4190800089302885e6 pinf=0.0 (0) dinf=6.975001098604501e9 (10683) time=123.029370024s
[ Info: iter=6281 obj=1.4190800089302885e6 pinf=0.0 (0) dinf=6.975798291815907e9 (10682) time=123.117991121s
[ Info: iter=6282 obj=1.4190800089302885e6 pinf=0.0 (0) dinf=6.975004356701407e9 (10681) time=123.208640517s
[ Info: iter=6283 obj=1.4190800089302885e6 pinf=0.0 (0) dinf=6.972027564237519e9 (10686) time=123.298048114s
[ Info: iter=6284 obj=1.4190800089302885e6 pinf=0.0 (0) dinf=6.971808698242358e9 (10685) time=123.39528211s
[ Info: iter=6285 obj=1.4190800089302885e6 pinf=0.0 (0) dinf=7.041534339120777e9 (10688) time=123.488648907s
[ Info: iter=6286 obj=1.4190800089302885e6 pinf=0.0 (0) dinf=7.02840838769469e9 (10697) time=123.580513103s
[ Info: iter=6287 obj=1.4190800089302885e6 pinf=0.0 (0) dinf=7.026948493436769e9 (10696) time=123.6728138s
[ Info: iter=6288 obj=1.4190800089302885e6 pinf=0.0 (0) dinf=7.0277304029350605e9 (10698) time=123.767012296s
[ Info: iter=6289 obj=1.4190800089302885e6 pinf=0.0 (0) dinf=7.025708150887423e9 (10697) time=123.857478993s
[ Info: iter=6290 obj=1.4190800089302885e6 pinf=0.0 (0) dinf=7.025229827487971e9 (10696) time=123.950959189s
[ Info: iter=6291 obj=1.4190800089302885e6 pinf=0.0 (0) dinf=7.023603155688143e9 (10695) time=124.044155586s
[ Info: iter=6292 obj=1.4190800089302885e6 pinf=0.0 (0) dinf=7.022179469770371e9 (10694) time=124.136499882s
[ Info: iter=6293 obj=1.4190800089302885e6 pinf=0.0 (0) dinf=7.022108345937042e9 (10694) time=124.232491779s
[ Info: iter=6294 obj=1.4190800089302885e6 pinf=0.0 (0) dinf=7.326201687291464e9 (10715) time=124.323941275s
[ Info: iter=6295 obj=1.4190800089302897e6 pinf=0.0 (0) dinf=7.38784629470483e9 (10714) time=124.414875072s
[ Info: iter=6296 obj=1.4190800089302897e6 pinf=0.0 (0) dinf=7.376847569331984e9 (10713) time=124.505539869s
[ Info: iter=6297 obj=1.4190800089302897e6 pinf=0.0 (0) dinf=6.986199184243776e9 (10686) time=124.600737965s
[ Info: iter=6298 obj=1.4190800089302885e6 pinf=0.0 (0) dinf=6.986150941861205e9 (10685) time=124.694761062s
[ Info: iter=6299 obj=1.4190800089302897e6 pinf=0.0 (0) dinf=7.163331879521813e9 (10684) time=124.793672158s
[ Info: iter=6300 obj=1.4190800089302897e6 pinf=0.0 (0) dinf=7.253431776256901e9 (10697) time=124.883342654s
[ Info: iter=6301 obj=1.4190800089302897e6 pinf=0.0 (0) dinf=6.930190239181362e9 (10723) time=124.972741651s
[ Info: iter=6302 obj=1.4190800089302897e6 pinf=0.0 (0) dinf=6.671417897051829e9 (10706) time=125.061244348s
[ Info: iter=6303 obj=1.4190800089302897e6 pinf=0.0 (0) dinf=6.671147963383334e9 (10704) time=125.148639745s
[ Info: iter=6304 obj=1.4190800089302897e6 pinf=0.0 (0) dinf=6.859153420051956e9 (10706) time=125.236699541s
[ Info: iter=6305 obj=1.4190800089302897e6 pinf=0.0 (0) dinf=6.718080191491816e9 (10702) time=125.323315838s
[ Info: iter=6306 obj=1.4190800089302897e6 pinf=0.0 (0) dinf=6.841640223071217e9 (10785) time=125.412058235s
[ Info: iter=6307 obj=1.4190800089302897e6 pinf=0.0 (0) dinf=6.841609960033314e9 (10783) time=125.471009232s
[ Info: iter=6308 obj=1.4190800089302897e6 pinf=0.0 (0) dinf=6.830343757353168e9 (10734) time=125.53823433s
[ Info: iter=6309 obj=1.4190800089302897e6 pinf=0.0 (0) dinf=6.830343756762809e9 (10734) time=125.608393827s
[ Info: iter=6310 obj=1.4190800089302897e6 pinf=0.0 (0) dinf=6.830343756276783e9 (10734) time=125.680701525s
[ Info: iter=6311 obj=1.4190800089302897e6 pinf=0.0 (0) dinf=6.830315873877088e9 (10732) time=125.758840622s
[ Info: iter=6312 obj=1.4190800089302897e6 pinf=0.0 (0) dinf=6.829590882947792e9 (10731) time=125.846381118s
[ Info: iter=6313 obj=1.4190800089302897e6 pinf=0.0 (0) dinf=6.816184034699203e9 (10725) time=125.933285615s
[ Info: iter=6314 obj=1.4190800089302897e6 pinf=0.0 (0) dinf=6.877261033655737e9 (10728) time=126.022827512s
[ Info: iter=6315 obj=1.4190800089302897e6 pinf=0.0 (0) dinf=6.969818595075318e9 (10683) time=126.111600008s
[ Info: iter=6316 obj=1.4190800089302897e6 pinf=0.0 (0) dinf=6.9621500996013365e9 (10681) time=126.201705305s
[ Info: iter=6317 obj=1.4190800089302897e6 pinf=0.0 (0) dinf=6.958619910533082e9 (10682) time=126.290101202s
[ Info: iter=6318 obj=1.4190800089302897e6 pinf=0.0 (0) dinf=6.958557394425739e9 (10681) time=126.377820399s
[ Info: iter=6319 obj=1.4190800089302897e6 pinf=0.0 (0) dinf=1.1001464125271538e10 (10728) time=126.471258495s
[ Info: iter=6320 obj=1.4190800089302897e6 pinf=0.0 (0) dinf=6.954727783284072e9 (10721) time=126.558594692s
[ Info: iter=6321 obj=1.4190800089302897e6 pinf=0.0 (0) dinf=7.002584303663891e9 (10723) time=126.650365488s
[ Info: iter=6322 obj=1.4190800089302897e6 pinf=0.0 (0) dinf=7.002500322551747e9 (10723) time=126.738313585s
[ Info: iter=6323 obj=1.4190800089302897e6 pinf=0.0 (0) dinf=1.1192437991312199e10 (10726) time=126.837613681s
[ Info: iter=6324 obj=1.4190800089302897e6 pinf=0.0 (0) dinf=1.1198117401509308e10 (10727) time=126.926155378s
[ Info: iter=6325 obj=1.4190800089302897e6 pinf=0.0 (0) dinf=6.663548302079595e9 (10689) time=127.029973874s
[ Info: iter=6326 obj=1.4190800089302897e6 pinf=0.0 (0) dinf=7.177408213402408e9 (10698) time=127.121069971s
[ Info: iter=6327 obj=1.4190800089302897e6 pinf=0.0 (0) dinf=7.125107644113091e9 (10695) time=127.213312167s
[ Info: iter=6328 obj=1.4190800089302885e6 pinf=0.0 (0) dinf=8.829004592672321e9 (10694) time=127.302393464s
[ Info: iter=6329 obj=1.4190800089302885e6 pinf=0.0 (0) dinf=8.841932292854517e9 (10696) time=127.393522761s
[ Info: iter=6330 obj=1.4190800089302885e6 pinf=0.0 (0) dinf=8.795426874195358e9 (10690) time=127.480734057s
[ Info: iter=6331 obj=1.4190800089302897e6 pinf=0.0 (0) dinf=6.6028246017340555e9 (10678) time=127.568353954s
[ Info: iter=6332 obj=1.4190800089302897e6 pinf=0.0 (0) dinf=6.608757173795334e9 (10681) time=127.659217751s
[ Info: iter=6333 obj=1.4190800089302897e6 pinf=0.0 (0) dinf=6.604802125396106e9 (10679) time=127.747220647s
[ Info: iter=6334 obj=1.4190800089302897e6 pinf=0.0 (0) dinf=7.152408340169535e9 (10685) time=127.834351544s
[ Info: iter=6335 obj=1.4190800089302885e6 pinf=0.0 (0) dinf=7.394125077023191e9 (10687) time=127.921122641s
[ Info: iter=6336 obj=1.4190800089302885e6 pinf=0.0 (0) dinf=7.291876180321263e9 (10684) time=128.012525137s
[ Info: iter=6337 obj=1.4190800089302885e6 pinf=0.0 (0) dinf=7.189627283619335e9 (10681) time=128.101393034s
[ Info: iter=6338 obj=1.4190800089302897e6 pinf=0.0 (0) dinf=6.99597229228623e9 (10681) time=128.188185231s
[ Info: iter=6339 obj=1.4190800089302885e6 pinf=0.0 (0) dinf=7.5307224010778675e9 (10680) time=128.277042627s
[ Info: iter=6340 obj=1.4190800089302885e6 pinf=0.0 (0) dinf=7.909070941746194e9 (10686) time=128.366558224s
[ Info: iter=6341 obj=1.4190800089302885e6 pinf=0.0 (0) dinf=7.04085730805451e9 (10680) time=128.454072721s
[ Info: iter=6342 obj=1.4190800089302885e6 pinf=0.0 (0) dinf=9.251697854182045e9 (10683) time=128.540798618s
[ Info: iter=6343 obj=1.4190800089302885e6 pinf=0.0 (0) dinf=8.118455283280703e9 (10676) time=128.628383514s
[ Info: iter=6344 obj=1.4190800089302885e6 pinf=0.0 (0) dinf=8.01461010484675e9 (10674) time=128.716055611s
[ Info: iter=6345 obj=1.4190800089302885e6 pinf=0.0 (0) dinf=7.16369222964333e9 (10671) time=128.803968708s
[ Info: iter=6346 obj=1.4190800089302885e6 pinf=0.0 (0) dinf=7.384017073456433e9 (10676) time=128.900902704s
[ Info: iter=6347 obj=1.4190800089302885e6 pinf=0.0 (0) dinf=7.351636877425701e9 (10673) time=128.987286701s
[ Info: iter=6348 obj=1.4190800089302885e6 pinf=0.0 (0) dinf=6.941286445080164e9 (10672) time=129.078063598s
[ Info: iter=6349 obj=1.4190800089302885e6 pinf=0.0 (0) dinf=7.267332116035933e9 (10681) time=129.171867894s
[ Info: iter=6350 obj=1.4190800089302885e6 pinf=0.0 (0) dinf=1.7066513387266375e10 (10718) time=129.260155491s
[ Info: iter=6351 obj=1.4190800089302885e6 pinf=0.0 (0) dinf=1.7066513387266375e10 (10718) time=129.349985187s
[ Info: iter=6352 obj=1.4190800089302885e6 pinf=0.0 (0) dinf=1.7951883544699432e10 (10718) time=129.441445284s
[ Info: iter=6353 obj=1.4190800089302885e6 pinf=0.0 (0) dinf=1.795016199064258e10 (10718) time=129.53663118s
[ Info: iter=6354 obj=1.4190800089302885e6 pinf=0.0 (0) dinf=1.8321330987991455e10 (10714) time=129.628172377s
[ Info: iter=6355 obj=1.4190800089302885e6 pinf=0.0 (0) dinf=2.1306214837946045e10 (10719) time=129.718127274s
[ Info: iter=6356 obj=1.4190800089302885e6 pinf=0.0 (0) dinf=1.976484567228416e10 (10713) time=129.80671757s
[ Info: iter=6357 obj=1.4190800089302885e6 pinf=0.0 (0) dinf=1.842468781819928e10 (10704) time=129.895780367s
[ Info: iter=6358 obj=1.4190800089302885e6 pinf=0.0 (0) dinf=9.778219052085982e10 (10708) time=129.989149863s
[ Info: iter=6359 obj=1.4190800089302885e6 pinf=0.0 (0) dinf=7.091378962630255e9 (10677) time=130.07766646s
[ Info: iter=6360 obj=1.4190800089302885e6 pinf=0.0 (0) dinf=2.659636976580973e10 (10698) time=130.166908257s
[ Info: iter=6361 obj=1.4190800089302885e6 pinf=0.0 (0) dinf=2.6380253699626057e10 (10697) time=130.275998053s
[ Info: iter=6362 obj=1.4190800089302885e6 pinf=0.0 (0) dinf=2.616413763344316e10 (10696) time=130.386044149s
[ Info: iter=6363 obj=1.4190800089302885e6 pinf=0.0 (0) dinf=2.6206141813669643e10 (10698) time=130.491141645s
[ Info: iter=6364 obj=1.4190800089302885e6 pinf=0.0 (0) dinf=2.6206141812686466e10 (10698) time=130.601465941s
[ Info: iter=6365 obj=1.4190800089302885e6 pinf=0.0 (0) dinf=2.581423717364316e10 (10696) time=130.708618737s
[ Info: iter=6366 obj=1.4190800089302885e6 pinf=0.0 (0) dinf=2.590796351912122e10 (10699) time=130.818431932s
[ Info: iter=6367 obj=1.4190800089302885e6 pinf=0.0 (0) dinf=2.586361280094334e10 (10698) time=130.931464328s
[ Info: iter=6368 obj=1.4190800089302885e6 pinf=0.0 (0) dinf=2.5765331838680107e10 (10695) time=131.040728119s
[ Info: iter=6369 obj=1.4190800089302885e6 pinf=0.0 (0) dinf=2.57653318377584e10 (10695) time=131.151958908s
[ Info: iter=6370 obj=1.4190800089302885e6 pinf=0.0 (0) dinf=2.5715956209662952e10 (10693) time=131.262977597s
[ Info: iter=6371 obj=1.4190800089302885e6 pinf=0.0 (0) dinf=2.5670983257218044e10 (10689) time=131.376610985s
[ Info: iter=6372 obj=1.4190800089302885e6 pinf=0.0 (0) dinf=2.569442576067491e10 (10692) time=131.487223474s
[ Info: iter=6373 obj=1.4190800089302885e6 pinf=0.0 (0) dinf=2.5703055576926865e10 (10693) time=131.595826263s
[ Info: iter=6374 obj=1.4190800089302885e6 pinf=0.0 (0) dinf=2.5678389600174778e10 (10690) time=131.705818652s
[ Info: iter=6375 obj=1.4190800089302885e6 pinf=0.0 (0) dinf=2.5678389599441044e10 (10690) time=131.83092504s
[ Info: iter=6376 obj=1.4190800089302885e6 pinf=0.0 (0) dinf=2.567838959895374e10 (10690) time=131.956978527s
[ Info: iter=6377 obj=1.4190800089302885e6 pinf=0.0 (0) dinf=2.567838959831609e10 (10690) time=132.087544214s
[ Info: iter=6378 obj=1.4190800089302885e6 pinf=0.0 (0) dinf=2.5682740760877346e10 (10691) time=132.219510401s
[ Info: iter=6379 obj=1.4190800089302885e6 pinf=0.0 (0) dinf=2.5682287360821037e10 (10693) time=132.352959787s
[ Info: iter=6380 obj=1.4190800089302885e6 pinf=0.0 (0) dinf=2.5680060065761646e10 (10692) time=132.484061574s
[ Info: iter=6381 obj=1.4190800089302897e6 pinf=0.0 (0) dinf=3.579393442745684e10 (10695) time=132.614889161s
[ Info: iter=6382 obj=1.4190800089302897e6 pinf=0.0 (0) dinf=3.5801636627645226e10 (10695) time=132.751551847s
[ Info: iter=6383 obj=1.4190800089302897e6 pinf=0.0 (0) dinf=3.583878132524897e10 (10690) time=132.893986733s
[ Info: iter=6384 obj=1.4190800089302897e6 pinf=0.0 (0) dinf=1.1323737971490674e11 (10685) time=133.036156419s
[ Info: iter=6385 obj=1.4190800089302897e6 pinf=0.0 (0) dinf=1.3750890911691467e11 (10686) time=133.170161705s
[ Info: iter=6386 obj=1.4190800089302897e6 pinf=0.0 (0) dinf=2.2015104729815826e11 (10685) time=133.310528491s
[ Info: iter=6387 obj=1.4190800089302897e6 pinf=0.0 (0) dinf=2.2015104729616843e11 (10685) time=133.447803977s
[ Info: iter=6388 obj=1.4190800089302897e6 pinf=0.0 (0) dinf=2.2014483233783658e11 (10684) time=133.591419363s
[ Info: iter=6389 obj=1.4190800089302897e6 pinf=0.0 (0) dinf=2.2014529606902524e11 (10680) time=133.752851746s
[ Info: iter=6390 obj=1.4190800089302897e6 pinf=0.0 (0) dinf=2.2014507712951743e11 (10681) time=133.91666603s
[ Info: iter=6391 obj=1.4190800089302897e6 pinf=0.0 (0) dinf=2.201450580882737e11 (10680) time=134.082629813s
[ Info: iter=6392 obj=1.4190800089302897e6 pinf=0.0 (0) dinf=2.2014503904703e11 (10679) time=134.248348097s
[ Info: iter=6393 obj=1.4190800089302897e6 pinf=0.0 (0) dinf=2.2014503390861978e11 (10678) time=134.419673379s
[ Info: iter=6394 obj=1.4190800089302897e6 pinf=0.0 (0) dinf=2.2014503931391e11 (10677) time=134.583310863s
[ Info: iter=6395 obj=1.4190800089302897e6 pinf=0.0 (0) dinf=2.201450367448536e11 (10677) time=134.748813846s
[ Info: iter=6396 obj=1.4190800089302897e6 pinf=0.0 (0) dinf=2.2014503160650827e11 (10676) time=134.91481833s
[ Info: iter=6397 obj=1.4190800089302897e6 pinf=0.0 (0) dinf=2.201819733529528e11 (10676) time=135.095177811s
[ Info: iter=6398 obj=1.4190800089302897e6 pinf=0.0 (0) dinf=2.202427392816212e11 (10673) time=135.154238506s
[ Info: iter=6399 obj=1.4190800089302897e6 pinf=0.0 (0) dinf=2.2024276802144473e11 (10672) time=135.330113388s
[ Info: iter=6400 obj=1.4190800089302897e6 pinf=0.0 (0) dinf=2.2023149636573273e11 (10671) time=135.516103669s
[ Info: iter=6401 obj=1.4190800089302897e6 pinf=0.0 (0) dinf=2.2022061488645367e11 (10670) time=135.70603885s
[ Info: iter=6402 obj=1.4190800089302897e6 pinf=0.0 (0) dinf=2.202109419776619e11 (10669) time=135.880446933s
[ Info: iter=6403 obj=1.4190800089302897e6 pinf=0.0 (0) dinf=2.2019900588649237e11 (10668) time=136.056648615s
[ Info: iter=6404 obj=1.4190800089302897e6 pinf=0.0 (0) dinf=2.209267219569425e11 (10668) time=136.234125997s
[ Info: iter=6405 obj=1.4190800089302897e6 pinf=0.0 (0) dinf=2.2239642535159647e11 (10667) time=136.309899789s
[ Info: iter=6406 obj=1.4190800089302897e6 pinf=0.0 (0) dinf=2.2245274413859857e11 (10666) time=136.487286472s
[ Info: iter=6407 obj=1.4190800089302897e6 pinf=0.0 (0) dinf=2.2245274413859845e11 (10667) time=136.664263154s
[ Info: iter=6408 obj=1.4190800089302897e6 pinf=0.0 (0) dinf=2.224457042902233e11 (10664) time=136.846402935s
[ Info: iter=6409 obj=1.4190800089302897e6 pinf=0.0 (0) dinf=2.224386644418479e11 (10665) time=137.031373517s
[ Info: iter=6410 obj=1.4190800089302897e6 pinf=0.0 (0) dinf=2.2243866444184802e11 (10662) time=137.213630898s
[ Info: iter=6411 obj=1.4190800089302897e6 pinf=0.0 (0) dinf=2.2243867981338043e11 (10662) time=137.408477079s
[ Info: iter=6412 obj=1.4190800089302897e6 pinf=0.0 (0) dinf=2.2243867981338043e11 (10662) time=137.607842859s
[ Info: iter=6413 obj=1.4190800089302897e6 pinf=0.0 (0) dinf=2.2243867981338043e11 (10662) time=137.79335844s
[ Info: iter=6414 obj=1.4190800089302897e6 pinf=0.0 (0) dinf=2.2243867981338043e11 (10662) time=137.982867221s
[ Info: iter=6415 obj=1.4190800089302897e6 pinf=0.0 (0) dinf=2.2246273857691425e11 (10659) time=138.172391802s
[ Info: iter=6416 obj=1.4190800089302897e6 pinf=0.0 (0) dinf=2.2246274535172092e11 (10659) time=138.363574683s
[ Info: iter=6417 obj=1.4190800089302897e6 pinf=0.0 (0) dinf=2.2246273803134335e11 (10653) time=138.556626263s
[ Info: iter=6418 obj=1.4190800089302897e6 pinf=0.0 (0) dinf=2.2245862414293082e11 (10648) time=138.749666044s
[ Info: iter=6419 obj=1.4190800089302897e6 pinf=0.0 (0) dinf=7.609090191361914e11 (10650) time=138.942313425s
[ Info: iter=6420 obj=1.4190800089302897e6 pinf=0.0 (0) dinf=8.891995063755875e9 (10681) time=139.064037222s
[ Info: iter=6421 obj=1.4190800089302897e6 pinf=0.0 (0) dinf=8.89416596023262e9 (10680) time=139.127662923s
[ Info: iter=6422 obj=1.4190800089302897e6 pinf=0.0 (0) dinf=8.888691561130123e9 (10675) time=139.208225224s
[ Info: iter=6423 obj=1.41908000893029e6 pinf=0.0 (0) dinf=1.4822665826599737e10 (10677) time=139.289750525s
[ Info: iter=6424 obj=1.41908000893029e6 pinf=0.0 (0) dinf=8.893694338596228e9 (10678) time=139.363025026s
[ Info: iter=6425 obj=1.41908000893029e6 pinf=0.0 (0) dinf=8.897638216670786e9 (10686) time=139.437340727s
[ Info: iter=6426 obj=1.41908000893029e6 pinf=0.0 (0) dinf=8.89872131181962e9 (10685) time=139.510370028s
[ Info: iter=6427 obj=1.41908000893029e6 pinf=0.0 (0) dinf=8.898310615726118e9 (10684) time=139.586201628s
[ Info: iter=6428 obj=1.41908000893029e6 pinf=0.0 (0) dinf=8.897810313212221e9 (10683) time=139.660989329s
[ Info: iter=6429 obj=1.41908000893029e6 pinf=0.0 (0) dinf=8.897187487633692e9 (10682) time=139.74004103s
[ Info: iter=6430 obj=1.41908000893029e6 pinf=0.0 (0) dinf=8.896167738680992e9 (10681) time=139.814345531s
[ Info: iter=6431 obj=1.41908000893029e6 pinf=0.0 (0) dinf=8.894700706739353e9 (10680) time=139.891304432s
[ Info: iter=6432 obj=1.41908000893029e6 pinf=0.0 (0) dinf=8.892871996853018e9 (10679) time=139.965446033s
[ Info: iter=6433 obj=1.41908000893029e6 pinf=0.0 (0) dinf=8.890541349017044e9 (10678) time=140.039183234s
[ Info: iter=6434 obj=1.41908000893029e6 pinf=0.0 (0) dinf=8.911557780501572e9 (10678) time=140.114368035s
[ Info: iter=6435 obj=1.41908000893029e6 pinf=0.0 (0) dinf=8.91930290891986e9 (10683) time=140.191988036s
[ Info: iter=6436 obj=1.41908000893029e6 pinf=0.0 (0) dinf=8.917075629528862e9 (10682) time=140.268338736s
[ Info: iter=6437 obj=1.41908000893029e6 pinf=0.0 (0) dinf=8.897383003680578e9 (10676) time=140.342335137s
[ Info: iter=6438 obj=1.4190800089302897e6 pinf=0.0 (0) dinf=8.904859874781792e9 (10676) time=140.422712838s
[ Info: iter=6439 obj=1.4190800089302897e6 pinf=0.0 (0) dinf=8.906418949509596e9 (10675) time=140.482204639s
[ Info: iter=6440 obj=1.41908000893029e6 pinf=0.0 (0) dinf=8.919970781556124e9 (10695) time=140.55355644s
[ Info: iter=6441 obj=1.41908000893029e6 pinf=0.0 (0) dinf=8.917383685563078e9 (10701) time=140.622705641s
[ Info: iter=6442 obj=1.41908000893029e6 pinf=0.0 (0) dinf=8.919970782056124e9 (10691) time=140.691450541s
[ Info: iter=6443 obj=1.41908000893029e6 pinf=0.0 (0) dinf=8.913662767133057e9 (10692) time=140.761363042s
[ Info: iter=6444 obj=1.41908000893029e6 pinf=0.0 (0) dinf=8.907291318896112e9 (10691) time=140.832478443s
[ Info: iter=6445 obj=1.41908000893029e6 pinf=0.0 (0) dinf=8.919970782556124e9 (10687) time=140.901970844s
[ Info: iter=6446 obj=1.41908000893029e6 pinf=0.0 (0) dinf=8.917383685705877e9 (10693) time=140.970511645s
[ Info: iter=6447 obj=1.41908000893029e6 pinf=0.0 (0) dinf=8.915477339354816e9 (10692) time=141.039824745s
[ Info: iter=6448 obj=1.41908000893029e6 pinf=0.0 (0) dinf=8.926761460446215e9 (10683) time=141.117416546s
[ Info: iter=6449 obj=1.41908000893029e6 pinf=0.0 (0) dinf=8.924378527191568e9 (10689) time=141.193975347s
[ Info: iter=6450 obj=1.41908000893029e6 pinf=0.0 (0) dinf=8.921144655700161e9 (10688) time=141.262090948s
[ Info: iter=6451 obj=1.41908000893029e6 pinf=0.0 (0) dinf=8.93807925809637e9 (10679) time=141.331880449s
[ Info: iter=6452 obj=1.41908000893029e6 pinf=0.0 (0) dinf=8.934902013441021e9 (10685) time=141.40049975s
[ Info: iter=6453 obj=1.41908000893029e6 pinf=0.0 (0) dinf=8.93059018435721e9 (10684) time=141.471287851s
[ Info: iter=6454 obj=1.41908000893029e6 pinf=0.0 (0) dinf=8.926380041053675e9 (10683) time=141.540381551s
[ Info: iter=6455 obj=1.41908000893029e6 pinf=0.0 (0) dinf=8.903598926976961e9 (10677) time=141.608906552s
[ Info: iter=6456 obj=1.41908000893029e6 pinf=0.0 (0) dinf=8.947133497216494e9 (10675) time=141.677087553s
[ Info: iter=6457 obj=1.41908000893029e6 pinf=0.0 (0) dinf=8.943320803314253e9 (10681) time=141.749583654s
[ Info: iter=6458 obj=1.41908000893029e6 pinf=0.0 (0) dinf=8.93814660798508e9 (10680) time=141.817786355s
[ Info: iter=6459 obj=1.41908000893029e6 pinf=0.0 (0) dinf=8.919859908273592e9 (10674) time=141.886820355s
[ Info: iter=6460 obj=1.41908000893029e6 pinf=0.0 (0) dinf=8.906406139718727e9 (10674) time=141.954536856s
[ Info: iter=6461 obj=1.41908000893029e6 pinf=0.0 (0) dinf=8.904104070911629e9 (10673) time=142.022686057s
[ Info: iter=6462 obj=1.41908000893029e6 pinf=0.0 (0) dinf=8.926380039834581e9 (10679) time=142.093208758s
[ Info: iter=6463 obj=1.41908000893029e6 pinf=0.0 (0) dinf=8.90319652981883e9 (10673) time=142.163755259s
[ Info: iter=6464 obj=1.41908000893029e6 pinf=0.0 (0) dinf=8.934773034544289e9 (10679) time=142.235791259s
[ Info: iter=6465 obj=1.41908000893029e6 pinf=0.0 (0) dinf=8.906296639590536e9 (10673) time=142.31758216s
[ Info: iter=6466 obj=1.41908000893029e6 pinf=0.0 (0) dinf=8.948761359060469e9 (10679) time=142.394088661s
[ Info: iter=6467 obj=1.41908000893029e6 pinf=0.0 (0) dinf=8.911469131754055e9 (10673) time=142.463699562s
[ Info: iter=6468 obj=1.41908000893029e6 pinf=0.0 (0) dinf=9.457352417267202e9 (10677) time=142.533512263s
[ Info: iter=6469 obj=1.41908000893029e6 pinf=0.0 (0) dinf=9.437132201797604e9 (10677) time=142.602301664s
[ Info: iter=6470 obj=1.41908000893029e6 pinf=0.0 (0) dinf=9.673321399519392e9 (10680) time=142.673333465s
[ Info: iter=6471 obj=1.41908000893029e6 pinf=0.0 (0) dinf=9.885371058346062e9 (10679) time=142.742567165s
[ Info: iter=6472 obj=1.41908000893029e6 pinf=0.0 (0) dinf=1.21488579677429e10 (10677) time=142.816218766s
[ Info: iter=6473 obj=1.4190800089302897e6 pinf=0.0 (0) dinf=1.5525787560676548e10 (10654) time=142.919894568s
[ Info: iter=6474 obj=1.41908000893029e6 pinf=0.0 (0) dinf=1.0378857046963263e10 (10675) time=142.988361568s
[ Info: iter=6475 obj=1.41908000893029e6 pinf=0.0 (0) dinf=1.0378857046963263e10 (10674) time=143.050924869s
[ Info: iter=6476 obj=1.41908000893029e6 pinf=0.0 (0) dinf=1.0378726278743769e10 (10673) time=143.12019847s
[ Info: iter=6477 obj=1.41908000893029e6 pinf=0.0 (0) dinf=1.0378813454704952e10 (10674) time=143.199706471s
[ Info: iter=6478 obj=1.41908000893029e6 pinf=0.0 (0) dinf=1.0378193159480547e10 (10670) time=143.271821672s
[ Info: iter=6479 obj=1.41908000893029e6 pinf=0.0 (0) dinf=1.0377957731113998e10 (10670) time=143.347601073s
[ Info: iter=6480 obj=1.41908000893029e6 pinf=0.0 (0) dinf=1.0377957730184315e10 (10669) time=143.421139973s
[ Info: iter=6481 obj=1.41908000893029e6 pinf=0.0 (0) dinf=1.0377957730184317e10 (10668) time=143.494775974s
[ Info: iter=6482 obj=1.41908000893029e6 pinf=0.0 (0) dinf=1.0383824400976206e10 (10667) time=143.574799075s
[ Info: iter=6483 obj=1.41908000893029e6 pinf=0.0 (0) dinf=1.038317061191964e10 (10666) time=143.668144076s
[ Info: iter=6484 obj=1.41908000893029e6 pinf=0.0 (0) dinf=1.038317061191964e10 (10665) time=143.743940177s
[ Info: iter=6485 obj=1.41908000893029e6 pinf=0.0 (0) dinf=1.0383824405155785e10 (10666) time=143.817464978s
[ Info: iter=6486 obj=1.41908000893029e6 pinf=0.0 (0) dinf=1.0383824405130112e10 (10666) time=143.898890779s
[ Info: iter=6487 obj=1.41908000893029e6 pinf=0.0 (0) dinf=1.0380069936290257e10 (10666) time=143.98280118s
[ Info: iter=6488 obj=1.41908000893029e6 pinf=0.0 (0) dinf=1.0380069935571918e10 (10664) time=144.069079581s
[ Info: iter=6489 obj=1.41908000893029e6 pinf=0.0 (0) dinf=1.0383824402525057e10 (10664) time=144.154782182s
[ Info: iter=6490 obj=1.41908000893029e6 pinf=0.0 (0) dinf=1.0383824402525057e10 (10664) time=144.241651283s
[ Info: iter=6491 obj=1.41908000893029e6 pinf=0.0 (0) dinf=1.0382730312939222e10 (10663) time=144.328829384s
[ Info: iter=6492 obj=1.41908000893029e6 pinf=0.0 (0) dinf=1.0382730312695396e10 (10663) time=144.419921885s
[ Info: iter=6493 obj=1.41908000893029e6 pinf=0.0 (0) dinf=1.0382965738382488e10 (10663) time=144.509144386s
[ Info: iter=6494 obj=1.41908000893029e6 pinf=0.0 (0) dinf=1.038296573838249e10 (10663) time=144.600310187s
[ Info: iter=6495 obj=1.41908000893029e6 pinf=0.0 (0) dinf=1.038092855789987e10 (10663) time=144.695590088s
[ Info: iter=6496 obj=1.41908000893029e6 pinf=0.0 (0) dinf=1.0382965738230385e10 (10663) time=144.791370689s
[ Info: iter=6497 obj=1.41908000893029e6 pinf=0.0 (0) dinf=1.0382965738109966e10 (10663) time=144.888322291s
[ Info: iter=6498 obj=1.41908000893029e6 pinf=0.0 (0) dinf=1.0380372764964987e10 (10662) time=144.984625792s
[ Info: iter=6499 obj=1.41908000893029e6 pinf=0.0 (0) dinf=1.0380372764860306e10 (10662) time=145.081151593s
[ Info: iter=6500 obj=1.41908000893029e6 pinf=0.0 (0) dinf=1.0377977274566544e10 (10661) time=145.186364094s
[ Info: iter=6501 obj=1.41908000893029e6 pinf=0.0 (0) dinf=1.03748783140953e10 (10660) time=145.288765895s
[ Info: iter=6502 obj=1.41908000893029e6 pinf=0.0 (0) dinf=1.0377977275750687e10 (10660) time=145.376776596s
[ Info: iter=6503 obj=1.41908000893029e6 pinf=0.0 (0) dinf=1.0386383269929855e10 (10660) time=145.476980997s
[ Info: iter=6504 obj=1.41908000893029e6 pinf=0.0 (0) dinf=1.0386070288659742e10 (10660) time=145.589532999s
[ Info: iter=6505 obj=1.41908000893029e6 pinf=0.0 (0) dinf=1.0386070288659742e10 (10660) time=145.7055006s
[ Info: iter=6506 obj=1.41908000893029e6 pinf=0.0 (0) dinf=1.0386070288659742e10 (10660) time=145.816882901s
[ Info: iter=6507 obj=1.41908000893029e6 pinf=0.0 (0) dinf=1.0386070288659742e10 (10660) time=145.929720203s
[ Info: iter=6508 obj=1.41908000893029e6 pinf=0.0 (0) dinf=1.0386070288659742e10 (10660) time=146.040768104s
[ Info: iter=6509 obj=1.41908000893029e6 pinf=0.0 (0) dinf=1.0384603069381407e10 (10660) time=146.159420105s
[ Info: iter=6510 obj=1.41908000893029e6 pinf=0.0 (0) dinf=1.042933524659068e10 (10663) time=146.274922007s
[ Info: iter=6511 obj=1.41908000893029e6 pinf=0.0 (0) dinf=1.042907938770803e10 (10654) time=146.349370308s
[ Info: iter=6512 obj=1.41908000893029e6 pinf=0.0 (0) dinf=1.0429335239863525e10 (10660) time=146.426366609s
[ Info: iter=6513 obj=1.41908000893029e6 pinf=0.0 (0) dinf=1.0429335233136374e10 (10657) time=146.500216309s
[ Info: iter=6514 obj=1.41908000893029e6 pinf=0.0 (0) dinf=1.04276598567681e10 (10660) time=146.58048681s
[ Info: iter=6515 obj=1.41908000893029e6 pinf=0.0 (0) dinf=1.0448210677376276e10 (10650) time=146.697998812s
[ Info: iter=6516 obj=1.41908000893029e6 pinf=0.0 (0) dinf=1.0429079392782234e10 (10651) time=146.813571813s
[ Info: iter=6517 obj=1.41908000893029e6 pinf=0.0 (0) dinf=1.042842316036039e10 (10648) time=146.893719214s
[ Info: iter=6518 obj=1.41908000893029e6 pinf=0.0 (0) dinf=1.0423707955664791e10 (10643) time=147.012195616s
[ Info: iter=6519 obj=1.41908000893029e6 pinf=0.0 (0) dinf=1.042842454039887e10 (10649) time=147.132542018s
[ Info: iter=6520 obj=1.41908000893029e6 pinf=0.0 (0) dinf=1.0428424026823856e10 (10646) time=147.263176121s
[ Info: iter=6521 obj=1.41908000893029e6 pinf=0.0 (0) dinf=1.0425266534711557e10 (10646) time=147.381840224s
[ Info: iter=6522 obj=1.41908000893029e6 pinf=0.0 (0) dinf=1.0425266090089254e10 (10643) time=147.503278626s
[ Info: iter=6523 obj=1.41908000893029e6 pinf=0.0 (0) dinf=1.042268731387519e10 (10642) time=147.621908129s
[ Info: iter=6524 obj=1.41908000893029e6 pinf=0.0 (0) dinf=1.0422191550940042e10 (10641) time=147.739240231s
[ Info: iter=6525 obj=1.41908000893029e6 pinf=0.0 (0) dinf=1.0422687309404783e10 (10640) time=147.858504534s
[ Info: iter=6526 obj=1.41908000893029e6 pinf=0.0 (0) dinf=1.042239164049068e10 (10639) time=147.980663236s
[ Info: iter=6527 obj=1.41908000893029e6 pinf=0.0 (0) dinf=1.0422687308940186e10 (10639) time=148.105485139s
[ Info: iter=6528 obj=1.41908000893029e6 pinf=0.0 (0) dinf=1.0420128832866884e10 (10638) time=148.233333542s
[ Info: iter=6529 obj=1.41908000893029e6 pinf=0.0 (0) dinf=1.0422687307597778e10 (10637) time=148.358531144s
[ Info: iter=6530 obj=1.41908000893029e6 pinf=0.0 (0) dinf=1.0422687306357887e10 (10635) time=148.488561947s
[ Info: iter=6531 obj=1.41908000893029e6 pinf=0.0 (0) dinf=1.0422687305117996e10 (10633) time=148.61808925s
[ Info: iter=6532 obj=1.41908000893029e6 pinf=0.0 (0) dinf=1.042268730353656e10 (10631) time=148.749183853s
[ Info: iter=6533 obj=1.41908000893029e6 pinf=0.0 (0) dinf=1.0422687300578901e10 (10630) time=148.880700956s
[ Info: iter=6534 obj=1.41908000893029e6 pinf=0.0 (0) dinf=1.0418795345019312e10 (10629) time=149.016232658s
[ Info: iter=6535 obj=1.41908000893029e6 pinf=0.0 (0) dinf=1.0421821928274452e10 (10630) time=149.155811161s
[ Info: iter=6536 obj=1.41908000893029e6 pinf=0.0 (0) dinf=1.0422687297922815e10 (10629) time=149.303376565s
[ Info: iter=6537 obj=1.41908000893029e6 pinf=0.0 (0) dinf=1.0422541869224144e10 (10628) time=149.439841268s
[ Info: iter=6538 obj=1.41908000893029e6 pinf=0.0 (0) dinf=1.0423307607437801e10 (10634) time=149.513299869s
[ Info: iter=6539 obj=1.41908000893029e6 pinf=0.0 (0) dinf=1.0423133246282476e10 (10631) time=149.585971971s
[ Info: iter=6540 obj=1.41908000893029e6 pinf=0.0 (0) dinf=1.0423133246232508e10 (10631) time=149.731116874s
[ Info: iter=6541 obj=1.41908000893029e6 pinf=0.0 (0) dinf=1.0422910133245247e10 (10630) time=149.876287977s
[ Info: iter=6542 obj=1.41908000893029e6 pinf=0.0 (0) dinf=1.0431915235999352e10 (10637) time=150.03420318s
[ Info: iter=6543 obj=1.41908000893029e6 pinf=0.0 (0) dinf=1.0437979892037828e10 (10640) time=150.197673284s
[ Info: iter=6544 obj=1.41908000893029e6 pinf=0.0 (0) dinf=1.043956171198602e10 (10639) time=150.366358987s
[ Info: iter=6545 obj=1.41908000893029e6 pinf=0.0 (0) dinf=1.0440126490274399e10 (10638) time=150.524441191s
[ Info: iter=6546 obj=1.419080008930283e6 pinf=0.0 (0) dinf=1.0440477105406273e10 (10637) time=150.683160294s
[ Info: iter=6547 obj=1.419080008930283e6 pinf=0.0 (0) dinf=1.043902905280786e10 (10636) time=150.843403497s
[ Info: iter=6548 obj=1.419080008930283e6 pinf=0.0 (0) dinf=1.0436813784235733e10 (10635) time=151.002953501s
[ Info: iter=6549 obj=1.419080008930283e6 pinf=0.0 (0) dinf=1.043390883693178e10 (10634) time=151.162890304s
[ Info: iter=6550 obj=1.419080008930283e6 pinf=0.0 (0) dinf=1.043058338386899e10 (10633) time=151.328887908s
[ Info: iter=6551 obj=1.419080008930283e6 pinf=0.0 (0) dinf=1.0430583383275848e10 (10631) time=151.485938911s
[ Info: iter=6552 obj=1.419080008930283e6 pinf=0.0 (0) dinf=1.046768484904065e10 (10641) time=151.643771015s
[ Info: iter=6553 obj=1.419080008930283e6 pinf=0.0 (0) dinf=1.0464124123086845e10 (10644) time=151.805297518s
[ Info: iter=6554 obj=1.4190800089302827e6 pinf=0.0 (0) dinf=1.0460418645896193e10 (10644) time=151.963411221s
[ Info: iter=6555 obj=1.4190800089302827e6 pinf=0.0 (0) dinf=1.0456736515098736e10 (10646) time=152.126438525s
[ Info: iter=6556 obj=1.4190800089302827e6 pinf=0.0 (0) dinf=1.0445628337900942e10 (10644) time=152.289541928s
[ Info: iter=6557 obj=1.4190800089302827e6 pinf=0.0 (0) dinf=1.0441982262038887e10 (10644) time=152.452557932s
[ Info: iter=6558 obj=1.4190800089302827e6 pinf=0.0 (0) dinf=1.0441944907832336e10 (10645) time=152.534360234s
[ Info: iter=6559 obj=1.4190800089302827e6 pinf=0.0 (0) dinf=1.0438257023787508e10 (10645) time=152.692634637s
[ Info: iter=6560 obj=1.4190800089302827e6 pinf=0.0 (0) dinf=1.0434569139742678e10 (10645) time=152.85153364s
[ Info: iter=6561 obj=1.4190800089302827e6 pinf=0.0 (0) dinf=1.0430885008663166e10 (10647) time=153.011369044s
[ Info: iter=6562 obj=1.4190800089302827e6 pinf=0.0 (0) dinf=1.042734217911936e10 (10648) time=153.171970247s
[ Info: iter=6563 obj=1.4190800089302827e6 pinf=0.0 (0) dinf=1.0427335452169247e10 (10648) time=153.339768651s
[ Info: iter=6564 obj=1.4190800089302827e6 pinf=0.0 (0) dinf=1.042733412673274e10 (10648) time=153.499846854s
[ Info: iter=6565 obj=1.4190800089302827e6 pinf=0.0 (0) dinf=1.042732478803373e10 (10647) time=153.656453458s
[ Info: iter=6566 obj=1.4190800089302827e6 pinf=0.0 (0) dinf=1.042732478744059e10 (10645) time=153.816377261s
[ Info: iter=6567 obj=1.4190800089302827e6 pinf=0.0 (0) dinf=1.0465613500109882e10 (10656) time=153.972951964s
[ Info: iter=6568 obj=1.4190800089302827e6 pinf=0.0 (0) dinf=1.0465470806130274e10 (10652) time=154.132118768s
[ Info: iter=6569 obj=1.4190800089302827e6 pinf=0.0 (0) dinf=1.0465466136728556e10 (10651) time=154.292218171s
[ Info: iter=6570 obj=1.4190800089302827e6 pinf=0.0 (0) dinf=1.046544878507528e10 (10649) time=154.462084775s
[ Info: iter=6571 obj=1.4190800089302827e6 pinf=0.0 (0) dinf=1.0472846815685497e10 (10650) time=154.626405778s
[ Info: iter=6572 obj=1.4190800089302827e6 pinf=0.0 (0) dinf=1.0469136669109015e10 (10648) time=154.784500682s
[ Info: iter=6573 obj=1.4190800089302827e6 pinf=0.0 (0) dinf=1.046543394913039e10 (10647) time=154.943185485s
[ Info: iter=6574 obj=1.4190800089302827e6 pinf=0.0 (0) dinf=1.0465430298469439e10 (10646) time=154.999299186s
[ Info: iter=6575 obj=1.4190800089302827e6 pinf=0.0 (0) dinf=1.0461716372720123e10 (10646) time=155.159144292s
[ Info: iter=6576 obj=1.4190800089302827e6 pinf=0.0 (0) dinf=1.0454296079567163e10 (10644) time=155.317676199s
[ Info: iter=6577 obj=1.4190800089302827e6 pinf=0.0 (0) dinf=1.0454269363597864e10 (10643) time=155.485283705s
[ Info: iter=6578 obj=1.4190800089302827e6 pinf=0.0 (0) dinf=1.045424710104957e10 (10642) time=155.644089311s
[ Info: iter=6579 obj=1.4190800089302827e6 pinf=0.0 (0) dinf=1.045422483803563e10 (10641) time=155.803770718s
[ Info: iter=6580 obj=1.4190800089302827e6 pinf=0.0 (0) dinf=1.045419882253866e10 (10638) time=155.962788224s
[ Info: iter=6581 obj=1.4190800089302827e6 pinf=0.0 (0) dinf=1.0453067529173464e10 (10641) time=156.12703913s
[ Info: iter=6582 obj=1.4190800089302827e6 pinf=0.0 (0) dinf=1.0451220034150158e10 (10641) time=156.297656337s
[ Info: iter=6583 obj=1.4190800089302827e6 pinf=0.0 (0) dinf=1.0450073874145504e10 (10641) time=156.469679544s
[ Info: iter=6584 obj=1.4190800089302827e6 pinf=0.0 (0) dinf=1.0450175914532787e10 (10641) time=156.62826655s
[ Info: iter=6585 obj=1.4190800089302827e6 pinf=0.0 (0) dinf=1.0450047585464012e10 (10640) time=156.788130756s
[ Info: iter=6586 obj=1.4190800089302827e6 pinf=0.0 (0) dinf=1.044626188487227e10 (10639) time=156.946387463s
[ Info: iter=6587 obj=1.4190800089302827e6 pinf=0.0 (0) dinf=1.0442689505890713e10 (10638) time=157.109360669s
[ Info: iter=6588 obj=1.4190800089302827e6 pinf=0.0 (0) dinf=1.0439807048466234e10 (10637) time=157.274161775s
[ Info: iter=6589 obj=1.4190800089302827e6 pinf=0.0 (0) dinf=1.0439065690756273e10 (10636) time=157.440705682s
[ Info: iter=6590 obj=1.419080008930283e6 pinf=0.0 (0) dinf=1.0435516604708921e10 (10635) time=157.605199088s
[ Info: iter=6591 obj=1.419080008930283e6 pinf=0.0 (0) dinf=1.0452179966794842e10 (10641) time=157.763371195s
[ Info: iter=6594 obj=1.419080008930283e6 pinf=0.0 (0) dinf=1.0451954508825693e10 (10640) time=157.862846799s
[ Info: iter=6595 obj=1.419080008930283e6 pinf=0.0 (0) dinf=1.0452208644145388e10 (10643) time=157.945744802s
[ Info: iter=6596 obj=1.419080008930283e6 pinf=0.0 (0) dinf=1.0452281327204485e10 (10644) time=158.106814208s
[ Info: iter=6597 obj=1.419080008930283e6 pinf=0.0 (0) dinf=1.0441519050790205e10 (10641) time=158.264830814s
[ Info: iter=6598 obj=1.419080008930283e6 pinf=0.0 (0) dinf=1.0431953573497837e10 (10628) time=158.428532121s
[ Info: iter=6599 obj=1.419080008930283e6 pinf=0.0 (0) dinf=1.0475875463949036e10 (10635) time=158.586286727s
[ Info: iter=6600 obj=1.419080008930283e6 pinf=0.0 (0) dinf=1.0450714192691036e10 (10631) time=158.749497333s
[ Info: iter=6601 obj=1.419080008930283e6 pinf=0.0 (0) dinf=1.0443347309233303e10 (10630) time=158.90652654s
[ Info: iter=6602 obj=1.419080008930283e6 pinf=0.0 (0) dinf=1.045008701072226e10 (10634) time=159.065027846s
[ Info: iter=6603 obj=1.419080008930283e6 pinf=0.0 (0) dinf=1.0438022908181593e10 (10632) time=159.224770152s
[ Info: iter=6604 obj=1.419080008930283e6 pinf=0.0 (0) dinf=1.043414695927115e10 (10631) time=159.384876758s
[ Info: iter=6605 obj=1.419080008930283e6 pinf=0.0 (0) dinf=1.04240867967492e10 (10629) time=159.548015465s
[ Info: iter=6606 obj=1.419080008930283e6 pinf=0.0 (0) dinf=1.0424086796156061e10 (10627) time=159.705012071s
[ Info: iter=6607 obj=1.419080008930283e6 pinf=0.0 (0) dinf=1.0420391629689394e10 (10626) time=159.865256877s
[ Info: iter=6608 obj=1.419080008930283e6 pinf=0.0 (0) dinf=1.0420383867782574e10 (10626) time=160.022108883s
[ Info: iter=6609 obj=1.419080008930283e6 pinf=0.0 (0) dinf=1.0420367744342905e10 (10625) time=160.18294199s
[ Info: iter=6610 obj=1.419080008930283e6 pinf=0.0 (0) dinf=1.0420351620903236e10 (10624) time=160.341870996s
[ Info: iter=6611 obj=1.419080008930283e6 pinf=0.0 (0) dinf=1.0422163589987404e10 (10624) time=160.502662402s
[ Info: iter=6612 obj=1.419080008930283e6 pinf=0.0 (0) dinf=1.0430601917783472e10 (10629) time=160.659447508s
[ Info: iter=6613 obj=1.419080008930283e6 pinf=0.0 (0) dinf=1.0430601912783472e10 (10623) time=160.815786614s
[ Info: iter=6614 obj=1.419080008930283e6 pinf=0.0 (0) dinf=1.0422943890172356e10 (10637) time=160.973253221s
[ Info: iter=6615 obj=1.419080008930283e6 pinf=0.0 (0) dinf=1.0421293493312197e10 (10648) time=161.134495427s
[ Info: iter=6616 obj=1.419080008930283e6 pinf=0.0 (0) dinf=1.042124663390293e10 (10647) time=161.279193733s
[ Info: iter=6617 obj=1.419080008930283e6 pinf=0.0 (0) dinf=1.0421196029085701e10 (10646) time=161.425610738s
[ Info: iter=6618 obj=1.419080008930283e6 pinf=0.0 (0) dinf=1.042114274272578e10 (10645) time=161.582302145s
[ Info: iter=6619 obj=1.419080008930283e6 pinf=0.0 (0) dinf=1.0421090429918127e10 (10644) time=161.72981805s
[ Info: iter=6620 obj=1.419080008930283e6 pinf=0.0 (0) dinf=1.0421038868057198e10 (10643) time=161.878649756s
[ Info: iter=6621 obj=1.419080008930283e6 pinf=0.0 (0) dinf=1.0421001488857647e10 (10642) time=162.023556562s
[ Info: iter=6622 obj=1.419080008930283e6 pinf=0.0 (0) dinf=1.0421162711437523e10 (10641) time=162.182034868s
[ Info: iter=6623 obj=1.419080008930283e6 pinf=0.0 (0) dinf=1.04212049634121e10 (10642) time=162.258592271s
[ Info: iter=6624 obj=1.419080008930283e6 pinf=0.0 (0) dinf=1.0421204954184504e10 (10636) time=162.326835774s
[ Info: iter=6625 obj=1.419080008930283e6 pinf=0.0 (0) dinf=1.0420576867531734e10 (10626) time=162.404152377s
[ Info: iter=6626 obj=1.419080008930283e6 pinf=0.0 (0) dinf=1.0420599081695997e10 (10624) time=162.49120048s
[ Info: iter=6627 obj=1.419080008930283e6 pinf=0.0 (0) dinf=1.0420473604350214e10 (10624) time=162.635941886s
[ Info: iter=6628 obj=1.419080008930283e6 pinf=0.0 (0) dinf=1.0421133898769962e10 (10626) time=162.797922392s
[ Info: iter=6629 obj=1.419080008930283e6 pinf=0.0 (0) dinf=1.0420905278614582e10 (10628) time=162.943743098s
[ Info: iter=6630 obj=1.419080008930283e6 pinf=0.0 (0) dinf=1.0420902979354282e10 (10626) time=163.094414704s
[ Info: iter=6631 obj=1.419080008930283e6 pinf=0.0 (0) dinf=1.0420962392699799e10 (10622) time=163.25552681s
[ Info: iter=6632 obj=1.419080008930283e6 pinf=0.0 (0) dinf=1.0421222830317688e10 (10642) time=163.377881815s
[ Info: iter=6633 obj=1.419080008930283e6 pinf=0.0 (0) dinf=1.0420552806392477e10 (10632) time=163.462599418s
[ Info: iter=6634 obj=1.419080008930283e6 pinf=0.0 (0) dinf=1.0420542660324936e10 (10632) time=163.548439921s
[ Info: iter=6635 obj=1.419080008930283e6 pinf=0.0 (0) dinf=1.0420532587112482e10 (10634) time=163.628883825s
[ Info: iter=6636 obj=1.419080008930283e6 pinf=0.0 (0) dinf=1.0420532584112482e10 (10630) time=163.749059529s
[ Info: iter=6637 obj=1.419080008930283e6 pinf=0.0 (0) dinf=1.0420401754077566e10 (10643) time=163.827695832s
[ Info: iter=6638 obj=1.419080008930283e6 pinf=0.0 (0) dinf=1.0420387459765804e10 (10642) time=163.985358838s
[ Info: iter=6639 obj=1.419080008930283e6 pinf=0.0 (0) dinf=1.0430592342146606e10 (10646) time=164.148504945s
[ Info: iter=6640 obj=1.419080008930283e6 pinf=0.0 (0) dinf=1.0430592339146606e10 (10642) time=164.309996651s
[ Info: iter=6641 obj=1.419080008930283e6 pinf=0.0 (0) dinf=1.042293429353549e10 (10652) time=164.470014257s
[ Info: iter=6642 obj=1.419080008930283e6 pinf=0.0 (0) dinf=1.0421433202336731e10 (10660) time=164.627748363s
[ Info: iter=6643 obj=1.419080008930283e6 pinf=0.0 (0) dinf=1.0421356982702099e10 (10659) time=164.79029437s
[ Info: iter=6644 obj=1.419080008930283e6 pinf=0.0 (0) dinf=1.0421307627576721e10 (10658) time=164.938517775s
[ Info: iter=6645 obj=1.419080008930283e6 pinf=0.0 (0) dinf=1.0421228891749596e10 (10657) time=165.086801781s
[ Info: iter=6646 obj=1.419080008930283e6 pinf=0.0 (0) dinf=1.0421145984230251e10 (10656) time=165.249870488s
[ Info: iter=6647 obj=1.419080008930283e6 pinf=0.0 (0) dinf=1.0421063102133919e10 (10655) time=165.411612294s
[ Info: iter=6648 obj=1.419080008930283e6 pinf=0.0 (0) dinf=1.0421307768855696e10 (10657) time=165.5742078s
[ Info: iter=6649 obj=1.419080008930283e6 pinf=0.0 (0) dinf=1.0421206611966751e10 (10658) time=165.729574906s
[ Info: iter=6650 obj=1.419080008930283e6 pinf=0.0 (0) dinf=1.0421205796183424e10 (10658) time=165.889217412s
[ Info: iter=6651 obj=1.419080008930283e6 pinf=0.0 (0) dinf=1.0421108195516163e10 (10657) time=166.056455219s
[ Info: iter=6652 obj=1.419080008930283e6 pinf=0.0 (0) dinf=1.0421027603109396e10 (10656) time=166.215614725s
[ Info: iter=6653 obj=1.419080008930283e6 pinf=0.0 (0) dinf=1.0420981092645428e10 (10655) time=166.375522831s
[ Info: iter=6654 obj=1.419080008930283e6 pinf=0.0 (0) dinf=1.0420901392794947e10 (10654) time=166.539108338s
[ Info: iter=6655 obj=1.419080008930283e6 pinf=0.0 (0) dinf=1.0504438490602448e10 (10637) time=166.698067644s
[ Info: iter=6656 obj=1.419080008930283e6 pinf=0.0 (0) dinf=1.0514293561214975e10 (10633) time=166.85863785s
[ Info: iter=6657 obj=1.419080008930283e6 pinf=0.0 (0) dinf=1.0504907155210598e10 (10639) time=167.016428956s
[ Info: iter=6658 obj=1.419080008930283e6 pinf=0.0 (0) dinf=1.0533814701003746e10 (10638) time=167.181421763s
[ Info: iter=6659 obj=1.419080008930283e6 pinf=0.0 (0) dinf=1.0520754096128843e10 (10637) time=167.346480369s
[ Info: iter=6660 obj=1.419080008930283e6 pinf=0.0 (0) dinf=1.0511351864951231e10 (10637) time=167.505671375s
[ Info: iter=6661 obj=1.419080008930283e6 pinf=0.0 (0) dinf=1.0502219705284998e10 (10637) time=167.670030882s
[ Info: iter=6662 obj=1.419080008930283e6 pinf=0.0 (0) dinf=1.049317133556665e10 (10637) time=167.828472588s
[ Info: iter=6663 obj=1.419080008930283e6 pinf=0.0 (0) dinf=1.0484122965848305e10 (10637) time=167.988601194s
[ Info: iter=6664 obj=1.419080008930283e6 pinf=0.0 (0) dinf=1.0475074596129957e10 (10637) time=168.1505871s
[ Info: iter=6665 obj=1.419080008930283e6 pinf=0.0 (0) dinf=1.0537547388934258e10 (10637) time=168.309165006s
[ Info: iter=6666 obj=1.419080008930283e6 pinf=0.0 (0) dinf=1.0520335971843012e10 (10636) time=168.466882513s
[ Info: iter=6667 obj=1.419080008930283e6 pinf=0.0 (0) dinf=1.0507497353361292e10 (10636) time=168.628443919s
[ Info: iter=6668 obj=1.419080008930283e6 pinf=0.0 (0) dinf=1.0495027513848402e10 (10636) time=168.787403025s
[ Info: iter=6669 obj=1.419080008930283e6 pinf=0.0 (0) dinf=1.0482672088368366e10 (10636) time=168.945827831s
[ Info: iter=6670 obj=1.419080008930283e6 pinf=0.0 (0) dinf=1.0470316662888334e10 (10636) time=169.107682337s
[ Info: iter=6671 obj=1.419080008930283e6 pinf=0.0 (0) dinf=1.04579612374083e10 (10636) time=169.266388744s
[ Info: iter=6672 obj=1.419080008930283e6 pinf=0.0 (0) dinf=1.0612844267340376e10 (10629) time=169.42645345s
[ Info: iter=6673 obj=1.419080008930283e6 pinf=0.0 (0) dinf=1.0594071454903019e10 (10635) time=169.587917356s
[ Info: iter=6674 obj=1.419080008930283e6 pinf=0.0 (0) dinf=1.0496047835191235e10 (10634) time=169.758522263s
[ Info: iter=6675 obj=1.419080008930283e6 pinf=0.0 (0) dinf=1.0515963910460371e10 (10632) time=169.918897969s
[ Info: iter=6676 obj=1.419080008930283e6 pinf=0.0 (0) dinf=1.0499276729808975e10 (10631) time=170.081409475s
[ Info: iter=6677 obj=1.419080008930283e6 pinf=0.0 (0) dinf=1.0486492917333866e10 (10631) time=170.243359382s
[ Info: iter=6678 obj=1.419080008930283e6 pinf=0.0 (0) dinf=1.0474076309569752e10 (10631) time=170.403043388s
[ Info: iter=6679 obj=1.419080008930283e6 pinf=0.0 (0) dinf=1.0461773627418772e10 (10631) time=170.562032194s
[ Info: iter=6680 obj=1.419080008930283e6 pinf=0.0 (0) dinf=1.0449470945267794e10 (10631) time=170.7258651s
[ Info: iter=6681 obj=1.419080008930283e6 pinf=0.0 (0) dinf=1.0437168263116812e10 (10631) time=170.882595206s
[ Info: iter=6682 obj=1.419080008930283e6 pinf=0.0 (0) dinf=1.0699568890770618e10 (10625) time=171.042038412s
[ Info: iter=6683 obj=1.419080008930283e6 pinf=0.0 (0) dinf=1.0672536040432224e10 (10631) time=171.209986013s
[ Info: iter=6684 obj=1.419080008930283e6 pinf=0.0 (0) dinf=1.0659351923703114e10 (10629) time=171.378227514s
[ Info: iter=6685 obj=1.419080008930283e6 pinf=0.0 (0) dinf=1.062625694217949e10 (10628) time=171.551527915s
[ Info: iter=6686 obj=1.419080008930283e6 pinf=0.0 (0) dinf=1.0600579704222145e10 (10628) time=171.720744416s
[ Info: iter=6687 obj=1.419080008930283e6 pinf=0.0 (0) dinf=1.0575640024230316e10 (10628) time=171.890554217s
[ Info: iter=6688 obj=1.419080008930283e6 pinf=0.0 (0) dinf=1.0550929172308294e10 (10628) time=172.057049518s
[ Info: iter=6689 obj=1.419080008930283e6 pinf=0.0 (0) dinf=1.0526218320386272e10 (10628) time=172.250367819s
[ Info: iter=6690 obj=1.419080008930283e6 pinf=0.0 (0) dinf=1.0501507468464247e10 (10628) time=172.42024522s
[ Info: iter=6691 obj=1.419080008930283e6 pinf=0.0 (0) dinf=1.0888786253391148e10 (10621) time=172.584443821s
[ Info: iter=6692 obj=1.419080008930283e6 pinf=0.0 (0) dinf=1.0943626870019354e10 (10620) time=172.746658122s
[ Info: iter=6693 obj=1.419080008930283e6 pinf=0.0 (0) dinf=1.1061654574639751e10 (10626) time=172.914091723s
[ Info: iter=6694 obj=1.419080008930283e6 pinf=0.0 (0) dinf=1.1235712079779028e10 (10621) time=173.087203924s
[ Info: iter=6695 obj=1.4190800089302838e6 pinf=0.0 (0) dinf=1.1478752324226074e10 (10618) time=173.250431125s
[ Info: iter=6696 obj=1.419080008930283e6 pinf=0.0 (0) dinf=1.1060807911436178e10 (10627) time=173.413153526s
[ Info: iter=6697 obj=1.419080008930283e6 pinf=0.0 (0) dinf=1.0931673399817245e10 (10619) time=173.575550626s
[ Info: iter=6698 obj=1.419080008930283e6 pinf=0.0 (0) dinf=1.1289878636931257e10 (10626) time=173.747124227s
[ Info: iter=6699 obj=1.419080008930283e6 pinf=0.0 (0) dinf=1.1528418550487064e10 (10626) time=173.916502828s
[ Info: iter=6700 obj=1.419080008930283e6 pinf=0.0 (0) dinf=1.1751382421740477e10 (10620) time=174.082023529s
[ Info: iter=6701 obj=1.419080008930283e6 pinf=0.0 (0) dinf=1.2230962858663187e10 (10620) time=174.24890973s
[ Info: iter=6702 obj=1.419080008930283e6 pinf=0.0 (0) dinf=1.2574586769173103e10 (10622) time=174.423410431s
[ Info: iter=6703 obj=1.419080008930283e6 pinf=0.0 (0) dinf=1.4442386076780712e10 (10621) time=174.588896932s
[ Info: iter=6704 obj=1.419080008930283e6 pinf=0.0 (0) dinf=1.0766566246417324e10 (10624) time=174.759750833s
[ Info: iter=6705 obj=1.419080008930283e6 pinf=0.0 (0) dinf=1.0524826417884968e10 (10618) time=174.925584434s
[ Info: iter=6706 obj=1.419080008930283e6 pinf=0.0 (0) dinf=1.3890379520296095e10 (10625) time=175.090434135s
[ Info: iter=6707 obj=1.419080008930283e6 pinf=0.0 (0) dinf=1.12042116264718e10 (10616) time=175.254010936s
[ Info: iter=6708 obj=1.419080008930283e6 pinf=0.0 (0) dinf=1.1129114064944435e10 (10622) time=175.420154937s
[ Info: iter=6709 obj=1.419080008930283e6 pinf=0.0 (0) dinf=1.1006197906608086e10 (10616) time=175.587416438s
[ Info: iter=6710 obj=1.419080008930283e6 pinf=0.0 (0) dinf=1.1438730373517376e10 (10613) time=175.754052539s
[ Info: iter=6711 obj=1.4190800089302838e6 pinf=0.0 (0) dinf=1.4207798645730375e10 (10612) time=175.92484274s
[ Info: iter=6712 obj=1.4190800089302838e6 pinf=0.0 (0) dinf=1.4207277753245045e10 (10612) time=176.097128441s
[ Info: iter=6713 obj=1.4190800089302838e6 pinf=0.0 (0) dinf=1.420572060515793e10 (10612) time=176.259700242s
[ Info: iter=6714 obj=1.4190800089302838e6 pinf=0.0 (0) dinf=1.42042070785595e10 (10612) time=176.424626043s
[ Info: iter=6715 obj=1.4190800089302838e6 pinf=0.0 (0) dinf=1.4202707335037096e10 (10612) time=176.588617343s
[ Info: iter=6716 obj=1.4190800089302838e6 pinf=0.0 (0) dinf=1.4202707335037096e10 (10612) time=176.756247444s
[ Info: iter=6717 obj=1.4190800089302838e6 pinf=0.0 (0) dinf=1.352597884971262e10 (10612) time=176.920050445s
[ Info: iter=6718 obj=1.4190800089302838e6 pinf=0.0 (0) dinf=1.1954267650556767e10 (10614) time=177.073791046s
[ Info: iter=6719 obj=1.4190800089302838e6 pinf=0.0 (0) dinf=1.3937959926500355e10 (10617) time=177.234685147s
[ Info: iter=6720 obj=1.4190800089302838e6 pinf=0.0 (0) dinf=1.168894453551387e10 (10613) time=177.390874948s
[ Info: iter=6721 obj=1.4190800089302838e6 pinf=0.0 (0) dinf=1.1745359795553455e10 (10617) time=177.546855249s
[ Info: iter=6722 obj=1.4190800089302838e6 pinf=0.0 (0) dinf=2.9699783830678646e10 (10625) time=177.70046035s
[ Info: iter=6723 obj=1.4190800089302838e6 pinf=0.0 (0) dinf=1.1765204309964907e10 (10613) time=177.862203851s
[ Info: iter=6724 obj=1.4190800089302838e6 pinf=0.0 (0) dinf=1.2705753603756166e10 (10612) time=178.019654152s
[ Info: iter=6725 obj=1.4190800089302838e6 pinf=0.0 (0) dinf=2.8045957037713493e10 (10617) time=178.173428552s
[ Info: iter=6726 obj=1.4190800089302838e6 pinf=0.0 (0) dinf=1.3577010611275515e10 (10613) time=178.323870353s
[ Info: iter=6727 obj=1.4190800089302838e6 pinf=0.0 (0) dinf=1.593751004641994e10 (10612) time=178.501229054s
[ Info: iter=6728 obj=1.4190800089302838e6 pinf=0.0 (0) dinf=2.3515337266094738e10 (10616) time=178.672577155s
[ Info: iter=6729 obj=1.4190800089302838e6 pinf=0.0 (0) dinf=1.4856904132575138e10 (10616) time=178.828081856s
[ Info: iter=6730 obj=1.419080008930283e6 pinf=0.0 (0) dinf=1.3973979776164118e10 (10628) time=179.001263257s
[ Info: iter=6731 obj=1.419080008930283e6 pinf=0.0 (0) dinf=1.5219430038338936e10 (10619) time=179.158702856s
[ Info: iter=6732 obj=1.419080008930283e6 pinf=0.0 (0) dinf=1.1803197937404642e10 (10607) time=179.325351654s
[ Info: iter=6733 obj=1.4190800089302838e6 pinf=0.0 (0) dinf=1.5790659126335821e10 (10611) time=179.477983452s
[ Info: iter=6734 obj=1.4190800089302838e6 pinf=0.0 (0) dinf=1.704374587914468e10 (10610) time=179.65897925s
[ Info: iter=6735 obj=1.4190800089302838e6 pinf=0.0 (0) dinf=1.7106966031617542e10 (10609) time=179.832290848s
[ Info: iter=6736 obj=1.4190800089302838e6 pinf=0.0 (0) dinf=1.717002401766618e10 (10609) time=180.011609346s
[ Info: iter=6737 obj=1.4190800089302808e6 pinf=0.0 (0) dinf=9.612654713154335e10 (10616) time=180.180233944s
[ Info: iter=6738 obj=1.4190800089325788e6 pinf=0.0 (0) dinf=1.3847382388957858e11 (10610) time=180.263716443s
[ Info: iter=6739 obj=1.4190800089313334e6 pinf=0.0 (0) dinf=1.1197800739994409e11 (10659) time=180.376706642s
[ Info: iter=6740 obj=1.419080008931333e6 pinf=0.0 (0) dinf=1.0853022491412088e11 (10655) time=180.48888344s
[ Info: iter=6741 obj=1.419080008931333e6 pinf=0.0 (0) dinf=1.0852902845930212e11 (10656) time=180.604181339s
[ Info: iter=6742 obj=1.419080008931333e6 pinf=0.0 (0) dinf=1.0852877616958177e11 (10656) time=180.663816338s
[ Info: iter=6743 obj=1.419080008931333e6 pinf=0.0 (0) dinf=1.0852872116563579e11 (10655) time=180.722773538s
[ Info: iter=6744 obj=1.419080008931333e6 pinf=0.0 (0) dinf=1.0852894335490094e11 (10657) time=180.783945237s
[ Info: iter=6745 obj=1.419080008931333e6 pinf=0.0 (0) dinf=1.0852828714286418e11 (10654) time=180.845501036s
[ Info: iter=6746 obj=1.419080008931333e6 pinf=0.0 (0) dinf=1.085282261727309e11 (10655) time=180.958572135s
[ Info: iter=6747 obj=1.419080008931333e6 pinf=0.0 (0) dinf=1.085282261727309e11 (10655) time=181.070349133s
[ Info: iter=6748 obj=1.419080008931333e6 pinf=0.0 (0) dinf=1.085282261727309e11 (10655) time=181.187658632s
[ Info: iter=6749 obj=1.419080008931333e6 pinf=0.0 (0) dinf=1.085282261727309e11 (10655) time=181.300502831s
[ Info: iter=6750 obj=1.419080008931333e6 pinf=0.0 (0) dinf=1.0852448086349443e11 (10655) time=181.416429029s
[ Info: iter=6751 obj=1.419080008931333e6 pinf=0.0 (0) dinf=1.085282261727309e11 (10655) time=181.530799528s
[ Info: iter=6752 obj=1.419080008931333e6 pinf=0.0 (0) dinf=1.085182551287467e11 (10653) time=181.644330627s
[ Info: iter=6753 obj=1.419080008931333e6 pinf=0.0 (0) dinf=1.0851816140470451e11 (10650) time=181.759786625s
[ Info: iter=6754 obj=1.4190800089299197e6 pinf=0.0 (0) dinf=9.021640384937523e10 (10688) time=181.896518124s
[ Info: iter=6755 obj=1.4190800089299197e6 pinf=0.0 (0) dinf=9.021638605450574e10 (10686) time=182.034101522s
[ Info: iter=6756 obj=1.4190800089299197e6 pinf=0.0 (0) dinf=9.021636825963629e10 (10684) time=182.16999442s
[ Info: iter=6757 obj=1.4190800089299197e6 pinf=0.0 (0) dinf=9.044306896143411e10 (10679) time=182.306432619s
[ Info: iter=6758 obj=1.4190800089299197e6 pinf=0.0 (0) dinf=9.044305116807324e10 (10676) time=182.448683017s
[ Info: iter=6759 obj=1.4190800089299136e6 pinf=0.0 (0) dinf=1.744070215742658e10 (10683) time=182.604939915s
[ Info: iter=6760 obj=1.4190800089299213e6 pinf=0.0 (0) dinf=1.7961241307830975e10 (10678) time=182.662718015s
[ Info: iter=6761 obj=1.4190800089299204e6 pinf=0.0 (0) dinf=1.8008926673365936e10 (10676) time=182.740492314s
[ Info: iter=6762 obj=1.4190800089299204e6 pinf=0.0 (0) dinf=1.7923639558977325e10 (10674) time=182.818746113s
[ Info: iter=6763 obj=1.4190800089294722e6 pinf=0.0 (0) dinf=3.117145741819611e11 (10655) time=182.960720811s
[ Info: iter=6764 obj=1.4190800089294722e6 pinf=0.0 (0) dinf=3.117223986020811e11 (10654) time=183.06719921s
[ Info: iter=6765 obj=1.4190800089294722e6 pinf=0.0 (0) dinf=3.11704951975557e11 (10655) time=183.153936709s
[ Info: iter=6766 obj=1.4190800089294722e6 pinf=0.0 (0) dinf=3.116931701302399e11 (10654) time=183.287609307s
[ Info: iter=6767 obj=1.4190800089294722e6 pinf=0.0 (0) dinf=3.115997547076009e11 (10653) time=183.435318405s
[ Info: iter=6768 obj=1.4190800089294722e6 pinf=0.0 (0) dinf=3.115395804852873e11 (10653) time=183.581532504s
[ Info: iter=6769 obj=1.4190800089294722e6 pinf=0.0 (0) dinf=3.116602054391517e11 (10653) time=183.734810402s
[ Info: iter=6770 obj=1.4190800089294722e6 pinf=0.0 (0) dinf=3.1156966759644415e11 (10653) time=183.8814443s
[ Info: iter=6771 obj=1.4190800089294722e6 pinf=0.0 (0) dinf=3.1162984181875775e11 (10653) time=184.035563298s
[ Info: iter=6772 obj=1.4190800089294722e6 pinf=0.0 (0) dinf=3.115577853931037e11 (10654) time=184.181191497s
[ Info: iter=6773 obj=1.4190800089294722e6 pinf=0.0 (0) dinf=3.119365533576224e11 (10649) time=184.339283095s
[ Info: iter=6774 obj=1.4190800089294722e6 pinf=0.0 (0) dinf=3.119447925639123e11 (10648) time=184.498762993s
[ Info: iter=6775 obj=1.4190800089294722e6 pinf=0.0 (0) dinf=3.118727438126137e11 (10645) time=184.657722791s
[ Info: iter=6776 obj=1.4190800089294722e6 pinf=0.0 (0) dinf=3.1262206842424115e11 (10641) time=184.808593589s
[ Info: iter=6777 obj=1.4190800089294722e6 pinf=0.0 (0) dinf=3.1260817834764465e11 (10643) time=184.954635088s
[ Info: iter=6778 obj=1.4190800089294722e6 pinf=0.0 (0) dinf=3.125459389831514e11 (10648) time=185.102038086s
[ Info: iter=6779 obj=1.4190800089294722e6 pinf=0.0 (0) dinf=3.1243711108851056e11 (10647) time=185.254390484s
[ Info: iter=6780 obj=1.4190800089294722e6 pinf=0.0 (0) dinf=3.1231662225206323e11 (10646) time=185.411238682s
[ Info: iter=6781 obj=1.4190800089294722e6 pinf=0.0 (0) dinf=3.123248608807914e11 (10646) time=185.57227008s
[ Info: iter=6782 obj=1.4190800089294722e6 pinf=0.0 (0) dinf=3.125802762760016e11 (10645) time=185.732348878s
[ Info: iter=6783 obj=1.4190800089294722e6 pinf=0.0 (0) dinf=3.1258027502748553e11 (10642) time=185.894269776s
[ Info: iter=6784 obj=1.4190800089294722e6 pinf=0.0 (0) dinf=3.131567726164272e11 (10649) time=186.074903574s
[ Info: iter=6785 obj=1.4190800089294722e6 pinf=0.0 (0) dinf=3.1313211844546924e11 (10648) time=186.235934072s
[ Info: iter=6786 obj=1.4190800089294722e6 pinf=0.0 (0) dinf=3.130788852332e11 (10647) time=186.40382917s
[ Info: iter=6787 obj=1.4190800089294722e6 pinf=0.0 (0) dinf=3.1301778802366394e11 (10646) time=186.567773169s
[ Info: iter=6788 obj=1.4190800089294722e6 pinf=0.0 (0) dinf=3.1293589176407294e11 (10645) time=186.730661467s
[ Info: iter=6789 obj=1.4190800089294722e6 pinf=0.0 (0) dinf=3.128443067805443e11 (10638) time=186.893689065s
[ Info: iter=6790 obj=1.4190800089294722e6 pinf=0.0 (0) dinf=3.127343608969778e11 (10637) time=187.054017163s
[ Info: iter=6791 obj=1.4190800089294722e6 pinf=0.0 (0) dinf=3.1262452978086505e11 (10636) time=187.213763451s
[ Info: iter=6792 obj=1.4190800089294722e6 pinf=0.0 (0) dinf=3.125684890677132e11 (10638) time=187.378669438s
[ Info: iter=6793 obj=1.419080008930939e6 pinf=0.0 (0) dinf=3.1292976803281696e11 (10629) time=187.546345425s
[ Info: iter=6794 obj=1.419080008930939e6 pinf=0.0 (0) dinf=3.1298580749745264e11 (10624) time=187.708876212s
[ Info: iter=6795 obj=1.419080008930939e6 pinf=0.0 (0) dinf=3.1295111610209564e11 (10634) time=187.872513699s
[ Info: iter=6796 obj=1.4190800089309406e6 pinf=0.0 (0) dinf=3.125898358884758e11 (10640) time=188.043389186s
[ Info: iter=6797 obj=1.4190800089309365e6 pinf=0.0 (0) dinf=3.1263190230539e11 (10651) time=188.207986573s
[ Info: iter=6798 obj=1.4190800089309365e6 pinf=0.0 (0) dinf=3.12631901778573e11 (10650) time=188.263530669s
[ Info: iter=6799 obj=1.4190800089309365e6 pinf=0.0 (0) dinf=3.126319902940663e11 (10651) time=188.331839664s
[ Info: iter=6800 obj=1.4190800089309362e6 pinf=0.0 (0) dinf=3.1290373629633685e11 (10677) time=188.475833853s
[ Info: iter=6801 obj=1.4190800089309395e6 pinf=0.0 (0) dinf=3.128917165428459e11 (10674) time=188.626205241s
[ Info: iter=6802 obj=1.4190800089309395e6 pinf=0.0 (0) dinf=3.128811984050195e11 (10672) time=188.778287329s
[ Info: iter=6803 obj=1.4190800089309395e6 pinf=0.0 (0) dinf=3.1287068026719305e11 (10670) time=188.926751618s
[ Info: iter=6804 obj=1.4190800089309395e6 pinf=0.0 (0) dinf=3.1286016212936664e11 (10668) time=189.078463706s
[ Info: iter=6805 obj=1.4190800089309395e6 pinf=0.0 (0) dinf=3.128496439915402e11 (10666) time=189.230183894s
[ Info: iter=6806 obj=1.4190800089309395e6 pinf=0.0 (0) dinf=3.128539804169599e11 (10667) time=189.381074582s
[ Info: iter=6807 obj=1.419080008930963e6 pinf=0.0 (0) dinf=3.128411386467367e11 (10687) time=189.529068871s
[ Info: iter=6808 obj=1.4190800089310552e6 pinf=0.0 (0) dinf=3.128424392270228e11 (10667) time=189.600241865s
[ Info: iter=6809 obj=1.4190800089312457e6 pinf=0.0 (0) dinf=3.128267570517132e11 (10666) time=189.748430254s
[ Info: iter=6810 obj=1.4190800089312457e6 pinf=0.0 (0) dinf=3.128264212642843e11 (10666) time=189.902392642s
[ Info: iter=6811 obj=1.4190800089312457e6 pinf=0.0 (0) dinf=3.1284440977934503e11 (10665) time=190.066981429s
[ Info: iter=6812 obj=1.4190800089312457e6 pinf=0.0 (0) dinf=3.128539769216908e11 (10664) time=190.227497717s
[ Info: iter=6813 obj=1.4190800089312466e6 pinf=0.0 (0) dinf=3.1286285194801746e11 (10663) time=190.387735004s
[ Info: iter=6814 obj=1.4190800089312482e6 pinf=0.0 (0) dinf=3.128692222795606e11 (10662) time=190.556596891s
[ Info: iter=6815 obj=1.4190800089312487e6 pinf=0.0 (0) dinf=3.128703540834422e11 (10661) time=190.715887979s
[ Info: iter=6816 obj=1.4190800089312487e6 pinf=0.0 (0) dinf=3.1286885681181177e11 (10660) time=190.875823866s
[ Info: iter=6817 obj=1.4190800089312487e6 pinf=0.0 (0) dinf=3.128659855943983e11 (10659) time=191.036779154s
[ Info: iter=6818 obj=1.419080008931262e6 pinf=0.0 (0) dinf=3.128623582292265e11 (10658) time=191.204107641s
[ Info: iter=6819 obj=1.4190800089312755e6 pinf=0.0 (0) dinf=3.128583537898242e11 (10657) time=191.369472028s
[ Info: iter=6820 obj=1.419080008931287e6 pinf=0.0 (0) dinf=3.128539484803202e11 (10656) time=191.531371215s
[ Info: iter=6821 obj=1.419080008931301e6 pinf=0.0 (0) dinf=3.128491740550776e11 (10655) time=191.694524503s
[ Info: iter=6822 obj=1.4190800089313146e6 pinf=0.0 (0) dinf=3.1284404244091644e11 (10654) time=191.85678439s
[ Info: iter=6823 obj=1.4190800089313276e6 pinf=0.0 (0) dinf=3.1283853611393115e11 (10653) time=192.019180577s
[ Info: iter=6824 obj=1.419080008931341e6 pinf=0.0 (0) dinf=3.128326384941443e11 (10652) time=192.195120364s
[ Info: iter=6825 obj=1.4190800089313542e6 pinf=0.0 (0) dinf=3.1282637558817694e11 (10651) time=192.359904551s
[ Info: iter=6826 obj=1.4190800089313658e6 pinf=0.0 (0) dinf=3.1281983001469965e11 (10650) time=192.521727338s
[ Info: iter=6827 obj=1.4190800089313746e6 pinf=0.0 (0) dinf=3.1281315401050507e11 (10649) time=192.686120626s
[ Info: iter=6828 obj=1.419080008931403e6 pinf=0.0 (0) dinf=3.1281849404252026e11 (10646) time=192.853685413s
[ Info: iter=6829 obj=1.4190800089314033e6 pinf=0.0 (0) dinf=3.12810910596761e11 (10640) time=193.0132914s
[ Info: iter=6830 obj=1.4190800089314033e6 pinf=0.0 (0) dinf=3.128191498030509e11 (10639) time=193.176813687s
[ Info: iter=6831 obj=1.4190800089314033e6 pinf=0.0 (0) dinf=3.128397478160443e11 (10639) time=193.339425075s
[ Info: iter=6832 obj=1.4190800089314033e6 pinf=0.0 (0) dinf=3.1290154186702454e11 (10638) time=193.488837863s
[ Info: iter=6833 obj=1.4190800089314033e6 pinf=0.0 (0) dinf=3.1290154186702454e11 (10637) time=193.65734785s
[ Info: iter=6834 obj=1.4190800089314033e6 pinf=0.0 (0) dinf=3.131695838331166e11 (10648) time=193.815441238s
[ Info: iter=6835 obj=1.4190800089314033e6 pinf=0.0 (0) dinf=3.1316958382803345e11 (10645) time=193.971367026s
[ Info: iter=6836 obj=1.4190800089314054e6 pinf=0.0 (0) dinf=3.131490004844468e11 (10641) time=194.130116813s
[ Info: iter=6837 obj=1.4190800089314054e6 pinf=0.0 (0) dinf=3.131287589383845e11 (10637) time=194.292997701s
[ Info: iter=6838 obj=1.419080008931405e6 pinf=0.0 (0) dinf=3.131123280445626e11 (10645) time=194.450775489s
[ Info: iter=6839 obj=1.419080008931405e6 pinf=0.0 (0) dinf=3.130933431093856e11 (10643) time=194.610213976s
[ Info: iter=6840 obj=1.419080008931405e6 pinf=0.0 (0) dinf=3.130933431083857e11 (10641) time=194.770415864s
[ Info: iter=6841 obj=1.419080008931405e6 pinf=0.0 (0) dinf=3.130933431073857e11 (10639) time=194.929459351s
[ Info: iter=6842 obj=1.419080008931405e6 pinf=0.0 (0) dinf=3.1307276606496967e11 (10637) time=195.093524441s
[ Info: iter=6843 obj=1.4190800089314054e6 pinf=0.0 (0) dinf=3.130525246317778e11 (10635) time=195.253197948s
[ Info: iter=6844 obj=1.4190800089314054e6 pinf=0.0 (0) dinf=3.130393199100254e11 (10633) time=195.416290556s
[ Info: iter=6845 obj=1.4190800089314054e6 pinf=0.0 (0) dinf=3.130189100850272e11 (10631) time=195.576033263s
[ Info: iter=6846 obj=1.4190800089314054e6 pinf=0.0 (0) dinf=3.130189100840273e11 (10629) time=195.73780857s
[ Info: iter=6847 obj=1.4190800089314054e6 pinf=0.0 (0) dinf=3.130445569160731e11 (10631) time=195.897825677s
[ Info: iter=6848 obj=1.4190800089314054e6 pinf=0.0 (0) dinf=3.129911517962266e11 (10626) time=196.057656285s
[ Info: iter=6849 obj=1.4190800089314054e6 pinf=0.0 (0) dinf=3.1313289727047363e11 (10625) time=196.242152393s
[ Info: iter=6850 obj=1.4190800089314054e6 pinf=0.0 (0) dinf=3.131285820344156e11 (10629) time=196.413339101s
[ Info: iter=6851 obj=1.4190800089314054e6 pinf=0.0 (0) dinf=3.131791124580264e11 (10633) time=196.581072108s
[ Info: iter=6852 obj=1.4190800089314054e6 pinf=0.0 (0) dinf=3.131790390205179e11 (10633) time=196.725471915s
[ Info: iter=6853 obj=1.4190800089314054e6 pinf=0.0 (0) dinf=3.130280489915317e11 (10630) time=196.885178522s
[ Info: iter=6854 obj=1.4190800089314054e6 pinf=0.0 (0) dinf=3.1301829876497034e11 (10626) time=197.049336929s
[ Info: iter=6855 obj=1.4190800089314054e6 pinf=0.0 (0) dinf=3.1296035269726624e11 (10623) time=197.219944137s
[ Info: iter=6856 obj=1.4190800089314054e6 pinf=0.0 (0) dinf=3.132993935817627e11 (10625) time=197.382202344s
[ Info: iter=6857 obj=1.4190800089314054e6 pinf=0.0 (0) dinf=3.132261561881157e11 (10623) time=197.545734451s
[ Info: iter=6858 obj=1.4190800089314054e6 pinf=0.0 (0) dinf=3.129321390805244e11 (10622) time=197.706069058s
[ Info: iter=6859 obj=1.4190800089314054e6 pinf=0.0 (0) dinf=3.128430288943097e11 (10611) time=197.873625466s
[ Info: iter=6860 obj=1.4190800089314054e6 pinf=0.0 (0) dinf=3.129383377833926e11 (10625) time=198.032833073s
[ Info: iter=6861 obj=1.4190800089314054e6 pinf=0.0 (0) dinf=3.129884366119308e11 (10628) time=198.19551748s
[ Info: iter=6862 obj=1.4190800089314054e6 pinf=0.0 (0) dinf=3.129710675017519e11 (10628) time=198.354076788s
[ Info: iter=6863 obj=1.4190800089314054e6 pinf=0.0 (0) dinf=3.12822430877111e11 (10609) time=198.517885095s
[ Info: iter=6864 obj=1.4190800089314054e6 pinf=0.0 (0) dinf=3.129130621463743e11 (10608) time=198.688599703s
[ Info: iter=6865 obj=1.4190800089314054e6 pinf=0.0 (0) dinf=3.129130621433744e11 (10605) time=198.85781271s
[ Info: iter=6866 obj=1.4190800089314054e6 pinf=0.0 (0) dinf=3.1298919658223584e11 (10615) time=199.028617218s
[ Info: iter=6867 obj=1.4190800089314054e6 pinf=0.0 (0) dinf=3.129891965792358e11 (10612) time=199.199150825s
[ Info: iter=6868 obj=1.4190800089314054e6 pinf=0.0 (0) dinf=3.1302312272322473e11 (10619) time=199.368955733s
[ Info: iter=6869 obj=1.4190800089314054e6 pinf=0.0 (0) dinf=3.1303967935633344e11 (10618) time=199.538938741s
[ Info: iter=6870 obj=1.4190800089314054e6 pinf=0.0 (0) dinf=3.130417391579326e11 (10617) time=199.710652648s
[ Info: iter=6871 obj=1.4190800089314054e6 pinf=0.0 (0) dinf=3.1304337145353986e11 (10616) time=199.880162056s
[ Info: iter=6872 obj=1.4190800089314054e6 pinf=0.0 (0) dinf=3.130244368244983e11 (10615) time=200.049276264s
[ Info: iter=6873 obj=1.419080008931405e6 pinf=0.0 (0) dinf=3.130007599471811e11 (10614) time=200.218599471s
[ Info: iter=6874 obj=1.419080008931405e6 pinf=0.0 (0) dinf=3.1297027299810895e11 (10613) time=200.395990979s
[ Info: iter=6875 obj=1.419080008931405e6 pinf=0.0 (0) dinf=3.1293566165917474e11 (10612) time=200.567639487s
[ Info: iter=6876 obj=1.419080008931405e6 pinf=0.0 (0) dinf=3.1311402187350397e11 (10623) time=200.742522295s
[ Info: iter=6877 obj=1.419080008931405e6 pinf=0.0 (0) dinf=3.134184659186264e11 (10648) time=200.916009902s
[ Info: iter=6878 obj=1.419080008931405e6 pinf=0.0 (0) dinf=3.134239951292165e11 (10647) time=201.09118931s
[ Info: iter=6879 obj=1.419080008931405e6 pinf=0.0 (0) dinf=3.13416229030012e11 (10646) time=201.271370618s
[ Info: iter=6880 obj=1.419080008931405e6 pinf=0.0 (0) dinf=3.134051377906308e11 (10645) time=201.442020226s
[ Info: iter=6881 obj=1.419080008931405e6 pinf=0.0 (0) dinf=3.133920299622714e11 (10644) time=201.616977434s
[ Info: iter=6882 obj=1.419080008931405e6 pinf=0.0 (0) dinf=3.1337484659064056e11 (10643) time=201.795325142s
[ Info: iter=6883 obj=1.419080008931405e6 pinf=0.0 (0) dinf=3.133542945865966e11 (10642) time=201.97449365s
[ Info: iter=6884 obj=1.419080008931405e6 pinf=0.0 (0) dinf=3.133296728990739e11 (10641) time=202.149112658s
[ Info: iter=6885 obj=1.419080008931405e6 pinf=0.0 (0) dinf=3.13302147710664e11 (10640) time=202.331751766s
[ Info: iter=6886 obj=1.4190800089314054e6 pinf=0.0 (0) dinf=3.1275110805486505e11 (10600) time=202.509776274s
[ Info: iter=6887 obj=1.4190800089314054e6 pinf=0.0 (0) dinf=3.1276127145523956e11 (10601) time=202.688772682s
[ Info: iter=6888 obj=1.4190800089314054e6 pinf=0.0 (0) dinf=3.127571653509853e11 (10600) time=202.87995119s
[ Info: iter=6889 obj=1.4190800089314054e6 pinf=0.0 (0) dinf=2.8972435444943396e11 (10600) time=203.065318599s
[ Info: iter=6890 obj=1.4190800089314054e6 pinf=0.0 (0) dinf=2.897240119318032e11 (10599) time=203.244038304s
[ Info: iter=6891 obj=1.4190800089314054e6 pinf=0.0 (0) dinf=2.897248220268556e11 (10600) time=203.42827491s
[ Info: iter=6892 obj=1.4190800089314054e6 pinf=0.0 (0) dinf=2.8972492971858606e11 (10601) time=203.617729816s
[ Info: iter=6893 obj=1.4190800089314033e6 pinf=0.0 (0) dinf=2.904825903962284e11 (10604) time=203.800484521s
[ Info: iter=6894 obj=1.4190800089314033e6 pinf=0.0 (0) dinf=2.9090415132503796e11 (10600) time=203.980542827s
[ Info: iter=6895 obj=1.4190800089314033e6 pinf=0.0 (0) dinf=2.909350483378035e11 (10596) time=204.166175633s
[ Info: iter=6896 obj=1.4190800089314033e6 pinf=0.0 (0) dinf=2.9016630413632635e11 (10598) time=204.360802539s
[ Info: iter=6897 obj=1.4190800089314033e6 pinf=0.0 (0) dinf=2.900947927464458e11 (10597) time=204.539645444s
[ Info: iter=6898 obj=1.4190800089314033e6 pinf=0.0 (0) dinf=2.942352508581624e11 (10618) time=204.72356895s
[ Info: iter=6899 obj=1.4190800089314033e6 pinf=0.0 (0) dinf=2.9422879398173425e11 (10613) time=204.902082255s
[ Info: iter=6900 obj=1.4190800089314033e6 pinf=0.0 (0) dinf=2.9422806109138214e11 (10613) time=205.084052361s
[ Info: iter=6901 obj=1.4190800089314033e6 pinf=0.0 (0) dinf=2.9415833980953625e11 (10612) time=205.271806066s
[ Info: iter=6902 obj=1.4190800089314033e6 pinf=0.0 (0) dinf=2.940857423313855e11 (10611) time=205.456274372s
[ Info: iter=6903 obj=1.4190800089314033e6 pinf=0.0 (0) dinf=2.940629095411438e11 (10610) time=205.639508578s
[ Info: iter=6904 obj=1.4190800089314033e6 pinf=0.0 (0) dinf=2.939886829876436e11 (10609) time=205.824371283s
[ Info: iter=6905 obj=1.4190800089314033e6 pinf=0.0 (0) dinf=2.905287681245028e11 (10590) time=206.013067089s
[ Info: iter=6906 obj=1.4190800089314033e6 pinf=0.0 (0) dinf=2.924181047731976e11 (10594) time=206.208828095s
[ Info: iter=6907 obj=1.4190800089314033e6 pinf=0.0 (0) dinf=2.9293717455269495e11 (10590) time=206.387349001s
[ Info: iter=6908 obj=1.4190800089314033e6 pinf=0.0 (0) dinf=2.925615374591412e11 (10595) time=206.573838606s
[ Info: iter=6909 obj=1.4190800089314033e6 pinf=0.0 (0) dinf=2.921464331520271e11 (10590) time=206.758889412s
[ Info: iter=6910 obj=1.4190800089314033e6 pinf=0.0 (0) dinf=2.9133492308766077e11 (10589) time=206.947039018s
[ Info: iter=6911 obj=1.4190800089314035e6 pinf=0.0 (0) dinf=2.9133490185753467e11 (10584) time=207.133670523s
[ Info: iter=6912 obj=1.4190800089314035e6 pinf=0.0 (0) dinf=2.913343055187721e11 (10584) time=207.34050293s
[ Info: iter=6913 obj=1.4190800089314035e6 pinf=0.0 (0) dinf=2.913343055187721e11 (10584) time=207.528833735s
[ Info: iter=6914 obj=1.4190800089314035e6 pinf=0.0 (0) dinf=2.913343055187721e11 (10584) time=207.734791642s
[ Info: iter=6915 obj=1.4190800089314035e6 pinf=0.0 (0) dinf=2.913343055187721e11 (10584) time=207.923167847s
[ Info: iter=6916 obj=1.4190800089314035e6 pinf=0.0 (0) dinf=2.9177429935300024e11 (10583) time=208.111399453s
[ Info: iter=6917 obj=1.4190800089314035e6 pinf=0.0 (0) dinf=2.9177429935300024e11 (10582) time=208.275361358s
[ Info: iter=6918 obj=1.4190800089314035e6 pinf=0.0 (0) dinf=2.9181906852095306e11 (10581) time=208.464077064s
[ Info: iter=6919 obj=1.419080008914556e6 pinf=0.0 (0) dinf=3.1925898455020386e11 (10586) time=208.634737269s
[ Info: iter=6920 obj=1.419080008914556e6 pinf=0.0 (0) dinf=3.192506769710531e11 (10579) time=208.794340474s
[ Info: iter=6921 obj=1.419080008914556e6 pinf=0.0 (0) dinf=3.191918265335447e11 (10583) time=208.961773479s
[ Info: iter=6922 obj=1.419080008914556e6 pinf=0.0 (0) dinf=3.192506769773384e11 (10583) time=209.120724484s
PROGRESS iter=7000 refs=1883 pinf=0.0 working_objective=605519.5025249555
[ Info: iter=6923 obj=1.419080008914556e6 pinf=0.0 (0) dinf=3.1919182653982983e11 (10582) time=209.281828289s
[ Info: iter=6924 obj=1.419080008914556e6 pinf=0.0 (0) dinf=3.192506769773384e11 (10582) time=209.455251694s
[ Info: iter=6925 obj=1.419080008914556e6 pinf=0.0 (0) dinf=3.001755231912742e11 (10578) time=209.620839099s
[ Info: iter=6926 obj=1.419080008914556e6 pinf=0.0 (0) dinf=2.9939219405201965e11 (10570) time=209.788703905s
[ Info: iter=6927 obj=1.419080008914556e6 pinf=0.0 (0) dinf=2.9939123172017566e11 (10570) time=209.95928291s
[ Info: iter=6928 obj=1.419080008914562e6 pinf=0.0 (0) dinf=2.956219985962701e11 (10559) time=210.128246115s
[ Info: iter=6929 obj=1.419080008914562e6 pinf=0.0 (0) dinf=2.9639373317516675e11 (10559) time=210.28291672s
[ Info: iter=6930 obj=1.419080008914562e6 pinf=0.0 (0) dinf=2.963774311219891e11 (10556) time=210.439208824s
[ Info: iter=6931 obj=1.419080008914562e6 pinf=0.0 (0) dinf=2.9637742801860956e11 (10556) time=210.576674329s
[ Info: iter=6932 obj=1.419080008914562e6 pinf=0.0 (0) dinf=2.9637741106014886e11 (10555) time=210.711666533s
[ Info: iter=6933 obj=1.419080008914562e6 pinf=0.0 (0) dinf=2.9637741106014886e11 (10555) time=210.850528937s
[ Info: iter=6934 obj=1.419080008914562e6 pinf=0.0 (0) dinf=2.9637741106014886e11 (10555) time=210.985158741s
[ Info: iter=6935 obj=1.419080008914562e6 pinf=0.0 (0) dinf=2.9637741106014886e11 (10555) time=211.123527245s
[ Info: iter=6936 obj=1.419080008914562e6 pinf=0.0 (0) dinf=2.963973820715744e11 (10566) time=211.258901644s
[ Info: iter=6937 obj=1.419080008914562e6 pinf=0.0 (0) dinf=2.9639738206584186e11 (10559) time=211.391516944s
[ Info: iter=6938 obj=1.419080008914562e6 pinf=0.0 (0) dinf=2.963968847230394e11 (10555) time=211.502350743s
[ Info: iter=6939 obj=1.419080008914562e6 pinf=0.0 (0) dinf=2.963932978653302e11 (10552) time=211.619831443s
[ Info: iter=6940 obj=1.419080008914562e6 pinf=0.0 (0) dinf=2.963893593818899e11 (10554) time=211.698541243s
[ Info: iter=6941 obj=1.419080008914562e6 pinf=0.0 (0) dinf=2.963874329617859e11 (10541) time=211.770764143s
[ Info: iter=6942 obj=1.419080008914562e6 pinf=0.0 (0) dinf=2.963937515103233e11 (10559) time=211.849739742s
[ Info: iter=6943 obj=1.419080008914562e6 pinf=0.0 (0) dinf=2.963917231899292e11 (10561) time=211.925373642s
[ Info: iter=6944 obj=1.419080008914562e6 pinf=0.0 (0) dinf=2.963918179570899e11 (10557) time=212.004252142s
[ Info: iter=6945 obj=1.419080008914562e6 pinf=0.0 (0) dinf=2.9638794854068536e11 (10555) time=212.081352142s
[ Info: iter=6946 obj=1.419080008914562e6 pinf=0.0 (0) dinf=2.963877629317728e11 (10551) time=212.160345241s
[ Info: iter=6947 obj=1.419080008914562e6 pinf=0.0 (0) dinf=2.9639181791001184e11 (10560) time=212.232391541s
[ Info: iter=6948 obj=1.419080008914562e6 pinf=0.0 (0) dinf=2.9639022147990015e11 (10556) time=212.311322741s
[ Info: iter=6949 obj=1.419080008914562e6 pinf=0.0 (0) dinf=2.9638862501758844e11 (10555) time=212.391100541s
[ Info: iter=6950 obj=1.419080008914562e6 pinf=0.0 (0) dinf=2.9639309989464294e11 (10541) time=212.46995664s
[ Info: iter=6951 obj=1.419080008914562e6 pinf=0.0 (0) dinf=2.9639445409814056e11 (10533) time=212.55081804s
[ Info: iter=6952 obj=1.419080008914562e6 pinf=0.0 (0) dinf=2.9639412243624005e11 (10532) time=212.63153404s
[ Info: iter=6953 obj=1.419080008914562e6 pinf=0.0 (0) dinf=2.963917866191498e11 (10549) time=212.70997564s
[ Info: iter=6954 obj=1.419080008914562e6 pinf=0.0 (0) dinf=2.963208047675743e11 (10544) time=212.776056239s
[ Info: iter=6955 obj=1.419080008914562e6 pinf=0.0 (0) dinf=2.9633952515509314e11 (10532) time=212.837602939s
[ Info: iter=6956 obj=1.419080008914562e6 pinf=0.0 (0) dinf=2.963460256717749e11 (10535) time=212.900353939s
[ Info: iter=6957 obj=1.419080008914562e6 pinf=0.0 (0) dinf=2.9634645655848065e11 (10533) time=212.960732539s
[ Info: iter=6958 obj=1.419080008914562e6 pinf=0.0 (0) dinf=2.9635982060251984e11 (10532) time=213.020630039s
[ Info: iter=6959 obj=1.419080008914562e6 pinf=0.0 (0) dinf=2.963598202365257e11 (10529) time=213.081703438s
[ Info: iter=6960 obj=1.419080008914562e6 pinf=0.0 (0) dinf=2.9635981987053156e11 (10526) time=213.140310638s
[ Info: iter=6961 obj=1.419080008914562e6 pinf=0.0 (0) dinf=2.963598195045374e11 (10523) time=213.202797538s
[ Info: iter=6962 obj=1.419080008914562e6 pinf=0.0 (0) dinf=2.9638999756963745e11 (10530) time=213.260584938s
[ Info: iter=6963 obj=1.4190800089145564e6 pinf=0.0 (0) dinf=2.9639988288365454e11 (10567) time=213.319378538s
[ Info: iter=6964 obj=1.4190800089145564e6 pinf=0.0 (0) dinf=2.963999689747771e11 (10566) time=213.379190737s
[ Info: iter=6965 obj=1.4190800089145564e6 pinf=0.0 (0) dinf=2.9639952335621814e11 (10565) time=213.439092037s
[ Info: iter=6966 obj=1.4190800089145564e6 pinf=0.0 (0) dinf=2.963995173747034e11 (10564) time=213.501081437s
[ Info: iter=6967 obj=1.4190800089145564e6 pinf=0.0 (0) dinf=2.9639946617403516e11 (10563) time=213.562130637s
[ Info: iter=6968 obj=1.4190800089145564e6 pinf=0.0 (0) dinf=2.963995533977085e11 (10562) time=213.620862637s
[ Info: iter=6969 obj=1.4190800089145564e6 pinf=0.0 (0) dinf=2.963996395846298e11 (10561) time=213.682527236s
[ Info: iter=6970 obj=1.4190800089145564e6 pinf=0.0 (0) dinf=2.963997260135922e11 (10560) time=213.745318336s
[ Info: iter=6971 obj=1.4190800089145564e6 pinf=0.0 (0) dinf=2.9639960922358575e11 (10560) time=213.805987436s
[ Info: iter=6972 obj=1.4190800089145564e6 pinf=0.0 (0) dinf=2.9639969531311e11 (10559) time=213.866201236s
[ Info: iter=6973 obj=1.4190800089145564e6 pinf=0.0 (0) dinf=2.963998848974996e11 (10560) time=213.929802536s
[ Info: iter=6974 obj=1.419080008914556e6 pinf=0.0 (0) dinf=2.9639980796444336e11 (10549) time=213.992156035s
[ Info: iter=6975 obj=1.419080008914556e6 pinf=0.0 (0) dinf=2.963994574920861e11 (10551) time=214.050914535s
[ Info: iter=6976 obj=1.419080008914556e6 pinf=0.0 (0) dinf=2.963991137023476e11 (10552) time=214.108765635s
[ Info: iter=6977 obj=1.419080008914556e6 pinf=0.0 (0) dinf=2.9639910810632367e11 (10550) time=214.168302235s
[ Info: iter=6978 obj=1.419080008914556e6 pinf=0.0 (0) dinf=2.963987598787619e11 (10553) time=214.226616135s
[ Info: iter=6980 obj=1.419080008914556e6 pinf=0.0 (0) dinf=2.9639841015836255e11 (10552) time=214.294485834s
[ Info: iter=6981 obj=1.419080008914556e6 pinf=0.0 (0) dinf=2.9639806601459735e11 (10556) time=214.354404034s
[ Info: iter=6982 obj=1.419080008914556e6 pinf=0.0 (0) dinf=2.963977222248588e11 (10557) time=214.411941934s
[ Info: iter=6983 obj=1.419080008914556e6 pinf=0.0 (0) dinf=2.963977163734977e11 (10555) time=214.471155934s
[ Info: iter=6984 obj=1.419080008914556e6 pinf=0.0 (0) dinf=2.963977107057524e11 (10551) time=214.532413434s
[ Info: iter=6985 obj=1.419080008914556e6 pinf=0.0 (0) dinf=2.963977084751609e11 (10548) time=214.600998834s
[ Info: iter=6986 obj=1.419080008914556e6 pinf=0.0 (0) dinf=2.963973592017055e11 (10547) time=214.659969633s
[ Info: iter=6987 obj=1.419080008914556e6 pinf=0.0 (0) dinf=2.9639736012309503e11 (10547) time=214.718887733s
[ Info: iter=6988 obj=1.419080008914556e6 pinf=0.0 (0) dinf=2.963973598261269e11 (10547) time=214.779439533s
[ Info: iter=6990 obj=1.4190800089145578e6 pinf=0.0 (0) dinf=2.963972782814178e11 (10546) time=214.841998633s
[ Info: iter=6991 obj=1.4190800089145578e6 pinf=0.0 (0) dinf=2.9639564369604645e11 (10541) time=214.898550733s
[ Info: iter=6992 obj=1.4190800089145578e6 pinf=0.0 (0) dinf=2.963954436977215e11 (10538) time=214.956321432s
[ Info: iter=6993 obj=1.4190800089145578e6 pinf=0.0 (0) dinf=2.963952426127156e11 (10535) time=215.013734232s
[ Info: iter=6994 obj=1.4190800089145578e6 pinf=0.0 (0) dinf=2.963950426001319e11 (10532) time=215.072709132s
[ Info: iter=6995 obj=1.4190800089145578e6 pinf=0.0 (0) dinf=2.9639484122496387e11 (10529) time=215.130191832s
[ Info: iter=6996 obj=1.4190800089145578e6 pinf=0.0 (0) dinf=2.963946405657373e11 (10526) time=215.190518932s
[ Info: iter=6997 obj=1.4190800089145578e6 pinf=0.0 (0) dinf=2.9639443973606854e11 (10523) time=215.248335231s
[ Info: iter=6998 obj=1.4190800089145578e6 pinf=0.0 (0) dinf=2.963949901017633e11 (10526) time=215.308004531s
[ Info: iter=6999 obj=1.4190800089145578e6 pinf=0.0 (0) dinf=2.963940830458078e11 (10522) time=215.366562831s
[ Info: iter=7000 obj=1.4190800089145578e6 pinf=0.0 (0) dinf=2.9639360669810767e11 (10519) time=215.423243631s
[ Info: iter=7001 obj=1.4190800089145578e6 pinf=0.0 (0) dinf=2.963927983528997e11 (10518) time=215.485577431s
[ Info: iter=7002 obj=1.4190800089145578e6 pinf=0.0 (0) dinf=2.9639125027977893e11 (10517) time=215.546172031s
[ Info: iter=7003 obj=1.4190800089145564e6 pinf=0.0 (0) dinf=2.9638824685959296e11 (10516) time=215.60604233s
[ Info: iter=7004 obj=1.4190800089145578e6 pinf=0.0 (0) dinf=2.963846650029677e11 (10515) time=215.68114903s
[ Info: iter=7005 obj=1.4190800089145578e6 pinf=0.0 (0) dinf=2.963797055281766e11 (10514) time=215.74331943s
[ Info: iter=7006 obj=1.4190800089145578e6 pinf=0.0 (0) dinf=2.963737512959231e11 (10513) time=215.80264993s
[ Info: iter=7007 obj=1.4190800089145578e6 pinf=0.0 (0) dinf=2.963666503699117e11 (10512) time=215.86358913s
[ Info: iter=7008 obj=1.4190800089145578e6 pinf=0.0 (0) dinf=2.963646082346495e11 (10521) time=215.927922029s
[ Info: iter=7009 obj=1.4190800089145578e6 pinf=0.0 (0) dinf=2.9636502732146814e11 (10520) time=215.991179929s
[ Info: iter=7010 obj=1.4190800089145578e6 pinf=0.0 (0) dinf=2.9636507626960925e11 (10519) time=216.053531629s
[ Info: iter=7011 obj=1.4190800089145578e6 pinf=0.0 (0) dinf=2.9636509496825037e11 (10518) time=216.121274329s
[ Info: iter=7012 obj=1.4190800089145578e6 pinf=0.0 (0) dinf=2.9636508648508563e11 (10517) time=216.189132428s
[ Info: iter=7013 obj=1.4190800089145578e6 pinf=0.0 (0) dinf=2.963649092892128e11 (10516) time=216.255103628s
[ Info: iter=7014 obj=1.4190800089145578e6 pinf=0.0 (0) dinf=2.963646681409052e11 (10515) time=216.319255228s
[ Info: iter=7015 obj=1.4190800089145578e6 pinf=0.0 (0) dinf=2.9636439298265393e11 (10514) time=216.384794228s
[ Info: iter=7016 obj=1.4190800089145578e6 pinf=0.0 (0) dinf=2.963643538612887e11 (10513) time=216.453916628s
[ Info: iter=7017 obj=1.4190800089145578e6 pinf=0.0 (0) dinf=2.963641942595515e11 (10512) time=216.524398527s
[ Info: iter=7018 obj=1.4190800089145578e6 pinf=0.0 (0) dinf=2.963640090219355e11 (10511) time=216.594007127s
[ Info: iter=7019 obj=1.4190800089145578e6 pinf=0.0 (0) dinf=2.9636380810563617e11 (10510) time=216.666415327s
[ Info: iter=7020 obj=1.4190800089145578e6 pinf=0.0 (0) dinf=2.9636358943210046e11 (10509) time=216.744943927s
[ Info: iter=7021 obj=1.4190800089145578e6 pinf=0.0 (0) dinf=2.963633404148175e11 (10508) time=216.812392127s
[ Info: iter=7022 obj=1.4190800089145578e6 pinf=0.0 (0) dinf=2.9636307103803485e11 (10507) time=216.885044726s
[ Info: iter=7023 obj=1.4190800089145578e6 pinf=0.0 (0) dinf=2.963627777460885e11 (10506) time=216.954055426s
[ Info: iter=7024 obj=1.4190800089145578e6 pinf=0.0 (0) dinf=2.963624608066118e11 (10505) time=217.024902426s
[ Info: iter=7025 obj=1.4190800089145578e6 pinf=0.0 (0) dinf=2.9636212394347363e11 (10504) time=217.093892526s
[ Info: iter=7026 obj=1.4190800089145578e6 pinf=0.0 (0) dinf=2.963625548301794e11 (10502) time=217.162913325s
[ Info: iter=7027 obj=1.4190800089145578e6 pinf=0.0 (0) dinf=2.963672968903277e11 (10500) time=217.234948025s
[ Info: iter=7028 obj=1.4190800089145578e6 pinf=0.0 (0) dinf=2.963672968873277e11 (10497) time=217.309779325s
[ Info: iter=7029 obj=1.4190800089145578e6 pinf=0.0 (0) dinf=2.963672968843277e11 (10494) time=217.380135425s
[ Info: iter=7030 obj=1.4190800089145578e6 pinf=0.0 (0) dinf=2.963720870771527e11 (10502) time=217.451002224s
[ Info: iter=7031 obj=1.4190800089145578e6 pinf=0.0 (0) dinf=2.9637927236789014e11 (10509) time=217.525816024s
[ Info: iter=7032 obj=1.4190800089145578e6 pinf=0.0 (0) dinf=2.9638358353733264e11 (10512) time=217.595370324s
[ Info: iter=7033 obj=1.4190800089145578e6 pinf=0.0 (0) dinf=2.9638482959408075e11 (10511) time=217.667981424s
[ Info: iter=7034 obj=1.4190800089145578e6 pinf=0.0 (0) dinf=2.9638567283958417e11 (10510) time=217.741993124s
[ Info: iter=7035 obj=1.4190800089145578e6 pinf=0.0 (0) dinf=2.963861213208699e11 (10509) time=217.818553923s
[ Info: iter=7036 obj=1.4190800089145578e6 pinf=0.0 (0) dinf=2.963851596656236e11 (10508) time=217.892724123s
[ Info: iter=7037 obj=1.4190800089145578e6 pinf=0.0 (0) dinf=2.9638358705092236e11 (10507) time=217.964133223s
[ Info: iter=7038 obj=1.4190800089145578e6 pinf=0.0 (0) dinf=2.9638145348160657e11 (10506) time=218.035527323s
[ Info: iter=7039 obj=1.4190800089145578e6 pinf=0.0 (0) dinf=2.963789737534102e11 (10505) time=218.099991022s
[ Info: iter=7040 obj=1.4190800089145578e6 pinf=0.0 (0) dinf=2.9638097913963855e11 (10504) time=218.165663722s
[ Info: iter=7041 obj=1.4190800089145578e6 pinf=0.0 (0) dinf=2.9638134010915924e11 (10503) time=218.236200122s
[ Info: iter=7042 obj=1.4190800089145578e6 pinf=0.0 (0) dinf=2.963812490954766e11 (10502) time=218.301588822s
[ Info: iter=7043 obj=1.4190800089145578e6 pinf=0.0 (0) dinf=2.963808821048207e11 (10501) time=218.366177922s
[ Info: iter=7044 obj=1.4190800089145578e6 pinf=0.0 (0) dinf=2.963803739639125e11 (10500) time=218.431992821s
[ Info: iter=7045 obj=1.4190800089145578e6 pinf=0.0 (0) dinf=2.963789737534098e11 (10499) time=218.496605021s
[ Info: iter=7046 obj=1.4190800089145578e6 pinf=0.0 (0) dinf=2.963768734376557e11 (10498) time=218.563237221s
[ Info: iter=7047 obj=1.4190800089145578e6 pinf=0.0 (0) dinf=2.9637341837277893e11 (10497) time=218.629932921s
[ Info: iter=7048 obj=1.4190800089145578e6 pinf=0.0 (0) dinf=2.963866271725006e11 (10497) time=218.699100021s
[ Info: iter=7049 obj=1.4190800089145578e6 pinf=0.0 (0) dinf=2.96410828538296e11 (10493) time=218.76457822s
[ Info: iter=7050 obj=1.4190800089145578e6 pinf=0.0 (0) dinf=3.033590678280822e11 (10498) time=218.83158722s
[ Info: iter=7051 obj=1.4190800089145564e6 pinf=0.0 (0) dinf=2.844770774044944e11 (10570) time=218.89445742s
[ Info: iter=7052 obj=1.4190800089145564e6 pinf=0.0 (0) dinf=2.844763272017493e11 (10570) time=218.96566812s
[ Info: iter=7053 obj=1.4190800089145564e6 pinf=0.0 (0) dinf=2.8447408985328406e11 (10569) time=219.036635519s
[ Info: iter=7054 obj=1.4190800089145564e6 pinf=0.0 (0) dinf=2.8447408985328406e11 (10569) time=219.111735219s
[ Info: iter=7055 obj=1.4190800089145564e6 pinf=0.0 (0) dinf=2.8447408985328406e11 (10569) time=219.185117719s
[ Info: iter=7056 obj=1.4190800089145564e6 pinf=0.0 (0) dinf=2.8447408985328406e11 (10569) time=219.256224618s
[ Info: iter=7057 obj=1.4190800089145564e6 pinf=0.0 (0) dinf=2.8447408985328406e11 (10569) time=219.327670117s
[ Info: iter=7058 obj=1.4190800089140714e6 pinf=0.0 (0) dinf=2.855523488223122e11 (10571) time=219.400128416s
[ Info: iter=7059 obj=1.419080008912088e6 pinf=0.0 (0) dinf=2.852223978779976e11 (10571) time=219.473677116s
[ Info: iter=7060 obj=1.419080008912088e6 pinf=0.0 (0) dinf=2.851800215835794e11 (10568) time=219.547010415s
[ Info: iter=7061 obj=1.419080008912088e6 pinf=0.0 (0) dinf=2.85288105201462e11 (10564) time=219.617568714s
[ Info: iter=7062 obj=1.419080008912088e6 pinf=0.0 (0) dinf=2.852881052019619e11 (10560) time=219.688102313s
[ Info: iter=7063 obj=1.419080008912088e6 pinf=0.0 (0) dinf=2.85681838383927e11 (10556) time=219.761784813s
[ Info: iter=7064 obj=1.419080008912088e6 pinf=0.0 (0) dinf=2.8590057904154645e11 (10552) time=219.833539112s
[ Info: iter=7065 obj=1.419080008909565e6 pinf=0.0 (0) dinf=2.860948557701042e11 (10552) time=219.913142311s
[ Info: iter=7066 obj=1.4190800089060208e6 pinf=0.0 (0) dinf=2.879301605296403e11 (10551) time=219.99155251s
[ Info: iter=7067 obj=1.4190800089060208e6 pinf=0.0 (0) dinf=2.879301268754505e11 (10551) time=220.085369709s
[ Info: iter=7068 obj=1.4190800089060208e6 pinf=0.0 (0) dinf=2.878668349126709e11 (10556) time=220.201356108s
[ Info: iter=7069 obj=1.4190800089060208e6 pinf=0.0 (0) dinf=2.879106637684529e11 (10551) time=220.327813807s
[ Info: iter=7070 obj=1.4190800089060208e6 pinf=0.0 (0) dinf=2.879604434804536e11 (10551) time=220.456836706s
[ Info: iter=7071 obj=1.4190800089060208e6 pinf=0.0 (0) dinf=2.88328638263234e11 (10570) time=220.587852204s
[ Info: iter=7072 obj=1.4190800089060208e6 pinf=0.0 (0) dinf=2.8832846121318036e11 (10570) time=220.723886103s
[ Info: iter=7073 obj=1.4190800089060208e6 pinf=0.0 (0) dinf=2.883283657769431e11 (10570) time=220.854703902s
[ Info: iter=7074 obj=1.4190800089060208e6 pinf=0.0 (0) dinf=2.8832802471825397e11 (10570) time=220.9884605s
[ Info: iter=7075 obj=1.4190800089060208e6 pinf=0.0 (0) dinf=2.883276887947631e11 (10570) time=221.121019899s
[ Info: iter=7076 obj=1.4190800089060208e6 pinf=0.0 (0) dinf=2.883270798992943e11 (10570) time=221.258492398s
[ Info: iter=7077 obj=1.4190800089060208e6 pinf=0.0 (0) dinf=2.882884736730034e11 (10576) time=221.395898696s
[ Info: iter=7078 obj=1.4190800089060208e6 pinf=0.0 (0) dinf=2.8824165217929987e11 (10575) time=221.526684195s
[ Info: iter=7079 obj=1.4190800089060208e6 pinf=0.0 (0) dinf=2.8823894668755493e11 (10574) time=221.660064394s
[ Info: iter=7080 obj=1.4190800089060208e6 pinf=0.0 (0) dinf=2.882299368636534e11 (10568) time=221.796797392s
[ Info: iter=7081 obj=1.4190800089060208e6 pinf=0.0 (0) dinf=2.882286317056632e11 (10568) time=221.934090291s
[ Info: iter=7082 obj=1.4190800089060208e6 pinf=0.0 (0) dinf=2.88279279050862e11 (10567) time=222.06395019s
[ Info: iter=7083 obj=1.4190800089060208e6 pinf=0.0 (0) dinf=2.88207199725691e11 (10567) time=222.193359688s
[ Info: iter=7084 obj=1.4190800089060208e6 pinf=0.0 (0) dinf=2.882718036260209e11 (10560) time=222.297821787s
[ Info: iter=7085 obj=1.4190800089060208e6 pinf=0.0 (0) dinf=2.882732954660667e11 (10559) time=222.357907187s
[ Info: iter=7086 obj=1.4190800089060208e6 pinf=0.0 (0) dinf=2.881369063884198e11 (10573) time=222.442090586s
[ Info: iter=7087 obj=1.4190800089060208e6 pinf=0.0 (0) dinf=2.881336678864982e11 (10572) time=222.528637985s
[ Info: iter=7088 obj=1.4190800089060208e6 pinf=0.0 (0) dinf=2.88130991869305e11 (10571) time=222.613792984s
[ Info: iter=7089 obj=1.4190800089060208e6 pinf=0.0 (0) dinf=2.8808353228564734e11 (10569) time=222.702888583s
[ Info: iter=7090 obj=1.4190800089060208e6 pinf=0.0 (0) dinf=2.8803607237126196e11 (10567) time=222.793482982s
[ Info: iter=7091 obj=1.4190800089060208e6 pinf=0.0 (0) dinf=2.8803741037821204e11 (10567) time=222.927518881s
[ Info: iter=7092 obj=1.4190800089060208e6 pinf=0.0 (0) dinf=2.880368627779467e11 (10567) time=223.059504379s
[ Info: iter=7093 obj=1.4190800089060208e6 pinf=0.0 (0) dinf=2.880368628392271e11 (10567) time=223.194986678s
[ Info: iter=7094 obj=1.4190800089060208e6 pinf=0.0 (0) dinf=2.880382008460815e11 (10567) time=223.330582177s
[ Info: iter=7095 obj=1.4190800089060208e6 pinf=0.0 (0) dinf=2.8803848418691016e11 (10566) time=223.463096975s
[ Info: iter=7096 obj=1.4190800089060208e6 pinf=0.0 (0) dinf=2.8803848423756915e11 (10567) time=223.598342874s
[ Info: iter=7097 obj=1.4190800089060208e6 pinf=0.0 (0) dinf=2.8803759310205945e11 (10572) time=223.732454073s
[ Info: iter=7098 obj=1.4190800089060208e6 pinf=0.0 (0) dinf=2.8803893110807263e11 (10572) time=223.856755171s
[ Info: iter=7099 obj=1.4190800089060208e6 pinf=0.0 (0) dinf=2.880389994964497e11 (10572) time=223.929814171s
[ Info: iter=7100 obj=1.4190800089060208e6 pinf=0.0 (0) dinf=2.880389764256481e11 (10571) time=224.00805687s
[ Info: iter=7101 obj=1.4190800089060208e6 pinf=0.0 (0) dinf=2.8803801055708673e11 (10570) time=224.092361169s
[ Info: iter=7102 obj=1.4190800089060208e6 pinf=0.0 (0) dinf=2.880384792936572e11 (10569) time=224.219950668s
[ Info: iter=7103 obj=1.4190800089060208e6 pinf=0.0 (0) dinf=2.8813645986599835e11 (10571) time=224.342333367s
[ Info: iter=7104 obj=1.4190800089060208e6 pinf=0.0 (0) dinf=2.880749464382494e11 (10571) time=224.463660365s
[ Info: iter=7105 obj=1.4190800089060208e6 pinf=0.0 (0) dinf=2.880370858209987e11 (10571) time=224.583879964s
[ Info: iter=7106 obj=1.4190800089060208e6 pinf=0.0 (0) dinf=2.8803709718313025e11 (10573) time=224.713376963s
[ Info: iter=7107 obj=1.4190800089060208e6 pinf=0.0 (0) dinf=2.8807356443544696e11 (10575) time=224.843347762s
[ Info: iter=7108 obj=1.4190800089060208e6 pinf=0.0 (0) dinf=2.8803570381877264e11 (10575) time=224.96960236s
[ Info: iter=7109 obj=1.4190800089060208e6 pinf=0.0 (0) dinf=2.8822198995653015e11 (10564) time=225.094790159s
[ Info: iter=7110 obj=1.4190800089060208e6 pinf=0.0 (0) dinf=2.8822197432786566e11 (10564) time=225.223163858s
[ Info: iter=7111 obj=1.4190800089060208e6 pinf=0.0 (0) dinf=2.882254934796062e11 (10569) time=225.364138456s
[ Info: iter=7112 obj=1.4190800089060208e6 pinf=0.0 (0) dinf=2.8822389257608716e11 (10566) time=225.506225655s
[ Info: iter=7113 obj=1.4190800089060208e6 pinf=0.0 (0) dinf=2.8822280708826666e11 (10565) time=225.646686953s
[ Info: iter=7114 obj=1.4190800089060208e6 pinf=0.0 (0) dinf=2.8822324752519165e11 (10565) time=225.786004952s
[ Info: iter=7115 obj=1.4190800089060208e6 pinf=0.0 (0) dinf=2.8822611163905914e11 (10568) time=225.933247451s
[ Info: iter=7116 obj=1.4190800089060208e6 pinf=0.0 (0) dinf=2.8822897575338324e11 (10571) time=226.071171149s
[ Info: iter=7117 obj=1.4190800089060208e6 pinf=0.0 (0) dinf=2.882329988968076e11 (10571) time=226.213332048s
[ Info: iter=7118 obj=1.4190800089060208e6 pinf=0.0 (0) dinf=2.8823030577138354e11 (10570) time=226.352101646s
[ Info: iter=7119 obj=1.4190800089060208e6 pinf=0.0 (0) dinf=2.8804244206481757e11 (10569) time=226.494715045s
[ Info: iter=7120 obj=1.4190800089060208e6 pinf=0.0 (0) dinf=2.88042456059225e11 (10572) time=226.622860544s
[ Info: iter=7121 obj=1.4190800089060208e6 pinf=0.0 (0) dinf=2.8804100047575745e11 (10575) time=226.757232242s
[ Info: iter=7122 obj=1.4190800089060208e6 pinf=0.0 (0) dinf=2.8804146409391675e11 (10576) time=226.891521041s
[ Info: iter=7123 obj=1.4190800089060208e6 pinf=0.0 (0) dinf=2.8803992273397876e11 (10575) time=226.98045024s
[ Info: iter=7124 obj=1.4190800089060208e6 pinf=0.0 (0) dinf=2.880396373679009e11 (10574) time=227.119402039s
[ Info: iter=7125 obj=1.4190800089060208e6 pinf=0.0 (0) dinf=2.8804047012782166e11 (10575) time=227.252693335s
[ Info: iter=7126 obj=1.4190800089060208e6 pinf=0.0 (0) dinf=2.8804195097183734e11 (10579) time=227.382988732s
[ Info: iter=7127 obj=1.4190800089060208e6 pinf=0.0 (0) dinf=2.880414265090762e11 (10578) time=227.522168028s
[ Info: iter=7128 obj=1.4190800089060208e6 pinf=0.0 (0) dinf=2.880405354930095e11 (10576) time=227.654498625s
[ Info: iter=7129 obj=1.4190800089060208e6 pinf=0.0 (0) dinf=2.8804051774482983e11 (10575) time=227.785902321s
[ Info: iter=7209 obj=1.4190800089093084e6 pinf=0.0 (0) dinf=1.9052516070251675e11 (10576) time=228.654523999s
[ Info: iter=7230 obj=1.4190800089093074e6 pinf=0.0 (0) dinf=1.9050272013372662e11 (10559) time=229.340086881s
[ Info: iter=7243 obj=1.4190800089093074e6 pinf=0.0 (0) dinf=6.630097295894707e11 (10556) time=229.807380069s
[ Info: iter=7244 obj=1.4190800089093074e6 pinf=0.0 (0) dinf=6.630097172982883e11 (10558) time=229.863931367s
[ Info: iter=7245 obj=1.4190800089093074e6 pinf=0.0 (0) dinf=6.630097171985875e11 (10556) time=229.924373966s
[ Info: iter=7246 obj=1.4190800089093074e6 pinf=0.0 (0) dinf=6.630095885515381e11 (10556) time=229.984099964s
[ Info: iter=7247 obj=1.4190800089093074e6 pinf=0.0 (0) dinf=6.630095885501017e11 (10556) time=230.040443763s
[ Info: iter=7248 obj=1.4190800089093074e6 pinf=0.0 (0) dinf=2.5403059307125483e12 (10554) time=230.096845861s
[ Info: iter=7249 obj=1.4190800089093074e6 pinf=0.0 (0) dinf=2.5403142372776006e12 (10562) time=230.15271066s
[ Info: iter=7250 obj=1.4190800089093074e6 pinf=0.0 (0) dinf=2.540303789306528e12 (10561) time=230.211157558s
[ Info: iter=7251 obj=1.4190800089093074e6 pinf=0.0 (0) dinf=2.5402911508688164e12 (10552) time=230.270314957s
[ Info: iter=7252 obj=1.4190800089093074e6 pinf=0.0 (0) dinf=2.5402911762185674e12 (10552) time=230.328334555s
[ Info: iter=7253 obj=1.4190800089093074e6 pinf=0.0 (0) dinf=1.5348270233098322e11 (10582) time=230.385667454s
[ Info: iter=7254 obj=1.4190800089093074e6 pinf=0.0 (0) dinf=1.5353181786062445e11 (10578) time=230.441246452s
[ Info: iter=7255 obj=1.4190800089093074e6 pinf=0.0 (0) dinf=1.5338127629733313e11 (10584) time=230.500300351s
[ Info: iter=7256 obj=1.4190800089093074e6 pinf=0.0 (0) dinf=1.5338127629733313e11 (10583) time=230.556416249s
[ Info: iter=7257 obj=1.4190800089093074e6 pinf=0.0 (0) dinf=1.5338127629721613e11 (10577) time=230.613193448s
[ Info: iter=7258 obj=1.4190800089093074e6 pinf=0.0 (0) dinf=1.5412609422279947e11 (10580) time=230.668084146s
[ Info: iter=7259 obj=1.4190800089093088e6 pinf=0.0 (0) dinf=1.561638294819343e11 (10573) time=230.728093245s
[ Info: iter=7260 obj=1.4190800089093088e6 pinf=0.0 (0) dinf=1.56163829480498e11 (10573) time=230.786768543s
[ Info: iter=7261 obj=1.4190800089093088e6 pinf=0.0 (0) dinf=1.5616382947852527e11 (10573) time=230.842760242s
[ Info: iter=7262 obj=1.4190800089093095e6 pinf=0.0 (0) dinf=1.561638041270591e11 (10572) time=230.90892344s
[ Info: iter=7263 obj=1.4190800089093095e6 pinf=0.0 (0) dinf=1.561694084972688e11 (10573) time=230.972286638s
[ Info: iter=7264 obj=1.4190800089093095e6 pinf=0.0 (0) dinf=1.5617855762591583e11 (10572) time=231.034172537s
[ Info: iter=7265 obj=1.4190800089093095e6 pinf=0.0 (0) dinf=1.5617331179554773e11 (10571) time=231.093953535s
[ Info: iter=7266 obj=1.4190800089093084e6 pinf=0.0 (0) dinf=1.5618118276049762e11 (10577) time=231.154872534s
[ Info: iter=7267 obj=1.4190800089093084e6 pinf=0.0 (0) dinf=1.561766273780153e11 (10577) time=231.216586832s
[ Info: iter=7268 obj=1.4190800089093095e6 pinf=0.0 (0) dinf=1.561687564130654e11 (10570) time=231.28157143s
[ Info: iter=7270 obj=1.4190800089093095e6 pinf=0.0 (0) dinf=1.561687313891045e11 (10568) time=231.344172929s
[ Info: iter=7271 obj=1.4190800089093095e6 pinf=0.0 (0) dinf=1.5673580557906583e11 (10569) time=231.402233527s
[ Info: iter=7272 obj=1.4190800089093095e6 pinf=0.0 (0) dinf=1.567346071244458e11 (10570) time=231.461879426s
[ Info: iter=7273 obj=1.4190800089093095e6 pinf=0.0 (0) dinf=1.5673370422997015e11 (10570) time=231.527828724s
[ Info: iter=7274 obj=1.4190800089093095e6 pinf=0.0 (0) dinf=1.5673280133549536e11 (10570) time=231.589901022s
[ Info: iter=7275 obj=1.4190800089093095e6 pinf=0.0 (0) dinf=1.567296997798073e11 (10570) time=231.655366321s
[ Info: iter=7276 obj=1.4190800089093095e6 pinf=0.0 (0) dinf=1.5672659822412216e11 (10570) time=231.718314419s
[ Info: iter=7277 obj=1.4190800089093095e6 pinf=0.0 (0) dinf=1.567243515170021e11 (10570) time=231.780384817s
[ Info: iter=7278 obj=1.4190800089093095e6 pinf=0.0 (0) dinf=1.5672210480988416e11 (10570) time=231.840970116s
[ Info: iter=7279 obj=1.4190800089093095e6 pinf=0.0 (0) dinf=1.5672210480821567e11 (10570) time=231.905046414s
[ Info: iter=7280 obj=1.4190800089093095e6 pinf=0.0 (0) dinf=1.5672210480654718e11 (10570) time=231.969183913s
[ Info: iter=7281 obj=1.4190800089093095e6 pinf=0.0 (0) dinf=1.5672210480511084e11 (10570) time=232.029329611s
[ Info: iter=7282 obj=1.4190800089093095e6 pinf=0.0 (0) dinf=1.5672210480367453e11 (10570) time=232.092756109s
[ Info: iter=7283 obj=1.4190800089093095e6 pinf=0.0 (0) dinf=1.5707138392540454e11 (10570) time=232.155200308s
[ Info: iter=7284 obj=1.4190800089093095e6 pinf=0.0 (0) dinf=1.5714978294535153e11 (10572) time=232.215631406s
[ Info: iter=7285 obj=1.4190800089093095e6 pinf=0.0 (0) dinf=1.5759606036303958e11 (10571) time=232.276774005s
[ Info: iter=7286 obj=1.4190800089093095e6 pinf=0.0 (0) dinf=1.5759348539388803e11 (10569) time=232.337370803s
[ Info: iter=7287 obj=1.4190800089093095e6 pinf=0.0 (0) dinf=1.575901364092037e11 (10576) time=232.397157401s
[ Info: iter=7288 obj=1.4190800089093095e6 pinf=0.0 (0) dinf=1.5758178994352072e11 (10575) time=232.4574807s
[ Info: iter=7289 obj=1.4190800089093095e6 pinf=0.0 (0) dinf=1.5758178980162634e11 (10575) time=232.522819998s
[ Info: iter=7290 obj=1.4190800089093095e6 pinf=0.0 (0) dinf=1.573881503060296e11 (10574) time=232.588954296s
[ Info: iter=7291 obj=1.4190800089093095e6 pinf=0.0 (0) dinf=1.5773742942647498e11 (10568) time=232.651657495s
[ Info: iter=7292 obj=1.4190800089093095e6 pinf=0.0 (0) dinf=1.5781582844535706e11 (10570) time=232.712499893s
[ Info: iter=7293 obj=1.4190800089093095e6 pinf=0.0 (0) dinf=1.582621058465559e11 (10581) time=232.774051892s
[ Info: iter=7294 obj=1.4190800089093095e6 pinf=0.0 (0) dinf=1.5825953087874905e11 (10567) time=232.83559469s
[ Info: iter=7295 obj=1.4190800089093095e6 pinf=0.0 (0) dinf=1.582478354313064e11 (10567) time=232.900721888s
[ Info: iter=7296 obj=1.4190800089093095e6 pinf=0.0 (0) dinf=1.5824783530489728e11 (10567) time=232.970838886s
[ Info: iter=7297 obj=1.4190800089093095e6 pinf=0.0 (0) dinf=1.5805419580952164e11 (10566) time=233.034209785s
[ Info: iter=7298 obj=1.4190800089093095e6 pinf=0.0 (0) dinf=1.5805470595849518e11 (10567) time=233.107379283s
[ Info: iter=7299 obj=1.4190800089093095e6 pinf=0.0 (0) dinf=1.5830927171245544e11 (10575) time=233.178800981s
[ Info: iter=7300 obj=1.4190800089093095e6 pinf=0.0 (0) dinf=1.5829226336497556e11 (10573) time=233.247724779s
[ Info: iter=7301 obj=1.4190800089093095e6 pinf=0.0 (0) dinf=1.5853044541732108e11 (10568) time=233.316029377s
[ Info: iter=7302 obj=1.4190800089093095e6 pinf=0.0 (0) dinf=1.5853152369317987e11 (10565) time=233.387188776s
[ Info: iter=7303 obj=1.4190800089093095e6 pinf=0.0 (0) dinf=1.585311228120868e11 (10564) time=233.462045074s
[ Info: iter=7304 obj=1.4190800089093095e6 pinf=0.0 (0) dinf=1.5853116677686856e11 (10564) time=233.533674272s
[ Info: iter=7305 obj=1.4190800089093095e6 pinf=0.0 (0) dinf=1.585312193419186e11 (10566) time=233.60700517s
[ Info: iter=7306 obj=1.4190800089093095e6 pinf=0.0 (0) dinf=1.58530821135061e11 (10566) time=233.679090468s
[ Info: iter=7307 obj=1.4190800089093095e6 pinf=0.0 (0) dinf=1.5853042560243887e11 (10567) time=233.753946466s
[ Info: iter=7308 obj=1.419080008909308e6 pinf=0.0 (0) dinf=1.585333012817179e11 (10571) time=233.827775164s
[ Info: iter=7309 obj=1.419080008909308e6 pinf=0.0 (0) dinf=1.5853328845647537e11 (10568) time=233.900271162s
[ Info: iter=7310 obj=1.419080008909308e6 pinf=0.0 (0) dinf=1.585292195629716e11 (10573) time=233.96898246s
[ Info: iter=7311 obj=1.419080008909308e6 pinf=0.0 (0) dinf=1.5852882042747836e11 (10572) time=234.039171159s
[ Info: iter=7312 obj=1.419080008909308e6 pinf=0.0 (0) dinf=1.5852842142550644e11 (10571) time=234.114034857s
[ Info: iter=7313 obj=1.419080008909308e6 pinf=0.0 (0) dinf=1.5852802315821457e11 (10571) time=234.203107654s
[ Info: iter=7314 obj=1.4190800089093116e6 pinf=0.0 (0) dinf=1.5854143273551755e11 (10565) time=234.286586552s
[ Info: iter=7315 obj=1.4190800089093125e6 pinf=0.0 (0) dinf=1.585484521791013e11 (10565) time=234.36285875s
[ Info: iter=7316 obj=1.4190800089093088e6 pinf=0.0 (0) dinf=1.5854832874966156e11 (10571) time=234.443577548s
[ Info: iter=7317 obj=1.4190800089093088e6 pinf=0.0 (0) dinf=1.5855264989887497e11 (10565) time=234.518972646s
[ Info: iter=7318 obj=1.4190800089093088e6 pinf=0.0 (0) dinf=1.5855611551425452e11 (10565) time=234.595226344s
[ Info: iter=7319 obj=1.4190800089093088e6 pinf=0.0 (0) dinf=1.585565969619521e11 (10565) time=234.669858042s
[ Info: iter=7320 obj=1.419080008909306e6 pinf=0.0 (0) dinf=1.585882366953346e11 (10561) time=234.74211494s
[ Info: iter=7321 obj=1.419080008909305e6 pinf=0.0 (0) dinf=1.7329175941961276e11 (10563) time=234.822996038s
[ Info: iter=7322 obj=1.4190800089093084e6 pinf=0.0 (0) dinf=4.365307934086534e12 (10599) time=234.880231837s
[ Info: iter=7323 obj=1.4190800089093084e6 pinf=0.0 (0) dinf=4.3694847954552236e12 (10587) time=234.937127235s
[ Info: iter=7324 obj=1.4190800089093084e6 pinf=0.0 (0) dinf=4.368577533752247e12 (10586) time=234.995480634s
[ Info: iter=7325 obj=1.4190800089093084e6 pinf=0.0 (0) dinf=4.372858695977977e12 (10590) time=235.056131432s
[ Info: iter=7326 obj=1.4190800089093084e6 pinf=0.0 (0) dinf=4.367629072908135e12 (10589) time=235.118120731s
[ Info: iter=7327 obj=1.4190800089093084e6 pinf=0.0 (0) dinf=4.3666855407686904e12 (10589) time=235.18340123s
[ Info: iter=7328 obj=1.4190800089093084e6 pinf=0.0 (0) dinf=4.3666855407608e12 (10589) time=235.25108973s
[ Info: iter=7329 obj=1.41908000890931e6 pinf=0.0 (0) dinf=4.104195298904307e12 (10582) time=235.32629283s
[ Info: iter=7330 obj=1.41908000890931e6 pinf=0.0 (0) dinf=4.104472364853529e12 (10579) time=235.393678731s
[ Info: iter=7331 obj=1.41908000890931e6 pinf=0.0 (0) dinf=4.104300365588111e12 (10578) time=235.461214831s
[ Info: iter=7332 obj=1.41908000890931e6 pinf=0.0 (0) dinf=4.103996147839531e12 (10576) time=235.529461031s
[ Info: iter=7334 obj=1.41908000890931e6 pinf=0.0 (0) dinf=4.1050971960012563e12 (10583) time=235.600717331s
[ Info: iter=7335 obj=1.41908000890931e6 pinf=0.0 (0) dinf=4.105099505654538e12 (10586) time=235.660416031s
[ Info: iter=7336 obj=1.41908000890931e6 pinf=0.0 (0) dinf=4.105089316440375e12 (10579) time=235.717172032s
[ Info: iter=7337 obj=1.41908000890931e6 pinf=0.0 (0) dinf=4.1051126291870713e12 (10578) time=235.793970032s
[ Info: iter=7338 obj=1.41908000890931e6 pinf=0.0 (0) dinf=4.105094954491423e12 (10577) time=235.876528332s
[ Info: iter=7339 obj=1.41908000890931e6 pinf=0.0 (0) dinf=4.104918145692495e12 (10571) time=235.970721832s
[ Info: iter=7340 obj=1.41908000890931e6 pinf=0.0 (0) dinf=4.104906312458482e12 (10570) time=236.051642833s
[ Info: iter=7341 obj=1.41908000890931e6 pinf=0.0 (0) dinf=4.1046590845935933e12 (10561) time=236.133600033s
[ Info: iter=7342 obj=1.41908000890931e6 pinf=0.0 (0) dinf=4.0511145916815312e12 (10545) time=236.223175133s
[ Info: iter=7343 obj=1.41908000890931e6 pinf=0.0 (0) dinf=4.0494910314765337e12 (10543) time=236.338124734s
[ Info: iter=7344 obj=1.41908000890931e6 pinf=0.0 (0) dinf=4.0478708761156494e12 (10543) time=236.457782134s
[ Info: iter=7345 obj=1.41908000890931e6 pinf=0.0 (0) dinf=4.046248857051664e12 (10545) time=236.573375034s
[ Info: iter=7346 obj=1.41908000890931e6 pinf=0.0 (0) dinf=4.044626837987712e12 (10536) time=236.687001635s
[ Info: iter=7347 obj=1.4190800089093088e6 pinf=0.0 (0) dinf=4.0037204637207603e12 (10512) time=236.830680235s
[ Info: iter=7348 obj=1.41908000890931e6 pinf=0.0 (0) dinf=4.0226096003229756e12 (10509) time=236.975568836s
[ Info: iter=7349 obj=1.41908000890931e6 pinf=0.0 (0) dinf=4.022555571852385e12 (10508) time=237.121011436s
[ Info: iter=7350 obj=1.41908000890931e6 pinf=0.0 (0) dinf=4.022555571852385e12 (10508) time=237.260141536s
[ Info: iter=7351 obj=1.41908000890931e6 pinf=0.0 (0) dinf=4.0091246538871543e12 (10504) time=237.395906337s
[ Info: iter=7354 obj=1.419080008909309e6 pinf=0.0 (0) dinf=4.022555600846165e12 (10527) time=237.483407437s
[ Info: iter=7355 obj=1.4190800089093088e6 pinf=0.0 (0) dinf=4.0036861276773877e12 (10527) time=237.564908337s
[ Info: iter=7356 obj=1.4190800089093088e6 pinf=0.0 (0) dinf=4.0039158039736836e12 (10519) time=237.722728038s
[ Info: iter=7357 obj=1.4190800089093088e6 pinf=0.0 (0) dinf=4.0037258855073306e12 (10521) time=237.877554638s
[ Info: iter=7358 obj=1.4190800089093088e6 pinf=0.0 (0) dinf=4.0035544592271377e12 (10520) time=238.040896639s
[ Info: iter=7359 obj=1.4190800089093088e6 pinf=0.0 (0) dinf=4.0033116363603667e12 (10519) time=238.196431439s
[ Info: iter=7360 obj=1.4190800089093088e6 pinf=0.0 (0) dinf=4.002909679150618e12 (10514) time=238.35277604s
[ Info: iter=7361 obj=1.4190800089093088e6 pinf=0.0 (0) dinf=4.002877062597562e12 (10513) time=238.54094424s
[ Info: iter=7362 obj=1.4190800089093088e6 pinf=0.0 (0) dinf=4.0028537650596772e12 (10512) time=238.729067541s
[ Info: iter=7363 obj=1.4190800089093088e6 pinf=0.0 (0) dinf=4.002836477271018e12 (10511) time=238.915540442s
[ Info: iter=7364 obj=1.4190800089093088e6 pinf=0.0 (0) dinf=4.002816418281927e12 (10510) time=239.113929442s
[ Info: iter=7365 obj=1.4190800089093088e6 pinf=0.0 (0) dinf=4.0022731474106855e12 (10513) time=239.324330743s
[ Info: iter=7366 obj=1.4190800089093088e6 pinf=0.0 (0) dinf=4.0017300794616836e12 (10505) time=239.539254844s
[ Info: iter=7367 obj=1.4190800089093088e6 pinf=0.0 (0) dinf=4.0011912612949053e12 (10506) time=239.755000544s
[ Info: iter=7368 obj=1.4190800089093088e6 pinf=0.0 (0) dinf=4.0008800347539688e12 (10505) time=239.981797945s
[ Info: iter=7369 obj=1.4190800089093088e6 pinf=0.0 (0) dinf=4.0008721927897e12 (10505) time=240.064309545s
[ Info: iter=7370 obj=1.4190800089093088e6 pinf=0.0 (0) dinf=4.0005807083968896e12 (10504) time=240.292867546s
[ Info: iter=7371 obj=1.4190800089093088e6 pinf=0.0 (0) dinf=4.00057341528167e12 (10504) time=240.371915146s
[ Info: iter=7372 obj=1.4190800089093088e6 pinf=0.0 (0) dinf=4.0001714864684385e12 (10502) time=240.596201747s
[ Info: iter=7373 obj=1.4190800089093088e6 pinf=0.0 (0) dinf=3.994975945034995e12 (10500) time=240.880357948s
[ Info: iter=7374 obj=1.4190800089093088e6 pinf=0.0 (0) dinf=3.9897804036010493e12 (10498) time=241.167253549s
[ Info: iter=7375 obj=1.4190800089093088e6 pinf=0.0 (0) dinf=3.989778867797058e12 (10502) time=241.446647249s
[ Info: iter=7379 obj=1.4190800089093088e6 pinf=0.0 (0) dinf=3.9897775311191772e12 (10502) time=241.75162055s
[ Info: iter=7380 obj=1.4190800089093088e6 pinf=0.0 (0) dinf=3.9913146088690063e12 (10516) time=241.809246451s
[ Info: iter=7381 obj=1.41908000890931e6 pinf=0.0 (0) dinf=3.991374455208222e12 (10513) time=241.865848751s
[ Info: iter=7382 obj=1.41908000890931e6 pinf=0.0 (0) dinf=3.9912567137613306e12 (10511) time=241.927686851s
[ Info: iter=7383 obj=1.4190800089093135e6 pinf=0.0 (0) dinf=3.991316560167575e12 (10519) time=241.989115951s
[ Info: iter=7384 obj=1.4190800089093074e6 pinf=0.0 (0) dinf=3.989884608650672e12 (10511) time=242.044813751s
[ Info: iter=7385 obj=1.4190800089093074e6 pinf=0.0 (0) dinf=3.989882632047155e12 (10511) time=242.102398651s
[ Info: iter=7386 obj=1.4190800089093074e6 pinf=0.0 (0) dinf=3.989882632045487e12 (10511) time=242.168547152s
[ Info: iter=7387 obj=1.4190800089093074e6 pinf=0.0 (0) dinf=3.9898825876569863e12 (10510) time=242.459712853s
[ Info: iter=7388 obj=1.4190800089093093e6 pinf=0.0 (0) dinf=4.214043962685464e12 (10497) time=242.755099354s
[ Info: iter=7389 obj=1.4190800089093086e6 pinf=0.0 (0) dinf=5.891699564540466e12 (10552) time=243.068648254s
[ Info: iter=7390 obj=1.4190800089093086e6 pinf=0.0 (0) dinf=5.892048620902583e12 (10554) time=243.356532951s
[ Info: iter=7391 obj=1.4190800089093086e6 pinf=0.0 (0) dinf=5.8908887582231875e12 (10549) time=243.640144446s
[ Info: iter=7392 obj=1.4190800089093086e6 pinf=0.0 (0) dinf=5.892050673236104e12 (10554) time=243.92707184s
[ Info: iter=7393 obj=1.4190800089093086e6 pinf=0.0 (0) dinf=5.891592771237557e12 (10554) time=244.224632035s
[ Info: iter=7394 obj=1.4190800089093081e6 pinf=0.0 (0) dinf=4.2126023174381357e12 (10505) time=244.522152729s
[ Info: iter=7395 obj=1.4190800089093093e6 pinf=0.0 (0) dinf=4.2136959716082104e12 (10500) time=244.798348624s
[ Info: iter=7396 obj=1.4190800089093081e6 pinf=0.0 (0) dinf=4.2137125898011875e12 (10495) time=244.857658723s
[ Info: iter=7397 obj=1.4190800089093081e6 pinf=0.0 (0) dinf=4.2137118867687217e12 (10495) time=244.915616322s
[ Info: iter=7398 obj=1.4190800089093081e6 pinf=0.0 (0) dinf=4.2137094486293555e12 (10495) time=244.972410521s
[ Info: iter=7399 obj=1.4190800089093093e6 pinf=0.0 (0) dinf=4.213699732818192e12 (10502) time=245.030417019s
[ Info: iter=7400 obj=1.4190800089093093e6 pinf=0.0 (0) dinf=4.2180826480482817e12 (10568) time=245.138567817s
[ Info: iter=7401 obj=1.4190800089093093e6 pinf=0.0 (0) dinf=4.2136997341736104e12 (10512) time=245.206051516s
[ Info: iter=7402 obj=1.4190800089093093e6 pinf=0.0 (0) dinf=4.213705480356187e12 (10514) time=245.264202615s
[ Info: iter=7403 obj=1.4190800089093093e6 pinf=0.0 (0) dinf=4.213704157087278e12 (10513) time=245.323165314s
[ Info: iter=7404 obj=1.4190800089093093e6 pinf=0.0 (0) dinf=4.2137034954525723e12 (10512) time=245.380699913s
[ Info: iter=7405 obj=1.4190800088738725e6 pinf=0.0 (0) dinf=4.216959079684937e12 (10581) time=245.445676812s
[ Info: iter=7406 obj=1.4190800089093084e6 pinf=0.0 (0) dinf=4.212602758472809e12 (10511) time=245.505290411s
[ Info: iter=7407 obj=1.4190800089093093e6 pinf=0.0 (0) dinf=4.212582915831554e12 (10529) time=245.564467009s
[ Info: iter=7408 obj=1.4190800089093093e6 pinf=0.0 (0) dinf=4.2146916206667837e12 (10531) time=245.864627504s
[ Info: iter=7409 obj=1.4190800089093093e6 pinf=0.0 (0) dinf=4.214672937657239e12 (10531) time=246.173762198s
[ Info: iter=7410 obj=1.4190800089093093e6 pinf=0.0 (0) dinf=4.214076196450303e12 (10531) time=246.478280892s
[ Info: iter=7411 obj=1.4190800089093093e6 pinf=0.0 (0) dinf=4.2140761964474307e12 (10531) time=246.813403386s
[ Info: iter=7412 obj=1.4190800089093093e6 pinf=0.0 (0) dinf=4.214076196444558e12 (10531) time=247.14043178s
[ Info: iter=7413 obj=1.4190800089093093e6 pinf=0.0 (0) dinf=4.214076196441806e12 (10531) time=247.518072873s
[ Info: iter=7414 obj=1.4190800089093093e6 pinf=0.0 (0) dinf=4.2140761964390547e12 (10531) time=247.891505566s
[ Info: iter=7415 obj=1.4190800089093093e6 pinf=0.0 (0) dinf=4.2140830612144834e12 (10531) time=248.258300359s
[ Info: iter=7416 obj=1.4190800089093093e6 pinf=0.0 (0) dinf=4.2140772084716504e12 (10530) time=248.628374352s
[ Info: iter=7417 obj=1.4190800089093093e6 pinf=0.0 (0) dinf=4.2140873023636377e12 (10530) time=248.999063045s
[ Info: iter=7418 obj=1.4190800089093093e6 pinf=0.0 (0) dinf=4.2140787443596475e12 (10529) time=249.378200137s
[ Info: iter=7419 obj=1.4190800089093093e6 pinf=0.0 (0) dinf=4.2140796838450723e12 (10529) time=249.75037083s
[ Info: iter=7420 obj=1.4190800089093093e6 pinf=0.0 (0) dinf=4.2140858013691943e12 (10530) time=250.118931024s
[ Info: iter=7421 obj=1.4190800089093093e6 pinf=0.0 (0) dinf=4.214080694827425e12 (10530) time=250.492695516s
[ Info: iter=7422 obj=1.4190800089093093e6 pinf=0.0 (0) dinf=4.2140816175797666e12 (10530) time=250.866328809s
[ Info: iter=7423 obj=1.4190800089093093e6 pinf=0.0 (0) dinf=4.2140816175758213e12 (10530) time=251.235282902s
[ Info: iter=7424 obj=1.4190800089093093e6 pinf=0.0 (0) dinf=4.214081617571876e12 (10530) time=251.611034491s
[ Info: iter=7425 obj=1.4190800089093093e6 pinf=0.0 (0) dinf=4.2133571547915645e12 (10530) time=251.98043798s
[ Info: iter=7426 obj=1.4190800089093093e6 pinf=0.0 (0) dinf=4.21264843108305e12 (10530) time=252.355823369s
[ Info: iter=7427 obj=1.4190800089093093e6 pinf=0.0 (0) dinf=4.2126380802011255e12 (10533) time=252.64924226s
[ Info: iter=7428 obj=1.4190800089093093e6 pinf=0.0 (0) dinf=4.2126362740370073e12 (10533) time=252.705225058s
[ Info: iter=7429 obj=1.4190800089093093e6 pinf=0.0 (0) dinf=4.212636093626196e12 (10533) time=252.758981657s
[ Info: iter=7430 obj=1.4190800089093093e6 pinf=0.0 (0) dinf=4.2126418305708276e12 (10533) time=252.813048755s
[ Info: iter=7431 obj=1.4190800089093093e6 pinf=0.0 (0) dinf=4.2126512059967314e12 (10532) time=252.869401353s
[ Info: iter=7432 obj=1.4190800089093093e6 pinf=0.0 (0) dinf=4.2126393910914097e12 (10530) time=252.924215252s
[ Info: iter=7433 obj=1.4190800089093093e6 pinf=0.0 (0) dinf=4.2126662423757207e12 (10531) time=252.98470775s
[ Info: iter=7434 obj=1.4190800089093093e6 pinf=0.0 (0) dinf=4.212693093660142e12 (10532) time=253.049218748s
[ Info: iter=7435 obj=1.4190800089093093e6 pinf=0.0 (0) dinf=4.212623529088233e12 (10529) time=253.236948342s
[ Info: iter=7436 obj=1.4190800089093093e6 pinf=0.0 (0) dinf=4.2126482867242764e12 (10530) time=253.616194531s
[ Info: iter=7437 obj=1.4190800089093093e6 pinf=0.0 (0) dinf=4.2126583806113066e12 (10530) time=253.98279832s
[ Info: iter=7438 obj=1.4190800089178127e6 pinf=0.0 (0) dinf=4.212648286677407e12 (10529) time=254.355992309s
[ Info: iter=7439 obj=1.4190800089178127e6 pinf=0.0 (0) dinf=4.2126482866740703e12 (10529) time=254.738123598s
[ Info: iter=7440 obj=1.4190800089178127e6 pinf=0.0 (0) dinf=4.2126482866707334e12 (10529) time=255.108934887s
[ Info: iter=7441 obj=1.4190800089178127e6 pinf=0.0 (0) dinf=4.212650551771393e12 (10528) time=255.488371976s
[ Info: iter=7442 obj=1.4190800089178127e6 pinf=0.0 (0) dinf=4.212678181122745e12 (10530) time=255.816132466s
[ Info: iter=7443 obj=1.4190800089178127e6 pinf=0.0 (0) dinf=4.2126100176639062e12 (10527) time=256.150809456s
[ Info: iter=7444 obj=1.4190800089178127e6 pinf=0.0 (0) dinf=4.212616882434209e12 (10527) time=256.530210945s
[ Info: iter=7445 obj=1.4190800089178127e6 pinf=0.0 (0) dinf=4.2126100176308027e12 (10526) time=256.904167834s
[ Info: iter=7446 obj=1.4190800089178127e6 pinf=0.0 (0) dinf=4.212610017628665e12 (10526) time=257.282248622s
[ Info: iter=7447 obj=1.4190800089178127e6 pinf=0.0 (0) dinf=4.2126100176265273e12 (10526) time=257.660123311s
[ Info: iter=7448 obj=1.4190800089178127e6 pinf=0.0 (0) dinf=4.2126161351460557e12 (10527) time=258.0331299s
[ Info: iter=7449 obj=1.4190800089178127e6 pinf=0.0 (0) dinf=4.2126100176245566e12 (10526) time=258.407816189s
[ Info: iter=7450 obj=1.4190800089178127e6 pinf=0.0 (0) dinf=4.2126187990588623e12 (10526) time=258.786036678s
[ Info: iter=7451 obj=1.4190800089178127e6 pinf=0.0 (0) dinf=4.2126100176066387e12 (10525) time=259.157034367s
[ Info: iter=7452 obj=1.4190800089178127e6 pinf=0.0 (0) dinf=4.2126054098116523e12 (10526) time=259.538611069s
[ Info: iter=7453 obj=1.4190800089178127e6 pinf=0.0 (0) dinf=4.212613625664587e12 (10526) time=259.910208672s
[ Info: iter=7454 obj=1.4190800089178127e6 pinf=0.0 (0) dinf=4.212605409794754e12 (10525) time=260.279838174s
[ Info: iter=7455 obj=1.4190800089178127e6 pinf=0.0 (0) dinf=4.212605409793754e12 (10525) time=260.657621278s
[ Info: iter=7456 obj=1.4190800089178127e6 pinf=0.0 (0) dinf=4.212605409792754e12 (10525) time=261.02714588s
[ Info: iter=7457 obj=1.4190800089178127e6 pinf=0.0 (0) dinf=4.212595248885751e12 (10524) time=261.405944283s
[ Info: iter=7458 obj=1.4190800089178127e6 pinf=0.0 (0) dinf=4.212585087978746e12 (10523) time=261.779033486s
[ Info: iter=7459 obj=1.4190800089178127e6 pinf=0.0 (0) dinf=4.2125850879469814e12 (10521) time=262.152345589s
[ Info: iter=7460 obj=1.4190800089178127e6 pinf=0.0 (0) dinf=4.2125850879419614e12 (10519) time=262.525775792s
[ Info: iter=7461 obj=1.4190800089178127e6 pinf=0.0 (0) dinf=4.2125850879254116e12 (10517) time=262.902996495s
[ Info: iter=7462 obj=1.4190800089178127e6 pinf=0.0 (0) dinf=4.2125850879098823e12 (10515) time=263.281877899s
[ Info: iter=7463 obj=1.4190800089178127e6 pinf=0.0 (0) dinf=4.212798560506404e12 (10518) time=263.659051102s
[ Info: iter=7464 obj=1.4190800089178127e6 pinf=0.0 (0) dinf=4.2125820517167075e12 (10518) time=264.034405205s
[ Info: iter=7465 obj=1.4190800089178127e6 pinf=0.0 (0) dinf=4.212579298465773e12 (10521) time=264.411334108s
[ Info: iter=7466 obj=1.4190800089178127e6 pinf=0.0 (0) dinf=4.212838768975446e12 (10521) time=264.790786711s
[ Info: iter=7467 obj=1.4190800089137442e6 pinf=0.0 (0) dinf=4.214030687053762e12 (10523) time=265.167971014s
[ Info: iter=7468 obj=1.4190800089178127e6 pinf=0.0 (0) dinf=4.2128357465574717e12 (10526) time=265.540757117s
[ Info: iter=7469 obj=1.4190800089178127e6 pinf=0.0 (0) dinf=4.2125735061966094e12 (10526) time=265.91542242s
[ Info: iter=7470 obj=1.4190800089178127e6 pinf=0.0 (0) dinf=4.210141705559948e12 (10525) time=266.293881723s
[ Info: iter=7471 obj=1.4190800089178127e6 pinf=0.0 (0) dinf=4.210206374166718e12 (10525) time=266.675336326s
[ Info: iter=7472 obj=1.4190800089178127e6 pinf=0.0 (0) dinf=4.210142736597168e12 (10524) time=267.053965629s
[ Info: iter=7473 obj=1.4190800089178127e6 pinf=0.0 (0) dinf=4.210142588355725e12 (10523) time=267.434783726s
[ Info: iter=7474 obj=1.4190800089178127e6 pinf=0.0 (0) dinf=4.210142545616693e12 (10522) time=267.829048419s
[ Info: iter=7476 obj=1.4190800089178127e6 pinf=0.0 (0) dinf=4.2101425080295312e12 (10520) time=268.214814513s
[ Info: iter=7477 obj=1.4190800089178127e6 pinf=0.0 (0) dinf=4.210142495942117e12 (10517) time=268.616995506s
[ Info: iter=7478 obj=1.4190800089178127e6 pinf=0.0 (0) dinf=4.2101424947975703e12 (10517) time=269.022501699s
[ Info: iter=7479 obj=1.4190800089178127e6 pinf=0.0 (0) dinf=4.2101424904963433e12 (10517) time=269.433240492s
[ Info: iter=7480 obj=1.4190800089178127e6 pinf=0.0 (0) dinf=4.2101424929689155e12 (10519) time=269.846991085s
[ Info: iter=7481 obj=1.4190800089178127e6 pinf=0.0 (0) dinf=4.2101474871340283e12 (10515) time=270.297783178s
[ Info: iter=7482 obj=1.4190800089178127e6 pinf=0.0 (0) dinf=4.210150345011783e12 (10511) time=270.74989267s
[ Info: iter=7483 obj=1.4190800089178127e6 pinf=0.0 (0) dinf=4.2101532028895493e12 (10477) time=271.187609563s
[ Info: iter=7484 obj=1.4190800089178127e6 pinf=0.0 (0) dinf=4.2101548447267964e12 (10503) time=271.648817955s
[ Info: iter=7485 obj=1.4190800089178127e6 pinf=0.0 (0) dinf=4.2101569335411025e12 (10499) time=272.114607047s
[ Info: iter=7486 obj=1.4190800089178127e6 pinf=0.0 (0) dinf=4.210156841494619e12 (10500) time=272.620836038s
[ Info: iter=7487 obj=1.4190800089178127e6 pinf=0.0 (0) dinf=4.2101567459314785e12 (10499) time=273.09427013s
[ Info: iter=7488 obj=1.4190800089178286e6 pinf=0.0 (0) dinf=4.2101566367636753e12 (10489) time=273.561300122s
[ Info: iter=7489 obj=1.419080008917827e6 pinf=0.0 (0) dinf=4.2101581373802705e12 (10499) time=274.020870415s
[ Info: iter=7490 obj=1.419080008917827e6 pinf=0.0 (0) dinf=4.2101581373802705e12 (10498) time=274.476883907s
[ Info: iter=7491 obj=1.419080008917827e6 pinf=0.0 (0) dinf=4.210157883292994e12 (10498) time=274.926812199s
[ Info: iter=7492 obj=1.419080008917827e6 pinf=0.0 (0) dinf=4.2101578290648604e12 (10497) time=275.388749391s
[ Info: iter=7493 obj=1.419080008917827e6 pinf=0.0 (0) dinf=4.210157914608951e12 (10496) time=275.838341783s
[ Info: iter=7494 obj=1.419080008917827e6 pinf=0.0 (0) dinf=4.210157914353409e12 (10494) time=276.287630774s
[ Info: iter=7495 obj=1.419080008917827e6 pinf=0.0 (0) dinf=4.21015791306195e12 (10495) time=276.731960065s
[ Info: iter=7496 obj=1.419080008917827e6 pinf=0.0 (0) dinf=4.2101579137108447e12 (10494) time=277.182810757s
[ Info: iter=7497 obj=1.419080008917837e6 pinf=0.0 (0) dinf=4.2101583241640425e12 (10461) time=277.646636948s
[ Info: iter=7498 obj=1.4190800089178379e6 pinf=0.0 (0) dinf=4.210158006540721e12 (10460) time=278.098048939s
[ Info: iter=7499 obj=1.4190800089178379e6 pinf=0.0 (0) dinf=4.2101556238576255e12 (10458) time=278.55044183s
[ Info: iter=7500 obj=1.4190800089178386e6 pinf=0.0 (0) dinf=4.2101555609226973e12 (10457) time=279.000026022s
[ Info: iter=7501 obj=1.4190800089178393e6 pinf=0.0 (0) dinf=4.210155495201809e12 (10456) time=279.455479913s
[ Info: iter=7502 obj=1.4190800089178393e6 pinf=0.0 (0) dinf=4.210155579314182e12 (10460) time=279.905761504s
[ Info: iter=7503 obj=1.4190800089178393e6 pinf=0.0 (0) dinf=4.2101554169182466e12 (10458) time=280.346835596s
[ Info: iter=7504 obj=1.4190800089178393e6 pinf=0.0 (0) dinf=4.210155499732694e12 (10460) time=280.790879087s
[ Info: iter=7505 obj=1.4190800089178393e6 pinf=0.0 (0) dinf=4.2101555000897954e12 (10459) time=281.237416479s
[ Info: iter=7506 obj=1.4190800089178393e6 pinf=0.0 (0) dinf=4.210155336760106e12 (10457) time=281.668768871s
[ Info: iter=7507 obj=1.4190800089178393e6 pinf=0.0 (0) dinf=4.2101553416307974e12 (10458) time=282.124231362s
[ Info: iter=7508 obj=1.4190800089178393e6 pinf=0.0 (0) dinf=4.2101552725277944e12 (10457) time=282.569546853s
[ Info: iter=7509 obj=1.4190800089178393e6 pinf=0.0 (0) dinf=4.2101552643752563e12 (10457) time=283.007109345s
[ Info: iter=7510 obj=1.4190800089178395e6 pinf=0.0 (0) dinf=4.2101552691338584e12 (10458) time=283.447268743s
[ Info: iter=7511 obj=1.4190800089178395e6 pinf=0.0 (0) dinf=4.210155199919533e12 (10457) time=283.889456747s
[ Info: iter=7512 obj=1.4190800089178395e6 pinf=0.0 (0) dinf=4.2101551917669985e12 (10457) time=284.338547551s
[ Info: iter=7513 obj=1.4190800089178395e6 pinf=0.0 (0) dinf=4.2101551914637935e12 (10457) time=284.788390055s
[ Info: iter=7514 obj=1.4190800089178395e6 pinf=0.0 (0) dinf=4.2101551901875605e12 (10457) time=285.233999959s
[ Info: iter=7515 obj=1.4190800089178395e6 pinf=0.0 (0) dinf=4.2101551889301016e12 (10459) time=285.680409063s
[ Info: iter=7516 obj=1.4190800089178395e6 pinf=0.0 (0) dinf=4.2101551912692188e12 (10459) time=286.132386967s
[ Info: iter=7527 obj=1.4190800089178705e6 pinf=0.0 (0) dinf=9.505787398456627e12 (10471) time=286.656131571s
[ Info: iter=7528 obj=1.4190800089178705e6 pinf=0.0 (0) dinf=9.50578737464268e12 (10470) time=287.067509975s
[ Info: iter=7529 obj=1.4190800089178705e6 pinf=0.0 (0) dinf=9.505787374627846e12 (10470) time=287.484374979s
[ Info: iter=7530 obj=1.4190800089178705e6 pinf=0.0 (0) dinf=9.505759846961525e12 (10477) time=287.905903283s
[ Info: iter=7531 obj=1.4190800089178705e6 pinf=0.0 (0) dinf=9.505758567352582e12 (10475) time=288.328195386s
[ Info: iter=7532 obj=1.4190800089178705e6 pinf=0.0 (0) dinf=9.505779136006281e12 (10480) time=288.74963749s
[ Info: iter=7533 obj=1.4190800089178705e6 pinf=0.0 (0) dinf=9.50577912220714e12 (10479) time=289.172327794s
[ Info: iter=7534 obj=1.4190800089178705e6 pinf=0.0 (0) dinf=9.50577911100947e12 (10478) time=289.591960398s
[ Info: iter=7535 obj=1.4190800089178705e6 pinf=0.0 (0) dinf=9.505779111005686e12 (10477) time=290.010076401s
[ Info: iter=7536 obj=1.4190800089178705e6 pinf=0.0 (0) dinf=9.505781844211848e12 (10474) time=290.429733405s
[ Info: iter=7537 obj=1.4190800089178705e6 pinf=0.0 (0) dinf=9.505788204928031e12 (10474) time=290.851452609s
[ Info: iter=7538 obj=1.4190800089178705e6 pinf=0.0 (0) dinf=9.505804235403307e12 (10458) time=291.277672112s
[ Info: iter=7539 obj=1.4190800089178705e6 pinf=0.0 (0) dinf=9.505800981184826e12 (10463) time=291.706029506s
[ Info: iter=7540 obj=1.4190800089178705e6 pinf=0.0 (0) dinf=9.505800833607844e12 (10459) time=292.141251199s
[ Info: iter=7541 obj=1.4190800089178705e6 pinf=0.0 (0) dinf=9.505797774492066e12 (10464) time=292.574852592s
[ Info: iter=7542 obj=1.4190800089178705e6 pinf=0.0 (0) dinf=9.505797489058473e12 (10460) time=293.006874486s
[ Info: iter=7543 obj=1.4190800089178705e6 pinf=0.0 (0) dinf=9.505793724176137e12 (10464) time=293.442981379s
[ Info: iter=7544 obj=1.4190800089178705e6 pinf=0.0 (0) dinf=9.505793413190514e12 (10460) time=293.866160573s
[ Info: iter=7545 obj=1.4190800089178705e6 pinf=0.0 (0) dinf=9.505793345790818e12 (10459) time=294.297550866s
[ Info: iter=7546 obj=1.4190800089178705e6 pinf=0.0 (0) dinf=9.5058539474625e12 (10458) time=294.731066259s
[ Info: iter=7547 obj=1.4190800089178705e6 pinf=0.0 (0) dinf=9.505840652260018e12 (10457) time=295.163173653s
[ Info: iter=7548 obj=1.4190800089178705e6 pinf=0.0 (0) dinf=9.505840381959979e12 (10457) time=295.592184346s
[ Info: iter=7549 obj=1.4190800089178705e6 pinf=0.0 (0) dinf=9.505840244827148e12 (10457) time=296.02240744s
[ Info: iter=7550 obj=1.4190800089178705e6 pinf=0.0 (0) dinf=9.505831961326379e12 (10462) time=296.454851933s
[ Info: iter=7551 obj=1.4190800089178705e6 pinf=0.0 (0) dinf=9.50582367782561e12 (10467) time=296.888616826s
[ Info: iter=7552 obj=1.4190800089178705e6 pinf=0.0 (0) dinf=9.505823250340684e12 (10466) time=297.31311312s
[ Info: iter=7553 obj=1.4190800089178705e6 pinf=0.0 (0) dinf=9.505822287587918e12 (10466) time=297.744501613s
[ Info: iter=7554 obj=1.4190800089178705e6 pinf=0.0 (0) dinf=9.505821077763863e12 (10462) time=298.184375407s
[ Info: iter=7555 obj=1.4190800089178705e6 pinf=0.0 (0) dinf=9.505820795727164e12 (10461) time=298.6027252s
[ Info: iter=7556 obj=1.4190800089178705e6 pinf=0.0 (0) dinf=9.505820792612201e12 (10461) time=299.032405094s
[ Info: iter=7557 obj=1.4190800089178705e6 pinf=0.0 (0) dinf=9.505820769732781e12 (10458) time=299.462320384s
[ Info: iter=7558 obj=1.4190800089178705e6 pinf=0.0 (0) dinf=9.505820902342549e12 (10457) time=299.899014472s
[ Info: iter=7559 obj=1.4190800089178705e6 pinf=0.0 (0) dinf=9.50582026635013e12 (10456) time=300.353708359s
[ Info: iter=7560 obj=1.4190800089178705e6 pinf=0.0 (0) dinf=9.505821983247174e12 (10456) time=300.782295047s
[ Info: iter=7561 obj=1.4190800089179305e6 pinf=0.0 (0) dinf=9.505834970077936e12 (10459) time=301.212472334s
[ Info: iter=7562 obj=1.4190800089179305e6 pinf=0.0 (0) dinf=9.50582440421672e12 (10456) time=301.633879322s
[ Info: iter=7563 obj=1.41908000891802e6 pinf=0.0 (0) dinf=9.505833515149154e12 (10458) time=302.06996921s
[ Info: iter=7564 obj=1.419080008918095e6 pinf=0.0 (0) dinf=9.505832751126123e12 (10457) time=302.507884197s
[ Info: iter=7565 obj=1.419080008918095e6 pinf=0.0 (0) dinf=9.505835442814607e12 (10461) time=302.946934385s
[ Info: iter=7566 obj=1.419080008918095e6 pinf=0.0 (0) dinf=9.505830685183453e12 (10459) time=303.379623773s
[ Info: iter=7567 obj=1.419080008918095e6 pinf=0.0 (0) dinf=9.506156008528566e12 (10451) time=303.81184856s
[ Info: iter=7568 obj=1.419080008918095e6 pinf=0.0 (0) dinf=9.506155956283648e12 (10449) time=304.249971648s
[ Info: iter=7569 obj=1.419080008918095e6 pinf=0.0 (0) dinf=9.506155832325955e12 (10451) time=304.680953935s
[ Info: iter=7570 obj=1.419080008918095e6 pinf=0.0 (0) dinf=9.50615285992232e12 (10449) time=305.113655523s
[ Info: iter=7571 obj=1.419080008918095e6 pinf=0.0 (0) dinf=9.506096784372688e12 (10448) time=305.553552511s
[ Info: iter=7572 obj=1.419080008918095e6 pinf=0.0 (0) dinf=9.506034363218176e12 (10447) time=305.987039298s
[ Info: iter=7573 obj=1.419080008918093e6 pinf=0.0 (0) dinf=9.505989848423496e12 (10442) time=306.433074985s
[ Info: iter=7574 obj=1.419080008918093e6 pinf=0.0 (0) dinf=9.506210775197045e12 (10442) time=306.863417373s
[ Info: iter=7575 obj=1.419080008918093e6 pinf=0.0 (0) dinf=9.506210008916363e12 (10441) time=307.308466561s
[ Info: iter=7576 obj=1.419080008918093e6 pinf=0.0 (0) dinf=9.506208221353809e12 (10440) time=307.750714165s
[ Info: iter=7577 obj=1.4190800089181107e6 pinf=0.0 (0) dinf=9.506207176336973e12 (10439) time=308.188811168s
[ Info: iter=7578 obj=1.4190800089181107e6 pinf=0.0 (0) dinf=9.50620539165951e12 (10441) time=308.642358872s
[ Info: iter=7579 obj=1.4190800089181135e6 pinf=0.0 (0) dinf=9.506203726824062e12 (10444) time=309.095323376s
[ Info: iter=7580 obj=1.4190800089181135e6 pinf=0.0 (0) dinf=9.506203640196184e12 (10439) time=309.519861379s
[ Info: iter=7581 obj=1.4190800089181135e6 pinf=0.0 (0) dinf=9.506199561177873e12 (10436) time=309.956996082s
[ Info: iter=7582 obj=1.4190800089181135e6 pinf=0.0 (0) dinf=9.506199309556744e12 (10435) time=310.396133386s
[ Info: iter=7583 obj=1.4190800089176262e6 pinf=0.0 (0) dinf=9.50624020569253e12 (10432) time=310.854899589s
[ Info: iter=7584 obj=1.4190800089176262e6 pinf=0.0 (0) dinf=9.506239804730004e12 (10434) time=311.290203393s
[ Info: iter=7585 obj=1.4190800089176262e6 pinf=0.0 (0) dinf=9.506239076228387e12 (10434) time=311.729360196s
[ Info: iter=7586 obj=1.4190800089176262e6 pinf=0.0 (0) dinf=9.50623825062275e12 (10434) time=312.1743133s
[ Info: iter=7587 obj=1.4190800089176262e6 pinf=0.0 (0) dinf=9.506237333834705e12 (10434) time=312.630311804s
[ Info: iter=7588 obj=1.4190800089176262e6 pinf=0.0 (0) dinf=9.506237333834703e12 (10433) time=313.082662307s
[ Info: iter=7589 obj=1.4190800089176262e6 pinf=0.0 (0) dinf=9.506242409638555e12 (10432) time=313.526181011s
[ Info: iter=7590 obj=1.4190800089176262e6 pinf=0.0 (0) dinf=9.506238823291047e12 (10429) time=313.973900014s
[ Info: iter=7591 obj=1.4190800089178714e6 pinf=0.0 (0) dinf=9.50623882332482e12 (10430) time=314.432509818s
[ Info: iter=7592 obj=1.4190800089178714e6 pinf=0.0 (0) dinf=9.506238815063922e12 (10430) time=314.894661721s
[ Info: iter=7593 obj=1.4190800089178714e6 pinf=0.0 (0) dinf=9.50623880696024e12 (10430) time=315.360666824s
[ Info: iter=7594 obj=1.4190800089178714e6 pinf=0.0 (0) dinf=9.506239186299312e12 (10431) time=315.82679442s
[ Info: iter=7595 obj=1.4190800089178714e6 pinf=0.0 (0) dinf=9.506239549877207e12 (10432) time=316.292527216s
[ Info: iter=7596 obj=1.4190800089178714e6 pinf=0.0 (0) dinf=9.506239330017846e12 (10432) time=316.763165312s
[ Info: iter=7597 obj=1.4190800089178714e6 pinf=0.0 (0) dinf=9.506239310396547e12 (10432) time=317.228232708s
[ Info: iter=7598 obj=1.4190800089178714e6 pinf=0.0 (0) dinf=9.506239343387322e12 (10432) time=317.696261004s
[ Info: iter=7599 obj=1.4190800089178714e6 pinf=0.0 (0) dinf=9.506239127715236e12 (10432) time=318.1653797s
[ Info: iter=7600 obj=1.4190800089178714e6 pinf=0.0 (0) dinf=9.50623910727937e12 (10432) time=318.630931196s
[ Info: iter=7601 obj=1.4190800089178714e6 pinf=0.0 (0) dinf=9.506238278930545e12 (10431) time=319.094729091s
[ Info: iter=7602 obj=1.4190800089178714e6 pinf=0.0 (0) dinf=9.506238263915281e12 (10431) time=319.558121787s
[ Info: iter=7603 obj=1.4190800089178714e6 pinf=0.0 (0) dinf=9.50623859688775e12 (10431) time=320.032892283s
[ Info: iter=7604 obj=1.4190800089178714e6 pinf=0.0 (0) dinf=9.506238962378408e12 (10433) time=320.484089379s
[ Info: iter=7605 obj=1.4190800089178714e6 pinf=0.0 (0) dinf=9.50623869552146e12 (10432) time=320.950685175s
[ Info: iter=7606 obj=1.4190800089178714e6 pinf=0.0 (0) dinf=9.506239012259576e12 (10432) time=321.412949771s
[ Info: iter=7607 obj=1.4190800089178714e6 pinf=0.0 (0) dinf=9.506238742401326e12 (10429) time=321.871393067s
[ Info: iter=7608 obj=1.4190800089181107e6 pinf=0.0 (0) dinf=9.506198608545336e12 (10426) time=322.324127063s
[ Info: iter=7609 obj=1.4190800089181107e6 pinf=0.0 (0) dinf=9.50619835213135e12 (10424) time=322.780056759s
[ Info: iter=7610 obj=1.4190800089181107e6 pinf=0.0 (0) dinf=9.506198316473098e12 (10423) time=323.244277655s
[ Info: iter=7611 obj=1.4190800089181107e6 pinf=0.0 (0) dinf=9.506198058342703e12 (10423) time=323.700482339s
[ Info: iter=7612 obj=1.4190800089181107e6 pinf=0.0 (0) dinf=9.506198340316354e12 (10423) time=324.15075762s
[ Info: iter=7613 obj=1.4190800089181107e6 pinf=0.0 (0) dinf=9.506198324302732e12 (10423) time=324.604248601s
[ Info: iter=7614 obj=1.4190800089181107e6 pinf=0.0 (0) dinf=9.506198054296406e12 (10423) time=325.065120982s
[ Info: iter=7615 obj=1.4190800089181107e6 pinf=0.0 (0) dinf=9.5061980364671e12 (10422) time=325.520745963s
[ Info: iter=7616 obj=1.4190800089181112e6 pinf=0.0 (0) dinf=9.506238230810486e12 (10432) time=325.979272844s
[ Info: iter=7617 obj=1.4190800089181112e6 pinf=0.0 (0) dinf=9.50623841526336e12 (10433) time=326.438064224s
[ Info: iter=7618 obj=1.4190800089181112e6 pinf=0.0 (0) dinf=9.506238415377432e12 (10434) time=326.896267405s
[ Info: iter=7619 obj=1.4190800089181112e6 pinf=0.0 (0) dinf=9.50623841543028e12 (10436) time=327.349991986s
[ Info: iter=7620 obj=1.4190800089181112e6 pinf=0.0 (0) dinf=9.506238300058695e12 (10436) time=327.803180068s
[ Info: iter=7621 obj=1.4190800089181112e6 pinf=0.0 (0) dinf=9.506238287733959e12 (10436) time=328.262563648s
[ Info: iter=7622 obj=1.4190800089181112e6 pinf=0.0 (0) dinf=9.506238426369904e12 (10440) time=328.720453729s
[ Info: iter=7623 obj=1.4190800089181112e6 pinf=0.0 (0) dinf=9.50623829167864e12 (10436) time=329.18564131s
[ Info: iter=7624 obj=1.4190800089181112e6 pinf=0.0 (0) dinf=9.506238573651533e12 (10436) time=329.649706891s
[ Info: iter=7625 obj=1.4190800089181112e6 pinf=0.0 (0) dinf=9.506238302507152e12 (10436) time=330.096761272s
[ Info: iter=7626 obj=1.4190800089181112e6 pinf=0.0 (0) dinf=9.506238572771865e12 (10436) time=330.554373653s
[ Info: iter=7627 obj=1.4190800089181112e6 pinf=0.0 (0) dinf=9.5062383123997e12 (10436) time=331.023240333s
[ Info: iter=7628 obj=1.4190800089181112e6 pinf=0.0 (0) dinf=9.506238700400104e12 (10437) time=331.498822611s
[ Info: iter=7629 obj=1.4190800089181112e6 pinf=0.0 (0) dinf=9.506238440712385e12 (10437) time=331.961945883s
[ Info: iter=7630 obj=1.4190800089181112e6 pinf=0.0 (0) dinf=9.506238982898188e12 (10436) time=332.411722856s
[ Info: iter=7631 obj=1.4190800089181112e6 pinf=0.0 (0) dinf=9.506238835552146e12 (10439) time=332.883139728s
[ Info: iter=7632 obj=1.4190800089181028e6 pinf=0.0 (0) dinf=9.506952273182732e12 (10512) time=333.3479272s
[ Info: iter=7633 obj=1.4190800089181028e6 pinf=0.0 (0) dinf=9.506951997158592e12 (10510) time=333.730720777s
[ Info: iter=7634 obj=1.4190800089181028e6 pinf=0.0 (0) dinf=9.506951882838936e12 (10538) time=334.144985152s
[ Info: iter=7635 obj=1.4190800089181028e6 pinf=0.0 (0) dinf=9.506911242032059e12 (10534) time=334.563558727s
[ Info: iter=7636 obj=1.4190800089181028e6 pinf=0.0 (0) dinf=9.506911242033084e12 (10535) time=334.991136302s
[ Info: iter=7637 obj=1.4190800089181007e6 pinf=0.0 (0) dinf=9.506911144123477e12 (10505) time=335.406723477s
[ Info: iter=7638 obj=1.4190800089181007e6 pinf=0.0 (0) dinf=9.506870502058162e12 (10501) time=335.821068752s
[ Info: iter=7639 obj=1.4190800089181007e6 pinf=0.0 (0) dinf=9.506870471213662e12 (10500) time=336.248687027s
[ Info: iter=7640 obj=1.4190800089181007e6 pinf=0.0 (0) dinf=9.506870646253107e12 (10501) time=336.670421401s
[ Info: iter=7641 obj=1.4190800089181007e6 pinf=0.0 (0) dinf=9.50687066247801e12 (10504) time=337.098668376s
[ Info: iter=7642 obj=1.4190800089181007e6 pinf=0.0 (0) dinf=9.506870579186844e12 (10502) time=337.52915335s
[ Info: iter=7643 obj=1.4190800089181007e6 pinf=0.0 (0) dinf=9.506870754208902e12 (10502) time=337.948587225s
[ Info: iter=7644 obj=1.4190800089181028e6 pinf=0.0 (0) dinf=9.506870852113326e12 (10533) time=338.3684293s
[ Info: iter=7645 obj=1.4190800089181028e6 pinf=0.0 (0) dinf=9.506870823437963e12 (10535) time=338.802065974s
[ Info: iter=7646 obj=1.4190800089181028e6 pinf=0.0 (0) dinf=9.506870794762434e12 (10537) time=339.228607148s
[ Info: iter=7647 obj=1.4190800089181028e6 pinf=0.0 (0) dinf=9.506823600340043e12 (10537) time=339.665125942s
[ Info: iter=7648 obj=1.4190800089181028e6 pinf=0.0 (0) dinf=9.506823670728568e12 (10537) time=340.090203341s
PROGRESS iter=8000 refs=2701 pinf=0.0 working_objective=605519.5025273305
[ Info: iter=7649 obj=1.4190800089181028e6 pinf=0.0 (0) dinf=9.506823661446281e12 (10537) time=340.534104841s
[ Info: iter=7650 obj=1.4190800089181028e6 pinf=0.0 (0) dinf=9.506823729437816e12 (10537) time=340.982002141s
[ Info: iter=7651 obj=1.4190800089181028e6 pinf=0.0 (0) dinf=9.50682371332876e12 (10536) time=341.416302941s
[ Info: iter=7652 obj=1.4190800089181028e6 pinf=0.0 (0) dinf=9.506823713329068e12 (10537) time=341.848300541s
[ Info: iter=7653 obj=1.4190800089181028e6 pinf=0.0 (0) dinf=9.506820785494805e12 (10536) time=342.286534341s
[ Info: iter=7654 obj=1.4190800089181028e6 pinf=0.0 (0) dinf=9.506817269734607e12 (10535) time=342.72134994s
[ Info: iter=7655 obj=1.4190800089181028e6 pinf=0.0 (0) dinf=9.506817616606096e12 (10537) time=343.16182034s
[ Info: iter=7656 obj=1.4190800089181028e6 pinf=0.0 (0) dinf=9.50676891933251e12 (10531) time=343.60024214s
[ Info: iter=7657 obj=1.4190800089181028e6 pinf=0.0 (0) dinf=9.506768917730217e12 (10532) time=344.06067914s
[ Info: iter=7658 obj=1.4190800089181028e6 pinf=0.0 (0) dinf=9.506768916224229e12 (10532) time=344.52522514s
[ Info: iter=7659 obj=1.4190800089181028e6 pinf=0.0 (0) dinf=9.50676901084428e12 (10530) time=345.00180874s
[ Info: iter=7660 obj=1.419080008918101e6 pinf=0.0 (0) dinf=9.506768837410021e12 (10500) time=345.472830439s
[ Info: iter=7661 obj=1.419080008918101e6 pinf=0.0 (0) dinf=9.506768567728469e12 (10499) time=345.935604739s
[ Info: iter=7662 obj=1.419080008918101e6 pinf=0.0 (0) dinf=9.506768565593762e12 (10499) time=346.395408739s
[ Info: iter=7663 obj=1.419080008918101e6 pinf=0.0 (0) dinf=9.506768564372863e12 (10499) time=346.854359639s
[ Info: iter=7664 obj=1.419080008918101e6 pinf=0.0 (0) dinf=9.506768562808371e12 (10499) time=347.325605639s
[ Info: iter=7665 obj=1.419080008918101e6 pinf=0.0 (0) dinf=9.506768578791715e12 (10499) time=347.787939234s
[ Info: iter=7666 obj=1.419080008918101e6 pinf=0.0 (0) dinf=9.506768596485625e12 (10499) time=348.262254529s
[ Info: iter=7667 obj=1.419080008918101e6 pinf=0.0 (0) dinf=9.506768578304797e12 (10498) time=348.727577523s
[ Info: iter=7668 obj=1.419080008918101e6 pinf=0.0 (0) dinf=9.506768523762312e12 (10497) time=349.196451318s
[ Info: iter=7669 obj=1.419080008918101e6 pinf=0.0 (0) dinf=9.506768523762312e12 (10496) time=349.651672013s
[ Info: iter=7670 obj=1.419080008918101e6 pinf=0.0 (0) dinf=9.506768449898633e12 (10495) time=350.121936008s
[ Info: iter=7671 obj=1.419080008918101e6 pinf=0.0 (0) dinf=9.50676853755885e12 (10496) time=350.587299503s
[ Info: iter=7672 obj=1.419080008918101e6 pinf=0.0 (0) dinf=9.506768626643766e12 (10497) time=351.047307898s
[ Info: iter=7673 obj=1.419080008918101e6 pinf=0.0 (0) dinf=9.506768628269697e12 (10497) time=351.512637692s
[ Info: iter=7674 obj=1.419080008918101e6 pinf=0.0 (0) dinf=9.506768597426818e12 (10496) time=351.974622587s
[ Info: iter=7675 obj=1.4190800089181026e6 pinf=0.0 (0) dinf=9.506768681197613e12 (10500) time=352.446574582s
[ Info: iter=7676 obj=1.4190800089181026e6 pinf=0.0 (0) dinf=9.506768614828e12 (10499) time=352.923818977s
[ Info: iter=7677 obj=1.4190800089181026e6 pinf=0.0 (0) dinf=9.50676879227724e12 (10492) time=353.394269571s
[ Info: iter=7678 obj=1.4190800089181026e6 pinf=0.0 (0) dinf=9.506768792529129e12 (10493) time=353.864597166s
[ Info: iter=7679 obj=1.4190800089181026e6 pinf=0.0 (0) dinf=9.506768158739412e12 (10489) time=354.339100261s
[ Info: iter=7680 obj=1.4190800089181026e6 pinf=0.0 (0) dinf=9.506768091257092e12 (10486) time=354.805799256s
[ Info: iter=7681 obj=1.4190800089181026e6 pinf=0.0 (0) dinf=9.506767822253209e12 (10485) time=355.28199045s
[ Info: iter=7682 obj=1.4190800089181026e6 pinf=0.0 (0) dinf=9.506767458641145e12 (10481) time=355.739530338s
[ Info: iter=7683 obj=1.4190800089181026e6 pinf=0.0 (0) dinf=9.506766415001418e12 (10476) time=356.210546524s
[ Info: iter=7684 obj=1.4190800089181026e6 pinf=0.0 (0) dinf=9.506765316838674e12 (10511) time=356.68123551s
[ Info: iter=7685 obj=1.4190800089181026e6 pinf=0.0 (0) dinf=9.506765496554988e12 (10511) time=357.176343495s
[ Info: iter=7686 obj=1.4190800089181026e6 pinf=0.0 (0) dinf=9.506765450044863e12 (10508) time=357.643054681s
[ Info: iter=7687 obj=1.4190800089181026e6 pinf=0.0 (0) dinf=9.506767600297285e12 (10508) time=358.120555967s
[ Info: iter=7688 obj=1.4190800089181026e6 pinf=0.0 (0) dinf=9.506767578502727e12 (10508) time=358.592565453s
[ Info: iter=7689 obj=1.4190800089181024e6 pinf=0.0 (0) dinf=9.506767562964455e12 (10469) time=359.068530339s
[ Info: iter=7690 obj=1.4190800089181026e6 pinf=0.0 (0) dinf=9.50676752201426e12 (10507) time=359.545265124s
[ Info: iter=7691 obj=1.4190800089181026e6 pinf=0.0 (0) dinf=9.506768158898354e12 (10512) time=360.02195391s
[ Info: iter=7692 obj=1.4190800089181026e6 pinf=0.0 (0) dinf=9.506743483757871e12 (10506) time=360.497836296s
[ Info: iter=7693 obj=1.4190800089181026e6 pinf=0.0 (0) dinf=9.506743391430139e12 (10505) time=361.012551081s
[ Info: iter=7694 obj=1.4190800089181117e6 pinf=0.0 (0) dinf=9.506241650837578e12 (10423) time=361.502229166s
[ Info: iter=7695 obj=1.4190800089181026e6 pinf=0.0 (0) dinf=9.50671819490956e12 (10496) time=361.984251851s
[ Info: iter=7696 obj=1.4190800089181026e6 pinf=0.0 (0) dinf=9.50669363527752e12 (10455) time=362.464029237s
[ Info: iter=7697 obj=1.4190800089181026e6 pinf=0.0 (0) dinf=9.506669075640293e12 (10461) time=362.939117823s
[ Info: iter=7698 obj=1.419080008918102e6 pinf=0.0 (0) dinf=9.506669071303912e12 (10485) time=363.424827508s
[ Info: iter=7699 obj=1.419080008918102e6 pinf=0.0 (0) dinf=9.506657845571498e12 (10483) time=363.894930796s
[ Info: iter=7700 obj=1.4190800089181028e6 pinf=0.0 (0) dinf=9.50665195982744e12 (10456) time=364.366116484s
[ Info: iter=7701 obj=1.4190800089181028e6 pinf=0.0 (0) dinf=9.506640126172809e12 (10447) time=364.820976872s
[ Info: iter=7702 obj=1.419080008918102e6 pinf=0.0 (0) dinf=9.506621214231068e12 (10477) time=365.28635976s
[ Info: iter=7703 obj=1.4190800089181014e6 pinf=0.0 (0) dinf=9.506620638426375e12 (10473) time=365.748322248s
[ Info: iter=7704 obj=1.4190800089181014e6 pinf=0.0 (0) dinf=9.506620664362209e12 (10474) time=366.223151336s
[ Info: iter=7705 obj=1.419080008918106e6 pinf=0.0 (0) dinf=9.50660988347241e12 (10472) time=366.694561023s
[ Info: iter=7706 obj=1.419080008918106e6 pinf=0.0 (0) dinf=9.50661638441373e12 (10476) time=367.163530911s
[ Info: iter=7707 obj=1.419080008918106e6 pinf=0.0 (0) dinf=9.5065921460891e12 (10465) time=367.656064298s
[ Info: iter=7708 obj=1.419080008918106e6 pinf=0.0 (0) dinf=9.506577018790447e12 (10436) time=368.126310486s
[ Info: iter=7709 obj=1.419080008918106e6 pinf=0.0 (0) dinf=9.506567539961223e12 (10460) time=368.607522673s
[ Info: iter=7710 obj=1.4190800089181014e6 pinf=0.0 (0) dinf=9.506900776880902e12 (10427) time=369.070607961s
[ Info: iter=7711 obj=1.4190800089181268e6 pinf=0.0 (0) dinf=9.506810499620637e12 (10433) time=369.545966249s
[ Info: iter=7712 obj=1.4190800089181277e6 pinf=0.0 (0) dinf=9.506305203532662e12 (10427) time=370.011768737s
[ Info: iter=7713 obj=1.4190800089181277e6 pinf=0.0 (0) dinf=9.50629500221785e12 (10426) time=370.481499225s
[ Info: iter=7714 obj=1.4190800089181266e6 pinf=0.0 (0) dinf=9.506258058561816e12 (10404) time=370.946245613s
[ Info: iter=7715 obj=1.4190800089181266e6 pinf=0.0 (0) dinf=9.506258216367193e12 (10404) time=371.4247751s
[ Info: iter=7716 obj=1.4190800089181266e6 pinf=0.0 (0) dinf=9.506258085444477e12 (10404) time=371.897712786s
[ Info: iter=7717 obj=1.4190800089181266e6 pinf=0.0 (0) dinf=9.506258357134904e12 (10405) time=372.371813873s
[ Info: iter=7718 obj=1.4190800089181266e6 pinf=0.0 (0) dinf=9.506258093989195e12 (10405) time=372.844340859s
[ Info: iter=7719 obj=1.4190800089181266e6 pinf=0.0 (0) dinf=9.50625887581809e12 (10401) time=373.309657346s
[ Info: iter=7720 obj=1.4190800089181266e6 pinf=0.0 (0) dinf=9.506258878661598e12 (10402) time=373.775201532s
[ Info: iter=7721 obj=1.4190800089181266e6 pinf=0.0 (0) dinf=9.506259015772459e12 (10402) time=374.247855018s
[ Info: iter=7722 obj=1.4190800089181266e6 pinf=0.0 (0) dinf=9.506258883063094e12 (10402) time=374.720340805s
[ Info: iter=7723 obj=1.4190800089181382e6 pinf=0.0 (0) dinf=9.510512375797777e12 (10400) time=375.181343291s
[ Info: iter=7724 obj=1.4190800089181382e6 pinf=0.0 (0) dinf=9.510507924096188e12 (10393) time=375.654837878s
[ Info: iter=7725 obj=1.4190800089181382e6 pinf=0.0 (0) dinf=9.510503472394586e12 (10398) time=376.120157064s
[ Info: iter=7726 obj=1.4190800089181382e6 pinf=0.0 (0) dinf=9.510509220815258e12 (10395) time=376.585658251s
[ Info: iter=7727 obj=1.4190800089181382e6 pinf=0.0 (0) dinf=9.510509222271646e12 (10394) time=377.051238137s
[ Info: iter=7728 obj=1.4190800089181382e6 pinf=0.0 (0) dinf=9.510511814349137e12 (10394) time=377.552779423s
[ Info: iter=7729 obj=1.4190800089181382e6 pinf=0.0 (0) dinf=9.510511995222906e12 (10394) time=378.061234308s
[ Info: iter=7730 obj=1.4190800089181354e6 pinf=0.0 (0) dinf=9.510512047102107e12 (10393) time=378.547445694s
[ Info: iter=7731 obj=1.4190800089181382e6 pinf=0.0 (0) dinf=9.510511814314613e12 (10390) time=379.019778081s
[ Info: iter=7732 obj=1.4190800089181382e6 pinf=0.0 (0) dinf=9.510511826298008e12 (10391) time=379.512199066s
[ Info: iter=7744 obj=1.4190800089230298e6 pinf=0.0 (0) dinf=6.875524124627865e9 (10530) time=380.054981445s
[ Info: iter=7748 obj=1.4190800089065607e6 pinf=0.0 (0) dinf=9.402756919922981e9 (10534) time=380.170154141s
[ Info: iter=7749 obj=1.4190800089065607e6 pinf=0.0 (0) dinf=9.390130794433502e9 (10532) time=380.228130239s
[ Info: iter=7750 obj=1.4190800089065607e6 pinf=0.0 (0) dinf=9.390130785294527e9 (10531) time=380.284753737s
[ Info: iter=7751 obj=1.4190800089065607e6 pinf=0.0 (0) dinf=9.390130776055552e9 (10530) time=380.340557135s
[ Info: iter=7752 obj=1.4190800089065607e6 pinf=0.0 (0) dinf=9.390131066719746e9 (10530) time=380.398664032s
[ Info: iter=7753 obj=1.4190800089065286e6 pinf=0.0 (0) dinf=9.389368012374174e9 (10528) time=380.45595123s
[ Info: iter=7754 obj=1.4190800089065286e6 pinf=0.0 (0) dinf=9.38299340734647e9 (10526) time=380.513270328s
[ Info: iter=7755 obj=1.4190800089065286e6 pinf=0.0 (0) dinf=9.382992824541914e9 (10526) time=380.575666126s
[ Info: iter=7756 obj=1.4190800089065286e6 pinf=0.0 (0) dinf=9.383013832310545e9 (10527) time=380.637950123s
[ Info: iter=7757 obj=1.4190800089065286e6 pinf=0.0 (0) dinf=9.382919596693352e9 (10524) time=380.699803121s
[ Info: iter=7758 obj=1.419080008906528e6 pinf=0.0 (0) dinf=9.95948724709789e9 (10626) time=380.758188119s
[ Info: iter=7759 obj=1.4190800089065253e6 pinf=0.0 (0) dinf=9.959453147585098e9 (10625) time=380.815692517s
[ Info: iter=7760 obj=1.4190800089065253e6 pinf=0.0 (0) dinf=9.959536672431032e9 (10630) time=380.872496715s
[ Info: iter=7761 obj=1.4190800088714003e6 pinf=0.0 (0) dinf=2.6199666719508114e10 (10630) time=380.931601612s
[ Info: iter=7762 obj=1.4190800088626866e6 pinf=0.0 (0) dinf=2.6197116658302788e10 (10607) time=380.99123121s
[ Info: iter=7763 obj=1.4190800088626866e6 pinf=0.0 (0) dinf=2.6197113811759827e10 (10604) time=381.048920408s
[ Info: iter=7764 obj=1.4190800088626866e6 pinf=0.0 (0) dinf=2.6197114519826336e10 (10605) time=381.106360906s
[ Info: iter=7765 obj=1.4190800088626866e6 pinf=0.0 (0) dinf=2.6197115227845722e10 (10606) time=381.166876504s
[ Info: iter=7766 obj=1.4190800088626866e6 pinf=0.0 (0) dinf=2.6197115935835873e10 (10607) time=381.225135101s
[ Info: iter=7767 obj=1.4190800088626866e6 pinf=0.0 (0) dinf=2.619711321635784e10 (10603) time=381.283087099s
[ Info: iter=7768 obj=1.4190800088760708e6 pinf=0.0 (0) dinf=2.0256724193847996e10 (10572) time=381.340672897s
[ Info: iter=7769 obj=1.4190800088760708e6 pinf=0.0 (0) dinf=2.0255971806161575e10 (10570) time=381.402330995s
[ Info: iter=7770 obj=1.4190800088760708e6 pinf=0.0 (0) dinf=2.0255880707310543e10 (10568) time=381.459343393s
[ Info: iter=7771 obj=1.4190800088729253e6 pinf=0.0 (0) dinf=2.2306479134834522e10 (10515) time=381.51911309s
[ Info: iter=7786 obj=1.4190800088898097e6 pinf=0.0 (0) dinf=5.425895113200052e11 (10481) time=381.674285685s
[ Info: iter=7787 obj=1.4190800088898095e6 pinf=0.0 (0) dinf=5.4260186815126215e11 (10480) time=381.742270682s
[ Info: iter=7788 obj=1.4190800088169938e6 pinf=0.0 (0) dinf=5.4889310057980005e11 (10503) time=381.80032038s
[ Info: iter=7789 obj=1.4190800088169938e6 pinf=0.0 (0) dinf=5.488059891161886e11 (10503) time=381.858280778s
[ Info: iter=7799 obj=1.4190800088169952e6 pinf=0.0 (0) dinf=5.746318207321714e11 (10498) time=382.091716869s
[ Info: iter=7800 obj=1.4190800088169952e6 pinf=0.0 (0) dinf=5.741580919351918e11 (10497) time=382.176788766s
[ Info: iter=7801 obj=1.4190800088169952e6 pinf=0.0 (0) dinf=5.736843631383859e11 (10496) time=382.268444162s
[ Info: iter=7803 obj=1.4190800088169933e6 pinf=0.0 (0) dinf=6.372207751472435e11 (10504) time=382.368613259s
[ Info: iter=7804 obj=1.4190800088169933e6 pinf=0.0 (0) dinf=6.366618257580345e11 (10502) time=382.451647356s
[ Info: iter=7805 obj=1.4190800088169943e6 pinf=0.0 (0) dinf=6.361028763347458e11 (10500) time=382.533316353s
[ Info: iter=7806 obj=1.4190800088169947e6 pinf=0.0 (0) dinf=6.355439269004149e11 (10498) time=382.617603849s
[ Info: iter=7807 obj=1.419080008796826e6 pinf=0.0 (0) dinf=6.349849775114757e11 (10486) time=382.699903646s
[ Info: iter=7808 obj=1.419080008796827e6 pinf=0.0 (0) dinf=6.344260280852633e11 (10490) time=382.784368943s
[ Info: iter=7809 obj=1.4190800087968248e6 pinf=0.0 (0) dinf=6.34352668307565e11 (10489) time=382.87288834s
[ Info: iter=7810 obj=1.419080008796826e6 pinf=0.0 (0) dinf=6.34376355164797e11 (10483) time=382.961548337s
[ Info: iter=7811 obj=1.419080008796826e6 pinf=0.0 (0) dinf=6.344924293052373e11 (10487) time=383.049022733s
[ Info: iter=7812 obj=1.4190800087968237e6 pinf=0.0 (0) dinf=6.342940277138815e11 (10493) time=383.13834133s
[ Info: iter=7813 obj=1.419080008796825e6 pinf=0.0 (0) dinf=6.341895313046873e11 (10501) time=383.226692627s
[ Info: iter=7814 obj=1.419080008796825e6 pinf=0.0 (0) dinf=6.340933432369026e11 (10501) time=383.317532923s
[ Info: iter=7815 obj=1.4190800087968241e6 pinf=0.0 (0) dinf=6.582351082422329e11 (10475) time=383.40378162s
[ Info: iter=7816 obj=1.4190800087968241e6 pinf=0.0 (0) dinf=6.583543898346483e11 (10480) time=383.488996617s
[ Info: iter=7817 obj=1.4190800087968265e6 pinf=0.0 (0) dinf=6.582361563801958e11 (10498) time=383.582334213s
[ Info: iter=7818 obj=1.4190800087968274e6 pinf=0.0 (0) dinf=6.581179229293098e11 (10480) time=383.67215641s
[ Info: iter=7819 obj=1.419080008796828e6 pinf=0.0 (0) dinf=6.579996894737628e11 (10481) time=383.773768506s
[ Info: iter=7820 obj=1.4190800087968237e6 pinf=0.0 (0) dinf=6.570482436949933e11 (10496) time=383.867970603s
[ Info: iter=7821 obj=1.4190800087968232e6 pinf=0.0 (0) dinf=6.570419917786127e11 (10486) time=383.957710799s
[ Info: iter=7822 obj=1.4190800087968232e6 pinf=0.0 (0) dinf=6.569973697992701e11 (10486) time=384.051023796s
[ Info: iter=7823 obj=1.4190800087968232e6 pinf=0.0 (0) dinf=6.569527478199276e11 (10486) time=384.141662392s
[ Info: iter=7824 obj=1.4190800087968232e6 pinf=0.0 (0) dinf=6.569167069904454e11 (10486) time=384.234320589s
[ Info: iter=7825 obj=1.4190800087968232e6 pinf=0.0 (0) dinf=6.569162677385374e11 (10486) time=384.326930185s
[ Info: iter=7826 obj=1.4190800087968232e6 pinf=0.0 (0) dinf=6.568907621085222e11 (10486) time=384.417674082s
[ Info: iter=7827 obj=1.4190800087968232e6 pinf=0.0 (0) dinf=6.568904581224653e11 (10486) time=384.509884879s
[ Info: iter=7828 obj=1.4190800087968232e6 pinf=0.0 (0) dinf=6.568898669016927e11 (10486) time=384.598073875s
[ Info: iter=7829 obj=1.4190800087968232e6 pinf=0.0 (0) dinf=6.568898214404764e11 (10486) time=384.687336872s
[ Info: iter=7830 obj=1.4190800087968232e6 pinf=0.0 (0) dinf=6.567485845820181e11 (10488) time=384.774547469s
[ Info: iter=7831 obj=1.4190800087968232e6 pinf=0.0 (0) dinf=6.566084757435137e11 (10488) time=384.866184365s
[ Info: iter=7832 obj=1.4190800087968232e6 pinf=0.0 (0) dinf=6.566509498811492e11 (10487) time=384.955845062s
[ Info: iter=7833 obj=1.419080008796825e6 pinf=0.0 (0) dinf=6.566049419456981e11 (10468) time=385.044226759s
[ Info: iter=7834 obj=1.419080008796825e6 pinf=0.0 (0) dinf=6.565577214850092e11 (10472) time=385.131606455s
[ Info: iter=7835 obj=1.419080008796825e6 pinf=0.0 (0) dinf=6.565492328715287e11 (10468) time=385.219365052s
[ Info: iter=7837 obj=1.4190800087968244e6 pinf=0.0 (0) dinf=6.56548197833497e11 (10495) time=385.312297149s
[ Info: iter=7838 obj=1.4190800087968244e6 pinf=0.0 (0) dinf=6.565192370049337e11 (10494) time=385.399439845s
[ Info: iter=7839 obj=1.4190800087968244e6 pinf=0.0 (0) dinf=6.564948395041552e11 (10496) time=385.488011342s
[ Info: iter=7840 obj=1.4190800087968244e6 pinf=0.0 (0) dinf=6.564710724435392e11 (10491) time=385.576299839s
[ Info: iter=7841 obj=1.4190800087968244e6 pinf=0.0 (0) dinf=6.56455986491172e11 (10488) time=385.669118935s
[ Info: iter=7842 obj=1.4190800087968244e6 pinf=0.0 (0) dinf=6.564545160386957e11 (10487) time=385.760725832s
[ Info: iter=7843 obj=1.4190800087968244e6 pinf=0.0 (0) dinf=6.564556166967391e11 (10487) time=385.862451228s
[ Info: iter=7844 obj=1.4190800087968244e6 pinf=0.0 (0) dinf=6.564539253598107e11 (10485) time=385.956782625s
[ Info: iter=7845 obj=1.4190800087968244e6 pinf=0.0 (0) dinf=6.564520139215011e11 (10484) time=386.055320621s
[ Info: iter=7847 obj=1.4190800087968244e6 pinf=0.0 (0) dinf=6.564492773398203e11 (10480) time=386.163667217s
[ Info: iter=7848 obj=1.4190800087968244e6 pinf=0.0 (0) dinf=6.564589448358414e11 (10482) time=386.253327713s
[ Info: iter=7849 obj=1.4190800087968244e6 pinf=0.0 (0) dinf=6.567392646238137e11 (10481) time=386.34608331s
[ Info: iter=7850 obj=1.4190800087968232e6 pinf=0.0 (0) dinf=6.573425257153578e11 (10469) time=386.440143506s
[ Info: iter=7851 obj=1.4190800087968265e6 pinf=0.0 (0) dinf=6.576486876504034e11 (10475) time=386.533252403s
[ Info: iter=7852 obj=1.4190800087968232e6 pinf=0.0 (0) dinf=6.573396956274237e11 (10466) time=386.6198622s
[ Info: iter=7853 obj=1.4190800087968232e6 pinf=0.0 (0) dinf=6.573449684076964e11 (10466) time=386.710479396s
[ Info: iter=7854 obj=1.4190800087968232e6 pinf=0.0 (0) dinf=6.573434998476959e11 (10466) time=386.801980693s
[ Info: iter=7855 obj=1.4190800087968232e6 pinf=0.0 (0) dinf=6.573427583079528e11 (10466) time=386.897162489s
[ Info: iter=7856 obj=1.419080008796826e6 pinf=0.0 (0) dinf=6.573477847816783e11 (10474) time=386.991457086s
[ Info: iter=7857 obj=1.419080008796826e6 pinf=0.0 (0) dinf=6.573457741421843e11 (10472) time=387.082738482s
[ Info: iter=7858 obj=1.419080008796826e6 pinf=0.0 (0) dinf=6.57347209984092e11 (10473) time=387.174643179s
[ Info: iter=7859 obj=1.419080008796826e6 pinf=0.0 (0) dinf=6.573283214522832e11 (10469) time=387.270206875s
[ Info: iter=7860 obj=1.419080008796826e6 pinf=0.0 (0) dinf=6.576146204033108e11 (10471) time=387.362217672s
[ Info: iter=7861 obj=1.4190800087968255e6 pinf=0.0 (0) dinf=6.569629557269183e11 (10487) time=387.45315447s
[ Info: iter=7862 obj=1.4190800087968255e6 pinf=0.0 (0) dinf=6.569042182376594e11 (10481) time=387.54300557s
[ Info: iter=7863 obj=1.4190800087968255e6 pinf=0.0 (0) dinf=6.5690331481975e11 (10480) time=387.63654037s
[ Info: iter=7864 obj=1.4190800087968255e6 pinf=0.0 (0) dinf=6.569069051545013e11 (10484) time=387.72951277s
[ Info: iter=7865 obj=1.4190800087968255e6 pinf=0.0 (0) dinf=6.569061629770862e11 (10483) time=387.82973967s
[ Info: iter=7866 obj=1.4190800087968255e6 pinf=0.0 (0) dinf=6.569001739928223e11 (10482) time=387.92152037s
[ Info: iter=7867 obj=1.4190800087968279e6 pinf=0.0 (0) dinf=6.568200978940875e11 (10488) time=388.015567071s
[ Info: iter=7868 obj=1.4190800087968255e6 pinf=0.0 (0) dinf=6.567801220532708e11 (10487) time=388.105634471s
[ Info: iter=7869 obj=1.4190800087968255e6 pinf=0.0 (0) dinf=6.567801220532708e11 (10486) time=388.199132371s
[ Info: iter=7870 obj=1.4190800087968255e6 pinf=0.0 (0) dinf=6.567781115384281e11 (10485) time=388.291350571s
[ Info: iter=7871 obj=1.4190800087968255e6 pinf=0.0 (0) dinf=6.567833043491823e11 (10490) time=388.382712471s
[ Info: iter=7872 obj=1.4190800087968255e6 pinf=0.0 (0) dinf=6.56781476930986e11 (10489) time=388.475868271s
[ Info: iter=7873 obj=1.4190800087968255e6 pinf=0.0 (0) dinf=6.567801221742117e11 (10488) time=388.576137771s
[ Info: iter=7874 obj=1.4190800087968255e6 pinf=0.0 (0) dinf=6.567781115376328e11 (10485) time=388.667760872s
[ Info: iter=7875 obj=1.4190800087968216e6 pinf=0.0 (0) dinf=6.574289290057682e11 (10475) time=388.758209572s
[ Info: iter=7876 obj=1.4190800087968248e6 pinf=0.0 (0) dinf=6.57337288402756e11 (10475) time=388.851729872s
[ Info: iter=7877 obj=1.4190800087968262e6 pinf=0.0 (0) dinf=6.589847513035481e11 (10512) time=388.944831972s
[ Info: iter=7878 obj=1.4190800087968283e6 pinf=0.0 (0) dinf=6.57840804930716e11 (10490) time=389.036547072s
[ Info: iter=7879 obj=1.419080008796826e6 pinf=0.0 (0) dinf=6.576103909434755e11 (10476) time=389.129135372s
[ Info: iter=7880 obj=1.4190800087968262e6 pinf=0.0 (0) dinf=6.579001244500255e11 (10481) time=389.225921372s
[ Info: iter=7881 obj=1.4190800087968283e6 pinf=0.0 (0) dinf=6.581067716481584e11 (10474) time=389.319074372s
[ Info: iter=7882 obj=1.4190800087968283e6 pinf=0.0 (0) dinf=6.5810677164649e11 (10474) time=389.412656873s
[ Info: iter=7883 obj=1.4190800087968283e6 pinf=0.0 (0) dinf=6.581058144184517e11 (10473) time=389.503797273s
[ Info: iter=7884 obj=1.4190800087968283e6 pinf=0.0 (0) dinf=6.581058144167832e11 (10473) time=389.621748373s
[ Info: iter=7885 obj=1.4190800087968283e6 pinf=0.0 (0) dinf=6.583202550407631e11 (10500) time=389.713861273s
[ Info: iter=7886 obj=1.4190800087968283e6 pinf=0.0 (0) dinf=6.583188189590911e11 (10499) time=389.806868173s
[ Info: iter=7887 obj=1.4190800087968283e6 pinf=0.0 (0) dinf=6.583115632334863e11 (10497) time=389.909616473s
[ Info: iter=7888 obj=1.4190800087968283e6 pinf=0.0 (0) dinf=6.583135483646802e11 (10499) time=390.002530773s
[ Info: iter=7889 obj=1.4190800087968283e6 pinf=0.0 (0) dinf=6.5635438641178e11 (10495) time=390.104527074s
[ Info: iter=7890 obj=1.4190800087968283e6 pinf=0.0 (0) dinf=6.547121490538105e11 (10493) time=390.206792674s
[ Info: iter=7891 obj=1.4190800087968283e6 pinf=0.0 (0) dinf=6.528174165574702e11 (10489) time=390.308182074s
[ Info: iter=7892 obj=1.4190800087968283e6 pinf=0.0 (0) dinf=6.513401230237812e11 (10487) time=390.410975174s
[ Info: iter=7893 obj=1.4190800087968283e6 pinf=0.0 (0) dinf=6.498628294928286e11 (10485) time=390.514367774s
[ Info: iter=7894 obj=1.4190800087968283e6 pinf=0.0 (0) dinf=6.48437873901936e11 (10483) time=390.613975174s
[ Info: iter=7895 obj=1.4190800087968283e6 pinf=0.0 (0) dinf=6.47012918311044e11 (10481) time=390.714396374s
[ Info: iter=7896 obj=1.419080008796827e6 pinf=0.0 (0) dinf=6.476660496882303e11 (10484) time=390.822647875s
[ Info: iter=7897 obj=1.419080008796827e6 pinf=0.0 (0) dinf=6.469784979652161e11 (10482) time=390.937332475s
[ Info: iter=7898 obj=1.419080008796827e6 pinf=0.0 (0) dinf=6.462909460694775e11 (10480) time=391.052216475s
[ Info: iter=7899 obj=1.419080008796827e6 pinf=0.0 (0) dinf=6.458934604884202e11 (10478) time=391.168392375s
[ Info: iter=7900 obj=1.419080008796827e6 pinf=0.0 (0) dinf=6.457137711165199e11 (10474) time=391.285729875s
[ Info: iter=7901 obj=1.419080008796827e6 pinf=0.0 (0) dinf=6.456709108060535e11 (10470) time=391.406270875s
[ Info: iter=7902 obj=1.419080008796827e6 pinf=0.0 (0) dinf=6.456280459773944e11 (10468) time=391.523069976s
[ Info: iter=7904 obj=1.419080008796823e6 pinf=0.0 (0) dinf=6.443548711671018e11 (10455) time=391.652636176s
[ Info: iter=7905 obj=1.419080008796823e6 pinf=0.0 (0) dinf=6.441240578159695e11 (10454) time=391.781436676s
[ Info: iter=7906 obj=1.419080008796823e6 pinf=0.0 (0) dinf=6.438932444648372e11 (10453) time=391.915441676s
[ Info: iter=7907 obj=1.4190800087968244e6 pinf=0.0 (0) dinf=6.438912338049779e11 (10446) time=392.064049976s
[ Info: iter=7908 obj=1.4190800087968244e6 pinf=0.0 (0) dinf=6.4389254310823e11 (10446) time=392.209172676s
[ Info: iter=7909 obj=1.4190800087968244e6 pinf=0.0 (0) dinf=6.438912693321377e11 (10446) time=392.354870477s
[ Info: iter=7910 obj=1.419080008796825e6 pinf=0.0 (0) dinf=7.236611501800939e11 (10455) time=392.499841477s
[ Info: iter=7911 obj=1.419080008796825e6 pinf=0.0 (0) dinf=7.233203524354833e11 (10456) time=392.646366877s
[ Info: iter=7912 obj=1.419080008796825e6 pinf=0.0 (0) dinf=7.232584078335706e11 (10454) time=392.798477677s
[ Info: iter=7913 obj=1.419080008796825e6 pinf=0.0 (0) dinf=7.232439804106089e11 (10452) time=392.950690178s
[ Info: iter=7914 obj=1.419080008796825e6 pinf=0.0 (0) dinf=7.232479527846044e11 (10453) time=393.094447178s
[ Info: iter=7915 obj=1.419080008796825e6 pinf=0.0 (0) dinf=7.23240134615902e11 (10450) time=393.239613978s
[ Info: iter=7916 obj=1.419080008796825e6 pinf=0.0 (0) dinf=7.221568015088904e11 (10419) time=393.406704678s
[ Info: iter=7917 obj=1.419080008796825e6 pinf=0.0 (0) dinf=7.217799233758196e11 (10420) time=393.571932478s
[ Info: iter=7918 obj=1.419080008796825e6 pinf=0.0 (0) dinf=7.217799341573186e11 (10421) time=393.744027779s
[ Info: iter=7919 obj=1.419080008796825e6 pinf=0.0 (0) dinf=7.217809916694744e11 (10422) time=393.926592979s
[ Info: iter=7920 obj=1.419080008796825e6 pinf=0.0 (0) dinf=7.217826395920638e11 (10426) time=394.102881879s
[ Info: iter=7921 obj=1.419080008796825e6 pinf=0.0 (0) dinf=7.21781935308979e11 (10425) time=394.278459379s
[ Info: iter=7922 obj=1.419080008796825e6 pinf=0.0 (0) dinf=7.217805420462126e11 (10423) time=394.44968468s
[ Info: iter=7923 obj=1.419080008796825e6 pinf=0.0 (0) dinf=7.217784036099417e11 (10423) time=394.62235368s
[ Info: iter=7924 obj=1.419080008796825e6 pinf=0.0 (0) dinf=7.21778403607969e11 (10423) time=394.80470798s
[ Info: iter=7925 obj=1.419080008796825e6 pinf=0.0 (0) dinf=7.217784036059341e11 (10421) time=394.97938788s
[ Info: iter=7926 obj=1.419080008796825e6 pinf=0.0 (0) dinf=7.214802412396667e11 (10422) time=395.151941081s
[ Info: iter=7927 obj=1.419080008796825e6 pinf=0.0 (0) dinf=7.214802412288203e11 (10420) time=395.326900181s
[ Info: iter=7928 obj=1.419080008796825e6 pinf=0.0 (0) dinf=7.213989428099976e11 (10416) time=395.503710781s
[ Info: iter=7929 obj=1.419080008796825e6 pinf=0.0 (0) dinf=7.2139039503454e11 (10415) time=395.676966181s
[ Info: iter=7930 obj=1.419080008796825e6 pinf=0.0 (0) dinf=7.213989428045422e11 (10414) time=395.848407982s
[ Info: iter=7931 obj=1.419080008796825e6 pinf=0.0 (0) dinf=7.211973342802786e11 (10421) time=396.027817682s
[ Info: iter=7932 obj=1.419080008796825e6 pinf=0.0 (0) dinf=7.20239019291553e11 (10418) time=396.208736682s
[ Info: iter=7933 obj=1.419080008796825e6 pinf=0.0 (0) dinf=7.197493931916086e11 (10421) time=396.386155482s
[ Info: iter=7934 obj=1.419080008796825e6 pinf=0.0 (0) dinf=7.184784601059474e11 (10421) time=396.566444983s
[ Info: iter=7935 obj=1.419080008796825e6 pinf=0.0 (0) dinf=7.180670425339092e11 (10418) time=396.752887183s
[ Info: iter=7936 obj=1.419080008796825e6 pinf=0.0 (0) dinf=7.180667769572952e11 (10418) time=396.942820883s
[ Info: iter=7937 obj=1.419080008796825e6 pinf=0.0 (0) dinf=7.184784601059443e11 (10417) time=397.136732284s
[ Info: iter=7938 obj=1.419080008796825e6 pinf=0.0 (0) dinf=7.180915705349968e11 (10417) time=397.330353984s
[ Info: iter=7939 obj=1.419080008796825e6 pinf=0.0 (0) dinf=7.180810276642439e11 (10417) time=397.519428384s
[ Info: iter=7940 obj=1.419080008796825e6 pinf=0.0 (0) dinf=7.180810276642439e11 (10417) time=397.706642285s
[ Info: iter=7941 obj=1.419080008796825e6 pinf=0.0 (0) dinf=7.184784601059443e11 (10416) time=397.901488585s
[ Info: iter=7942 obj=1.419080008796825e6 pinf=0.0 (0) dinf=7.180915705012379e11 (10417) time=398.097919585s
[ Info: iter=7943 obj=1.419080008796825e6 pinf=0.0 (0) dinf=7.180203098987717e11 (10416) time=398.294156285s
[ Info: iter=7944 obj=1.419080008796825e6 pinf=0.0 (0) dinf=7.176556196444863e11 (10415) time=398.489534486s
[ Info: iter=7945 obj=1.419080008796825e6 pinf=0.0 (0) dinf=7.176558552026045e11 (10415) time=398.556682286s
[ Info: iter=7946 obj=1.419080008796825e6 pinf=0.0 (0) dinf=7.176560907606138e11 (10415) time=398.705591786s
[ Info: iter=7947 obj=1.419080008796825e6 pinf=0.0 (0) dinf=7.172202865750906e11 (10417) time=398.892722086s
[ Info: iter=7948 obj=1.419080008796825e6 pinf=0.0 (0) dinf=7.172195798578696e11 (10415) time=399.086421687s
[ Info: iter=7949 obj=1.419080008796825e6 pinf=0.0 (0) dinf=7.172195798578729e11 (10417) time=399.281771787s
[ Info: iter=7950 obj=1.419080008796825e6 pinf=0.0 (0) dinf=7.167830689510555e11 (10414) time=399.476768587s
[ Info: iter=7951 obj=1.419080008796825e6 pinf=0.0 (0) dinf=7.16347555046334e11 (10411) time=399.670250188s
[ Info: iter=7952 obj=1.419080008796825e6 pinf=0.0 (0) dinf=7.167831215213467e11 (10413) time=399.734935788s
[ Info: iter=7953 obj=1.419080008796825e6 pinf=0.0 (0) dinf=7.167831215213499e11 (10415) time=399.926413088s
[ Info: iter=7954 obj=1.419080008796825e6 pinf=0.0 (0) dinf=7.167831215213331e11 (10412) time=400.122492188s
[ Info: iter=7955 obj=1.419080008796825e6 pinf=0.0 (0) dinf=7.165244159407922e11 (10411) time=400.326411989s
[ Info: iter=7956 obj=1.419080008796825e6 pinf=0.0 (0) dinf=7.167041034046436e11 (10412) time=400.534597189s
[ Info: iter=7957 obj=1.419080008796825e6 pinf=0.0 (0) dinf=7.167044279216663e11 (10411) time=400.742256289s
[ Info: iter=7958 obj=1.419080008796825e6 pinf=0.0 (0) dinf=7.167022622331637e11 (10417) time=400.95259979s
[ Info: iter=7959 obj=1.419080008796825e6 pinf=0.0 (0) dinf=7.167021215840887e11 (10417) time=401.15711019s
[ Info: iter=7960 obj=1.419080008796825e6 pinf=0.0 (0) dinf=7.16694183334343e11 (10417) time=401.36064839s
[ Info: iter=7961 obj=1.419080008796825e6 pinf=0.0 (0) dinf=7.16694183334343e11 (10417) time=401.567856291s
[ Info: iter=7962 obj=1.419080008796825e6 pinf=0.0 (0) dinf=7.16694183334343e11 (10417) time=401.775712891s
[ Info: iter=7963 obj=1.419080008796825e6 pinf=0.0 (0) dinf=7.16694183334343e11 (10417) time=401.978748491s
[ Info: iter=7964 obj=1.419080008796825e6 pinf=0.0 (0) dinf=7.170890108931721e11 (10416) time=402.191787192s
[ Info: iter=7965 obj=1.419080008796825e6 pinf=0.0 (0) dinf=7.174878601140228e11 (10415) time=402.392669992s
[ Info: iter=7966 obj=1.4190800087968283e6 pinf=0.0 (0) dinf=7.177175820996324e11 (10420) time=402.604479592s
[ Info: iter=7967 obj=1.419080008796825e6 pinf=0.0 (0) dinf=7.179583969847477e11 (10393) time=402.788859792s
[ Info: iter=7968 obj=1.419080008796825e6 pinf=0.0 (0) dinf=7.17958975255725e11 (10393) time=403.004456893s
[ Info: iter=7969 obj=1.419080008796825e6 pinf=0.0 (0) dinf=7.179586633703434e11 (10393) time=403.216042093s
[ Info: iter=7970 obj=1.419080008796825e6 pinf=0.0 (0) dinf=7.179586633683707e11 (10393) time=403.434713993s
[ Info: iter=7971 obj=1.419080008796825e6 pinf=0.0 (0) dinf=7.177794459774436e11 (10392) time=403.651555411s
[ Info: iter=7972 obj=1.419080008796825e6 pinf=0.0 (0) dinf=7.178537605134344e11 (10393) time=403.862558328s
[ Info: iter=7973 obj=1.419080008796825e6 pinf=0.0 (0) dinf=7.177824635794668e11 (10393) time=404.081384147s
[ Info: iter=7974 obj=1.419080008796825e6 pinf=0.0 (0) dinf=7.176675960456093e11 (10398) time=404.298446465s
[ Info: iter=7975 obj=1.419080008796825e6 pinf=0.0 (0) dinf=7.184395779966068e11 (10390) time=404.511960582s
[ Info: iter=7976 obj=1.419080008796825e6 pinf=0.0 (0) dinf=7.183871699068496e11 (10389) time=404.7276191s
[ Info: iter=7977 obj=1.419080008796825e6 pinf=0.0 (0) dinf=7.182125904993242e11 (10388) time=404.943428718s
[ Info: iter=7978 obj=1.419080008796825e6 pinf=0.0 (0) dinf=7.185258924705742e11 (10390) time=405.125855533s
[ Info: iter=7979 obj=1.419080008796825e6 pinf=0.0 (0) dinf=7.186653790363949e11 (10389) time=405.312907849s
[ Info: iter=7980 obj=1.419080008796825e6 pinf=0.0 (0) dinf=7.182199660477117e11 (10389) time=405.395819456s
[ Info: iter=7981 obj=1.419080008796825e6 pinf=0.0 (0) dinf=7.180453866831017e11 (10388) time=405.610347174s
[ Info: iter=7982 obj=1.419080008796825e6 pinf=0.0 (0) dinf=7.1835868869796e11 (10390) time=405.794523989s
[ Info: iter=7983 obj=1.419080008796825e6 pinf=0.0 (0) dinf=7.184981752637833e11 (10389) time=405.987607405s
[ Info: iter=7984 obj=1.419080008796825e6 pinf=0.0 (0) dinf=7.180527622741825e11 (10389) time=406.068366112s
[ Info: iter=7985 obj=1.419080008796825e6 pinf=0.0 (0) dinf=7.179843651799619e11 (10390) time=406.29094683s
[ Info: iter=7986 obj=1.419080008796825e6 pinf=0.0 (0) dinf=7.181285536049038e11 (10391) time=406.360518036s
[ Info: iter=7993 obj=1.4190800087968255e6 pinf=0.0 (0) dinf=2.5794145574353683e10 (10495) time=406.664031861s
[ Info: iter=8073 obj=1.4190800088042493e6 pinf=0.0 (0) dinf=2.5460574699461823e11 (10502) time=407.00797559s
[ Info: iter=8110 obj=1.4190800088274246e6 pinf=0.0 (0) dinf=2.5584224831718665e11 (10486) time=407.455395927s
[ Info: iter=8111 obj=1.4190800088274246e6 pinf=0.0 (0) dinf=2.5584409512074466e11 (10486) time=407.514687732s
[ Info: iter=8112 obj=1.4190800088274246e6 pinf=0.0 (0) dinf=2.558832220493949e11 (10494) time=407.578429537s
[ Info: iter=8113 obj=1.4190800088274246e6 pinf=0.0 (0) dinf=2.5588928570276758e11 (10501) time=407.638840842s
[ Info: iter=8114 obj=1.41908000887927e6 pinf=0.0 (0) dinf=4.851506923358549e11 (10386) time=407.696168547s
[ Info: iter=8115 obj=1.41908000887927e6 pinf=0.0 (0) dinf=4.850462978754215e11 (10378) time=407.756543952s
[ Info: iter=8116 obj=1.41908000887927e6 pinf=0.0 (0) dinf=4.850443420427997e11 (10375) time=407.818414057s
[ Info: iter=8117 obj=1.41908000887927e6 pinf=0.0 (0) dinf=4.855453879008925e11 (10376) time=407.891462663s
[ Info: iter=8118 obj=1.41908000887927e6 pinf=0.0 (0) dinf=4.855439402939822e11 (10374) time=407.96753667s
[ Info: iter=8119 obj=1.41908000887927e6 pinf=0.0 (0) dinf=4.8515458986705585e11 (10372) time=408.040347676s
[ Info: iter=8120 obj=1.41908000887927e6 pinf=0.0 (0) dinf=4.8512454031394635e11 (10372) time=408.112767782s
[ Info: iter=8121 obj=1.41908000887927e6 pinf=0.0 (0) dinf=4.8513956509050116e11 (10372) time=408.199544189s
[ Info: iter=8122 obj=1.4190800088792676e6 pinf=0.0 (0) dinf=4.8411101598210864e11 (10376) time=408.275219895s
[ Info: iter=8123 obj=1.41908000887927e6 pinf=0.0 (0) dinf=4.843099728670718e11 (10377) time=408.345939201s
[ Info: iter=8124 obj=1.41908000887927e6 pinf=0.0 (0) dinf=4.841962832041515e11 (10376) time=408.419783607s
[ Info: iter=8125 obj=1.41908000887927e6 pinf=0.0 (0) dinf=4.841820719962214e11 (10375) time=408.495348514s
[ Info: iter=8126 obj=1.41908000887927e6 pinf=0.0 (0) dinf=4.843554113905191e11 (10378) time=408.56961132s
[ Info: iter=8127 obj=1.41908000887927e6 pinf=0.0 (0) dinf=4.8443620089138495e11 (10378) time=408.641366726s
[ Info: iter=8128 obj=1.41908000887927e6 pinf=0.0 (0) dinf=4.8440356122161554e11 (10378) time=408.715592632s
[ Info: iter=8129 obj=1.4190800088792678e6 pinf=0.0 (0) dinf=4.84288001634682e11 (10373) time=408.791377638s
[ Info: iter=8130 obj=1.4190800088792678e6 pinf=0.0 (0) dinf=4.8428469523986646e11 (10374) time=408.867877545s
[ Info: iter=8131 obj=1.4190800088792678e6 pinf=0.0 (0) dinf=4.8419162655750073e11 (10371) time=408.942154151s
[ Info: iter=8132 obj=1.4190800088792678e6 pinf=0.0 (0) dinf=4.841916265570303e11 (10371) time=409.017279657s
[ Info: iter=8133 obj=1.4190800088792688e6 pinf=0.0 (0) dinf=4.841914043316256e11 (10369) time=409.094048463s
[ Info: iter=8134 obj=1.4190800088792688e6 pinf=0.0 (0) dinf=4.841914043311687e11 (10369) time=409.17601597s
[ Info: iter=8135 obj=1.4190800088792688e6 pinf=0.0 (0) dinf=4.8419140433043506e11 (10369) time=409.254652277s
[ Info: iter=8136 obj=1.4190800088792688e6 pinf=0.0 (0) dinf=4.8430623222447064e11 (10376) time=409.332539183s
[ Info: iter=8137 obj=1.4190800088792688e6 pinf=0.0 (0) dinf=4.842492124838409e11 (10372) time=409.40912149s
[ Info: iter=8138 obj=1.4190800088792688e6 pinf=0.0 (0) dinf=4.842492124837937e11 (10372) time=409.489078696s
[ Info: iter=8139 obj=1.4190800088792688e6 pinf=0.0 (0) dinf=4.8421067371449304e11 (10370) time=409.565505503s
[ Info: iter=8140 obj=1.4190800088792678e6 pinf=0.0 (0) dinf=5.889725176919359e11 (10421) time=409.641349409s
[ Info: iter=8141 obj=1.4190800088792678e6 pinf=0.0 (0) dinf=5.888304464599971e11 (10419) time=409.715164615s
[ Info: iter=8142 obj=1.4190800088792678e6 pinf=0.0 (0) dinf=5.889449551545569e11 (10421) time=409.789374521s
[ Info: iter=8143 obj=1.4190800088792678e6 pinf=0.0 (0) dinf=5.88860138269898e11 (10420) time=409.865932228s
[ Info: iter=8144 obj=1.4190800088792678e6 pinf=0.0 (0) dinf=5.883540730893989e11 (10419) time=409.943146434s
[ Info: iter=8145 obj=1.4190800088792678e6 pinf=0.0 (0) dinf=5.84304921324881e11 (10417) time=410.042899842s
[ Info: iter=8146 obj=1.4190800088792671e6 pinf=0.0 (0) dinf=5.863973442554132e11 (10414) time=410.144192151s
[ Info: iter=8147 obj=1.4190800088792671e6 pinf=0.0 (0) dinf=5.857929418798203e11 (10413) time=410.25501366s
[ Info: iter=8148 obj=1.4190800088792671e6 pinf=0.0 (0) dinf=5.821234427326006e11 (10411) time=410.358305569s
[ Info: iter=8149 obj=1.4190800088792671e6 pinf=0.0 (0) dinf=5.821051060208315e11 (10410) time=410.460019977s
[ Info: iter=8150 obj=1.4190800088792671e6 pinf=0.0 (0) dinf=5.88195223717947e11 (10409) time=410.578349987s
[ Info: iter=8151 obj=1.4190800088792671e6 pinf=0.0 (0) dinf=5.882299995262953e11 (10410) time=410.712315898s
[ Info: iter=8152 obj=1.4190800088792671e6 pinf=0.0 (0) dinf=5.882507256015446e11 (10411) time=410.843356309s
[ Info: iter=8153 obj=1.4190800088792671e6 pinf=0.0 (0) dinf=5.882714516767937e11 (10412) time=410.97265042s
[ Info: iter=8154 obj=1.4190800088792671e6 pinf=0.0 (0) dinf=5.881591516322659e11 (10411) time=411.105900131s
[ Info: iter=8155 obj=1.4190800088792674e6 pinf=0.0 (0) dinf=5.88682828841873e11 (10417) time=411.242367942s
[ Info: iter=8156 obj=1.4190800088792685e6 pinf=0.0 (0) dinf=5.539980020691467e11 (10414) time=411.33368775s
[ Info: iter=8157 obj=1.4190800088792671e6 pinf=0.0 (0) dinf=5.541327147449281e11 (10410) time=411.412677456s
[ Info: iter=8158 obj=1.4190800088792671e6 pinf=0.0 (0) dinf=5.541292888082045e11 (10409) time=411.506383173s
[ Info: iter=8159 obj=1.4190800088792671e6 pinf=0.0 (0) dinf=5.508032428724913e11 (10414) time=411.604825699s
[ Info: iter=8160 obj=1.4190800088792671e6 pinf=0.0 (0) dinf=5.50800150000326e11 (10413) time=411.674109016s
[ Info: iter=8161 obj=1.4190800088792671e6 pinf=0.0 (0) dinf=5.51011499538553e11 (10413) time=411.744286235s
[ Info: iter=8162 obj=1.4190800088792671e6 pinf=0.0 (0) dinf=5.50699280344903e11 (10419) time=411.813748553s
[ Info: iter=8163 obj=1.419080008879269e6 pinf=0.0 (0) dinf=6.669306676678849e11 (10415) time=411.890955672s
[ Info: iter=8164 obj=1.419080008879269e6 pinf=0.0 (0) dinf=6.66945243086471e11 (10417) time=411.961320491s
[ Info: iter=8165 obj=1.419080008879269e6 pinf=0.0 (0) dinf=6.668647633675581e11 (10413) time=412.034331109s
[ Info: iter=8166 obj=1.419080008879269e6 pinf=0.0 (0) dinf=6.668876360545934e11 (10414) time=412.108605329s
[ Info: iter=8167 obj=1.419080008879269e6 pinf=0.0 (0) dinf=6.668766250253647e11 (10414) time=412.184109548s
[ Info: iter=8168 obj=1.419080008879269e6 pinf=0.0 (0) dinf=6.668529017097515e11 (10412) time=412.266750369s
[ Info: iter=8169 obj=1.419080008879269e6 pinf=0.0 (0) dinf=6.668371286186611e11 (10409) time=412.340898189s
[ Info: iter=8170 obj=1.419080008879269e6 pinf=0.0 (0) dinf=6.669325876989789e11 (10410) time=412.465345721s
[ Info: iter=8171 obj=1.419080008879269e6 pinf=0.0 (0) dinf=6.669325876989392e11 (10410) time=412.588368852s
[ Info: iter=8172 obj=1.419080008879269e6 pinf=0.0 (0) dinf=6.670463732446515e11 (10412) time=412.714425985s
[ Info: iter=8173 obj=1.419080008879269e6 pinf=0.0 (0) dinf=6.669325876988995e11 (10410) time=412.837490217s
[ Info: iter=8174 obj=1.419080008879269e6 pinf=0.0 (0) dinf=6.66818802153706e11 (10408) time=412.96607655s
[ Info: iter=8175 obj=1.419080008879269e6 pinf=0.0 (0) dinf=6.667050166085125e11 (10406) time=413.090980582s
[ Info: iter=8176 obj=1.419080008879269e6 pinf=0.0 (0) dinf=6.668617340163853e11 (10407) time=413.252912224s
[ Info: iter=8177 obj=1.419080008879269e6 pinf=0.0 (0) dinf=6.669748846789758e11 (10409) time=413.383668058s
[ Info: iter=8178 obj=1.419080008879269e6 pinf=0.0 (0) dinf=6.665918349169214e11 (10404) time=413.511297591s
[ Info: iter=8179 obj=1.419080008879269e6 pinf=0.0 (0) dinf=6.666601062431471e11 (10405) time=413.644487525s
[ Info: iter=8180 obj=1.419080008879269e6 pinf=0.0 (0) dinf=6.66523563589627e11 (10403) time=413.795151864s
[ Info: iter=8181 obj=1.419080008879269e6 pinf=0.0 (0) dinf=6.664602483793887e11 (10402) time=413.942028602s
[ Info: iter=8182 obj=1.419080008879269e6 pinf=0.0 (0) dinf=6.66273443981937e11 (10400) time=414.074071236s
[ Info: iter=8183 obj=1.419080008879269e6 pinf=0.0 (0) dinf=6.663119827512832e11 (10401) time=414.20760157s
[ Info: iter=8184 obj=1.419080008879269e6 pinf=0.0 (0) dinf=6.66258943660191e11 (10399) time=414.347352206s
[ Info: iter=8185 obj=1.41908000887927e6 pinf=0.0 (0) dinf=6.645594475225054e11 (10390) time=414.487854743s
[ Info: iter=8186 obj=1.41908000887927e6 pinf=0.0 (0) dinf=6.645584422017664e11 (10390) time=414.627806379s
[ Info: iter=8187 obj=1.41908000887927e6 pinf=0.0 (0) dinf=6.645540960662852e11 (10388) time=414.775357217s
[ Info: iter=8188 obj=1.41908000887927e6 pinf=0.0 (0) dinf=6.626658297504583e11 (10385) time=414.923135855s
[ Info: iter=8189 obj=1.41908000887927e6 pinf=0.0 (0) dinf=6.607775634323186e11 (10384) time=415.072928894s
[ Info: iter=8190 obj=1.41908000887927e6 pinf=0.0 (0) dinf=6.606044577934978e11 (10383) time=415.254775841s
[ Info: iter=8191 obj=1.41908000887927e6 pinf=0.0 (0) dinf=7.30095503501885e11 (10380) time=415.458006593s
[ Info: iter=8192 obj=1.41908000887927e6 pinf=0.0 (0) dinf=4.795612043352957e11 (10400) time=415.538679714s
[ Info: iter=8193 obj=1.41908000887927e6 pinf=0.0 (0) dinf=4.789568002663531e11 (10399) time=415.670983748s
[ Info: iter=8194 obj=1.419080008879269e6 pinf=0.0 (0) dinf=4.783950090262642e11 (10387) time=415.75738947s
[ Info: iter=8195 obj=1.419080008879269e6 pinf=0.0 (0) dinf=4.7839748200354443e11 (10391) time=415.904955508s
[ Info: iter=8196 obj=1.419080008879269e6 pinf=0.0 (0) dinf=4.783968533672567e11 (10390) time=416.048317545s
[ Info: iter=8197 obj=1.419080008879269e6 pinf=0.0 (0) dinf=4.783961352847477e11 (10385) time=416.214538188s
[ Info: iter=8198 obj=1.4190800088377602e6 pinf=0.0 (0) dinf=4.828149778281382e11 (10405) time=416.37492473s
[ Info: iter=8199 obj=1.4190800088377602e6 pinf=0.0 (0) dinf=4.803528054437055e11 (10404) time=416.516123266s
[ Info: iter=8200 obj=1.4190800088377602e6 pinf=0.0 (0) dinf=4.8013173519959375e11 (10399) time=416.653926102s
[ Info: iter=8201 obj=1.4190800088377602e6 pinf=0.0 (0) dinf=4.802784543154254e11 (10398) time=416.798187639s
[ Info: iter=8202 obj=1.4190800088377602e6 pinf=0.0 (0) dinf=4.8027845428602435e11 (10395) time=416.962713581s
[ Info: iter=8203 obj=1.4190800088377602e6 pinf=0.0 (0) dinf=4.8027845425639026e11 (10398) time=417.123203423s
[ Info: iter=8204 obj=1.4190800088377602e6 pinf=0.0 (0) dinf=4.802660674493511e11 (10397) time=417.284999465s
[ Info: iter=8205 obj=1.4190800088377602e6 pinf=0.0 (0) dinf=4.811104348116274e11 (10388) time=417.4228592s
[ Info: iter=8206 obj=1.4190800088377602e6 pinf=0.0 (0) dinf=4.844472096959405e11 (10388) time=417.566063037s
[ Info: iter=8207 obj=1.4190800088377602e6 pinf=0.0 (0) dinf=4.844485417506445e11 (10390) time=417.730123479s
[ Info: iter=8208 obj=1.4190800088377602e6 pinf=0.0 (0) dinf=4.8438687679295044e11 (10392) time=417.903617824s
[ Info: iter=8209 obj=1.419080008913716e6 pinf=0.0 (0) dinf=5.112834895585819e11 (10393) time=418.073017868s
[ Info: iter=8240 obj=1.4190800088468404e6 pinf=0.0 (0) dinf=4.565714741613178e11 (10408) time=418.287383123s
[ Info: iter=8241 obj=1.4190800088468404e6 pinf=0.0 (0) dinf=4.565742519473732e11 (10410) time=418.363022843s
[ Info: iter=8242 obj=1.419080008747565e6 pinf=0.0 (0) dinf=4.724367849558306e11 (10423) time=418.438055562s
[ Info: iter=8243 obj=1.419080008747565e6 pinf=0.0 (0) dinf=4.709678145515498e11 (10438) time=418.509380881s
[ Info: iter=8244 obj=1.419080008747565e6 pinf=0.0 (0) dinf=4.720015343358233e11 (10420) time=418.586362s
[ Info: iter=8245 obj=1.419080008747565e6 pinf=0.0 (0) dinf=4.7271432741960864e11 (10422) time=418.659276019s
[ Info: iter=8246 obj=1.419080008747565e6 pinf=0.0 (0) dinf=4.734275409683556e11 (10417) time=418.727241937s
[ Info: iter=8247 obj=1.419080008747565e6 pinf=0.0 (0) dinf=4.7424215646790955e11 (10422) time=418.795946355s
[ Info: iter=8248 obj=1.419080008747565e6 pinf=0.0 (0) dinf=4.737438289407586e11 (10421) time=418.866825368s
[ Info: iter=8249 obj=1.419080008747565e6 pinf=0.0 (0) dinf=4.7330672621619366e11 (10421) time=418.939535069s
[ Info: iter=8250 obj=1.419080008747565e6 pinf=0.0 (0) dinf=4.7314485092922687e11 (10421) time=419.01415397s
[ Info: iter=8251 obj=1.419080008747565e6 pinf=0.0 (0) dinf=4.7261848069822296e11 (10421) time=419.08480157s
[ Info: iter=8252 obj=1.419080008747565e6 pinf=0.0 (0) dinf=4.736684456602278e11 (10423) time=419.177160771s
[ Info: iter=8253 obj=1.419080008747565e6 pinf=0.0 (0) dinf=4.7254599640498566e11 (10421) time=419.261095472s
[ Info: iter=8254 obj=1.419080008747565e6 pinf=0.0 (0) dinf=4.718444625339039e11 (10418) time=419.342173773s
[ Info: iter=8255 obj=1.419080008747565e6 pinf=0.0 (0) dinf=4.7149806526878107e11 (10415) time=419.421174974s
[ Info: iter=8256 obj=1.419080008747565e6 pinf=0.0 (0) dinf=4.7266775156463245e11 (10417) time=419.497025476s
[ Info: iter=8257 obj=1.419080008747565e6 pinf=0.0 (0) dinf=4.726674328526271e11 (10417) time=419.57529638s
[ Info: iter=8258 obj=1.419080008747565e6 pinf=0.0 (0) dinf=4.719830009067523e11 (10416) time=419.649320283s
[ Info: iter=8259 obj=1.419080008747565e6 pinf=0.0 (0) dinf=4.730060778284395e11 (10424) time=419.728584988s
[ Info: iter=8260 obj=1.419080008747565e6 pinf=0.0 (0) dinf=4.711335436641739e11 (10424) time=419.804204691s
[ Info: iter=8261 obj=1.419080008747565e6 pinf=0.0 (0) dinf=4.70154230190967e11 (10422) time=419.881566795s
[ Info: iter=8262 obj=1.4190800087749155e6 pinf=0.0 (0) dinf=4.7249184090065533e11 (10421) time=419.959138899s
[ Info: iter=8263 obj=1.4190800087749143e6 pinf=0.0 (0) dinf=4.7195761425601697e11 (10426) time=420.039715704s
[ Info: iter=8269 obj=1.4190800087762573e6 pinf=0.0 (0) dinf=4.7202135319436127e11 (10429) time=420.124669308s
[ Info: iter=8270 obj=1.4190800087762573e6 pinf=0.0 (0) dinf=4.720287304921176e11 (10431) time=420.200122112s
[ Info: iter=8271 obj=1.4190800087762573e6 pinf=0.0 (0) dinf=4.720270124632186e11 (10430) time=420.274978916s
[ Info: iter=8272 obj=1.4190800087762573e6 pinf=0.0 (0) dinf=4.72025272756031e11 (10429) time=420.346343619s
[ Info: iter=8273 obj=1.4190800087766708e6 pinf=0.0 (0) dinf=4.720175857219325e11 (10420) time=420.421085823s
[ Info: iter=8274 obj=1.419080008776672e6 pinf=0.0 (0) dinf=4.7139353311224164e11 (10421) time=420.500269327s
[ Info: iter=8275 obj=1.4190800087766727e6 pinf=0.0 (0) dinf=4.707668052002941e11 (10419) time=420.582836231s
[ Info: iter=8276 obj=1.4190800087766727e6 pinf=0.0 (0) dinf=4.707749301128189e11 (10418) time=420.670490436s
[ Info: iter=8277 obj=1.4190800087766727e6 pinf=0.0 (0) dinf=4.707617871041601e11 (10416) time=420.75645104s
[ Info: iter=8278 obj=1.4190800087766727e6 pinf=0.0 (0) dinf=4.7076149460625183e11 (10415) time=420.840738845s
[ Info: iter=8279 obj=1.4190800087766727e6 pinf=0.0 (0) dinf=4.7075352539906726e11 (10413) time=420.924523949s
[ Info: iter=8280 obj=1.4190800087466221e6 pinf=0.0 (0) dinf=4.65782808207936e11 (10402) time=421.008437853s
[ Info: iter=8281 obj=1.4190800087766727e6 pinf=0.0 (0) dinf=4.660335251410117e11 (10406) time=421.094739258s
[ Info: iter=8282 obj=1.4190800087821512e6 pinf=0.0 (0) dinf=4.65961546457805e11 (10405) time=421.184551862s
[ Info: iter=8283 obj=1.41908000890001e6 pinf=0.0 (0) dinf=4.690945249833947e11 (10409) time=421.279743067s
[ Info: iter=8284 obj=1.41908000873711e6 pinf=0.0 (0) dinf=4.677344844043541e11 (10407) time=421.364339072s
[ Info: iter=8285 obj=1.4190800088374093e6 pinf=0.0 (0) dinf=4.6959133145662524e11 (10407) time=421.449834476s
[ Info: iter=8286 obj=1.4190800087785383e6 pinf=0.0 (0) dinf=4.734384603762769e11 (10406) time=421.53378378s
[ Info: iter=8287 obj=1.4190800087785383e6 pinf=0.0 (0) dinf=4.710226297173614e11 (10411) time=421.623813885s
[ Info: iter=8288 obj=1.4190800087785383e6 pinf=0.0 (0) dinf=4.710206234637216e11 (10409) time=421.71459829s
[ Info: iter=8289 obj=1.4190800087967224e6 pinf=0.0 (0) dinf=4.7104438886298376e11 (10413) time=421.803764394s
[ Info: iter=8290 obj=1.4190800087967224e6 pinf=0.0 (0) dinf=4.710449505945927e11 (10412) time=421.893434999s
[ Info: iter=8291 obj=1.4190800087967224e6 pinf=0.0 (0) dinf=4.710424171218137e11 (10409) time=421.982515603s
[ Info: iter=8292 obj=1.4190800087967224e6 pinf=0.0 (0) dinf=4.710420525916553e11 (10408) time=422.074059608s
[ Info: iter=8293 obj=1.4190800088207321e6 pinf=0.0 (0) dinf=4.7082890351764294e11 (10409) time=422.164039513s
[ Info: iter=8294 obj=1.41908000885551e6 pinf=0.0 (0) dinf=4.705640113151619e11 (10407) time=422.250978017s
[ Info: iter=8329 obj=1.4190800087423134e6 pinf=0.0 (0) dinf=6.942651568549385e10 (10424) time=422.852942048s
[ Info: iter=8330 obj=1.4190800087423134e6 pinf=0.0 (0) dinf=7.198538836673003e10 (10427) time=422.920884852s
[ Info: iter=8331 obj=1.4190800087423113e6 pinf=0.0 (0) dinf=7.137809675289487e10 (10422) time=422.983353855s
[ Info: iter=8334 obj=1.4190800087423115e6 pinf=0.0 (0) dinf=7.422575172556062e10 (10449) time=423.056287859s
[ Info: iter=8335 obj=1.4190800087423115e6 pinf=0.0 (0) dinf=7.505654188654247e10 (10448) time=423.118085462s
[ Info: iter=8336 obj=1.4190800087423115e6 pinf=0.0 (0) dinf=7.504242040157632e10 (10452) time=423.180782665s
[ Info: iter=8337 obj=1.4190800087423115e6 pinf=0.0 (0) dinf=7.504400790650778e10 (10452) time=423.243248068s
[ Info: iter=8338 obj=1.4190800087423115e6 pinf=0.0 (0) dinf=7.503765788076096e10 (10451) time=423.305448371s
[ Info: iter=8339 obj=1.4190800087423115e6 pinf=0.0 (0) dinf=7.503171244561057e10 (10451) time=423.366511375s
[ Info: iter=8340 obj=1.4190800087423115e6 pinf=0.0 (0) dinf=7.50272337596212e10 (10450) time=423.427546478s
[ Info: iter=8341 obj=1.4190800087423115e6 pinf=0.0 (0) dinf=7.135487697514093e10 (10419) time=423.493200881s
[ Info: iter=8342 obj=1.4190800087423115e6 pinf=0.0 (0) dinf=7.67308796231372e10 (10437) time=423.555000484s
[ Info: iter=8343 obj=1.4190800087423113e6 pinf=0.0 (0) dinf=7.674256345449092e10 (10435) time=423.620849388s
[ Info: iter=8344 obj=1.4190800087423113e6 pinf=0.0 (0) dinf=7.66822623515746e10 (10432) time=423.687937191s
[ Info: iter=8408 obj=1.419080008741952e6 pinf=0.0 (0) dinf=3.96536377278391e10 (10431) time=425.172376467s
[ Info: iter=8409 obj=1.419080008741952e6 pinf=0.0 (0) dinf=3.965442999219198e10 (10432) time=425.246577371s
[ Info: iter=8410 obj=1.419080008741952e6 pinf=0.0 (0) dinf=3.965271317025782e10 (10431) time=425.316420075s
[ Info: iter=8411 obj=1.419080008741952e6 pinf=0.0 (0) dinf=3.915956281197902e10 (10429) time=425.384155378s
[ Info: iter=8412 obj=1.419080008742694e6 pinf=0.0 (0) dinf=1.1453654469686235e12 (10438) time=425.463537382s
[ Info: iter=8413 obj=1.419080008742694e6 pinf=0.0 (0) dinf=1.1447103963344521e12 (10432) time=425.543142287s
[ Info: iter=8414 obj=1.4190800087426933e6 pinf=0.0 (0) dinf=1.1527293606844556e12 (10438) time=425.628688391s
[ Info: iter=8415 obj=1.419080008742331e6 pinf=0.0 (0) dinf=1.1532844905698906e12 (10440) time=425.706065695s
[ Info: iter=8416 obj=1.419080008742331e6 pinf=0.0 (0) dinf=1.1525869558327002e12 (10439) time=425.792222999s
[ Info: iter=8417 obj=1.419080008742331e6 pinf=0.0 (0) dinf=1.152601107410344e12 (10440) time=425.881043804s
[ Info: iter=8418 obj=1.419080008742331e6 pinf=0.0 (0) dinf=1.1525954391043823e12 (10440) time=425.971659909s
[ Info: iter=8419 obj=1.4190800087426924e6 pinf=0.0 (0) dinf=1.152591696264082e12 (10432) time=426.066227313s
[ Info: iter=8420 obj=1.4190800087426924e6 pinf=0.0 (0) dinf=1.1525905526496482e12 (10430) time=426.159394818s
[ Info: iter=8421 obj=1.4190800087426924e6 pinf=0.0 (0) dinf=1.1525883834090505e12 (10425) time=426.258796023s
[ Info: iter=8422 obj=1.419080008761588e6 pinf=0.0 (0) dinf=1.1526171298482808e12 (10442) time=426.364477629s
[ Info: iter=8423 obj=1.4190800087556364e6 pinf=0.0 (0) dinf=1.1533751912001943e12 (10424) time=426.463274834s
[ Info: iter=8424 obj=1.4190800087556364e6 pinf=0.0 (0) dinf=1.152904070053411e12 (10422) time=426.562689039s
[ Info: iter=8425 obj=1.4190800087556364e6 pinf=0.0 (0) dinf=1.1523038662196526e12 (10420) time=426.664457044s
[ Info: iter=8426 obj=1.4190800087556364e6 pinf=0.0 (0) dinf=1.152306343275543e12 (10428) time=426.765978849s
[ Info: iter=8427 obj=1.4190800087556364e6 pinf=0.0 (0) dinf=1.152192081309057e12 (10427) time=426.872518155s
[ Info: iter=8428 obj=1.4190800087556364e6 pinf=0.0 (0) dinf=1.1521942044995586e12 (10422) time=426.97600186s
[ Info: iter=8429 obj=1.4190800087556364e6 pinf=0.0 (0) dinf=1.1520795906013743e12 (10421) time=427.079827266s
[ Info: iter=8431 obj=1.4190800087556364e6 pinf=0.0 (0) dinf=1.1536945967252832e12 (10448) time=427.187639671s
[ Info: iter=8432 obj=1.4190800087556364e6 pinf=0.0 (0) dinf=1.1523789218141777e12 (10434) time=427.289436276s
[ Info: iter=8433 obj=1.4190800087556364e6 pinf=0.0 (0) dinf=1.152390159684406e12 (10436) time=427.388171181s
[ Info: iter=8434 obj=1.4190800087556364e6 pinf=0.0 (0) dinf=1.1570539929556025e12 (10457) time=427.513045587s
[ Info: iter=8435 obj=1.4190800087556366e6 pinf=0.0 (0) dinf=1.201883785626815e12 (10441) time=427.611588291s
[ Info: iter=8436 obj=1.4190800087556364e6 pinf=0.0 (0) dinf=1.1533130102935786e12 (10441) time=427.710099094s
[ Info: iter=8437 obj=1.4190800087556394e6 pinf=0.0 (0) dinf=1.156900194688088e12 (10453) time=427.812708697s
[ Info: iter=8438 obj=1.4190800087556394e6 pinf=0.0 (0) dinf=1.1569225753009854e12 (10448) time=427.916169201s
[ Info: iter=8439 obj=1.4190800087556394e6 pinf=0.0 (0) dinf=1.1569490200066292e12 (10443) time=428.017717804s
[ Info: iter=8440 obj=1.4190800087556394e6 pinf=0.0 (0) dinf=1.1569582829635593e12 (10448) time=428.120378708s
[ Info: iter=8441 obj=1.4190800087556394e6 pinf=0.0 (0) dinf=1.156650962126181e12 (10447) time=428.223758611s
[ Info: iter=8442 obj=1.4190800087556394e6 pinf=0.0 (0) dinf=1.156643385599194e12 (10445) time=428.324136215s
[ Info: iter=8443 obj=1.419080008755637e6 pinf=0.0 (0) dinf=1.1566377188064353e12 (10449) time=428.421933918s
[ Info: iter=8444 obj=1.419080008755637e6 pinf=0.0 (0) dinf=1.157312447461852e12 (10453) time=428.532301822s
[ Info: iter=8445 obj=1.419080008755637e6 pinf=0.0 (0) dinf=1.1579310060432173e12 (10455) time=428.635907425s
[ Info: iter=8446 obj=1.419080008755637e6 pinf=0.0 (0) dinf=1.1564872895522134e12 (10447) time=428.731220129s
[ Info: iter=8447 obj=1.419080008755637e6 pinf=0.0 (0) dinf=1.1550605112256333e12 (10445) time=428.843755532s
[ Info: iter=8448 obj=1.419080008755637e6 pinf=0.0 (0) dinf=1.155136541260336e12 (10438) time=428.952650236s
[ Info: iter=8449 obj=1.419080008755637e6 pinf=0.0 (0) dinf=1.1551057671964263e12 (10435) time=429.06231544s
[ Info: iter=8450 obj=1.419080008755637e6 pinf=0.0 (0) dinf=1.154798026602354e12 (10431) time=429.199422144s
[ Info: iter=8451 obj=1.419080008755637e6 pinf=0.0 (0) dinf=1.1544902860122817e12 (10429) time=429.321595249s
[ Info: iter=8452 obj=1.419080008755637e6 pinf=0.0 (0) dinf=1.15440411864535e12 (10428) time=429.454359353s
[ Info: iter=8453 obj=1.419080008755637e6 pinf=0.0 (0) dinf=1.1543481658089026e12 (10427) time=429.579052557s
[ Info: iter=8454 obj=1.419080008755637e6 pinf=0.0 (0) dinf=1.1540404252188303e12 (10425) time=429.684050161s
[ Info: iter=8455 obj=1.419080008755637e6 pinf=0.0 (0) dinf=1.1537326846287578e12 (10423) time=429.793737765s
[ Info: iter=8456 obj=1.419080008755637e6 pinf=0.0 (0) dinf=1.1535052690673289e12 (10422) time=429.918530369s
[ Info: iter=8457 obj=1.419080008755637e6 pinf=0.0 (0) dinf=1.1528227552539905e12 (10421) time=430.055634073s
[ Info: iter=8458 obj=1.419080008755637e6 pinf=0.0 (0) dinf=1.152896135943936e12 (10421) time=430.174360378s
[ Info: iter=8459 obj=1.419080008755637e6 pinf=0.0 (0) dinf=1.1527436420659275e12 (10420) time=430.289109281s
[ Info: iter=8460 obj=1.419080008755637e6 pinf=0.0 (0) dinf=1.152740431279384e12 (10419) time=430.405605785s
[ Info: iter=8461 obj=1.419080008755637e6 pinf=0.0 (0) dinf=1.1536636521025657e12 (10418) time=430.514343889s
[ Info: iter=8467 obj=1.4190800087556425e6 pinf=0.0 (0) dinf=1.1521504162987776e12 (10411) time=430.643705893s
[ Info: iter=8468 obj=1.4190800087556425e6 pinf=0.0 (0) dinf=1.1521261840647395e12 (10411) time=430.747621997s
[ Info: iter=8469 obj=1.4190800087556425e6 pinf=0.0 (0) dinf=1.152125602108806e12 (10410) time=430.853248601s
[ Info: iter=8470 obj=1.4190800087556425e6 pinf=0.0 (0) dinf=1.152115799048988e12 (10410) time=430.956966104s
[ Info: iter=8471 obj=1.4190800087556425e6 pinf=0.0 (0) dinf=1.1520916236518757e12 (10412) time=431.064062608s
[ Info: iter=8472 obj=1.4190800087556425e6 pinf=0.0 (0) dinf=1.152091207934911e12 (10411) time=431.169695411s
[ Info: iter=8473 obj=1.4190800087556425e6 pinf=0.0 (0) dinf=1.1516511626968162e12 (10408) time=431.288854415s
[ Info: iter=8474 obj=1.4190800087556425e6 pinf=0.0 (0) dinf=1.1503684619421199e12 (10406) time=431.404949119s
[ Info: iter=8475 obj=1.4190800087556425e6 pinf=0.0 (0) dinf=1.1490857611874233e12 (10404) time=431.522176123s
[ Info: iter=8476 obj=1.4190800087556425e6 pinf=0.0 (0) dinf=1.1485384503557734e12 (10404) time=431.640262727s
[ Info: iter=8477 obj=1.4190800087556425e6 pinf=0.0 (0) dinf=1.1477017915029492e12 (10402) time=431.758805231s
[ Info: iter=8478 obj=1.4190800087556425e6 pinf=0.0 (0) dinf=1.1476949433452988e12 (10401) time=431.875856635s
[ Info: iter=8479 obj=1.4190800087556425e6 pinf=0.0 (0) dinf=1.1467319846081836e12 (10398) time=431.995589039s
[ Info: iter=8480 obj=1.4190800087556425e6 pinf=0.0 (0) dinf=1.145979358520994e12 (10396) time=432.114447643s
[ Info: iter=8481 obj=1.4190800087556425e6 pinf=0.0 (0) dinf=1.14522673243406e12 (10395) time=432.229636447s
[ Info: iter=8482 obj=1.4190800087556425e6 pinf=0.0 (0) dinf=1.144500770589812e12 (10393) time=432.348831851s
[ Info: iter=8483 obj=1.4190800087556425e6 pinf=0.0 (0) dinf=1.1440714731215095e12 (10390) time=432.467101855s
[ Info: iter=8484 obj=1.4190800087556425e6 pinf=0.0 (0) dinf=1.1437211910253567e12 (10389) time=432.59271936s
[ Info: iter=8485 obj=1.4190800087556425e6 pinf=0.0 (0) dinf=1.1433709089283035e12 (10387) time=432.712864164s
[ Info: iter=8486 obj=1.4190800087556425e6 pinf=0.0 (0) dinf=1.1433696376724377e12 (10387) time=432.832807668s
[ Info: iter=8487 obj=1.4190800087556425e6 pinf=0.0 (0) dinf=1.1431269515862268e12 (10386) time=432.951251572s
[ Info: iter=8488 obj=1.4190800087556425e6 pinf=0.0 (0) dinf=1.142924447484248e12 (10384) time=433.074419276s
[ Info: iter=8489 obj=1.4190800087556425e6 pinf=0.0 (0) dinf=1.1428778662755159e12 (10383) time=433.19549248s
[ Info: iter=8490 obj=1.4190800087556425e6 pinf=0.0 (0) dinf=1.1428736642770986e12 (10382) time=433.315436084s
[ Info: iter=8491 obj=1.419080008755641e6 pinf=0.0 (0) dinf=1.1439927151775344e12 (10418) time=433.434606788s
[ Info: iter=8492 obj=1.419080008755641e6 pinf=0.0 (0) dinf=1.1438611020904038e12 (10425) time=433.547011292s
[ Info: iter=8493 obj=1.419080008755641e6 pinf=0.0 (0) dinf=1.1435187662837021e12 (10418) time=433.659704596s
[ Info: iter=8494 obj=1.419080008755641e6 pinf=0.0 (0) dinf=1.1435187662837021e12 (10418) time=433.7745827s
[ Info: iter=8495 obj=1.419080008755641e6 pinf=0.0 (0) dinf=1.1435828306143025e12 (10420) time=433.888611504s
[ Info: iter=8496 obj=1.419080008755641e6 pinf=0.0 (0) dinf=1.1436621077867139e12 (10421) time=434.000946807s
[ Info: iter=8497 obj=1.419080008755641e6 pinf=0.0 (0) dinf=1.1437098882877178e12 (10422) time=434.113593611s
[ Info: iter=8498 obj=1.4190800087556415e6 pinf=0.0 (0) dinf=1.147521605255538e12 (10419) time=434.230702715s
[ Info: iter=8499 obj=1.419080008755641e6 pinf=0.0 (0) dinf=1.1576551227718052e12 (10405) time=434.350120719s
[ Info: iter=8505 obj=1.4190800087556394e6 pinf=0.0 (0) dinf=1.1575095149245342e12 (10402) time=434.474578223s
[ Info: iter=8506 obj=1.4190800087556394e6 pinf=0.0 (0) dinf=1.1576551060477605e12 (10403) time=434.589170327s
[ Info: iter=8507 obj=1.4190800087556394e6 pinf=0.0 (0) dinf=1.156529170779024e12 (10400) time=434.714202732s
[ Info: iter=8508 obj=1.4190800087556394e6 pinf=0.0 (0) dinf=1.155058642300573e12 (10397) time=434.828374935s
[ Info: iter=8509 obj=1.4190800087556394e6 pinf=0.0 (0) dinf=1.1535881138221218e12 (10394) time=434.940886339s
[ Info: iter=8510 obj=1.4190800087556394e6 pinf=0.0 (0) dinf=1.152117585343671e12 (10391) time=435.052406343s
[ Info: iter=8511 obj=1.4190800087556394e6 pinf=0.0 (0) dinf=1.15064705686522e12 (10388) time=435.165914547s
[ Info: iter=8512 obj=1.4190800087556394e6 pinf=0.0 (0) dinf=1.149176528386769e12 (10385) time=435.280598151s
[ Info: iter=8513 obj=1.4190800087556394e6 pinf=0.0 (0) dinf=1.1477059999083179e12 (10382) time=435.393955055s
[ Info: iter=8514 obj=1.4190800087556404e6 pinf=0.0 (0) dinf=1.145867327129679e12 (10380) time=435.506010255s
[ Info: iter=8515 obj=1.4190800087556404e6 pinf=0.0 (0) dinf=1.1456276081659678e12 (10386) time=435.626671238s
[ Info: iter=8516 obj=1.4190800087556394e6 pinf=0.0 (0) dinf=1.1498637493779438e12 (10412) time=435.748277321s
[ Info: iter=8517 obj=1.4190800087556366e6 pinf=0.0 (0) dinf=1.1498636649345916e12 (10398) time=435.861826605s
[ Info: iter=8518 obj=1.4190800087556366e6 pinf=0.0 (0) dinf=1.1497713829763184e12 (10397) time=435.971646689s
[ Info: iter=8519 obj=1.4190800087556366e6 pinf=0.0 (0) dinf=1.1497713829763184e12 (10397) time=436.087869472s
[ Info: iter=8520 obj=1.4190800087556366e6 pinf=0.0 (0) dinf=1.1497798584629426e12 (10398) time=436.205068556s
[ Info: iter=8521 obj=1.4190800087556366e6 pinf=0.0 (0) dinf=1.1496767721490269e12 (10397) time=436.321442739s
[ Info: iter=8522 obj=1.4190800087556366e6 pinf=0.0 (0) dinf=1.1496839539328389e12 (10397) time=436.413869726s
[ Info: iter=8523 obj=1.4190800087556366e6 pinf=0.0 (0) dinf=1.1495924088958777e12 (10395) time=436.530713409s
[ Info: iter=8524 obj=1.4190800087600595e6 pinf=0.0 (0) dinf=1.152713593274542e12 (10402) time=436.655775091s
[ Info: iter=8525 obj=1.4190800087600595e6 pinf=0.0 (0) dinf=1.1506395225623438e12 (10406) time=436.771390375s
[ Info: iter=8526 obj=1.4190800087600595e6 pinf=0.0 (0) dinf=1.1505149803792773e12 (10404) time=436.889245258s
[ Info: iter=8527 obj=1.419080008834925e6 pinf=0.0 (0) dinf=1.150660348138285e12 (10398) time=437.009513641s
[ Info: iter=8528 obj=1.419080008834925e6 pinf=0.0 (0) dinf=1.1489024268358955e12 (10390) time=437.102488228s
[ Info: iter=8529 obj=1.419080008834925e6 pinf=0.0 (0) dinf=1.148812622293972e12 (10387) time=437.22312521s
[ Info: iter=8530 obj=1.419080008834925e6 pinf=0.0 (0) dinf=1.1488118724374949e12 (10387) time=437.342738193s
[ Info: iter=8531 obj=1.419080008834925e6 pinf=0.0 (0) dinf=1.1488074757393215e12 (10387) time=437.461643476s
[ Info: iter=8532 obj=1.419080008834925e6 pinf=0.0 (0) dinf=1.1488136331974653e12 (10389) time=437.57698246s
[ Info: iter=8533 obj=1.419080008834925e6 pinf=0.0 (0) dinf=1.1488093307477612e12 (10389) time=437.698873742s
[ Info: iter=8534 obj=1.419080008834925e6 pinf=0.0 (0) dinf=1.148808476729967e12 (10389) time=437.817380726s
[ Info: iter=8535 obj=1.419080008834925e6 pinf=0.0 (0) dinf=1.1488110151547332e12 (10389) time=437.933732709s
[ Info: iter=8536 obj=1.419080008834925e6 pinf=0.0 (0) dinf=1.1496933547503865e12 (10387) time=438.054948792s
[ Info: iter=8537 obj=1.419080008834925e6 pinf=0.0 (0) dinf=1.1498746628224893e12 (10389) time=438.178926574s
[ Info: iter=8538 obj=1.419080008834925e6 pinf=0.0 (0) dinf=1.149878594370843e12 (10386) time=438.300047757s
[ Info: iter=8539 obj=1.419080008834925e6 pinf=0.0 (0) dinf=1.1496982691815508e12 (10382) time=438.41880564s
[ Info: iter=8540 obj=1.419080008834925e6 pinf=0.0 (0) dinf=1.1496764311583328e12 (10381) time=438.539424322s
[ Info: iter=8541 obj=1.419080008834925e6 pinf=0.0 (0) dinf=1.149670888889218e12 (10380) time=438.661742405s
[ Info: iter=8542 obj=1.419080008834925e6 pinf=0.0 (0) dinf=1.1496771720639414e12 (10379) time=438.787218087s
[ Info: iter=8543 obj=1.419080008834925e6 pinf=0.0 (0) dinf=1.1496696825507092e12 (10380) time=438.90816607s
[ Info: iter=8544 obj=1.419080008834925e6 pinf=0.0 (0) dinf=1.1498734923033123e12 (10376) time=439.028184253s
[ Info: iter=8545 obj=1.419080008834925e6 pinf=0.0 (0) dinf=1.1499036309818013e12 (10379) time=439.151633435s
[ Info: iter=8546 obj=1.419080008834925e6 pinf=0.0 (0) dinf=1.1498919600538594e12 (10378) time=439.276479917s
[ Info: iter=8547 obj=1.419080008834925e6 pinf=0.0 (0) dinf=1.1498886922385486e12 (10377) time=439.3977751s
[ Info: iter=8548 obj=1.419080008834925e6 pinf=0.0 (0) dinf=1.1498763843236965e12 (10377) time=439.523457082s
[ Info: iter=8549 obj=1.4190800088523473e6 pinf=0.0 (0) dinf=1.1497370473171577e12 (10378) time=439.644590465s
[ Info: iter=8550 obj=1.4190800088535093e6 pinf=0.0 (0) dinf=1.149735320123471e12 (10376) time=439.769430247s
[ Info: iter=8551 obj=1.4190800088535093e6 pinf=0.0 (0) dinf=1.149770527360281e12 (10379) time=439.89111603s
[ Info: iter=8552 obj=1.4190800088535093e6 pinf=0.0 (0) dinf=1.1497505200576033e12 (10377) time=440.009115513s
[ Info: iter=8553 obj=1.4190800088629501e6 pinf=0.0 (0) dinf=1.1544056971698284e12 (10380) time=440.135909695s
[ Info: iter=8554 obj=1.4190800088629476e6 pinf=0.0 (0) dinf=1.14564065546429e12 (10355) time=440.252235478s
[ Info: iter=8555 obj=1.4190800088629476e6 pinf=0.0 (0) dinf=1.145600331401785e12 (10350) time=440.335740866s
[ Info: iter=8556 obj=1.4190800088662994e6 pinf=0.0 (0) dinf=1.1454133994172444e12 (10348) time=440.427078353s
[ Info: iter=8557 obj=1.4190800089123717e6 pinf=0.0 (0) dinf=1.1430028867699216e12 (10337) time=440.51947544s
[ Info: iter=8558 obj=1.4190800089123717e6 pinf=0.0 (0) dinf=1.1430057615933071e12 (10337) time=440.613886826s
[ Info: iter=8559 obj=1.4190800089123717e6 pinf=0.0 (0) dinf=1.1430095414019248e12 (10336) time=440.706750113s
[ Info: iter=8560 obj=1.4190800089123717e6 pinf=0.0 (0) dinf=1.1430034960669602e12 (10336) time=440.821681197s
[ Info: iter=8561 obj=1.4190800089123717e6 pinf=0.0 (0) dinf=1.1430489963388218e12 (10340) time=440.93549878s
[ Info: iter=8562 obj=1.4190800089123717e6 pinf=0.0 (0) dinf=1.143039115183208e12 (10339) time=441.054272664s
[ Info: iter=8563 obj=1.4190800089123717e6 pinf=0.0 (0) dinf=1.1430311867796702e12 (10339) time=441.174472646s
[ Info: iter=8564 obj=1.4190800089123717e6 pinf=0.0 (0) dinf=1.1430232583755625e12 (10339) time=441.29271213s
[ Info: iter=8565 obj=1.4190800089123717e6 pinf=0.0 (0) dinf=1.1430109069310454e12 (10338) time=441.407691213s
[ Info: iter=8566 obj=1.4190800088019758e6 pinf=0.0 (0) dinf=1.143803197998109e12 (10346) time=441.530941696s
[ Info: iter=8572 obj=1.4190800087441127e6 pinf=0.0 (0) dinf=1.1468326909908716e12 (10342) time=441.704586971s
[ Info: iter=8573 obj=1.4190800087441127e6 pinf=0.0 (0) dinf=1.1468324593482026e12 (10341) time=441.802153357s
[ Info: iter=8574 obj=1.4190800087441127e6 pinf=0.0 (0) dinf=1.1468322938755713e12 (10340) time=441.900374243s
[ Info: iter=8575 obj=1.4190800087441127e6 pinf=0.0 (0) dinf=1.1468295680208499e12 (10339) time=442.000817028s
[ Info: iter=8576 obj=1.4190800087441127e6 pinf=0.0 (0) dinf=1.1468278427285955e12 (10338) time=442.102087514s
[ Info: iter=8577 obj=1.419080008744136e6 pinf=0.0 (0) dinf=1.1497303449080771e12 (10399) time=442.206434999s
[ Info: iter=8578 obj=1.4190800087441383e6 pinf=0.0 (0) dinf=1.1497279952145618e12 (10398) time=442.307050885s
[ Info: iter=8579 obj=1.4190800087441364e6 pinf=0.0 (0) dinf=1.1411438732350967e12 (10369) time=442.40962917s
[ Info: iter=8580 obj=1.4190800087441364e6 pinf=0.0 (0) dinf=1.1411316833404377e12 (10367) time=442.510727456s
[ Info: iter=8581 obj=1.4190800087441364e6 pinf=0.0 (0) dinf=1.1579710452181963e12 (10376) time=442.629561239s
[ Info: iter=8582 obj=1.4190800087441364e6 pinf=0.0 (0) dinf=1.1579724059484763e12 (10376) time=442.744609022s
[ Info: iter=8583 obj=1.4190800087441364e6 pinf=0.0 (0) dinf=1.157933236323777e12 (10375) time=442.859483106s
[ Info: iter=8584 obj=1.4190800087441364e6 pinf=0.0 (0) dinf=1.1577509804251238e12 (10369) time=442.97420829s
[ Info: iter=8585 obj=1.4190800087441364e6 pinf=0.0 (0) dinf=1.157749037051266e12 (10368) time=443.086329074s
[ Info: iter=8586 obj=1.4190800087441346e6 pinf=0.0 (0) dinf=1.1457136717710737e12 (10378) time=443.209743856s
[ Info: iter=8587 obj=1.4190800089082923e6 pinf=0.0 (0) dinf=1.145694816740762e12 (10378) time=443.325946339s
[ Info: iter=8588 obj=1.4190800088511454e6 pinf=0.0 (0) dinf=1.145339802472021e12 (10337) time=443.452133921s
[ Info: iter=8589 obj=1.4190800088511454e6 pinf=0.0 (0) dinf=1.145338559323527e12 (10337) time=443.576243416s
[ Info: iter=8590 obj=1.4190800088511468e6 pinf=0.0 (0) dinf=1.145434603090108e12 (10335) time=443.700518319s
[ Info: iter=8591 obj=1.419080008912126e6 pinf=0.0 (0) dinf=1.147491552707794e12 (10366) time=443.822906421s
[ Info: iter=8592 obj=1.419080008912126e6 pinf=0.0 (0) dinf=1.1474855770530208e12 (10365) time=443.938308123s
[ Info: iter=8593 obj=1.419080008912126e6 pinf=0.0 (0) dinf=1.1474819768621638e12 (10368) time=444.052896825s
[ Info: iter=8594 obj=1.419080008912126e6 pinf=0.0 (0) dinf=1.1474819768616116e12 (10368) time=444.169446327s
[ Info: iter=8595 obj=1.419080008912126e6 pinf=0.0 (0) dinf=1.1475051559811543e12 (10369) time=444.28811213s
[ Info: iter=8596 obj=1.419080008912123e6 pinf=0.0 (0) dinf=1.14749567647914e12 (10365) time=444.405532732s
[ Info: iter=8597 obj=1.419080008912123e6 pinf=0.0 (0) dinf=1.1474762775166519e12 (10365) time=444.525049534s
[ Info: iter=8598 obj=1.419080008771975e6 pinf=0.0 (0) dinf=1.146665303973354e12 (10389) time=444.645102436s
[ Info: iter=8599 obj=1.4190800087719755e6 pinf=0.0 (0) dinf=1.1463787701104255e12 (10391) time=444.732587838s
[ Info: iter=8600 obj=1.4190800087719755e6 pinf=0.0 (0) dinf=1.1463787700108984e12 (10390) time=444.84977304s
[ Info: iter=8602 obj=1.419080008868919e6 pinf=0.0 (0) dinf=1.1507230010309106e12 (10411) time=444.963665042s
[ Info: iter=8603 obj=1.419080008868919e6 pinf=0.0 (0) dinf=1.150726190306599e12 (10415) time=445.046734544s
[ Info: iter=8604 obj=1.419080008868919e6 pinf=0.0 (0) dinf=1.150706932457667e12 (10414) time=445.164188846s
[ Info: iter=8605 obj=1.419080008868919e6 pinf=0.0 (0) dinf=1.1506877798429165e12 (10413) time=445.290341748s
[ Info: iter=8606 obj=1.419080008868919e6 pinf=0.0 (0) dinf=1.1506616992595742e12 (10412) time=445.405171051s
[ Info: iter=8607 obj=1.4190800088689188e6 pinf=0.0 (0) dinf=1.1506357611933457e12 (10411) time=445.514035153s
[ Info: iter=8608 obj=1.419080008871875e6 pinf=0.0 (0) dinf=1.1506503219525808e12 (10411) time=445.625943255s
[ Info: iter=8609 obj=1.4190800088818758e6 pinf=0.0 (0) dinf=1.150900829212007e12 (10411) time=445.736063457s
[ Info: iter=8610 obj=1.4190800088818758e6 pinf=0.0 (0) dinf=1.1515584935538755e12 (10410) time=445.848213359s
[ Info: iter=8611 obj=1.419080008941254e6 pinf=0.0 (0) dinf=1.1551273122225002e12 (10408) time=445.959240761s
[ Info: iter=8612 obj=1.419080008778432e6 pinf=0.0 (0) dinf=1.1527163463968264e12 (10418) time=446.070548363s
[ Info: iter=8613 obj=1.4190800088965637e6 pinf=0.0 (0) dinf=1.1554296136522026e12 (10412) time=446.186166965s
[ Info: iter=8614 obj=1.4190800088542788e6 pinf=0.0 (0) dinf=1.1552910832895195e12 (10413) time=446.302301467s
[ Info: iter=8615 obj=1.4190800088542788e6 pinf=0.0 (0) dinf=1.155126303785209e12 (10412) time=446.41579467s
[ Info: iter=8616 obj=1.4190800088542788e6 pinf=0.0 (0) dinf=1.154964209552095e12 (10411) time=446.529547572s
[ Info: iter=8617 obj=1.4190800088542788e6 pinf=0.0 (0) dinf=1.154801856141614e12 (10410) time=446.643751874s
[ Info: iter=8618 obj=1.4190800088542786e6 pinf=0.0 (0) dinf=1.1546395149423892e12 (10405) time=446.756049976s
[ Info: iter=8619 obj=1.4190800088926218e6 pinf=0.0 (0) dinf=1.1586264464225718e12 (10404) time=446.882019878s
[ Info: iter=8620 obj=1.4190800088941818e6 pinf=0.0 (0) dinf=1.1582432640554783e12 (10401) time=447.006790881s
[ Info: iter=8621 obj=1.4190800088998051e6 pinf=0.0 (0) dinf=1.1573173488026594e12 (10397) time=447.131001483s
[ Info: iter=8622 obj=1.4190800088191803e6 pinf=0.0 (0) dinf=1.1586965293708828e12 (10402) time=447.257493385s
[ Info: iter=8623 obj=1.4190800088191791e6 pinf=0.0 (0) dinf=1.1599193115694146e12 (10402) time=447.372051287s
[ Info: iter=8624 obj=1.4190800088191798e6 pinf=0.0 (0) dinf=1.1596869157624434e12 (10405) time=447.48650419s
[ Info: iter=8625 obj=1.4190800088191805e6 pinf=0.0 (0) dinf=1.1594532430552551e12 (10406) time=447.602355092s
[ Info: iter=8626 obj=1.4190800088191805e6 pinf=0.0 (0) dinf=1.1590319953833865e12 (10404) time=447.719610494s
[ Info: iter=8627 obj=1.4190800088191798e6 pinf=0.0 (0) dinf=1.1571678973998606e12 (10399) time=447.844653096s
[ Info: iter=8628 obj=1.4190800088191798e6 pinf=0.0 (0) dinf=1.1576300324518718e12 (10402) time=447.957328998s
[ Info: iter=8629 obj=1.4190800088191798e6 pinf=0.0 (0) dinf=1.1573951349249001e12 (10401) time=448.071436001s
[ Info: iter=8630 obj=1.4190800088191798e6 pinf=0.0 (0) dinf=1.1571612432510972e12 (10396) time=448.186196803s
[ Info: iter=8631 obj=1.4190800088191798e6 pinf=0.0 (0) dinf=1.1569273691783403e12 (10399) time=448.299675405s
[ Info: iter=8632 obj=1.419080008826076e6 pinf=0.0 (0) dinf=1.1567542565902795e12 (10398) time=448.423414307s
[ Info: iter=8633 obj=1.419080008826076e6 pinf=0.0 (0) dinf=1.1564923791393403e12 (10397) time=448.534058609s
[ Info: iter=8634 obj=1.419080008826076e6 pinf=0.0 (0) dinf=1.1564926150619514e12 (10397) time=448.655329212s
[ Info: iter=8635 obj=1.419080008826076e6 pinf=0.0 (0) dinf=1.1564891653133267e12 (10396) time=448.777790014s
[ Info: iter=8636 obj=1.419080008826076e6 pinf=0.0 (0) dinf=1.1564846611719192e12 (10394) time=448.904952916s
[ Info: iter=8638 obj=1.41908000883346e6 pinf=0.0 (0) dinf=1.155856113055839e12 (10389) time=449.029624419s
[ Info: iter=8639 obj=1.41908000883346e6 pinf=0.0 (0) dinf=1.1558590916726323e12 (10392) time=449.12916652s
[ Info: iter=8641 obj=1.4190800087624413e6 pinf=0.0 (0) dinf=1.15123043091806e12 (10336) time=449.244261723s
[ Info: iter=8642 obj=1.4190800087624413e6 pinf=0.0 (0) dinf=1.1512303907726992e12 (10336) time=449.330394724s
[ Info: iter=8643 obj=1.4190800087624413e6 pinf=0.0 (0) dinf=1.151231518577087e12 (10335) time=449.426138826s
[ Info: iter=8644 obj=1.4190800087624413e6 pinf=0.0 (0) dinf=1.1512309366181953e12 (10334) time=449.524413228s
[ Info: iter=8645 obj=1.4190800087624413e6 pinf=0.0 (0) dinf=1.1512305209025063e12 (10333) time=449.62201763s
[ Info: iter=8646 obj=1.4190800087624413e6 pinf=0.0 (0) dinf=1.1510617651192854e12 (10331) time=449.722329832s
[ Info: iter=8647 obj=1.4190800087624413e6 pinf=0.0 (0) dinf=1.1510616232096702e12 (10330) time=449.819725233s
[ Info: iter=8648 obj=1.4190800087660619e6 pinf=0.0 (0) dinf=1.1511147235330696e12 (10325) time=449.927256235s
[ Info: iter=8649 obj=1.4190800087739294e6 pinf=0.0 (0) dinf=1.151316138564033e12 (10320) time=450.035054237s
[ Info: iter=8650 obj=1.4190800087756594e6 pinf=0.0 (0) dinf=1.1513033212396262e12 (10315) time=450.15321134s
[ Info: iter=8651 obj=1.4190800087780184e6 pinf=0.0 (0) dinf=1.1513124764644736e12 (10317) time=450.259571942s
[ Info: iter=8652 obj=1.4190800087852576e6 pinf=0.0 (0) dinf=1.1514919189461685e12 (10312) time=450.366065144s
[ Info: iter=8653 obj=1.419080008793911e6 pinf=0.0 (0) dinf=1.1517207996637178e12 (10307) time=450.477081646s
[ Info: iter=8654 obj=1.419080008793911e6 pinf=0.0 (0) dinf=1.1517139515045288e12 (10306) time=450.589424648s
[ Info: iter=8655 obj=1.419080008793911e6 pinf=0.0 (0) dinf=1.1517149728496956e12 (10307) time=450.71766755s
[ Info: iter=8656 obj=1.419080008793911e6 pinf=0.0 (0) dinf=1.1504926213010435e12 (10302) time=450.843809553s
[ Info: iter=8657 obj=1.419080008793911e6 pinf=0.0 (0) dinf=1.1515180029479592e12 (10309) time=450.979876055s
[ Info: iter=8658 obj=1.419080008793911e6 pinf=0.0 (0) dinf=1.1514730324468745e12 (10307) time=451.110364558s
[ Info: iter=8659 obj=1.419080008793911e6 pinf=0.0 (0) dinf=1.1514076292531929e12 (10307) time=451.23950526s
[ Info: iter=8660 obj=1.4190800087939107e6 pinf=0.0 (0) dinf=1.151342675905816e12 (10304) time=451.360510462s
[ Info: iter=8661 obj=1.4190800087939107e6 pinf=0.0 (0) dinf=1.1512759669875576e12 (10304) time=451.485816065s
[ Info: iter=8662 obj=1.4190800087939114e6 pinf=0.0 (0) dinf=1.1512103372441316e12 (10305) time=451.612271268s
[ Info: iter=8663 obj=1.4190800087939114e6 pinf=0.0 (0) dinf=1.1511447981853564e12 (10306) time=451.740047073s
[ Info: iter=8664 obj=1.4190800087947485e6 pinf=0.0 (0) dinf=1.151098397596883e12 (10306) time=451.862624376s
[ Info: iter=8665 obj=1.4190800087947485e6 pinf=0.0 (0) dinf=1.151098397596883e12 (10306) time=451.990782081s
[ Info: iter=8686 obj=1.4190800087949967e6 pinf=0.0 (0) dinf=1.161574356460955e12 (10287) time=452.175310086s
[ Info: iter=8687 obj=1.4190800087949927e6 pinf=0.0 (0) dinf=1.1640277322179333e12 (10326) time=452.270344689s
[ Info: iter=8689 obj=1.419080008897293e6 pinf=0.0 (0) dinf=1.1695779933452612e12 (10310) time=452.363371392s
[ Info: iter=8690 obj=1.4190800088972936e6 pinf=0.0 (0) dinf=1.155575603822196e12 (10323) time=452.459518695s
[ Info: iter=8692 obj=1.4190800089343106e6 pinf=0.0 (0) dinf=1.1604861541352275e12 (10389) time=452.571489499s
[ Info: iter=8693 obj=1.4190800089343106e6 pinf=0.0 (0) dinf=1.160481525123766e12 (10387) time=452.664922602s
[ Info: iter=8694 obj=1.4190800089343106e6 pinf=0.0 (0) dinf=1.1604713817091968e12 (10387) time=452.759066305s
[ Info: iter=8695 obj=1.4190800089343106e6 pinf=0.0 (0) dinf=1.1604696795178542e12 (10387) time=452.853009708s
[ Info: iter=8696 obj=1.4190800089343106e6 pinf=0.0 (0) dinf=1.1604596344159294e12 (10387) time=452.950993711s
[ Info: iter=8697 obj=1.4190800089343118e6 pinf=0.0 (0) dinf=1.155283834163925e12 (10364) time=453.049572214s
[ Info: iter=8698 obj=1.4190800089343132e6 pinf=0.0 (0) dinf=1.144576674851325e12 (10333) time=453.141824617s
[ Info: iter=8699 obj=1.419080008934313e6 pinf=0.0 (0) dinf=1.1462285210020066e12 (10401) time=453.22594812s
[ Info: iter=8700 obj=1.419080008934313e6 pinf=0.0 (0) dinf=1.1462276209134312e12 (10401) time=453.287172422s
[ Info: iter=8701 obj=1.4190800089410902e6 pinf=0.0 (0) dinf=1.146198903507412e12 (10368) time=453.368253624s
[ Info: iter=8702 obj=1.4190800089410902e6 pinf=0.0 (0) dinf=1.1461991163765334e12 (10368) time=453.447238127s
[ Info: iter=8703 obj=1.4190800089410902e6 pinf=0.0 (0) dinf=1.1461986925139258e12 (10368) time=453.52657073s
[ Info: iter=8704 obj=1.4190800089410902e6 pinf=0.0 (0) dinf=1.1461985331631926e12 (10367) time=453.605482632s
[ Info: iter=8705 obj=1.4190800089410902e6 pinf=0.0 (0) dinf=1.1461968386712185e12 (10366) time=453.684564535s
[ Info: iter=8706 obj=1.4190800089355102e6 pinf=0.0 (0) dinf=1.1459130319790466e12 (10364) time=453.769005637s
[ Info: iter=8707 obj=1.419080008941091e6 pinf=0.0 (0) dinf=1.1461879556006404e12 (10363) time=453.85444824s
[ Info: iter=8708 obj=1.419080008941091e6 pinf=0.0 (0) dinf=1.14617912107147e12 (10361) time=453.934493043s
[ Info: iter=8709 obj=1.419080008941091e6 pinf=0.0 (0) dinf=1.1461701567754912e12 (10360) time=454.015438945s
[ Info: iter=8710 obj=1.419080008941091e6 pinf=0.0 (0) dinf=1.1461612414647522e12 (10358) time=454.098201948s
[ Info: iter=8711 obj=1.4190800089410916e6 pinf=0.0 (0) dinf=1.145873962474691e12 (10364) time=454.18081885s
[ Info: iter=8712 obj=1.4190800089410916e6 pinf=0.0 (0) dinf=1.145835899009346e12 (10367) time=454.265317553s
[ Info: iter=8713 obj=1.4190800089410923e6 pinf=0.0 (0) dinf=1.1458383025868154e12 (10365) time=454.347696656s
[ Info: iter=8714 obj=1.4190800089410914e6 pinf=0.0 (0) dinf=1.1456978540412122e12 (10372) time=454.430917058s
[ Info: iter=8715 obj=1.4190800089410902e6 pinf=0.0 (0) dinf=1.1461316318046401e12 (10352) time=454.514097261s
[ Info: iter=8716 obj=1.4190800089103347e6 pinf=0.0 (0) dinf=1.1459307451424485e12 (10370) time=454.597590064s
[ Info: iter=8717 obj=1.4190800089103365e6 pinf=0.0 (0) dinf=1.145935340075792e12 (10374) time=454.682321166s
[ Info: iter=8718 obj=1.4190800089103365e6 pinf=0.0 (0) dinf=1.145941749626023e12 (10373) time=454.770422969s
[ Info: iter=8719 obj=1.4190800089103365e6 pinf=0.0 (0) dinf=1.1459380794171577e12 (10373) time=454.856646072s
[ Info: iter=8720 obj=1.4190800089103347e6 pinf=0.0 (0) dinf=1.145926036468826e12 (10366) time=454.938724175s
[ Info: iter=8721 obj=1.4190800089103368e6 pinf=0.0 (0) dinf=1.1459010822254744e12 (10366) time=455.030478277s
[ Info: iter=8722 obj=1.4190800089106385e6 pinf=0.0 (0) dinf=1.1462504715891504e12 (10361) time=455.11523308s
[ Info: iter=8723 obj=1.4190800089106385e6 pinf=0.0 (0) dinf=1.1461987329504e12 (10361) time=455.202973683s
[ Info: iter=8724 obj=1.4190800089106385e6 pinf=0.0 (0) dinf=1.146147956556017e12 (10363) time=455.287436386s
[ Info: iter=8725 obj=1.4190800089106385e6 pinf=0.0 (0) dinf=1.1460979322896907e12 (10366) time=455.371645088s
[ Info: iter=8726 obj=1.4190800089106385e6 pinf=0.0 (0) dinf=1.1460962982587395e12 (10363) time=455.455972391s
[ Info: iter=8727 obj=1.4190800089106369e6 pinf=0.0 (0) dinf=1.1563817807090793e12 (10357) time=455.542615594s
[ Info: iter=8728 obj=1.4190800089106369e6 pinf=0.0 (0) dinf=1.1563987681031912e12 (10359) time=455.624299196s
[ Info: iter=8729 obj=1.4190800089106369e6 pinf=0.0 (0) dinf=1.1497484130908853e12 (10362) time=455.710328499s
[ Info: iter=8730 obj=1.4190800089106376e6 pinf=0.0 (0) dinf=1.149748091278346e12 (10361) time=455.793444002s
[ Info: iter=8731 obj=1.4190800089274137e6 pinf=0.0 (0) dinf=1.1522460195931555e12 (10358) time=455.878447405s
[ Info: iter=8732 obj=1.4190800089256198e6 pinf=0.0 (0) dinf=1.1506095735397454e12 (10354) time=455.961295607s
[ Info: iter=8733 obj=1.4190800089256198e6 pinf=0.0 (0) dinf=1.1505650317383523e12 (10369) time=456.04359021s
[ Info: iter=8734 obj=1.4190800089256198e6 pinf=0.0 (0) dinf=1.1505616314156501e12 (10369) time=456.126388312s
[ Info: iter=8735 obj=1.4190800089256198e6 pinf=0.0 (0) dinf=1.1505133865904863e12 (10372) time=456.214746215s
[ Info: iter=8736 obj=1.4190800089256198e6 pinf=0.0 (0) dinf=1.1475555756443645e12 (10349) time=456.298558018s
[ Info: iter=8737 obj=1.4190800089040287e6 pinf=0.0 (0) dinf=1.1468033012597114e12 (10350) time=456.385112721s
[ Info: iter=8738 obj=1.4190800089040273e6 pinf=0.0 (0) dinf=1.1464214631573699e12 (10349) time=456.469875523s
[ Info: iter=8739 obj=1.4190800089040305e6 pinf=0.0 (0) dinf=1.1460424237481272e12 (10337) time=456.555889026s
[ Info: iter=8740 obj=1.4190800089040305e6 pinf=0.0 (0) dinf=1.146014000170337e12 (10336) time=456.638711429s
[ Info: iter=8741 obj=1.4190800089040305e6 pinf=0.0 (0) dinf=1.1460033256157854e12 (10335) time=456.724444731s
[ Info: iter=8751 obj=1.4190800089024114e6 pinf=0.0 (0) dinf=1.144871664592399e12 (10329) time=456.880210436s
[ Info: iter=8752 obj=1.4190800089024077e6 pinf=0.0 (0) dinf=1.1448718208813628e12 (10344) time=456.959928239s
[ Info: iter=8753 obj=1.4190800089024077e6 pinf=0.0 (0) dinf=1.1448718737139648e12 (10347) time=457.050485442s
[ Info: iter=8754 obj=1.4190800089024077e6 pinf=0.0 (0) dinf=1.1448715541039263e12 (10344) time=457.131007144s
[ Info: iter=8755 obj=1.4190800089024077e6 pinf=0.0 (0) dinf=1.1448712816886992e12 (10347) time=457.218161847s
[ Info: iter=8756 obj=1.4190800089024077e6 pinf=0.0 (0) dinf=1.1448663457761196e12 (10346) time=457.31556005s
[ Info: iter=8757 obj=1.4190800089024077e6 pinf=0.0 (0) dinf=1.144960866255007e12 (10351) time=457.401374253s
[ Info: iter=8758 obj=1.4190800089024077e6 pinf=0.0 (0) dinf=1.1449392251152898e12 (10350) time=457.485057456s
[ Info: iter=8759 obj=1.4190800089024077e6 pinf=0.0 (0) dinf=1.1449177022332053e12 (10348) time=457.567057758s
[ Info: iter=8760 obj=1.4190800089024077e6 pinf=0.0 (0) dinf=1.144891151243417e12 (10347) time=457.649910561s
[ Info: iter=8761 obj=1.4190800089024077e6 pinf=0.0 (0) dinf=1.1448647453410525e12 (10345) time=457.735418064s
[ Info: iter=8762 obj=1.419080008902409e6 pinf=0.0 (0) dinf=1.1456833942561326e12 (10372) time=457.822621267s
[ Info: iter=8763 obj=1.4190800089024077e6 pinf=0.0 (0) dinf=1.1450077342844395e12 (10358) time=457.904216169s
[ Info: iter=8764 obj=1.4190800089024077e6 pinf=0.0 (0) dinf=1.1449587356092336e12 (10358) time=457.988005472s
[ Info: iter=8765 obj=1.4190800089024077e6 pinf=0.0 (0) dinf=1.1449097311303906e12 (10357) time=458.075501675s
[ Info: iter=8766 obj=1.4190800089024077e6 pinf=0.0 (0) dinf=1.1448605806899963e12 (10357) time=458.159883877s
[ Info: iter=8767 obj=1.4190800089024077e6 pinf=0.0 (0) dinf=1.144811425275283e12 (10356) time=458.24424898s
[ Info: iter=8768 obj=1.4190800089024077e6 pinf=0.0 (0) dinf=1.14479522717527e12 (10345) time=458.328948083s
[ Info: iter=8769 obj=1.4190800089025965e6 pinf=0.0 (0) dinf=1.144746649423807e12 (10344) time=458.422140486s
[ Info: iter=8770 obj=1.4190800089026573e6 pinf=0.0 (0) dinf=1.1446645301087764e12 (10343) time=458.516130889s
[ Info: iter=8771 obj=1.4190800089026573e6 pinf=0.0 (0) dinf=1.1446642515240815e12 (10342) time=458.608876192s
[ Info: iter=8772 obj=1.4190800089028822e6 pinf=0.0 (0) dinf=1.1446127363691235e12 (10332) time=458.703990295s
[ Info: iter=8773 obj=1.4190800089104287e6 pinf=0.0 (0) dinf=1.155046520335714e12 (10340) time=458.801082898s
[ Info: iter=8775 obj=1.4190800089104285e6 pinf=0.0 (0) dinf=1.1550052605736497e12 (10337) time=458.901529201s
[ Info: iter=8776 obj=1.4190800089104285e6 pinf=0.0 (0) dinf=1.155078928326647e12 (10342) time=458.995346004s
[ Info: iter=8777 obj=1.4190800089104285e6 pinf=0.0 (0) dinf=1.1550724935970437e12 (10342) time=459.098711807s
[ Info: iter=8778 obj=1.4190800089104257e6 pinf=0.0 (0) dinf=1.155072304125828e12 (10344) time=459.19439911s
[ Info: iter=8779 obj=1.4190800089104257e6 pinf=0.0 (0) dinf=1.1550566068098315e12 (10340) time=459.293527313s
[ Info: iter=8780 obj=1.4190800089104257e6 pinf=0.0 (0) dinf=1.1550601164788608e12 (10341) time=459.391079017s
[ Info: iter=8781 obj=1.4190800089104287e6 pinf=0.0 (0) dinf=1.1550052605629434e12 (10326) time=459.48672962s
[ Info: iter=8782 obj=1.4190800089104292e6 pinf=0.0 (0) dinf=1.1550136613991104e12 (10349) time=459.584138825s
[ Info: iter=8783 obj=1.4190800089104292e6 pinf=0.0 (0) dinf=1.1550103010658203e12 (10347) time=459.67954543s
[ Info: iter=8784 obj=1.4190800089156898e6 pinf=0.0 (0) dinf=1.1609621043352917e12 (10366) time=459.774958436s
[ Info: iter=8785 obj=1.4190800089156898e6 pinf=0.0 (0) dinf=1.1608478405716807e12 (10366) time=459.870456842s
[ Info: iter=8786 obj=1.4190800089156898e6 pinf=0.0 (0) dinf=1.160733590345965e12 (10365) time=459.964484948s
[ Info: iter=8787 obj=1.4190800089156898e6 pinf=0.0 (0) dinf=1.1606189746451265e12 (10365) time=460.060216254s
[ Info: iter=8788 obj=1.4190800089156898e6 pinf=0.0 (0) dinf=1.160504370548462e12 (10364) time=460.154272159s
[ Info: iter=8789 obj=1.4190800089156914e6 pinf=0.0 (0) dinf=1.160499164548038e12 (10357) time=460.248372065s
[ Info: iter=8790 obj=1.4190800089156914e6 pinf=0.0 (0) dinf=1.1605768415413933e12 (10361) time=460.350845471s
[ Info: iter=8791 obj=1.419080008756753e6 pinf=0.0 (0) dinf=1.156348571305882e12 (10360) time=460.455477578s
[ Info: iter=8792 obj=1.419080008756753e6 pinf=0.0 (0) dinf=1.156348155583363e12 (10359) time=460.560960584s
[ Info: iter=8793 obj=1.419080008756753e6 pinf=0.0 (0) dinf=1.1563413072381584e12 (10358) time=460.66325969s
[ Info: iter=8794 obj=1.419080008756755e6 pinf=0.0 (0) dinf=1.1563381458673606e12 (10364) time=460.765274797s
[ Info: iter=8795 obj=1.419080008756755e6 pinf=0.0 (0) dinf=1.1521109969223948e12 (10365) time=460.863048503s
[ Info: iter=8796 obj=1.419080008756755e6 pinf=0.0 (0) dinf=1.155734541745903e12 (10362) time=460.958905808s
[ Info: iter=8797 obj=1.4190800087976647e6 pinf=0.0 (0) dinf=1.1525320837369148e12 (10333) time=461.058883514s
[ Info: iter=8798 obj=1.4190800087939422e6 pinf=0.0 (0) dinf=1.156709020349473e12 (10344) time=461.161684621s
[ Info: iter=8799 obj=1.4190800087939422e6 pinf=0.0 (0) dinf=1.156707110800331e12 (10342) time=461.260292327s
[ Info: iter=8800 obj=1.4190800087939422e6 pinf=0.0 (0) dinf=1.1567067510472322e12 (10342) time=461.361935933s
[ Info: iter=8801 obj=1.4190800087939422e6 pinf=0.0 (0) dinf=1.1567063912939922e12 (10342) time=461.461602739s
[ Info: iter=8802 obj=1.4190800087939398e6 pinf=0.0 (0) dinf=1.1631747478670435e12 (10358) time=461.558453445s
[ Info: iter=8803 obj=1.4190800087939398e6 pinf=0.0 (0) dinf=1.1683679055210063e12 (10356) time=461.655015851s
[ Info: iter=8804 obj=1.4190800087899347e6 pinf=0.0 (0) dinf=1.1697419728804392e12 (10354) time=461.758584057s
[ Info: iter=8805 obj=1.419080008786528e6 pinf=0.0 (0) dinf=1.1707134524715867e12 (10357) time=461.859657263s
[ Info: iter=8806 obj=1.4190800087832566e6 pinf=0.0 (0) dinf=1.1716446752310452e12 (10355) time=461.96281237s
[ Info: iter=8807 obj=1.419080008906424e6 pinf=0.0 (0) dinf=1.1720320890313872e12 (10353) time=462.068078176s
[ Info: iter=8808 obj=1.419080008906426e6 pinf=0.0 (0) dinf=1.1718122459924263e12 (10358) time=462.179831983s
[ Info: iter=8809 obj=1.4190800089064257e6 pinf=0.0 (0) dinf=1.1718122626419958e12 (10355) time=462.282128789s
[ Info: iter=8810 obj=1.4190800089064257e6 pinf=0.0 (0) dinf=1.171834328740545e12 (10356) time=462.385803695s
[ Info: iter=8811 obj=1.4190800089039747e6 pinf=0.0 (0) dinf=1.1708505137635266e12 (10328) time=462.491711102s
[ Info: iter=8812 obj=1.4190800089028724e6 pinf=0.0 (0) dinf=1.1709321016338933e12 (10353) time=462.589219508s
[ Info: iter=8813 obj=1.4190800089028724e6 pinf=0.0 (0) dinf=1.1705204292820115e12 (10353) time=462.698015414s
[ Info: iter=8814 obj=1.4190800089028724e6 pinf=0.0 (0) dinf=1.170506777147908e12 (10354) time=462.807404521s
[ Info: iter=8815 obj=1.4190800089028724e6 pinf=0.0 (0) dinf=1.1705143721568843e12 (10354) time=462.914052428s
[ Info: iter=8816 obj=1.4190800089028687e6 pinf=0.0 (0) dinf=1.1704674879791897e12 (10337) time=463.025970734s
[ Info: iter=8817 obj=1.4190800089028687e6 pinf=0.0 (0) dinf=1.1704899185031262e12 (10338) time=463.141307641s
[ Info: iter=8818 obj=1.4190800089028687e6 pinf=0.0 (0) dinf=1.170501890275401e12 (10340) time=463.245871548s
[ Info: iter=8819 obj=1.4190800089028776e6 pinf=0.0 (0) dinf=1.1705018902740137e12 (10341) time=463.353228954s
[ Info: iter=8820 obj=1.4190800089028776e6 pinf=0.0 (0) dinf=1.1704936090940906e12 (10340) time=463.459766761s
[ Info: iter=8821 obj=1.4190800089028776e6 pinf=0.0 (0) dinf=1.1704991891567698e12 (10342) time=463.568196267s
[ Info: iter=8822 obj=1.4190800089028776e6 pinf=0.0 (0) dinf=1.1704804167056177e12 (10342) time=463.678322774s
[ Info: iter=8823 obj=1.4190800088953932e6 pinf=0.0 (0) dinf=1.170649539901785e12 (10341) time=463.789740981s
[ Info: iter=8824 obj=1.4190800088915331e6 pinf=0.0 (0) dinf=1.170940890397292e12 (10340) time=463.884270287s
[ Info: iter=8825 obj=1.4190800088864216e6 pinf=0.0 (0) dinf=1.1716896448302358e12 (10339) time=463.983331993s
[ Info: iter=8826 obj=1.4190800088780178e6 pinf=0.0 (0) dinf=1.1718002142998093e12 (10338) time=464.089280299s
[ Info: iter=8827 obj=1.4190800088734978e6 pinf=0.0 (0) dinf=1.1720948474182534e12 (10337) time=464.187543005s
[ Info: iter=8828 obj=1.419080008868114e6 pinf=0.0 (0) dinf=1.1728385819466665e12 (10336) time=464.282192511s
[ Info: iter=8829 obj=1.419080008868114e6 pinf=0.0 (0) dinf=1.1728482894403591e12 (10336) time=464.366049116s
[ Info: iter=8830 obj=1.419080008868114e6 pinf=0.0 (0) dinf=1.1728459366463223e12 (10340) time=464.458462522s
[ Info: iter=8831 obj=1.419080008868114e6 pinf=0.0 (0) dinf=1.172842363227733e12 (10339) time=464.550013527s
[ Info: iter=8832 obj=1.419080008868114e6 pinf=0.0 (0) dinf=1.1728417474680388e12 (10338) time=464.642122933s
[ Info: iter=8833 obj=1.4190800088681115e6 pinf=0.0 (0) dinf=1.1728196516398354e12 (10337) time=464.738118439s
[ Info: iter=8834 obj=1.4190800088681115e6 pinf=0.0 (0) dinf=1.1728063912381677e12 (10334) time=464.843066245s
[ Info: iter=8835 obj=1.4190800088681097e6 pinf=0.0 (0) dinf=1.1728125983421455e12 (10327) time=464.948145351s
[ Info: iter=8836 obj=1.4190800088681153e6 pinf=0.0 (0) dinf=1.1728072900226572e12 (10330) time=465.059322158s
[ Info: iter=8837 obj=1.4190800088712862e6 pinf=0.0 (0) dinf=1.1714011771996223e12 (10329) time=465.176109565s
[ Info: iter=8838 obj=1.4190800088712862e6 pinf=0.0 (0) dinf=1.1712391705485742e12 (10329) time=465.276042071s
[ Info: iter=8839 obj=1.419080008874103e6 pinf=0.0 (0) dinf=1.1699734538501238e12 (10327) time=465.380377778s
[ Info: iter=8840 obj=1.419080008874103e6 pinf=0.0 (0) dinf=1.1698154328942957e12 (10329) time=465.484596584s
[ Info: iter=8841 obj=1.4190800087387695e6 pinf=0.0 (0) dinf=1.169046315668562e12 (10322) time=465.591914591s
[ Info: iter=8842 obj=1.4190800089328384e6 pinf=0.0 (0) dinf=1.2275372429308137e12 (10324) time=465.704478698s
[ Info: iter=8843 obj=1.4190800089328336e6 pinf=0.0 (0) dinf=1.227537242930796e12 (10328) time=465.818602605s
[ Info: iter=8844 obj=1.4190800089328336e6 pinf=0.0 (0) dinf=1.2275443686838484e12 (10331) time=465.930559611s
[ Info: iter=8845 obj=1.4190800089328336e6 pinf=0.0 (0) dinf=1.2275364280499128e12 (10328) time=466.041224518s
[ Info: iter=8846 obj=1.4190800089328382e6 pinf=0.0 (0) dinf=1.2275364280516033e12 (10331) time=466.151857325s
[ Info: iter=8847 obj=1.4190800089328382e6 pinf=0.0 (0) dinf=1.227594940541602e12 (10335) time=466.269843332s
[ Info: iter=8848 obj=1.4190800089328382e6 pinf=0.0 (0) dinf=1.227366488210377e12 (10334) time=466.389135739s
[ Info: iter=8849 obj=1.4190800089328382e6 pinf=0.0 (0) dinf=1.2273540231030928e12 (10333) time=466.507591247s
[ Info: iter=8850 obj=1.4190800089328382e6 pinf=0.0 (0) dinf=1.2271392842529578e12 (10332) time=466.627801054s
[ Info: iter=8851 obj=1.4190800089328382e6 pinf=0.0 (0) dinf=1.226908742988915e12 (10331) time=466.748514461s
[ Info: iter=8852 obj=1.4190800089328382e6 pinf=0.0 (0) dinf=1.2268942003637493e12 (10330) time=466.863482668s
[ Info: iter=8853 obj=1.4190800089328382e6 pinf=0.0 (0) dinf=1.226679461513615e12 (10329) time=466.980623975s
[ Info: iter=8854 obj=1.4190800089328373e6 pinf=0.0 (0) dinf=1.1677941026063484e12 (10309) time=467.102304083s
[ Info: iter=8856 obj=1.4190800089328382e6 pinf=0.0 (0) dinf=1.174286743954465e12 (10394) time=467.212288789s
[ Info: iter=8857 obj=1.419080008857648e6 pinf=0.0 (0) dinf=1.1804417864919177e12 (10391) time=467.310066795s
[ Info: iter=8858 obj=1.419080008857648e6 pinf=0.0 (0) dinf=1.1740304708256172e12 (10348) time=467.403818401s
[ Info: iter=8859 obj=1.4190800088201356e6 pinf=0.0 (0) dinf=1.1817152189077327e12 (10392) time=467.501745107s
[ Info: iter=8860 obj=1.4190800088201314e6 pinf=0.0 (0) dinf=1.1780786839586965e12 (10356) time=467.602275817s
[ Info: iter=8861 obj=1.4190800089087593e6 pinf=0.0 (0) dinf=1.181025359045295e12 (10338) time=467.664880023s
[ Info: iter=8862 obj=1.4190800089087593e6 pinf=0.0 (0) dinf=1.1810292328513918e12 (10338) time=467.72949543s
[ Info: iter=8863 obj=1.4190800089087593e6 pinf=0.0 (0) dinf=1.1810272959483435e12 (10338) time=467.791033137s
[ Info: iter=8864 obj=1.4190800089087593e6 pinf=0.0 (0) dinf=1.181023896218523e12 (10337) time=467.854477643s
[ Info: iter=8865 obj=1.4190800089087593e6 pinf=0.0 (0) dinf=1.1810090215872715e12 (10339) time=467.942328153s
[ Info: iter=8866 obj=1.419080008908758e6 pinf=0.0 (0) dinf=1.1664413654977786e12 (10358) time=468.029843662s
[ Info: iter=8867 obj=1.419080008929838e6 pinf=0.0 (0) dinf=1.1679007554579685e12 (10356) time=468.134129273s
[ Info: iter=8868 obj=1.419080008929838e6 pinf=0.0 (0) dinf=1.1679007533902864e12 (10357) time=468.218707682s
[ Info: iter=8869 obj=1.419080008929838e6 pinf=0.0 (0) dinf=1.1661708935341428e12 (10358) time=468.320442993s
[ Info: iter=8870 obj=1.419080008929838e6 pinf=0.0 (0) dinf=1.1592881129533228e12 (10362) time=468.421956904s
[ Info: iter=8871 obj=1.419080008929838e6 pinf=0.0 (0) dinf=1.158295149839842e12 (10360) time=468.523271814s
[ Info: iter=8872 obj=1.4190800089403612e6 pinf=0.0 (0) dinf=1.158955342968126e12 (10360) time=468.630256826s
[ Info: iter=8873 obj=1.419080008937833e6 pinf=0.0 (0) dinf=1.1585846591075522e12 (10359) time=468.734089737s
[ Info: iter=8874 obj=1.4190800087469025e6 pinf=0.0 (0) dinf=1.1601880252757527e12 (10354) time=468.837038248s
[ Info: iter=8875 obj=1.419080008746902e6 pinf=0.0 (0) dinf=1.160168894161007e12 (10351) time=468.939829259s
[ Info: iter=8876 obj=1.419080008746902e6 pinf=0.0 (0) dinf=1.160168894161007e12 (10350) time=469.039975969s
[ Info: iter=8877 obj=1.419080008746902e6 pinf=0.0 (0) dinf=1.1600021680073174e12 (10357) time=469.13693758s
[ Info: iter=8878 obj=1.419080008746902e6 pinf=0.0 (0) dinf=1.1599702305321074e12 (10356) time=469.241861291s
[ Info: iter=8879 obj=1.419080008746902e6 pinf=0.0 (0) dinf=1.159964551561827e12 (10355) time=469.339104301s
[ Info: iter=8880 obj=1.419080008746902e6 pinf=0.0 (0) dinf=1.1599691138583552e12 (10356) time=469.437518812s
[ Info: iter=8881 obj=1.419080008746902e6 pinf=0.0 (0) dinf=1.1599599892651536e12 (10354) time=469.534361022s
[ Info: iter=8882 obj=1.4190800087954625e6 pinf=0.0 (0) dinf=1.1764610976968901e12 (10366) time=469.633752533s
[ Info: iter=8884 obj=1.4190800088160853e6 pinf=0.0 (0) dinf=1.1834694564901516e12 (10333) time=469.722491842s
[ Info: iter=8885 obj=1.4190800088160853e6 pinf=0.0 (0) dinf=1.1834791030170715e12 (10333) time=469.813715552s
[ Info: iter=8886 obj=1.4190800088160853e6 pinf=0.0 (0) dinf=1.1834592669950017e12 (10334) time=469.909922462s
[ Info: iter=8887 obj=1.4190800088160853e6 pinf=0.0 (0) dinf=1.1833489565984465e12 (10334) time=470.003203072s
[ Info: iter=8888 obj=1.4190800088160853e6 pinf=0.0 (0) dinf=1.1833450031912078e12 (10334) time=470.096971682s
[ Info: iter=8889 obj=1.4190800088160853e6 pinf=0.0 (0) dinf=1.183230752925314e12 (10333) time=470.189694792s
[ Info: iter=8890 obj=1.4190800088160853e6 pinf=0.0 (0) dinf=1.1831204425287603e12 (10333) time=470.285435702s
PROGRESS iter=9000 refs=3403 pinf=0.0 working_objective=605519.5025243675
[ Info: iter=8891 obj=1.4190800088160853e6 pinf=0.0 (0) dinf=1.183116137184169e12 (10333) time=470.379161112s
[ Info: iter=8892 obj=1.4190800088160853e6 pinf=0.0 (0) dinf=1.1830015330472017e12 (10332) time=470.473115322s
[ Info: iter=8893 obj=1.4190800088160853e6 pinf=0.0 (0) dinf=1.1830138207926577e12 (10334) time=470.569594332s
[ Info: iter=8894 obj=1.4190800088160853e6 pinf=0.0 (0) dinf=1.183007676920916e12 (10331) time=470.669245243s
[ Info: iter=8895 obj=1.4190800088160825e6 pinf=0.0 (0) dinf=1.1829995957103384e12 (10327) time=470.770089553s
[ Info: iter=8896 obj=1.4190800088160825e6 pinf=0.0 (0) dinf=1.1829896157408386e12 (10325) time=470.868448764s
[ Info: iter=8897 obj=1.4190800088160825e6 pinf=0.0 (0) dinf=1.1830140923263237e12 (10323) time=470.966732874s
[ Info: iter=8898 obj=1.4190800088160825e6 pinf=0.0 (0) dinf=1.18297893864313e12 (10320) time=471.068034085s
[ Info: iter=8899 obj=1.4190800088160825e6 pinf=0.0 (0) dinf=1.182977001844534e12 (10320) time=471.167631796s
[ Info: iter=8900 obj=1.4190800088160825e6 pinf=0.0 (0) dinf=1.1829750650459382e12 (10320) time=471.275759407s
[ Info: iter=8901 obj=1.4190800088160825e6 pinf=0.0 (0) dinf=1.182973602298053e12 (10319) time=471.374516918s
[ Info: iter=8902 obj=1.4190800088160825e6 pinf=0.0 (0) dinf=1.1829331576496165e12 (10318) time=471.476942529s
[ Info: iter=8903 obj=1.4190800088160806e6 pinf=0.0 (0) dinf=1.185071757154842e12 (10317) time=471.58171804s
[ Info: iter=8904 obj=1.4190800088160806e6 pinf=0.0 (0) dinf=1.1850633061913296e12 (10316) time=471.700397252s
[ Info: iter=8905 obj=1.4190800088160806e6 pinf=0.0 (0) dinf=1.1850982552768606e12 (10317) time=471.820931265s
[ Info: iter=8906 obj=1.4190800088160853e6 pinf=0.0 (0) dinf=1.1857954987253508e12 (10327) time=471.948100579s
[ Info: iter=8907 obj=1.4190800088160853e6 pinf=0.0 (0) dinf=1.18578928361897e12 (10329) time=472.082040693s
[ Info: iter=8908 obj=1.4190800088160853e6 pinf=0.0 (0) dinf=1.1857298780062405e12 (10324) time=472.213382707s
[ Info: iter=8909 obj=1.4190800088160853e6 pinf=0.0 (0) dinf=1.1857298780060745e12 (10324) time=472.347681821s
[ Info: iter=8910 obj=1.4190800088715912e6 pinf=0.0 (0) dinf=1.1918171204790383e12 (10323) time=472.485228736s
[ Info: iter=8911 obj=1.4190800088715912e6 pinf=0.0 (0) dinf=1.191817713577481e12 (10324) time=472.568893945s
[ Info: iter=8912 obj=1.4190800088715912e6 pinf=0.0 (0) dinf=1.1918183375847559e12 (10324) time=472.660256254s
[ Info: iter=8913 obj=1.419080008871587e6 pinf=0.0 (0) dinf=1.5244253182192869e12 (10337) time=472.792041768s
[ Info: iter=8914 obj=1.419080008871592e6 pinf=0.0 (0) dinf=1.7111392096910151e12 (10341) time=472.929196183s
[ Info: iter=8915 obj=1.419080008871592e6 pinf=0.0 (0) dinf=1.7111141011822153e12 (10340) time=473.073475698s
[ Info: iter=8916 obj=1.419080008871592e6 pinf=0.0 (0) dinf=1.711114101182215e12 (10339) time=473.222454014s
[ Info: iter=8917 obj=1.419080008871592e6 pinf=0.0 (0) dinf=1.710350681022561e12 (10335) time=473.36907213s
[ Info: iter=8918 obj=1.4190800088795796e6 pinf=0.0 (0) dinf=1.8565608215625376e12 (10348) time=473.518613146s
[ Info: iter=8919 obj=1.4190800089282177e6 pinf=0.0 (0) dinf=1.8569147690946836e12 (10352) time=473.682574563s
[ Info: iter=8920 obj=1.4190800089282177e6 pinf=0.0 (0) dinf=1.8568164280137249e12 (10352) time=473.779130973s
[ Info: iter=8921 obj=1.4190800089282177e6 pinf=0.0 (0) dinf=1.8567110539119656e12 (10352) time=473.924805289s
[ Info: iter=8922 obj=1.4190800089282177e6 pinf=0.0 (0) dinf=1.85663693578627e12 (10352) time=474.072719605s
[ Info: iter=8923 obj=1.4190800089282177e6 pinf=0.0 (0) dinf=1.8566083034580352e12 (10351) time=474.222852021s
[ Info: iter=8924 obj=1.4190800088795796e6 pinf=0.0 (0) dinf=1.8564941223030952e12 (10346) time=474.368549736s
[ Info: iter=8925 obj=1.4190800088795796e6 pinf=0.0 (0) dinf=1.856098687597716e12 (10346) time=474.559244856s
[ Info: iter=8926 obj=1.4190800088795796e6 pinf=0.0 (0) dinf=1.856096373287732e12 (10345) time=474.667995768s
[ Info: iter=8927 obj=1.4190800088795796e6 pinf=0.0 (0) dinf=1.8558855169213198e12 (10344) time=474.836202686s
[ Info: iter=8928 obj=1.4190800088795796e6 pinf=0.0 (0) dinf=1.8563544740742217e12 (10340) time=475.012611305s
[ Info: iter=8929 obj=1.4190800088795796e6 pinf=0.0 (0) dinf=1.8560297019393232e12 (10341) time=475.189363823s
[ Info: iter=8930 obj=1.4190800088795796e6 pinf=0.0 (0) dinf=1.8560970950484297e12 (10342) time=475.382601744s
[ Info: iter=8931 obj=1.4190800088795796e6 pinf=0.0 (0) dinf=1.8559619217240364e12 (10339) time=475.568612861s
[ Info: iter=8932 obj=1.4190800088795796e6 pinf=0.0 (0) dinf=1.8559653112752937e12 (10335) time=475.765032465s
[ Info: iter=8933 obj=1.4190800088795796e6 pinf=0.0 (0) dinf=1.8559573373348054e12 (10333) time=475.952762268s
[ Info: iter=8934 obj=1.4190800088795796e6 pinf=0.0 (0) dinf=1.85595733733401e12 (10333) time=476.148180972s
[ Info: iter=8935 obj=1.4190800088795796e6 pinf=0.0 (0) dinf=1.8559560753397676e12 (10332) time=476.343540375s
[ Info: iter=8936 obj=1.4190800089282175e6 pinf=0.0 (0) dinf=1.8559611974938787e12 (10334) time=476.545334079s
[ Info: iter=8937 obj=1.4190800089343667e6 pinf=0.0 (0) dinf=1.867389226375121e12 (10341) time=476.751101183s
[ Info: iter=8938 obj=1.4190800089343667e6 pinf=0.0 (0) dinf=1.8673560321891755e12 (10340) time=476.949860186s
[ Info: iter=8939 obj=1.4190800089343667e6 pinf=0.0 (0) dinf=1.867322655617532e12 (10337) time=477.15006519s
[ Info: iter=8940 obj=1.4190800089343667e6 pinf=0.0 (0) dinf=1.8672606453868381e12 (10334) time=477.359952094s
[ Info: iter=8941 obj=1.4190800089343674e6 pinf=0.0 (0) dinf=1.5929147094093506e12 (10334) time=477.559065597s
[ Info: iter=8943 obj=1.4190800089343665e6 pinf=0.0 (0) dinf=1.1758332038649182e12 (10392) time=477.654019799s
[ Info: iter=8944 obj=1.4190800089343665e6 pinf=0.0 (0) dinf=1.175834825007556e12 (10392) time=477.7340883s
[ Info: iter=8945 obj=1.4190800089343665e6 pinf=0.0 (0) dinf=1.175854120082067e12 (10394) time=477.820382102s
[ Info: iter=8946 obj=1.419080008929676e6 pinf=0.0 (0) dinf=1.1757932684160757e12 (10394) time=477.907119903s
[ Info: iter=8948 obj=1.419080008929674e6 pinf=0.0 (0) dinf=1.1533909445616174e12 (10375) time=477.995383905s
[ Info: iter=8949 obj=1.419080008929674e6 pinf=0.0 (0) dinf=1.1532936779157576e12 (10384) time=478.086842507s
[ Info: iter=8950 obj=1.4190800088945774e6 pinf=0.0 (0) dinf=1.1537992585752258e12 (10384) time=478.186824608s
[ Info: iter=8951 obj=1.4190800088945774e6 pinf=0.0 (0) dinf=1.1537988817399177e12 (10384) time=478.28355881s
[ Info: iter=8952 obj=1.4190800088945774e6 pinf=0.0 (0) dinf=1.1537966223597634e12 (10384) time=478.382028112s
[ Info: iter=8953 obj=1.4190800088945774e6 pinf=0.0 (0) dinf=1.1538037334465964e12 (10385) time=478.477592514s
[ Info: iter=8954 obj=1.4190800088945774e6 pinf=0.0 (0) dinf=1.1538009108397095e12 (10385) time=478.575205115s
[ Info: iter=8955 obj=1.419080008932086e6 pinf=0.0 (0) dinf=1.1689224988261816e12 (10391) time=478.672834417s
[ Info: iter=8956 obj=1.4190800089328098e6 pinf=0.0 (0) dinf=1.1688681969721958e12 (10390) time=478.766457719s
[ Info: iter=8957 obj=1.4190800089328098e6 pinf=0.0 (0) dinf=1.1688171240969902e12 (10390) time=478.858354921s
[ Info: iter=8958 obj=1.4190800089328098e6 pinf=0.0 (0) dinf=1.1686093611889043e12 (10389) time=478.952040922s
[ Info: iter=8959 obj=1.4190800089328098e6 pinf=0.0 (0) dinf=1.1685599489696313e12 (10390) time=479.047789324s
[ Info: iter=8960 obj=1.4190800089328098e6 pinf=0.0 (0) dinf=1.1685105153428118e12 (10389) time=479.143765526s
[ Info: iter=8961 obj=1.4190800089328098e6 pinf=0.0 (0) dinf=1.1683675915293103e12 (10388) time=479.244055627s
[ Info: iter=8962 obj=1.4190800089328098e6 pinf=0.0 (0) dinf=1.1684451237234539e12 (10387) time=479.337866129s
[ Info: iter=8963 obj=1.4190800089328098e6 pinf=0.0 (0) dinf=1.1684451237234539e12 (10386) time=479.446404931s
[ Info: iter=8964 obj=1.4190800089328098e6 pinf=0.0 (0) dinf=1.1683593120942312e12 (10385) time=479.547575333s
[ Info: iter=8965 obj=1.4190800089328098e6 pinf=0.0 (0) dinf=1.1683581514154214e12 (10384) time=479.652664135s
[ Info: iter=8966 obj=1.4190800089328098e6 pinf=0.0 (0) dinf=1.1683541980495818e12 (10385) time=479.778130537s
[ Info: iter=8967 obj=1.4190800089328098e6 pinf=0.0 (0) dinf=1.168355646602697e12 (10386) time=479.906079539s
[ Info: iter=8968 obj=1.4190800089328098e6 pinf=0.0 (0) dinf=1.1683576517976426e12 (10385) time=480.038164342s
[ Info: iter=8969 obj=1.4190800089328098e6 pinf=0.0 (0) dinf=1.1683553302558953e12 (10384) time=480.172246844s
[ Info: iter=8970 obj=1.4190800089328098e6 pinf=0.0 (0) dinf=1.1683606733379272e12 (10386) time=480.303176047s
[ Info: iter=8971 obj=1.4190800089328098e6 pinf=0.0 (0) dinf=1.1683605448758452e12 (10385) time=480.431714349s
[ Info: iter=8972 obj=1.4190800089328098e6 pinf=0.0 (0) dinf=1.1683570683470942e12 (10384) time=480.563999351s
[ Info: iter=8973 obj=1.4190800089328098e6 pinf=0.0 (0) dinf=1.168356601708525e12 (10383) time=480.695889754s
[ Info: iter=8974 obj=1.4190800089328098e6 pinf=0.0 (0) dinf=1.1683583291435764e12 (10384) time=480.827142556s
[ Info: iter=8975 obj=1.4190800089328098e6 pinf=0.0 (0) dinf=1.1698169046355393e12 (10399) time=480.959415258s
[ Info: iter=8976 obj=1.4190800089328052e6 pinf=0.0 (0) dinf=1.1699386157199656e12 (10386) time=481.091755461s
[ Info: iter=8977 obj=1.4190800089328052e6 pinf=0.0 (0) dinf=1.1699444946854365e12 (10387) time=481.227294963s
[ Info: iter=8978 obj=1.4190800089328052e6 pinf=0.0 (0) dinf=1.1699425684010583e12 (10385) time=481.361757566s
[ Info: iter=8979 obj=1.4190800089328052e6 pinf=0.0 (0) dinf=1.1699234943199714e12 (10382) time=481.506280468s
[ Info: iter=8980 obj=1.419080008932806e6 pinf=0.0 (0) dinf=1.1699187438610469e12 (10368) time=481.643123671s
[ Info: iter=8981 obj=1.419080008932806e6 pinf=0.0 (0) dinf=1.169917016830578e12 (10368) time=481.780039073s
[ Info: iter=8982 obj=1.419080008932806e6 pinf=0.0 (0) dinf=1.1698816540410908e12 (10367) time=481.916164676s
[ Info: iter=8983 obj=1.419080008932806e6 pinf=0.0 (0) dinf=1.1698464844909543e12 (10365) time=482.051751478s
[ Info: iter=8984 obj=1.419080008932806e6 pinf=0.0 (0) dinf=1.1698161244078984e12 (10365) time=482.187607281s
[ Info: iter=8985 obj=1.419080008932806e6 pinf=0.0 (0) dinf=1.169785649609927e12 (10364) time=482.321637283s
[ Info: iter=8986 obj=1.419080008932806e6 pinf=0.0 (0) dinf=1.1696676954783765e12 (10364) time=482.457157485s
[ Info: iter=8987 obj=1.4190800089197734e6 pinf=0.0 (0) dinf=1.1709553249957441e12 (10376) time=482.594257988s
[ Info: iter=8988 obj=1.4190800089197734e6 pinf=0.0 (0) dinf=1.1713200169813525e12 (10377) time=482.73537929s
[ Info: iter=8989 obj=1.4190800089374117e6 pinf=0.0 (0) dinf=1.1715399313060552e12 (10377) time=482.867433693s
[ Info: iter=8990 obj=1.4190800089374117e6 pinf=0.0 (0) dinf=1.1715409846970417e12 (10377) time=483.004303295s
[ Info: iter=8991 obj=1.4190800089374117e6 pinf=0.0 (0) dinf=1.1715431595573796e12 (10379) time=483.135704798s
[ Info: iter=8992 obj=1.4190800089374117e6 pinf=0.0 (0) dinf=1.1715407462356953e12 (10375) time=483.2697082s
[ Info: iter=8993 obj=1.4190800089374117e6 pinf=0.0 (0) dinf=1.171271668046541e12 (10374) time=483.415189303s
[ Info: iter=8994 obj=1.4190800089092846e6 pinf=0.0 (0) dinf=1.172027473507963e12 (10360) time=483.565754405s
[ Info: iter=8995 obj=1.4190800089406036e6 pinf=0.0 (0) dinf=1.1747222297027551e12 (10359) time=483.704443608s
[ Info: iter=8996 obj=1.4190800089406036e6 pinf=0.0 (0) dinf=1.174146187387897e12 (10356) time=483.856598911s
[ Info: iter=8997 obj=1.4190800089406036e6 pinf=0.0 (0) dinf=1.1738624774404058e12 (10357) time=484.010758215s
[ Info: iter=8998 obj=1.4190800089406036e6 pinf=0.0 (0) dinf=1.1738438944894631e12 (10358) time=484.140127017s
[ Info: iter=8999 obj=1.4190800089406036e6 pinf=0.0 (0) dinf=1.1735320303676655e12 (10356) time=484.29429862s
[ Info: iter=9000 obj=1.4190800089406036e6 pinf=0.0 (0) dinf=1.1733802132141904e12 (10354) time=484.452453424s
[ Info: iter=9001 obj=1.4190800089406036e6 pinf=0.0 (0) dinf=1.1733801725577688e12 (10350) time=484.545521026s
[ Info: iter=9002 obj=1.4190800089406047e6 pinf=0.0 (0) dinf=1.1733720563754495e12 (10362) time=484.696970029s
[ Info: iter=9003 obj=1.4190800089406047e6 pinf=0.0 (0) dinf=1.1733674411212212e12 (10362) time=484.855572232s
[ Info: iter=9004 obj=1.4190800089406038e6 pinf=0.0 (0) dinf=1.173524263862809e12 (10361) time=485.012946535s
[ Info: iter=9005 obj=1.4190800089406038e6 pinf=0.0 (0) dinf=1.1735233380971265e12 (10360) time=485.175790739s
[ Info: iter=9006 obj=1.4190800087878923e6 pinf=0.0 (0) dinf=1.165127566794725e12 (10387) time=485.335903142s
[ Info: iter=9007 obj=1.419080008787898e6 pinf=0.0 (0) dinf=1.1896122221334202e12 (10396) time=485.421367844s
[ Info: iter=9008 obj=1.4190800087985531e6 pinf=0.0 (0) dinf=1.1605961292267783e12 (10383) time=485.527041146s
[ Info: iter=9012 obj=1.419080008798554e6 pinf=0.0 (0) dinf=1.1591520574146453e12 (10408) time=485.639666748s
[ Info: iter=9013 obj=1.4190800087494662e6 pinf=0.0 (0) dinf=1.161631230871201e12 (10354) time=485.73261845s
[ Info: iter=9014 obj=1.419080008860248e6 pinf=0.0 (0) dinf=1.1614489508065728e12 (10357) time=485.826628452s
[ Info: iter=9015 obj=1.4190800087494547e6 pinf=0.0 (0) dinf=1.1616308777434834e12 (10371) time=485.919006054s
[ Info: iter=9016 obj=1.419080008860248e6 pinf=0.0 (0) dinf=1.1614519055733457e12 (10356) time=486.014295856s
[ Info: iter=9017 obj=1.419080008860248e6 pinf=0.0 (0) dinf=1.1614504281899604e12 (10356) time=486.109490758s
[ Info: iter=9018 obj=1.419080008860248e6 pinf=0.0 (0) dinf=1.161447835027461e12 (10355) time=486.20365196s
[ Info: iter=9019 obj=1.4190800088601725e6 pinf=0.0 (0) dinf=1.1547017301749153e12 (10387) time=486.299086162s
[ Info: iter=9020 obj=1.4190800088174818e6 pinf=0.0 (0) dinf=1.1505618492495361e12 (10398) time=486.375479364s
[ Info: iter=9021 obj=1.4190800088174818e6 pinf=0.0 (0) dinf=1.150549648768436e12 (10396) time=486.456509865s
[ Info: iter=9022 obj=1.419080008817481e6 pinf=0.0 (0) dinf=1.1504371999945186e12 (10395) time=486.535219167s
[ Info: iter=9023 obj=1.419080008817481e6 pinf=0.0 (0) dinf=1.1504404116628777e12 (10396) time=486.620268269s
[ Info: iter=9024 obj=1.419080008817481e6 pinf=0.0 (0) dinf=1.1504321449908467e12 (10392) time=486.70494207s
[ Info: iter=9025 obj=1.419080008817481e6 pinf=0.0 (0) dinf=1.1504443455605347e12 (10394) time=486.800395672s
[ Info: iter=9026 obj=1.4190800088250446e6 pinf=0.0 (0) dinf=1.1510292015433162e12 (10388) time=486.893770574s
[ Info: iter=9027 obj=1.4190800088250446e6 pinf=0.0 (0) dinf=1.1510250493727515e12 (10386) time=486.996984976s
[ Info: iter=9028 obj=1.4190800088250446e6 pinf=0.0 (0) dinf=1.1510219991121543e12 (10385) time=487.098919279s
[ Info: iter=9029 obj=1.4190800088250446e6 pinf=0.0 (0) dinf=1.1510216161547578e12 (10385) time=487.208540381s
[ Info: iter=9030 obj=1.419080008825048e6 pinf=0.0 (0) dinf=1.1510699879915876e12 (10395) time=487.311960783s
[ Info: iter=9031 obj=1.419080008825048e6 pinf=0.0 (0) dinf=1.1510676919051296e12 (10395) time=487.406321885s
[ Info: iter=9032 obj=1.4190800088250516e6 pinf=0.0 (0) dinf=1.1510731801583699e12 (10394) time=487.501528287s
[ Info: iter=9033 obj=1.4190800088250516e6 pinf=0.0 (0) dinf=1.1510731801084092e12 (10393) time=487.603999489s
[ Info: iter=9034 obj=1.4190800088250516e6 pinf=0.0 (0) dinf=1.1510661860474163e12 (10393) time=487.697432491s
[ Info: iter=9035 obj=1.4190800088250516e6 pinf=0.0 (0) dinf=1.1510676050951628e12 (10394) time=487.791889793s
[ Info: iter=9036 obj=1.4190800089045898e6 pinf=0.0 (0) dinf=1.150561331430898e12 (10392) time=487.883659895s
[ Info: iter=9037 obj=1.4190800088004798e6 pinf=0.0 (0) dinf=1.150576407292341e12 (10398) time=487.975040997s
[ Info: iter=9039 obj=1.4190800088004763e6 pinf=0.0 (0) dinf=1.1515946768465227e12 (10395) time=488.074892499s
[ Info: iter=9043 obj=1.4190800087999078e6 pinf=0.0 (0) dinf=1.1515540822267756e12 (10369) time=488.183053101s
[ Info: iter=9044 obj=1.4190800087999078e6 pinf=0.0 (0) dinf=1.1536380275013123e12 (10387) time=488.279392103s
[ Info: iter=9045 obj=1.4190800087999078e6 pinf=0.0 (0) dinf=1.1536379399203152e12 (10386) time=488.361971605s
[ Info: iter=9046 obj=1.4190800087999078e6 pinf=0.0 (0) dinf=1.153637103022471e12 (10387) time=488.459443307s
[ Info: iter=9049 obj=1.4190800087787923e6 pinf=0.0 (0) dinf=1.1534048536715864e12 (10364) time=488.587648709s
[ Info: iter=9050 obj=1.4190800088229417e6 pinf=0.0 (0) dinf=1.1534031895049211e12 (10365) time=488.649495511s
[ Info: iter=9051 obj=1.4190800088232371e6 pinf=0.0 (0) dinf=1.1534643342145305e12 (10369) time=488.746689113s
[ Info: iter=9052 obj=1.4190800088233293e6 pinf=0.0 (0) dinf=1.1534246185773477e12 (10375) time=488.842115615s
[ Info: iter=9053 obj=1.4190800088233293e6 pinf=0.0 (0) dinf=1.1536459429487478e12 (10390) time=488.932692317s
[ Info: iter=9054 obj=1.419080008823629e6 pinf=0.0 (0) dinf=1.153580506464682e12 (10370) time=489.024515618s
[ Info: iter=9055 obj=1.419080008823629e6 pinf=0.0 (0) dinf=1.154403501752657e12 (10369) time=489.11604552s
[ Info: iter=9057 obj=1.419080008823622e6 pinf=0.0 (0) dinf=1.1499855006849958e12 (10404) time=489.212533122s
[ Info: iter=9058 obj=1.419080008823622e6 pinf=0.0 (0) dinf=1.149991552308249e12 (10405) time=489.311631124s
[ Info: iter=9059 obj=1.419080008823622e6 pinf=0.0 (0) dinf=1.153888864789309e12 (10403) time=489.411858327s
[ Info: iter=9060 obj=1.4190800088236197e6 pinf=0.0 (0) dinf=1.1519675369976638e12 (10413) time=489.511505629s
[ Info: iter=9061 obj=1.4190800088236197e6 pinf=0.0 (0) dinf=1.1515037655264888e12 (10411) time=489.630825431s
[ Info: iter=9062 obj=1.4190800088236225e6 pinf=0.0 (0) dinf=1.1551238900697422e12 (10410) time=489.740067733s
[ Info: iter=9063 obj=1.4190800088236225e6 pinf=0.0 (0) dinf=1.1545882397814722e12 (10408) time=489.833968835s
[ Info: iter=9064 obj=1.4190800088236225e6 pinf=0.0 (0) dinf=1.1545880128986934e12 (10408) time=489.928788537s
[ Info: iter=9065 obj=1.4190800088236225e6 pinf=0.0 (0) dinf=1.1545861589778481e12 (10408) time=490.023579339s
[ Info: iter=9066 obj=1.4190800088236225e6 pinf=0.0 (0) dinf=1.1545870859382708e12 (10408) time=490.120401541s
[ Info: iter=9067 obj=1.4190800088900225e6 pinf=0.0 (0) dinf=1.1578401177808987e12 (10406) time=490.213277343s
[ Info: iter=9069 obj=1.4190800087728053e6 pinf=0.0 (0) dinf=1.1448507461341172e12 (10363) time=490.311336145s
[ Info: iter=9074 obj=1.4190800087666516e6 pinf=0.0 (0) dinf=1.1448636993565022e12 (10374) time=490.384345647s
[ Info: iter=9076 obj=1.4190800089284026e6 pinf=0.0 (0) dinf=1.144633584671453e12 (10358) time=490.474549949s
[ Info: iter=9077 obj=1.4190800089284026e6 pinf=0.0 (0) dinf=1.1446332847927246e12 (10358) time=490.55029305s
[ Info: iter=9078 obj=1.419080008928401e6 pinf=0.0 (0) dinf=1.1446370139524768e12 (10361) time=490.644614452s
[ Info: iter=9079 obj=1.4190800089284026e6 pinf=0.0 (0) dinf=1.1446371138112778e12 (10359) time=490.748387654s
[ Info: iter=9080 obj=1.4190800089284023e6 pinf=0.0 (0) dinf=1.157450564972936e12 (10369) time=490.842416456s
[ Info: iter=9081 obj=1.4190800089284023e6 pinf=0.0 (0) dinf=1.157450904621317e12 (10370) time=490.936301858s
[ Info: iter=9082 obj=1.4190800087369997e6 pinf=0.0 (0) dinf=1.1485129538374092e12 (10353) time=491.03047156s
[ Info: iter=9083 obj=1.4190800087369997e6 pinf=0.0 (0) dinf=1.1468175943739795e12 (10342) time=491.123334062s
[ Info: iter=9084 obj=1.4190800087369997e6 pinf=0.0 (0) dinf=1.1452251176113044e12 (10328) time=491.223559764s
[ Info: iter=9085 obj=1.4190800087369992e6 pinf=0.0 (0) dinf=1.1468242441060034e12 (10369) time=491.319338566s
[ Info: iter=9086 obj=1.4190800087369992e6 pinf=0.0 (0) dinf=1.146823479521253e12 (10368) time=491.413258668s
[ Info: iter=9087 obj=1.419080008737001e6 pinf=0.0 (0) dinf=1.146304929583678e12 (10359) time=491.50736107s
[ Info: iter=9088 obj=1.419080008737001e6 pinf=0.0 (0) dinf=1.1463052792385688e12 (10359) time=491.604346572s
[ Info: iter=9089 obj=1.419080008737002e6 pinf=0.0 (0) dinf=1.1583281093696155e12 (10357) time=491.707057073s
[ Info: iter=9090 obj=1.419080008737002e6 pinf=0.0 (0) dinf=1.158296541982153e12 (10353) time=491.801675475s
[ Info: iter=9091 obj=1.419080008737001e6 pinf=0.0 (0) dinf=1.1472504601277148e12 (10377) time=491.897056977s
[ Info: iter=9092 obj=1.419080008737001e6 pinf=0.0 (0) dinf=1.147245931231965e12 (10375) time=491.998781178s
[ Info: iter=9093 obj=1.419080008737001e6 pinf=0.0 (0) dinf=1.1472453220404497e12 (10374) time=492.09753498s
[ Info: iter=9094 obj=1.4190800088794963e6 pinf=0.0 (0) dinf=1.1467591779318752e12 (10350) time=492.197402581s
[ Info: iter=9095 obj=1.4190800088794963e6 pinf=0.0 (0) dinf=1.146752835470029e12 (10349) time=492.291588983s
[ Info: iter=9096 obj=1.4190800088801605e6 pinf=0.0 (0) dinf=1.1466448828885483e12 (10347) time=492.386337584s
[ Info: iter=9097 obj=1.4190800088801605e6 pinf=0.0 (0) dinf=1.1466511487807441e12 (10348) time=492.480427286s
[ Info: iter=9098 obj=1.4190800088986165e6 pinf=0.0 (0) dinf=1.146449739400928e12 (10346) time=492.573999487s
[ Info: iter=9099 obj=1.4190800088986165e6 pinf=0.0 (0) dinf=1.1459566138438623e12 (10344) time=492.667656189s
[ Info: iter=9100 obj=1.4190800088986182e6 pinf=0.0 (0) dinf=1.1458660694643718e12 (10341) time=492.762507291s
[ Info: iter=9101 obj=1.4190800088986177e6 pinf=0.0 (0) dinf=1.145775554025193e12 (10340) time=492.855536792s
[ Info: iter=9102 obj=1.4190800088986177e6 pinf=0.0 (0) dinf=1.1456814757558247e12 (10340) time=492.946544294s
[ Info: iter=9103 obj=1.4190800088986177e6 pinf=0.0 (0) dinf=1.145587407011665e12 (10339) time=493.036835195s
[ Info: iter=9104 obj=1.4190800088986177e6 pinf=0.0 (0) dinf=1.14528325068872e12 (10338) time=493.128251196s
[ Info: iter=9105 obj=1.4190800088986177e6 pinf=0.0 (0) dinf=1.145289437453025e12 (10340) time=493.225360098s
[ Info: iter=9106 obj=1.4190800088986177e6 pinf=0.0 (0) dinf=1.1452735139344849e12 (10337) time=493.3180454s
[ Info: iter=9107 obj=1.4190800088986177e6 pinf=0.0 (0) dinf=1.1452733210270703e12 (10337) time=493.409190801s
[ Info: iter=9108 obj=1.4190800087845295e6 pinf=0.0 (0) dinf=1.1501204413404248e12 (10406) time=493.501882003s
[ Info: iter=9109 obj=1.419080008784477e6 pinf=0.0 (0) dinf=1.1500960247954438e12 (10409) time=493.597238904s
[ Info: iter=9110 obj=1.419080008784478e6 pinf=0.0 (0) dinf=1.1521399927265034e12 (10415) time=493.704669906s
[ Info: iter=9111 obj=1.419080008751039e6 pinf=0.0 (0) dinf=1.1602993361593777e12 (10415) time=493.801627307s
[ Info: iter=9112 obj=1.419080008751654e6 pinf=0.0 (0) dinf=1.1610324116423333e12 (10420) time=493.896170909s
[ Info: iter=9113 obj=1.419080008751654e6 pinf=0.0 (0) dinf=1.1610002857737673e12 (10417) time=493.99169271s
[ Info: iter=9114 obj=1.419080008751654e6 pinf=0.0 (0) dinf=1.1621975266024534e12 (10419) time=494.086778212s
[ Info: iter=9115 obj=1.419080008751654e6 pinf=0.0 (0) dinf=1.1617776415794714e12 (10418) time=494.183019214s
[ Info: iter=9116 obj=1.4190800087516543e6 pinf=0.0 (0) dinf=1.1539191810961929e12 (10372) time=494.275670315s
[ Info: iter=9117 obj=1.419080008751039e6 pinf=0.0 (0) dinf=1.1603787160787053e12 (10414) time=494.370178417s
[ Info: iter=9118 obj=1.419080008751039e6 pinf=0.0 (0) dinf=1.158786533634566e12 (10413) time=494.466645618s
[ Info: iter=9119 obj=1.419080008751039e6 pinf=0.0 (0) dinf=1.1584891270084448e12 (10410) time=494.56047332s
[ Info: iter=9120 obj=1.419080008754088e6 pinf=0.0 (0) dinf=1.1579194897772554e12 (10410) time=494.654973821s
[ Info: iter=9121 obj=1.419080008751039e6 pinf=0.0 (0) dinf=1.157790956759831e12 (10407) time=494.749433323s
[ Info: iter=9122 obj=1.419080008751039e6 pinf=0.0 (0) dinf=1.1571011322516948e12 (10406) time=494.849758924s
[ Info: iter=9123 obj=1.4190800087510361e6 pinf=0.0 (0) dinf=1.1571493288977659e12 (10410) time=494.945982526s
[ Info: iter=9124 obj=1.41908000875104e6 pinf=0.0 (0) dinf=1.1562762207696482e12 (10412) time=495.041471428s
[ Info: iter=9125 obj=1.41908000875104e6 pinf=0.0 (0) dinf=1.1562414215484973e12 (10411) time=495.138578229s
[ Info: iter=9126 obj=1.41908000875104e6 pinf=0.0 (0) dinf=1.155549496848301e12 (10409) time=495.243028731s
[ Info: iter=9127 obj=1.41908000875104e6 pinf=0.0 (0) dinf=1.155549496848301e12 (10408) time=495.342363332s
[ Info: iter=9128 obj=1.41908000875104e6 pinf=0.0 (0) dinf=1.155544426287373e12 (10406) time=495.447495934s
[ Info: iter=9129 obj=1.41908000875104e6 pinf=0.0 (0) dinf=1.1555440680620178e12 (10405) time=495.554498536s
[ Info: iter=9130 obj=1.41908000875104e6 pinf=0.0 (0) dinf=1.155538439294254e12 (10405) time=495.662960138s
[ Info: iter=9131 obj=1.419080008894627e6 pinf=0.0 (0) dinf=1.1557416645980186e12 (10377) time=495.775658739s
[ Info: iter=9132 obj=1.419080008765861e6 pinf=0.0 (0) dinf=1.1536362946427693e12 (10417) time=495.868783241s
[ Info: iter=9133 obj=1.4190800087559782e6 pinf=0.0 (0) dinf=1.15410331822333e12 (10418) time=495.961845442s
[ Info: iter=9134 obj=1.4190800087559726e6 pinf=0.0 (0) dinf=1.1541007293218608e12 (10421) time=496.055735944s
[ Info: iter=9135 obj=1.4190800087621892e6 pinf=0.0 (0) dinf=1.1541006282771372e12 (10421) time=496.150563946s
[ Info: iter=9136 obj=1.4190800087621892e6 pinf=0.0 (0) dinf=1.1540980159214707e12 (10420) time=496.248900847s
[ Info: iter=9137 obj=1.4190800088622035e6 pinf=0.0 (0) dinf=1.1540549811655444e12 (10417) time=496.341410949s
[ Info: iter=9138 obj=1.4190800089178833e6 pinf=0.0 (0) dinf=1.1548024482314253e12 (10406) time=496.43664575s
[ Info: iter=9139 obj=1.419080008733274e6 pinf=0.0 (0) dinf=1.152112043448707e12 (10425) time=496.533201452s
[ Info: iter=9140 obj=1.4190800087332046e6 pinf=0.0 (0) dinf=1.1813806832771873e12 (10416) time=496.630468653s
[ Info: iter=9141 obj=1.4190800087333894e6 pinf=0.0 (0) dinf=1.1806264564568567e12 (10416) time=496.734034455s
[ Info: iter=9142 obj=1.4190800087333894e6 pinf=0.0 (0) dinf=1.1806618965313594e12 (10418) time=496.839138757s
[ Info: iter=9143 obj=1.4190800087333894e6 pinf=0.0 (0) dinf=1.180661378052745e12 (10418) time=496.948387758s
[ Info: iter=9144 obj=1.4190800087333894e6 pinf=0.0 (0) dinf=1.1806807368077444e12 (10418) time=497.05646176s
[ Info: iter=9145 obj=1.4190800087356605e6 pinf=0.0 (0) dinf=1.1769696882365024e12 (10416) time=497.168365862s
[ Info: iter=9146 obj=1.4190800087521197e6 pinf=0.0 (0) dinf=1.1519626476129119e12 (10416) time=497.270241764s
[ Info: iter=9147 obj=1.4190800087521197e6 pinf=0.0 (0) dinf=1.151687380045659e12 (10415) time=497.370876665s
[ Info: iter=9148 obj=1.4190800087603715e6 pinf=0.0 (0) dinf=1.1482600813115027e12 (10369) time=497.466042367s
[ Info: iter=9149 obj=1.4190800087603712e6 pinf=0.0 (0) dinf=1.148181507754484e12 (10369) time=497.560504068s
[ Info: iter=9150 obj=1.4190800087579018e6 pinf=0.0 (0) dinf=1.1532668313749827e12 (10412) time=497.65349827s
[ Info: iter=9151 obj=1.4190800087544988e6 pinf=0.0 (0) dinf=1.1530917530037954e12 (10415) time=497.756778772s
[ Info: iter=9152 obj=1.41908000875455e6 pinf=0.0 (0) dinf=1.153194772389392e12 (10409) time=497.851325573s
[ Info: iter=9153 obj=1.4190800087372833e6 pinf=0.0 (0) dinf=1.1530405699285193e12 (10408) time=497.944281375s
[ Info: iter=9154 obj=1.4190800087372833e6 pinf=0.0 (0) dinf=1.1532628887124102e12 (10406) time=498.037702076s
[ Info: iter=9155 obj=1.4190800087372325e6 pinf=0.0 (0) dinf=1.1527693069273044e12 (10408) time=498.131489978s
[ Info: iter=9156 obj=1.4190800087372325e6 pinf=0.0 (0) dinf=1.1519583774767913e12 (10409) time=498.231761979s
[ Info: iter=9157 obj=1.4190800087421509e6 pinf=0.0 (0) dinf=1.151771758624653e12 (10413) time=498.326640381s
[ Info: iter=9158 obj=1.4190800087421509e6 pinf=0.0 (0) dinf=1.1517494704373923e12 (10410) time=498.419720782s
[ Info: iter=9159 obj=1.4190800087421509e6 pinf=0.0 (0) dinf=1.1511429449623352e12 (10413) time=498.513404484s
[ Info: iter=9160 obj=1.4190800087421509e6 pinf=0.0 (0) dinf=1.151130736253645e12 (10409) time=498.611074485s
[ Info: iter=9161 obj=1.4190800087676113e6 pinf=0.0 (0) dinf=1.1508708134867659e12 (10403) time=498.706545987s
[ Info: iter=9162 obj=1.4190800087823456e6 pinf=0.0 (0) dinf=1.1511435186084688e12 (10393) time=498.799529788s
[ Info: iter=9163 obj=1.4190800087822932e6 pinf=0.0 (0) dinf=1.151794884741078e12 (10377) time=498.89702689s
[ Info: iter=9164 obj=1.4190800089128525e6 pinf=0.0 (0) dinf=1.1516558708887322e12 (10376) time=498.998080792s
[ Info: iter=9165 obj=1.4190800089129151e6 pinf=0.0 (0) dinf=1.1516613569532178e12 (10385) time=499.097881993s
[ Info: iter=9166 obj=1.4190800089129151e6 pinf=0.0 (0) dinf=1.1514477377872756e12 (10384) time=499.199479795s
[ Info: iter=9167 obj=1.4190800089300785e6 pinf=0.0 (0) dinf=1.153001361037151e12 (10409) time=499.295545397s
[ Info: iter=9168 obj=1.4190800089300785e6 pinf=0.0 (0) dinf=1.153447763149797e12 (10409) time=499.396646698s
[ Info: iter=9169 obj=1.4190800089300806e6 pinf=0.0 (0) dinf=1.1517700431391567e12 (10406) time=499.4929353s
[ Info: iter=9170 obj=1.4190800089177852e6 pinf=0.0 (0) dinf=1.1500876508571885e12 (10403) time=499.588199101s
[ Info: iter=9171 obj=1.4190800089086283e6 pinf=0.0 (0) dinf=1.149028305205532e12 (10401) time=499.682689102s
[ Info: iter=9172 obj=1.4190800088788692e6 pinf=0.0 (0) dinf=1.1490949288668035e12 (10395) time=499.785786304s
[ Info: iter=9173 obj=1.4190800088788692e6 pinf=0.0 (0) dinf=1.1484675483981619e12 (10394) time=499.885406405s
[ Info: iter=9174 obj=1.4190800089396187e6 pinf=0.0 (0) dinf=1.1506196920571277e12 (10394) time=499.982464906s
[ Info: iter=9175 obj=1.419080008831047e6 pinf=0.0 (0) dinf=1.1607199023716755e12 (10400) time=500.078834708s
[ Info: iter=9176 obj=1.4190800088311117e6 pinf=0.0 (0) dinf=1.1480363388307815e12 (10369) time=500.179655409s
[ Info: iter=9177 obj=1.4190800088320202e6 pinf=0.0 (0) dinf=1.1489609994378604e12 (10373) time=500.27810371s
[ Info: iter=9178 obj=1.4190800088327378e6 pinf=0.0 (0) dinf=1.1483199635831792e12 (10360) time=500.371022011s
[ Info: iter=9179 obj=1.4190800088301988e6 pinf=0.0 (0) dinf=1.1483769359669111e12 (10359) time=500.465070713s
[ Info: iter=9180 obj=1.4190800088569429e6 pinf=0.0 (0) dinf=1.1482022894224585e12 (10417) time=500.557569914s
[ Info: iter=9181 obj=1.4190800088569948e6 pinf=0.0 (0) dinf=1.1481667079479966e12 (10415) time=500.659990715s
[ Info: iter=9182 obj=1.4190800089391244e6 pinf=0.0 (0) dinf=1.1534261587546995e12 (10380) time=500.760572416s
[ Info: iter=9183 obj=1.4190800089391244e6 pinf=0.0 (0) dinf=1.1534167209267876e12 (10379) time=500.864394718s
[ Info: iter=9184 obj=1.4190800089391535e6 pinf=0.0 (0) dinf=1.1474951349711409e12 (10363) time=500.966666319s
[ Info: iter=9185 obj=1.419080008798514e6 pinf=0.0 (0) dinf=1.1693177709102686e12 (10412) time=501.07216022s
[ Info: iter=9186 obj=1.419080008798514e6 pinf=0.0 (0) dinf=1.1685692029542893e12 (10411) time=501.176762922s
[ Info: iter=9187 obj=1.4190800087984984e6 pinf=0.0 (0) dinf=1.1683268537713667e12 (10397) time=501.279454523s
[ Info: iter=9188 obj=1.4190800088042875e6 pinf=0.0 (0) dinf=1.1680963050538394e12 (10400) time=501.382093524s
[ Info: iter=9189 obj=1.4190800088043492e6 pinf=0.0 (0) dinf=1.1686761957675903e12 (10380) time=501.483805626s
[ Info: iter=9190 obj=1.419080008895386e6 pinf=0.0 (0) dinf=1.1689851611672305e12 (10377) time=501.581217427s
[ Info: iter=9195 obj=1.4190800088953786e6 pinf=0.0 (0) dinf=1.1688981661623652e12 (10366) time=501.684676228s
[ Info: iter=9196 obj=1.419080008895401e6 pinf=0.0 (0) dinf=1.1858765921791099e12 (10383) time=501.77914243s
[ Info: iter=9197 obj=1.419080008895401e6 pinf=0.0 (0) dinf=1.1679424901488074e12 (10371) time=501.889161631s
[ Info: iter=9198 obj=1.4190800088953485e6 pinf=0.0 (0) dinf=1.153460574902138e12 (10387) time=501.984585332s
[ Info: iter=9199 obj=1.4190800088833992e6 pinf=0.0 (0) dinf=1.1534296623399402e12 (10372) time=502.080829433s
[ Info: iter=9200 obj=1.4190800088531317e6 pinf=0.0 (0) dinf=1.1535872886112708e12 (10371) time=502.183633435s
[ Info: iter=9201 obj=1.419080008867505e6 pinf=0.0 (0) dinf=1.152767231288056e12 (10384) time=502.285979036s
[ Info: iter=9202 obj=1.4190800088987579e6 pinf=0.0 (0) dinf=1.1525045418848496e12 (10382) time=502.390910037s
[ Info: iter=9203 obj=1.4190800088987579e6 pinf=0.0 (0) dinf=1.15185796207616e12 (10381) time=502.491961339s
[ Info: iter=9204 obj=1.4190800088942766e6 pinf=0.0 (0) dinf=1.1550025374248936e12 (10380) time=502.62680844s
[ Info: iter=9206 obj=1.4190800088853007e6 pinf=0.0 (0) dinf=1.1519813788888335e12 (10390) time=502.723847142s
[ Info: iter=9207 obj=1.4190800088853007e6 pinf=0.0 (0) dinf=1.1519813788888335e12 (10389) time=502.806721143s
[ Info: iter=9208 obj=1.4190800088853007e6 pinf=0.0 (0) dinf=1.1519843865725251e12 (10391) time=502.892363744s
[ Info: iter=9209 obj=1.4190800088853007e6 pinf=0.0 (0) dinf=1.1519914605556243e12 (10392) time=502.985378945s
[ Info: iter=9213 obj=1.4190800088853007e6 pinf=0.0 (0) dinf=1.15197787617542e12 (10391) time=503.084823846s
[ Info: iter=9214 obj=1.4190800088853007e6 pinf=0.0 (0) dinf=1.1519729016189507e12 (10391) time=503.197542748s
[ Info: iter=9215 obj=1.4190800088853007e6 pinf=0.0 (0) dinf=1.1519726663370325e12 (10391) time=503.307050249s
[ Info: iter=9216 obj=1.4190800088853007e6 pinf=0.0 (0) dinf=1.1519926475697788e12 (10392) time=503.420265751s
[ Info: iter=9217 obj=1.4190800088853007e6 pinf=0.0 (0) dinf=1.1519761582731016e12 (10390) time=503.508682452s
[ Info: iter=9231 obj=1.41908000888525e6 pinf=0.0 (0) dinf=1.1519834897887017e12 (10378) time=503.639576854s
[ Info: iter=9232 obj=1.41908000888525e6 pinf=0.0 (0) dinf=1.1519830020850725e12 (10377) time=503.758831655s
[ Info: iter=9233 obj=1.41908000888525e6 pinf=0.0 (0) dinf=1.1519844053482188e12 (10382) time=503.867208156s
[ Info: iter=9234 obj=1.41908000888525e6 pinf=0.0 (0) dinf=1.1519797403665874e12 (10382) time=503.972855858s
[ Info: iter=9235 obj=1.4190800088852965e6 pinf=0.0 (0) dinf=1.1521480432420923e12 (10347) time=504.079218759s
[ Info: iter=9236 obj=1.4190800088855478e6 pinf=0.0 (0) dinf=1.151279970601821e12 (10364) time=504.192778561s
[ Info: iter=9237 obj=1.4190800088855478e6 pinf=0.0 (0) dinf=1.1512103244419856e12 (10363) time=504.299505662s
[ Info: iter=9238 obj=1.4190800088855478e6 pinf=0.0 (0) dinf=1.1512029613337544e12 (10362) time=504.407306363s
[ Info: iter=9240 obj=1.4190800088855478e6 pinf=0.0 (0) dinf=1.1511996822123376e12 (10360) time=504.498052665s
[ Info: iter=9241 obj=1.4190800088855478e6 pinf=0.0 (0) dinf=1.1511301157943506e12 (10359) time=504.609191266s
[ Info: iter=9242 obj=1.4190800088891992e6 pinf=0.0 (0) dinf=1.1511813205585637e12 (10365) time=504.716827767s
[ Info: iter=9243 obj=1.4190800089298612e6 pinf=0.0 (0) dinf=1.1519894300833958e12 (10375) time=504.826550569s
[ Info: iter=9247 obj=1.4190800088393982e6 pinf=0.0 (0) dinf=1.1507056005567239e12 (10318) time=504.95082747s
[ Info: iter=9248 obj=1.4190800088393982e6 pinf=0.0 (0) dinf=1.1507014697031584e12 (10318) time=505.060529772s
[ Info: iter=9249 obj=1.4190800088393963e6 pinf=0.0 (0) dinf=1.1504896541599055e12 (10316) time=505.168762773s
[ Info: iter=9250 obj=1.4190800088393963e6 pinf=0.0 (0) dinf=1.1504015287926292e12 (10316) time=505.277591175s
[ Info: iter=9251 obj=1.4190800088395034e6 pinf=0.0 (0) dinf=1.1504173404171335e12 (10331) time=505.384975476s
[ Info: iter=9252 obj=1.419080008839521e6 pinf=0.0 (0) dinf=1.1504108287315835e12 (10320) time=505.498678378s
[ Info: iter=9253 obj=1.419080008839521e6 pinf=0.0 (0) dinf=1.1504025194287493e12 (10319) time=505.606327079s
[ Info: iter=9254 obj=1.419080008860004e6 pinf=0.0 (0) dinf=1.1502437156552427e12 (10327) time=505.71442588s
[ Info: iter=9255 obj=1.4190800088523242e6 pinf=0.0 (0) dinf=1.1502389964247637e12 (10330) time=505.820375982s
[ Info: iter=9256 obj=1.4190800088523242e6 pinf=0.0 (0) dinf=1.1501368957947273e12 (10329) time=505.935527983s
[ Info: iter=9257 obj=1.4190800088523242e6 pinf=0.0 (0) dinf=1.1499262640126577e12 (10327) time=506.038866384s
[ Info: iter=9258 obj=1.4190800088523242e6 pinf=0.0 (0) dinf=1.1497153162682502e12 (10325) time=506.141473386s
[ Info: iter=9259 obj=1.4190800088523242e6 pinf=0.0 (0) dinf=1.1497152178449238e12 (10325) time=506.242687687s
[ Info: iter=9260 obj=1.4190800088370417e6 pinf=0.0 (0) dinf=1.151240001815615e12 (10332) time=506.349103289s
[ Info: iter=9261 obj=1.41908000883641e6 pinf=0.0 (0) dinf=1.1511193218189084e12 (10318) time=506.45368789s
[ Info: iter=9262 obj=1.4190800088338405e6 pinf=0.0 (0) dinf=1.1510196926212856e12 (10322) time=506.558062991s
[ Info: iter=9285 obj=1.4190800089357859e6 pinf=0.0 (0) dinf=1.3404542048460474e12 (10316) time=507.2073506s
[ Info: iter=9286 obj=1.4190800089359595e6 pinf=0.0 (0) dinf=1.3404049291336707e12 (10334) time=507.271008s
[ Info: iter=9289 obj=1.4190800087592874e6 pinf=0.0 (0) dinf=1.5114740820912844e12 (10401) time=507.379505302s
[ Info: iter=9290 obj=1.4190800087592774e6 pinf=0.0 (0) dinf=1.5125731453281492e12 (10402) time=507.498742603s
[ Info: iter=9291 obj=1.4190800087592874e6 pinf=0.0 (0) dinf=1.5111304315116575e12 (10396) time=507.624867904s
[ Info: iter=9292 obj=1.4190800088543096e6 pinf=0.0 (0) dinf=1.4204160424330483e12 (10361) time=507.758757902s
[ Info: iter=9293 obj=1.419080008854362e6 pinf=0.0 (0) dinf=1.4203677165180547e12 (10361) time=507.879941699s
[ Info: iter=9294 obj=1.419080008854362e6 pinf=0.0 (0) dinf=1.4203556452409343e12 (10356) time=508.031694897s
[ Info: iter=9295 obj=1.419080008854362e6 pinf=0.0 (0) dinf=1.4201949424621138e12 (10354) time=508.174295594s
[ Info: iter=9296 obj=1.419080008854362e6 pinf=0.0 (0) dinf=1.420019947705268e12 (10352) time=508.318173792s
[ Info: iter=9297 obj=1.419080008854362e6 pinf=0.0 (0) dinf=1.4198253081375742e12 (10349) time=508.465169489s
[ Info: iter=9298 obj=1.419080008854362e6 pinf=0.0 (0) dinf=1.4198924893573071e12 (10350) time=508.610730486s
[ Info: iter=9299 obj=1.419080008854362e6 pinf=0.0 (0) dinf=1.419868247757835e12 (10350) time=508.756102884s
[ Info: iter=9300 obj=1.419080008854362e6 pinf=0.0 (0) dinf=1.41993483702888e12 (10351) time=508.903979981s
[ Info: iter=9301 obj=1.419080008854362e6 pinf=0.0 (0) dinf=1.4199040307750278e12 (10350) time=509.056226779s
[ Info: iter=9302 obj=1.4190800088543673e6 pinf=0.0 (0) dinf=1.4200578546630247e12 (10351) time=509.207715076s
[ Info: iter=9303 obj=1.4190800088543673e6 pinf=0.0 (0) dinf=1.4199914368687427e12 (10351) time=509.360903873s
[ Info: iter=9304 obj=1.4190800088542774e6 pinf=0.0 (0) dinf=1.4222086529315105e12 (10350) time=509.515447671s
[ Info: iter=9305 obj=1.4190800088542774e6 pinf=0.0 (0) dinf=1.4212323748120244e12 (10353) time=509.672960168s
[ Info: iter=9306 obj=1.419080008873535e6 pinf=0.0 (0) dinf=1.4026197789642642e12 (10356) time=509.828998865s
[ Info: iter=9307 obj=1.4190800088734883e6 pinf=0.0 (0) dinf=1.4038769086701714e12 (10358) time=510.005546362s
[ Info: iter=9308 obj=1.4190800088734897e6 pinf=0.0 (0) dinf=1.4058545955848232e12 (10350) time=510.174160859s
[ Info: iter=9309 obj=1.4190800088734897e6 pinf=0.0 (0) dinf=1.404383519796375e12 (10350) time=510.354169856s
[ Info: iter=9310 obj=1.4190800088734897e6 pinf=0.0 (0) dinf=1.4043827592658188e12 (10350) time=510.536112953s
[ Info: iter=9311 obj=1.4190800088736364e6 pinf=0.0 (0) dinf=1.4038281597793242e12 (10354) time=510.713350349s
[ Info: iter=9312 obj=1.4190800088735945e6 pinf=0.0 (0) dinf=1.4167509173823381e12 (10363) time=510.902370346s
[ Info: iter=9313 obj=1.4190800088735411e6 pinf=0.0 (0) dinf=1.420194424521165e12 (10344) time=511.090821443s
[ Info: iter=9314 obj=1.4190800088735411e6 pinf=0.0 (0) dinf=1.4203125945343752e12 (10342) time=511.300433039s
[ Info: iter=9315 obj=1.4190800088735411e6 pinf=0.0 (0) dinf=1.4202141833790344e12 (10341) time=511.491739936s
[ Info: iter=9316 obj=1.4190800088734853e6 pinf=0.0 (0) dinf=1.4201247685330188e12 (10359) time=511.688879132s
[ Info: iter=9317 obj=1.4190800088734853e6 pinf=0.0 (0) dinf=1.42012542507451e12 (10360) time=511.880929929s
[ Info: iter=9318 obj=1.419080008873493e6 pinf=0.0 (0) dinf=1.420122809406828e12 (10349) time=512.079604325s
[ Info: iter=9319 obj=1.419080008873493e6 pinf=0.0 (0) dinf=1.4201220605015398e12 (10348) time=512.278688922s
[ Info: iter=9320 obj=1.4190800088456846e6 pinf=0.0 (0) dinf=1.447184546592472e12 (10340) time=512.478693118s
[ Info: iter=9321 obj=1.4190800088456846e6 pinf=0.0 (0) dinf=1.4469625101395657e12 (10338) time=512.679280115s
[ Info: iter=9322 obj=1.4190800088461326e6 pinf=0.0 (0) dinf=1.4418174680315024e12 (10339) time=512.881047111s
[ Info: iter=9323 obj=1.4190800088461288e6 pinf=0.0 (0) dinf=1.4425877066959258e12 (10345) time=513.049026008s
[ Info: iter=9324 obj=1.4190800088462867e6 pinf=0.0 (0) dinf=1.4426087685485793e12 (10328) time=513.249597505s
[ Info: iter=9325 obj=1.4190800088462867e6 pinf=0.0 (0) dinf=1.4425873053434902e12 (10327) time=513.445157101s
[ Info: iter=9326 obj=1.4190800088462867e6 pinf=0.0 (0) dinf=1.442585389501497e12 (10328) time=513.653328798s
[ Info: iter=9327 obj=1.4190800088461288e6 pinf=0.0 (0) dinf=1.4429033996440042e12 (10348) time=513.852548194s
[ Info: iter=9328 obj=1.4190800088461288e6 pinf=0.0 (0) dinf=1.4427983704476418e12 (10347) time=514.050315591s
[ Info: iter=9329 obj=1.4190800088461288e6 pinf=0.0 (0) dinf=1.4426621953755894e12 (10347) time=514.251823987s
[ Info: iter=9330 obj=1.4190800088462867e6 pinf=0.0 (0) dinf=1.4425853894997266e12 (10328) time=514.449737784s
[ Info: iter=9331 obj=1.4190800088462867e6 pinf=0.0 (0) dinf=1.4425889945222349e12 (10326) time=514.65475768s
[ Info: iter=9332 obj=1.4190800088466466e6 pinf=0.0 (0) dinf=1.4458221951582466e12 (10336) time=514.854697276s
[ Info: iter=9333 obj=1.4190800088925525e6 pinf=0.0 (0) dinf=1.4475408684914526e12 (10327) time=515.059036073s
[ Info: iter=9334 obj=1.4190800089172183e6 pinf=0.0 (0) dinf=1.467878315765125e12 (10330) time=515.265250169s
[ Info: iter=9335 obj=1.4190800089183832e6 pinf=0.0 (0) dinf=1.4801096101766504e12 (10321) time=515.473073966s
[ Info: iter=9336 obj=1.4190800089183832e6 pinf=0.0 (0) dinf=1.555164306994638e12 (10354) time=515.672418362s
[ Info: iter=9337 obj=1.4190800089060008e6 pinf=0.0 (0) dinf=1.5132407007837158e12 (10341) time=515.874075257s
[ Info: iter=9338 obj=1.4190800089060008e6 pinf=0.0 (0) dinf=1.5132157571592532e12 (10333) time=516.072556052s
[ Info: iter=9339 obj=1.4190800089060008e6 pinf=0.0 (0) dinf=1.511648886878047e12 (10331) time=516.283429146s
[ Info: iter=9340 obj=1.4190800089060008e6 pinf=0.0 (0) dinf=1.5116463165206292e12 (10329) time=516.490064241s
[ Info: iter=9341 obj=1.4190800089062806e6 pinf=0.0 (0) dinf=1.5146425804119155e12 (10334) time=516.693661936s
[ Info: iter=9342 obj=1.4190800089062806e6 pinf=0.0 (0) dinf=1.5145296479059414e12 (10333) time=516.902163231s
[ Info: iter=9343 obj=1.4190800089062806e6 pinf=0.0 (0) dinf=1.5145337717763225e12 (10334) time=517.111691626s
[ Info: iter=9344 obj=1.4190800089062806e6 pinf=0.0 (0) dinf=1.5131607946193118e12 (10333) time=517.322342521s
[ Info: iter=9345 obj=1.4190800089062806e6 pinf=0.0 (0) dinf=1.5129675054486853e12 (10332) time=517.528538515s
[ Info: iter=9346 obj=1.4190800089062806e6 pinf=0.0 (0) dinf=1.5121027798634858e12 (10331) time=517.73516911s
[ Info: iter=9347 obj=1.4190800089062806e6 pinf=0.0 (0) dinf=1.5119867123318508e12 (10328) time=517.942939305s
[ Info: iter=9348 obj=1.4190800089062806e6 pinf=0.0 (0) dinf=1.5119805255667925e12 (10326) time=518.1547752s
[ Info: iter=9349 obj=1.4190800089062806e6 pinf=0.0 (0) dinf=1.5119734369073672e12 (10324) time=518.367305395s
[ Info: iter=9350 obj=1.4190800089062806e6 pinf=0.0 (0) dinf=1.511965189165584e12 (10323) time=518.579150089s
[ Info: iter=9351 obj=1.4190800089062806e6 pinf=0.0 (0) dinf=1.5119649610275076e12 (10323) time=518.788980084s
[ Info: iter=9352 obj=1.4190800089062806e6 pinf=0.0 (0) dinf=1.5142388782569172e12 (10323) time=519.023057078s
[ Info: iter=9353 obj=1.4190800089062806e6 pinf=0.0 (0) dinf=1.5125284655187249e12 (10320) time=519.252065773s
[ Info: iter=9354 obj=1.4190800089062802e6 pinf=0.0 (0) dinf=1.5140321256093596e12 (10341) time=519.484171867s
[ Info: iter=9355 obj=1.4190800089062804e6 pinf=0.0 (0) dinf=1.5141304741127854e12 (10314) time=519.714793861s
[ Info: iter=9356 obj=1.419080008906277e6 pinf=0.0 (0) dinf=1.5149696154080767e12 (10323) time=519.807941259s
[ Info: iter=9357 obj=1.419080008906278e6 pinf=0.0 (0) dinf=1.514965598401815e12 (10322) time=520.035816453s
[ Info: iter=9358 obj=1.419080008906278e6 pinf=0.0 (0) dinf=1.5149642697281826e12 (10319) time=520.274730047s
[ Info: iter=9359 obj=1.419080008906278e6 pinf=0.0 (0) dinf=1.5149642697278135e12 (10319) time=520.508427941s
[ Info: iter=9360 obj=1.4190800088886777e6 pinf=0.0 (0) dinf=1.5095786928636702e12 (10320) time=520.748656136s
[ Info: iter=9361 obj=1.4190800088886777e6 pinf=0.0 (0) dinf=1.5098256577085198e12 (10319) time=520.98629353s
[ Info: iter=9362 obj=1.4190800088988151e6 pinf=0.0 (0) dinf=1.5329321328175488e12 (10319) time=521.217640424s
[ Info: iter=9363 obj=1.4190800088988151e6 pinf=0.0 (0) dinf=1.520183641227238e12 (10319) time=521.455294318s
[ Info: iter=9376 obj=1.4190800088559494e6 pinf=0.0 (0) dinf=1.3619621172294944e12 (10360) time=521.717899711s
[ Info: iter=9377 obj=1.4190800088559494e6 pinf=0.0 (0) dinf=1.3619675775189636e12 (10362) time=521.77931321s
[ Info: iter=9379 obj=1.419080008855956e6 pinf=0.0 (0) dinf=1.361963083331961e12 (10366) time=521.843988408s
[ Info: iter=9380 obj=1.4190800089231438e6 pinf=0.0 (0) dinf=1.157098436964154e12 (10333) time=521.939531806s
[ Info: iter=9381 obj=1.4190800088470129e6 pinf=0.0 (0) dinf=1.163536373426759e12 (10357) time=522.030216204s
[ Info: iter=9382 obj=1.4190800089203008e6 pinf=0.0 (0) dinf=1.1578388211296035e12 (10357) time=522.089640102s
[ Info: iter=9383 obj=1.4190800089231473e6 pinf=0.0 (0) dinf=1.1570782183690007e12 (10350) time=522.151120801s
[ Info: iter=9385 obj=1.4190800089231473e6 pinf=0.0 (0) dinf=1.1546416967287786e12 (10357) time=522.217203699s
[ Info: iter=9386 obj=1.419080008924544e6 pinf=0.0 (0) dinf=1.1546676983052393e12 (10381) time=522.288695197s
[ Info: iter=9387 obj=1.4190800089328103e6 pinf=0.0 (0) dinf=1.1549340616533801e12 (10348) time=522.349674696s
[ Info: iter=9388 obj=1.4190800089328103e6 pinf=0.0 (0) dinf=1.1545666544475208e12 (10340) time=522.409910994s
[ Info: iter=9389 obj=1.4190800089246698e6 pinf=0.0 (0) dinf=1.1561765275241733e12 (10370) time=522.472408193s
[ Info: iter=9390 obj=1.4190800089245713e6 pinf=0.0 (0) dinf=1.1561802605200474e12 (10364) time=522.534077791s
[ Info: iter=9391 obj=1.4190800089293807e6 pinf=0.0 (0) dinf=1.1561702268661582e12 (10364) time=522.59452749s
[ Info: iter=9392 obj=1.4190800089328103e6 pinf=0.0 (0) dinf=1.1545573726205066e12 (10339) time=522.655100888s
[ Info: iter=9393 obj=1.4190800089328103e6 pinf=0.0 (0) dinf=1.15455651963317e12 (10339) time=522.734297386s
[ Info: iter=9394 obj=1.4190800089328103e6 pinf=0.0 (0) dinf=1.154549797724976e12 (10338) time=522.827369084s
[ Info: iter=9395 obj=1.4190800089328103e6 pinf=0.0 (0) dinf=1.1545497977246135e12 (10338) time=522.921377182s
[ Info: iter=9396 obj=1.4190800089328096e6 pinf=0.0 (0) dinf=1.154547807317566e12 (10338) time=523.018556479s
[ Info: iter=9397 obj=1.4190800089328103e6 pinf=0.0 (0) dinf=1.154546005639128e12 (10337) time=523.116029577s
[ Info: iter=9398 obj=1.4190800089328103e6 pinf=0.0 (0) dinf=1.1545489852723096e12 (10336) time=523.221399674s
[ Info: iter=9400 obj=1.4190800089328103e6 pinf=0.0 (0) dinf=1.154552500935297e12 (10337) time=523.321938872s
[ Info: iter=9401 obj=1.4190800089328103e6 pinf=0.0 (0) dinf=1.1545520070537683e12 (10336) time=523.39737887s
[ Info: iter=9402 obj=1.419080008932809e6 pinf=0.0 (0) dinf=1.153895208939458e12 (10358) time=523.495005167s
[ Info: iter=9403 obj=1.419080008932809e6 pinf=0.0 (0) dinf=1.1538289720800012e12 (10357) time=523.587531465s
[ Info: iter=9404 obj=1.419080008938203e6 pinf=0.0 (0) dinf=1.154754884013066e12 (10355) time=523.680270363s
[ Info: iter=9405 obj=1.419080008938203e6 pinf=0.0 (0) dinf=1.1547406669124456e12 (10354) time=523.773018362s
[ Info: iter=9406 obj=1.4190800089409365e6 pinf=0.0 (0) dinf=1.155473359653953e12 (10344) time=523.87256616s
[ Info: iter=9407 obj=1.4190800089409365e6 pinf=0.0 (0) dinf=1.1554662166830076e12 (10343) time=523.968732759s
[ Info: iter=9408 obj=1.4190800089409365e6 pinf=0.0 (0) dinf=1.1554463810292974e12 (10341) time=524.064477458s
[ Info: iter=9409 obj=1.4190800089409365e6 pinf=0.0 (0) dinf=1.1554462237210232e12 (10341) time=524.157182656s
[ Info: iter=9410 obj=1.4190800089409365e6 pinf=0.0 (0) dinf=1.1554395668630806e12 (10338) time=524.252251055s
[ Info: iter=9411 obj=1.4190800089411712e6 pinf=0.0 (0) dinf=1.1553569560445435e12 (10336) time=524.355218753s
[ Info: iter=9412 obj=1.4190800089411712e6 pinf=0.0 (0) dinf=1.1556480626729976e12 (10340) time=524.450714252s
[ Info: iter=9413 obj=1.4190800089411712e6 pinf=0.0 (0) dinf=1.155573961405195e12 (10340) time=524.54849745s
[ Info: iter=9414 obj=1.4190800089401002e6 pinf=0.0 (0) dinf=1.172278194308448e12 (10342) time=524.646457649s
[ Info: iter=9415 obj=1.4190800089401002e6 pinf=0.0 (0) dinf=1.3314838840562927e12 (10339) time=524.747215147s
[ Info: iter=9416 obj=1.4190800089401002e6 pinf=0.0 (0) dinf=1.3314347049995166e12 (10336) time=524.854451646s
[ Info: iter=9417 obj=1.4190800089401002e6 pinf=0.0 (0) dinf=1.3314174473497502e12 (10336) time=524.964835344s
[ Info: iter=9418 obj=1.4190800089401002e6 pinf=0.0 (0) dinf=1.3314978049142678e12 (10336) time=525.151527041s
[ Info: iter=9419 obj=1.4190800089401002e6 pinf=0.0 (0) dinf=1.331462887049078e12 (10334) time=525.338830938s
[ Info: iter=9420 obj=1.4190800089401002e6 pinf=0.0 (0) dinf=1.331462887049078e12 (10333) time=525.525694135s
[ Info: iter=9421 obj=1.4190800089401002e6 pinf=0.0 (0) dinf=1.331430744023824e12 (10332) time=525.710860433s
[ Info: iter=9422 obj=1.4190800088153346e6 pinf=0.0 (0) dinf=1.342537116569399e12 (10344) time=525.89587093s
[ Info: iter=9423 obj=1.4190800088153346e6 pinf=0.0 (0) dinf=1.3425366696245234e12 (10342) time=526.091235727s
[ Info: iter=9424 obj=1.4190800088153346e6 pinf=0.0 (0) dinf=1.342557591393995e12 (10342) time=526.322519823s
[ Info: iter=9425 obj=1.4190800088153346e6 pinf=0.0 (0) dinf=1.3425366696222556e12 (10341) time=526.54324522s
[ Info: iter=9426 obj=1.419080008815336e6 pinf=0.0 (0) dinf=1.3459332427734883e12 (10324) time=526.761106017s
[ Info: iter=9427 obj=1.4190800087423553e6 pinf=0.0 (0) dinf=1.4951568234519736e12 (10323) time=526.997633713s
[ Info: iter=9428 obj=1.4190800087423553e6 pinf=0.0 (0) dinf=1.5184138932320042e12 (10321) time=527.235762509s
[ Info: iter=9429 obj=1.4190800087423553e6 pinf=0.0 (0) dinf=1.5184248233603728e12 (10323) time=527.475934806s
[ Info: iter=9430 obj=1.4190800087423553e6 pinf=0.0 (0) dinf=1.518421734772887e12 (10322) time=527.714319002s
[ Info: iter=9431 obj=1.4190800087423553e6 pinf=0.0 (0) dinf=1.5184185861462112e12 (10322) time=527.953945698s
[ Info: iter=9432 obj=1.4190800087423553e6 pinf=0.0 (0) dinf=1.5196733047444878e12 (10321) time=528.197402095s
[ Info: iter=9433 obj=1.419080008747279e6 pinf=0.0 (0) dinf=1.5304136479328188e12 (10317) time=528.445116491s
[ Info: iter=9434 obj=1.419080008747278e6 pinf=0.0 (0) dinf=1.7390765037321165e12 (10330) time=528.688880787s
[ Info: iter=9439 obj=1.4190800089369256e6 pinf=0.0 (0) dinf=1.145946933652421e12 (10325) time=528.821419385s
[ Info: iter=9440 obj=1.4190800089369256e6 pinf=0.0 (0) dinf=1.1459509175963135e12 (10326) time=528.886857584s
[ Info: iter=9441 obj=1.4190800089369263e6 pinf=0.0 (0) dinf=1.1461023067210942e12 (10340) time=528.951841283s
[ Info: iter=9442 obj=1.4190800089369798e6 pinf=0.0 (0) dinf=1.14623858966745e12 (10322) time=529.039977782s
[ Info: iter=9443 obj=1.41908000893687e6 pinf=0.0 (0) dinf=1.145821075312201e12 (10318) time=529.13688498s
[ Info: iter=9445 obj=1.419080008941227e6 pinf=0.0 (0) dinf=1.1507429645925986e12 (10336) time=529.252214379s
[ Info: iter=9446 obj=1.419080008941227e6 pinf=0.0 (0) dinf=1.1507376738548171e12 (10330) time=529.314434478s
[ Info: iter=9447 obj=1.419080008941227e6 pinf=0.0 (0) dinf=1.1507376738548171e12 (10329) time=529.374143677s
[ Info: iter=9448 obj=1.419080008941227e6 pinf=0.0 (0) dinf=1.1507399991661272e12 (10328) time=529.450016076s
[ Info: iter=9449 obj=1.4190800089121358e6 pinf=0.0 (0) dinf=1.1507736330601519e12 (10349) time=529.529883474s
[ Info: iter=9450 obj=1.4190800089121358e6 pinf=0.0 (0) dinf=1.1507782568755403e12 (10348) time=529.622250973s
[ Info: iter=9451 obj=1.4190800089121358e6 pinf=0.0 (0) dinf=1.1507318144859536e12 (10345) time=529.715121672s
[ Info: iter=9452 obj=1.4190800089121358e6 pinf=0.0 (0) dinf=1.1507332187447378e12 (10345) time=529.81011487s
[ Info: iter=9453 obj=1.4190800089121358e6 pinf=0.0 (0) dinf=1.150730831462618e12 (10344) time=529.904481969s
[ Info: iter=9454 obj=1.4190800089121358e6 pinf=0.0 (0) dinf=1.1507275532564363e12 (10341) time=530.003434267s
[ Info: iter=9455 obj=1.4190800089121358e6 pinf=0.0 (0) dinf=1.1507329353022861e12 (10345) time=530.096890366s
[ Info: iter=9456 obj=1.4190800089121358e6 pinf=0.0 (0) dinf=1.1507058074688826e12 (10344) time=530.193773564s
[ Info: iter=9457 obj=1.4190800089121358e6 pinf=0.0 (0) dinf=1.1507058074688828e12 (10343) time=530.293718263s
[ Info: iter=9458 obj=1.4190800089121358e6 pinf=0.0 (0) dinf=1.1507015966386409e12 (10342) time=530.390170561s
[ Info: iter=9463 obj=1.4190800089120087e6 pinf=0.0 (0) dinf=1.147821945996122e12 (10336) time=530.50651216s
[ Info: iter=9464 obj=1.4190800089120087e6 pinf=0.0 (0) dinf=1.147817433480309e12 (10333) time=530.573931859s
[ Info: iter=9465 obj=1.4190800089226735e6 pinf=0.0 (0) dinf=1.1479957992957852e12 (10331) time=530.660591157s
[ Info: iter=9466 obj=1.4190800089226735e6 pinf=0.0 (0) dinf=1.147988073638164e12 (10329) time=530.753133256s
[ Info: iter=9467 obj=1.4190800089226735e6 pinf=0.0 (0) dinf=1.147991026641157e12 (10331) time=530.851298554s
[ Info: iter=9468 obj=1.4190800089226735e6 pinf=0.0 (0) dinf=1.1479908759588452e12 (10331) time=530.951342653s
[ Info: iter=9469 obj=1.4190800088641501e6 pinf=0.0 (0) dinf=1.1597987724942322e12 (10333) time=531.059224951s
[ Info: iter=9470 obj=1.4190800089231373e6 pinf=0.0 (0) dinf=1.1596293737904421e12 (10332) time=531.16311185s
[ Info: iter=9471 obj=1.4190800089231848e6 pinf=0.0 (0) dinf=1.1594658690023313e12 (10336) time=531.267440348s
[ Info: iter=9472 obj=1.4190800089231855e6 pinf=0.0 (0) dinf=1.1593023119371052e12 (10336) time=531.372299146s
[ Info: iter=9473 obj=1.4190800089231855e6 pinf=0.0 (0) dinf=1.159726017252085e12 (10335) time=531.476364745s
[ Info: iter=9474 obj=1.4190800088754427e6 pinf=0.0 (0) dinf=1.1572493991640686e12 (10326) time=531.586356043s
[ Info: iter=9475 obj=1.4190800088753626e6 pinf=0.0 (0) dinf=1.147543222216103e12 (10385) time=531.683204643s
[ Info: iter=9476 obj=1.419080008875364e6 pinf=0.0 (0) dinf=1.2360880495210737e12 (10340) time=531.778684543s
[ Info: iter=9477 obj=1.4190800089359586e6 pinf=0.0 (0) dinf=1.185618597059935e12 (10338) time=531.866429843s
[ Info: iter=9478 obj=1.4190800089359586e6 pinf=0.0 (0) dinf=1.1856183750425098e12 (10338) time=531.960188143s
[ Info: iter=9479 obj=1.4190800089318613e6 pinf=0.0 (0) dinf=1.1434131291960688e12 (10331) time=532.058464743s
[ Info: iter=9480 obj=1.4190800089320352e6 pinf=0.0 (0) dinf=1.143392243731127e12 (10328) time=532.123443843s
[ Info: iter=9481 obj=1.419080008934041e6 pinf=0.0 (0) dinf=1.1433874349176384e12 (10327) time=532.185714843s
[ Info: iter=9482 obj=1.419080008934041e6 pinf=0.0 (0) dinf=1.1433585919179036e12 (10325) time=532.264680143s
[ Info: iter=9483 obj=1.419080008934041e6 pinf=0.0 (0) dinf=1.1433573534901575e12 (10325) time=532.349376644s
[ Info: iter=9484 obj=1.419080008934014e6 pinf=0.0 (0) dinf=1.1433518443503123e12 (10326) time=532.443028244s
[ Info: iter=9485 obj=1.4190800089338683e6 pinf=0.0 (0) dinf=1.1433470009103352e12 (10323) time=532.532351144s
[ Info: iter=9492 obj=1.419080008933872e6 pinf=0.0 (0) dinf=1.1433545084588635e12 (10318) time=532.640517044s
[ Info: iter=9493 obj=1.419080008933872e6 pinf=0.0 (0) dinf=1.1433539463555605e12 (10318) time=532.736176544s
[ Info: iter=9494 obj=1.4190800088813682e6 pinf=0.0 (0) dinf=1.145535713713735e12 (10340) time=532.831029344s
[ Info: iter=9495 obj=1.4190800088824963e6 pinf=0.0 (0) dinf=1.145563908334359e12 (10340) time=532.927644744s
[ Info: iter=9496 obj=1.419080008935326e6 pinf=0.0 (0) dinf=1.1449627782002192e12 (10340) time=533.023482944s
[ Info: iter=9497 obj=1.4190800089202789e6 pinf=0.0 (0) dinf=1.146517944621593e12 (10346) time=533.119184045s
[ Info: iter=9498 obj=1.4190800089202789e6 pinf=0.0 (0) dinf=1.1457661531031785e12 (10335) time=533.216199645s
[ Info: iter=9499 obj=1.4190800089202789e6 pinf=0.0 (0) dinf=1.1457226829031494e12 (10334) time=533.309801945s
[ Info: iter=9500 obj=1.4190800089202789e6 pinf=0.0 (0) dinf=1.1456218143286868e12 (10331) time=533.403721945s
[ Info: iter=9501 obj=1.4190800089257965e6 pinf=0.0 (0) dinf=1.145565667173382e12 (10328) time=533.498760245s
[ Info: iter=9502 obj=1.4190800089257965e6 pinf=0.0 (0) dinf=1.1454522939792698e12 (10326) time=533.592218045s
[ Info: iter=9503 obj=1.4190800089257965e6 pinf=0.0 (0) dinf=1.1452712849954727e12 (10323) time=533.682724345s
[ Info: iter=9504 obj=1.419080008938403e6 pinf=0.0 (0) dinf=1.145205828436548e12 (10328) time=533.775168645s
[ Info: iter=9505 obj=1.419080008931987e6 pinf=0.0 (0) dinf=1.1457221337682634e12 (10327) time=533.870450546s
[ Info: iter=9506 obj=1.4190800088148024e6 pinf=0.0 (0) dinf=1.1425912351193403e12 (10374) time=533.963813046s
[ Info: iter=9507 obj=1.4190800088148024e6 pinf=0.0 (0) dinf=1.1425952547020535e12 (10372) time=534.056950146s
[ Info: iter=9510 obj=1.4190800088148054e6 pinf=0.0 (0) dinf=1.1514610069890605e12 (10385) time=534.171862646s
[ Info: iter=9511 obj=1.4190800088148047e6 pinf=0.0 (0) dinf=1.1514691955691309e12 (10393) time=534.236176046s
[ Info: iter=9512 obj=1.419080008894424e6 pinf=0.0 (0) dinf=1.1508348333145999e12 (10383) time=534.315951246s
[ Info: iter=9513 obj=1.4190800088944826e6 pinf=0.0 (0) dinf=1.150797419351408e12 (10378) time=534.396184746s
[ Info: iter=9514 obj=1.419080008906262e6 pinf=0.0 (0) dinf=1.150787951989943e12 (10378) time=534.496827346s
[ Info: iter=9515 obj=1.419080008906262e6 pinf=0.0 (0) dinf=1.1508051706988027e12 (10381) time=534.592476346s
[ Info: iter=9516 obj=1.419080008906262e6 pinf=0.0 (0) dinf=1.1507907740942551e12 (10379) time=534.686916647s
[ Info: iter=9517 obj=1.419080008906262e6 pinf=0.0 (0) dinf=1.1507903092276677e12 (10379) time=534.778957947s
[ Info: iter=9518 obj=1.419080008899386e6 pinf=0.0 (0) dinf=1.1507056568914333e12 (10376) time=534.868430747s
[ Info: iter=9519 obj=1.419080008899387e6 pinf=0.0 (0) dinf=1.150685961057432e12 (10377) time=534.959130747s
[ Info: iter=9520 obj=1.419080008899387e6 pinf=0.0 (0) dinf=1.150660750721503e12 (10376) time=535.056874847s
[ Info: iter=9521 obj=1.419080008899387e6 pinf=0.0 (0) dinf=1.1506356781470178e12 (10375) time=535.149770147s
[ Info: iter=9522 obj=1.4190800088942298e6 pinf=0.0 (0) dinf=1.1505936936045386e12 (10372) time=535.242195847s
[ Info: iter=9523 obj=1.4190800088942298e6 pinf=0.0 (0) dinf=1.1505922219086133e12 (10372) time=535.336391247s
[ Info: iter=9524 obj=1.4190800088942298e6 pinf=0.0 (0) dinf=1.1530965370613787e12 (10371) time=535.431222648s
[ Info: iter=9525 obj=1.4190800088954093e6 pinf=0.0 (0) dinf=1.1530696130033625e12 (10370) time=535.522803148s
[ Info: iter=9526 obj=1.4190800089032077e6 pinf=0.0 (0) dinf=1.1536263384195283e12 (10371) time=535.619432148s
[ Info: iter=9527 obj=1.4190800089032066e6 pinf=0.0 (0) dinf=1.1534415199106448e12 (10365) time=535.710721348s
[ Info: iter=9528 obj=1.4190800089038308e6 pinf=0.0 (0) dinf=1.1536029464757007e12 (10389) time=535.806067348s
[ Info: iter=9529 obj=1.419080008903834e6 pinf=0.0 (0) dinf=1.1513504537581653e12 (10387) time=535.904751248s
[ Info: iter=9530 obj=1.419080008917265e6 pinf=0.0 (0) dinf=1.1512132782400894e12 (10386) time=536.000116448s
[ Info: iter=9531 obj=1.4190800089345002e6 pinf=0.0 (0) dinf=1.1539482517299749e12 (10395) time=536.095196248s
[ Info: iter=9532 obj=1.4190800089345002e6 pinf=0.0 (0) dinf=1.1536150701376055e12 (10393) time=536.191287249s
[ Info: iter=9533 obj=1.4190800089345002e6 pinf=0.0 (0) dinf=1.153494482427633e12 (10392) time=536.288626849s
[ Info: iter=9534 obj=1.4190800089345032e6 pinf=0.0 (0) dinf=1.1533379129243452e12 (10371) time=536.382169949s
[ Info: iter=9535 obj=1.4190800089345032e6 pinf=0.0 (0) dinf=1.1531900384177803e12 (10370) time=536.473561049s
[ Info: iter=9536 obj=1.4190800089345032e6 pinf=0.0 (0) dinf=1.1530480687747822e12 (10370) time=536.571946449s
[ Info: iter=9537 obj=1.4190800089345032e6 pinf=0.0 (0) dinf=1.1529061445089844e12 (10369) time=536.668238649s
[ Info: iter=9538 obj=1.4190800089345032e6 pinf=0.0 (0) dinf=1.1528950320975056e12 (10369) time=536.762275549s
[ Info: iter=9539 obj=1.4190800089345032e6 pinf=0.0 (0) dinf=1.1528950320975054e12 (10368) time=536.856194349s
[ Info: iter=9540 obj=1.4190800089345032e6 pinf=0.0 (0) dinf=1.1528891393561592e12 (10368) time=536.95197345s
[ Info: iter=9541 obj=1.4190800089410667e6 pinf=0.0 (0) dinf=1.1532766552349016e12 (10367) time=537.04858415s
[ Info: iter=9542 obj=1.4190800089410667e6 pinf=0.0 (0) dinf=1.1532704189973276e12 (10366) time=537.14627435s
[ Info: iter=9543 obj=1.4190800089410667e6 pinf=0.0 (0) dinf=1.1532550979114001e12 (10365) time=537.24242565s
[ Info: iter=9544 obj=1.4190800089193191e6 pinf=0.0 (0) dinf=1.1484263434746147e12 (10376) time=537.33806075s
[ Info: iter=9545 obj=1.41908000892193e6 pinf=0.0 (0) dinf=1.1486141394169119e12 (10393) time=537.44052245s
[ Info: iter=9546 obj=1.41908000892193e6 pinf=0.0 (0) dinf=1.1483584039197766e12 (10390) time=537.56017275s
[ Info: iter=9547 obj=1.419080008923213e6 pinf=0.0 (0) dinf=1.1486051928160654e12 (10369) time=537.664693151s
[ Info: iter=9548 obj=1.4190800089298794e6 pinf=0.0 (0) dinf=1.1481031459664482e12 (10368) time=537.764679751s
[ Info: iter=9549 obj=1.4190800089307197e6 pinf=0.0 (0) dinf=1.1477574940263347e12 (10366) time=537.866587851s
[ Info: iter=9550 obj=1.4190800089307197e6 pinf=0.0 (0) dinf=1.147757493456875e12 (10366) time=537.969321851s
[ Info: iter=9551 obj=1.4190800089307197e6 pinf=0.0 (0) dinf=1.1477574934174783e12 (10365) time=538.069261951s
[ Info: iter=9552 obj=1.4190800088775207e6 pinf=0.0 (0) dinf=1.1477529924942644e12 (10364) time=538.169275251s
[ Info: iter=9553 obj=1.4190800088852001e6 pinf=0.0 (0) dinf=1.149587279000467e12 (10363) time=538.262888051s
[ Info: iter=9554 obj=1.4190800087683983e6 pinf=0.0 (0) dinf=1.217994104858089e12 (10364) time=538.365602851s
[ Info: iter=9555 obj=1.4190800087683983e6 pinf=0.0 (0) dinf=1.2181512147126775e12 (10364) time=538.465886652s
[ Info: iter=9556 obj=1.4190800087683983e6 pinf=0.0 (0) dinf=1.2181054873307505e12 (10362) time=538.574076352s
[ Info: iter=9557 obj=1.4190800089089922e6 pinf=0.0 (0) dinf=1.2180160572463704e12 (10358) time=538.677640052s
[ Info: iter=9558 obj=1.4190800089313728e6 pinf=0.0 (0) dinf=1.3398111646053584e12 (10343) time=538.779825552s
[ Info: iter=9559 obj=1.4190800089313728e6 pinf=0.0 (0) dinf=1.3392908863978325e12 (10337) time=538.887315852s
[ Info: iter=9560 obj=1.419080008931369e6 pinf=0.0 (0) dinf=1.3393379800183813e12 (10348) time=539.006779052s
[ Info: iter=9561 obj=1.419080008931369e6 pinf=0.0 (0) dinf=1.3393726038836355e12 (10349) time=539.136258452s
[ Info: iter=9562 obj=1.4190800089313712e6 pinf=0.0 (0) dinf=1.339444086254403e12 (10336) time=539.264906453s
[ Info: iter=9563 obj=1.419080008931369e6 pinf=0.0 (0) dinf=1.3393111876719668e12 (10348) time=539.395543953s
[ Info: iter=9564 obj=1.4190800089314296e6 pinf=0.0 (0) dinf=1.3396284660347324e12 (10354) time=539.523506753s
[ Info: iter=9565 obj=1.4190800089314296e6 pinf=0.0 (0) dinf=1.33957917940013e12 (10353) time=539.655571653s
[ Info: iter=9566 obj=1.419080008931371e6 pinf=0.0 (0) dinf=1.3394142858919636e12 (10343) time=539.784923153s
[ Info: iter=9567 obj=1.419080008931371e6 pinf=0.0 (0) dinf=1.3393754768724714e12 (10342) time=539.913443552s
[ Info: iter=9568 obj=1.419080008931371e6 pinf=0.0 (0) dinf=1.3393616605284507e12 (10338) time=540.075229652s
[ Info: iter=9569 obj=1.419080008931371e6 pinf=0.0 (0) dinf=1.3392136157133452e12 (10337) time=540.234556752s
[ Info: iter=9570 obj=1.4190800088879047e6 pinf=0.0 (0) dinf=1.3384218750634731e12 (10336) time=540.392109951s
[ Info: iter=9571 obj=1.4190800087731555e6 pinf=0.0 (0) dinf=1.33981534011065e12 (10337) time=540.551539851s
[ Info: iter=9572 obj=1.4190800088301683e6 pinf=0.0 (0) dinf=1.2425650485757969e12 (10341) time=540.715357951s
[ Info: iter=9575 obj=1.4190800088859692e6 pinf=0.0 (0) dinf=1.154887508601955e12 (10329) time=540.81379635s
[ Info: iter=9581 obj=1.419080008892856e6 pinf=0.0 (0) dinf=1.1503486646612454e12 (10368) time=540.93150035s
[ Info: iter=9582 obj=1.419080008848147e6 pinf=0.0 (0) dinf=1.1543976141826812e12 (10332) time=541.00903615s
[ Info: iter=9583 obj=1.4190800088593143e6 pinf=0.0 (0) dinf=1.1543061567817708e12 (10312) time=541.09090375s
[ Info: iter=9584 obj=1.4190800088336691e6 pinf=0.0 (0) dinf=1.1544646251479153e12 (10337) time=541.16923105s
[ Info: iter=9585 obj=1.4190800088282642e6 pinf=0.0 (0) dinf=1.1543989876919526e12 (10336) time=541.252308949s
[ Info: iter=9588 obj=1.4190800088335895e6 pinf=0.0 (0) dinf=1.154386253876076e12 (10340) time=541.339044449s
[ Info: iter=9589 obj=1.4190800088335895e6 pinf=0.0 (0) dinf=1.1542013336762986e12 (10338) time=541.417848449s
[ Info: iter=9590 obj=1.4190800088335895e6 pinf=0.0 (0) dinf=1.1540162117624866e12 (10334) time=541.498312249s
PROGRESS iter=10000 refs=4071 pinf=0.0 working_objective=605519.5025246325
[ Info: iter=9591 obj=1.4190800088335895e6 pinf=0.0 (0) dinf=1.1540036527823179e12 (10335) time=541.582415649s
[ Info: iter=9592 obj=1.4190800088335895e6 pinf=0.0 (0) dinf=1.1540000742286604e12 (10333) time=541.664017648s
[ Info: iter=9593 obj=1.4190800088335902e6 pinf=0.0 (0) dinf=1.1560901869136477e12 (10324) time=541.744869748s
[ Info: iter=9594 obj=1.4190800088335932e6 pinf=0.0 (0) dinf=1.1560834784866367e12 (10327) time=541.825019348s
[ Info: iter=9595 obj=1.419080008833594e6 pinf=0.0 (0) dinf=1.1435540664052847e12 (10322) time=541.907592948s
[ Info: iter=9596 obj=1.419080008833594e6 pinf=0.0 (0) dinf=1.1725404622762754e12 (10315) time=541.988235748s
[ Info: iter=9597 obj=1.419080008833594e6 pinf=0.0 (0) dinf=1.1725217656030042e12 (10311) time=542.066186748s
[ Info: iter=9598 obj=1.419080008833594e6 pinf=0.0 (0) dinf=1.1696234891289497e12 (10309) time=542.151064347s
[ Info: iter=9599 obj=1.419080008833594e6 pinf=0.0 (0) dinf=1.1696227608431665e12 (10308) time=542.238007947s
[ Info: iter=9600 obj=1.419080008833594e6 pinf=0.0 (0) dinf=1.1696341727389785e12 (10309) time=542.329283147s
[ Info: iter=9601 obj=1.419080008833594e6 pinf=0.0 (0) dinf=1.16967216374421e12 (10311) time=542.420022847s
[ Info: iter=9602 obj=1.4190800088335932e6 pinf=0.0 (0) dinf=1.1699117659407188e12 (10319) time=542.506538647s
[ Info: iter=9603 obj=1.4190800088335932e6 pinf=0.0 (0) dinf=1.169885040836873e12 (10311) time=542.596174346s
[ Info: iter=9604 obj=1.4190800088335932e6 pinf=0.0 (0) dinf=1.1698756525847048e12 (10318) time=542.692675146s
[ Info: iter=9605 obj=1.4190800088335932e6 pinf=0.0 (0) dinf=1.1698606757846736e12 (10318) time=542.787435746s
[ Info: iter=9606 obj=1.4190800088335904e6 pinf=0.0 (0) dinf=1.1699221263405225e12 (10317) time=542.880198946s
[ Info: iter=9607 obj=1.4190800088335904e6 pinf=0.0 (0) dinf=1.1699204680338599e12 (10315) time=542.971945945s
[ Info: iter=9608 obj=1.4190800088335904e6 pinf=0.0 (0) dinf=1.1699096077414128e12 (10311) time=543.069478045s
[ Info: iter=9609 obj=1.4190800088335904e6 pinf=0.0 (0) dinf=1.169906716495365e12 (10311) time=543.163625145s
[ Info: iter=9610 obj=1.4190800088335904e6 pinf=0.0 (0) dinf=1.1699035678669521e12 (10311) time=543.257078045s
[ Info: iter=9611 obj=1.4190800088335904e6 pinf=0.0 (0) dinf=1.1699053792791707e12 (10312) time=543.354031445s
[ Info: iter=9612 obj=1.419080008833588e6 pinf=0.0 (0) dinf=1.1699077729399243e12 (10293) time=543.452169544s
[ Info: iter=9613 obj=1.4190800088335904e6 pinf=0.0 (0) dinf=1.1699049695574756e12 (10312) time=543.548678844s
[ Info: iter=9614 obj=1.4190800088335904e6 pinf=0.0 (0) dinf=1.3854400852589038e12 (10343) time=543.647580244s
[ Info: iter=9615 obj=1.4190800088335904e6 pinf=0.0 (0) dinf=1.205678098388232e12 (10343) time=543.746129444s
[ Info: iter=9658 obj=1.4190800088353474e6 pinf=0.0 (0) dinf=1.1527584404101628e12 (10311) time=544.286934642s
[ Info: iter=9659 obj=1.4190800088495929e6 pinf=0.0 (0) dinf=1.1984322043526902e12 (10331) time=544.384061842s
[ Info: iter=9666 obj=1.4190800089326808e6 pinf=0.0 (0) dinf=1.1452887299206487e12 (10340) time=544.516928942s
[ Info: iter=9669 obj=1.4190800088795428e6 pinf=0.0 (0) dinf=1.1516902993777415e12 (10329) time=544.610953342s
[ Info: iter=9670 obj=1.4190800088297855e6 pinf=0.0 (0) dinf=1.1472520195476272e12 (10313) time=544.671084542s
[ Info: iter=9675 obj=1.4190800088395793e6 pinf=0.0 (0) dinf=1.1485535212699617e12 (10335) time=544.751653341s
[ Info: iter=9676 obj=1.4190800088395793e6 pinf=0.0 (0) dinf=1.1485516848537642e12 (10331) time=544.814603641s
[ Info: iter=9678 obj=1.4190800089284761e6 pinf=0.0 (0) dinf=1.1465532788967544e12 (10334) time=544.894374241s
[ Info: iter=9679 obj=1.4190800089284761e6 pinf=0.0 (0) dinf=1.1442631881429033e12 (10304) time=544.956389841s
[ Info: iter=9681 obj=1.4190800089030848e6 pinf=0.0 (0) dinf=1.1456048660998042e12 (10313) time=545.061537341s
[ Info: iter=9682 obj=1.4190800089266188e6 pinf=0.0 (0) dinf=1.147324788043515e12 (10362) time=545.121708141s
[ Info: iter=9683 obj=1.4190800089265658e6 pinf=0.0 (0) dinf=1.1489947474143794e12 (10357) time=545.20480674s
[ Info: iter=9725 obj=1.4190800088750296e6 pinf=0.0 (0) dinf=1.2382537430086775e12 (10384) time=545.53737224s
[ Info: iter=9727 obj=1.4190800088747563e6 pinf=0.0 (0) dinf=1.2381594449162036e12 (10382) time=545.609273839s
[ Info: iter=9728 obj=1.4190800088750764e6 pinf=0.0 (0) dinf=1.238178957394532e12 (10387) time=545.677714039s
[ Info: iter=9730 obj=1.4190800088750764e6 pinf=0.0 (0) dinf=1.238144340392509e12 (10384) time=545.754777539s
[ Info: iter=9734 obj=1.4190800088750764e6 pinf=0.0 (0) dinf=1.2381156220001926e12 (10376) time=545.853023239s
[ Info: iter=9735 obj=1.4190800088750764e6 pinf=0.0 (0) dinf=1.238054454519598e12 (10375) time=545.945377339s
[ Info: iter=9736 obj=1.4190800088750764e6 pinf=0.0 (0) dinf=1.238054454519236e12 (10374) time=546.036942938s
[ Info: iter=9737 obj=1.4190800088750764e6 pinf=0.0 (0) dinf=1.2439855849847214e12 (10376) time=546.130398538s
[ Info: iter=9745 obj=1.4190800088292914e6 pinf=0.0 (0) dinf=1.2577704618931248e12 (10418) time=546.244138238s
[ Info: iter=9746 obj=1.4190800087484613e6 pinf=0.0 (0) dinf=1.142601014449984e12 (10380) time=546.338855938s
[ Info: iter=9747 obj=1.419080008851027e6 pinf=0.0 (0) dinf=1.2890104111592368e12 (10415) time=546.434173738s
[ Info: iter=9748 obj=1.419080008851027e6 pinf=0.0 (0) dinf=1.288916527009455e12 (10413) time=546.527357237s
[ Info: iter=9753 obj=1.4190800088510239e6 pinf=0.0 (0) dinf=1.152645364532681e12 (10430) time=546.631809937s
[ Info: iter=9755 obj=1.4190800088781398e6 pinf=0.0 (0) dinf=1.1531636904609922e12 (10431) time=546.710677237s
[ Info: iter=9760 obj=1.4190800088458732e6 pinf=0.0 (0) dinf=1.1525479595003943e12 (10447) time=546.789635437s
[ Info: iter=9761 obj=1.4190800088458732e6 pinf=0.0 (0) dinf=1.152542372947082e12 (10443) time=546.887063437s
[ Info: iter=9762 obj=1.4190800088458732e6 pinf=0.0 (0) dinf=1.1525396186067842e12 (10441) time=546.981287736s
[ Info: iter=9763 obj=1.4190800088458732e6 pinf=0.0 (0) dinf=1.1525378885817698e12 (10440) time=547.078828736s
[ Info: iter=9764 obj=1.4190800088458732e6 pinf=0.0 (0) dinf=1.1525367332850347e12 (10439) time=547.177970436s
[ Info: iter=9765 obj=1.4190800088458732e6 pinf=0.0 (0) dinf=1.1525369932045215e12 (10442) time=547.272802636s
[ Info: iter=9766 obj=1.4190800089121275e6 pinf=0.0 (0) dinf=1.1536584207018289e12 (10410) time=547.365150635s
[ Info: iter=9767 obj=1.4190800089115654e6 pinf=0.0 (0) dinf=1.1566153105708308e12 (10427) time=547.457934635s
[ Info: iter=9768 obj=1.4190800088461046e6 pinf=0.0 (0) dinf=1.1523195801479714e12 (10429) time=547.554882035s
[ Info: iter=9769 obj=1.4190800087363687e6 pinf=0.0 (0) dinf=1.1436287047822268e12 (10382) time=547.647820735s
[ Info: iter=9770 obj=1.4190800087361403e6 pinf=0.0 (0) dinf=1.2784251505140857e12 (10410) time=547.738466634s
[ Info: iter=9771 obj=1.4190800087361403e6 pinf=0.0 (0) dinf=1.2784322275197292e12 (10411) time=547.829301134s
[ Info: iter=9772 obj=1.419080008736138e6 pinf=0.0 (0) dinf=1.278491971980546e12 (10422) time=547.922532033s
[ Info: iter=9773 obj=1.4190800087361403e6 pinf=0.0 (0) dinf=1.2784127321129976e12 (10410) time=548.017026133s
[ Info: iter=9774 obj=1.4190800089243185e6 pinf=0.0 (0) dinf=1.154366040117425e12 (10408) time=548.108445633s
[ Info: iter=9775 obj=1.4190800089352345e6 pinf=0.0 (0) dinf=1.154242620798208e12 (10408) time=548.202405632s
[ Info: iter=9776 obj=1.4190800089352312e6 pinf=0.0 (0) dinf=1.1785851634639985e12 (10464) time=548.297928432s
[ Info: iter=9777 obj=1.4190800089352312e6 pinf=0.0 (0) dinf=1.1677600403489092e12 (10416) time=548.387784231s
[ Info: iter=9779 obj=1.4190800088083073e6 pinf=0.0 (0) dinf=1.1747732205947615e12 (10423) time=548.477626231s
[ Info: iter=9780 obj=1.4190800088083073e6 pinf=0.0 (0) dinf=1.17477223226849e12 (10423) time=548.55914063s
[ Info: iter=9781 obj=1.4190800088083073e6 pinf=0.0 (0) dinf=1.1747722322670537e12 (10423) time=548.65045383s
[ Info: iter=9782 obj=1.4190800088083073e6 pinf=0.0 (0) dinf=1.1747721313470457e12 (10423) time=548.74613513s
[ Info: iter=9783 obj=1.4190800088083073e6 pinf=0.0 (0) dinf=1.1747721313458066e12 (10423) time=548.842611129s
[ Info: iter=9784 obj=1.4190800088083073e6 pinf=0.0 (0) dinf=1.1748208980737988e12 (10424) time=548.942735929s
[ Info: iter=9785 obj=1.4190800088083104e6 pinf=0.0 (0) dinf=1.174828087408856e12 (10427) time=549.042297328s
[ Info: iter=9786 obj=1.4190800088083104e6 pinf=0.0 (0) dinf=1.174833451749382e12 (10428) time=549.141805328s
[ Info: iter=9787 obj=1.4190800088083104e6 pinf=0.0 (0) dinf=1.1748324103209683e12 (10427) time=549.238316727s
[ Info: iter=9788 obj=1.4190800088083073e6 pinf=0.0 (0) dinf=1.1748289167688965e12 (10424) time=549.334294727s
[ Info: iter=9789 obj=1.4190800088083073e6 pinf=0.0 (0) dinf=1.17482745380328e12 (10423) time=549.434744226s
[ Info: iter=9790 obj=1.4190800088083073e6 pinf=0.0 (0) dinf=1.1748466126795496e12 (10426) time=549.537580726s
[ Info: iter=9791 obj=1.4190800088083073e6 pinf=0.0 (0) dinf=1.174830318288587e12 (10423) time=549.636568325s
[ Info: iter=9792 obj=1.4190800088083073e6 pinf=0.0 (0) dinf=1.1748292732269736e12 (10422) time=549.738473225s
[ Info: iter=9793 obj=1.4190800088083073e6 pinf=0.0 (0) dinf=1.1748271326051316e12 (10418) time=549.837577224s
[ Info: iter=9794 obj=1.4190800088083073e6 pinf=0.0 (0) dinf=1.1748099171833584e12 (10417) time=549.941750724s
[ Info: iter=9795 obj=1.4190800088083073e6 pinf=0.0 (0) dinf=1.1748064549374663e12 (10417) time=550.044586023s
[ Info: iter=9796 obj=1.4190800088083073e6 pinf=0.0 (0) dinf=1.1935303579272832e12 (10420) time=550.150949323s
[ Info: iter=9797 obj=1.4190800088083073e6 pinf=0.0 (0) dinf=1.1935267746317327e12 (10419) time=550.249358923s
[ Info: iter=9798 obj=1.4190800088083073e6 pinf=0.0 (0) dinf=1.1935229071548557e12 (10418) time=550.350216722s
[ Info: iter=9799 obj=1.4190800088083073e6 pinf=0.0 (0) dinf=1.1935216838694973e12 (10418) time=550.451864922s
[ Info: iter=9800 obj=1.4190800088083073e6 pinf=0.0 (0) dinf=1.1935215929995754e12 (10418) time=550.552343421s
[ Info: iter=9802 obj=1.4190800088083073e6 pinf=0.0 (0) dinf=1.1711690812589978e12 (10423) time=550.655277621s
[ Info: iter=9803 obj=1.4190800088083073e6 pinf=0.0 (0) dinf=1.1704806732405967e12 (10419) time=550.75295492s
[ Info: iter=9804 obj=1.4190800088083073e6 pinf=0.0 (0) dinf=1.1706165335393223e12 (10419) time=550.85795832s
[ Info: iter=9805 obj=1.4190800088083073e6 pinf=0.0 (0) dinf=1.1706075967161047e12 (10417) time=550.970690219s
[ Info: iter=9806 obj=1.4190800088083073e6 pinf=0.0 (0) dinf=1.1706075968599316e12 (10418) time=551.083019319s
[ Info: iter=9807 obj=1.4190800088083073e6 pinf=0.0 (0) dinf=1.170600417420126e12 (10417) time=551.194968018s
[ Info: iter=9808 obj=1.4190800088083073e6 pinf=0.0 (0) dinf=1.1710558342437231e12 (10416) time=551.312663018s
[ Info: iter=9809 obj=1.4190800088083073e6 pinf=0.0 (0) dinf=1.169968680019764e12 (10415) time=551.425990617s
[ Info: iter=9810 obj=1.4190800088083073e6 pinf=0.0 (0) dinf=1.1689771382105042e12 (10414) time=551.539257716s
[ Info: iter=9811 obj=1.4190800088083073e6 pinf=0.0 (0) dinf=1.1678682721031416e12 (10414) time=551.653886516s
[ Info: iter=9812 obj=1.4190800088083101e6 pinf=0.0 (0) dinf=1.1680916665669346e12 (10416) time=551.735058016s
[ Info: iter=9813 obj=1.4190800088083101e6 pinf=0.0 (0) dinf=1.1680846062129648e12 (10412) time=551.795195415s
[ Info: iter=9814 obj=1.4190800088083101e6 pinf=0.0 (0) dinf=1.168111279630627e12 (10412) time=551.858421415s
[ Info: iter=9815 obj=1.4190800088083101e6 pinf=0.0 (0) dinf=1.1680739418971816e12 (10409) time=551.919343215s
[ Info: iter=9816 obj=1.4190800088083101e6 pinf=0.0 (0) dinf=1.1679160749878481e12 (10408) time=551.999475214s
[ Info: iter=9817 obj=1.4190800088083101e6 pinf=0.0 (0) dinf=1.1677603916269482e12 (10407) time=552.077278014s
[ Info: iter=9818 obj=1.4190800087458007e6 pinf=0.0 (0) dinf=1.1563115270848804e12 (10411) time=552.187945713s
[ Info: iter=9819 obj=1.4190800087458007e6 pinf=0.0 (0) dinf=1.1558499138130273e12 (10409) time=552.277194813s
[ Info: iter=9820 obj=1.4190800087502508e6 pinf=0.0 (0) dinf=1.1617832592063584e12 (10438) time=552.369531813s
[ Info: iter=9821 obj=1.4190800087534832e6 pinf=0.0 (0) dinf=1.1615156190500461e12 (10438) time=552.450650512s
[ Info: iter=9822 obj=1.4190800087534832e6 pinf=0.0 (0) dinf=1.1612516807233884e12 (10437) time=552.530681412s
[ Info: iter=9823 obj=1.4190800087534832e6 pinf=0.0 (0) dinf=1.1573195910648455e12 (10435) time=552.616090811s
[ Info: iter=9824 obj=1.4190800087534832e6 pinf=0.0 (0) dinf=1.153384611024311e12 (10430) time=552.706179011s
[ Info: iter=9826 obj=1.419080008801734e6 pinf=0.0 (0) dinf=1.164036620200728e12 (10456) time=552.80555881s
[ Info: iter=9827 obj=1.4190800087805472e6 pinf=0.0 (0) dinf=1.1640361184782788e12 (10455) time=552.89600961s
[ Info: iter=9828 obj=1.4190800087810764e6 pinf=0.0 (0) dinf=1.1641769739891777e12 (10452) time=552.99685081s
[ Info: iter=9829 obj=1.4190800087810764e6 pinf=0.0 (0) dinf=1.1641982061664612e12 (10457) time=553.085807209s
[ Info: iter=9830 obj=1.4190800087810764e6 pinf=0.0 (0) dinf=1.1641961110361619e12 (10456) time=553.179238509s
[ Info: iter=9831 obj=1.4190800087810764e6 pinf=0.0 (0) dinf=1.1641953889842886e12 (10455) time=553.269810908s
[ Info: iter=9832 obj=1.419080008781003e6 pinf=0.0 (0) dinf=1.1636752667269075e12 (10449) time=553.362203808s
[ Info: iter=9833 obj=1.419080008781003e6 pinf=0.0 (0) dinf=1.163185739447145e12 (10446) time=553.453876507s
[ Info: iter=9834 obj=1.419080008815517e6 pinf=0.0 (0) dinf=1.163963937362431e12 (10444) time=553.550549907s
[ Info: iter=9835 obj=1.419080008815517e6 pinf=0.0 (0) dinf=1.1639652161696394e12 (10443) time=553.644130007s
[ Info: iter=9836 obj=1.419080008815517e6 pinf=0.0 (0) dinf=1.1639658244551099e12 (10446) time=553.737558206s
[ Info: iter=9837 obj=1.419080008815517e6 pinf=0.0 (0) dinf=1.1639629514234597e12 (10442) time=553.832606706s
[ Info: iter=9838 obj=1.419080008815517e6 pinf=0.0 (0) dinf=1.163948337096699e12 (10440) time=553.929557905s
[ Info: iter=9839 obj=1.419080008917431e6 pinf=0.0 (0) dinf=1.163836542407251e12 (10439) time=554.025883205s
[ Info: iter=9840 obj=1.419080008819133e6 pinf=0.0 (0) dinf=1.164569274382068e12 (10439) time=554.123295504s
[ Info: iter=9841 obj=1.4190800089110923e6 pinf=0.0 (0) dinf=1.154723026150582e12 (10367) time=554.220198204s
[ Info: iter=9842 obj=1.4190800089110923e6 pinf=0.0 (0) dinf=1.154723026150582e12 (10367) time=554.314492603s
[ Info: iter=9843 obj=1.4190800089110923e6 pinf=0.0 (0) dinf=1.1535019621394253e12 (10366) time=554.413324503s
[ Info: iter=9844 obj=1.4190800089206332e6 pinf=0.0 (0) dinf=1.1483716867860125e12 (10365) time=554.517221802s
[ Info: iter=9845 obj=1.4190800087429862e6 pinf=0.0 (0) dinf=1.1487386974278499e12 (10367) time=554.616311602s
[ Info: iter=9846 obj=1.4190800088049043e6 pinf=0.0 (0) dinf=1.159533061962569e12 (10433) time=554.715338001s
[ Info: iter=9847 obj=1.4190800088463195e6 pinf=0.0 (0) dinf=1.1586510046566282e12 (10442) time=554.820692101s
[ Info: iter=9848 obj=1.4190800088486657e6 pinf=0.0 (0) dinf=1.1584890783699973e12 (10432) time=554.920372101s
[ Info: iter=9849 obj=1.4190800088486657e6 pinf=0.0 (0) dinf=1.1584566267056262e12 (10427) time=555.0296027s
[ Info: iter=9850 obj=1.4190800088486657e6 pinf=0.0 (0) dinf=1.156334685708336e12 (10447) time=555.133283s
[ Info: iter=9851 obj=1.4190800088486657e6 pinf=0.0 (0) dinf=1.1586037671863518e12 (10394) time=555.231697699s
[ Info: iter=9852 obj=1.4190800088486657e6 pinf=0.0 (0) dinf=1.1585716966442097e12 (10393) time=555.325372699s
[ Info: iter=9853 obj=1.41908000884959e6 pinf=0.0 (0) dinf=1.157886052731602e12 (10400) time=555.420113398s
[ Info: iter=9854 obj=1.4190800088495845e6 pinf=0.0 (0) dinf=1.1819761532130178e12 (10403) time=555.513426898s
[ Info: iter=9855 obj=1.4190800088495845e6 pinf=0.0 (0) dinf=1.1819756860818433e12 (10403) time=555.608267997s
[ Info: iter=9856 obj=1.4190800088495845e6 pinf=0.0 (0) dinf=1.1819219119773494e12 (10403) time=555.701395197s
[ Info: iter=9857 obj=1.419080008933322e6 pinf=0.0 (0) dinf=1.1820961097197761e12 (10402) time=555.794538197s
[ Info: iter=9858 obj=1.419080008933322e6 pinf=0.0 (0) dinf=1.1820444224768215e12 (10402) time=555.888344798s
[ Info: iter=9859 obj=1.419080008933322e6 pinf=0.0 (0) dinf=1.1821421223756038e12 (10401) time=555.988560498s
[ Info: iter=9860 obj=1.419080008933322e6 pinf=0.0 (0) dinf=1.1820732743812217e12 (10402) time=556.095813798s
[ Info: iter=9861 obj=1.419080008933311e6 pinf=0.0 (0) dinf=1.1820722555053374e12 (10412) time=556.200179399s
[ Info: iter=9862 obj=1.419080008933311e6 pinf=0.0 (0) dinf=1.1820855723458071e12 (10413) time=556.304552599s
[ Info: iter=9863 obj=1.419080008933311e6 pinf=0.0 (0) dinf=1.1823177822708013e12 (10405) time=556.4089697s
[ Info: iter=9864 obj=1.419080008933311e6 pinf=0.0 (0) dinf=1.1821694684433206e12 (10404) time=556.5101976s
[ Info: iter=9865 obj=1.419080008933311e6 pinf=0.0 (0) dinf=1.1821814894300566e12 (10404) time=556.6126668s
[ Info: iter=9866 obj=1.419080008933311e6 pinf=0.0 (0) dinf=1.1821016767719827e12 (10403) time=556.715268001s
[ Info: iter=9867 obj=1.419080008933311e6 pinf=0.0 (0) dinf=1.1821006248584429e12 (10402) time=556.825797401s
[ Info: iter=9868 obj=1.419080008940196e6 pinf=0.0 (0) dinf=1.1826163251340566e12 (10414) time=556.946853301s
[ Info: iter=9869 obj=1.419080008940196e6 pinf=0.0 (0) dinf=1.182611364798619e12 (10410) time=557.069249902s
[ Info: iter=9870 obj=1.419080008940196e6 pinf=0.0 (0) dinf=1.182608913491871e12 (10409) time=557.189247302s
[ Info: iter=9871 obj=1.419080008940196e6 pinf=0.0 (0) dinf=1.1826069441913284e12 (10408) time=557.308419803s
[ Info: iter=9872 obj=1.419080008940196e6 pinf=0.0 (0) dinf=1.1826089134921272e12 (10409) time=557.428745303s
[ Info: iter=9873 obj=1.419080008940196e6 pinf=0.0 (0) dinf=1.182608418381312e12 (10409) time=557.548614903s
[ Info: iter=9874 obj=1.4190800088222395e6 pinf=0.0 (0) dinf=1.1826084183813118e12 (10408) time=557.669698504s
[ Info: iter=9875 obj=1.4190800088833817e6 pinf=0.0 (0) dinf=1.1850559516763655e12 (10409) time=557.787649604s
[ Info: iter=9876 obj=1.4190800088833817e6 pinf=0.0 (0) dinf=1.1850537046280579e12 (10409) time=557.893726805s
[ Info: iter=9877 obj=1.4190800088833817e6 pinf=0.0 (0) dinf=1.1850513521314377e12 (10407) time=557.997312405s
[ Info: iter=9878 obj=1.4190800088833817e6 pinf=0.0 (0) dinf=1.1850513521314377e12 (10406) time=558.098960405s
[ Info: iter=9879 obj=1.4190800088833817e6 pinf=0.0 (0) dinf=1.1850501265351816e12 (10405) time=558.201129306s
[ Info: iter=9880 obj=1.4190800088833817e6 pinf=0.0 (0) dinf=1.185048032970936e12 (10403) time=558.316447606s
[ Info: iter=9881 obj=1.4190800088833817e6 pinf=0.0 (0) dinf=1.1851244478737986e12 (10403) time=558.428989806s
[ Info: iter=9882 obj=1.4190800088833817e6 pinf=0.0 (0) dinf=1.185066185912482e12 (10403) time=558.545076607s
[ Info: iter=9883 obj=1.4190800088833938e6 pinf=0.0 (0) dinf=1.1850860216594006e12 (10405) time=558.660155207s
[ Info: iter=9884 obj=1.4190800088833817e6 pinf=0.0 (0) dinf=1.1850627906484458e12 (10403) time=558.775407608s
[ Info: iter=9885 obj=1.4190800088833817e6 pinf=0.0 (0) dinf=1.185125985055473e12 (10402) time=558.892724308s
[ Info: iter=9886 obj=1.4190800088833817e6 pinf=0.0 (0) dinf=1.1850625365386267e12 (10402) time=559.008185108s
[ Info: iter=9887 obj=1.41908000883866e6 pinf=0.0 (0) dinf=1.199781070233081e12 (10400) time=559.136216309s
[ Info: iter=9888 obj=1.4190800088723374e6 pinf=0.0 (0) dinf=1.1889797052336404e12 (10392) time=559.253434209s
[ Info: iter=9889 obj=1.419080008798976e6 pinf=0.0 (0) dinf=1.1962572389001511e12 (10391) time=559.37576981s
[ Info: iter=9892 obj=1.4190800089401626e6 pinf=0.0 (0) dinf=1.1450204215868262e12 (10394) time=559.47422011s
[ Info: iter=9893 obj=1.4190800089401626e6 pinf=0.0 (0) dinf=1.1450196543146187e12 (10393) time=559.55348471s
[ Info: iter=9894 obj=1.4190800089401626e6 pinf=0.0 (0) dinf=1.1450190379012812e12 (10393) time=559.634058111s
[ Info: iter=9895 obj=1.4190800088580758e6 pinf=0.0 (0) dinf=1.1547495017927092e12 (10400) time=559.717328811s
[ Info: iter=9975 obj=1.4190800088703814e6 pinf=0.0 (0) dinf=3.121920598477776e9 (10933) time=560.135600012s
[ Info: iter=10055 obj=1.4190800089257036e6 pinf=0.0 (0) dinf=3.1378700753591585e9 (10929) time=560.712908514s
[ Info: iter=10135 obj=1.419080008926058e6 pinf=0.0 (0) dinf=3.1303713796976457e9 (10919) time=562.32549172s
[ Info: iter=10215 obj=1.4190800089305583e6 pinf=0.0 (0) dinf=3.1240638846417837e9 (11013) time=563.438647724s
[ Info: iter=10295 obj=1.4190800089058927e6 pinf=0.0 (0) dinf=3.143807271575348e9 (10997) time=564.202492624s
[ Info: iter=10375 obj=1.4190800089355158e6 pinf=0.0 (0) dinf=3.125607607672127e9 (11004) time=565.854867122s
[ Info: iter=10455 obj=1.4190800089109424e6 pinf=0.0 (0) dinf=6.962789635314027e9 (10955) time=567.89947082s
[ Info: iter=10503 obj=1.419080008920738e6 pinf=0.0 (0) dinf=3.806239597515872e9 (10917) time=569.386180518s
[ Info: iter=10504 obj=1.419080008920738e6 pinf=0.0 (0) dinf=3.8062395110116577e9 (10917) time=569.442422218s
[ Info: iter=10505 obj=1.419080008920738e6 pinf=0.0 (0) dinf=3.8062358481565967e9 (10914) time=569.496647518s
[ Info: iter=10506 obj=1.419080008920738e6 pinf=0.0 (0) dinf=3.806235870827084e9 (10917) time=569.551432918s
[ Info: iter=10507 obj=1.419080008920738e6 pinf=0.0 (0) dinf=3.8062261327594914e9 (10915) time=569.607073318s
[ Info: iter=10508 obj=1.419080008920738e6 pinf=0.0 (0) dinf=3.8062239567542768e9 (10911) time=569.662417318s
[ Info: iter=10509 obj=1.419080008920738e6 pinf=0.0 (0) dinf=3.806223672573098e9 (10910) time=569.716708018s
[ Info: iter=10510 obj=1.419080008920738e6 pinf=0.0 (0) dinf=3.8062233689044495e9 (10909) time=569.772711118s
[ Info: iter=10511 obj=1.419080008920738e6 pinf=0.0 (0) dinf=3.8062230476944456e9 (10908) time=569.828415818s
[ Info: iter=10512 obj=1.419080008920738e6 pinf=0.0 (0) dinf=3.8062227234542665e9 (10907) time=569.885726718s
[ Info: iter=10521 obj=1.4190800089169843e6 pinf=0.0 (0) dinf=2.3029961056729035e9 (10862) time=570.246208218s
[ Info: iter=10522 obj=1.4190800089207685e6 pinf=0.0 (0) dinf=2.2982062870985055e9 (10877) time=570.308169118s
[ Info: iter=10523 obj=1.4190800089207685e6 pinf=0.0 (0) dinf=2.298117875833431e9 (10871) time=570.382529517s
[ Info: iter=10524 obj=1.4190800089207685e6 pinf=0.0 (0) dinf=2.298029543184127e9 (10877) time=570.440534417s
[ Info: iter=10525 obj=1.4190800089207685e6 pinf=0.0 (0) dinf=2.2981178792834535e9 (10871) time=570.497283117s
[ Info: iter=10526 obj=1.4190800089207685e6 pinf=0.0 (0) dinf=2.298117865069337e9 (10869) time=570.552558817s
[ Info: iter=10527 obj=1.4190800089207685e6 pinf=0.0 (0) dinf=2.2981178806525373e9 (10872) time=570.607263817s
[ Info: iter=10528 obj=1.4190800089207685e6 pinf=0.0 (0) dinf=2.297941130039331e9 (10870) time=570.666239917s
[ Info: iter=10529 obj=1.4190800089207685e6 pinf=0.0 (0) dinf=2.3809953884891195e9 (10869) time=570.721752517s
[ Info: iter=10530 obj=1.4190800089207685e6 pinf=0.0 (0) dinf=2.304718238721809e9 (10892) time=570.776446217s
[ Info: iter=10531 obj=1.4190800089207685e6 pinf=0.0 (0) dinf=2.304853921210794e9 (10892) time=570.832326817s
[ Info: iter=10611 obj=1.4190800087060945e6 pinf=0.0 (0) dinf=1.3862601646912377e9 (10894) time=572.293967114s
[ Info: iter=10662 obj=1.419080008704642e6 pinf=0.0 (0) dinf=2.1256605413328457e9 (10925) time=573.144668411s
[ Info: iter=10663 obj=1.419080008704642e6 pinf=0.0 (0) dinf=2.125622526284499e9 (10924) time=573.199837311s
[ Info: iter=10664 obj=1.419080008704642e6 pinf=0.0 (0) dinf=2.1255906299631462e9 (10923) time=573.253655111s
[ Info: iter=10665 obj=1.419080008704642e6 pinf=0.0 (0) dinf=2.1254908590913854e9 (10922) time=573.310568911s
[ Info: iter=10666 obj=1.419080008704642e6 pinf=0.0 (0) dinf=2.1254834210421934e9 (10921) time=573.370697711s
[ Info: iter=10667 obj=1.419080008704642e6 pinf=0.0 (0) dinf=2.1254760516999543e9 (10920) time=573.42600391s
[ Info: iter=10668 obj=1.419080008704642e6 pinf=0.0 (0) dinf=2.125469084886448e9 (10919) time=573.48214551s
[ Info: iter=10669 obj=1.419080008704642e6 pinf=0.0 (0) dinf=2.1254625658132782e9 (10918) time=573.53597261s
[ Info: iter=10670 obj=1.419080008704642e6 pinf=0.0 (0) dinf=2.1253835431826327e9 (10913) time=573.59211751s
[ Info: iter=10671 obj=1.419080008704642e6 pinf=0.0 (0) dinf=2.125415809105565e9 (10911) time=573.65126081s
[ Info: iter=10679 obj=1.419080008704642e6 pinf=0.0 (0) dinf=2.15249367016801e9 (10910) time=573.755891509s
[ Info: iter=10680 obj=1.419080008704642e6 pinf=0.0 (0) dinf=2.152450013126266e9 (10909) time=573.817451709s
[ Info: iter=10681 obj=1.419080008704642e6 pinf=0.0 (0) dinf=2.1524284996187534e9 (10907) time=573.879451609s
[ Info: iter=10682 obj=1.4190800087069343e6 pinf=0.0 (0) dinf=2.152489843846283e9 (10909) time=573.940808809s
[ Info: iter=10683 obj=1.4190800087230024e6 pinf=0.0 (0) dinf=2.155071268722947e9 (10916) time=574.001537909s
[ Info: iter=10684 obj=1.4190800087230024e6 pinf=0.0 (0) dinf=2.1549637826060085e9 (10915) time=574.062067008s
[ Info: iter=10685 obj=1.4190800087230024e6 pinf=0.0 (0) dinf=2.1548665966016474e9 (10914) time=574.126874808s
[ Info: iter=10686 obj=1.4190800087230024e6 pinf=0.0 (0) dinf=2.154633235023413e9 (10914) time=574.190516008s
[ Info: iter=10687 obj=1.4190800087230024e6 pinf=0.0 (0) dinf=2.1543381655387797e9 (10905) time=574.250865408s
[ Info: iter=10733 obj=1.4190800088215084e6 pinf=0.0 (0) dinf=2.166724618846439e9 (10968) time=574.931597805s
[ Info: iter=10734 obj=1.4190800088215084e6 pinf=0.0 (0) dinf=2.166723978293393e9 (10966) time=574.990518705s
[ Info: iter=10738 obj=1.4190800088215084e6 pinf=0.0 (0) dinf=2.166723805974528e9 (10966) time=575.145837005s
[ Info: iter=10739 obj=1.4190800088215084e6 pinf=0.0 (0) dinf=2.1667235550972576e9 (10965) time=575.202758905s
[ Info: iter=10819 obj=1.4190800089504588e6 pinf=0.0 (0) dinf=1.2126404329775053e10 (10920) time=576.794358599s
[ Info: iter=10835 obj=1.4190800089504588e6 pinf=0.0 (0) dinf=1.2115875198959213e10 (10909) time=577.380163797s
[ Info: iter=10836 obj=1.4190800089504588e6 pinf=0.0 (0) dinf=1.2115752779376127e10 (10908) time=577.442385797s
[ Info: iter=10837 obj=1.4190800089504588e6 pinf=0.0 (0) dinf=1.2115714915483452e10 (10907) time=577.499328297s
[ Info: iter=10838 obj=1.4190800089504588e6 pinf=0.0 (0) dinf=1.2117321678238853e10 (10906) time=577.554587097s
[ Info: iter=10839 obj=1.4190800089505306e6 pinf=0.0 (0) dinf=1.2117333423351595e10 (10906) time=577.609855397s
[ Info: iter=10840 obj=1.4190800089505306e6 pinf=0.0 (0) dinf=1.2117373283324224e10 (10907) time=577.672076897s
[ Info: iter=10841 obj=1.4190800089505306e6 pinf=0.0 (0) dinf=1.2117359554193136e10 (10907) time=577.729887696s
[ Info: iter=10842 obj=1.4190800089505306e6 pinf=0.0 (0) dinf=1.2117418628576494e10 (10909) time=577.789134296s
[ Info: iter=10843 obj=1.4190800089505306e6 pinf=0.0 (0) dinf=1.2117374847329355e10 (10907) time=577.847189996s
[ Info: iter=10844 obj=1.4190800089505306e6 pinf=0.0 (0) dinf=1.212367565290977e10 (10910) time=577.906336696s
[ Info: iter=10845 obj=1.4190800089505306e6 pinf=0.0 (0) dinf=1.2121303049594995e10 (10907) time=577.964804396s
[ Info: iter=10846 obj=1.4190800089505306e6 pinf=0.0 (0) dinf=1.2118930446280222e10 (10904) time=578.023653895s
[ Info: iter=10847 obj=1.4190800089505306e6 pinf=0.0 (0) dinf=1.2118835542205185e10 (10904) time=578.080012795s
[ Info: iter=10848 obj=1.4190800089505306e6 pinf=0.0 (0) dinf=1.2119984936005335e10 (10903) time=578.138686895s
[ Info: iter=10849 obj=1.4190800089505306e6 pinf=0.0 (0) dinf=1.2119668589088543e10 (10903) time=578.198627695s
[ Info: iter=10850 obj=1.4190800089505306e6 pinf=0.0 (0) dinf=1.2178336961873888e10 (10904) time=578.256080395s
[ Info: iter=10851 obj=1.4190800089505306e6 pinf=0.0 (0) dinf=1.2178306529096828e10 (10903) time=578.314512294s
[ Info: iter=10852 obj=1.4190800089505306e6 pinf=0.0 (0) dinf=1.215855946395679e10 (10898) time=578.375138294s
[ Info: iter=10853 obj=1.4190800089505306e6 pinf=0.0 (0) dinf=1.215562517746948e10 (10897) time=578.438123194s
[ Info: iter=10854 obj=1.4190800089505306e6 pinf=0.0 (0) dinf=1.2154900587763813e10 (10896) time=578.497649594s
[ Info: iter=10855 obj=1.4190800089505306e6 pinf=0.0 (0) dinf=1.2154649230323484e10 (10895) time=578.555650094s
[ Info: iter=10856 obj=1.4190800089505306e6 pinf=0.0 (0) dinf=1.2154340622129503e10 (10893) time=578.616883093s
[ Info: iter=10857 obj=1.4190800089505306e6 pinf=0.0 (0) dinf=1.2148893858161451e10 (10889) time=578.674438893s
[ Info: iter=10858 obj=1.4190800089505306e6 pinf=0.0 (0) dinf=1.2146721057041014e10 (10888) time=578.731805993s
[ Info: iter=10859 obj=1.4190800089505306e6 pinf=0.0 (0) dinf=1.2146555797262325e10 (10887) time=578.790302893s
[ Info: iter=10860 obj=1.4190800089505306e6 pinf=0.0 (0) dinf=1.214574683749881e10 (10884) time=578.849888393s
[ Info: iter=10861 obj=1.4190800089505306e6 pinf=0.0 (0) dinf=1.2140231652611553e10 (10885) time=578.910039192s
[ Info: iter=10862 obj=1.4190800089505306e6 pinf=0.0 (0) dinf=1.2140083270952766e10 (10883) time=578.969528892s
[ Info: iter=10863 obj=1.4190800089505306e6 pinf=0.0 (0) dinf=1.2134640626270636e10 (10879) time=579.027811792s
[ Info: iter=10864 obj=1.4190800089505306e6 pinf=0.0 (0) dinf=1.2124731798569077e10 (10871) time=579.085666592s
[ Info: iter=10865 obj=1.4190800089505306e6 pinf=0.0 (0) dinf=1.2146946696149359e10 (10872) time=579.144678092s
[ Info: iter=10866 obj=1.4190800089505306e6 pinf=0.0 (0) dinf=1.2137545741261826e10 (10875) time=579.204927192s
[ Info: iter=10867 obj=1.4190800089505306e6 pinf=0.0 (0) dinf=1.2126283856066717e10 (10885) time=579.263470791s
[ Info: iter=10868 obj=1.4190800089505306e6 pinf=0.0 (0) dinf=1.2117927518068203e10 (10883) time=579.320934691s
[ Info: iter=10869 obj=1.4190800089505306e6 pinf=0.0 (0) dinf=1.21180583005895e10 (10880) time=579.381317291s
[ Info: iter=10870 obj=1.4190800089505306e6 pinf=0.0 (0) dinf=1.2118098161422009e10 (10881) time=579.440564491s
[ Info: iter=10871 obj=1.4190800089505306e6 pinf=0.0 (0) dinf=1.2118348527375443e10 (10881) time=579.501905991s
[ Info: iter=10872 obj=1.4190800089505306e6 pinf=0.0 (0) dinf=1.2143130445712334e10 (10883) time=579.56034429s
[ Info: iter=10873 obj=1.4190800089505306e6 pinf=0.0 (0) dinf=1.2205858008852512e10 (10869) time=579.61930699s
[ Info: iter=10874 obj=1.4190800089505306e6 pinf=0.0 (0) dinf=1.2471451538194242e10 (10870) time=579.67724379s
[ Info: iter=10875 obj=1.4190800089505306e6 pinf=0.0 (0) dinf=1.211902978825987e10 (10876) time=579.736654589s
[ Info: iter=10876 obj=1.4190800089505306e6 pinf=0.0 (0) dinf=1.2117965156435446e10 (10873) time=579.793585588s
[ Info: iter=10877 obj=1.4190800089505306e6 pinf=0.0 (0) dinf=1.2118284088711111e10 (10874) time=579.854121887s
[ Info: iter=10878 obj=1.4190800089505306e6 pinf=0.0 (0) dinf=1.2118176257899145e10 (10874) time=579.916350085s
[ Info: iter=10879 obj=1.4190800089505306e6 pinf=0.0 (0) dinf=1.2117722715163906e10 (10870) time=579.975264284s
[ Info: iter=10880 obj=1.4190800089505306e6 pinf=0.0 (0) dinf=1.2117722714368645e10 (10870) time=580.036164983s
[ Info: iter=10881 obj=1.4190800089505306e6 pinf=0.0 (0) dinf=1.2117722713682646e10 (10870) time=580.094953981s
[ Info: iter=10882 obj=1.4190800089505306e6 pinf=0.0 (0) dinf=1.2623748367597103e10 (10872) time=580.15653548s
[ Info: iter=10883 obj=1.4190800089505306e6 pinf=0.0 (0) dinf=1.2244070801837986e10 (10868) time=580.216218579s
[ Info: iter=10884 obj=1.4190800089505306e6 pinf=0.0 (0) dinf=1.262374837550432e10 (10870) time=580.275117477s
[ Info: iter=10885 obj=1.4190800089505306e6 pinf=0.0 (0) dinf=1.224407080277613e10 (10866) time=580.334573676s
[ Info: iter=10886 obj=1.4190800089505306e6 pinf=0.0 (0) dinf=1.262374838250432e10 (10868) time=580.395633275s
[ Info: iter=10887 obj=1.4190800089505306e6 pinf=0.0 (0) dinf=1.2244070803807058e10 (10864) time=580.455681073s
[ Info: iter=10888 obj=1.4190800089505306e6 pinf=0.0 (0) dinf=1.2294571586748543e10 (10855) time=580.517864572s
[ Info: iter=10889 obj=1.4190800089505306e6 pinf=0.0 (0) dinf=1.813011111465453e10 (10883) time=580.574074371s
[ Info: iter=10890 obj=1.4190800089505306e6 pinf=0.0 (0) dinf=1.812784155883243e10 (10883) time=580.634233769s
[ Info: iter=10891 obj=1.4190800089505306e6 pinf=0.0 (0) dinf=1.8133276421588737e10 (10885) time=580.693481568s
[ Info: iter=10892 obj=1.4190800089505306e6 pinf=0.0 (0) dinf=1.8134411195963177e10 (10885) time=580.751329967s
[ Info: iter=10893 obj=1.4190800089505306e6 pinf=0.0 (0) dinf=1.8134411195963173e10 (10885) time=580.810706266s
[ Info: iter=10894 obj=1.4190800089505306e6 pinf=0.0 (0) dinf=1.81325090927313e10 (10884) time=580.876147664s
[ Info: iter=10895 obj=1.4190800089505306e6 pinf=0.0 (0) dinf=1.813023954137215e10 (10883) time=580.938719663s
PROGRESS iter=11000 refs=4288 pinf=0.0 working_objective=605519.5025241057
FINAL Dict{String, Any}("time_limit" => 600.0, "source_revision" => "35d93473b8f0af356a0196795c47c1ca9290b905", "snapshots" => String[], "backend" => "native", "trace_enabled" => false, "counts" => Dict("refactor_residual" => 1785, "primal_point_preserved" => 20, "correction_attempt" => 1681, "checkpoint" => 1, "correction" => 1681, "pricing_scanned_entries" => 17660189104, "refactor_other" => 1, "pivot_completed" => 11339, "pivot_rejected" => 266226, "pricing_full_scan" => 281936, "pricing" => 281936, "refactor_initial" => 2, "refactor_pivot" => 2586, "pricing_scored_entries" => 3104885345, "refactor_limit" => 71, "pivot_proposed" => 281936, "phase_one" => 1), "last_step" => 0.0, "blas_config" => "LBTConfig([ILP64] libopenblas64_.so)", "interval" => 80, "phases" => Dict{String, Any}[Dict("iteration" => 0, "columns" => 34186, "rows" => 28453, "phase" => "phase_one")], "source_path" => "/home/jspitz/JSimplex.jl/.worktrees/primal-runtime-stability/src/JSimplex.jl", "julia_threads" => 1, "input_sha256" => "d0ac16e1a52a7d3411cbac28616bba9d3beb0c0edbdb2d72ab0477ce075f6c68", "package_version" => "0.5.0", "working_directory" => "/home/jspitz/JSimplex.jl/.worktrees/primal-runtime-stability", "refactorizations" => 4443, "seconds" => 600.002896326, "rounding_scale_pivots" => 0, "package_git_revision" => "unavailable", "pricing" => "steepest_edge", "last_primal_infeasibility" => 0.0, "last_working_objective" => 605519.5025240412, "architecture" => "aarch64", "blas_threads" => 1, "active_project" => "/home/jspitz/JSimplex.jl/.worktrees/primal-runtime-stability/Project.toml", "cpu_threads" => 18, "julia" => "1.13.0", "algorithm" => "primal", "strategy" => "legacy", "package_tree_hash" => "unavailable", "iterations" => 11339, "manager" => "pfi", "status" => "TIME_LIMIT", "source_sha256" => Dict("primal_simplex.jl" => "de166a9b74f0438e70c4ddfd296d13d6365da600f3babfce7f13456e23dbd8d3", "simplex_numerics.jl" => "89984ed2d500ea6375aa520cb722f4aba430b810339e7830230926f51661e995", "legacy_primal_point.jl" => "0e6513e8415f20df738127608ac0dd344c0d1333057ddc82c42ed7b07fae695d", "legacy_primal_pivot.jl" => "dde642e0c5f15fcac4dad06d7a72e8e2e09cd253e3a8cf56d7ed7a26553f4043"), "message" => "time limit reached")
[ Info: iter=10896 obj=1.4190800089505306e6 pinf=0.0 (0) dinf=1.8135913420180042e10 (10887) time=581.001865761s
[ Info: iter=10897 obj=1.4190800089505306e6 pinf=0.0 (0) dinf=1.8127235091842003e10 (10881) time=581.06425746s
[ Info: iter=10898 obj=1.4190800089505306e6 pinf=0.0 (0) dinf=1.8126054233563442e10 (10884) time=581.138683058s
[ Info: iter=10899 obj=1.4190800089505306e6 pinf=0.0 (0) dinf=1.8125195036065437e10 (10881) time=581.210488557s
[ Info: iter=10900 obj=1.4190800089505306e6 pinf=0.0 (0) dinf=1.8130068890075306e10 (10882) time=581.282134155s
[ Info: iter=10901 obj=1.4190800089505306e6 pinf=0.0 (0) dinf=1.8130068889389305e10 (10882) time=581.355286654s
[ Info: iter=10902 obj=1.4190800089505306e6 pinf=0.0 (0) dinf=1.812080731637254e10 (10878) time=581.424374252s
[ Info: iter=10903 obj=1.4190800089505306e6 pinf=0.0 (0) dinf=1.8118188884847908e10 (10877) time=581.50374615s
[ Info: iter=10904 obj=1.4190800089505306e6 pinf=0.0 (0) dinf=1.8110264985837254e10 (10871) time=581.575077349s
[ Info: iter=10905 obj=1.4190800089505306e6 pinf=0.0 (0) dinf=1.810451979770118e10 (10871) time=581.644786047s
[ Info: iter=10906 obj=1.4190800089505306e6 pinf=0.0 (0) dinf=1.8103948488740067e10 (10867) time=581.714765546s
[ Info: iter=10907 obj=1.4190800089505306e6 pinf=0.0 (0) dinf=1.8104478784064034e10 (10873) time=581.787015844s
[ Info: iter=10908 obj=1.4190800089505306e6 pinf=0.0 (0) dinf=1.8104332835942116e10 (10871) time=581.857255042s
[ Info: iter=10909 obj=1.4190800089505306e6 pinf=0.0 (0) dinf=1.8101478511407303e10 (10870) time=581.927130341s
[ Info: iter=10910 obj=1.4190800089505306e6 pinf=0.0 (0) dinf=1.810081281210934e10 (10868) time=581.996549239s
[ Info: iter=10911 obj=1.4190800089505306e6 pinf=0.0 (0) dinf=1.809762260714025e10 (10868) time=582.069182138s
[ Info: iter=10912 obj=1.4190800089505306e6 pinf=0.0 (0) dinf=1.8091786305166084e10 (10866) time=582.145506936s
[ Info: iter=10913 obj=1.4190800089505306e6 pinf=0.0 (0) dinf=1.809139997678575e10 (10866) time=582.217444035s
[ Info: iter=10914 obj=1.4190800089505306e6 pinf=0.0 (0) dinf=1.808856690198905e10 (10865) time=582.288720433s
[ Info: iter=10915 obj=1.4190800089505306e6 pinf=0.0 (0) dinf=1.8098611438945824e10 (10866) time=582.360946131s
[ Info: iter=10916 obj=1.4190800089505306e6 pinf=0.0 (0) dinf=1.8092599726259537e10 (10867) time=582.43575723s
[ Info: iter=10917 obj=1.4190800089505306e6 pinf=0.0 (0) dinf=1.8086585679726032e10 (10865) time=582.505919728s
[ Info: iter=10918 obj=1.4190800089505306e6 pinf=0.0 (0) dinf=1.8085919980675957e10 (10863) time=582.583405926s
[ Info: iter=10919 obj=1.4190800089505306e6 pinf=0.0 (0) dinf=1.8605472911179344e10 (10862) time=582.658029025s
[ Info: iter=10920 obj=1.4190800089505306e6 pinf=0.0 (0) dinf=1.2335451181977108e10 (10905) time=582.717414124s
[ Info: iter=10921 obj=1.4190800089505306e6 pinf=0.0 (0) dinf=1.2329982362241465e10 (10900) time=582.775644322s
[ Info: iter=10922 obj=1.4190800089505306e6 pinf=0.0 (0) dinf=1.232729291503712e10 (10899) time=582.837963421s
[ Info: iter=10923 obj=1.4190800089505306e6 pinf=0.0 (0) dinf=1.2321846149503954e10 (10895) time=582.89436012s
[ Info: iter=10924 obj=1.4190800089505306e6 pinf=0.0 (0) dinf=1.2306899528193377e10 (10890) time=582.957046118s
[ Info: iter=10925 obj=1.4190800089505306e6 pinf=0.0 (0) dinf=1.230486043607579e10 (10889) time=583.016684717s
[ Info: iter=10926 obj=1.4190800089505306e6 pinf=0.0 (0) dinf=1.230387955716671e10 (10883) time=583.074409816s
[ Info: iter=10927 obj=1.4190800089505306e6 pinf=0.0 (0) dinf=1.2303731175465284e10 (10881) time=583.134103614s
[ Info: iter=10928 obj=1.4190800089505306e6 pinf=0.0 (0) dinf=1.2303491073909456e10 (10880) time=583.195067613s
[ Info: iter=10929 obj=1.4190800089505306e6 pinf=0.0 (0) dinf=1.230328359566017e10 (10879) time=583.253475212s
[ Info: iter=10930 obj=1.4190800089505306e6 pinf=0.0 (0) dinf=1.2297802235263252e10 (10874) time=583.31113801s
[ Info: iter=10931 obj=1.4190800089505306e6 pinf=0.0 (0) dinf=1.2222991642168556e10 (10875) time=583.370008109s
[ Info: iter=10932 obj=1.4190800089505306e6 pinf=0.0 (0) dinf=1.2148210080520027e10 (10873) time=583.433915308s
[ Info: iter=10933 obj=1.4190800089505306e6 pinf=0.0 (0) dinf=1.2140392381175673e10 (10871) time=583.495204806s
[ Info: iter=10934 obj=1.4190800089505306e6 pinf=0.0 (0) dinf=1.214392453931416e10 (10872) time=583.560195605s
[ Info: iter=10935 obj=1.4190800089505306e6 pinf=0.0 (0) dinf=1.2143171158728962e10 (10872) time=583.620895904s
[ Info: iter=10936 obj=1.4190800089505306e6 pinf=0.0 (0) dinf=1.2420722380387806e10 (10872) time=583.681499502s
[ Info: iter=10937 obj=1.4190800089505306e6 pinf=0.0 (0) dinf=1.239160980003529e10 (10871) time=583.739808201s
[ Info: iter=10938 obj=1.4190800089505306e6 pinf=0.0 (0) dinf=1.2210474878382252e10 (10868) time=583.7985112s
[ Info: iter=10939 obj=1.4190800089505306e6 pinf=0.0 (0) dinf=1.2187347652036425e10 (10868) time=583.857651298s
[ Info: iter=10940 obj=1.4190800089505306e6 pinf=0.0 (0) dinf=1.2187347651350424e10 (10868) time=583.921359797s
[ Info: iter=10941 obj=1.4190800089505306e6 pinf=0.0 (0) dinf=1.2464898776042027e10 (10869) time=583.984143796s
[ Info: iter=10942 obj=1.4190800089505306e6 pinf=0.0 (0) dinf=1.2254651348350035e10 (10866) time=584.044250894s
[ Info: iter=10943 obj=1.4190800089505306e6 pinf=0.0 (0) dinf=1.219306481917633e10 (10877) time=584.106267293s
[ Info: iter=10944 obj=1.4190800089505306e6 pinf=0.0 (0) dinf=1.21937730150998e10 (10878) time=584.163298892s
[ Info: iter=10945 obj=1.4190800089505306e6 pinf=0.0 (0) dinf=1.2192358684552893e10 (10876) time=584.22330919s
[ Info: iter=10946 obj=1.4190800089505306e6 pinf=0.0 (0) dinf=1.2194482394948166e10 (10877) time=584.286421889s
[ Info: iter=10947 obj=1.4190800089505306e6 pinf=0.0 (0) dinf=1.219447526958403e10 (10876) time=584.344855788s
[ Info: iter=10948 obj=1.4190800089505306e6 pinf=0.0 (0) dinf=1.2194468144239927e10 (10875) time=584.405648986s
[ Info: iter=10949 obj=1.4190800089505306e6 pinf=0.0 (0) dinf=1.2193215982671465e10 (10879) time=584.467462785s
[ Info: iter=10950 obj=1.4190800089505306e6 pinf=0.0 (0) dinf=1.2193089668446566e10 (10875) time=584.525999484s
[ Info: iter=10951 obj=1.4190800089505306e6 pinf=0.0 (0) dinf=1.2191711027266623e10 (10874) time=584.585705082s
[ Info: iter=10952 obj=1.4190800089505306e6 pinf=0.0 (0) dinf=1.2193834738341995e10 (10875) time=584.645451681s
[ Info: iter=10953 obj=1.4190800089505306e6 pinf=0.0 (0) dinf=1.2192435531701488e10 (10878) time=584.70767898s
[ Info: iter=10954 obj=1.4190800089505306e6 pinf=0.0 (0) dinf=1.219103623514796e10 (10876) time=584.767127978s
[ Info: iter=10955 obj=1.4190800089505306e6 pinf=0.0 (0) dinf=1.2191009540847395e10 (10872) time=584.827928777s
[ Info: iter=10956 obj=1.4190800089505306e6 pinf=0.0 (0) dinf=1.2190301637067911e10 (10871) time=584.888608476s
[ Info: iter=10957 obj=1.4190800089505306e6 pinf=0.0 (0) dinf=1.219021668761525e10 (10871) time=584.951898574s
[ Info: iter=10958 obj=1.4190800089505306e6 pinf=0.0 (0) dinf=1.2189546041926888e10 (10870) time=585.012483973s
[ Info: iter=10959 obj=1.4190800089505306e6 pinf=0.0 (0) dinf=1.2188838138147404e10 (10869) time=585.072887872s
[ Info: iter=10960 obj=1.4190800089505306e6 pinf=0.0 (0) dinf=1.2191814884277353e10 (10871) time=585.13401527s
[ Info: iter=10961 obj=1.4190800089505306e6 pinf=0.0 (0) dinf=1.2190349272311567e10 (10871) time=585.195411569s
[ Info: iter=10962 obj=1.4190800089505306e6 pinf=0.0 (0) dinf=1.2188883525297775e10 (10868) time=585.254152768s
[ Info: iter=10963 obj=1.4190800089505306e6 pinf=0.0 (0) dinf=1.2188882604924643e10 (10868) time=585.312547766s
[ Info: iter=10964 obj=1.4190800089505306e6 pinf=0.0 (0) dinf=1.2188866174230064e10 (10867) time=585.372186565s
[ Info: iter=10965 obj=1.4190800089505306e6 pinf=0.0 (0) dinf=1.2188849743515312e10 (10866) time=585.430285764s
[ Info: iter=10966 obj=1.4190800089505306e6 pinf=0.0 (0) dinf=1.219107352502154e10 (10867) time=585.492376462s
[ Info: iter=10967 obj=1.4190800089505306e6 pinf=0.0 (0) dinf=1.2189689339596027e10 (10867) time=585.555902961s
[ Info: iter=10968 obj=1.4190800089505306e6 pinf=0.0 (0) dinf=1.2188304616806715e10 (10864) time=585.61659956s
[ Info: iter=10969 obj=1.4190800089505306e6 pinf=0.0 (0) dinf=1.2188282098487036e10 (10864) time=585.675065858s
[ Info: iter=10970 obj=1.4190800089505306e6 pinf=0.0 (0) dinf=1.218821671936938e10 (10863) time=585.736371657s
[ Info: iter=10971 obj=1.4190800089505306e6 pinf=0.0 (0) dinf=1.2188151340231552e10 (10862) time=585.796116356s
[ Info: iter=10972 obj=1.4190800089505306e6 pinf=0.0 (0) dinf=1.2187953127204567e10 (10861) time=585.856329854s
[ Info: iter=10973 obj=1.4190800089505306e6 pinf=0.0 (0) dinf=1.219027505579054e10 (10862) time=585.914791653s
[ Info: iter=10974 obj=1.4190800089505306e6 pinf=0.0 (0) dinf=1.2188984461427843e10 (10864) time=585.974404452s
[ Info: iter=10975 obj=1.4190800089505306e6 pinf=0.0 (0) dinf=1.2187693182820631e10 (10862) time=586.031134951s
[ Info: iter=10976 obj=1.4190800089505306e6 pinf=0.0 (0) dinf=1.2187504046449356e10 (10859) time=586.088584449s
[ Info: iter=10977 obj=1.4190800089505306e6 pinf=0.0 (0) dinf=1.2187419098096338e10 (10859) time=586.148637348s
[ Info: iter=10978 obj=1.4190800089505306e6 pinf=0.0 (0) dinf=1.218733414974332e10 (10859) time=586.211264147s
[ Info: iter=10979 obj=1.4190800089505306e6 pinf=0.0 (0) dinf=1.218954280692676e10 (10860) time=586.273008145s
[ Info: iter=10980 obj=1.4190800089505306e6 pinf=0.0 (0) dinf=1.2188178822849392e10 (10857) time=586.334082844s
[ Info: iter=10981 obj=1.4190800089505306e6 pinf=0.0 (0) dinf=1.218681455851182e10 (10854) time=586.393895943s
[ Info: iter=10982 obj=1.4190800089505306e6 pinf=0.0 (0) dinf=1.2186191603921364e10 (10853) time=586.456311641s
[ Info: iter=10983 obj=1.4190800089505306e6 pinf=0.0 (0) dinf=1.2188400260150122e10 (10854) time=586.51798554s
[ Info: iter=10984 obj=1.4190800089505306e6 pinf=0.0 (0) dinf=1.2187078366117218e10 (10855) time=586.578169639s
[ Info: iter=10985 obj=1.4190800089505306e6 pinf=0.0 (0) dinf=1.2185755958902683e10 (10853) time=586.638890737s
[ Info: iter=10986 obj=1.4190800089505306e6 pinf=0.0 (0) dinf=1.2185734453892618e10 (10853) time=586.698412936s
[ Info: iter=10987 obj=1.4190800089505306e6 pinf=0.0 (0) dinf=1.2185672016938622e10 (10852) time=586.762799234s
[ Info: iter=10988 obj=1.4190800089505306e6 pinf=0.0 (0) dinf=1.218560957996445e10 (10851) time=586.824325033s
[ Info: iter=10989 obj=1.4190800089505306e6 pinf=0.0 (0) dinf=1.2184939988436153e10 (10850) time=586.885124132s
[ Info: iter=10990 obj=1.4190800089505306e6 pinf=0.0 (0) dinf=1.2185009595301514e10 (10851) time=586.95158703s
[ Info: iter=10991 obj=1.4190800089505306e6 pinf=0.0 (0) dinf=1.2185007561004948e10 (10851) time=587.016856429s
[ Info: iter=10992 obj=1.4190800089505306e6 pinf=0.0 (0) dinf=1.2185077167744564e10 (10852) time=587.076239428s
[ Info: iter=10993 obj=1.4190800089505306e6 pinf=0.0 (0) dinf=1.2185074727254835e10 (10852) time=587.136642926s
[ Info: iter=10994 obj=1.4190800089505306e6 pinf=0.0 (0) dinf=1.2185122509519634e10 (10853) time=587.196010825s
[ Info: iter=10995 obj=1.4190800089505306e6 pinf=0.0 (0) dinf=1.2185098535136913e10 (10853) time=587.262346723s
[ Info: iter=10996 obj=1.4190800089505306e6 pinf=0.0 (0) dinf=1.2185144167021614e10 (10854) time=587.322138622s
[ Info: iter=10997 obj=1.4190800089505306e6 pinf=0.0 (0) dinf=1.2189650147196411e10 (10853) time=587.383029621s
[ Info: iter=10998 obj=1.4190800089505306e6 pinf=0.0 (0) dinf=1.2186259070509964e10 (10850) time=587.442924219s
[ Info: iter=10999 obj=1.4190800089505306e6 pinf=0.0 (0) dinf=1.2186328676762934e10 (10851) time=587.505141118s
[ Info: iter=11000 obj=1.4190800089505306e6 pinf=0.0 (0) dinf=1.2186259069402441e10 (10850) time=587.567927617s
[ Info: iter=11001 obj=1.4190800089505306e6 pinf=0.0 (0) dinf=1.2186328675525396e10 (10851) time=587.632050715s
[ Info: iter=11002 obj=1.4190800089505306e6 pinf=0.0 (0) dinf=1.2186259068322031e10 (10850) time=587.693460914s
[ Info: iter=11003 obj=1.4190800089505306e6 pinf=0.0 (0) dinf=1.2197262114969927e10 (10853) time=587.755316813s
[ Info: iter=11004 obj=1.4190800089505306e6 pinf=0.0 (0) dinf=1.2193118858067617e10 (10850) time=587.815479712s
[ Info: iter=11005 obj=1.4190800089505306e6 pinf=0.0 (0) dinf=1.2188975601165308e10 (10847) time=587.876980311s
[ Info: iter=11006 obj=1.4190800089505306e6 pinf=0.0 (0) dinf=1.2188809870946936e10 (10847) time=587.94041971s
[ Info: iter=11007 obj=1.4190800089505306e6 pinf=0.0 (0) dinf=1.2188644140728563e10 (10847) time=588.003407008s
[ Info: iter=11008 obj=1.4190800089505306e6 pinf=0.0 (0) dinf=1.2190264613979197e10 (10846) time=588.064103007s
[ Info: iter=11009 obj=1.4190800089505306e6 pinf=0.0 (0) dinf=1.2216601515971737e10 (10837) time=588.124504206s
[ Info: iter=11010 obj=1.4190800089505306e6 pinf=0.0 (0) dinf=1.2199296271995478e10 (10843) time=588.185347505s
[ Info: iter=11011 obj=1.4190800089505306e6 pinf=0.0 (0) dinf=1.2238543516038332e10 (10844) time=588.245302604s
[ Info: iter=11012 obj=1.4190800089505306e6 pinf=0.0 (0) dinf=1.2203144508412136e10 (10919) time=588.308126503s
[ Info: iter=11013 obj=1.4190800089505306e6 pinf=0.0 (0) dinf=1.2229583889811302e10 (10854) time=588.367385902s
[ Info: iter=11014 obj=1.4190800089505306e6 pinf=0.0 (0) dinf=1.2189670926126642e10 (10917) time=588.430677001s
[ Info: iter=11015 obj=1.4190800089505306e6 pinf=0.0 (0) dinf=1.2189605989179827e10 (10916) time=588.4929259s
[ Info: iter=11016 obj=1.4190800089505306e6 pinf=0.0 (0) dinf=1.2189670924877525e10 (10917) time=588.555133399s
[ Info: iter=11017 obj=1.4190800089505306e6 pinf=0.0 (0) dinf=1.2186274665665678e10 (10916) time=588.619337898s
[ Info: iter=11018 obj=1.4190800089505306e6 pinf=0.0 (0) dinf=1.2186712580873377e10 (10916) time=588.682357297s
[ Info: iter=11019 obj=1.4190800089505306e6 pinf=0.0 (0) dinf=1.2232661620411503e10 (10916) time=588.744343096s
[ Info: iter=11020 obj=1.4190800089505306e6 pinf=0.0 (0) dinf=1.218611370957043e10 (10910) time=588.806989794s
[ Info: iter=11021 obj=1.4190800089505306e6 pinf=0.0 (0) dinf=1.218695649430752e10 (10913) time=588.867845693s
[ Info: iter=11022 obj=1.4190800089505306e6 pinf=0.0 (0) dinf=1.2186531243499735e10 (10911) time=588.930159492s
[ Info: iter=11023 obj=1.4190800089505306e6 pinf=0.0 (0) dinf=1.2186531690766312e10 (10911) time=588.991398791s
[ Info: iter=11024 obj=1.4190800089505306e6 pinf=0.0 (0) dinf=1.246606785746876e10 (10914) time=589.05446099s
[ Info: iter=11025 obj=1.4190800089505306e6 pinf=0.0 (0) dinf=1.2255798114429607e10 (10910) time=589.115163989s
[ Info: iter=11026 obj=1.4190800089505306e6 pinf=0.0 (0) dinf=1.2232668376231304e10 (10910) time=589.175733188s
[ Info: iter=11027 obj=1.4190800089505306e6 pinf=0.0 (0) dinf=1.2479350912760757e10 (10920) time=589.237942687s
[ Info: iter=11028 obj=1.4190800089505306e6 pinf=0.0 (0) dinf=1.2484271668119928e10 (10919) time=589.302207986s
[ Info: iter=11029 obj=1.4190800089505306e6 pinf=0.0 (0) dinf=1.248909982556333e10 (10920) time=589.361619985s
[ Info: iter=11030 obj=1.4190800089505306e6 pinf=0.0 (0) dinf=1.2500995381311785e10 (10919) time=589.423327484s
[ Info: iter=11031 obj=1.4190800089505306e6 pinf=0.0 (0) dinf=1.2391074584688656e10 (10842) time=589.484260183s
[ Info: iter=11032 obj=1.4190800089505306e6 pinf=0.0 (0) dinf=1.462800802570126e10 (10840) time=589.546632482s
[ Info: iter=11033 obj=1.4190800089505306e6 pinf=0.0 (0) dinf=1.4622475897607235e10 (10841) time=589.61173708s
[ Info: iter=11034 obj=1.4190800089505306e6 pinf=0.0 (0) dinf=1.46194949323759e10 (10836) time=589.675763279s
[ Info: iter=11035 obj=1.4190800089505306e6 pinf=0.0 (0) dinf=1.6148971101141562e10 (10859) time=589.734803078s
[ Info: iter=11036 obj=1.4190800089505306e6 pinf=0.0 (0) dinf=1.6552898527227741e10 (10858) time=589.795312277s
[ Info: iter=11053 obj=1.4190800089505306e6 pinf=0.0 (0) dinf=1.6312997673668718e10 (10881) time=590.017371773s
[ Info: iter=11054 obj=1.4190800089505306e6 pinf=0.0 (0) dinf=1.627943035773758e10 (10929) time=590.073615572s
[ Info: iter=11055 obj=1.4190800089505306e6 pinf=0.0 (0) dinf=1.62791631560676e10 (10924) time=590.128374171s
[ Info: iter=11056 obj=1.4190800089505306e6 pinf=0.0 (0) dinf=1.6278762705869532e10 (10917) time=590.18497397s
[ Info: iter=11057 obj=1.4190800089505306e6 pinf=0.0 (0) dinf=1.6278755799598764e10 (10916) time=590.242949069s
[ Info: iter=11058 obj=1.4190800089505306e6 pinf=0.0 (0) dinf=1.6278698975137762e10 (10911) time=590.300291068s
[ Info: iter=11059 obj=1.4190800089505306e6 pinf=0.0 (0) dinf=1.6274687874996323e10 (10905) time=590.357392667s
[ Info: iter=11060 obj=1.4190800089505306e6 pinf=0.0 (0) dinf=1.6274687872759153e10 (10906) time=590.415299666s
[ Info: iter=11067 obj=1.4190800089505306e6 pinf=0.0 (0) dinf=1.2182565340504772e10 (10885) time=590.551201264s
[ Info: iter=11068 obj=1.4190800089505306e6 pinf=0.0 (0) dinf=1.218258079463058e10 (10884) time=590.607301863s
[ Info: iter=11069 obj=1.4190800089505306e6 pinf=0.0 (0) dinf=1.217709128622683e10 (10879) time=590.665633162s
[ Info: iter=11070 obj=1.4190800089505306e6 pinf=0.0 (0) dinf=1.2177088232676807e10 (10878) time=590.724997061s
[ Info: iter=11071 obj=1.4190800089505306e6 pinf=0.0 (0) dinf=1.2177085179635082e10 (10878) time=590.78621086s
[ Info: iter=11072 obj=1.4190800089505306e6 pinf=0.0 (0) dinf=1.2173807437769249e10 (10876) time=590.845147259s
[ Info: iter=11073 obj=1.4190800089505306e6 pinf=0.0 (0) dinf=1.2175261335741308e10 (10878) time=590.902812658s
[ Info: iter=11074 obj=1.4190800089505306e6 pinf=0.0 (0) dinf=1.2175256457547297e10 (10877) time=590.961990957s
[ Info: iter=11075 obj=1.4190800089505306e6 pinf=0.0 (0) dinf=1.2174312633829432e10 (10876) time=591.023052856s
[ Info: iter=11076 obj=1.4190800089505306e6 pinf=0.0 (0) dinf=1.2175766532491693e10 (10877) time=591.080486655s
[ Info: iter=11077 obj=1.4190800089505306e6 pinf=0.0 (0) dinf=1.2174805258173683e10 (10878) time=591.137473254s
[ Info: iter=11078 obj=1.4190800089505306e6 pinf=0.0 (0) dinf=1.2173844028426004e10 (10876) time=591.196385653s
[ Info: iter=11079 obj=1.4190800089505306e6 pinf=0.0 (0) dinf=1.2173832393556997e10 (10874) time=591.256756552s
[ Info: iter=11080 obj=1.4190800089505306e6 pinf=0.0 (0) dinf=1.2172883808510902e10 (10872) time=591.314736151s
[ Info: iter=11081 obj=1.4190800089505306e6 pinf=0.0 (0) dinf=1.2172424682531944e10 (10871) time=591.37253455s
[ Info: iter=11082 obj=1.4190800089505306e6 pinf=0.0 (0) dinf=1.2172366525575745e10 (10871) time=591.428356049s
[ Info: iter=11083 obj=1.4190800089505306e6 pinf=0.0 (0) dinf=1.2171907399599321e10 (10870) time=591.486072448s
[ Info: iter=11084 obj=1.4190800089505306e6 pinf=0.0 (0) dinf=1.2171771702397573e10 (10869) time=591.544326647s
[ Info: iter=11085 obj=1.4190800089505306e6 pinf=0.0 (0) dinf=1.2173361302745197e10 (10870) time=591.604622146s
[ Info: iter=11086 obj=1.4190800089505306e6 pinf=0.0 (0) dinf=1.217241283661017e10 (10868) time=591.667172745s
[ Info: iter=11087 obj=1.4190800089505306e6 pinf=0.0 (0) dinf=1.2171464258442568e10 (10866) time=591.725560644s
[ Info: iter=11088 obj=1.4190800089505306e6 pinf=0.0 (0) dinf=1.2172994678372429e10 (10867) time=591.785343343s
[ Info: iter=11089 obj=1.4190800089505306e6 pinf=0.0 (0) dinf=1.2172000117241503e10 (10868) time=591.841475842s
[ Info: iter=11090 obj=1.4190800089505306e6 pinf=0.0 (0) dinf=1.2171007252129793e10 (10865) time=591.902944741s
[ Info: iter=11091 obj=1.4190800089505306e6 pinf=0.0 (0) dinf=1.2170964733029667e10 (10862) time=591.96255244s
[ Info: iter=11092 obj=1.4190800089505306e6 pinf=0.0 (0) dinf=1.2172495152951073e10 (10863) time=592.021379739s
[ Info: iter=11093 obj=1.4190800089505306e6 pinf=0.0 (0) dinf=1.2171489659683453e10 (10861) time=592.078270238s
[ Info: iter=11094 obj=1.4190800089505306e6 pinf=0.0 (0) dinf=1.2170484086285627e10 (10858) time=592.136017437s
[ Info: iter=11095 obj=1.4190800089505306e6 pinf=0.0 (0) dinf=1.216993324173568e10 (10854) time=592.196501435s
[ Info: iter=11096 obj=1.4190800089505306e6 pinf=0.0 (0) dinf=1.2171462339875364e10 (10855) time=592.259643934s
[ Info: iter=11097 obj=1.4190800089505306e6 pinf=0.0 (0) dinf=1.2170496355337555e10 (10854) time=592.320733333s
[ Info: iter=11098 obj=1.4190800089505306e6 pinf=0.0 (0) dinf=1.2169530293844965e10 (10852) time=592.377624732s
[ Info: iter=11099 obj=1.4190800089505306e6 pinf=0.0 (0) dinf=1.2158190402657711e10 (10850) time=592.436719731s
[ Info: iter=11100 obj=1.4190800089505306e6 pinf=0.0 (0) dinf=1.213707522038652e10 (10849) time=592.49789313s
[ Info: iter=11101 obj=1.4190800089505306e6 pinf=0.0 (0) dinf=1.2138863112901361e10 (10849) time=592.557299529s
[ Info: iter=11102 obj=1.4190800089505306e6 pinf=0.0 (0) dinf=1.2138220183424e10 (10848) time=592.616881828s
[ Info: iter=11103 obj=1.4190800089505306e6 pinf=0.0 (0) dinf=1.213738143612626e10 (10844) time=592.676363327s
[ Info: iter=11104 obj=1.4190800089505306e6 pinf=0.0 (0) dinf=1.2139338752985287e10 (10844) time=592.740111626s
[ Info: iter=11105 obj=1.4190800089505306e6 pinf=0.0 (0) dinf=1.2137990190213747e10 (10841) time=592.800805625s
[ Info: iter=11106 obj=1.4190800089505306e6 pinf=0.0 (0) dinf=1.2137685810928377e10 (10840) time=592.861603224s
[ Info: iter=11107 obj=1.4190800089505306e6 pinf=0.0 (0) dinf=1.2138453198810606e10 (10843) time=592.921667723s
[ Info: iter=11108 obj=1.4190800089505306e6 pinf=0.0 (0) dinf=1.213878818393145e10 (10844) time=592.984351022s
[ Info: iter=11109 obj=1.4190800089505306e6 pinf=0.0 (0) dinf=1.2138338841827238e10 (10843) time=593.046891121s
[ Info: iter=11110 obj=1.4190800089505306e6 pinf=0.0 (0) dinf=1.2137903487630114e10 (10841) time=593.10723322s
[ Info: iter=11111 obj=1.4190800089505306e6 pinf=0.0 (0) dinf=1.2248061580329819e10 (10844) time=593.170971318s
[ Info: iter=11112 obj=1.4190800089505306e6 pinf=0.0 (0) dinf=1.2174656084808998e10 (10833) time=593.232782017s
[ Info: iter=11113 obj=1.4190800089505306e6 pinf=0.0 (0) dinf=1.2137045712857689e10 (10830) time=593.296520916s
[ Info: iter=11114 obj=1.4190800089505306e6 pinf=0.0 (0) dinf=1.2136910087181929e10 (10830) time=593.359931415s
[ Info: iter=11115 obj=1.4190800089505306e6 pinf=0.0 (0) dinf=1.2140300126871098e10 (10832) time=593.425146314s
[ Info: iter=11116 obj=1.4190800089505306e6 pinf=0.0 (0) dinf=1.2140463698683153e10 (10831) time=593.486387813s
[ Info: iter=11117 obj=1.4190800089505306e6 pinf=0.0 (0) dinf=1.2140473712987553e10 (10832) time=593.552119712s
[ Info: iter=11118 obj=1.4190800089505306e6 pinf=0.0 (0) dinf=1.2140478720077929e10 (10833) time=593.616524611s
[ Info: iter=11119 obj=1.4190800089505306e6 pinf=0.0 (0) dinf=1.2140478701117544e10 (10832) time=593.68371341s
[ Info: iter=11120 obj=1.4190800089505306e6 pinf=0.0 (0) dinf=1.214047374480244e10 (10832) time=593.747848408s
[ Info: iter=11121 obj=1.4190800089505306e6 pinf=0.0 (0) dinf=1.2140473744524706e10 (10832) time=593.813273407s
[ Info: iter=11122 obj=1.4190800089505306e6 pinf=0.0 (0) dinf=1.2120316991129354e10 (10851) time=593.876073606s
[ Info: iter=11123 obj=1.4190800089505306e6 pinf=0.0 (0) dinf=1.2200981583735416e10 (10830) time=593.941491405s
[ Info: iter=11124 obj=1.4190800089505306e6 pinf=0.0 (0) dinf=1.2200568712240913e10 (10829) time=594.006080904s
[ Info: iter=11125 obj=1.4190800089505306e6 pinf=0.0 (0) dinf=1.2200333897051723e10 (10829) time=594.070943303s
[ Info: iter=11126 obj=1.4190800089505306e6 pinf=0.0 (0) dinf=1.2200034597945816e10 (10828) time=594.135424302s
[ Info: iter=11127 obj=1.4190800089505306e6 pinf=0.0 (0) dinf=1.2199742924294838e10 (10827) time=594.197894601s
[ Info: iter=11128 obj=1.4190800089505306e6 pinf=0.0 (0) dinf=1.2199742923608837e10 (10827) time=594.2596884s
[ Info: iter=11129 obj=1.4190800089505306e6 pinf=0.0 (0) dinf=1.2199497080649246e10 (10826) time=594.324314598s
[ Info: iter=11130 obj=1.4190800089505306e6 pinf=0.0 (0) dinf=1.21993485523894e10 (10824) time=594.386226597s
[ Info: iter=11131 obj=1.4190800089505306e6 pinf=0.0 (0) dinf=1.2203852399882463e10 (10823) time=594.448542596s
[ Info: iter=11132 obj=1.4190800089505306e6 pinf=0.0 (0) dinf=1.2200462832544445e10 (10820) time=594.513284195s
[ Info: iter=11133 obj=1.4190800089505306e6 pinf=0.0 (0) dinf=1.2200327282538036e10 (10820) time=594.575539694s
[ Info: iter=11134 obj=1.4190800089505306e6 pinf=0.0 (0) dinf=1.2203715430829706e10 (10822) time=594.639258993s
[ Info: iter=11135 obj=1.4190800089505306e6 pinf=0.0 (0) dinf=1.2203878911380491e10 (10821) time=594.702838892s
[ Info: iter=11136 obj=1.4190800089505306e6 pinf=0.0 (0) dinf=1.220387801620896e10 (10819) time=594.767958991s
[ Info: iter=11141 obj=1.4190800089344145e6 pinf=0.0 (0) dinf=1.1382991252478518e9 (10815) time=594.949424388s
[ Info: iter=11142 obj=1.4190800089344145e6 pinf=0.0 (0) dinf=1.148330555534109e9 (10816) time=595.017093286s
[ Info: iter=11143 obj=1.4190800089344145e6 pinf=0.0 (0) dinf=1.1483268143840916e9 (10817) time=595.082281685s
[ Info: iter=11144 obj=1.4190800089344145e6 pinf=0.0 (0) dinf=1.1483253184928095e9 (10817) time=595.147608084s
[ Info: iter=11145 obj=1.4190800089344145e6 pinf=0.0 (0) dinf=1.1483237818266044e9 (10816) time=595.213263983s
[ Info: iter=11146 obj=1.4190800089344145e6 pinf=0.0 (0) dinf=1.1483222501056514e9 (10816) time=595.281373882s
[ Info: iter=11147 obj=1.4190800089344145e6 pinf=0.0 (0) dinf=1.147510698020498e9 (10814) time=595.346827281s
[ Info: iter=11148 obj=1.4190800089344145e6 pinf=0.0 (0) dinf=1.147439422999381e9 (10810) time=595.411848479s
[ Info: iter=11203 obj=1.4190800089388192e6 pinf=0.0 (0) dinf=1.1294291040116117e9 (10814) time=595.668360675s
[ Info: iter=11244 obj=1.4190800089515164e6 pinf=0.0 (0) dinf=1.305465953019556e9 (10741) time=596.523831465s
[ Info: iter=11245 obj=1.4190800089515164e6 pinf=0.0 (0) dinf=1.3073059924026022e9 (10743) time=596.581926364s
[ Info: iter=11246 obj=1.4190800089515164e6 pinf=0.0 (0) dinf=1.3055891480939634e9 (10742) time=596.643002364s
[ Info: iter=11247 obj=1.4190800089515164e6 pinf=0.0 (0) dinf=1.3046337888907073e9 (10741) time=596.698916263s
[ Info: iter=11248 obj=1.4190800089515164e6 pinf=0.0 (0) dinf=1.3046386513741806e9 (10739) time=596.762220762s
[ Info: iter=11249 obj=1.4190800089515164e6 pinf=0.0 (0) dinf=1.3046428111954095e9 (10737) time=596.825174762s
[ Info: iter=11251 obj=1.4190800089515164e6 pinf=0.0 (0) dinf=1.3046883880086782e9 (10744) time=596.895861861s
[ Info: iter=11252 obj=1.4190800089515164e6 pinf=0.0 (0) dinf=1.302657984901857e9 (10743) time=596.95035306s
[ Info: iter=11253 obj=1.4190800089515164e6 pinf=0.0 (0) dinf=1.30045942555254e9 (10742) time=597.00774416s
[ Info: iter=11254 obj=1.4190800089515164e6 pinf=0.0 (0) dinf=1.292431844735008e9 (10738) time=597.062477159s
[ Info: iter=11255 obj=1.4190800089515164e6 pinf=0.0 (0) dinf=1.2957830543713753e9 (10743) time=597.116863858s
[ Info: iter=11256 obj=1.4190800089515164e6 pinf=0.0 (0) dinf=1.292142013454457e9 (10741) time=597.171809358s
[ Info: iter=11320 obj=1.4190800089515164e6 pinf=0.0 (0) dinf=2.835149315487528e9 (10740) time=598.862877739s
[ Info: iter=11321 obj=1.4190800089515164e6 pinf=0.0 (0) dinf=2.8352526058538694e9 (10741) time=598.924668338s
[ Info: iter=11322 obj=1.4190800089515164e6 pinf=0.0 (0) dinf=2.835767428212468e9 (10741) time=598.981977038s
[ Info: iter=11323 obj=1.4190800089515164e6 pinf=0.0 (0) dinf=2.834718721161274e9 (10740) time=599.038525737s
[ Info: iter=11324 obj=1.4190800089515164e6 pinf=0.0 (0) dinf=2.834764000234499e9 (10737) time=599.094938936s
[ Info: iter=11325 obj=1.4190800089515164e6 pinf=0.0 (0) dinf=2.8347760726781597e9 (10737) time=599.155659636s
[ Info: iter=11326 obj=1.4190800089515164e6 pinf=0.0 (0) dinf=2.835759290436884e9 (10738) time=599.217541935s
[ Info: iter=11327 obj=1.4190800089515164e6 pinf=0.0 (0) dinf=2.834404734544958e9 (10737) time=599.275174134s
[ Info: iter=11328 obj=1.4190800089515164e6 pinf=0.0 (0) dinf=2.83342331832823e9 (10736) time=599.331579434s
[ Info: iter=11329 obj=1.4190800089515164e6 pinf=0.0 (0) dinf=2.8316984498407e9 (10739) time=599.391569933s
[ Info: iter=11330 obj=1.4190800089515164e6 pinf=0.0 (0) dinf=2.8315823442343664e9 (10736) time=599.449332632s
[ Info: iter=11331 obj=1.4190800089515164e6 pinf=0.0 (0) dinf=2.83029835222982e9 (10735) time=599.506822832s
[ Info: iter=11332 obj=1.4190800089515164e6 pinf=0.0 (0) dinf=2.8299711181369305e9 (10731) time=599.563266631s
[ Info: iter=11333 obj=1.4190800089515164e6 pinf=0.0 (0) dinf=2.8282457768314404e9 (10731) time=599.62384073s
[ Info: iter=11334 obj=1.4190800089515164e6 pinf=0.0 (0) dinf=2.8268923681264424e9 (10730) time=599.68225793s
[ Info: iter=11335 obj=1.4190800089515164e6 pinf=0.0 (0) dinf=2.825914583755179e9 (10729) time=599.746216229s
[ Info: iter=11336 obj=1.4190800089515164e6 pinf=0.0 (0) dinf=2.825546892458981e9 (10730) time=599.808520828s
[ Info: iter=11337 obj=1.4190800089515164e6 pinf=0.0 (0) dinf=2.8242015261849036e9 (10730) time=599.875040128s
[ Info: iter=11338 obj=1.4190800089515164e6 pinf=0.0 (0) dinf=2.8232253595390306e9 (10729) time=599.944558627s
[ Info: Solve finished: status=TIME_LIMIT reason=time limit reached iterations=11339 time=600.002896326s
