[ Info: Loaded problem: rows=43021 columns=47148 nnz=277210
[ Info: Starting presolve
[ Info: After presolve: rows=28453 columns=31615 nnz=211789
[ Info: iter=0 obj=1.2522206406563444e6 pinf=0.0 (0) dinf=12288.550456887204 (11330) time=2.304755027s
PHASE Dict{String, Any}("iteration" => 0, "columns" => 34186, "rows" => 28453, "phase" => "phase_one")
[ Info: iter=80 obj=1.2522206406563444e6 pinf=0.0 (0) dinf=36314.16836263747 (11279) time=2.512685802s
[ Info: iter=160 obj=1.2631118905179026e6 pinf=0.0 (0) dinf=20318.10622356058 (11212) time=2.694687281s
[ Info: iter=240 obj=1.3081914597255755e6 pinf=0.0 (0) dinf=12933.727267866876 (11235) time=2.87131516s
[ Info: iter=320 obj=1.3457333563381066e6 pinf=0.0 (0) dinf=13377.506131293816 (11160) time=3.047115439s
[ Info: iter=400 obj=1.365372047972791e6 pinf=0.0 (0) dinf=14946.893727017134 (11094) time=3.225783018s
[ Info: iter=480 obj=1.3679359060446834e6 pinf=0.0 (0) dinf=51329.5148897361 (11036) time=3.404597196s
[ Info: iter=560 obj=1.3679359060446837e6 pinf=0.0 (0) dinf=141679.68560612653 (11011) time=3.62739397s
[ Info: iter=640 obj=1.3679849803647543e6 pinf=0.0 (0) dinf=22541.225420452007 (11095) time=3.809458048s
[ Info: iter=720 obj=1.3679849803647543e6 pinf=0.0 (0) dinf=136817.7194442625 (11115) time=3.990849927s
[ Info: iter=800 obj=1.380798629860655e6 pinf=0.0 (0) dinf=63042.92003440201 (11036) time=4.175041911s
[ Info: iter=880 obj=1.380798629860655e6 pinf=0.0 (0) dinf=3.931943993490548e7 (11026) time=4.354427407s
[ Info: iter=960 obj=1.380798629860655e6 pinf=0.0 (0) dinf=7.277031412899618e7 (11016) time=4.539636202s
PROGRESS iter=1000 refs=13 pinf=0.0 working_objective=605736.1552120331
[ Info: iter=1040 obj=1.380798629860667e6 pinf=0.0 (0) dinf=5.022619581827894e7 (10978) time=4.745077097s
[ Info: iter=1120 obj=1.3840554654743632e6 pinf=0.0 (0) dinf=53089.96836197068 (10925) time=5.179660686s
[ Info: iter=1200 obj=1.3840554654743632e6 pinf=0.0 (0) dinf=59169.90357739893 (10918) time=5.362947482s
[ Info: iter=1280 obj=1.3840554654743632e6 pinf=0.0 (0) dinf=67411.3698348064 (10944) time=5.548330177s
[ Info: iter=1360 obj=1.3840554736041985e6 pinf=0.0 (0) dinf=90104.6567326556 (10920) time=5.735858873s
[ Info: iter=1440 obj=1.3840554736041985e6 pinf=0.0 (0) dinf=102772.75042584309 (10927) time=5.929077668s
[ Info: iter=1520 obj=1.3840555109046502e6 pinf=0.0 (0) dinf=307896.0434205971 (11001) time=6.119199063s
[ Info: iter=1600 obj=1.384080826953643e6 pinf=0.0 (0) dinf=318299.07404164545 (11104) time=6.328768458s
[ Info: iter=1680 obj=1.384080826953643e6 pinf=0.0 (0) dinf=304784.9662007036 (11080) time=6.516680153s
[ Info: iter=1760 obj=1.385936866184309e6 pinf=0.0 (0) dinf=337393.1033924862 (11124) time=6.706064849s
[ Info: iter=1840 obj=1.3887517906694934e6 pinf=0.0 (0) dinf=325265.00862568174 (11094) time=6.900058944s
[ Info: iter=1920 obj=1.4019392581808576e6 pinf=0.0 (0) dinf=348855.5506045945 (11124) time=7.092156339s
PROGRESS iter=2000 refs=25 pinf=0.0 working_objective=605597.1444897522
[ Info: iter=2000 obj=1.404223320786979e6 pinf=0.0 (0) dinf=3.639020764123432e6 (11067) time=7.555017228s
[ Info: iter=2080 obj=1.404223320786979e6 pinf=0.0 (0) dinf=3.6417404144362467e6 (11127) time=12.890424207s
[ Info: iter=2160 obj=1.404223320786979e6 pinf=0.0 (0) dinf=3.6400698466983167e6 (11120) time=18.816389437s
[ Info: iter=2240 obj=1.404223320786979e6 pinf=0.0 (0) dinf=3.667963600757248e6 (11082) time=26.438295145s
[ Info: iter=2253 obj=1.404223320786979e6 pinf=0.0 (0) dinf=3.6889741745920423e6 (11080) time=27.953866603s
[ Info: iter=2254 obj=1.404223320786979e6 pinf=0.0 (0) dinf=3.6906757654799847e6 (11079) time=28.095501099s
[ Info: iter=2255 obj=1.404223320786979e6 pinf=0.0 (0) dinf=3.690533412485997e6 (11086) time=28.236378007s
[ Info: iter=2256 obj=1.404223320786979e6 pinf=0.0 (0) dinf=3.6904524517359296e6 (11085) time=28.408761828s
[ Info: iter=2257 obj=1.404223320786979e6 pinf=0.0 (0) dinf=3.691310062759498e6 (11075) time=28.568062148s
[ Info: iter=2258 obj=1.404223320786979e6 pinf=0.0 (0) dinf=3.691123107722687e6 (11082) time=28.706103965s
[ Info: iter=2259 obj=1.404223320786979e6 pinf=0.0 (0) dinf=3.691016780348846e6 (11081) time=28.853704984s
[ Info: iter=2260 obj=1.404223320786979e6 pinf=0.0 (0) dinf=3.6919794384647002e6 (11071) time=28.989248601s
[ Info: iter=2261 obj=1.404223320786979e6 pinf=0.0 (0) dinf=3.691745430223992e6 (11078) time=29.130377018s
[ Info: iter=2262 obj=1.404223320786979e6 pinf=0.0 (0) dinf=3.6916123421718273e6 (11077) time=29.270581436s
[ Info: iter=2263 obj=1.404223320786979e6 pinf=0.0 (0) dinf=3.689188188328911e6 (11073) time=29.409913153s
[ Info: iter=2324 obj=1.404223320786979e6 pinf=0.0 (0) dinf=3.697838600255447e6 (11055) time=36.202899199s
[ Info: iter=2325 obj=1.404223320786979e6 pinf=0.0 (0) dinf=3.6979858242473532e6 (11054) time=36.334380205s
[ Info: iter=2326 obj=1.404223320786979e6 pinf=0.0 (0) dinf=3.6971323226718553e6 (11054) time=36.46878951s
[ Info: iter=2327 obj=1.404223320786979e6 pinf=0.0 (0) dinf=3.6951114918401646e6 (11053) time=36.604991716s
[ Info: iter=2328 obj=1.404223320786979e6 pinf=0.0 (0) dinf=3.6951114918401646e6 (11053) time=36.741016321s
[ Info: iter=2329 obj=1.404223320786979e6 pinf=0.0 (0) dinf=3.6951114918401646e6 (11053) time=36.888019227s
[ Info: iter=2330 obj=1.404223320786979e6 pinf=0.0 (0) dinf=3.6951114918401646e6 (11053) time=37.025769233s
[ Info: iter=2331 obj=1.404223320786979e6 pinf=0.0 (0) dinf=3.6951114918401646e6 (11053) time=37.159786138s
[ Info: iter=2332 obj=1.404223320786979e6 pinf=0.0 (0) dinf=3.6951114918401646e6 (11053) time=37.295531543s
[ Info: iter=2333 obj=1.404223320786979e6 pinf=0.0 (0) dinf=3.7027833952732044e6 (11052) time=37.429527949s
[ Info: iter=2334 obj=1.404223320786979e6 pinf=0.0 (0) dinf=3.7027785276364903e6 (11052) time=37.562455354s
[ Info: iter=2335 obj=1.404223320786979e6 pinf=0.0 (0) dinf=3.7027619269516547e6 (11051) time=37.69844956s
[ Info: iter=2336 obj=1.404223320786979e6 pinf=0.0 (0) dinf=3.7027452991541284e6 (11050) time=37.834291065s
[ Info: iter=2337 obj=1.404223320786979e6 pinf=0.0 (0) dinf=3.7027286479689563e6 (11049) time=37.968951871s
[ Info: iter=2338 obj=1.404223320786979e6 pinf=0.0 (0) dinf=3.702722944912282e6 (11049) time=38.109471676s
[ Info: iter=2339 obj=1.404223320786979e6 pinf=0.0 (0) dinf=3.702706344227446e6 (11048) time=38.246014682s
[ Info: iter=2340 obj=1.404223320786979e6 pinf=0.0 (0) dinf=3.70268971642992e6 (11047) time=38.378957087s
[ Info: iter=2341 obj=1.404223320786979e6 pinf=0.0 (0) dinf=3.702673065244748e6 (11046) time=38.514829193s
[ Info: iter=2342 obj=1.404223320786979e6 pinf=0.0 (0) dinf=3.702665860315786e6 (11046) time=38.655658198s
[ Info: iter=2343 obj=1.404223320786979e6 pinf=0.0 (0) dinf=3.70264923251826e6 (11045) time=38.797687404s
[ Info: iter=2344 obj=1.404223320786979e6 pinf=0.0 (0) dinf=3.7026325813330878e6 (11044) time=38.94282731s
[ Info: iter=2345 obj=1.404223320786979e6 pinf=0.0 (0) dinf=3.7025210662230398e6 (11046) time=39.086525016s
[ Info: iter=2346 obj=1.404223320786979e6 pinf=0.0 (0) dinf=3.702409551112991e6 (11048) time=39.229800221s
[ Info: iter=2347 obj=1.404223320786979e6 pinf=0.0 (0) dinf=3.702305806176206e6 (11050) time=39.370143927s
[ Info: iter=2348 obj=1.404223320786979e6 pinf=0.0 (0) dinf=3.702218399259772e6 (11054) time=39.511959933s
[ Info: iter=2349 obj=1.404223320786979e6 pinf=0.0 (0) dinf=3.7021278999743382e6 (11056) time=39.653274438s
[ Info: iter=2350 obj=1.404223320786979e6 pinf=0.0 (0) dinf=3.702159792492362e6 (11057) time=39.793576344s
[ Info: iter=2351 obj=1.4051336759818168e6 pinf=0.0 (0) dinf=3.692964923193164e6 (11095) time=39.92967215s
[ Info: iter=2352 obj=1.4053471221388748e6 pinf=0.0 (0) dinf=3.7021431553193913e6 (11055) time=40.065981455s
[ Info: iter=2353 obj=1.4053471221388748e6 pinf=0.0 (0) dinf=3.702158876372608e6 (11061) time=40.203900361s
[ Info: iter=2391 obj=1.4181852430022752e6 pinf=0.0 (0) dinf=3.691505123616136e6 (11022) time=41.000335993s
[ Info: iter=2400 obj=1.4181852485964615e6 pinf=0.0 (0) dinf=3.695227211237313e6 (11064) time=41.328233906s
[ Info: iter=2480 obj=1.4181852485964615e6 pinf=0.0 (0) dinf=3.695030183224467e6 (11002) time=47.230717823s
[ Info: iter=2560 obj=1.4181852733703672e6 pinf=0.0 (0) dinf=3.807869919199613e6 (11010) time=49.032824025s
[ Info: iter=2640 obj=1.418185317374284e6 pinf=0.0 (0) dinf=472616.93994257366 (10981) time=51.789610026s
[ Info: iter=2720 obj=1.418185317374284e6 pinf=0.0 (0) dinf=1.3041311519487456e6 (11073) time=51.983464527s
[ Info: iter=2800 obj=1.418185317374284e6 pinf=0.0 (0) dinf=2.589359542854379e6 (10914) time=52.173243927s
[ Info: iter=2880 obj=1.418185317374284e6 pinf=0.0 (0) dinf=4.88335842642557e6 (10956) time=52.370790526s
[ Info: iter=2960 obj=1.418185317374284e6 pinf=0.0 (0) dinf=2.8857297863511355e6 (10960) time=52.576898726s
PROGRESS iter=3000 refs=79 pinf=0.0 working_objective=605524.403755926
[ Info: iter=3011 obj=1.418185317374284e6 pinf=0.0 (0) dinf=2.0228358105066195e7 (10939) time=54.195514522s
[ Info: iter=3012 obj=1.418185317374284e6 pinf=0.0 (0) dinf=2.0265109821954496e7 (10939) time=54.342498022s
[ Info: iter=3013 obj=1.418185317374284e6 pinf=0.0 (0) dinf=2.0227238122353256e7 (10935) time=54.482231922s
[ Info: iter=3014 obj=1.418185317374284e6 pinf=0.0 (0) dinf=2.0231258115667902e7 (10942) time=54.632988721s
[ Info: iter=3015 obj=1.418185317374284e6 pinf=0.0 (0) dinf=2.0233747283932164e7 (10945) time=54.777433621s
[ Info: iter=3016 obj=1.418185317374284e6 pinf=0.0 (0) dinf=2.0234444272782747e7 (10944) time=54.920386021s
[ Info: iter=3017 obj=1.418185317374284e6 pinf=0.0 (0) dinf=2.0234904463417046e7 (10943) time=55.06086042s
[ Info: iter=3018 obj=1.418185317374284e6 pinf=0.0 (0) dinf=2.023513348852341e7 (10942) time=55.21177282s
[ Info: iter=3019 obj=1.418185317374284e6 pinf=0.0 (0) dinf=2.023456402069132e7 (10941) time=55.35672282s
[ Info: iter=3020 obj=1.418185317374284e6 pinf=0.0 (0) dinf=2.0233650018025275e7 (10940) time=55.495619019s
[ Info: iter=3021 obj=1.418185317374284e6 pinf=0.0 (0) dinf=2.0232421468451805e7 (10939) time=55.637758919s
[ Info: iter=3022 obj=1.418185317374284e6 pinf=0.0 (0) dinf=2.0230999440400623e7 (10938) time=55.778837219s
[ Info: iter=3023 obj=1.418185317374284e6 pinf=0.0 (0) dinf=2.0230999440400623e7 (10937) time=55.919286518s
[ Info: iter=3024 obj=1.418185317374284e6 pinf=0.0 (0) dinf=2.0247012207327526e7 (10947) time=56.058276418s
[ Info: iter=3025 obj=1.418185317374284e6 pinf=0.0 (0) dinf=2.024548831836322e7 (10947) time=56.199644318s
[ Info: iter=3026 obj=1.418185317374284e6 pinf=0.0 (0) dinf=2.0243896715136576e7 (10947) time=56.341216017s
[ Info: iter=3027 obj=1.418185317374284e6 pinf=0.0 (0) dinf=2.0242309948642958e7 (10947) time=56.485423417s
[ Info: iter=3028 obj=1.418185317374284e6 pinf=0.0 (0) dinf=2.0237564159361172e7 (10945) time=56.632705717s
[ Info: iter=3029 obj=1.418185317374284e6 pinf=0.0 (0) dinf=2.0236020923464768e7 (10945) time=56.775203216s
[ Info: iter=3030 obj=1.418185317374284e6 pinf=0.0 (0) dinf=2.0234477687568363e7 (10945) time=56.914583716s
[ Info: iter=3031 obj=1.418185317374284e6 pinf=0.0 (0) dinf=2.0232934451671958e7 (10945) time=57.054723516s
[ Info: iter=3032 obj=1.418185317374284e6 pinf=0.0 (0) dinf=2.023134664873555e7 (10945) time=57.200465615s
[ Info: iter=3033 obj=1.418185317374284e6 pinf=0.0 (0) dinf=2.0229842106703334e7 (10945) time=57.344229615s
[ Info: iter=3034 obj=1.418185317374284e6 pinf=0.0 (0) dinf=2.0229842106703334e7 (10944) time=57.486713315s
[ Info: iter=3035 obj=1.418185317374284e6 pinf=0.0 (0) dinf=2.0245854873630237e7 (10954) time=57.628690314s
[ Info: iter=3036 obj=1.418185317374284e6 pinf=0.0 (0) dinf=2.0244318086711198e7 (10953) time=57.773122514s
[ Info: iter=3037 obj=1.418185317374284e6 pinf=0.0 (0) dinf=2.0242724871240214e7 (10952) time=57.915584814s
[ Info: iter=3038 obj=1.418185317374284e6 pinf=0.0 (0) dinf=2.0241135686380085e7 (10951) time=58.056757013s
[ Info: iter=3039 obj=1.418185317374284e6 pinf=0.0 (0) dinf=2.023638022363225e7 (10948) time=58.200277513s
[ Info: iter=3040 obj=1.418185317374284e6 pinf=0.0 (0) dinf=2.0234827314269796e7 (10947) time=58.341919113s
[ Info: iter=3041 obj=1.418185317374284e6 pinf=0.0 (0) dinf=2.0233274404907346e7 (10946) time=58.483772712s
[ Info: iter=3042 obj=1.418185317374284e6 pinf=0.0 (0) dinf=2.023172149554489e7 (10945) time=58.628022312s
[ Info: iter=3043 obj=1.418185317374284e6 pinf=0.0 (0) dinf=2.0230131446982436e7 (10944) time=58.771630512s
[ Info: iter=3044 obj=1.418185317374284e6 pinf=0.0 (0) dinf=2.022861078250681e7 (10943) time=58.913059311s
[ Info: iter=3045 obj=1.418185317374284e6 pinf=0.0 (0) dinf=2.0248676594240557e7 (10942) time=59.056915411s
[ Info: iter=3046 obj=1.418185317374284e6 pinf=0.0 (0) dinf=2.0256168723147828e7 (10938) time=59.214028611s
[ Info: iter=3047 obj=1.418185317374284e6 pinf=0.0 (0) dinf=2.0264063314317986e7 (10934) time=59.36333431s
[ Info: iter=3048 obj=1.418185317374284e6 pinf=0.0 (0) dinf=2.0326153266337622e7 (10940) time=59.50568601s
[ Info: iter=3049 obj=1.418185317374284e6 pinf=0.0 (0) dinf=2.030405961232766e7 (10931) time=59.65042341s
[ Info: iter=3050 obj=1.418185317374284e6 pinf=0.0 (0) dinf=2.0339013584938027e7 (10927) time=59.791118509s
[ Info: iter=3051 obj=1.418185317374284e6 pinf=0.0 (0) dinf=2.0415279206997003e7 (10923) time=59.930464009s
[ Info: iter=3052 obj=1.418185317374284e6 pinf=0.0 (0) dinf=2.054239124376196e7 (10919) time=60.076485009s
[ Info: iter=3053 obj=1.418185317374284e6 pinf=0.0 (0) dinf=2.0542877371861137e7 (10922) time=60.222704209s
[ Info: iter=3054 obj=1.418185317374284e6 pinf=0.0 (0) dinf=2.054282654189797e7 (10922) time=60.366453007s
[ Info: iter=3055 obj=1.418185317374284e6 pinf=0.0 (0) dinf=2.1944618080889124e7 (10922) time=60.511103306s
[ Info: iter=3056 obj=1.418185317374284e6 pinf=0.0 (0) dinf=2.194663344908489e7 (10919) time=60.659079605s
[ Info: iter=3057 obj=1.418185317374284e6 pinf=0.0 (0) dinf=2.194624926580326e7 (10920) time=60.804036604s
[ Info: iter=3058 obj=1.418185317374284e6 pinf=0.0 (0) dinf=2.461432148559583e7 (10919) time=60.947913302s
[ Info: iter=3059 obj=1.418185317374284e6 pinf=0.0 (0) dinf=2.217503534044919e7 (10918) time=61.094038801s
[ Info: iter=3060 obj=1.418185317374284e6 pinf=0.0 (0) dinf=3.0390798007901143e7 (10919) time=61.2481425s
[ Info: iter=3061 obj=1.418185317374284e6 pinf=0.0 (0) dinf=3.0390868070615884e7 (10922) time=61.394273599s
[ Info: iter=3062 obj=1.418185317374284e6 pinf=0.0 (0) dinf=3.0387634038953725e7 (10921) time=61.537680098s
[ Info: iter=3063 obj=1.418185317374284e6 pinf=0.0 (0) dinf=3.0387586142520737e7 (10921) time=61.679536496s
[ Info: iter=3064 obj=1.418185317374284e6 pinf=0.0 (0) dinf=3.0386192871027242e7 (10921) time=61.826663495s
[ Info: iter=3065 obj=1.418185317374284e6 pinf=0.0 (0) dinf=3.890874599960898e7 (10926) time=61.973671894s
[ Info: iter=3066 obj=1.418185317374284e6 pinf=0.0 (0) dinf=3.889966398786082e7 (10926) time=62.114586593s
[ Info: iter=3067 obj=1.418185317374284e6 pinf=0.0 (0) dinf=3.8870356472253844e7 (10926) time=62.255417192s
[ Info: iter=3068 obj=1.418185317374284e6 pinf=0.0 (0) dinf=3.886131255720548e7 (10925) time=62.40155469s
[ Info: iter=3069 obj=1.418185317374284e6 pinf=0.0 (0) dinf=3.8874426869352914e7 (10929) time=62.548774989s
[ Info: iter=3070 obj=1.418185317374284e6 pinf=0.0 (0) dinf=3.8874576698072195e7 (10929) time=62.691487088s
[ Info: iter=3071 obj=1.418185317374284e6 pinf=0.0 (0) dinf=3.887453815298319e7 (10928) time=62.831553787s
[ Info: iter=3072 obj=1.418185317374284e6 pinf=0.0 (0) dinf=3.887449967099891e7 (10927) time=62.974264786s
[ Info: iter=3073 obj=1.418185317374284e6 pinf=0.0 (0) dinf=3.89220979716488e7 (10932) time=63.128912284s
[ Info: iter=3074 obj=1.418185317374284e6 pinf=0.0 (0) dinf=3.89220979716488e7 (10931) time=63.292968583s
[ Info: iter=3075 obj=1.418185317374284e6 pinf=0.0 (0) dinf=3.888631820418863e7 (10937) time=63.452710982s
[ Info: iter=3076 obj=1.418185317374284e6 pinf=0.0 (0) dinf=3.8884885563356936e7 (10937) time=63.61083348s
[ Info: iter=3077 obj=1.418185317374284e6 pinf=0.0 (0) dinf=3.8969807175324395e7 (10932) time=63.771957679s
[ Info: iter=3078 obj=1.418185317374284e6 pinf=0.0 (0) dinf=3.893401956353894e7 (10929) time=63.931548878s
[ Info: iter=3079 obj=1.418185317374284e6 pinf=0.0 (0) dinf=3.8949925168776914e7 (10929) time=64.088462076s
[ Info: iter=3084 obj=1.418185317374284e6 pinf=0.0 (0) dinf=5.995392905272155e7 (10927) time=64.256585775s
[ Info: iter=3085 obj=1.418185317374284e6 pinf=0.0 (0) dinf=5.995434167825956e7 (10928) time=64.403365574s
[ Info: iter=3086 obj=1.418185317374284e6 pinf=0.0 (0) dinf=5.9953927680721685e7 (10927) time=64.548436472s
[ Info: iter=3087 obj=1.418185317374284e6 pinf=0.0 (0) dinf=5.995289768879867e7 (10926) time=64.688641871s
[ Info: iter=3088 obj=1.418185317374284e6 pinf=0.0 (0) dinf=1.8834389595909238e7 (11081) time=64.83266937s
[ Info: iter=3092 obj=1.418185317374284e6 pinf=0.0 (0) dinf=2.0721009069885038e7 (11133) time=64.985527469s
[ Info: iter=3093 obj=1.418185317374284e6 pinf=0.0 (0) dinf=2.0908267898562778e7 (11113) time=65.126615168s
[ Info: iter=3094 obj=1.418185317374284e6 pinf=0.0 (0) dinf=2.0910095913842216e7 (11118) time=65.273211566s
[ Info: iter=3095 obj=1.418185317374284e6 pinf=0.0 (0) dinf=2.0910562177742187e7 (11119) time=65.422975765s
[ Info: iter=3096 obj=1.418185317374284e6 pinf=0.0 (0) dinf=2.138084331212019e7 (11120) time=65.571361964s
[ Info: iter=3097 obj=1.418185317374284e6 pinf=0.0 (0) dinf=2.1380195431605093e7 (11120) time=65.719385863s
[ Info: iter=3098 obj=1.418185317374284e6 pinf=0.0 (0) dinf=2.1375408519512642e7 (11115) time=65.870234761s
[ Info: iter=3099 obj=1.418185317374284e6 pinf=0.0 (0) dinf=2.1377203454815477e7 (11117) time=66.01411476s
[ Info: iter=3100 obj=1.418185317374284e6 pinf=0.0 (0) dinf=2.127266443628217e7 (11117) time=66.160531959s
[ Info: iter=3101 obj=1.418185317374284e6 pinf=0.0 (0) dinf=2.1556303419114538e7 (11109) time=66.305966058s
[ Info: iter=3102 obj=1.418185317374284e6 pinf=0.0 (0) dinf=1.9194945052368425e7 (11088) time=66.451700557s
[ Info: iter=3103 obj=1.418185317374284e6 pinf=0.0 (0) dinf=1.8700663070154313e7 (11077) time=66.596154755s
[ Info: iter=3104 obj=1.418185317374284e6 pinf=0.0 (0) dinf=1.8846192227431424e7 (11069) time=66.744039154s
[ Info: iter=3105 obj=1.418185317374284e6 pinf=0.0 (0) dinf=1.8845835208241057e7 (11067) time=66.891120953s
[ Info: iter=3106 obj=1.418185317374284e6 pinf=0.0 (0) dinf=1.8855195574811004e7 (11063) time=67.037276552s
[ Info: iter=3108 obj=1.418185317374284e6 pinf=0.0 (0) dinf=1.898331480551357e7 (11062) time=67.19263865s
[ Info: iter=3109 obj=1.418185317374284e6 pinf=0.0 (0) dinf=1.898374927077971e7 (11061) time=67.342297349s
[ Info: iter=3110 obj=1.418185317374284e6 pinf=0.0 (0) dinf=1.8954882750328217e7 (11059) time=67.491912648s
[ Info: iter=3111 obj=1.418185317374284e6 pinf=0.0 (0) dinf=1.894219785855565e7 (11058) time=67.642397647s
[ Info: iter=3112 obj=1.418185317374284e6 pinf=0.0 (0) dinf=1.8929512966783077e7 (11057) time=67.783440845s
[ Info: iter=3113 obj=1.418185317374284e6 pinf=0.0 (0) dinf=1.891682807501051e7 (11056) time=67.925152744s
[ Info: iter=3114 obj=1.418185317374284e6 pinf=0.0 (0) dinf=1.9542963696502484e7 (11133) time=68.072359743s
[ Info: iter=3115 obj=1.418185317374284e6 pinf=0.0 (0) dinf=1.9543871257327225e7 (11140) time=68.216274942s
[ Info: iter=3116 obj=1.418185317374284e6 pinf=0.0 (0) dinf=1.954477881815197e7 (11147) time=68.361645541s
[ Info: iter=3117 obj=1.418185317374284e6 pinf=0.0 (0) dinf=1.954568637897671e7 (11154) time=68.510296839s
[ Info: iter=3118 obj=1.418185317374284e6 pinf=0.0 (0) dinf=1.954529741457191e7 (11151) time=68.657260338s
[ Info: iter=3119 obj=1.418185317374284e6 pinf=0.0 (0) dinf=1.9544908448835433e7 (11148) time=68.804108537s
[ Info: iter=3120 obj=1.418185317374284e6 pinf=0.0 (0) dinf=1.9544519187145013e7 (11145) time=68.951741236s
[ Info: iter=3121 obj=1.418185317374284e6 pinf=0.0 (0) dinf=1.9544130212160785e7 (11142) time=69.094013835s
[ Info: iter=3122 obj=1.418185317374284e6 pinf=0.0 (0) dinf=1.954374122108271e7 (11139) time=69.240412434s
[ Info: iter=3123 obj=1.418185317374284e6 pinf=0.0 (0) dinf=1.954335223870028e7 (11136) time=69.393149933s
[ Info: iter=3124 obj=1.418185317374284e6 pinf=0.0 (0) dinf=1.9542963284061108e7 (11133) time=69.538635831s
[ Info: iter=3125 obj=1.418185317374284e6 pinf=0.0 (0) dinf=1.954303877330158e7 (11136) time=69.68472463s
[ Info: iter=3126 obj=1.418185317374284e6 pinf=0.0 (0) dinf=1.9542998742513616e7 (11135) time=69.829323329s
[ Info: iter=3127 obj=1.418185317374284e6 pinf=0.0 (0) dinf=1.954283277043462e7 (11134) time=69.975819528s
[ Info: iter=3128 obj=1.418185317374284e6 pinf=0.0 (0) dinf=1.9548035418440502e7 (11134) time=70.122118027s
[ Info: iter=3129 obj=1.418185317374284e6 pinf=0.0 (0) dinf=1.9543144144884687e7 (11133) time=70.265623926s
[ Info: iter=3130 obj=1.418185317374284e6 pinf=0.0 (0) dinf=1.9542983048257433e7 (11133) time=70.413772125s
[ Info: iter=3131 obj=1.418185317374284e6 pinf=0.0 (0) dinf=1.9542967032038096e7 (11133) time=70.560247423s
[ Info: iter=3132 obj=1.418185317374284e6 pinf=0.0 (0) dinf=1.9543117043724228e7 (11135) time=70.704497022s
[ Info: iter=3133 obj=1.418185317374284e6 pinf=0.0 (0) dinf=1.9542850630827043e7 (11133) time=70.848736021s
[ Info: iter=3134 obj=1.418185317374284e6 pinf=0.0 (0) dinf=1.9543937340201315e7 (11132) time=70.99710052s
[ Info: iter=3135 obj=1.418185317374284e6 pinf=0.0 (0) dinf=1.9544104548390027e7 (11131) time=71.146778119s
[ Info: iter=3136 obj=1.418185317374284e6 pinf=0.0 (0) dinf=1.954427756212074e7 (11130) time=71.288449418s
[ Info: iter=3137 obj=1.418185317374284e6 pinf=0.0 (0) dinf=1.954543476734751e7 (11129) time=71.438199417s
[ Info: iter=3138 obj=1.418185317374284e6 pinf=0.0 (0) dinf=1.954567594155734e7 (11127) time=71.581067915s
[ Info: iter=3139 obj=1.418185317374284e6 pinf=0.0 (0) dinf=1.9546511069405813e7 (11127) time=71.727023414s
[ Info: iter=3140 obj=1.418185317374284e6 pinf=0.0 (0) dinf=1.9548661572904523e7 (11125) time=71.867616713s
[ Info: iter=3141 obj=1.418185317374284e6 pinf=0.0 (0) dinf=1.954915171674938e7 (11125) time=72.013703212s
[ Info: iter=3142 obj=1.418185317374284e6 pinf=0.0 (0) dinf=1.9546209925626636e7 (11125) time=72.154588911s
[ Info: iter=3143 obj=1.418185317374284e6 pinf=0.0 (0) dinf=1.95458057331992e7 (11127) time=72.29377671s
[ Info: iter=3144 obj=1.418185317374284e6 pinf=0.0 (0) dinf=1.9545680322282903e7 (11127) time=72.435591509s
[ Info: iter=3145 obj=1.418185317374284e6 pinf=0.0 (0) dinf=1.9545553976717986e7 (11126) time=72.585536808s
[ Info: iter=3146 obj=1.418185317374284e6 pinf=0.0 (0) dinf=1.9557080066432454e7 (11125) time=72.731805106s
[ Info: iter=3147 obj=1.418185317374284e6 pinf=0.0 (0) dinf=1.9557369326326914e7 (11124) time=72.880310805s
[ Info: iter=3148 obj=1.418185317374284e6 pinf=0.0 (0) dinf=1.955765858622138e7 (11123) time=73.028633304s
[ Info: iter=3149 obj=1.418185317374284e6 pinf=0.0 (0) dinf=1.955794784611584e7 (11122) time=73.176446503s
[ Info: iter=3150 obj=1.418185317374284e6 pinf=0.0 (0) dinf=1.9559849030079186e7 (11129) time=73.321252402s
[ Info: iter=3151 obj=1.418185317374284e6 pinf=0.0 (0) dinf=1.9559702130086493e7 (11136) time=73.470870601s
[ Info: iter=3152 obj=1.418185317374284e6 pinf=0.0 (0) dinf=1.956112901319345e7 (11137) time=73.621242699s
[ Info: iter=3153 obj=1.418185317374284e6 pinf=0.0 (0) dinf=1.956103918827804e7 (11136) time=73.765283898s
[ Info: iter=3154 obj=1.418185317374284e6 pinf=0.0 (0) dinf=1.956086154805119e7 (11135) time=73.909309297s
[ Info: iter=3155 obj=1.418185317374284e6 pinf=0.0 (0) dinf=1.956065426311382e7 (11134) time=74.052484796s
[ Info: iter=3156 obj=1.418185317374284e6 pinf=0.0 (0) dinf=1.956039754237057e7 (11133) time=74.197609495s
[ Info: iter=3157 obj=1.418185317374284e6 pinf=0.0 (0) dinf=1.9560067239209063e7 (11132) time=74.344603794s
[ Info: iter=3158 obj=1.418185317374284e6 pinf=0.0 (0) dinf=1.9559675676035974e7 (11131) time=74.491483893s
[ Info: iter=3159 obj=1.418185317374284e6 pinf=0.0 (0) dinf=1.9559214596910484e7 (11130) time=74.638478692s
[ Info: iter=3160 obj=1.418185317374284e6 pinf=0.0 (0) dinf=1.9528158444445003e7 (11127) time=74.78775019s
[ Info: iter=3161 obj=1.418185317374284e6 pinf=0.0 (0) dinf=1.961318450222044e7 (11129) time=74.935344789s
[ Info: iter=3162 obj=1.418185317374284e6 pinf=0.0 (0) dinf=1.9625535311264634e7 (11128) time=75.076755288s
[ Info: iter=3163 obj=1.418185317374284e6 pinf=0.0 (0) dinf=1.963191737822522e7 (11127) time=75.216995787s
[ Info: iter=3164 obj=1.418185317374284e6 pinf=0.0 (0) dinf=1.9639201258995414e7 (11126) time=75.359549386s
[ Info: iter=3165 obj=1.418185317374284e6 pinf=0.0 (0) dinf=1.9647592630409073e7 (11125) time=75.510283185s
[ Info: iter=3166 obj=1.418185317374284e6 pinf=0.0 (0) dinf=1.973502566740429e7 (11123) time=75.652630884s
[ Info: iter=3167 obj=1.418185317374284e6 pinf=0.0 (0) dinf=1.9751990526559543e7 (11122) time=75.794552182s
[ Info: iter=3168 obj=1.418185317374284e6 pinf=0.0 (0) dinf=1.9767648973377354e7 (11121) time=75.936987381s
[ Info: iter=3169 obj=1.418185317374284e6 pinf=0.0 (0) dinf=1.9784923916081898e7 (11120) time=76.07964258s
[ Info: iter=3170 obj=1.418185317374284e6 pinf=0.0 (0) dinf=1.980016477142359e7 (11119) time=76.222051479s
[ Info: iter=3171 obj=1.418185317374284e6 pinf=0.0 (0) dinf=1.9817354457448218e7 (11118) time=76.365740879s
[ Info: iter=3172 obj=1.418185317374284e6 pinf=0.0 (0) dinf=1.981946978684283e7 (11117) time=76.511872479s
[ Info: iter=3173 obj=1.418185317374284e6 pinf=0.0 (0) dinf=1.9819343392341107e7 (11127) time=76.658916079s
[ Info: iter=3174 obj=1.418185317374284e6 pinf=0.0 (0) dinf=1.981934349574587e7 (11128) time=76.803649579s
[ Info: iter=3175 obj=1.418185317374284e6 pinf=0.0 (0) dinf=1.9818974457165513e7 (11127) time=76.947437279s
[ Info: iter=3176 obj=1.418185317374284e6 pinf=0.0 (0) dinf=1.8902124325541902e7 (11095) time=77.097127279s
[ Info: iter=3177 obj=1.418185317374284e6 pinf=0.0 (0) dinf=1.8925374354061436e7 (11101) time=77.241326079s
[ Info: iter=3178 obj=1.418185317374284e6 pinf=0.0 (0) dinf=1.8926140424170535e7 (11102) time=77.386843778s
[ Info: iter=3179 obj=1.418185317374284e6 pinf=0.0 (0) dinf=1.894129592773083e7 (11105) time=77.543367278s
[ Info: iter=3180 obj=1.418185317374284e6 pinf=0.0 (0) dinf=1.898276945508342e7 (11094) time=77.690658778s
[ Info: iter=3181 obj=1.418185317374284e6 pinf=0.0 (0) dinf=1.8981499724410255e7 (11092) time=77.834286078s
[ Info: iter=3182 obj=1.418185317374284e6 pinf=0.0 (0) dinf=1.8980945713877663e7 (11092) time=77.977518978s
[ Info: iter=3183 obj=1.418185317374284e6 pinf=0.0 (0) dinf=1.898039170334507e7 (11092) time=78.124245078s
[ Info: iter=3184 obj=1.418185317374284e6 pinf=0.0 (0) dinf=1.897983769281248e7 (11092) time=78.266422078s
[ Info: iter=3185 obj=1.418185317374284e6 pinf=0.0 (0) dinf=1.9642600243945967e7 (11125) time=78.416330778s
[ Info: iter=3186 obj=1.418185317374284e6 pinf=0.0 (0) dinf=1.9936797801766086e7 (11121) time=78.572655878s
[ Info: iter=3187 obj=1.418185317374284e6 pinf=0.0 (0) dinf=1.993564178554061e7 (11119) time=78.715547178s
[ Info: iter=3188 obj=1.418185317374284e6 pinf=0.0 (0) dinf=1.9936217028095406e7 (11120) time=78.863416778s
[ Info: iter=3189 obj=1.418185317374284e6 pinf=0.0 (0) dinf=1.9936006706445884e7 (11119) time=79.009090578s
[ Info: iter=3190 obj=1.418185317374284e6 pinf=0.0 (0) dinf=1.9935873291355968e7 (11119) time=79.155739278s
[ Info: iter=3191 obj=1.418185317374284e6 pinf=0.0 (0) dinf=1.9935663116545442e7 (11118) time=79.299844378s
[ Info: iter=3192 obj=1.418185317374284e6 pinf=0.0 (0) dinf=1.8955454346155938e7 (11099) time=79.447941678s
[ Info: iter=3193 obj=1.418185317374284e6 pinf=0.0 (0) dinf=1.8951937234329432e7 (11105) time=79.602123078s
[ Info: iter=3194 obj=1.418185317374284e6 pinf=0.0 (0) dinf=1.8949345590612613e7 (11104) time=79.749362978s
[ Info: iter=3195 obj=1.418185317374284e6 pinf=0.0 (0) dinf=1.897022523299393e7 (11095) time=79.894095378s
[ Info: iter=3196 obj=1.418185317374284e6 pinf=0.0 (0) dinf=1.8985188579468977e7 (11094) time=80.039338478s
[ Info: iter=3197 obj=1.418185317374284e6 pinf=0.0 (0) dinf=1.9009018347726874e7 (11094) time=80.186723378s
[ Info: iter=3198 obj=1.418185317374284e6 pinf=0.0 (0) dinf=1.897022523299393e7 (11091) time=80.334171578s
[ Info: iter=3199 obj=1.418185317374284e6 pinf=0.0 (0) dinf=1.8965300419236932e7 (11097) time=80.477691978s
[ Info: iter=3200 obj=1.418185317374284e6 pinf=0.0 (0) dinf=1.8961671486391056e7 (11096) time=80.621423078s
[ Info: iter=3201 obj=1.418185317374284e6 pinf=0.0 (0) dinf=1.8974534158321682e7 (11087) time=80.766386277s
[ Info: iter=3202 obj=1.418185317374284e6 pinf=0.0 (0) dinf=1.897060249858415e7 (11093) time=80.913995177s
[ Info: iter=3203 obj=1.418185317374284e6 pinf=0.0 (0) dinf=1.896526685508079e7 (11092) time=81.055951877s
[ Info: iter=3204 obj=1.418185317374284e6 pinf=0.0 (0) dinf=1.8914542990371734e7 (11065) time=81.197731677s
[ Info: iter=3205 obj=1.418185317374284e6 pinf=0.0 (0) dinf=1.899033426539829e7 (11083) time=81.340818577s
[ Info: iter=3206 obj=1.418185317374284e6 pinf=0.0 (0) dinf=1.8985293389585283e7 (11089) time=81.483862477s
[ Info: iter=3207 obj=1.418185317374284e6 pinf=0.0 (0) dinf=1.8978452432310626e7 (11088) time=81.659414477s
[ Info: iter=3208 obj=1.418185317374284e6 pinf=0.0 (0) dinf=1.895380697635811e7 (11082) time=81.797524177s
[ Info: iter=3209 obj=1.418185317374284e6 pinf=0.0 (0) dinf=1.9031476679103803e7 (11082) time=81.935672277s
[ Info: iter=3210 obj=1.418185317374284e6 pinf=0.0 (0) dinf=1.9880194145152804e7 (11095) time=82.080912977s
[ Info: iter=3211 obj=1.418185317374284e6 pinf=0.0 (0) dinf=1.977218288376048e7 (11075) time=82.226057577s
[ Info: iter=3212 obj=1.418185317374284e6 pinf=0.0 (0) dinf=1.9700880746070843e7 (11068) time=82.370793677s
[ Info: iter=3213 obj=1.418185317374284e6 pinf=0.0 (0) dinf=1.900469931984523e7 (11079) time=82.517426777s
[ Info: iter=3214 obj=1.418185317374284e6 pinf=0.0 (0) dinf=1.8998649953048453e7 (11085) time=82.665658877s
[ Info: iter=3215 obj=1.418185317374284e6 pinf=0.0 (0) dinf=1.8990440375718918e7 (11084) time=82.813135077s
[ Info: iter=3216 obj=1.418185317374284e6 pinf=0.0 (0) dinf=1.8960377744427126e7 (11078) time=82.958062877s
[ Info: iter=3217 obj=1.418185317374284e6 pinf=0.0 (0) dinf=1.904751582420678e7 (11078) time=83.102701577s
[ Info: iter=3218 obj=1.418185317374284e6 pinf=0.0 (0) dinf=1.8897947723570652e7 (11059) time=83.244862377s
[ Info: iter=3219 obj=1.418185317374284e6 pinf=0.0 (0) dinf=1.8891789792409733e7 (11058) time=83.398609977s
[ Info: iter=3220 obj=1.418185317374284e6 pinf=0.0 (0) dinf=1.8892047687030155e7 (11057) time=83.550860977s
[ Info: iter=3221 obj=1.418185317374284e6 pinf=0.0 (0) dinf=1.915734140651677e7 (11059) time=83.696802377s
[ Info: iter=3222 obj=1.418185317374284e6 pinf=0.0 (0) dinf=1.9119094735200483e7 (11101) time=83.842559377s
[ Info: iter=3223 obj=1.418185317374284e6 pinf=0.0 (0) dinf=1.911914171289078e7 (11101) time=83.984134176s
[ Info: iter=3224 obj=1.418185317374284e6 pinf=0.0 (0) dinf=1.911518575634094e7 (11100) time=84.129109176s
[ Info: iter=3225 obj=1.418185317374284e6 pinf=0.0 (0) dinf=1.9080970186262384e7 (11094) time=84.270544176s
[ Info: iter=3226 obj=1.418185317374284e6 pinf=0.0 (0) dinf=1.907541475345109e7 (11093) time=84.410757579s
[ Info: iter=3227 obj=1.418185317374284e6 pinf=0.0 (0) dinf=1.9255505089423154e7 (11096) time=84.564048081s
[ Info: iter=3228 obj=1.418185317374284e6 pinf=0.0 (0) dinf=1.9255542829203572e7 (11096) time=84.705999584s
[ Info: iter=3229 obj=1.418185317374284e6 pinf=0.0 (0) dinf=1.899594094133404e7 (11060) time=84.849782286s
[ Info: iter=3230 obj=1.418185317374284e6 pinf=0.0 (0) dinf=1.8987410456553828e7 (11059) time=84.989984788s
[ Info: iter=3231 obj=1.418185317374284e6 pinf=0.0 (0) dinf=1.918295811293684e7 (11055) time=85.13121089s
[ Info: iter=3232 obj=1.418185317374284e6 pinf=0.0 (0) dinf=1.9171658774324544e7 (11054) time=85.273409593s
[ Info: iter=3233 obj=1.418185317374284e6 pinf=0.0 (0) dinf=1.91602906538819e7 (11053) time=85.417409495s
[ Info: iter=3234 obj=1.418185317374284e6 pinf=0.0 (0) dinf=1.9149004757053535e7 (11053) time=85.568553998s
[ Info: iter=3235 obj=1.418185317374284e6 pinf=0.0 (0) dinf=1.9497752774483655e7 (11103) time=85.7200131s
[ Info: iter=3236 obj=1.418185317374284e6 pinf=0.0 (0) dinf=1.9498190092791636e7 (11106) time=85.864686302s
[ Info: iter=3237 obj=1.418185317374284e6 pinf=0.0 (0) dinf=1.9498069894192368e7 (11105) time=86.008408805s
[ Info: iter=3238 obj=1.418185317374284e6 pinf=0.0 (0) dinf=1.9499284447853792e7 (11113) time=86.150938707s
[ Info: iter=3239 obj=1.418185317374284e6 pinf=0.0 (0) dinf=1.9498918224344604e7 (11111) time=86.291847509s
[ Info: iter=3240 obj=1.418185317374284e6 pinf=0.0 (0) dinf=1.9498796922644548e7 (11110) time=86.444437112s
[ Info: iter=3241 obj=1.418185317374284e6 pinf=0.0 (0) dinf=1.9499328455215894e7 (11118) time=86.591958414s
[ Info: iter=3242 obj=1.418185317374284e6 pinf=0.0 (0) dinf=1.950051619856881e7 (11126) time=86.737341117s
[ Info: iter=3243 obj=1.418185317374284e6 pinf=0.0 (0) dinf=1.9501427340659812e7 (11134) time=86.884873719s
[ Info: iter=3244 obj=1.418185317374284e6 pinf=0.0 (0) dinf=1.9501063745755855e7 (11130) time=87.028614321s
[ Info: iter=3245 obj=1.418185317374284e6 pinf=0.0 (0) dinf=1.950084036094186e7 (11128) time=87.171903724s
[ Info: iter=3246 obj=1.418185317374284e6 pinf=0.0 (0) dinf=1.9501183300124396e7 (11127) time=87.316333126s
[ Info: iter=3247 obj=1.418185317374284e6 pinf=0.0 (0) dinf=1.9500716713323668e7 (11126) time=87.462507229s
[ Info: iter=3248 obj=1.418185317374284e6 pinf=0.0 (0) dinf=1.9500428839386944e7 (11125) time=87.617409431s
[ Info: iter=3249 obj=1.418185317374284e6 pinf=0.0 (0) dinf=1.950488949310376e7 (11127) time=87.768384934s
[ Info: iter=3250 obj=1.418185317374284e6 pinf=0.0 (0) dinf=1.950259287323806e7 (11134) time=87.914304436s
[ Info: iter=3251 obj=1.418185317374284e6 pinf=0.0 (0) dinf=1.950409201740807e7 (11130) time=88.060920438s
[ Info: iter=3252 obj=1.418185317374284e6 pinf=0.0 (0) dinf=1.9502215749731395e7 (11136) time=88.210402041s
[ Info: iter=3253 obj=1.418185317374284e6 pinf=0.0 (0) dinf=1.9501707644614097e7 (11133) time=88.356557643s
[ Info: iter=3254 obj=1.418185317374284e6 pinf=0.0 (0) dinf=1.950105591617954e7 (11134) time=88.512296046s
[ Info: iter=3255 obj=1.418185317374284e6 pinf=0.0 (0) dinf=1.9500402269670997e7 (11134) time=88.659183448s
[ Info: iter=3256 obj=1.418185317374284e6 pinf=0.0 (0) dinf=1.9499751500273444e7 (11134) time=88.808147851s
[ Info: iter=3257 obj=1.418185317374284e6 pinf=0.0 (0) dinf=1.9499108403171867e7 (11135) time=88.953083353s
[ Info: iter=3258 obj=1.418185317374284e6 pinf=0.0 (0) dinf=1.94989838951922e7 (11134) time=89.098358255s
[ Info: iter=3259 obj=1.418185317374284e6 pinf=0.0 (0) dinf=1.9498860348760046e7 (11133) time=89.246401358s
[ Info: iter=3260 obj=1.418185317374284e6 pinf=0.0 (0) dinf=1.9498737099057067e7 (11132) time=89.39385546s
[ Info: iter=3261 obj=1.418185317374284e6 pinf=0.0 (0) dinf=1.949861431824679e7 (11131) time=89.539172362s
[ Info: iter=3262 obj=1.418185317374284e6 pinf=0.0 (0) dinf=1.949848867760258e7 (11130) time=89.693682565s
[ Info: iter=3263 obj=1.418185317374284e6 pinf=0.0 (0) dinf=1.9498371179523267e7 (11129) time=89.835176367s
[ Info: iter=3264 obj=1.418185317374284e6 pinf=0.0 (0) dinf=1.9498262262238223e7 (11130) time=89.97871077s
[ Info: iter=3265 obj=1.418185317374284e6 pinf=0.0 (0) dinf=1.94982428820915e7 (11129) time=90.123978972s
[ Info: iter=3266 obj=1.418185317374284e6 pinf=0.0 (0) dinf=1.9498145934362456e7 (11128) time=90.265431174s
[ Info: iter=3267 obj=1.418185317374284e6 pinf=0.0 (0) dinf=1.949803461577619e7 (11127) time=90.419443577s
[ Info: iter=3268 obj=1.418185317374284e6 pinf=0.0 (0) dinf=1.9497909574180394e7 (11126) time=90.567312179s
[ Info: iter=3269 obj=1.418185317374284e6 pinf=0.0 (0) dinf=1.9497752204214346e7 (11125) time=90.717568582s
[ Info: iter=3270 obj=1.418185317374284e6 pinf=0.0 (0) dinf=1.9497581935348913e7 (11124) time=90.864447084s
[ Info: iter=3271 obj=1.418185317374284e6 pinf=0.0 (0) dinf=1.9497404485823918e7 (11123) time=91.012694687s
[ Info: iter=3272 obj=1.418185317374284e6 pinf=0.0 (0) dinf=1.949735880720969e7 (11121) time=91.160796189s
[ Info: iter=3273 obj=1.418185317374284e6 pinf=0.0 (0) dinf=1.949728827969573e7 (11120) time=91.301616291s
[ Info: iter=3274 obj=1.418185317374284e6 pinf=0.0 (0) dinf=1.949720434598335e7 (11119) time=91.449733294s
[ Info: iter=3275 obj=1.418185317374284e6 pinf=0.0 (0) dinf=1.94971135751367e7 (11118) time=91.599832196s
[ Info: iter=3276 obj=1.418185317374284e6 pinf=0.0 (0) dinf=1.949701509626857e7 (11117) time=91.749354399s
[ Info: iter=3277 obj=1.418185317374284e6 pinf=0.0 (0) dinf=1.949690005768703e7 (11116) time=91.894348201s
[ Info: iter=3278 obj=1.418185317374284e6 pinf=0.0 (0) dinf=1.9496775627761904e7 (11115) time=92.040002703s
[ Info: iter=3279 obj=1.418185317374284e6 pinf=0.0 (0) dinf=1.9496639052791726e7 (11114) time=92.184470006s
[ Info: iter=3280 obj=1.418185317374284e6 pinf=0.0 (0) dinf=1.9496489542521544e7 (11113) time=92.327615907s
[ Info: iter=3281 obj=1.418185317374284e6 pinf=0.0 (0) dinf=1.9496327802667174e7 (11112) time=92.471946306s
[ Info: iter=3282 obj=1.418185317374284e6 pinf=0.0 (0) dinf=1.949179296347294e7 (11111) time=92.640563406s
[ Info: iter=3283 obj=1.418185317374284e6 pinf=0.0 (0) dinf=1.948725812427871e7 (11110) time=92.788922205s
[ Info: iter=3284 obj=1.418185317374284e6 pinf=0.0 (0) dinf=1.948246222443462e7 (11059) time=92.937618304s
[ Info: iter=3285 obj=1.418185317374284e6 pinf=0.0 (0) dinf=1.9482013128803514e7 (11056) time=93.082761304s
[ Info: iter=3286 obj=1.418185317374284e6 pinf=0.0 (0) dinf=1.949169155509436e7 (11056) time=93.236468003s
[ Info: iter=3287 obj=1.418185317374284e6 pinf=0.0 (0) dinf=1.9486732044133656e7 (11061) time=93.379110602s
[ Info: iter=3288 obj=1.418185317374284e6 pinf=0.0 (0) dinf=1.9360035261480525e7 (11056) time=93.528578101s
[ Info: iter=3289 obj=1.418185317374284e6 pinf=0.0 (0) dinf=1.9183924829530537e7 (11057) time=93.679080501s
[ Info: iter=3290 obj=1.418185317374284e6 pinf=0.0 (0) dinf=1.9184195301293977e7 (11058) time=93.8328539s
[ Info: iter=3291 obj=1.418185317374284e6 pinf=0.0 (0) dinf=1.8918389648822073e7 (11076) time=93.976743199s
[ Info: iter=3292 obj=1.418185317374284e6 pinf=0.0 (0) dinf=1.9405927226432912e7 (11103) time=94.119826799s
[ Info: iter=3293 obj=1.418185317374284e6 pinf=0.0 (0) dinf=1.910003724250125e7 (11066) time=94.263697298s
[ Info: iter=3294 obj=1.418185317374284e6 pinf=0.0 (0) dinf=1.9099935778543867e7 (11065) time=94.405284997s
[ Info: iter=3295 obj=1.418185317374284e6 pinf=0.0 (0) dinf=1.982463124064377e7 (11069) time=94.550736796s
[ Info: iter=3296 obj=1.418185317374284e6 pinf=0.0 (0) dinf=1.982480940554113e7 (11068) time=94.700582796s
[ Info: iter=3297 obj=1.418185317374284e6 pinf=0.0 (0) dinf=1.982473168322691e7 (11067) time=94.849488595s
[ Info: iter=3298 obj=1.418185317374284e6 pinf=0.0 (0) dinf=1.98248080726294e7 (11068) time=94.997844294s
[ Info: iter=3299 obj=1.418185317374284e6 pinf=0.0 (0) dinf=1.982506159272426e7 (11068) time=95.149159894s
[ Info: iter=3300 obj=1.418185317374284e6 pinf=0.0 (0) dinf=1.9782509534921397e7 (11076) time=95.290719093s
[ Info: iter=3301 obj=1.418185317374284e6 pinf=0.0 (0) dinf=1.9781272409591116e7 (11073) time=95.438490492s
[ Info: iter=3302 obj=1.418185317374284e6 pinf=0.0 (0) dinf=1.9816480301358823e7 (11067) time=95.582158191s
[ Info: iter=3303 obj=1.418185317374284e6 pinf=0.0 (0) dinf=1.97523215869403e7 (11072) time=95.730499691s
[ Info: iter=3304 obj=1.418185317374284e6 pinf=0.0 (0) dinf=1.975249845969975e7 (11071) time=95.87934579s
[ Info: iter=3305 obj=1.418185317374284e6 pinf=0.0 (0) dinf=1.9753038623581134e7 (11071) time=96.022429789s
[ Info: iter=3306 obj=1.418185317374284e6 pinf=0.0 (0) dinf=3.008908266818442e7 (11106) time=96.166945789s
[ Info: iter=3307 obj=1.418185317374284e6 pinf=0.0 (0) dinf=1.8725451590915356e7 (11049) time=96.309113088s
[ Info: iter=3308 obj=1.418185317374284e6 pinf=0.0 (0) dinf=1.872548043012637e7 (11046) time=96.457982287s
[ Info: iter=3309 obj=1.418185317374284e6 pinf=0.0 (0) dinf=1.8704079591180876e7 (11045) time=96.608660187s
[ Info: iter=3310 obj=1.418185317374284e6 pinf=0.0 (0) dinf=1.905204099946101e7 (11045) time=96.751257486s
[ Info: iter=3311 obj=1.418185317374284e6 pinf=0.0 (0) dinf=2.2550581772992916e7 (11112) time=96.896682485s
[ Info: iter=3312 obj=1.418185317374284e6 pinf=0.0 (0) dinf=2.2550581772992916e7 (11111) time=97.042395984s
[ Info: iter=3313 obj=1.418185317374284e6 pinf=0.0 (0) dinf=2.2454397397548612e7 (11117) time=97.183312684s
[ Info: iter=3314 obj=1.418185317374284e6 pinf=0.0 (0) dinf=2.2450549569739867e7 (11117) time=97.330906183s
[ Info: iter=3315 obj=1.418185317374284e6 pinf=0.0 (0) dinf=2.267883970025199e7 (11112) time=97.478194082s
[ Info: iter=3316 obj=1.418185317374284e6 pinf=0.0 (0) dinf=2.2582644004807685e7 (11109) time=97.622828582s
[ Info: iter=3317 obj=1.418185317374284e6 pinf=0.0 (0) dinf=1.8692373075515397e7 (11057) time=97.775223781s
[ Info: iter=3318 obj=1.418185317374284e6 pinf=0.0 (0) dinf=1.8691436956216864e7 (11057) time=97.91920558s
[ Info: iter=3319 obj=1.418185317374284e6 pinf=0.0 (0) dinf=1.869169560365673e7 (11058) time=98.06609858s
[ Info: iter=3320 obj=1.418185317374284e6 pinf=0.0 (0) dinf=2.1473329521009132e7 (11107) time=98.214049579s
[ Info: iter=3321 obj=1.418185317374284e6 pinf=0.0 (0) dinf=2.1472735594318237e7 (11106) time=98.364015378s
[ Info: iter=3322 obj=1.418185317374284e6 pinf=0.0 (0) dinf=2.1472096554927308e7 (11105) time=98.512480777s
[ Info: iter=3323 obj=1.418185317374284e6 pinf=0.0 (0) dinf=2.1471442771728057e7 (11105) time=98.654513777s
[ Info: iter=3324 obj=1.418185317374284e6 pinf=0.0 (0) dinf=2.147079027805659e7 (11105) time=98.800451176s
[ Info: iter=3325 obj=1.418185317374284e6 pinf=0.0 (0) dinf=2.155886866874787e7 (11110) time=98.937581675s
[ Info: iter=3326 obj=1.418185317374284e6 pinf=0.0 (0) dinf=2.155865049172833e7 (11107) time=99.076781875s
[ Info: iter=3327 obj=1.418185317374284e6 pinf=0.0 (0) dinf=2.155843208711242e7 (11104) time=99.221905274s
[ Info: iter=3328 obj=1.418185317374284e6 pinf=0.0 (0) dinf=2.155821391009288e7 (11100) time=99.361129073s
[ Info: iter=3329 obj=1.418185317374284e6 pinf=0.0 (0) dinf=2.1558204682496514e7 (11095) time=99.501930273s
[ Info: iter=3330 obj=1.418185317374284e6 pinf=0.0 (0) dinf=2.1554019635609847e7 (11094) time=99.646987772s
[ Info: iter=3331 obj=1.418185317374284e6 pinf=0.0 (0) dinf=2.155827505787635e7 (11105) time=99.795640471s
[ Info: iter=3332 obj=1.418185317374284e6 pinf=0.0 (0) dinf=2.155805864326044e7 (11104) time=99.95371447s
[ Info: iter=3333 obj=1.418185317374284e6 pinf=0.0 (0) dinf=2.1494310057464767e7 (11104) time=100.10019997s
[ Info: iter=3334 obj=1.418185317374284e6 pinf=0.0 (0) dinf=2.1493721653200593e7 (11102) time=100.244406869s
[ Info: iter=3335 obj=1.418185317374284e6 pinf=0.0 (0) dinf=2.1554242663789522e7 (11095) time=100.389775268s
[ Info: iter=3336 obj=1.418185317374284e6 pinf=0.0 (0) dinf=2.1641601876967918e7 (11096) time=100.542117967s
[ Info: iter=3337 obj=1.418185317374284e6 pinf=0.0 (0) dinf=2.157608021708412e7 (11093) time=100.687242366s
[ Info: iter=3338 obj=1.418185317374284e6 pinf=0.0 (0) dinf=2.1600650839540545e7 (11093) time=100.832120466s
[ Info: iter=3339 obj=1.418185317374284e6 pinf=0.0 (0) dinf=2.167075015940046e7 (11115) time=100.976979765s
[ Info: iter=3340 obj=1.418185317374284e6 pinf=0.0 (0) dinf=2.173988436679361e7 (11092) time=101.124645064s
[ Info: iter=3341 obj=1.418185317374284e6 pinf=0.0 (0) dinf=2.1776964401196055e7 (11090) time=101.276669463s
[ Info: iter=3342 obj=1.418185317374284e6 pinf=0.0 (0) dinf=2.1814091141805228e7 (11088) time=101.425975362s
[ Info: iter=3343 obj=1.418185317374284e6 pinf=0.0 (0) dinf=2.2045385045016523e7 (11085) time=101.575414561s
[ Info: iter=3344 obj=1.418185317374284e6 pinf=0.0 (0) dinf=2.204537406486794e7 (11082) time=101.72084986s
[ Info: iter=3345 obj=1.418185317374284e6 pinf=0.0 (0) dinf=2.204536308471936e7 (11079) time=101.878216159s
[ Info: iter=3346 obj=1.418185317374284e6 pinf=0.0 (0) dinf=2.203805053624025e7 (11082) time=102.025624358s
[ Info: iter=3347 obj=1.418185317374284e6 pinf=0.0 (0) dinf=2.184005353432049e7 (11096) time=102.170740757s
[ Info: iter=3348 obj=1.418185317374284e6 pinf=0.0 (0) dinf=2.1878918032827627e7 (11092) time=102.317947456s
[ Info: iter=3353 obj=1.418185317374284e6 pinf=0.0 (0) dinf=1.9625894892870184e7 (11115) time=102.492677555s
[ Info: iter=3433 obj=1.418185317374284e6 pinf=0.0 (0) dinf=2.0655167641841073e7 (11128) time=102.709412554s
[ Info: iter=3513 obj=1.418185317374284e6 pinf=0.0 (0) dinf=2.0412713407722335e7 (11158) time=102.922110953s
[ Info: iter=3593 obj=1.418185317374284e6 pinf=0.0 (0) dinf=1.901943576867783e7 (11067) time=103.133956352s
[ Info: iter=3673 obj=1.418185317374284e6 pinf=0.0 (0) dinf=1.960528443659069e7 (11098) time=103.35747775s
[ Info: iter=3753 obj=1.418185317374284e6 pinf=0.0 (0) dinf=7.837717409181096e7 (11121) time=103.582015849s
[ Info: iter=3833 obj=1.418185317374284e6 pinf=0.0 (0) dinf=2.8399857501970932e7 (11072) time=103.807502347s
[ Info: iter=3913 obj=1.4181853173742844e6 pinf=0.0 (0) dinf=3.2788127534994982e7 (11140) time=104.031535746s
[ Info: iter=3993 obj=1.4181853173742844e6 pinf=0.0 (0) dinf=4.398832110299261e7 (11053) time=104.261931345s
PROGRESS iter=4000 refs=418 pinf=0.0 working_objective=605524.403755926
[ Info: iter=4073 obj=1.4181853180696473e6 pinf=0.0 (0) dinf=2.716725482278683e7 (10993) time=104.497092543s
[ Info: iter=4153 obj=1.4181853183456005e6 pinf=0.0 (0) dinf=4.7650387506001435e7 (11007) time=104.779331542s
[ Info: iter=4233 obj=1.4181853184171126e6 pinf=0.0 (0) dinf=6.086658589423805e7 (10975) time=105.01027024s
[ Info: iter=4313 obj=1.4181853183067718e6 pinf=0.0 (0) dinf=6.5944518049669124e7 (11054) time=105.716369836s
[ Info: iter=4393 obj=1.4181853184470404e6 pinf=0.0 (0) dinf=6.055311271566785e7 (11001) time=106.61908383s
[ Info: iter=4473 obj=1.4181853184470497e6 pinf=0.0 (0) dinf=6.637784385037555e7 (11011) time=106.851088129s
[ Info: iter=4553 obj=1.418185318447044e6 pinf=0.0 (0) dinf=6.1057497269136176e7 (10932) time=107.104156927s
[ Info: iter=4633 obj=1.4181853184470455e6 pinf=0.0 (0) dinf=1.8540172001061717e8 (10943) time=107.358334026s
[ Info: iter=4713 obj=1.4181853184471214e6 pinf=0.0 (0) dinf=4.2815026757357913e8 (10928) time=109.324789516s
[ Info: iter=4793 obj=1.4181853184366147e6 pinf=0.0 (0) dinf=4.8556363335626625e7 (11021) time=110.600516412s
[ Info: iter=4826 obj=1.4181853184366152e6 pinf=0.0 (0) dinf=2.5482105476951766e9 (11030) time=112.052746406s
[ Info: iter=4827 obj=1.4181853184366152e6 pinf=0.0 (0) dinf=2.514677485314881e9 (11028) time=112.232275405s
[ Info: iter=4828 obj=1.4181853184366152e6 pinf=0.0 (0) dinf=2.4657260654827485e9 (11026) time=112.399521505s
[ Info: iter=4830 obj=1.4181853184366152e6 pinf=0.0 (0) dinf=2.4052654193351483e9 (11028) time=112.678467604s
[ Info: iter=4831 obj=1.4181853184366152e6 pinf=0.0 (0) dinf=2.4048203900017514e9 (11028) time=112.848301903s
[ Info: iter=4834 obj=1.4181853184366152e6 pinf=0.0 (0) dinf=2.4046384015803776e9 (11026) time=113.096753002s
[ Info: iter=4835 obj=1.4181853184366152e6 pinf=0.0 (0) dinf=2.352284362437134e9 (11026) time=113.271425202s
[ Info: iter=4836 obj=1.4181853184366152e6 pinf=0.0 (0) dinf=2.311430753076913e9 (11027) time=113.450863701s
[ Info: iter=4837 obj=1.4181853184366152e6 pinf=0.0 (0) dinf=2.3014100564413843e9 (11032) time=113.6210128s
[ Info: iter=4838 obj=1.4181853184366152e6 pinf=0.0 (0) dinf=2.2453220976095967e9 (11032) time=113.791076s
[ Info: iter=4839 obj=1.4181853184366152e6 pinf=0.0 (0) dinf=2.189234138777795e9 (11036) time=113.967340999s
[ Info: iter=4840 obj=1.4181853184366152e6 pinf=0.0 (0) dinf=2.1329640670089898e9 (11035) time=114.142907498s
[ Info: iter=4841 obj=1.4181853184366152e6 pinf=0.0 (0) dinf=2.0768761081771874e9 (11039) time=114.310862698s
[ Info: iter=4842 obj=1.4181853184366152e6 pinf=0.0 (0) dinf=2.037107657158709e9 (11034) time=114.476109497s
[ Info: iter=4843 obj=1.4181853184366152e6 pinf=0.0 (0) dinf=2.0306267325265088e9 (11033) time=114.642506097s
[ Info: iter=4844 obj=1.4181853184366152e6 pinf=0.0 (0) dinf=2.0212885023238015e9 (11032) time=114.809529696s
[ Info: iter=4845 obj=1.4181853184366152e6 pinf=0.0 (0) dinf=2.015210269600533e9 (11031) time=114.977552395s
[ Info: iter=4846 obj=1.4181853184366152e6 pinf=0.0 (0) dinf=2.015169209586811e9 (11031) time=115.144297995s
[ Info: iter=4847 obj=1.4181853184366152e6 pinf=0.0 (0) dinf=2.0112942364575663e9 (11030) time=115.307842594s
[ Info: iter=4848 obj=1.4181853184366152e6 pinf=0.0 (0) dinf=2.0111121230960586e9 (11029) time=115.473459493s
[ Info: iter=4849 obj=1.4181853184366152e6 pinf=0.0 (0) dinf=2.0029432097750201e9 (11023) time=115.642987293s
[ Info: iter=4850 obj=1.4181853184366152e6 pinf=0.0 (0) dinf=1.954993795771315e9 (11027) time=115.805052592s
[ Info: iter=4851 obj=1.4181853184366152e6 pinf=0.0 (0) dinf=1.9548778563381047e9 (11023) time=115.963309692s
[ Info: iter=4852 obj=1.4181853184366152e6 pinf=0.0 (0) dinf=2.0109299911763422e9 (11023) time=116.136878491s
[ Info: iter=4853 obj=1.4181853184366152e6 pinf=0.0 (0) dinf=2.0015667253757074e9 (11017) time=116.30569129s
[ Info: iter=4854 obj=1.4181853184366152e6 pinf=0.0 (0) dinf=1.9548116642299705e9 (11021) time=116.467564989s
[ Info: iter=4855 obj=1.4181853184366152e6 pinf=0.0 (0) dinf=1.9547033158772562e9 (11017) time=116.625196688s
[ Info: iter=4856 obj=1.4181853184366152e6 pinf=0.0 (0) dinf=1.7166935079445205e9 (11009) time=116.795761386s
[ Info: iter=4857 obj=1.4181853184366152e6 pinf=0.0 (0) dinf=1.7139533196825752e9 (11008) time=116.963237684s
[ Info: iter=4858 obj=1.4181853184366152e6 pinf=0.0 (0) dinf=1.680420296527713e9 (11007) time=117.131480083s
[ Info: iter=4860 obj=1.4181853184366152e6 pinf=0.0 (0) dinf=1.6468872685103352e9 (11005) time=117.383488381s
[ Info: iter=4861 obj=1.4181853184366152e6 pinf=0.0 (0) dinf=1.7171306310067956e9 (11011) time=117.550546379s
[ Info: iter=4862 obj=1.4181853184366147e6 pinf=0.0 (0) dinf=1.6449101973771734e9 (11003) time=117.724695778s
[ Info: iter=4863 obj=1.4181853184366147e6 pinf=0.0 (0) dinf=1.588974000720022e9 (11003) time=117.900506476s
[ Info: iter=4864 obj=1.4181853184366147e6 pinf=0.0 (0) dinf=1.5889895070912435e9 (11003) time=118.090910774s
[ Info: iter=4865 obj=1.4181853184366147e6 pinf=0.0 (0) dinf=2.258211983398485e9 (11002) time=118.281370972s
[ Info: iter=4866 obj=1.4181853184366147e6 pinf=0.0 (0) dinf=2.207573980788499e9 (11003) time=118.464068771s
[ Info: iter=4867 obj=1.4181853184366147e6 pinf=0.0 (0) dinf=2.713786663790797e9 (11002) time=118.652507369s
[ Info: iter=4868 obj=1.4181853184366147e6 pinf=0.0 (0) dinf=2.1252840345580785e9 (11001) time=118.841774767s
[ Info: iter=4869 obj=1.4181853184366147e6 pinf=0.0 (0) dinf=2.0936338700266135e9 (11000) time=119.023317466s
[ Info: iter=4870 obj=1.4181853184366147e6 pinf=0.0 (0) dinf=2.093993069006766e9 (10999) time=119.205267864s
[ Info: iter=4871 obj=1.4181853184366147e6 pinf=0.0 (0) dinf=2.203026375560684e9 (10999) time=119.385400562s
[ Info: iter=4872 obj=1.4181853184366147e6 pinf=0.0 (0) dinf=2.158602830032681e9 (11001) time=119.565994761s
[ Info: iter=4873 obj=1.4181853184366147e6 pinf=0.0 (0) dinf=2.0867702428786507e9 (10999) time=119.751066859s
[ Info: iter=4874 obj=1.4181853184366147e6 pinf=0.0 (0) dinf=2.0593659051144552e9 (10998) time=119.929937257s
[ Info: iter=4875 obj=1.4181853184366147e6 pinf=0.0 (0) dinf=2.0580915789501705e9 (10996) time=120.114858556s
[ Info: iter=4876 obj=1.4181853184366147e6 pinf=0.0 (0) dinf=2.0579297505341907e9 (10996) time=120.293259554s
[ Info: iter=4877 obj=1.4181853184366147e6 pinf=0.0 (0) dinf=2.0580713558264818e9 (10996) time=120.476979952s
[ Info: iter=4878 obj=1.4181853184366147e6 pinf=0.0 (0) dinf=2.0567290397770362e9 (10995) time=120.659407851s
[ Info: iter=4879 obj=1.4181853184366147e6 pinf=0.0 (0) dinf=2.056729036302973e9 (10993) time=120.844439049s
[ Info: iter=4880 obj=1.4181853184366147e6 pinf=0.0 (0) dinf=2.044506657181058e9 (10993) time=121.029081747s
[ Info: iter=4881 obj=1.4181853184366147e6 pinf=0.0 (0) dinf=2.0567290335667574e9 (10993) time=121.214909846s
[ Info: iter=4882 obj=1.4181853184366147e6 pinf=0.0 (0) dinf=2.0572441248620808e9 (10994) time=121.399371744s
[ Info: iter=4883 obj=1.4181853184366147e6 pinf=0.0 (0) dinf=2.0559146988831856e9 (10993) time=121.592087842s
[ Info: iter=4884 obj=1.4181853184366147e6 pinf=0.0 (0) dinf=2.859768038780941e9 (11001) time=121.776112041s
[ Info: iter=4885 obj=1.4181853184366147e6 pinf=0.0 (0) dinf=3.7101770975722847e9 (11003) time=121.961986039s
[ Info: iter=4886 obj=1.4181853184366147e6 pinf=0.0 (0) dinf=4.969280300448565e9 (11002) time=122.149919237s
[ Info: iter=4887 obj=1.4181853184366147e6 pinf=0.0 (0) dinf=4.90765424065322e9 (10999) time=122.337296335s
[ Info: iter=4888 obj=1.4181853184366147e6 pinf=0.0 (0) dinf=5.151072685933795e9 (11001) time=122.528808734s
[ Info: iter=4889 obj=1.4181853184366147e6 pinf=0.0 (0) dinf=4.986189632656568e9 (10997) time=122.753637032s
[ Info: iter=4890 obj=1.4181853184366147e6 pinf=0.0 (0) dinf=5.042234049148613e9 (10997) time=122.95151383s
[ Info: iter=4891 obj=1.4181853184366147e6 pinf=0.0 (0) dinf=5.017029792273931e9 (10996) time=123.155275128s
[ Info: iter=4892 obj=1.4181853184366147e6 pinf=0.0 (0) dinf=4.923894763204449e9 (10993) time=123.364570126s
[ Info: iter=4893 obj=1.4181853184366147e6 pinf=0.0 (0) dinf=4.699962502851288e9 (10993) time=123.569036224s
[ Info: iter=4894 obj=1.4181853184366147e6 pinf=0.0 (0) dinf=3.662187379566729e9 (10996) time=123.741507623s
[ Info: iter=4895 obj=1.4181853184366147e6 pinf=0.0 (0) dinf=3.70399570692308e9 (10998) time=123.925087021s
[ Info: iter=4896 obj=1.4181853184366147e6 pinf=0.0 (0) dinf=3.651485169816206e9 (10997) time=124.108199319s
[ Info: iter=4897 obj=1.4181853184366147e6 pinf=0.0 (0) dinf=4.776738704198495e9 (11008) time=124.291592418s
[ Info: iter=4898 obj=1.4181853184366147e6 pinf=0.0 (0) dinf=4.651893595024103e9 (11008) time=124.479594316s
[ Info: iter=4899 obj=1.4181853184366147e6 pinf=0.0 (0) dinf=4.529222105254157e9 (11009) time=124.665215815s
[ Info: iter=4900 obj=1.4181853184366147e6 pinf=0.0 (0) dinf=4.526545693612071e9 (11007) time=124.850058914s
[ Info: iter=4901 obj=1.4181853184366147e6 pinf=0.0 (0) dinf=4.525964939530748e9 (11006) time=125.031517913s
[ Info: iter=4902 obj=1.4181853184366147e6 pinf=0.0 (0) dinf=4.400243268613246e9 (11006) time=125.226592612s
[ Info: iter=4903 obj=1.4181853184366147e6 pinf=0.0 (0) dinf=4.277571780817403e9 (11008) time=125.410359411s
[ Info: iter=4904 obj=1.4181853184366147e6 pinf=0.0 (0) dinf=4.275012172790648e9 (11006) time=125.59960501s
[ Info: iter=4905 obj=1.4181853184366147e6 pinf=0.0 (0) dinf=3.9628673638999224e9 (11005) time=125.784850609s
[ Info: iter=4906 obj=1.4181853184366147e6 pinf=0.0 (0) dinf=3.941344631043564e9 (11004) time=125.978553308s
[ Info: iter=4907 obj=1.4181853184366147e6 pinf=0.0 (0) dinf=4.12738369961647e9 (11004) time=126.156007507s
[ Info: iter=4908 obj=1.4181853184366147e6 pinf=0.0 (0) dinf=4.0846462223718476e9 (11003) time=126.340247606s
[ Info: iter=4909 obj=1.4181853184366147e6 pinf=0.0 (0) dinf=3.9447511573992095e9 (11004) time=126.527922104s
[ Info: iter=4910 obj=1.4181853184366147e6 pinf=0.0 (0) dinf=3.9447309364937468e9 (11001) time=126.706165503s
[ Info: iter=4911 obj=1.4181853184366147e6 pinf=0.0 (0) dinf=3.944524247335319e9 (11000) time=126.886061202s
[ Info: iter=4912 obj=1.4181853184366147e6 pinf=0.0 (0) dinf=4.1348291331213374e9 (11000) time=127.073032801s
[ Info: iter=4913 obj=1.4181853184366147e6 pinf=0.0 (0) dinf=3.610360710028545e9 (10993) time=127.2578584s
[ Info: iter=4914 obj=1.4181853184366147e6 pinf=0.0 (0) dinf=3.58423773072973e9 (10992) time=127.441096399s
[ Info: iter=4915 obj=1.4181853184366147e6 pinf=0.0 (0) dinf=5.937069389958568e9 (11009) time=127.629937398s
[ Info: iter=4916 obj=1.4181853184366147e6 pinf=0.0 (0) dinf=7.651954148280628e9 (11009) time=127.815175797s
[ Info: iter=4917 obj=1.4181853184366147e6 pinf=0.0 (0) dinf=4.496442307862879e9 (10995) time=128.002333996s
[ Info: iter=4918 obj=1.4181853184366147e6 pinf=0.0 (0) dinf=4.0117254555495596e9 (11001) time=128.190672795s
[ Info: iter=4919 obj=1.4181853184366147e6 pinf=0.0 (0) dinf=4.1141304267894588e9 (11003) time=128.384326294s
[ Info: iter=4999 obj=1.4181853184212642e6 pinf=0.0 (0) dinf=4.277202374053651e9 (10992) time=128.685399592s
PROGRESS iter=5000 refs=519 pinf=0.0 working_objective=605524.4037316674
[ Info: iter=5079 obj=1.4181853184212642e6 pinf=0.0 (0) dinf=4.4329460999729595e9 (10950) time=128.932429591s
[ Info: iter=5159 obj=1.418185318395671e6 pinf=0.0 (0) dinf=6.605286352983328e9 (10936) time=129.187357189s
[ Info: iter=5165 obj=1.418185318395671e6 pinf=0.0 (0) dinf=4.822954290859181e9 (10917) time=129.352549088s
[ Info: iter=5166 obj=1.418185318433575e6 pinf=0.0 (0) dinf=1.1532264794628548e10 (10916) time=129.547389987s
[ Info: iter=5215 obj=1.418185318292644e6 pinf=0.0 (0) dinf=1.1454183841391222e10 (10915) time=132.531086375s
[ Info: iter=5223 obj=1.418185318292644e6 pinf=0.0 (0) dinf=4.130419527793709e10 (10925) time=132.911209684s
[ Info: iter=5224 obj=1.418185318292644e6 pinf=0.0 (0) dinf=3.713988161409899e10 (10925) time=133.079477888s
[ Info: iter=5225 obj=1.418185318292644e6 pinf=0.0 (0) dinf=3.714207714846188e10 (10926) time=133.235875692s
[ Info: iter=5227 obj=1.418185318292644e6 pinf=0.0 (0) dinf=3.6998224601031204e10 (10926) time=133.404810996s
[ Info: iter=5229 obj=1.418185318292644e6 pinf=0.0 (0) dinf=3.684544532571604e10 (10926) time=133.5747695s
[ Info: iter=5231 obj=1.418185318292644e6 pinf=0.0 (0) dinf=3.668471089162015e10 (10926) time=133.748211304s
[ Info: iter=5232 obj=1.418185318292644e6 pinf=0.0 (0) dinf=3.659014578151607e10 (10929) time=133.917995209s
[ Info: iter=5233 obj=1.418185318292644e6 pinf=0.0 (0) dinf=3.658346140586635e10 (10926) time=134.084389113s
[ Info: iter=5237 obj=1.418185318292644e6 pinf=0.0 (0) dinf=3.4321778101471943e10 (10921) time=134.256718017s
[ Info: iter=5238 obj=1.418185318292644e6 pinf=0.0 (0) dinf=3.52219633836713e10 (10923) time=134.444017921s
[ Info: iter=5240 obj=1.418185318292644e6 pinf=0.0 (0) dinf=3.515171667158784e10 (10922) time=134.620755926s
[ Info: iter=5241 obj=1.418185318292644e6 pinf=0.0 (0) dinf=3.4772027678002144e10 (10923) time=134.79355943s
[ Info: iter=5242 obj=1.418185318292644e6 pinf=0.0 (0) dinf=3.473408396136345e10 (10916) time=134.964384134s
[ Info: iter=5243 obj=1.418185318292644e6 pinf=0.0 (0) dinf=3.4690876657655685e10 (10913) time=135.137343138s
[ Info: iter=5244 obj=1.418185318292644e6 pinf=0.0 (0) dinf=3.382559831507628e10 (10913) time=135.312317943s
[ Info: iter=5245 obj=1.418185318292644e6 pinf=0.0 (0) dinf=3.381441862987884e10 (10908) time=135.476243347s
[ Info: iter=5246 obj=1.418185318292644e6 pinf=0.0 (0) dinf=3.378603084333895e10 (10906) time=135.641895951s
[ Info: iter=5247 obj=1.418185318292644e6 pinf=0.0 (0) dinf=3.3497889896840324e10 (10909) time=135.807792855s
[ Info: iter=5248 obj=1.418185318292644e6 pinf=0.0 (0) dinf=3.3492610192240166e10 (10904) time=135.976090959s
[ Info: iter=5249 obj=1.418185318292644e6 pinf=0.0 (0) dinf=3.348098022869766e10 (10905) time=136.175541864s
[ Info: iter=5250 obj=1.418185318292644e6 pinf=0.0 (0) dinf=3.346935026562574e10 (10905) time=136.359669368s
[ Info: iter=5251 obj=1.418185318292644e6 pinf=0.0 (0) dinf=3.3457720302553818e10 (10905) time=136.527576072s
[ Info: iter=5252 obj=1.418185318292644e6 pinf=0.0 (0) dinf=3.34460903394819e10 (10905) time=136.695740076s
[ Info: iter=5253 obj=1.418185318292644e6 pinf=0.0 (0) dinf=3.4037313394925037e10 (10905) time=136.871352681s
[ Info: iter=5254 obj=1.418185318292644e6 pinf=0.0 (0) dinf=3.4025683427180294e10 (10906) time=137.040171685s
[ Info: iter=5255 obj=1.418185318292644e6 pinf=0.0 (0) dinf=3.450278914160511e10 (10900) time=137.216356089s
[ Info: iter=5256 obj=1.418185318292644e6 pinf=0.0 (0) dinf=3.652355053553095e10 (10902) time=137.387254693s
[ Info: iter=5257 obj=1.418185318292644e6 pinf=0.0 (0) dinf=3.584535738543641e10 (10902) time=137.555891697s
[ Info: iter=5258 obj=1.418185318292644e6 pinf=0.0 (0) dinf=3.516823276607884e10 (10902) time=137.720207601s
[ Info: iter=5259 obj=1.418185318292644e6 pinf=0.0 (0) dinf=3.449115916782187e10 (10902) time=137.895243606s
[ Info: iter=5260 obj=1.418185318292644e6 pinf=0.0 (0) dinf=3.446261953744553e10 (10900) time=138.08641261s
[ Info: iter=5261 obj=1.418185318292644e6 pinf=0.0 (0) dinf=3.359734119549688e10 (10899) time=138.262175714s
[ Info: iter=5262 obj=1.418185318292644e6 pinf=0.0 (0) dinf=3.3557773722799732e10 (10892) time=138.435002919s
[ Info: iter=5263 obj=1.418185318292644e6 pinf=0.0 (0) dinf=3.3540565617601128e10 (10891) time=138.612746823s
[ Info: iter=5264 obj=1.418185318292644e6 pinf=0.0 (0) dinf=3.350614940856696e10 (10889) time=138.780870427s
[ Info: iter=5265 obj=1.418185318292644e6 pinf=0.0 (0) dinf=3.350614940847312e10 (10888) time=138.954704231s
[ Info: iter=5266 obj=1.418185318292644e6 pinf=0.0 (0) dinf=3.350614940847312e10 (10887) time=139.151432936s
[ Info: iter=5267 obj=1.418185318292644e6 pinf=0.0 (0) dinf=3.3391201974989086e10 (10890) time=139.334430941s
[ Info: iter=5268 obj=1.418185318292644e6 pinf=0.0 (0) dinf=3.327625454150505e10 (10893) time=139.517984045s
[ Info: iter=5269 obj=1.418185318292644e6 pinf=0.0 (0) dinf=3.3161307108021015e10 (10896) time=139.70768605s
[ Info: iter=5270 obj=1.418185318292644e6 pinf=0.0 (0) dinf=3.304635967453698e10 (10899) time=139.891430954s
[ Info: iter=5271 obj=1.418185318292644e6 pinf=0.0 (0) dinf=3.2931412241052944e10 (10902) time=140.074956959s
[ Info: iter=5272 obj=1.418185318292644e6 pinf=0.0 (0) dinf=3.2925474964819977e10 (10899) time=140.256191063s
[ Info: iter=5273 obj=1.418185318292644e6 pinf=0.0 (0) dinf=3.291964638570314e10 (10896) time=140.442321684s
[ Info: iter=5274 obj=1.418185318292644e6 pinf=0.0 (0) dinf=3.29138178065863e10 (10893) time=140.627524443s
[ Info: iter=5275 obj=1.418185318292644e6 pinf=0.0 (0) dinf=3.290798922746946e10 (10890) time=140.812402701s
[ Info: iter=5276 obj=1.418185318292644e6 pinf=0.0 (0) dinf=3.2902073016569088e10 (10887) time=140.991955458s
[ Info: iter=5277 obj=1.418185318292644e6 pinf=0.0 (0) dinf=3.24824922101985e10 (10889) time=141.168686814s
[ Info: iter=5278 obj=1.418185318292644e6 pinf=0.0 (0) dinf=3.248762796095516e10 (10886) time=141.332639966s
[ Info: iter=5279 obj=1.418185318292644e6 pinf=0.0 (0) dinf=3.2461815805301792e10 (10883) time=141.516378624s
[ Info: iter=5280 obj=1.418185318292644e6 pinf=0.0 (0) dinf=3.2160188977131508e10 (10885) time=141.698712882s
[ Info: iter=5281 obj=1.418185318292644e6 pinf=0.0 (0) dinf=3.2157894897702007e10 (10882) time=141.868213136s
[ Info: iter=5282 obj=1.418185318292644e6 pinf=0.0 (0) dinf=3.2152844693362514e10 (10881) time=142.036935889s
[ Info: iter=5283 obj=1.418185318292644e6 pinf=0.0 (0) dinf=3.213769408050354e10 (10878) time=142.219101147s
[ Info: iter=5284 obj=1.418185318292644e6 pinf=0.0 (0) dinf=3.1768198432030827e10 (10880) time=142.401324005s
[ Info: iter=5285 obj=1.418185318292644e6 pinf=0.0 (0) dinf=3.174861181480321e10 (10878) time=142.595537766s
[ Info: iter=5286 obj=1.418185318292644e6 pinf=0.0 (0) dinf=3.1379116166331646e10 (10880) time=142.774234523s
[ Info: iter=5287 obj=1.418185318292644e6 pinf=0.0 (0) dinf=3.1361282274568596e10 (10878) time=142.958314181s
[ Info: iter=5288 obj=1.418185318292644e6 pinf=0.0 (0) dinf=3.0958909572016193e10 (10880) time=143.14554074s
[ Info: iter=5289 obj=1.418185318292644e6 pinf=0.0 (0) dinf=3.097183819460486e10 (10877) time=143.314861894s
[ Info: iter=5290 obj=1.418185318292644e6 pinf=0.0 (0) dinf=3.093311996085242e10 (10874) time=143.497721952s
[ Info: iter=5291 obj=1.418185318292644e6 pinf=0.0 (0) dinf=3.063149313270361e10 (10876) time=143.686359512s
[ Info: iter=5292 obj=1.418185318292644e6 pinf=0.0 (0) dinf=3.0629426260830788e10 (10873) time=143.861573767s
[ Info: iter=5293 obj=1.418185318292644e6 pinf=0.0 (0) dinf=3.0612208776718052e10 (10870) time=144.025957919s
[ Info: iter=5294 obj=1.418185318292644e6 pinf=0.0 (0) dinf=3.0268370282355343e10 (10872) time=144.208755077s
[ Info: iter=5295 obj=1.418185318292644e6 pinf=0.0 (0) dinf=3.02527838700268e10 (10870) time=144.402420838s
[ Info: iter=5296 obj=1.418185318292644e6 pinf=0.0 (0) dinf=2.9952654992327545e10 (10872) time=144.5978426s
[ Info: iter=5297 obj=1.418185318292644e6 pinf=0.0 (0) dinf=2.9945319809266277e10 (10870) time=144.788440161s
[ Info: iter=5298 obj=1.418185318292644e6 pinf=0.0 (0) dinf=2.992811170482708e10 (10869) time=144.970511018s
[ Info: iter=5299 obj=1.418185318292644e6 pinf=0.0 (0) dinf=2.9893695497320374e10 (10867) time=145.150135175s
[ Info: iter=5300 obj=1.418185318292644e6 pinf=0.0 (0) dinf=2.9801695051747276e10 (10869) time=145.336024734s
[ Info: iter=5301 obj=1.418185318292644e6 pinf=0.0 (0) dinf=2.980038156863202e10 (10868) time=145.515954191s
[ Info: iter=5302 obj=1.418185318292644e6 pinf=0.0 (0) dinf=2.9795291902368843e10 (10866) time=145.712278853s
[ Info: iter=5303 obj=1.418185318292644e6 pinf=0.0 (0) dinf=2.9728963176059902e10 (10868) time=145.89268551s
[ Info: iter=5304 obj=1.418185318292644e6 pinf=0.0 (0) dinf=2.972805772427289e10 (10867) time=146.066539065s
[ Info: iter=5305 obj=1.418185318292644e6 pinf=0.0 (0) dinf=2.972420549448768e10 (10865) time=146.246103022s
[ Info: iter=5306 obj=1.418185318292644e6 pinf=0.0 (0) dinf=2.967668081226767e10 (10868) time=146.42696778s
[ Info: iter=5307 obj=1.418185318292644e6 pinf=0.0 (0) dinf=2.9672481821801155e10 (10865) time=146.620800841s
[ Info: iter=5308 obj=1.418185318292644e6 pinf=0.0 (0) dinf=2.9698316522214947e10 (10866) time=146.804385299s
[ Info: iter=5309 obj=1.418185318292644e6 pinf=0.0 (0) dinf=2.9665183925096966e10 (10870) time=146.992103859s
[ Info: iter=5310 obj=1.418185318292644e6 pinf=0.0 (0) dinf=2.9662963454954636e10 (10867) time=147.166546314s
[ Info: iter=5311 obj=1.418185318292644e6 pinf=0.0 (0) dinf=2.9662960184130775e10 (10864) time=147.349373472s
[ Info: iter=5319 obj=1.418185318292644e6 pinf=0.0 (0) dinf=2.9557241113799515e10 (10862) time=147.900641712s
[ Info: iter=5320 obj=1.418185318292644e6 pinf=0.0 (0) dinf=2.988892598117369e10 (10857) time=148.085680012s
[ Info: iter=5321 obj=1.418185318292644e6 pinf=0.0 (0) dinf=2.9557238664742878e10 (10856) time=148.260930612s
[ Info: iter=5322 obj=1.418185318292644e6 pinf=0.0 (0) dinf=3.0160456447168293e10 (10854) time=148.451827612s
[ Info: iter=5327 obj=1.418185318292644e6 pinf=0.0 (0) dinf=3.0394816988232605e10 (10849) time=148.756884812s
[ Info: iter=5328 obj=1.418185318292644e6 pinf=0.0 (0) dinf=3.045602865516458e10 (10843) time=148.949261613s
[ Info: iter=5329 obj=1.418185318292644e6 pinf=0.0 (0) dinf=3.0278240012814274e10 (10847) time=149.137058713s
[ Info: iter=5330 obj=1.418185318292644e6 pinf=0.0 (0) dinf=3.024464888086169e10 (10848) time=149.307911213s
[ Info: iter=5331 obj=1.418185318292644e6 pinf=0.0 (0) dinf=3.024451531385846e10 (10845) time=149.492282513s
[ Info: iter=5332 obj=1.418185318292644e6 pinf=0.0 (0) dinf=3.0278293810457325e10 (10846) time=149.680680813s
[ Info: iter=5333 obj=1.418185318292644e6 pinf=0.0 (0) dinf=3.0436426084149746e10 (10849) time=149.881276314s
[ Info: iter=5334 obj=1.418185318292644e6 pinf=0.0 (0) dinf=3.0387878470249344e10 (10850) time=150.087027414s
[ Info: iter=5335 obj=1.418185318292644e6 pinf=0.0 (0) dinf=3.022974620288795e10 (10843) time=150.277702614s
[ Info: iter=5336 obj=1.418185318292644e6 pinf=0.0 (0) dinf=3.0387878485636097e10 (10848) time=150.463083314s
[ Info: iter=5337 obj=1.418185318292644e6 pinf=0.0 (0) dinf=3.0362400694430977e10 (10846) time=150.664264714s
[ Info: iter=5338 obj=1.418185318292644e6 pinf=0.0 (0) dinf=3.0387878480566746e10 (10844) time=150.861981715s
[ Info: iter=5339 obj=1.418185318292644e6 pinf=0.0 (0) dinf=3.038787846736305e10 (10841) time=151.058209215s
[ Info: iter=5340 obj=1.418185318292644e6 pinf=0.0 (0) dinf=3.0387878454159275e10 (10838) time=151.248913215s
[ Info: iter=5341 obj=1.418185318292644e6 pinf=0.0 (0) dinf=3.025873177809608e10 (10838) time=151.443650815s
[ Info: iter=5342 obj=1.418185318292644e6 pinf=0.0 (0) dinf=3.0127248042120983e10 (10835) time=151.639747315s
[ Info: iter=5343 obj=1.418185318292644e6 pinf=0.0 (0) dinf=3.0258731774132236e10 (10834) time=151.842428216s
[ Info: iter=5344 obj=1.418185318292644e6 pinf=0.0 (0) dinf=3.086195229008504e10 (10831) time=152.044170716s
[ Info: iter=5346 obj=1.418185318292644e6 pinf=0.0 (0) dinf=3.0256240549094513e10 (10832) time=152.282710816s
[ Info: iter=5351 obj=1.418185318292644e6 pinf=0.0 (0) dinf=3.032206377776939e10 (10835) time=152.534321716s
[ Info: iter=5352 obj=1.418185318292644e6 pinf=0.0 (0) dinf=3.031601045908648e10 (10835) time=152.700891117s
[ Info: iter=5353 obj=1.418185318292644e6 pinf=0.0 (0) dinf=3.03046605694641e10 (10839) time=152.875936817s
[ Info: iter=5354 obj=1.418185318292644e6 pinf=0.0 (0) dinf=3.0303992276899464e10 (10835) time=153.047136417s
[ Info: iter=5355 obj=1.418185318292644e6 pinf=0.0 (0) dinf=2.9687459450699833e10 (10836) time=153.241994417s
[ Info: iter=5357 obj=1.418185318292644e6 pinf=0.0 (0) dinf=2.979285371768588e10 (10843) time=153.453535117s
[ Info: iter=5358 obj=1.418185318292644e6 pinf=0.0 (0) dinf=2.9780924477961094e10 (10841) time=153.624926218s
[ Info: iter=5359 obj=1.418185318292644e6 pinf=0.0 (0) dinf=3.4081770111320766e10 (10848) time=153.827483118s
[ Info: iter=5360 obj=1.418185318292644e6 pinf=0.0 (0) dinf=3.3656227804890472e10 (10847) time=154.027210018s
[ Info: iter=5361 obj=1.418185318292644e6 pinf=0.0 (0) dinf=3.3721031835184036e10 (10845) time=154.220458318s
[ Info: iter=5362 obj=1.418185318292644e6 pinf=0.0 (0) dinf=3.320679441025454e10 (10843) time=154.427312418s
[ Info: iter=5363 obj=1.418185318292644e6 pinf=0.0 (0) dinf=3.336029355304531e10 (10843) time=154.637241619s
[ Info: iter=5364 obj=1.418185318292644e6 pinf=0.0 (0) dinf=3.2999555270906586e10 (10840) time=154.851996519s
[ Info: iter=5365 obj=1.418185318292644e6 pinf=0.0 (0) dinf=3.2640990092082684e10 (10838) time=155.051420919s
[ Info: iter=5366 obj=1.418185318292644e6 pinf=0.0 (0) dinf=3.1932938228552834e10 (10838) time=155.254619319s
[ Info: iter=5367 obj=1.418185318292644e6 pinf=0.0 (0) dinf=3.1327984043243298e10 (10840) time=155.46044782s
[ Info: iter=5368 obj=1.418185318292644e6 pinf=0.0 (0) dinf=3.099943706834557e10 (10845) time=155.66873392s
[ Info: iter=5369 obj=1.418185318292644e6 pinf=0.0 (0) dinf=3.030818383813879e10 (10843) time=155.88909312s
[ Info: iter=5370 obj=1.418185318292644e6 pinf=0.0 (0) dinf=3.0257911835526524e10 (10849) time=156.08199712s
[ Info: iter=5372 obj=1.418185318434474e6 pinf=0.0 (0) dinf=3.4221114406966965e10 (10785) time=156.28468952s
[ Info: iter=5373 obj=1.418185318434474e6 pinf=0.0 (0) dinf=3.466282709627338e10 (10784) time=156.464663725s
[ Info: iter=5374 obj=1.418185318434474e6 pinf=0.0 (0) dinf=3.384966855196895e10 (10779) time=156.664767041s
[ Info: iter=5375 obj=1.418185318434474e6 pinf=0.0 (0) dinf=3.565578689512434e10 (10780) time=156.851011357s
[ Info: iter=5376 obj=1.418185318434474e6 pinf=0.0 (0) dinf=3.5630691683241196e10 (10780) time=157.050702173s
[ Info: iter=5377 obj=1.418185318434474e6 pinf=0.0 (0) dinf=3.5630691683241196e10 (10780) time=157.232215388s
[ Info: iter=5378 obj=1.418185318434474e6 pinf=0.0 (0) dinf=3.5630691683241196e10 (10780) time=157.411331003s
[ Info: iter=5379 obj=1.418185318434474e6 pinf=0.0 (0) dinf=3.5630691683241196e10 (10780) time=157.599578419s
[ Info: iter=5380 obj=1.418185318434474e6 pinf=0.0 (0) dinf=3.5630691683241196e10 (10780) time=157.786486534s
[ Info: iter=5381 obj=1.418185318434474e6 pinf=0.0 (0) dinf=3.543974983150825e10 (10779) time=157.97618255s
[ Info: iter=5382 obj=1.418185318434474e6 pinf=0.0 (0) dinf=3.7254102148029015e10 (10780) time=158.164249665s
[ Info: iter=5383 obj=1.418185318434474e6 pinf=0.0 (0) dinf=3.722077296278049e10 (10780) time=158.357425481s
[ Info: iter=5384 obj=1.418185318434474e6 pinf=0.0 (0) dinf=3.721993339523053e10 (10780) time=158.552696997s
[ Info: iter=5385 obj=1.418185318434474e6 pinf=0.0 (0) dinf=3.725127233933671e10 (10781) time=158.776272116s
[ Info: iter=5386 obj=1.418185318434474e6 pinf=0.0 (0) dinf=3.725127233854144e10 (10781) time=158.992664734s
[ Info: iter=5387 obj=1.418185318434474e6 pinf=0.0 (0) dinf=3.721912052325413e10 (10785) time=159.207451151s
[ Info: iter=5388 obj=1.418185318434474e6 pinf=0.0 (0) dinf=3.7217040478088165e10 (10782) time=159.420280169s
[ Info: iter=5389 obj=1.418185318434474e6 pinf=0.0 (0) dinf=3.721704047740216e10 (10782) time=159.641038287s
[ Info: iter=5390 obj=1.418185318434474e6 pinf=0.0 (0) dinf=3.725629022121953e10 (10783) time=159.863259506s
[ Info: iter=5391 obj=1.418185318434474e6 pinf=0.0 (0) dinf=3.727451331681876e10 (10783) time=160.080436824s
[ Info: iter=5392 obj=1.418185318434474e6 pinf=0.0 (0) dinf=3.727028241196802e10 (10781) time=160.302557742s
[ Info: iter=5393 obj=1.418185318434474e6 pinf=0.0 (0) dinf=3.7244782819566826e10 (10781) time=160.52154236s
[ Info: iter=5394 obj=1.418185318434474e6 pinf=0.0 (0) dinf=3.724478281877157e10 (10781) time=160.75930518s
[ Info: iter=5395 obj=1.418185318434474e6 pinf=0.0 (0) dinf=3.7258532970822136e10 (10782) time=160.972860997s
[ Info: iter=5396 obj=1.418185318434474e6 pinf=0.0 (0) dinf=3.7276756066113144e10 (10783) time=161.193952416s
[ Info: iter=5397 obj=1.418185318434474e6 pinf=0.0 (0) dinf=3.726852739214316e10 (10781) time=161.414978734s
[ Info: iter=5398 obj=1.418185318434474e6 pinf=0.0 (0) dinf=3.726852739145715e10 (10781) time=161.637507352s
[ Info: iter=5399 obj=1.418185318434474e6 pinf=0.0 (0) dinf=3.729627958272345e10 (10783) time=161.864928371s
[ Info: iter=5400 obj=1.418185318434474e6 pinf=0.0 (0) dinf=3.728270651278168e10 (10784) time=162.08890399s
[ Info: iter=5401 obj=1.418185318434474e6 pinf=0.0 (0) dinf=3.7248149673053276e10 (10781) time=162.312184908s
[ Info: iter=5402 obj=1.418185318434474e6 pinf=0.0 (0) dinf=3.725443608485018e10 (10782) time=162.57364283s
[ Info: iter=5403 obj=1.418185318434474e6 pinf=0.0 (0) dinf=3.728728641250275e10 (10783) time=162.811397249s
[ Info: iter=5404 obj=1.418185318434474e6 pinf=0.0 (0) dinf=3.726043891156965e10 (10783) time=163.045366869s
[ Info: iter=5405 obj=1.418185318434474e6 pinf=0.0 (0) dinf=3.726043891088365e10 (10783) time=163.280220188s
[ Info: iter=5406 obj=1.418185318434474e6 pinf=0.0 (0) dinf=3.7245216135567955e10 (10781) time=163.510588507s
[ Info: iter=5407 obj=1.418185318434474e6 pinf=0.0 (0) dinf=3.724521613449919e10 (10781) time=163.750041427s
[ Info: iter=5408 obj=1.418185318434474e6 pinf=0.0 (0) dinf=3.724521613343042e10 (10781) time=163.978344246s
[ Info: iter=5409 obj=1.418185318434474e6 pinf=0.0 (0) dinf=3.725993478555728e10 (10782) time=164.206963765s
[ Info: iter=5410 obj=1.418185318434474e6 pinf=0.0 (0) dinf=3.725382124609198e10 (10780) time=164.450453084s
[ Info: iter=5411 obj=1.418185318434474e6 pinf=0.0 (0) dinf=3.725382124540598e10 (10780) time=164.679456788s
[ Info: iter=5412 obj=1.418185318434474e6 pinf=0.0 (0) dinf=3.726187025038777e10 (10781) time=164.927779392s
[ Info: iter=5413 obj=1.418185318434474e6 pinf=0.0 (0) dinf=3.72612375394041e10 (10779) time=165.160502696s
[ Info: iter=5414 obj=1.418185318434474e6 pinf=0.0 (0) dinf=3.725990666063546e10 (10777) time=165.393853501s
[ Info: iter=5415 obj=1.418185318434474e6 pinf=0.0 (0) dinf=3.727365681104488e10 (10777) time=165.646141605s
[ Info: iter=5416 obj=1.418185318434474e6 pinf=0.0 (0) dinf=3.7287406961451866e10 (10777) time=165.88905031s
[ Info: iter=5417 obj=1.418185318434474e6 pinf=0.0 (0) dinf=3.728740696058994e10 (10777) time=166.141211514s
[ Info: iter=5418 obj=1.418185318434474e6 pinf=0.0 (0) dinf=3.7287406959522575e10 (10777) time=166.396006219s
[ Info: iter=5419 obj=1.418185318434474e6 pinf=0.0 (0) dinf=3.728740695845054e10 (10777) time=166.653760823s
[ Info: iter=5420 obj=1.418185318434474e6 pinf=0.0 (0) dinf=3.728740695738177e10 (10777) time=166.913190228s
[ Info: iter=5421 obj=1.418185318434474e6 pinf=0.0 (0) dinf=3.728740695600977e10 (10777) time=167.165973133s
[ Info: iter=5422 obj=1.418185318434474e6 pinf=0.0 (0) dinf=3.728740695463778e10 (10777) time=167.420396737s
[ Info: iter=5423 obj=1.418185318434474e6 pinf=0.0 (0) dinf=3.728740695326577e10 (10777) time=167.667317042s
[ Info: iter=5424 obj=1.418185318434474e6 pinf=0.0 (0) dinf=3.7287406951893776e10 (10777) time=167.913555246s
[ Info: iter=5428 obj=1.418185318434474e6 pinf=0.0 (0) dinf=4.808055505744754e10 (10788) time=168.177645451s
[ Info: iter=5429 obj=1.418185318434474e6 pinf=0.0 (0) dinf=4.808055437669073e10 (10787) time=168.395932655s
[ Info: iter=5430 obj=1.418185318434474e6 pinf=0.0 (0) dinf=4.807156546037039e10 (10790) time=168.628417659s
[ Info: iter=5434 obj=1.418185318434474e6 pinf=0.0 (0) dinf=3.727467256826646e10 (10782) time=168.912174264s
[ Info: iter=5435 obj=1.418185318434474e6 pinf=0.0 (0) dinf=3.732066881854241e10 (10780) time=169.127924468s
[ Info: iter=5436 obj=1.418185318434474e6 pinf=0.0 (0) dinf=3.730981685549035e10 (10780) time=169.359387372s
[ Info: iter=5437 obj=1.418185318434474e6 pinf=0.0 (0) dinf=3.73091719699416e10 (10780) time=169.599662177s
[ Info: iter=5438 obj=1.418185318434474e6 pinf=0.0 (0) dinf=3.728589200966466e10 (10777) time=169.871933081s
[ Info: iter=5439 obj=1.418185318434474e6 pinf=0.0 (0) dinf=3.727976599762351e10 (10779) time=170.117780686s
[ Info: iter=5440 obj=1.418185318434474e6 pinf=0.0 (0) dinf=4.9939160823685295e10 (10795) time=170.375529791s
[ Info: iter=5441 obj=1.418185318434474e6 pinf=0.0 (0) dinf=4.9879545370172226e10 (10794) time=170.588454494s
[ Info: iter=5442 obj=1.418185318434474e6 pinf=0.0 (0) dinf=4.97453898106447e10 (10794) time=170.851778799s
[ Info: iter=5443 obj=1.418185318434474e6 pinf=0.0 (0) dinf=4.970241047249656e10 (10792) time=171.108649404s
[ Info: iter=5444 obj=1.418185318434474e6 pinf=0.0 (0) dinf=5.153201596228767e10 (10792) time=171.338717408s
[ Info: iter=5445 obj=1.418185318434474e6 pinf=0.0 (0) dinf=5.084141442631169e10 (10789) time=171.551250112s
[ Info: iter=5446 obj=1.418185318434474e6 pinf=0.0 (0) dinf=5.124574305265155e10 (10788) time=171.761906716s
[ Info: iter=5447 obj=1.418185318434474e6 pinf=0.0 (0) dinf=5.3866570201416695e10 (10789) time=171.974124519s
[ Info: iter=5448 obj=1.418185318434474e6 pinf=0.0 (0) dinf=6.081487554117174e10 (10787) time=172.155866823s
[ Info: iter=5449 obj=1.418185318434474e6 pinf=0.0 (0) dinf=6.0498032999301544e10 (10785) time=172.339217426s
[ Info: iter=5450 obj=1.418185318434474e6 pinf=0.0 (0) dinf=6.004015539587662e10 (10784) time=172.521475129s
[ Info: iter=5451 obj=1.418185318434474e6 pinf=0.0 (0) dinf=6.146069576288925e10 (10784) time=172.771501831s
[ Info: iter=5452 obj=1.418185318434474e6 pinf=0.0 (0) dinf=6.1460695762093994e10 (10784) time=173.047657134s
[ Info: iter=5453 obj=1.418185318434474e6 pinf=0.0 (0) dinf=6.146669858703154e10 (10784) time=173.321189637s
[ Info: iter=5454 obj=1.418185318434474e6 pinf=0.0 (0) dinf=6.146669858634555e10 (10784) time=173.59355214s
[ Info: iter=5455 obj=1.418185318434474e6 pinf=0.0 (0) dinf=6.147371096155658e10 (10782) time=173.872043042s
[ Info: iter=5456 obj=1.418185318434474e6 pinf=0.0 (0) dinf=6.1473710959966064e10 (10782) time=174.138806245s
[ Info: iter=5457 obj=1.418185318434474e6 pinf=0.0 (0) dinf=6.262340400850567e10 (10783) time=174.414183448s
[ Info: iter=5458 obj=1.418185318434474e6 pinf=0.0 (0) dinf=6.262340400713366e10 (10783) time=174.694422851s
[ Info: iter=5459 obj=1.418185318434474e6 pinf=0.0 (0) dinf=6.26220933851948e10 (10782) time=174.992039654s
[ Info: iter=5460 obj=1.418185318434474e6 pinf=0.0 (0) dinf=6.263211918009193e10 (10782) time=175.277563656s
[ Info: iter=5461 obj=1.418185318434474e6 pinf=0.0 (0) dinf=6.261779496690604e10 (10779) time=175.558862059s
[ Info: iter=5462 obj=1.418185318434474e6 pinf=0.0 (0) dinf=6.262154156523088e10 (10780) time=175.839358662s
[ Info: iter=5463 obj=1.418185318434474e6 pinf=0.0 (0) dinf=6.26185966407715e10 (10779) time=176.124334265s
[ Info: iter=5464 obj=1.418185318434474e6 pinf=0.0 (0) dinf=6.262256049514769e10 (10780) time=176.405473268s
[ Info: iter=5465 obj=1.418185318434474e6 pinf=0.0 (0) dinf=6.261938984449521e10 (10780) time=176.688502271s
[ Info: iter=5466 obj=1.418185318434474e6 pinf=0.0 (0) dinf=6.262289513756856e10 (10781) time=176.978283874s
[ Info: iter=5467 obj=1.418185318434474e6 pinf=0.0 (0) dinf=6.262017723918309e10 (10780) time=177.260596976s
[ Info: iter=5468 obj=1.418185318434474e6 pinf=0.0 (0) dinf=6.262104084051932e10 (10780) time=177.540523579s
[ Info: iter=5469 obj=1.418185318434474e6 pinf=0.0 (0) dinf=6.26236508581994e10 (10781) time=177.825112882s
[ Info: iter=5470 obj=1.418185318434474e6 pinf=0.0 (0) dinf=6.262190350364757e10 (10778) time=178.110890285s
[ Info: iter=5471 obj=1.418185318434474e6 pinf=0.0 (0) dinf=6.2625904893271866e10 (10779) time=178.399120888s
[ Info: iter=5472 obj=1.418185318434474e6 pinf=0.0 (0) dinf=6.262266278164929e10 (10779) time=178.691003891s
[ Info: iter=5473 obj=1.418185318434474e6 pinf=0.0 (0) dinf=6.275073867511508e10 (10780) time=178.988216694s
[ Info: iter=5474 obj=1.418185318434474e6 pinf=0.0 (0) dinf=6.2915131903091965e10 (10776) time=179.276875297s
[ Info: iter=5475 obj=1.418185318434474e6 pinf=0.0 (0) dinf=6.291644725360058e10 (10780) time=179.5659274s
[ Info: iter=5476 obj=1.418185318434474e6 pinf=0.0 (0) dinf=6.3884971717050255e10 (10789) time=179.847469002s
[ Info: iter=5477 obj=1.418185318434474e6 pinf=0.0 (0) dinf=6.361320257846382e10 (10790) time=180.132847605s
[ Info: iter=5478 obj=1.418185318434474e6 pinf=0.0 (0) dinf=6.3606878893510704e10 (10785) time=180.412183208s
[ Info: iter=5479 obj=1.418185318434474e6 pinf=0.0 (0) dinf=6.359361806273086e10 (10780) time=180.693853415s
[ Info: iter=5480 obj=1.418185318434474e6 pinf=0.0 (0) dinf=6.369364475713974e10 (10779) time=180.984470723s
[ Info: iter=5481 obj=1.418185318434474e6 pinf=0.0 (0) dinf=6.346095581890216e10 (10777) time=181.267250931s
[ Info: iter=5482 obj=1.418185318434474e6 pinf=0.0 (0) dinf=6.34644446780494e10 (10778) time=181.556390739s
[ Info: iter=5483 obj=1.418185318434474e6 pinf=0.0 (0) dinf=6.346793353719663e10 (10779) time=181.852428047s
[ Info: iter=5484 obj=1.418185318434474e6 pinf=0.0 (0) dinf=6.3471422396343864e10 (10780) time=182.152809356s
[ Info: iter=5485 obj=1.418185318434474e6 pinf=0.0 (0) dinf=6.3468594668835365e10 (10780) time=182.440860764s
[ Info: iter=5486 obj=1.418185318434474e6 pinf=0.0 (0) dinf=6.346576694132687e10 (10780) time=182.724284172s
[ Info: iter=5487 obj=1.418185318434474e6 pinf=0.0 (0) dinf=6.346293921381838e10 (10780) time=183.01749238s
[ Info: iter=5488 obj=1.418185318434474e6 pinf=0.0 (0) dinf=6.353524352551966e10 (10779) time=183.306443588s
[ Info: iter=5489 obj=1.418185318434474e6 pinf=0.0 (0) dinf=6.335876453147723e10 (10780) time=183.590715896s
[ Info: iter=5490 obj=1.418185318434474e6 pinf=0.0 (0) dinf=6.335713872953055e10 (10779) time=183.879460704s
[ Info: iter=5491 obj=1.418185318434474e6 pinf=0.0 (0) dinf=6.336233461678469e10 (10781) time=184.161694012s
[ Info: iter=5492 obj=1.418185318434474e6 pinf=0.0 (0) dinf=6.327603132240643e10 (10776) time=184.44480782s
[ Info: iter=5493 obj=1.418185318434474e6 pinf=0.0 (0) dinf=6.327952017884731e10 (10777) time=184.723059027s
[ Info: iter=5494 obj=1.418185318434474e6 pinf=0.0 (0) dinf=6.3276492575814285e10 (10777) time=185.009399735s
[ Info: iter=5495 obj=1.418185318434474e6 pinf=0.0 (0) dinf=6.3393395706587585e10 (10777) time=185.300060143s
[ Info: iter=5496 obj=1.418185318434474e6 pinf=0.0 (0) dinf=6.400176148161113e10 (10780) time=185.586819951s
[ Info: iter=5497 obj=1.418185318434474e6 pinf=0.0 (0) dinf=6.352978160128669e10 (10779) time=185.87585236s
[ Info: iter=5498 obj=1.418185318434474e6 pinf=0.0 (0) dinf=6.39274341442336e10 (10782) time=186.162585068s
[ Info: iter=5499 obj=1.418185318434474e6 pinf=0.0 (0) dinf=6.35777568655075e10 (10777) time=186.443337075s
[ Info: iter=5500 obj=1.418185318434474e6 pinf=0.0 (0) dinf=6.370035744576416e10 (10776) time=186.725411783s
[ Info: iter=5501 obj=1.418185318434474e6 pinf=0.0 (0) dinf=6.359156329207402e10 (10775) time=187.014574891s
[ Info: iter=5502 obj=1.418185318434474e6 pinf=0.0 (0) dinf=6.370203787818877e10 (10774) time=187.302579799s
[ Info: iter=5503 obj=1.418185318434474e6 pinf=0.0 (0) dinf=6.359077589459371e10 (10773) time=187.587228707s
[ Info: iter=5504 obj=1.418185318434474e6 pinf=0.0 (0) dinf=6.358946070126992e10 (10772) time=187.869359115s
[ Info: iter=5505 obj=1.418185318434474e6 pinf=0.0 (0) dinf=6.3592949556669914e10 (10773) time=188.154960723s
[ Info: iter=5506 obj=1.418185318434474e6 pinf=0.0 (0) dinf=6.35898739070261e10 (10773) time=188.441209731s
[ Info: iter=5507 obj=1.418185318434474e6 pinf=0.0 (0) dinf=6.371348061649638e10 (10772) time=188.729931237s
[ Info: iter=5508 obj=1.418185318434474e6 pinf=0.0 (0) dinf=6.385682562599358e10 (10769) time=189.015901643s
[ Info: iter=5509 obj=1.418185318434474e6 pinf=0.0 (0) dinf=6.360621079557406e10 (10773) time=189.306201649s
[ Info: iter=5510 obj=1.418185318434474e6 pinf=0.0 (0) dinf=6.36069031084516e10 (10774) time=189.587881854s
[ Info: iter=5511 obj=1.418185318434474e6 pinf=0.0 (0) dinf=6.360641310521525e10 (10774) time=189.88288606s
[ Info: iter=5512 obj=1.418185318434474e6 pinf=0.0 (0) dinf=6.359493884659466e10 (10774) time=190.166691866s
[ Info: iter=5513 obj=1.418185318434474e6 pinf=0.0 (0) dinf=6.393439399613509e10 (10764) time=190.449477071s
[ Info: iter=5514 obj=1.418185318434474e6 pinf=0.0 (0) dinf=6.393439399454458e10 (10764) time=190.733109377s
[ Info: iter=5515 obj=1.418185318434474e6 pinf=0.0 (0) dinf=6.393439399295405e10 (10764) time=191.018136083s
[ Info: iter=5516 obj=1.418185318434474e6 pinf=0.0 (0) dinf=6.393439399136353e10 (10764) time=191.305425688s
[ Info: iter=5517 obj=1.418185318434474e6 pinf=0.0 (0) dinf=6.3934393989773e10 (10764) time=191.596905294s
[ Info: iter=5518 obj=1.418185318434474e6 pinf=0.0 (0) dinf=6.393678742185319e10 (10767) time=191.8753895s
[ Info: iter=5519 obj=1.418185318434474e6 pinf=0.0 (0) dinf=6.396734662865855e10 (10766) time=192.156250705s
[ Info: iter=5520 obj=1.418185318434474e6 pinf=0.0 (0) dinf=6.3887470616723366e10 (10763) time=192.436796611s
[ Info: iter=5521 obj=1.418185318434474e6 pinf=0.0 (0) dinf=6.390039434176408e10 (10762) time=192.724494616s
[ Info: iter=5522 obj=1.418185318434474e6 pinf=0.0 (0) dinf=6.395886131576024e10 (10763) time=193.013009822s
[ Info: iter=5523 obj=1.418185318434474e6 pinf=0.0 (0) dinf=6.39222457007909e10 (10763) time=193.308664028s
[ Info: iter=5524 obj=1.418185318434474e6 pinf=0.0 (0) dinf=6.392224569941889e10 (10763) time=193.596865934s
[ Info: iter=5525 obj=1.418185318434474e6 pinf=0.0 (0) dinf=6.39222456980469e10 (10763) time=193.89466544s
[ Info: iter=5526 obj=1.418185318434474e6 pinf=0.0 (0) dinf=6.3922245696674904e10 (10763) time=194.189562546s
[ Info: iter=5527 obj=1.418185318438574e6 pinf=0.0 (0) dinf=6.3922245695302895e10 (10763) time=194.475980951s
[ Info: iter=5528 obj=1.418185318438574e6 pinf=0.0 (0) dinf=6.392054099036707e10 (10761) time=194.766597457s
[ Info: iter=5529 obj=1.418185318438574e6 pinf=0.0 (0) dinf=6.391975051787121e10 (10759) time=195.058788163s
[ Info: iter=5530 obj=1.418185318438574e6 pinf=0.0 (0) dinf=6.403665309723843e10 (10758) time=195.350153269s
[ Info: iter=5531 obj=1.418185318438574e6 pinf=0.0 (0) dinf=6.403665309770565e10 (10758) time=195.640092574s
[ Info: iter=5532 obj=1.418185318438574e6 pinf=0.0 (0) dinf=6.403664793647364e10 (10759) time=195.92833778s
[ Info: iter=5533 obj=1.418185318438574e6 pinf=0.0 (0) dinf=6.464498419282577e10 (10758) time=196.216011586s
[ Info: iter=5534 obj=1.418185318438574e6 pinf=0.0 (0) dinf=6.40588708819326e10 (10752) time=196.510765192s
[ Info: iter=5535 obj=1.418185318438574e6 pinf=0.0 (0) dinf=6.46449842347466e10 (10757) time=196.799465612s
[ Info: iter=5536 obj=1.418185318438574e6 pinf=0.0 (0) dinf=6.391894884341778e10 (10755) time=197.080603431s
[ Info: iter=5537 obj=1.418185318438574e6 pinf=0.0 (0) dinf=6.404154883692133e10 (10754) time=197.377453152s
[ Info: iter=5538 obj=1.418185318438574e6 pinf=0.0 (0) dinf=6.4041543427446144e10 (10755) time=197.671784772s
[ Info: iter=5539 obj=1.418185318438574e6 pinf=0.0 (0) dinf=6.41845142578238e10 (10755) time=197.961647792s
[ Info: iter=5540 obj=1.418185318434474e6 pinf=0.0 (0) dinf=5.012993776122716e9 (10846) time=198.23144871s
[ Info: iter=5541 obj=1.418185318434474e6 pinf=0.0 (0) dinf=5.01299742783647e9 (10845) time=198.395486922s
[ Info: iter=5542 obj=1.418185318434474e6 pinf=0.0 (0) dinf=5.013001079550217e9 (10844) time=198.564360133s
[ Info: iter=5543 obj=1.418185318434474e6 pinf=0.0 (0) dinf=5.012982814481433e9 (10840) time=198.735073645s
[ Info: iter=5544 obj=1.418185318434474e6 pinf=0.0 (0) dinf=5.013010206084609e9 (10839) time=198.905433857s
[ Info: iter=5545 obj=1.418185318434474e6 pinf=0.0 (0) dinf=5.013050374935948e9 (10838) time=199.079393469s
[ Info: iter=5546 obj=1.418185318434474e6 pinf=0.0 (0) dinf=5.013050371935949e9 (10835) time=199.251201481s
[ Info: iter=5547 obj=1.418185318434474e6 pinf=0.0 (0) dinf=5.013050368935948e9 (10832) time=199.428394193s
[ Info: iter=5548 obj=1.418185318434474e6 pinf=0.0 (0) dinf=5.013111232498564e9 (10839) time=199.599144304s
[ Info: iter=5549 obj=1.418185318434474e6 pinf=0.0 (0) dinf=5.013151807206971e9 (10847) time=199.769026116s
[ Info: iter=5550 obj=1.418185318434474e6 pinf=0.0 (0) dinf=5.01318832034454e9 (10850) time=199.946041228s
[ Info: iter=5551 obj=1.418185318434474e6 pinf=0.0 (0) dinf=5.013198875164891e9 (10849) time=200.12019144s
[ Info: iter=5552 obj=1.418185318434474e6 pinf=0.0 (0) dinf=5.013206017941344e9 (10848) time=200.291645152s
[ Info: iter=5553 obj=1.418185318434474e6 pinf=0.0 (0) dinf=5.013209816836866e9 (10847) time=200.462867764s
[ Info: iter=5554 obj=1.418185318434474e6 pinf=0.0 (0) dinf=5.013201671061501e9 (10846) time=200.626821975s
[ Info: iter=5555 obj=1.418185318434474e6 pinf=0.0 (0) dinf=5.013188350106673e9 (10845) time=200.793541687s
[ Info: iter=5556 obj=1.418185318434474e6 pinf=0.0 (0) dinf=5.013170277542234e9 (10844) time=200.962538598s
[ Info: iter=5557 obj=1.418185318434474e6 pinf=0.0 (0) dinf=5.013149272812174e9 (10843) time=201.13248961s
[ Info: iter=5558 obj=1.418185318434474e6 pinf=0.0 (0) dinf=5.013166259591796e9 (10842) time=201.301221122s
[ Info: iter=5559 obj=1.418185318434474e6 pinf=0.0 (0) dinf=5.013169317212131e9 (10841) time=201.471637933s
[ Info: iter=5560 obj=1.418185318434474e6 pinf=0.0 (0) dinf=5.01316854627367e9 (10840) time=201.637386145s
[ Info: iter=5561 obj=1.418185318434474e6 pinf=0.0 (0) dinf=5.013165437650839e9 (10839) time=201.807108456s
[ Info: iter=5562 obj=1.418185318434474e6 pinf=0.0 (0) dinf=5.013161133403832e9 (10838) time=201.975828868s
[ Info: iter=5563 obj=1.418185318434474e6 pinf=0.0 (0) dinf=5.013149272812136e9 (10837) time=202.142731879s
[ Info: iter=5564 obj=1.418185318434474e6 pinf=0.0 (0) dinf=5.013131481924602e9 (10836) time=202.309236991s
[ Info: iter=5565 obj=1.418185318434474e6 pinf=0.0 (0) dinf=5.013102215529526e9 (10835) time=202.474504902s
[ Info: iter=5566 obj=1.418185318434474e6 pinf=0.0 (0) dinf=5.013214097503073e9 (10835) time=202.639403014s
[ Info: iter=5567 obj=1.418185318434474e6 pinf=0.0 (0) dinf=5.892043309863431e9 (10839) time=202.802852025s
[ Info: iter=5568 obj=1.418185318434474e6 pinf=0.0 (0) dinf=4.998051661329582e9 (10834) time=202.958963036s
[ Info: iter=5569 obj=1.418185318434474e6 pinf=0.0 (0) dinf=4.998217834183136e9 (10839) time=203.118917847s
[ Info: iter=5592 obj=1.418185318434474e6 pinf=0.0 (0) dinf=5.03050277679782e9 (10808) time=205.491361748s
[ Info: iter=5594 obj=1.418185318434474e6 pinf=0.0 (0) dinf=4.999572166564835e9 (10815) time=205.75188765s
[ Info: iter=5595 obj=1.418185318434474e6 pinf=0.0 (0) dinf=4.999520853203425e9 (10815) time=205.920003751s
[ Info: iter=5596 obj=1.418185318434474e6 pinf=0.0 (0) dinf=4.999520853203425e9 (10815) time=206.082850052s
[ Info: iter=5597 obj=1.418185318434474e6 pinf=0.0 (0) dinf=4.999520853203425e9 (10815) time=206.243568853s
[ Info: iter=5598 obj=1.418185318434474e6 pinf=0.0 (0) dinf=4.999520853203425e9 (10815) time=206.406871954s
[ Info: iter=5599 obj=1.418185318434474e6 pinf=0.0 (0) dinf=4.999520853203425e9 (10815) time=206.574271755s
[ Info: iter=5600 obj=1.418185318434474e6 pinf=0.0 (0) dinf=4.999520853203425e9 (10815) time=206.741478756s
[ Info: iter=5601 obj=1.418185318434474e6 pinf=0.0 (0) dinf=4.999517792983273e9 (10815) time=206.913465257s
[ Info: iter=5602 obj=1.418185318434474e6 pinf=0.0 (0) dinf=4.999517792983273e9 (10814) time=207.079893058s
[ Info: iter=5603 obj=1.418185318434474e6 pinf=0.0 (0) dinf=4.999517792983273e9 (10813) time=207.270759159s
[ Info: iter=5604 obj=1.418185318434474e6 pinf=0.0 (0) dinf=4.999754933746706e9 (10823) time=207.48460256s
[ Info: iter=5605 obj=1.418185318434474e6 pinf=0.0 (0) dinf=4.999732365742435e9 (10823) time=207.699724962s
[ Info: iter=5606 obj=1.418185318434474e6 pinf=0.0 (0) dinf=4.999732314992641e9 (10821) time=207.882924763s
[ Info: iter=5607 obj=1.418185318434474e6 pinf=0.0 (0) dinf=4.999732028488559e9 (10820) time=208.069255564s
[ Info: iter=5608 obj=1.418185318434474e6 pinf=0.0 (0) dinf=4.999708457671225e9 (10820) time=208.262201965s
[ Info: iter=5609 obj=1.418185318434474e6 pinf=0.0 (0) dinf=4.999684958483395e9 (10820) time=208.457245266s
[ Info: iter=5610 obj=1.418185318434474e6 pinf=0.0 (0) dinf=4.999614675808419e9 (10818) time=208.647839767s
[ Info: iter=5611 obj=1.418185318434474e6 pinf=0.0 (0) dinf=4.999591821286131e9 (10818) time=208.838246868s
[ Info: iter=5612 obj=1.418185318434474e6 pinf=0.0 (0) dinf=4.999591738523641e9 (10816) time=209.024311669s
[ Info: iter=5613 obj=1.418185318434474e6 pinf=0.0 (0) dinf=4.999568884001352e9 (10816) time=209.217477571s
[ Info: iter=5614 obj=1.418185318434474e6 pinf=0.0 (0) dinf=4.999546029479064e9 (10816) time=209.410746772s
[ Info: iter=5615 obj=1.418185318434474e6 pinf=0.0 (0) dinf=4.999522514942055e9 (10816) time=209.604632373s
[ Info: iter=5616 obj=1.418185318434474e6 pinf=0.0 (0) dinf=4.999500233455803e9 (10816) time=209.810280874s
[ Info: iter=5617 obj=1.418185318434474e6 pinf=0.0 (0) dinf=4.999500197481956e9 (10814) time=210.001687175s
[ Info: iter=5618 obj=1.418185318434474e6 pinf=0.0 (0) dinf=4.99949991100126e9 (10813) time=210.187185176s
[ Info: iter=5619 obj=1.418185318434474e6 pinf=0.0 (0) dinf=4.999499624497176e9 (10812) time=210.375118777s
[ Info: iter=5620 obj=1.418185318434474e6 pinf=0.0 (0) dinf=4.999499507566401e9 (10810) time=210.565773779s
[ Info: iter=5621 obj=1.418185318434474e6 pinf=0.0 (0) dinf=4.999499390635625e9 (10808) time=210.75580498s
[ Info: iter=5622 obj=1.418185318434474e6 pinf=0.0 (0) dinf=4.999499273704848e9 (10806) time=210.945578981s
[ Info: iter=5623 obj=1.418185318434474e6 pinf=0.0 (0) dinf=4.999499273704848e9 (10805) time=211.136101382s
[ Info: iter=5624 obj=1.418185318434474e6 pinf=0.0 (0) dinf=4.999672339555208e9 (10816) time=211.323409183s
[ Info: iter=5625 obj=1.418185318434474e6 pinf=0.0 (0) dinf=4.999678044851173e9 (10814) time=211.524557984s
[ Info: iter=5626 obj=1.418185318434474e6 pinf=0.0 (0) dinf=4.999684415089123e9 (10813) time=211.713992185s
[ Info: iter=5627 obj=1.418185318434474e6 pinf=0.0 (0) dinf=4.999690715045642e9 (10812) time=211.901182587s
[ Info: iter=5628 obj=1.418185318434474e6 pinf=0.0 (0) dinf=4.99975694479858e9 (10812) time=212.097611988s
[ Info: iter=5629 obj=1.418185318434474e6 pinf=0.0 (0) dinf=4.999733230709619e9 (10811) time=212.285657489s
[ Info: iter=5630 obj=1.418185318434474e6 pinf=0.0 (0) dinf=4.999709516633275e9 (10809) time=212.47416599s
[ Info: iter=5631 obj=1.418185318434474e6 pinf=0.0 (0) dinf=4.999686621707672e9 (10808) time=212.66143409s
[ Info: iter=5632 obj=1.418185318434474e6 pinf=0.0 (0) dinf=4.999692358215016e9 (10806) time=212.850305389s
[ Info: iter=5633 obj=1.418185318434474e6 pinf=0.0 (0) dinf=4.999698130072509e9 (10804) time=213.044948489s
[ Info: iter=5634 obj=1.418185318434474e6 pinf=0.0 (0) dinf=4.999703899614865e9 (10802) time=213.233834188s
[ Info: iter=5635 obj=1.418185318434474e6 pinf=0.0 (0) dinf=4.999710214931667e9 (10801) time=213.429185988s
[ Info: iter=5636 obj=1.418185318434474e6 pinf=0.0 (0) dinf=4.999703059091711e9 (10802) time=213.632841587s
[ Info: iter=5637 obj=1.418185318434474e6 pinf=0.0 (0) dinf=4.999715905558271e9 (10799) time=213.831814487s
[ Info: iter=5638 obj=1.418185318434474e6 pinf=0.0 (0) dinf=4.999703867030028e9 (10799) time=214.025019186s
[ Info: iter=5639 obj=1.418185318434474e6 pinf=0.0 (0) dinf=4.99959015536927e9 (10791) time=214.219518786s
[ Info: iter=5640 obj=1.418185318434474e6 pinf=0.0 (0) dinf=4.999583423037092e9 (10791) time=214.421482585s
[ Info: iter=5641 obj=1.418185318434474e6 pinf=0.0 (0) dinf=4.999527370544207e9 (10790) time=214.618289585s
[ Info: iter=5642 obj=1.418185318434474e6 pinf=0.0 (0) dinf=4.999520176423402e9 (10792) time=214.812599584s
[ Info: iter=5643 obj=1.418185318434474e6 pinf=0.0 (0) dinf=4.9994896866778755e9 (10830) time=215.002197984s
[ Info: iter=5644 obj=1.418185318434474e6 pinf=0.0 (0) dinf=4.999488643753933e9 (10829) time=215.193303283s
[ Info: iter=5645 obj=1.418185318434474e6 pinf=0.0 (0) dinf=4.999487600833456e9 (10828) time=215.390896283s
[ Info: iter=5646 obj=1.418185318434474e6 pinf=0.0 (0) dinf=4.999486557920433e9 (10827) time=215.589379482s
[ Info: iter=5647 obj=1.418185318434474e6 pinf=0.0 (0) dinf=4.999485515015332e9 (10826) time=215.809251982s
[ Info: iter=5648 obj=1.418185318434474e6 pinf=0.0 (0) dinf=4.99948447211023e9 (10825) time=216.028849281s
[ Info: iter=5649 obj=1.418185318434474e6 pinf=0.0 (0) dinf=4.99948342920513e9 (10824) time=216.227240081s
[ Info: iter=5650 obj=1.418185318434474e6 pinf=0.0 (0) dinf=4.999482386330236e9 (10823) time=216.44757178s
[ Info: iter=5651 obj=1.418185318434474e6 pinf=0.0 (0) dinf=4.999481343458808e9 (10822) time=216.64186618s
[ Info: iter=5652 obj=1.418185318434474e6 pinf=0.0 (0) dinf=4.999481045704147e9 (10822) time=216.835207879s
[ Info: iter=5653 obj=1.418185318434474e6 pinf=0.0 (0) dinf=4.999480002848095e9 (10821) time=217.033516679s
[ Info: iter=5654 obj=1.418185318434474e6 pinf=0.0 (0) dinf=4.9994789599920435e9 (10820) time=217.228439378s
[ Info: iter=5655 obj=1.418185318434474e6 pinf=0.0 (0) dinf=4.999477917135991e9 (10819) time=217.422377078s
[ Info: iter=5656 obj=1.418185318434474e6 pinf=0.0 (0) dinf=4.999477917135991e9 (10818) time=217.629636877s
[ Info: iter=5657 obj=1.418185318434474e6 pinf=0.0 (0) dinf=4.999722252020229e9 (10814) time=217.828313877s
[ Info: iter=5658 obj=1.418185318434474e6 pinf=0.0 (0) dinf=4.99971497176742e9 (10814) time=218.026140476s
[ Info: iter=5659 obj=1.418185318434474e6 pinf=0.0 (0) dinf=5.000236695520997e9 (10811) time=218.222261375s
[ Info: iter=5660 obj=1.418185318434474e6 pinf=0.0 (0) dinf=4.999771120270016e9 (10804) time=218.423346975s
[ Info: iter=5661 obj=1.418185318434474e6 pinf=0.0 (0) dinf=4.999879442760251e9 (10800) time=218.628127974s
[ Info: iter=5741 obj=1.418185318434474e6 pinf=0.0 (0) dinf=5.004963983013555e9 (10797) time=224.376242663s
[ Info: iter=5792 obj=1.418185318434474e6 pinf=0.0 (0) dinf=5.107825890369785e9 (10744) time=228.091082062s
[ Info: iter=5793 obj=1.418185318434474e6 pinf=0.0 (0) dinf=5.174643450462878e9 (10736) time=228.31456265s
[ Info: iter=5795 obj=1.418185318434474e6 pinf=0.0 (0) dinf=5.016225582404389e9 (10743) time=228.620003836s
[ Info: iter=5797 obj=1.418185318434474e6 pinf=0.0 (0) dinf=5.039291826471612e9 (10737) time=228.867258634s
[ Info: iter=5798 obj=1.418185318434474e6 pinf=0.0 (0) dinf=5.039282421280289e9 (10737) time=229.025605333s
[ Info: iter=5799 obj=1.418185318434474e6 pinf=0.0 (0) dinf=5.080397060687171e9 (10736) time=229.187817431s
[ Info: iter=5800 obj=1.418185318434474e6 pinf=0.0 (0) dinf=5.077740785483131e9 (10732) time=229.34874523s
[ Info: iter=5801 obj=1.418185318434474e6 pinf=0.0 (0) dinf=5.077727564690506e9 (10732) time=229.510920629s
[ Info: iter=5802 obj=1.418185318434474e6 pinf=0.0 (0) dinf=5.038189159241899e9 (10736) time=229.685345827s
[ Info: iter=5803 obj=1.418185318434474e6 pinf=0.0 (0) dinf=5.03840048215501e9 (10735) time=229.865475926s
[ Info: iter=5804 obj=1.418185318434474e6 pinf=0.0 (0) dinf=5.038625290560796e9 (10734) time=230.055076424s
[ Info: iter=5805 obj=1.418185318434474e6 pinf=0.0 (0) dinf=5.045586820600104e9 (10746) time=230.246537022s
[ Info: iter=5807 obj=1.418185318434474e6 pinf=0.0 (0) dinf=5.045472381033178e9 (10746) time=230.51504232s
[ Info: iter=5808 obj=1.418185318434474e6 pinf=0.0 (0) dinf=5.045468196263791e9 (10748) time=230.687755519s
[ Info: iter=5827 obj=1.4181853184303748e6 pinf=0.0 (0) dinf=6.3628867349707664e10 (10653) time=231.070278216s
[ Info: iter=5828 obj=1.4181853184303748e6 pinf=0.0 (0) dinf=6.362965473067371e10 (10652) time=231.351654713s
[ Info: iter=5829 obj=1.4181853184303748e6 pinf=0.0 (0) dinf=6.363045640000276e10 (10651) time=231.640934011s
[ Info: iter=5830 obj=1.418185318434474e6 pinf=0.0 (0) dinf=6.3631215683891754e10 (10652) time=231.931413908s
[ Info: iter=5831 obj=1.418185318434474e6 pinf=0.0 (0) dinf=6.393115965958994e10 (10652) time=232.214117206s
[ Info: iter=5832 obj=1.418185318434474e6 pinf=0.0 (0) dinf=6.394749729769569e10 (10652) time=232.496337504s
[ Info: iter=5833 obj=1.418185318434474e6 pinf=0.0 (0) dinf=6.395077440629306e10 (10652) time=232.782522401s
[ Info: iter=5834 obj=1.4181853184385742e6 pinf=0.0 (0) dinf=6.39507744044492e10 (10652) time=233.065527699s
[ Info: iter=5835 obj=1.4181853184385742e6 pinf=0.0 (0) dinf=6.395077436705637e10 (10651) time=233.349289196s
[ Info: iter=5836 obj=1.4181853184391093e6 pinf=0.0 (0) dinf=6.395077436521252e10 (10651) time=233.639745994s
[ Info: iter=5837 obj=1.4181853184391093e6 pinf=0.0 (0) dinf=6.395077443127793e10 (10652) time=233.942227092s
[ Info: iter=5838 obj=1.4181853184391093e6 pinf=0.0 (0) dinf=6.39507742872638e10 (10650) time=234.230765789s
[ Info: iter=5839 obj=1.4181853184391093e6 pinf=0.0 (0) dinf=6.395077415645339e10 (10651) time=234.529450287s
[ Info: iter=5840 obj=1.4181853184385742e6 pinf=0.0 (0) dinf=6.395077398110336e10 (10650) time=234.820627484s
[ Info: iter=5899 obj=1.418185318283992e6 pinf=0.0 (0) dinf=2.4660199226247077e9 (10952) time=236.118006073s
[ Info: iter=5900 obj=1.418185318283992e6 pinf=0.0 (0) dinf=2.4660171028789496e9 (10951) time=236.278725172s
[ Info: iter=5901 obj=1.418185318283992e6 pinf=0.0 (0) dinf=2.4651585955973754e9 (10948) time=236.441550071s
[ Info: iter=5902 obj=1.418185318283992e6 pinf=0.0 (0) dinf=2.4651585955542355e9 (10947) time=236.606084169s
[ Info: iter=5903 obj=1.418185318283992e6 pinf=0.0 (0) dinf=2.465158075128379e9 (10946) time=236.764810868s
[ Info: iter=5904 obj=1.418185318283992e6 pinf=0.0 (0) dinf=2.465173716600021e9 (10946) time=236.921676667s
[ Info: iter=5905 obj=1.418185318283992e6 pinf=0.0 (0) dinf=2.4651737165887246e9 (10946) time=237.076823665s
[ Info: iter=5906 obj=1.418185318283992e6 pinf=0.0 (0) dinf=2.4651698060521193e9 (10946) time=237.230962064s
[ Info: iter=5907 obj=1.418185318283992e6 pinf=0.0 (0) dinf=2.4651658952400107e9 (10945) time=237.386637562s
[ Info: iter=5908 obj=1.418185318283992e6 pinf=0.0 (0) dinf=1.1481616976755981e9 (10901) time=237.545337061s
[ Info: iter=5909 obj=1.418185318283992e6 pinf=0.0 (0) dinf=2.447237357770651e9 (10955) time=237.70874476s
[ Info: iter=5910 obj=1.418185318283992e6 pinf=0.0 (0) dinf=2.449181899990414e9 (10949) time=237.874849158s
[ Info: iter=5911 obj=1.418185318283992e6 pinf=0.0 (0) dinf=2.431125792729697e9 (10949) time=238.040042457s
[ Info: iter=5912 obj=1.418185318283992e6 pinf=0.0 (0) dinf=2.4329496238619885e9 (10947) time=238.200191955s
[ Info: iter=5913 obj=1.418185318283992e6 pinf=0.0 (0) dinf=2.4290601441268635e9 (10947) time=238.367764754s
[ Info: iter=5914 obj=1.418185318283992e6 pinf=0.0 (0) dinf=2.4254123391907372e9 (10947) time=238.530763753s
[ Info: iter=5915 obj=1.418185318283992e6 pinf=0.0 (0) dinf=2.4295942497687254e9 (10949) time=238.695431051s
[ Info: iter=5916 obj=1.418185318283992e6 pinf=0.0 (0) dinf=2.429596082001741e9 (10949) time=238.85807175s
[ Info: iter=5917 obj=1.418185318283992e6 pinf=0.0 (0) dinf=1.1350881389985685e9 (10895) time=239.026875948s
[ Info: iter=5918 obj=1.418185318283992e6 pinf=0.0 (0) dinf=1.1085699700073693e9 (10907) time=239.192968647s
[ Info: iter=5919 obj=1.418185318283992e6 pinf=0.0 (0) dinf=1.1338899458260126e9 (10897) time=239.359009245s
[ Info: iter=5920 obj=1.418185318283992e6 pinf=0.0 (0) dinf=1.1292977253516014e9 (10896) time=239.518496844s
[ Info: iter=5921 obj=1.418185318283992e6 pinf=0.0 (0) dinf=1.1292977253516014e9 (10895) time=239.679702443s
[ Info: iter=5922 obj=1.418185318283514e6 pinf=0.0 (0) dinf=1.1296807062672038e9 (10904) time=239.839061841s
[ Info: iter=5923 obj=1.418185318283514e6 pinf=0.0 (0) dinf=1.1296788706740677e9 (10902) time=240.01594924s
[ Info: iter=5924 obj=1.418185318283514e6 pinf=0.0 (0) dinf=1.12927143944116e9 (10907) time=240.176595838s
[ Info: iter=5925 obj=1.418185318283514e6 pinf=0.0 (0) dinf=1.1298156309665554e9 (10912) time=240.337700937s
[ Info: iter=5926 obj=1.418185318283514e6 pinf=0.0 (0) dinf=1.1265530121985378e9 (10901) time=240.505085935s
[ Info: iter=5927 obj=1.4181853180736196e6 pinf=0.0 (0) dinf=2.335539109100385e9 (10904) time=240.667399934s
[ Info: iter=5928 obj=1.4181853180736196e6 pinf=0.0 (0) dinf=2.3354740205383286e9 (10903) time=240.838034833s
[ Info: iter=5929 obj=1.4181853180723926e6 pinf=0.0 (0) dinf=2.336813083260998e9 (10902) time=241.001191731s
[ Info: iter=5930 obj=1.4181853180701672e6 pinf=0.0 (0) dinf=2.336515782639638e9 (10900) time=241.16429153s
[ Info: iter=5931 obj=1.4181853180701677e6 pinf=0.0 (0) dinf=2.330036659411467e9 (10897) time=241.327310728s
[ Info: iter=5932 obj=1.4181853180701677e6 pinf=0.0 (0) dinf=2.3300436399074087e9 (10897) time=241.491383727s
[ Info: iter=5933 obj=1.4181853180701677e6 pinf=0.0 (0) dinf=2.330051220807128e9 (10896) time=241.660111425s
[ Info: iter=5934 obj=1.4181853180701677e6 pinf=0.0 (0) dinf=2.3307057002511396e9 (10895) time=241.825925124s
[ Info: iter=5935 obj=1.4181853180701677e6 pinf=0.0 (0) dinf=2.332298511804511e9 (10895) time=242.005627522s
[ Info: iter=5936 obj=1.4181853180701677e6 pinf=0.0 (0) dinf=2.3322985101360273e9 (10895) time=242.172259721s
[ Info: iter=5937 obj=1.4181853180701677e6 pinf=0.0 (0) dinf=2.3364017021509013e9 (10886) time=242.34142242s
[ Info: iter=5938 obj=1.4181853180752473e6 pinf=0.0 (0) dinf=2.404499121265568e9 (10908) time=242.507427718s
[ Info: iter=5939 obj=1.4181853180752473e6 pinf=0.0 (0) dinf=2.4044999137597966e9 (10908) time=242.668073317s
[ Info: iter=5940 obj=1.4181853180752473e6 pinf=0.0 (0) dinf=2.400665459285902e9 (10907) time=242.829139415s
[ Info: iter=5941 obj=1.4181853180752473e6 pinf=0.0 (0) dinf=2.396051857376087e9 (10909) time=242.995828714s
[ Info: iter=5942 obj=1.4181853180752473e6 pinf=0.0 (0) dinf=2.3959429994564695e9 (10906) time=243.149092713s
[ Info: iter=5943 obj=1.4181853180752473e6 pinf=0.0 (0) dinf=2.4167360258719997e9 (10915) time=243.309430411s
[ Info: iter=5944 obj=1.4181853180752473e6 pinf=0.0 (0) dinf=2.4560426665082765e9 (10917) time=243.47916381s
[ Info: iter=5945 obj=1.4181853180752473e6 pinf=0.0 (0) dinf=2.517358076970702e9 (10920) time=243.653142808s
[ Info: iter=5946 obj=1.4181853180752473e6 pinf=0.0 (0) dinf=2.416855513143688e9 (10915) time=243.818226607s
[ Info: iter=5947 obj=1.4181853180752443e6 pinf=0.0 (0) dinf=2.457876797617094e9 (10917) time=244.000585605s
[ Info: iter=5948 obj=1.4181853180752443e6 pinf=0.0 (0) dinf=2.4148734190421176e9 (10915) time=244.169595004s
[ Info: iter=5949 obj=1.4181853180752443e6 pinf=0.0 (0) dinf=2.3742913732520957e9 (10912) time=244.337638402s
[ Info: iter=5950 obj=1.4181853183631445e6 pinf=0.0 (0) dinf=2.4068148106939464e9 (10913) time=244.505274901s
[ Info: iter=5951 obj=1.4181853183631445e6 pinf=0.0 (0) dinf=2.4427640359658084e9 (10911) time=244.6852027s
[ Info: iter=5952 obj=1.418185318357843e6 pinf=0.0 (0) dinf=2.293483153895327e9 (10902) time=244.856717501s
[ Info: iter=5953 obj=1.418185318357843e6 pinf=0.0 (0) dinf=2.2927817592731624e9 (10908) time=245.036461502s
[ Info: iter=5954 obj=1.418185318357843e6 pinf=0.0 (0) dinf=2.287978781102337e9 (10901) time=245.210748203s
[ Info: iter=5955 obj=1.418185318357843e6 pinf=0.0 (0) dinf=2.293973979352813e9 (10902) time=245.393555504s
[ Info: iter=5956 obj=1.418185318357843e6 pinf=0.0 (0) dinf=2.366182926247303e9 (10905) time=245.583419705s
[ Info: iter=5957 obj=1.418185318357843e6 pinf=0.0 (0) dinf=2.361592299835454e9 (10904) time=245.774935706s
[ Info: iter=5958 obj=1.418185318357843e6 pinf=0.0 (0) dinf=2.361564718461946e9 (10905) time=245.965401406s
[ Info: iter=5959 obj=1.418185318357843e6 pinf=0.0 (0) dinf=2.3616173982681503e9 (10903) time=246.152403007s
[ Info: iter=5961 obj=1.418185318357843e6 pinf=0.0 (0) dinf=2.364135855893675e9 (10899) time=246.338051708s
[ Info: iter=5962 obj=1.418185318357843e6 pinf=0.0 (0) dinf=2.3618211517147274e9 (10901) time=246.528260009s
[ Info: iter=5963 obj=1.418185318357843e6 pinf=0.0 (0) dinf=2.362203542224716e9 (10902) time=246.71704321s
[ Info: iter=5964 obj=1.418185318357843e6 pinf=0.0 (0) dinf=2.362909371318076e9 (10900) time=246.899462111s
[ Info: iter=5965 obj=1.418185318357843e6 pinf=0.0 (0) dinf=2.3646845544529257e9 (10901) time=247.080618212s
[ Info: iter=5966 obj=1.418185318357843e6 pinf=0.0 (0) dinf=2.3697168822585964e9 (10901) time=247.262540313s
[ Info: iter=5967 obj=1.418185318357843e6 pinf=0.0 (0) dinf=2.369762696426989e9 (10900) time=247.452894614s
[ Info: iter=5968 obj=1.418185318357843e6 pinf=0.0 (0) dinf=2.385396328182764e9 (10900) time=247.639192714s
[ Info: iter=5969 obj=1.418185318357843e6 pinf=0.0 (0) dinf=2.385528284077101e9 (10900) time=247.822232115s
[ Info: iter=5970 obj=1.418185318357843e6 pinf=0.0 (0) dinf=2.399100546957825e9 (10899) time=248.008706616s
[ Info: iter=5971 obj=1.418185318357843e6 pinf=0.0 (0) dinf=2.4000102447215285e9 (10898) time=248.201706117s
[ Info: iter=5972 obj=1.418185318357843e6 pinf=0.0 (0) dinf=2.401542704534407e9 (10897) time=248.385769818s
[ Info: iter=5973 obj=1.418185318357843e6 pinf=0.0 (0) dinf=2.3342360319398108e9 (10892) time=248.573569219s
[ Info: iter=5974 obj=1.418185318357843e6 pinf=0.0 (0) dinf=2.3342059855061383e9 (10891) time=248.75833342s
[ Info: iter=5975 obj=1.418185318357843e6 pinf=0.0 (0) dinf=2.337624434725124e9 (10892) time=248.952020621s
[ Info: iter=5976 obj=1.418185318357843e6 pinf=0.0 (0) dinf=2.3350481371513143e9 (10889) time=249.142249122s
[ Info: iter=5977 obj=1.418185318357843e6 pinf=0.0 (0) dinf=2.3347647452399817e9 (10889) time=249.332288522s
[ Info: iter=5978 obj=1.418185318357843e6 pinf=0.0 (0) dinf=2.3347626535394106e9 (10889) time=249.524213723s
[ Info: iter=5979 obj=1.418185318357843e6 pinf=0.0 (0) dinf=2.334759866103153e9 (10889) time=249.722484724s
[ Info: iter=5980 obj=1.418185318357843e6 pinf=0.0 (0) dinf=2.334761065468879e9 (10890) time=249.925727125s
[ Info: iter=5981 obj=1.418185318357843e6 pinf=0.0 (0) dinf=2.334761065123169e9 (10890) time=250.112931826s
[ Info: iter=5982 obj=1.418185318357843e6 pinf=0.0 (0) dinf=2.334771728447579e9 (10891) time=250.306598927s
[ Info: iter=5983 obj=1.418185318357843e6 pinf=0.0 (0) dinf=2.3381927110944724e9 (10891) time=250.505561728s
[ Info: iter=5984 obj=1.418185318357843e6 pinf=0.0 (0) dinf=2.3356165297785773e9 (10888) time=250.701723429s
[ Info: iter=5985 obj=1.418185318357843e6 pinf=0.0 (0) dinf=2.335513483215122e9 (10888) time=250.89576533s
[ Info: iter=5986 obj=1.418185318357843e6 pinf=0.0 (0) dinf=2.3381926938710017e9 (10888) time=251.087661131s
[ Info: iter=5987 obj=1.418185318357843e6 pinf=0.0 (0) dinf=2.3356155876136827e9 (10885) time=251.280042632s
[ Info: iter=5988 obj=1.418185318357843e6 pinf=0.0 (0) dinf=2.335512541268536e9 (10885) time=251.477193233s
[ Info: iter=5989 obj=1.418185318357843e6 pinf=0.0 (0) dinf=2.3378800298584332e9 (10887) time=251.672788433s
[ Info: iter=5990 obj=1.418185318357843e6 pinf=0.0 (0) dinf=2.3374539032928896e9 (10886) time=251.865644334s
[ Info: iter=5992 obj=1.418185318357843e6 pinf=0.0 (0) dinf=2.3862974252052827e9 (10886) time=252.059574835s
[ Info: iter=5993 obj=1.4181853183589675e6 pinf=0.0 (0) dinf=2.514373588184218e9 (10900) time=252.253393536s
[ Info: iter=5994 obj=1.418185318126518e6 pinf=0.0 (0) dinf=5.641118108447794e9 (10898) time=252.469947737s
[ Info: iter=5995 obj=1.4181853183979986e6 pinf=0.0 (0) dinf=5.620094739025661e9 (10897) time=252.677705138s
[ Info: iter=5996 obj=1.4181853182551316e6 pinf=0.0 (0) dinf=2.976732530754705e9 (10919) time=252.870049637s
[ Info: iter=5997 obj=1.4181853179090414e6 pinf=0.0 (0) dinf=3.773152158004354e9 (10924) time=253.044619436s
[ Info: iter=5998 obj=1.41818531790441e6 pinf=0.0 (0) dinf=3.7780276505342317e9 (10926) time=253.208699535s
[ Info: iter=5999 obj=1.4181853179044372e6 pinf=0.0 (0) dinf=4.958424817199431e9 (10947) time=253.370850834s
PROGRESS iter=6000 refs=1037 pinf=0.0 working_objective=605524.4037426742
[ Info: iter=6000 obj=1.4181853178947626e6 pinf=0.0 (0) dinf=2.6988691111664248e9 (10921) time=253.552791134s
[ Info: iter=6001 obj=1.4181853178947626e6 pinf=0.0 (0) dinf=2.698590632954455e9 (10921) time=253.717743433s
[ Info: iter=6002 obj=1.4181853178947626e6 pinf=0.0 (0) dinf=2.6983780180637746e9 (10919) time=253.880564232s
[ Info: iter=6003 obj=1.4181853181227113e6 pinf=0.0 (0) dinf=2.752733460575318e9 (10919) time=254.048129931s
[ Info: iter=6004 obj=1.4181853181227113e6 pinf=0.0 (0) dinf=2.752570889741905e9 (10919) time=254.22357063s
[ Info: iter=6005 obj=1.4181853181227113e6 pinf=0.0 (0) dinf=2.6573285186112137e9 (10916) time=254.38802863s
[ Info: iter=6006 obj=1.4181853181227113e6 pinf=0.0 (0) dinf=2.689973946816736e9 (10914) time=254.563842129s
[ Info: iter=6007 obj=1.4181853179587594e6 pinf=0.0 (0) dinf=2.618913005540707e9 (10910) time=254.730652628s
[ Info: iter=6008 obj=1.4181853179587594e6 pinf=0.0 (0) dinf=2.6188521173476715e9 (10910) time=254.896821127s
[ Info: iter=6009 obj=1.4181853179587594e6 pinf=0.0 (0) dinf=2.6148908087866545e9 (10910) time=255.058022626s
[ Info: iter=6010 obj=1.4181853179587594e6 pinf=0.0 (0) dinf=2.6146190608050647e9 (10909) time=255.227452326s
[ Info: iter=6011 obj=1.4181853181253942e6 pinf=0.0 (0) dinf=2.612914136349795e9 (10908) time=255.398127525s
[ Info: iter=6012 obj=1.418185318115509e6 pinf=0.0 (0) dinf=2.6193273849276385e9 (10910) time=255.571362324s
[ Info: iter=6013 obj=1.4181853181209639e6 pinf=0.0 (0) dinf=2.6455336442655463e9 (10912) time=255.746989723s
[ Info: iter=6014 obj=1.4181853181209639e6 pinf=0.0 (0) dinf=2.6418324758382816e9 (10915) time=255.913375522s
[ Info: iter=6015 obj=1.4181853181209639e6 pinf=0.0 (0) dinf=2.637780081912951e9 (10913) time=256.077181822s
[ Info: iter=6016 obj=1.4181853181628971e6 pinf=0.0 (0) dinf=2.6332249742435646e9 (10912) time=256.256821621s
[ Info: iter=6017 obj=1.4181853181628971e6 pinf=0.0 (0) dinf=2.6293658846403966e9 (10912) time=256.42620092s
[ Info: iter=6018 obj=1.4181853181628971e6 pinf=0.0 (0) dinf=2.625513117508521e9 (10912) time=256.593350919s
[ Info: iter=6019 obj=1.4181853181798344e6 pinf=0.0 (0) dinf=2.626190726780749e9 (10916) time=256.761041819s
[ Info: iter=6020 obj=1.4181853181413822e6 pinf=0.0 (0) dinf=2.6224003230753303e9 (10912) time=256.930702218s
[ Info: iter=6021 obj=1.4181853181413822e6 pinf=0.0 (0) dinf=2.6259967050733476e9 (10912) time=257.115853917s
[ Info: iter=6022 obj=1.4181853181413822e6 pinf=0.0 (0) dinf=2.6223065765576463e9 (10910) time=257.290272716s
[ Info: iter=6023 obj=1.4181853181413822e6 pinf=0.0 (0) dinf=2.623799905594797e9 (10910) time=257.465091015s
[ Info: iter=6024 obj=1.4181853181413822e6 pinf=0.0 (0) dinf=2.62376088706905e9 (10909) time=257.641154514s
[ Info: iter=6025 obj=1.4181853181413822e6 pinf=0.0 (0) dinf=2.623763991560769e9 (10908) time=257.813291714s
[ Info: iter=6028 obj=1.4181853182212599e6 pinf=0.0 (0) dinf=2.641029986253602e9 (10893) time=258.075813812s
[ Info: iter=6029 obj=1.4181853182213022e6 pinf=0.0 (0) dinf=2.6222957617449408e9 (10896) time=258.243595212s
[ Info: iter=6030 obj=1.4181853182157625e6 pinf=0.0 (0) dinf=2.622064055393122e9 (10895) time=258.409481711s
[ Info: iter=6032 obj=1.4181853182327226e6 pinf=0.0 (0) dinf=2.6508344831567307e9 (10906) time=258.59706981s
[ Info: iter=6033 obj=1.4181853182327226e6 pinf=0.0 (0) dinf=2.6508310316114635e9 (10906) time=258.753929609s
[ Info: iter=6034 obj=1.4181853182327226e6 pinf=0.0 (0) dinf=2.6450189438008323e9 (10899) time=258.922427708s
[ Info: iter=6035 obj=1.4181853182327226e6 pinf=0.0 (0) dinf=2.6183270572421913e9 (10891) time=259.096419708s
[ Info: iter=6036 obj=1.4181853182414388e6 pinf=0.0 (0) dinf=2.6118461572890525e9 (10890) time=259.278793107s
[ Info: iter=6037 obj=1.418185318185093e6 pinf=0.0 (0) dinf=2.616013534930584e9 (10890) time=259.454847206s
[ Info: iter=6038 obj=1.4181853181306096e6 pinf=0.0 (0) dinf=2.609247397519728e9 (10888) time=259.638980805s
[ Info: iter=6039 obj=1.4181853181306096e6 pinf=0.0 (0) dinf=2.6092473975197277e9 (10887) time=259.839709904s
[ Info: iter=6040 obj=1.4181853181306096e6 pinf=0.0 (0) dinf=2.6090817537896323e9 (10884) time=260.022660403s
[ Info: iter=6041 obj=1.4181853181306096e6 pinf=0.0 (0) dinf=2.609061039188725e9 (10883) time=260.208269102s
[ Info: iter=6042 obj=1.4181853181306096e6 pinf=0.0 (0) dinf=2.609035033113444e9 (10882) time=260.394259802s
[ Info: iter=6043 obj=1.4181853181306096e6 pinf=0.0 (0) dinf=2.6089922717892118e9 (10880) time=260.568930901s
[ Info: iter=6044 obj=1.4181853181306096e6 pinf=0.0 (0) dinf=2.6088127332340198e9 (10879) time=260.743524201s
[ Info: iter=6046 obj=1.4181853181274447e6 pinf=0.0 (0) dinf=2.610105069889639e9 (10888) time=260.921073801s
[ Info: iter=6047 obj=1.4181853181274447e6 pinf=0.0 (0) dinf=2.610381063676234e9 (10894) time=261.098916601s
[ Info: iter=6048 obj=1.4181853181274447e6 pinf=0.0 (0) dinf=2.6101510040911927e9 (10894) time=261.286943102s
[ Info: iter=6049 obj=1.4181853181274447e6 pinf=0.0 (0) dinf=2.6086350487103205e9 (10894) time=261.464884502s
[ Info: iter=6050 obj=1.418185318127463e6 pinf=0.0 (0) dinf=2.537158308312373e9 (10864) time=261.644023202s
[ Info: iter=6051 obj=1.418185318127463e6 pinf=0.0 (0) dinf=2.3802183420844927e9 (10875) time=261.821078003s
[ Info: iter=6052 obj=1.4181853181274342e6 pinf=0.0 (0) dinf=2.605682424639582e9 (10894) time=262.000008203s
[ Info: iter=6053 obj=1.4181853181274342e6 pinf=0.0 (0) dinf=2.6048272453489637e9 (10893) time=262.182035703s
[ Info: iter=6054 obj=1.4181853181274482e6 pinf=0.0 (0) dinf=2.601350315248317e9 (10890) time=262.376060104s
[ Info: iter=6055 obj=1.4181853183738256e6 pinf=0.0 (0) dinf=2.658065109557122e9 (10883) time=262.565018104s
[ Info: iter=6056 obj=1.418185318373852e6 pinf=0.0 (0) dinf=4.977661330461219e9 (10893) time=262.750733904s
[ Info: iter=6057 obj=1.4181853183133386e6 pinf=0.0 (0) dinf=5.818645759422548e9 (10892) time=262.927750505s
[ Info: iter=6058 obj=1.418185318313288e6 pinf=0.0 (0) dinf=5.542763987483408e9 (10896) time=263.104052305s
[ Info: iter=6059 obj=1.418185318313288e6 pinf=0.0 (0) dinf=5.535702569832024e9 (10892) time=263.283591705s
[ Info: iter=6060 obj=1.4181853183133386e6 pinf=0.0 (0) dinf=5.814337033325854e9 (10891) time=263.465500206s
[ Info: iter=6061 obj=1.418185318313317e6 pinf=0.0 (0) dinf=5.505744862469669e9 (10892) time=263.647636906s
[ Info: iter=6062 obj=1.418185318313317e6 pinf=0.0 (0) dinf=5.5087960522577095e9 (10895) time=263.823769306s
[ Info: iter=6063 obj=1.418185318313317e6 pinf=0.0 (0) dinf=5.502743772932631e9 (10891) time=264.016733807s
[ Info: iter=6064 obj=1.4181853183133306e6 pinf=0.0 (0) dinf=2.623861321304888e9 (10889) time=264.192719407s
[ Info: iter=6065 obj=1.4181853183133306e6 pinf=0.0 (0) dinf=2.6238261056336837e9 (10889) time=264.379014107s
[ Info: iter=6066 obj=1.4181853183133306e6 pinf=0.0 (0) dinf=2.623793380608438e9 (10888) time=264.563346907s
[ Info: iter=6067 obj=1.4181853183133306e6 pinf=0.0 (0) dinf=2.819343319522523e9 (10875) time=264.744715308s
[ Info: iter=6068 obj=1.4181853183133306e6 pinf=0.0 (0) dinf=2.8055622931113095e9 (10873) time=264.924005908s
[ Info: iter=6069 obj=1.4181853183133306e6 pinf=0.0 (0) dinf=2.8110857483497796e9 (10873) time=265.100868108s
[ Info: iter=6070 obj=1.4181853183133306e6 pinf=0.0 (0) dinf=2.817039754789092e9 (10874) time=265.281902209s
[ Info: iter=6071 obj=1.4181853183133306e6 pinf=0.0 (0) dinf=2.809212812877703e9 (10873) time=265.460105609s
[ Info: iter=6072 obj=1.4181853183133306e6 pinf=0.0 (0) dinf=2.4515546778395762e9 (10871) time=265.646746209s
[ Info: iter=6073 obj=1.4181853183133306e6 pinf=0.0 (0) dinf=3.9900550641087594e9 (10871) time=265.82635411s
[ Info: iter=6074 obj=1.4181853183132936e6 pinf=0.0 (0) dinf=3.9180264253702807e9 (10870) time=266.00503701s
[ Info: iter=6075 obj=1.4181853183132936e6 pinf=0.0 (0) dinf=2.8303754866554303e9 (10868) time=266.19008281s
[ Info: iter=6076 obj=1.4181853183192261e6 pinf=0.0 (0) dinf=2.826412221467685e9 (10867) time=266.382176411s
[ Info: iter=6077 obj=1.4181853183192308e6 pinf=0.0 (0) dinf=3.061927481205981e9 (10864) time=266.576513111s
[ Info: iter=6078 obj=1.4181853183192308e6 pinf=0.0 (0) dinf=3.033200514799031e9 (10862) time=266.771756411s
[ Info: iter=6079 obj=1.4181853183192352e6 pinf=0.0 (0) dinf=2.987318405567056e9 (10859) time=266.955204612s
[ Info: iter=6080 obj=1.4181853183192362e6 pinf=0.0 (0) dinf=2.9848298109307055e9 (10858) time=267.141405012s
[ Info: iter=6081 obj=1.4181853183192364e6 pinf=0.0 (0) dinf=2.998526679809707e9 (10860) time=267.329049012s
[ Info: iter=6082 obj=1.4181853183192364e6 pinf=0.0 (0) dinf=2.9930098452519326e9 (10883) time=267.517413213s
[ Info: iter=6083 obj=1.4181853183192364e6 pinf=0.0 (0) dinf=2.946747816152716e9 (10881) time=267.712655813s
[ Info: iter=6084 obj=1.4181853183192364e6 pinf=0.0 (0) dinf=2.917786109457603e9 (10882) time=267.906310413s
[ Info: iter=6085 obj=1.4181853183192364e6 pinf=0.0 (0) dinf=2.917241289889422e9 (10861) time=268.102111114s
[ Info: iter=6086 obj=1.4181853183192364e6 pinf=0.0 (0) dinf=2.9298020317805924e9 (10863) time=268.294281014s
[ Info: iter=6087 obj=1.4181853183192364e6 pinf=0.0 (0) dinf=2.9066177906901965e9 (10857) time=268.493409714s
[ Info: iter=6088 obj=1.4181853183192364e6 pinf=0.0 (0) dinf=2.906791955510696e9 (10860) time=268.689139815s
[ Info: iter=6089 obj=1.4181853183192364e6 pinf=0.0 (0) dinf=2.8998233096220593e9 (10859) time=268.877214716s
[ Info: iter=6090 obj=1.4181853183192364e6 pinf=0.0 (0) dinf=2.8994902507121882e9 (10857) time=269.064726917s
[ Info: iter=6091 obj=1.4181853183192364e6 pinf=0.0 (0) dinf=2.8996629640154986e9 (10860) time=269.257134318s
[ Info: iter=6092 obj=1.4181853183192364e6 pinf=0.0 (0) dinf=2.8987932132934346e9 (10859) time=269.455046719s
[ Info: iter=6093 obj=1.4181853183192364e6 pinf=0.0 (0) dinf=2.8985812206565404e9 (10858) time=269.64160682s
[ Info: iter=6094 obj=1.4181853183192364e6 pinf=0.0 (0) dinf=2.8984693688933964e9 (10858) time=269.826435221s
[ Info: iter=6095 obj=1.4181853183192364e6 pinf=0.0 (0) dinf=2.897985038470085e9 (10858) time=270.014655023s
[ Info: iter=6096 obj=1.4181853183192364e6 pinf=0.0 (0) dinf=2.8965177596798544e9 (10858) time=270.201964324s
[ Info: iter=6097 obj=1.4181853183192364e6 pinf=0.0 (0) dinf=2.896621387602317e9 (10861) time=270.389806225s
[ Info: iter=6098 obj=1.4181853183192364e6 pinf=0.0 (0) dinf=2.896099537468829e9 (10860) time=270.584744826s
[ Info: iter=6099 obj=1.4181853183192364e6 pinf=0.0 (0) dinf=2.895974107803486e9 (10859) time=270.771664827s
[ Info: iter=6100 obj=1.4181853183192364e6 pinf=0.0 (0) dinf=2.8959072941891913e9 (10859) time=270.954991328s
[ Info: iter=6101 obj=1.4181853183192364e6 pinf=0.0 (0) dinf=2.894464076370364e9 (10859) time=271.137120229s
[ Info: iter=6102 obj=1.4181853183192364e6 pinf=0.0 (0) dinf=2.892435516448032e9 (10861) time=271.32789803s
[ Info: iter=6103 obj=1.4181853183192364e6 pinf=0.0 (0) dinf=2.909614644397054e9 (10856) time=271.512480931s
[ Info: iter=6104 obj=1.4181853183192364e6 pinf=0.0 (0) dinf=2.88867110025215e9 (10861) time=271.703512532s
[ Info: iter=6105 obj=1.4181853183192364e6 pinf=0.0 (0) dinf=2.884939898985184e9 (10860) time=271.893675933s
[ Info: iter=6106 obj=1.4181853183192364e6 pinf=0.0 (0) dinf=2.881229088178719e9 (10856) time=272.085234734s
[ Info: iter=6107 obj=1.4181853183192364e6 pinf=0.0 (0) dinf=2.877485233617383e9 (10852) time=272.283450636s
[ Info: iter=6108 obj=1.4181853183192364e6 pinf=0.0 (0) dinf=2.8774852276308246e9 (10851) time=272.481071937s
[ Info: iter=6109 obj=1.4181853183192364e6 pinf=0.0 (0) dinf=2.878238368312928e9 (10851) time=272.684234838s
[ Info: iter=6110 obj=1.4181853183192378e6 pinf=0.0 (0) dinf=2.916029177941572e9 (10850) time=272.878908439s
[ Info: iter=6111 obj=1.4181853183182203e6 pinf=0.0 (0) dinf=2.9162481473850327e9 (10851) time=273.07552014s
[ Info: iter=6112 obj=1.4181853183192364e6 pinf=0.0 (0) dinf=3.516756371152789e9 (10850) time=273.263190741s
[ Info: iter=6113 obj=1.4181853183192364e6 pinf=0.0 (0) dinf=3.516756370152789e9 (10849) time=273.458018042s
[ Info: iter=6114 obj=1.4181853183192364e6 pinf=0.0 (0) dinf=5.223547450834789e9 (10841) time=273.698091544s
[ Info: iter=6115 obj=1.4181853183192364e6 pinf=0.0 (0) dinf=5.223554304131404e9 (10840) time=273.909879945s
[ Info: iter=6116 obj=1.4181853183192364e6 pinf=0.0 (0) dinf=5.2152969533765955e9 (10839) time=274.126387646s
[ Info: iter=6117 obj=1.4181853183192364e6 pinf=0.0 (0) dinf=7.139387101009952e9 (10850) time=274.359260147s
[ Info: iter=6118 obj=1.4181853183192364e6 pinf=0.0 (0) dinf=7.091448443831007e9 (10850) time=274.583977949s
[ Info: iter=6119 obj=1.4181853183192364e6 pinf=0.0 (0) dinf=7.0488464173690605e9 (10853) time=274.80886495s
[ Info: iter=6120 obj=1.4181853183192364e6 pinf=0.0 (0) dinf=7.006170131296077e9 (10856) time=275.037873951s
[ Info: iter=6121 obj=1.418185318319183e6 pinf=0.0 (0) dinf=7.00624992066546e9 (10857) time=275.249944153s
[ Info: iter=6122 obj=1.4181853183191924e6 pinf=0.0 (0) dinf=7.006335649116078e9 (10858) time=275.459191754s
[ Info: iter=6123 obj=1.4181853183191924e6 pinf=0.0 (0) dinf=7.006227424231071e9 (10858) time=275.665525955s
[ Info: iter=6124 obj=1.4181853183191924e6 pinf=0.0 (0) dinf=7.006114835098111e9 (10858) time=275.873793256s
[ Info: iter=6125 obj=1.4181853183191924e6 pinf=0.0 (0) dinf=6.87494513467906e9 (10855) time=276.081249557s
[ Info: iter=6126 obj=1.4181853183191924e6 pinf=0.0 (0) dinf=6.472118568468341e9 (10857) time=276.288834158s
[ Info: iter=6127 obj=1.4181853183191924e6 pinf=0.0 (0) dinf=6.47209488722194e9 (10856) time=276.50991506s
[ Info: iter=6128 obj=1.4181853183191924e6 pinf=0.0 (0) dinf=6.472074484926983e9 (10855) time=276.713636362s
[ Info: iter=6129 obj=1.4181853183191924e6 pinf=0.0 (0) dinf=6.472071360251168e9 (10855) time=276.921898466s
[ Info: iter=6130 obj=1.4181853183191924e6 pinf=0.0 (0) dinf=6.472067994297943e9 (10855) time=277.14416137s
[ Info: iter=6131 obj=1.4181853183191924e6 pinf=0.0 (0) dinf=1.187121617491855e10 (10854) time=277.349771174s
[ Info: iter=6132 obj=1.4181853183192066e6 pinf=0.0 (0) dinf=2.0869794451705227e10 (10853) time=277.563099778s
[ Info: iter=6133 obj=1.4181853183192066e6 pinf=0.0 (0) dinf=2.0878247050730637e10 (10853) time=277.760696682s
[ Info: iter=6134 obj=1.4181853183192066e6 pinf=0.0 (0) dinf=2.0876386237236786e10 (10852) time=277.958055386s
[ Info: iter=6135 obj=1.4181853183192066e6 pinf=0.0 (0) dinf=2.0883631321185257e10 (10852) time=278.15296079s
[ Info: iter=6136 obj=1.4181853183192066e6 pinf=0.0 (0) dinf=2.0882036338365692e10 (10851) time=278.353934994s
[ Info: iter=6137 obj=1.4181853183192066e6 pinf=0.0 (0) dinf=2.0893895515821213e10 (10851) time=278.557222298s
[ Info: iter=6138 obj=1.418185318319183e6 pinf=0.0 (0) dinf=2.0877485390741577e10 (10853) time=278.760970602s
[ Info: iter=6139 obj=1.418185318319183e6 pinf=0.0 (0) dinf=2.0873024550633144e10 (10856) time=278.958392406s
[ Info: iter=6140 obj=1.418185318319183e6 pinf=0.0 (0) dinf=2.0884883726133865e10 (10856) time=279.16158441s
[ Info: iter=6141 obj=1.4181853183192364e6 pinf=0.0 (0) dinf=2.0869123956197662e10 (10858) time=279.371852114s
[ Info: iter=6142 obj=1.4181853183192364e6 pinf=0.0 (0) dinf=2.0865302481514843e10 (10861) time=279.572704018s
[ Info: iter=6143 obj=1.4181853178067156e6 pinf=0.0 (0) dinf=2.382149829340101e10 (10868) time=279.779511322s
[ Info: iter=6144 obj=1.418185318368633e6 pinf=0.0 (0) dinf=1.36491628903186e10 (10875) time=279.958939825s
[ Info: iter=6145 obj=1.4181853183798003e6 pinf=0.0 (0) dinf=1.3652354851075705e10 (10879) time=280.136104629s
[ Info: iter=6146 obj=1.4181853183798003e6 pinf=0.0 (0) dinf=1.3654244886639952e10 (10880) time=280.311205732s
[ Info: iter=6147 obj=1.418185318368633e6 pinf=0.0 (0) dinf=1.3648304151159857e10 (10873) time=280.481364235s
[ Info: iter=6148 obj=1.4181853183686493e6 pinf=0.0 (0) dinf=7.5159418007864065e9 (10881) time=280.673717739s
[ Info: iter=6149 obj=1.4181853183545154e6 pinf=0.0 (0) dinf=6.311013345291063e9 (10880) time=280.848482643s
[ Info: iter=6150 obj=1.418185318368653e6 pinf=0.0 (0) dinf=7.514985983776984e9 (10881) time=281.019929346s
[ Info: iter=6151 obj=1.418185318368653e6 pinf=0.0 (0) dinf=7.514891074484504e9 (10880) time=281.186430049s
[ Info: iter=6152 obj=1.418185318368653e6 pinf=0.0 (0) dinf=7.514917111343252e9 (10880) time=281.354177352s
[ Info: iter=6153 obj=1.4181853184331423e6 pinf=0.0 (0) dinf=1.3064926868254105e10 (10860) time=281.525143556s
[ Info: iter=6154 obj=1.4181853184331423e6 pinf=0.0 (0) dinf=1.3064904315573797e10 (10860) time=281.701701459s
[ Info: iter=6155 obj=1.4181853184331423e6 pinf=0.0 (0) dinf=1.30648607190863e10 (10860) time=281.870913863s
[ Info: iter=6156 obj=1.4181853184331423e6 pinf=0.0 (0) dinf=1.3064761710985214e10 (10863) time=282.041788066s
[ Info: iter=6157 obj=1.4181853184331423e6 pinf=0.0 (0) dinf=1.306468279393654e10 (10858) time=282.215508469s
[ Info: iter=6158 obj=1.4181853184684808e6 pinf=0.0 (0) dinf=1.3038633977452433e10 (10857) time=282.390782573s
[ Info: iter=6159 obj=1.4181853184685104e6 pinf=0.0 (0) dinf=1.2949544159041374e10 (10852) time=282.578218676s
[ Info: iter=6160 obj=1.4181853184685423e6 pinf=0.0 (0) dinf=1.6654607294028643e10 (10866) time=282.76505328s
[ Info: iter=6161 obj=1.4181853184754173e6 pinf=0.0 (0) dinf=1.5060633991261461e10 (10867) time=282.935726383s
[ Info: iter=6162 obj=1.4181853184754173e6 pinf=0.0 (0) dinf=1.5060717707775496e10 (10867) time=283.118243887s
[ Info: iter=6163 obj=1.4181853184754173e6 pinf=0.0 (0) dinf=1.5060690816276243e10 (10868) time=283.298988791s
[ Info: iter=6164 obj=1.4181853184754173e6 pinf=0.0 (0) dinf=1.5036888653230824e10 (10868) time=283.481266594s
[ Info: iter=6165 obj=1.4181853184754173e6 pinf=0.0 (0) dinf=1.503675826174104e10 (10865) time=283.667451698s
[ Info: iter=6166 obj=1.4181853184754173e6 pinf=0.0 (0) dinf=1.5036749485671614e10 (10865) time=283.845237401s
[ Info: iter=6167 obj=1.4181853184754173e6 pinf=0.0 (0) dinf=1.503672196007068e10 (10864) time=284.025735605s
[ Info: iter=6168 obj=1.4181853184754099e6 pinf=0.0 (0) dinf=1.5040548274546553e10 (10866) time=284.206125208s
[ Info: iter=6169 obj=1.4181853184754099e6 pinf=0.0 (0) dinf=1.5038606779531216e10 (10866) time=284.386885012s
[ Info: iter=6170 obj=1.4181853184754099e6 pinf=0.0 (0) dinf=1.5038601107196674e10 (10866) time=284.567281615s
[ Info: iter=6171 obj=1.4181853184754099e6 pinf=0.0 (0) dinf=1.5038518595814919e10 (10865) time=284.753703121s
[ Info: iter=6172 obj=1.4181853184754099e6 pinf=0.0 (0) dinf=1.5038300651007284e10 (10863) time=284.933745228s
[ Info: iter=6173 obj=1.4181853183749209e6 pinf=0.0 (0) dinf=1.89010008954286e10 (10862) time=285.116488936s
[ Info: iter=6174 obj=1.418185318476411e6 pinf=0.0 (0) dinf=1.4757996665325222e10 (10911) time=285.298443844s
[ Info: iter=6175 obj=1.4181853184761452e6 pinf=0.0 (0) dinf=1.4754682085149368e10 (10910) time=285.478119051s
[ Info: iter=6176 obj=1.4181853184431116e6 pinf=0.0 (0) dinf=3.7899176267574434e9 (10922) time=285.661042659s
[ Info: iter=6177 obj=1.4181853184650391e6 pinf=0.0 (0) dinf=1.214021713714197e10 (10918) time=285.836727766s
[ Info: iter=6178 obj=1.4181853184650391e6 pinf=0.0 (0) dinf=1.2572701418112318e10 (10924) time=286.015177174s
[ Info: iter=6179 obj=1.4181853184650391e6 pinf=0.0 (0) dinf=1.2504330589786278e10 (10923) time=286.194624881s
[ Info: iter=6180 obj=1.4181853184650391e6 pinf=0.0 (0) dinf=1.3296568327332363e10 (10914) time=286.378138189s
[ Info: iter=6181 obj=1.4181853184650391e6 pinf=0.0 (0) dinf=1.3147395610670214e10 (10921) time=286.591347198s
[ Info: iter=6182 obj=1.4181853184650391e6 pinf=0.0 (0) dinf=1.3510048547508688e10 (10910) time=286.787145406s
[ Info: iter=6183 obj=1.4181853184650391e6 pinf=0.0 (0) dinf=1.3345958558865868e10 (10917) time=286.963433213s
[ Info: iter=6184 obj=1.4181853184650391e6 pinf=0.0 (0) dinf=1.3714247019327084e10 (10906) time=287.142596321s
[ Info: iter=6185 obj=1.4181853184650391e6 pinf=0.0 (0) dinf=1.3535888335705833e10 (10913) time=287.323527628s
[ Info: iter=6186 obj=1.4181853184650391e6 pinf=0.0 (0) dinf=1.306835999843198e10 (10906) time=287.499298736s
[ Info: iter=6187 obj=1.4181853184650391e6 pinf=0.0 (0) dinf=1.306835999843198e10 (10906) time=287.677964843s
[ Info: iter=6188 obj=1.4181853184650391e6 pinf=0.0 (0) dinf=1.3155178337877525e10 (10908) time=287.855956951s
[ Info: iter=6189 obj=1.4181853184650391e6 pinf=0.0 (0) dinf=1.3262612730761314e10 (10909) time=288.036589758s
[ Info: iter=6190 obj=1.4181853184650391e6 pinf=0.0 (0) dinf=1.3327363641537735e10 (10910) time=288.212691966s
[ Info: iter=6191 obj=1.4181853184650391e6 pinf=0.0 (0) dinf=1.3009951363125244e10 (10910) time=288.390145273s
[ Info: iter=6192 obj=1.4181853184650391e6 pinf=0.0 (0) dinf=1.1452092172401638e10 (10903) time=288.56674868s
[ Info: iter=6193 obj=1.4181853184650391e6 pinf=0.0 (0) dinf=1.1452092172401638e10 (10903) time=288.758672388s
[ Info: iter=6194 obj=1.4181853184650391e6 pinf=0.0 (0) dinf=1.1743628156278732e10 (10905) time=288.937705796s
[ Info: iter=6195 obj=1.4181853184650391e6 pinf=0.0 (0) dinf=1.1588013331474525e10 (10905) time=289.118535903s
[ Info: iter=6196 obj=1.4181853184650391e6 pinf=0.0 (0) dinf=1.1577396914847683e10 (10905) time=289.297925711s
[ Info: iter=6197 obj=1.4181853184650391e6 pinf=0.0 (0) dinf=1.184230208655517e10 (10906) time=289.474794518s
[ Info: iter=6198 obj=1.4181853184650391e6 pinf=0.0 (0) dinf=1.1640014069737782e10 (10906) time=289.656246726s
[ Info: iter=6199 obj=1.4181853184650391e6 pinf=0.0 (0) dinf=1.185744762815935e10 (10907) time=289.836921733s
[ Info: iter=6200 obj=1.4181853184650391e6 pinf=0.0 (0) dinf=1.165035150296538e10 (10907) time=290.016869841s
[ Info: iter=6201 obj=1.4181853184650391e6 pinf=0.0 (0) dinf=1.165035150296538e10 (10907) time=290.197570249s
[ Info: iter=6202 obj=1.4181853184650391e6 pinf=0.0 (0) dinf=1.165035150296538e10 (10907) time=290.378559856s
[ Info: iter=6203 obj=1.4181853184650391e6 pinf=0.0 (0) dinf=1.165035150296538e10 (10907) time=290.558063164s
[ Info: iter=6204 obj=1.4181853184650391e6 pinf=0.0 (0) dinf=1.165035150296538e10 (10906) time=290.748972472s
[ Info: iter=6205 obj=1.4181853184650391e6 pinf=0.0 (0) dinf=1.163720385317996e10 (10905) time=290.936025479s
[ Info: iter=6206 obj=1.4181853184650391e6 pinf=0.0 (0) dinf=1.1632035136566162e10 (10904) time=291.119429787s
[ Info: iter=6207 obj=1.4181853184650391e6 pinf=0.0 (0) dinf=1.1630055095909811e10 (10899) time=291.307342095s
[ Info: iter=6208 obj=1.4181853184654696e6 pinf=0.0 (0) dinf=1.1623063992506323e10 (10894) time=291.494709903s
[ Info: iter=6209 obj=1.4181853184653185e6 pinf=0.0 (0) dinf=1.1617743243285204e10 (10889) time=291.680647111s
[ Info: iter=6210 obj=1.4181853184653693e6 pinf=0.0 (0) dinf=1.164819713561117e10 (10889) time=291.865088918s
[ Info: iter=6211 obj=1.4181853184652375e6 pinf=0.0 (0) dinf=1.1680738970680737e10 (10889) time=292.052571226s
[ Info: iter=6212 obj=1.4181853184652375e6 pinf=0.0 (0) dinf=1.1659579932790558e10 (10888) time=292.237974634s
[ Info: iter=6213 obj=1.4181853184652375e6 pinf=0.0 (0) dinf=1.163842089490038e10 (10887) time=292.418457341s
[ Info: iter=6214 obj=1.4181853184651402e6 pinf=0.0 (0) dinf=1.1679845865033703e10 (10892) time=292.605439749s
[ Info: iter=6215 obj=1.4181853184651402e6 pinf=0.0 (0) dinf=1.1646045395129486e10 (10886) time=292.795862254s
[ Info: iter=6216 obj=1.418185318465372e6 pinf=0.0 (0) dinf=1.1673007425833416e10 (10883) time=292.982884856s
[ Info: iter=6217 obj=1.4181853184651588e6 pinf=0.0 (0) dinf=1.1672606999359709e10 (10883) time=293.169186259s
[ Info: iter=6218 obj=1.418185318465508e6 pinf=0.0 (0) dinf=1.1672590167548132e10 (10883) time=293.349653961s
[ Info: iter=6219 obj=1.418185318465508e6 pinf=0.0 (0) dinf=1.1717697361756433e10 (10886) time=293.534296264s
[ Info: iter=6220 obj=1.418185318465508e6 pinf=0.0 (0) dinf=1.1717583870690306e10 (10881) time=293.717997166s
[ Info: iter=6221 obj=1.418185318465508e6 pinf=0.0 (0) dinf=1.171758385546271e10 (10871) time=293.902471569s
[ Info: iter=6222 obj=1.418185318465508e6 pinf=0.0 (0) dinf=1.1717470364396582e10 (10866) time=294.087695071s
[ Info: iter=6223 obj=1.418185318465508e6 pinf=0.0 (0) dinf=1.1717470350168985e10 (10856) time=294.277064274s
[ Info: iter=6224 obj=1.418185318465508e6 pinf=0.0 (0) dinf=1.1717356859102861e10 (10852) time=294.462066576s
[ Info: iter=6225 obj=1.4181853184654973e6 pinf=0.0 (0) dinf=1.171514961274457e10 (10851) time=294.644682179s
[ Info: iter=6226 obj=1.4181853184654973e6 pinf=0.0 (0) dinf=1.168365121958159e10 (10868) time=294.835978081s
[ Info: iter=6227 obj=1.4181853184654973e6 pinf=0.0 (0) dinf=1.1686456516707071e10 (10867) time=295.017928884s
[ Info: iter=6228 obj=1.4181853184654973e6 pinf=0.0 (0) dinf=1.1732598557321005e10 (10860) time=295.201942786s
[ Info: iter=6229 obj=1.4181853184654973e6 pinf=0.0 (0) dinf=1.1732598557321005e10 (10860) time=295.391137489s
[ Info: iter=6230 obj=1.4181853184654973e6 pinf=0.0 (0) dinf=1.1732598557321005e10 (10860) time=295.575812991s
[ Info: iter=6231 obj=1.4181853184654973e6 pinf=0.0 (0) dinf=1.1732598557321005e10 (10859) time=295.756938194s
[ Info: iter=6232 obj=1.4181853184654973e6 pinf=0.0 (0) dinf=1.1728918556773844e10 (10877) time=295.945708596s
[ Info: iter=6233 obj=1.4181853184654973e6 pinf=0.0 (0) dinf=1.1955057124005327e10 (10881) time=296.130849899s
[ Info: iter=6234 obj=1.4181853184654973e6 pinf=0.0 (0) dinf=1.1947994803758467e10 (10876) time=296.313225801s
[ Info: iter=6235 obj=1.4181853184654973e6 pinf=0.0 (0) dinf=1.1955057137325327e10 (10887) time=296.495577704s
[ Info: iter=6236 obj=1.4181853184654973e6 pinf=0.0 (0) dinf=1.1952975184976763e10 (10900) time=296.678056006s
[ Info: iter=6237 obj=1.4181853184654973e6 pinf=0.0 (0) dinf=1.1952913121793482e10 (10899) time=296.866515009s
[ Info: iter=6238 obj=1.4181853184654973e6 pinf=0.0 (0) dinf=1.195278691753235e10 (10898) time=297.048067811s
[ Info: iter=6239 obj=1.4181853184654973e6 pinf=0.0 (0) dinf=1.1952671531138628e10 (10898) time=297.227289413s
[ Info: iter=6240 obj=1.4181853184654973e6 pinf=0.0 (0) dinf=1.1953076604520952e10 (10897) time=297.405567316s
[ Info: iter=6241 obj=1.4181853184654973e6 pinf=0.0 (0) dinf=1.1952198471783182e10 (10891) time=297.586806218s
[ Info: iter=6242 obj=1.4181853184654973e6 pinf=0.0 (0) dinf=1.1952198466783182e10 (10885) time=297.772304021s
[ Info: iter=6243 obj=1.4181853184654973e6 pinf=0.0 (0) dinf=1.1952528942365263e10 (10873) time=297.952933623s
[ Info: iter=6244 obj=1.4181853184654973e6 pinf=0.0 (0) dinf=1.1952137756108183e10 (10870) time=298.136962626s
[ Info: iter=6245 obj=1.4181853184654973e6 pinf=0.0 (0) dinf=1.1952249523610205e10 (10870) time=298.318447728s
[ Info: iter=6246 obj=1.4181853184654973e6 pinf=0.0 (0) dinf=1.1952976012373354e10 (10869) time=298.498511531s
[ Info: iter=6247 obj=1.4181853184654973e6 pinf=0.0 (0) dinf=1.1953169741510237e10 (10868) time=298.681482633s
[ Info: iter=6248 obj=1.4181853184654973e6 pinf=0.0 (0) dinf=1.195336347064712e10 (10867) time=298.874525036s
[ Info: iter=6249 obj=1.4181853184654973e6 pinf=0.0 (0) dinf=1.1957513079920465e10 (10881) time=299.062901638s
[ Info: iter=6250 obj=1.4181853184654973e6 pinf=0.0 (0) dinf=1.1957513078098654e10 (10880) time=299.243272941s
[ Info: iter=6251 obj=1.4181853184654973e6 pinf=0.0 (0) dinf=1.1957503537229216e10 (10879) time=299.421164143s
[ Info: iter=6252 obj=1.4181853184654973e6 pinf=0.0 (0) dinf=1.19572242484064e10 (10873) time=299.601836845s
[ Info: iter=6253 obj=1.4181853184654973e6 pinf=0.0 (0) dinf=1.1958346523709429e10 (10876) time=299.776755348s
[ Info: iter=6254 obj=1.4181853184654973e6 pinf=0.0 (0) dinf=1.195964999039791e10 (10875) time=299.95570865s
[ Info: Solve finished: status=TIME_LIMIT reason=time limit reached iterations=6255 time=300.015067451s
SNAPSHOT .superpowers/primal-stability/tri-both-forrest_tomlin.toml.1.time_limit.bin
FINAL Dict{String, Any}("kernel_seconds" => Dict("pricing" => 14.936156199, "refactorization" => 5.176358414, "ftran" => 8.911386403, "btran" => 4.65447565), "time_limit" => 300.0, "source_revision" => "35d93473b8f0af356a0196795c47c1ca9290b905", "snapshots" => [".superpowers/primal-stability/tri-both-forrest_tomlin.toml.1.time_limit.bin"], "backend" => "native", "trace_enabled" => false, "counts" => Dict("refactor_residual" => 856, "correction_attempt" => 45, "checkpoint" => 1, "correction" => 39, "pricing_scanned_entries" => 3231420732, "refactor_other" => 1, "pivot_completed" => 6255, "pivot_rejected" => 44103, "pricing_full_scan" => 51588, "pricing" => 51588, "refactor_initial" => 2, "refactor_pivot" => 374, "pricing_scored_entries" => 580032505, "refactor_limit" => 57, "pivot_proposed" => 51588, "phase_one" => 1), "last_step" => 0.0, "blas_config" => "LBTConfig([ILP64] libopenblas64_.so)", "interval" => 80, "phase_one_artificial_entries" => 0, "phases" => Dict{String, Any}[Dict("iteration" => 0, "columns" => 34186, "rows" => 28453, "phase" => "phase_one")], "source_path" => "/home/jspitz/JSimplex.jl/.worktrees/primal-runtime-stability/src/JSimplex.jl", "julia_threads" => 1, "input_sha256" => "d0ac16e1a52a7d3411cbac28616bba9d3beb0c0edbdb2d72ab0477ce075f6c68", "kernel_calls" => Dict("pricing" => 51588, "refactorization" => 1288, "ftran" => 60521, "btran" => 46880), "package_version" => "0.5.0", "working_directory" => "/home/jspitz/JSimplex.jl/.worktrees/primal-runtime-stability", "refactorizations" => 1288, "seconds" => 300.015067451, "rounding_scale_pivots" => 0, "package_git_revision" => "unavailable", "pricing" => "steepest_edge", "last_primal_infeasibility" => 0.0, "last_working_objective" => 605524.40373089, "architecture" => "aarch64", "blas_threads" => 1, "active_project" => "/home/jspitz/JSimplex.jl/.worktrees/primal-runtime-stability/Project.toml", "cpu_threads" => 18, "zero_steps" => 5609, "julia" => "1.13.0", "algorithm" => "primal", "strategy" => "legacy", "package_tree_hash" => "unavailable", "iterations" => 6255, "manager" => "forrest_tomlin", "status" => "TIME_LIMIT", "source_sha256" => Dict("primal_simplex.jl" => "de166a9b74f0438e70c4ddfd296d13d6365da600f3babfce7f13456e23dbd8d3", "simplex_numerics.jl" => "89984ed2d500ea6375aa520cb722f4aba430b810339e7830230926f51661e995", "legacy_primal_point.jl" => "0e6513e8415f20df738127608ac0dd344c0d1333057ddc82c42ed7b07fae695d", "legacy_primal_pivot.jl" => "dde642e0c5f15fcac4dad06d7a72e8e2e09cd253e3a8cf56d7ed7a26553f4043"), "message" => "time limit reached")
