EVENT phase_one count=1 iter=0 row=0 entering=0 pinf=0.0 dinf=12288.550456887204
EVENT correction_attempt count=1 iter=125 row=3833 entering=23674 pinf=0.0 dinf=562621.0254980393
EVENT correction_attempt count=2 iter=126 row=4727 entering=23074 pinf=0.0 dinf=12801.768029488665
EVENT correction_attempt count=3 iter=133 row=3811 entering=22810 pinf=0.0 dinf=77793.15755406715
EVENT correction_attempt count=4 iter=371 row=19915 entering=22091 pinf=0.0 dinf=22229.74200133711
EVENT correction_attempt count=5 iter=378 row=12721 entering=49561 pinf=0.0 dinf=12492.86434283157
EVENT correction_attempt count=6 iter=388 row=2792 entering=49564 pinf=0.0 dinf=12800.903050513509
EVENT correction_attempt count=7 iter=390 row=17636 entering=49884 pinf=0.0 dinf=29058.534736793616
EVENT correction_attempt count=8 iter=399 row=9706 entering=13730 pinf=0.0 dinf=30364.61518346922
EVENT correction_attempt count=9 iter=591 row=14706 entering=24405 pinf=0.0 dinf=4.43348611580669e6
EVENT correction_attempt count=10 iter=595 row=11696 entering=24394 pinf=0.0 dinf=4.626575930402368e6
EVENT refactor_pivot count=1 iter=2322 row=19721 entering=24398 pinf=0.0 dinf=3.69750222736082e6
PIVOT stored_forward=2.539635751898089e-14 stored_tableau=0.0 direction_norm=508962.8207537797 row_residual_ratio=1.0e12
EVENT refactor_pivot count=2 iter=2323 row=19721 entering=24398 pinf=0.0 dinf=3.697649451352726e6
PIVOT stored_forward=2.539635751898089e-14 stored_tableau=0.0 direction_norm=508962.8207537797 row_residual_ratio=1.0e12
EVENT refactor_pivot count=3 iter=2331 row=19721 entering=24398 pinf=0.0 dinf=3.7024470223785774e6
PIVOT stored_forward=2.539635751898089e-14 stored_tableau=0.0 direction_norm=508962.8207537797 row_residual_ratio=1.0e12
EVENT refactor_pivot count=4 iter=2332 row=19721 entering=24398 pinf=0.0 dinf=3.7024421547418637e6
PIVOT stored_forward=2.539635751898089e-14 stored_tableau=0.0 direction_norm=508962.8207537797 row_residual_ratio=1.0e12
EVENT refactor_pivot count=5 iter=2333 row=19721 entering=24398 pinf=0.0 dinf=3.702425554057028e6
PIVOT stored_forward=2.539635751898089e-14 stored_tableau=0.0 direction_norm=508962.8207537797 row_residual_ratio=1.0e12
EVENT refactor_pivot count=6 iter=2334 row=19721 entering=24398 pinf=0.0 dinf=3.702408926259502e6
PIVOT stored_forward=2.539635751898089e-14 stored_tableau=0.0 direction_norm=508962.8207537797 row_residual_ratio=1.0e12
EVENT refactor_pivot count=7 iter=2335 row=19721 entering=24398 pinf=0.0 dinf=3.7023922750743297e6
PIVOT stored_forward=2.539635751898089e-14 stored_tableau=0.0 direction_norm=508962.8207537797 row_residual_ratio=1.0e12
EVENT refactor_pivot count=8 iter=2336 row=19721 entering=24398 pinf=0.0 dinf=3.7023865720176552e6
PIVOT stored_forward=2.539635751898089e-14 stored_tableau=0.0 direction_norm=508962.8207537797 row_residual_ratio=1.0e12
EVENT refactor_pivot count=9 iter=2337 row=19721 entering=24398 pinf=0.0 dinf=3.702369971332819e6
PIVOT stored_forward=2.539635751898089e-14 stored_tableau=0.0 direction_norm=508962.8207537797 row_residual_ratio=1.0e12
EVENT refactor_pivot count=10 iter=2338 row=19721 entering=24398 pinf=0.0 dinf=3.7023533435352934e6
PIVOT stored_forward=2.539635751898089e-14 stored_tableau=0.0 direction_norm=508962.8207537797 row_residual_ratio=1.0e12
EVENT refactor_pivot count=100 iter=3049 row=19721 entering=28198 pinf=0.0 dinf=5.495485718719544e9
PIVOT stored_forward=2.50706790605376e-13 stored_tableau=0.0 direction_norm=8.60362967380059e6 row_residual_ratio=1.0e12
EVENT refactor_pivot count=200 iter=3149 row=19721 entering=28198 pinf=0.0 dinf=5.495466125347111e9
PIVOT stored_forward=2.50706790605376e-13 stored_tableau=0.0 direction_norm=8.60362967380059e6 row_residual_ratio=1.0e12
[ Info: Loaded problem: rows=43021 columns=47148 nnz=277210
[ Info: Starting presolve
[ Info: After presolve: rows=28453 columns=31615 nnz=211789
[ Info: iter=0 obj=1.2522206406563444e6 pinf=0.0 (0) dinf=12288.550456887204 (11330) time=2.109649337s
[ Info: iter=80 obj=1.2522206406563444e6 pinf=0.0 (0) dinf=36314.16836263747 (11279) time=2.427352142s
[ Info: iter=160 obj=1.2631118905179026e6 pinf=0.0 (0) dinf=20318.10622356058 (11212) time=2.776264948s
[ Info: iter=240 obj=1.3081914597255755e6 pinf=0.0 (0) dinf=12933.727267866876 (11235) time=3.065821253s
[ Info: iter=320 obj=1.3457333563381066e6 pinf=0.0 (0) dinf=13377.506131293816 (11160) time=3.372645157s
[ Info: iter=400 obj=1.365372047972791e6 pinf=0.0 (0) dinf=14946.893727017134 (11094) time=3.691953362s
[ Info: iter=480 obj=1.3679359060446834e6 pinf=0.0 (0) dinf=28616.505259710084 (11099) time=4.004000467s
[ Info: iter=560 obj=1.367935906044684e6 pinf=0.0 (0) dinf=138541.4328187033 (11009) time=4.314477571s
[ Info: iter=640 obj=1.367984980364754e6 pinf=0.0 (0) dinf=22377.908779322108 (11093) time=4.639096376s
[ Info: iter=720 obj=1.367984980364754e6 pinf=0.0 (0) dinf=23874.21152664453 (11096) time=4.944955681s
[ Info: iter=800 obj=1.380798629860655e6 pinf=0.0 (0) dinf=109464.19870492947 (11029) time=5.349060887s
[ Info: iter=880 obj=1.380798629860655e6 pinf=0.0 (0) dinf=3.931233811007373e7 (11026) time=5.661649992s
[ Info: iter=960 obj=1.380798629860655e6 pinf=0.0 (0) dinf=6.934687582960077e7 (11012) time=5.965257296s
[ Info: iter=1040 obj=1.3807986298636138e6 pinf=0.0 (0) dinf=4.2076028911693625e7 (10975) time=6.275721801s
[ Info: iter=1120 obj=1.384055465474363e6 pinf=0.0 (0) dinf=53130.47369370426 (10926) time=6.687279007s
[ Info: iter=1200 obj=1.384055465474363e6 pinf=0.0 (0) dinf=59314.39292302525 (10918) time=7.041961512s
[ Info: iter=1280 obj=1.384055465474363e6 pinf=0.0 (0) dinf=67405.14581547125 (10941) time=7.353497717s
[ Info: iter=1360 obj=1.384055473604198e6 pinf=0.0 (0) dinf=89933.16446574105 (10920) time=7.675206622s
[ Info: iter=1440 obj=1.384055473604198e6 pinf=0.0 (0) dinf=101754.32572760184 (10926) time=7.994956027s
[ Info: iter=1520 obj=1.38405551090465e6 pinf=0.0 (0) dinf=307856.49174860434 (11004) time=8.326620031s
[ Info: iter=1600 obj=1.384080826953643e6 pinf=0.0 (0) dinf=317672.1900505765 (11101) time=8.654813636s
[ Info: iter=1680 obj=1.384080826953643e6 pinf=0.0 (0) dinf=304784.2802007721 (11080) time=8.982700141s
[ Info: iter=1760 obj=1.3859368661843087e6 pinf=0.0 (0) dinf=335863.7292839774 (11118) time=9.315981046s
[ Info: iter=1840 obj=1.388751790669493e6 pinf=0.0 (0) dinf=325261.91684552707 (11093) time=9.662741951s
[ Info: iter=1920 obj=1.4019392581808572e6 pinf=0.0 (0) dinf=348812.2685264239 (11126) time=9.996509556s
[ Info: iter=2000 obj=1.4042233207869786e6 pinf=0.0 (0) dinf=3.639020764123432e6 (11067) time=10.396325062s
[ Info: iter=2080 obj=1.4042233207869786e6 pinf=0.0 (0) dinf=3.6410060109251603e6 (11122) time=11.699629382s
[ Info: iter=2160 obj=1.4042233207869786e6 pinf=0.0 (0) dinf=3.639201132680422e6 (11111) time=13.096204403s
[ Info: iter=2240 obj=1.4042233207869786e6 pinf=0.0 (0) dinf=3.667627227862621e6 (11077) time=14.839179429s
[ Info: iter=2320 obj=1.4042233207869786e6 pinf=0.0 (0) dinf=3.6944430278380597e6 (11048) time=17.071184363s
[ Info: iter=2322 obj=1.4042233207869786e6 pinf=0.0 (0) dinf=3.69750222736082e6 (11050) time=17.176546164s
[ Info: iter=2323 obj=1.4042233207869786e6 pinf=0.0 (0) dinf=3.697649451352726e6 (11049) time=17.222828965s
[ Info: iter=2331 obj=1.4042233207869786e6 pinf=0.0 (0) dinf=3.7024470223785774e6 (11047) time=17.458612669s
[ Info: iter=2332 obj=1.4042233207869786e6 pinf=0.0 (0) dinf=3.7024421547418637e6 (11047) time=17.499741269s
[ Info: iter=2333 obj=1.4042233207869786e6 pinf=0.0 (0) dinf=3.702425554057028e6 (11046) time=17.54061107s
[ Info: iter=2334 obj=1.4042233207869786e6 pinf=0.0 (0) dinf=3.702408926259502e6 (11045) time=17.588093371s
[ Info: iter=2335 obj=1.4042233207869786e6 pinf=0.0 (0) dinf=3.7023922750743297e6 (11044) time=17.627511571s
[ Info: iter=2336 obj=1.4042233207869786e6 pinf=0.0 (0) dinf=3.7023865720176552e6 (11044) time=17.672657172s
[ Info: iter=2337 obj=1.4042233207869786e6 pinf=0.0 (0) dinf=3.702369971332819e6 (11043) time=17.715553873s
[ Info: iter=2338 obj=1.4042233207869786e6 pinf=0.0 (0) dinf=3.7023533435352934e6 (11042) time=17.758567473s
[ Info: iter=2339 obj=1.4042233207869786e6 pinf=0.0 (0) dinf=3.7023366923501207e6 (11041) time=17.799722174s
[ Info: iter=2340 obj=1.4042233207869786e6 pinf=0.0 (0) dinf=3.702329487421159e6 (11041) time=17.840047474s
[ Info: iter=2341 obj=1.4042233207869786e6 pinf=0.0 (0) dinf=3.7023128596236333e6 (11040) time=17.880718775s
[ Info: iter=2342 obj=1.4042233207869786e6 pinf=0.0 (0) dinf=3.702296208438461e6 (11039) time=17.923741376s
[ Info: iter=2343 obj=1.4042233207869786e6 pinf=0.0 (0) dinf=3.7021846933284127e6 (11041) time=17.965824176s
[ Info: iter=2344 obj=1.4042233207869786e6 pinf=0.0 (0) dinf=3.7020731782183642e6 (11043) time=18.008452477s
[ Info: iter=2424 obj=1.4181852485964685e6 pinf=0.0 (0) dinf=3.6939658215218326e6 (11048) time=19.311682695s
[ Info: iter=2504 obj=1.4181852485964685e6 pinf=0.0 (0) dinf=3.6902199082985804e6 (10994) time=20.220749007s
[ Info: iter=2584 obj=1.418185248596469e6 pinf=0.0 (0) dinf=1.2689484884477492e7 (10973) time=21.078474317s
[ Info: iter=2661 obj=1.418185248598223e6 pinf=0.0 (0) dinf=5.830819729983785e6 (10991) time=22.325861432s
[ Info: iter=2667 obj=1.418185248607162e6 pinf=0.0 (0) dinf=1.0335393712406196e7 (10964) time=22.441167634s
[ Info: iter=2668 obj=1.418185248607162e6 pinf=0.0 (0) dinf=1.0335366668176748e7 (10966) time=22.487117334s
[ Info: iter=2669 obj=1.418185248607162e6 pinf=0.0 (0) dinf=1.0335341082306668e7 (10968) time=22.530866535s
[ Info: iter=2670 obj=1.4181858532153927e6 pinf=0.0 (0) dinf=1.0327534707499322e7 (10972) time=22.576267535s
[ Info: iter=2671 obj=1.4181858532153927e6 pinf=0.0 (0) dinf=1.0327527593246557e7 (10971) time=22.626601936s
[ Info: iter=2675 obj=1.418185853215393e6 pinf=0.0 (0) dinf=1.0327516987521289e7 (10967) time=22.717200737s
[ Info: iter=2676 obj=1.418185853215393e6 pinf=0.0 (0) dinf=1.0327523997455599e7 (10967) time=22.759599638s
[ Info: iter=2677 obj=1.418185853215393e6 pinf=0.0 (0) dinf=1.0327514894576201e7 (10967) time=22.802049738s
[ Info: iter=2678 obj=1.418585374012237e6 pinf=0.0 (0) dinf=1.032751143938347e7 (10966) time=22.847883639s
[ Info: iter=2679 obj=1.4191482991383187e6 pinf=0.0 (0) dinf=1.0327507984190738e7 (10965) time=22.893414539s
[ Info: iter=2680 obj=1.4191482991383187e6 pinf=0.0 (0) dinf=1.0327568713004477e7 (10965) time=22.93968284s
[ Info: iter=2681 obj=1.4191482991383187e6 pinf=0.0 (0) dinf=1.0327990801289639e7 (10962) time=22.99011934s
[ Info: iter=2682 obj=1.4191482991383187e6 pinf=0.0 (0) dinf=1.0327900983524866e7 (10962) time=23.044321641s
[ Info: iter=2683 obj=1.4191482991383187e6 pinf=0.0 (0) dinf=1.032777181964356e7 (10959) time=23.096965142s
[ Info: iter=2684 obj=1.4191482991383187e6 pinf=0.0 (0) dinf=1.0328071091356866e7 (10959) time=23.143377342s
[ Info: iter=2685 obj=1.4191482991383187e6 pinf=0.0 (0) dinf=1.0328073382747019e7 (10959) time=23.189507743s
[ Info: iter=2686 obj=1.4191482991383187e6 pinf=0.0 (0) dinf=1.0328068268494252e7 (10959) time=23.235494743s
[ Info: iter=2766 obj=1.4191482993548086e6 pinf=0.0 (0) dinf=495585.7696573685 (11064) time=23.603924748s
[ Info: iter=2846 obj=1.4191482996989142e6 pinf=0.0 (0) dinf=692822.7075449376 (10958) time=24.029303753s
[ Info: iter=2926 obj=1.4191482996989142e6 pinf=0.0 (0) dinf=2.107224116132247e7 (11048) time=24.403517558s
[ Info: iter=2984 obj=1.4191482998387464e6 pinf=0.0 (0) dinf=4.2296233985148473e9 (11040) time=24.904159164s
[ Info: iter=2985 obj=1.4191482998387464e6 pinf=0.0 (0) dinf=4.229621055761386e9 (11041) time=24.948746964s
[ Info: iter=2986 obj=1.4191482998387464e6 pinf=0.0 (0) dinf=4.229618713007926e9 (11042) time=24.994081865s
[ Info: iter=2987 obj=1.4191482998387464e6 pinf=0.0 (0) dinf=4.2296163746703053e9 (11042) time=25.042463365s
[ Info: iter=2988 obj=1.4191482998387464e6 pinf=0.0 (0) dinf=4.229614044031896e9 (11043) time=25.090186066s
[ Info: iter=2989 obj=1.4191482998387464e6 pinf=0.0 (0) dinf=4.229612280759459e9 (11042) time=25.135986867s
[ Info: iter=2990 obj=1.4191482998395474e6 pinf=0.0 (0) dinf=4.2296119229992914e9 (11042) time=25.184512267s
[ Info: iter=2991 obj=1.4191482998395474e6 pinf=0.0 (0) dinf=4.2296107170926466e9 (11041) time=25.232640768s
[ Info: iter=2992 obj=1.4191482998395474e6 pinf=0.0 (0) dinf=4.2296096254711595e9 (11041) time=25.279743168s
[ Info: iter=2993 obj=1.419148299840906e6 pinf=0.0 (0) dinf=4.264589362775474e9 (11040) time=25.328337269s
[ Info: iter=2994 obj=1.4191482998422917e6 pinf=0.0 (0) dinf=4.300259722502134e9 (11039) time=25.37811847s
[ Info: iter=2995 obj=1.4191482998422917e6 pinf=0.0 (0) dinf=4.300261456109489e9 (11045) time=25.43018367s
[ Info: iter=2996 obj=1.4191482998422917e6 pinf=0.0 (0) dinf=4.300259188683366e9 (11044) time=25.481900971s
[ Info: iter=2997 obj=1.4191482998422917e6 pinf=0.0 (0) dinf=4.300261210769716e9 (11044) time=25.533829571s
[ Info: iter=2998 obj=1.4191482998422917e6 pinf=0.0 (0) dinf=4.300257698276107e9 (11042) time=25.590697472s
[ Info: iter=2999 obj=1.4191482998422917e6 pinf=0.0 (0) dinf=4.300255856453372e9 (11040) time=25.647338673s
[ Info: iter=3000 obj=1.4191482998422917e6 pinf=0.0 (0) dinf=4.300254401692627e9 (11039) time=25.700390773s
[ Info: iter=3001 obj=1.4191482998422917e6 pinf=0.0 (0) dinf=4.300252894534284e9 (11038) time=25.756294474s
[ Info: iter=3002 obj=1.4191482998422917e6 pinf=0.0 (0) dinf=4.3002514398551e9 (11037) time=25.814064575s
[ Info: iter=3003 obj=1.4191482998422917e6 pinf=0.0 (0) dinf=4.300249985175913e9 (11036) time=25.869355376s
[ Info: iter=3004 obj=1.4191482998422917e6 pinf=0.0 (0) dinf=4.300248530655522e9 (11035) time=25.921512576s
[ Info: iter=3005 obj=1.4191482998422917e6 pinf=0.0 (0) dinf=4.300247076508435e9 (11034) time=25.972912677s
[ Info: iter=3006 obj=1.4191482998422917e6 pinf=0.0 (0) dinf=4.300245622351238e9 (11033) time=26.025423477s
[ Info: iter=3007 obj=1.4191482998422917e6 pinf=0.0 (0) dinf=4.300244168194039e9 (11032) time=26.087968078s
[ Info: iter=3008 obj=1.4191482998422917e6 pinf=0.0 (0) dinf=4.300242714296254e9 (11031) time=26.140181079s
[ Info: iter=3009 obj=1.4191482998422917e6 pinf=0.0 (0) dinf=4.300241261016267e9 (11030) time=26.194313279s
[ Info: iter=3010 obj=1.4191482998422917e6 pinf=0.0 (0) dinf=4.300251987133617e9 (11033) time=26.25550278s
[ Info: iter=3011 obj=1.4191482998422917e6 pinf=0.0 (0) dinf=4.3002519871336155e9 (11032) time=26.316839981s
[ Info: iter=3012 obj=1.4191482998422917e6 pinf=0.0 (0) dinf=4.300251987133617e9 (11031) time=26.377157782s
[ Info: iter=3013 obj=1.4191482998422917e6 pinf=0.0 (0) dinf=4.300266569827797e9 (11033) time=26.439544082s
[ Info: iter=3014 obj=1.4191482998422917e6 pinf=0.0 (0) dinf=4.300256694049293e9 (11031) time=26.499384783s
[ Info: iter=3015 obj=1.4191482998422917e6 pinf=0.0 (0) dinf=4.300251315676298e9 (11030) time=26.563187584s
[ Info: iter=3016 obj=1.4191482998422917e6 pinf=0.0 (0) dinf=4.300245937303305e9 (11029) time=26.623406885s
[ Info: iter=3017 obj=1.4191482998422917e6 pinf=0.0 (0) dinf=4.300245927283414e9 (11029) time=26.686900286s
[ Info: iter=3018 obj=1.4191482998422917e6 pinf=0.0 (0) dinf=4.300245893824765e9 (11027) time=26.749176286s
[ Info: iter=3019 obj=1.4191482998422917e6 pinf=0.0 (0) dinf=4.300245956914842e9 (11027) time=26.816664987s
[ Info: iter=3020 obj=1.4191482998422917e6 pinf=0.0 (0) dinf=4.300245831073779e9 (11024) time=26.876773988s
[ Info: iter=3021 obj=1.4191482998422917e6 pinf=0.0 (0) dinf=4.300246362204464e9 (11026) time=26.944521189s
[ Info: iter=3022 obj=1.4191482998422917e6 pinf=0.0 (0) dinf=4.300246348093045e9 (11024) time=27.013970585s
[ Info: iter=3023 obj=1.4191482998422917e6 pinf=0.0 (0) dinf=4.300256518604001e9 (11024) time=27.085700282s
[ Info: iter=3024 obj=1.4191482998422917e6 pinf=0.0 (0) dinf=4.300354977236558e9 (11026) time=27.154936578s
[ Info: iter=3025 obj=1.4191482998422917e6 pinf=0.0 (0) dinf=4.300349190712706e9 (11024) time=27.231663274s
[ Info: iter=3026 obj=1.4191482998422917e6 pinf=0.0 (0) dinf=4.300319345673649e9 (11023) time=27.302824471s
[ Info: iter=3027 obj=1.4191482998422917e6 pinf=0.0 (0) dinf=4.300318563060799e9 (11022) time=27.377025067s
[ Info: iter=3028 obj=1.4191482998422917e6 pinf=0.0 (0) dinf=4.300318588687255e9 (11021) time=27.446365663s
[ Info: iter=3029 obj=1.4191482998422917e6 pinf=0.0 (0) dinf=4.300318584687255e9 (11018) time=27.51514156s
[ Info: iter=3030 obj=1.4191482998422917e6 pinf=0.0 (0) dinf=4.300318584687254e9 (11020) time=27.583647756s
[ Info: iter=3031 obj=1.4191482998488946e6 pinf=0.0 (0) dinf=5.4955319647443695e9 (11019) time=27.655551153s
[ Info: iter=3032 obj=1.4191482998488946e6 pinf=0.0 (0) dinf=5.495529845937281e9 (11021) time=27.722172049s
[ Info: iter=3033 obj=1.4191482998488946e6 pinf=0.0 (0) dinf=5.495527727130191e9 (11023) time=27.789671746s
[ Info: iter=3034 obj=1.4191482998488946e6 pinf=0.0 (0) dinf=5.495524780130662e9 (11025) time=27.860428542s
[ Info: iter=3035 obj=1.4191482998488946e6 pinf=0.0 (0) dinf=5.49552195328096e9 (11027) time=27.929660939s
[ Info: iter=3036 obj=1.4191482998488946e6 pinf=0.0 (0) dinf=5.495519284023489e9 (11029) time=27.998537735s
[ Info: iter=3037 obj=1.4191482998488946e6 pinf=0.0 (0) dinf=5.49551627545285e9 (11027) time=28.070272132s
[ Info: iter=3038 obj=1.4191482998488946e6 pinf=0.0 (0) dinf=5.495515634620163e9 (11025) time=28.137287628s
[ Info: iter=3039 obj=1.4191482998488946e6 pinf=0.0 (0) dinf=5.495509555260867e9 (11026) time=28.207914725s
[ Info: iter=3040 obj=1.4191482998488946e6 pinf=0.0 (0) dinf=5.495506960489993e9 (11028) time=28.276040821s
[ Info: iter=3041 obj=1.4191482998488946e6 pinf=0.0 (0) dinf=5.495504365719119e9 (11030) time=28.342357918s
[ Info: iter=3042 obj=1.4191482998488946e6 pinf=0.0 (0) dinf=5.495501909142425e9 (11032) time=28.411939814s
[ Info: iter=3043 obj=1.4191482998488946e6 pinf=0.0 (0) dinf=5.495499524127365e9 (11034) time=28.480878311s
[ Info: iter=3044 obj=1.4191482998488946e6 pinf=0.0 (0) dinf=5.495497109645971e9 (11036) time=28.550387907s
[ Info: iter=3045 obj=1.4191482998488946e6 pinf=0.0 (0) dinf=5.49549482108698e9 (11039) time=28.617094004s
[ Info: iter=3046 obj=1.4191482998488946e6 pinf=0.0 (0) dinf=5.49549253001493e9 (11042) time=28.6893772s
[ Info: iter=3047 obj=1.4191482998488946e6 pinf=0.0 (0) dinf=5.495490293202632e9 (11045) time=28.761595597s
[ Info: iter=3048 obj=1.4191482998488946e6 pinf=0.0 (0) dinf=5.495487971695781e9 (11045) time=28.832929493s
[ Info: iter=3049 obj=1.4191482998488946e6 pinf=0.0 (0) dinf=5.495485718719544e9 (11045) time=28.90302159s
[ Info: iter=3050 obj=1.4191482998488946e6 pinf=0.0 (0) dinf=5.495483611415226e9 (11047) time=28.971998186s
[ Info: iter=3051 obj=1.4191482998488946e6 pinf=0.0 (0) dinf=5.495482769015885e9 (11047) time=29.044518982s
[ Info: iter=3052 obj=1.4191482998488946e6 pinf=0.0 (0) dinf=5.495481926616546e9 (11047) time=29.112556879s
[ Info: iter=3053 obj=1.4191482998488946e6 pinf=0.0 (0) dinf=5.495481084217205e9 (11047) time=29.182178876s
[ Info: iter=3054 obj=1.4191482998488946e6 pinf=0.0 (0) dinf=5.495480241817864e9 (11047) time=29.254996772s
[ Info: iter=3055 obj=1.4191482998488946e6 pinf=0.0 (0) dinf=5.495479399418524e9 (11047) time=29.330708768s
[ Info: iter=3056 obj=1.4191482998488946e6 pinf=0.0 (0) dinf=5.495478694763601e9 (11047) time=29.400629864s
[ Info: iter=3057 obj=1.4191482998488946e6 pinf=0.0 (0) dinf=5.495478030328108e9 (11050) time=29.49693656s
[ Info: iter=3058 obj=1.4191482998488946e6 pinf=0.0 (0) dinf=5.495477371280809e9 (11053) time=29.561274856s
[ Info: iter=3059 obj=1.4191482998488946e6 pinf=0.0 (0) dinf=5.4954767422470255e9 (11055) time=29.627389653s
[ Info: iter=3060 obj=1.4191482998488946e6 pinf=0.0 (0) dinf=5.495476147201171e9 (11057) time=29.69124745s
[ Info: iter=3061 obj=1.4191482998488946e6 pinf=0.0 (0) dinf=5.495475966542102e9 (11055) time=29.757293846s
[ Info: iter=3062 obj=1.4191482998488946e6 pinf=0.0 (0) dinf=5.495475329785131e9 (11053) time=29.824034543s
[ Info: iter=3063 obj=1.4191482998488946e6 pinf=0.0 (0) dinf=5.495475501181086e9 (11055) time=29.89035624s
[ Info: iter=3064 obj=1.4191482998488946e6 pinf=0.0 (0) dinf=5.495475369432397e9 (11048) time=29.957080636s
[ Info: iter=3065 obj=1.4191482998488946e6 pinf=0.0 (0) dinf=5.495475253423826e9 (11040) time=30.021984633s
[ Info: iter=3066 obj=1.4191482998488946e6 pinf=0.0 (0) dinf=5.495475386289725e9 (11047) time=30.07886273s
[ Info: iter=3067 obj=1.4191482998488946e6 pinf=0.0 (0) dinf=5.495475249969531e9 (11050) time=30.144282027s
[ Info: iter=3068 obj=1.4191482998488946e6 pinf=0.0 (0) dinf=5.4954751747018795e9 (11048) time=30.206507024s
[ Info: iter=3069 obj=1.4191482998488946e6 pinf=0.0 (0) dinf=5.495475161498109e9 (11045) time=30.27332222s
[ Info: iter=3070 obj=1.4191482998488946e6 pinf=0.0 (0) dinf=5.495475115066767e9 (11045) time=30.341617017s
[ Info: iter=3071 obj=1.4191482998488946e6 pinf=0.0 (0) dinf=5.495474665852892e9 (11045) time=30.415108113s
[ Info: iter=3072 obj=1.4191482998488946e6 pinf=0.0 (0) dinf=5.495474292821521e9 (11046) time=30.48091881s
[ Info: iter=3073 obj=1.4191482998488946e6 pinf=0.0 (0) dinf=5.49547412403717e9 (11051) time=30.547855606s
[ Info: iter=3074 obj=1.4191482998488946e6 pinf=0.0 (0) dinf=5.495474245978538e9 (11055) time=30.619068903s
[ Info: iter=3075 obj=1.4191482998488946e6 pinf=0.0 (0) dinf=5.495473950817222e9 (11042) time=30.6821747s
[ Info: iter=3076 obj=1.4191482998488946e6 pinf=0.0 (0) dinf=5.495474053385997e9 (11043) time=30.744086297s
[ Info: iter=3077 obj=1.4191482998488946e6 pinf=0.0 (0) dinf=5.495473884930318e9 (11042) time=30.805339593s
[ Info: iter=3078 obj=1.4191482998488946e6 pinf=0.0 (0) dinf=5.495473884930318e9 (11041) time=30.86987589s
[ Info: iter=3079 obj=1.4191482998488946e6 pinf=0.0 (0) dinf=5.495473814737882e9 (11038) time=30.937551787s
[ Info: iter=3080 obj=1.4191482998488946e6 pinf=0.0 (0) dinf=5.495473962892169e9 (11039) time=31.006198083s
[ Info: iter=3081 obj=1.4191482998488946e6 pinf=0.0 (0) dinf=5.495473642196809e9 (11036) time=31.07143438s
[ Info: iter=3082 obj=1.4191482998488946e6 pinf=0.0 (0) dinf=5.495474013647543e9 (11036) time=31.139280377s
[ Info: iter=3083 obj=1.4191482998488946e6 pinf=0.0 (0) dinf=5.495473539698997e9 (11040) time=31.209498273s
[ Info: iter=3084 obj=1.4191482998488946e6 pinf=0.0 (0) dinf=5.495473065750449e9 (11044) time=31.279863669s
[ Info: iter=3085 obj=1.4191482998488946e6 pinf=0.0 (0) dinf=5.495473432701183e9 (11045) time=31.353767566s
[ Info: iter=3086 obj=1.4191482998488946e6 pinf=0.0 (0) dinf=5.495473573862436e9 (11047) time=31.422259762s
[ Info: iter=3087 obj=1.4191482998488946e6 pinf=0.0 (0) dinf=5.4954734169537e9 (11036) time=31.488697259s
[ Info: iter=3088 obj=1.4191482998488946e6 pinf=0.0 (0) dinf=5.495473677415529e9 (11034) time=31.559142755s
[ Info: iter=3089 obj=1.4191482998488946e6 pinf=0.0 (0) dinf=5.495473465171309e9 (11032) time=31.629326952s
[ Info: iter=3090 obj=1.4191482998488946e6 pinf=0.0 (0) dinf=5.495473576778034e9 (11033) time=31.699778848s
[ Info: iter=3091 obj=1.4191482998488946e6 pinf=0.0 (0) dinf=5.495473349650988e9 (11026) time=31.765821345s
[ Info: iter=3092 obj=1.4191482998488946e6 pinf=0.0 (0) dinf=5.495373853017008e9 (11024) time=31.839282541s
[ Info: iter=3093 obj=1.4191482998488946e6 pinf=0.0 (0) dinf=5.495373285879054e9 (11022) time=31.908816138s
[ Info: iter=3094 obj=1.4191482998488946e6 pinf=0.0 (0) dinf=5.495373140921234e9 (11020) time=31.980387734s
[ Info: iter=3095 obj=1.4191482998488946e6 pinf=0.0 (0) dinf=5.495373125188484e9 (11018) time=32.06000073s
[ Info: iter=3096 obj=1.4191482998488946e6 pinf=0.0 (0) dinf=5.49537321449479e9 (11018) time=32.128195127s
[ Info: iter=3097 obj=1.4191482998488946e6 pinf=0.0 (0) dinf=5.495373012318978e9 (11015) time=32.200381723s
[ Info: iter=3098 obj=1.4191482998488946e6 pinf=0.0 (0) dinf=5.495372887217817e9 (11013) time=32.273513419s
[ Info: iter=3099 obj=1.4191482998488946e6 pinf=0.0 (0) dinf=5.49537262377895e9 (11008) time=32.345624416s
[ Info: iter=3100 obj=1.4191482998488946e6 pinf=0.0 (0) dinf=5.495372674840705e9 (11009) time=32.414645212s
[ Info: iter=3101 obj=1.4191482998488946e6 pinf=0.0 (0) dinf=5.495372306486545e9 (11006) time=32.483970509s
[ Info: iter=3102 obj=1.4191482998488946e6 pinf=0.0 (0) dinf=5.495372295688893e9 (11006) time=32.554416005s
[ Info: iter=3103 obj=1.4191482998488946e6 pinf=0.0 (0) dinf=5.495372244627138e9 (11005) time=32.626110801s
[ Info: iter=3104 obj=1.4191482998488946e6 pinf=0.0 (0) dinf=5.495372284891241e9 (11006) time=32.694546098s
[ Info: iter=3105 obj=1.4191482998488946e6 pinf=0.0 (0) dinf=5.495371930002292e9 (11003) time=32.768876794s
[ Info: iter=3106 obj=1.4191482998488946e6 pinf=0.0 (0) dinf=5.495371743601395e9 (11001) time=32.839321091s
[ Info: iter=3107 obj=1.4191482998488946e6 pinf=0.0 (0) dinf=5.495371483551166e9 (11001) time=32.913922487s
[ Info: iter=3108 obj=1.4191482998488946e6 pinf=0.0 (0) dinf=5.495371286989487e9 (10999) time=32.989025583s
[ Info: iter=3109 obj=1.4191482998488946e6 pinf=0.0 (0) dinf=5.495371124499371e9 (10998) time=33.05762668s
[ Info: iter=3110 obj=1.4191482998488946e6 pinf=0.0 (0) dinf=5.495370765447576e9 (10995) time=33.130364576s
[ Info: iter=3111 obj=1.4191482998488946e6 pinf=0.0 (0) dinf=5.495370628109555e9 (10993) time=33.202622172s
[ Info: iter=3112 obj=1.4191482998488946e6 pinf=0.0 (0) dinf=5.495370456858571e9 (10991) time=33.273646969s
[ Info: iter=3113 obj=1.4191482998488946e6 pinf=0.0 (0) dinf=5.495370516052475e9 (10991) time=33.353313665s
[ Info: iter=3114 obj=1.4191482998488946e6 pinf=0.0 (0) dinf=5.49537051578048e9 (10991) time=33.422261561s
[ Info: iter=3115 obj=1.4191482998488946e6 pinf=0.0 (0) dinf=5.495370215750727e9 (10989) time=33.494485457s
[ Info: iter=3116 obj=1.4191482998488946e6 pinf=0.0 (0) dinf=5.495370061977958e9 (10986) time=33.566059254s
[ Info: iter=3117 obj=1.4191482998488946e6 pinf=0.0 (0) dinf=5.495370540145432e9 (10985) time=33.63832875s
[ Info: iter=3118 obj=1.4191482998488946e6 pinf=0.0 (0) dinf=5.495385363337158e9 (10984) time=33.711714446s
[ Info: iter=3119 obj=1.4191482998488946e6 pinf=0.0 (0) dinf=5.495385360337158e9 (10981) time=33.788121443s
[ Info: iter=3120 obj=1.4191482998488946e6 pinf=0.0 (0) dinf=5.495385357337158e9 (10978) time=33.859775039s
[ Info: iter=3121 obj=1.4191482998488946e6 pinf=0.0 (0) dinf=5.495385354337157e9 (10975) time=33.931022335s
[ Info: iter=3122 obj=1.4191482998488946e6 pinf=0.0 (0) dinf=5.495385351337157e9 (10972) time=34.003295332s
[ Info: iter=3123 obj=1.4191482998488946e6 pinf=0.0 (0) dinf=5.49541883006041e9 (10979) time=34.073411828s
[ Info: iter=3124 obj=1.4191482998488946e6 pinf=0.0 (0) dinf=5.4954331780846615e9 (10982) time=34.148150724s
[ Info: iter=3125 obj=1.4191482998488946e6 pinf=0.0 (0) dinf=5.495463468358084e9 (10992) time=34.220366221s
[ Info: iter=3126 obj=1.4191482998488946e6 pinf=0.0 (0) dinf=5.495461127900229e9 (10999) time=34.290756717s
[ Info: iter=3127 obj=1.4191482998488946e6 pinf=0.0 (0) dinf=5.495457939450397e9 (10998) time=34.365270313s
[ Info: iter=3128 obj=1.4191482998488946e6 pinf=0.0 (0) dinf=5.495483455049067e9 (11006) time=34.43796071s
[ Info: iter=3129 obj=1.4191482998488946e6 pinf=0.0 (0) dinf=5.495508970647737e9 (11014) time=34.508501606s
[ Info: iter=3130 obj=1.4191482998488946e6 pinf=0.0 (0) dinf=5.495535506870353e9 (11023) time=34.581913202s
[ Info: iter=3131 obj=1.4191482998488946e6 pinf=0.0 (0) dinf=5.49552912795979e9 (11021) time=34.661123598s
[ Info: iter=3132 obj=1.4191482998488946e6 pinf=0.0 (0) dinf=5.495522749047741e9 (11019) time=34.737940695s
[ Info: iter=3133 obj=1.4191482998488946e6 pinf=0.0 (0) dinf=5.495513411092869e9 (11017) time=34.817739391s
[ Info: iter=3134 obj=1.4191482998488946e6 pinf=0.0 (0) dinf=5.495529358342038e9 (11022) time=34.887795087s
[ Info: iter=3135 obj=1.4191482998488946e6 pinf=0.0 (0) dinf=5.495519788842444e9 (11019) time=34.957857383s
[ Info: iter=3136 obj=1.4191482998488946e6 pinf=0.0 (0) dinf=5.495510219453588e9 (11016) time=35.033868768s
[ Info: iter=3137 obj=1.4191482998488946e6 pinf=0.0 (0) dinf=5.495500651085207e9 (11013) time=35.103973155s
[ Info: iter=3138 obj=1.4191482998488946e6 pinf=0.0 (0) dinf=5.495491081124977e9 (11010) time=35.173242141s
[ Info: iter=3139 obj=1.4191482998488946e6 pinf=0.0 (0) dinf=5.4954815127754755e9 (11007) time=35.247769027s
[ Info: iter=3140 obj=1.4191482998488946e6 pinf=0.0 (0) dinf=5.495483375422389e9 (11010) time=35.318930413s
[ Info: iter=3141 obj=1.4191482998488946e6 pinf=0.0 (0) dinf=5.495479536627041e9 (11011) time=35.391039599s
[ Info: iter=3142 obj=1.4191482998488946e6 pinf=0.0 (0) dinf=5.495471944425972e9 (11004) time=35.463518884s
[ Info: iter=3143 obj=1.4191482998488946e6 pinf=0.0 (0) dinf=5.495471633572744e9 (11006) time=35.53837547s
[ Info: iter=3144 obj=1.4191482998488946e6 pinf=0.0 (0) dinf=5.495470724645802e9 (11005) time=35.611413456s
[ Info: iter=3145 obj=1.4191482998488946e6 pinf=0.0 (0) dinf=5.495470697871296e9 (11004) time=35.683495841s
[ Info: iter=3146 obj=1.4191482998488946e6 pinf=0.0 (0) dinf=5.4954706826437e9 (10994) time=35.760657726s
[ Info: iter=3147 obj=1.4191482998488946e6 pinf=0.0 (0) dinf=5.495476549029101e9 (10993) time=35.837969211s
[ Info: iter=3148 obj=1.4191482998488946e6 pinf=0.0 (0) dinf=5.495475879193452e9 (10992) time=35.904529798s
[ Info: iter=3149 obj=1.4191482998488946e6 pinf=0.0 (0) dinf=5.495466125347111e9 (10991) time=35.972531885s
[ Info: iter=3150 obj=1.4191482998488946e6 pinf=0.0 (0) dinf=5.495488910809632e9 (10991) time=36.039392972s
[ Info: iter=3151 obj=1.4191482998488946e6 pinf=0.0 (0) dinf=5.495487903130019e9 (10991) time=36.119300756s
[ Info: iter=3152 obj=1.4191482998488946e6 pinf=0.0 (0) dinf=5.495487968595166e9 (10994) time=36.190129042s
[ Info: iter=3153 obj=1.4191482998488946e6 pinf=0.0 (0) dinf=5.495485349217565e9 (10993) time=36.260195029s
[ Info: iter=3154 obj=1.4191482998488946e6 pinf=0.0 (0) dinf=5.495434941751582e9 (10996) time=36.331066715s
[ Info: iter=3155 obj=1.4191482998488946e6 pinf=0.0 (0) dinf=5.495477005978533e9 (10998) time=36.4075542s
[ Info: iter=3156 obj=1.4191482998488946e6 pinf=0.0 (0) dinf=5.49546230250229e9 (10997) time=36.476364286s
[ Info: iter=3157 obj=1.4191482998488946e6 pinf=0.0 (0) dinf=5.495583052379319e9 (11006) time=36.546773973s
[ Info: iter=3158 obj=1.4191482998488946e6 pinf=0.0 (0) dinf=5.495566649979067e9 (11008) time=36.621031858s
[ Info: iter=3159 obj=1.4191482998488946e6 pinf=0.0 (0) dinf=5.495549958226007e9 (11010) time=36.699186243s
[ Info: iter=3160 obj=1.4191482998488946e6 pinf=0.0 (0) dinf=5.49553385736018e9 (11014) time=36.773914228s
[ Info: iter=3161 obj=1.4191482998488946e6 pinf=0.0 (0) dinf=5.495517768486394e9 (11018) time=36.844498014s
[ Info: iter=3162 obj=1.4191482998488946e6 pinf=0.0 (0) dinf=5.495501366086142e9 (11020) time=36.9166216s
[ Info: iter=3163 obj=1.4191482998488946e6 pinf=0.0 (0) dinf=5.495484647206256e9 (11022) time=36.993332585s
[ Info: iter=3164 obj=1.4191482998488946e6 pinf=0.0 (0) dinf=5.49546792832637e9 (11024) time=37.066721171s
[ Info: iter=3165 obj=1.4191482998488946e6 pinf=0.0 (0) dinf=5.495467123288198e9 (11023) time=37.137956457s
[ Info: iter=3166 obj=1.4191482998488946e6 pinf=0.0 (0) dinf=5.495462611768895e9 (11022) time=37.210084943s
[ Info: iter=3167 obj=1.4191482998488946e6 pinf=0.0 (0) dinf=5.4954709241213045e9 (11024) time=37.282387629s
[ Info: iter=3168 obj=1.4191482998488946e6 pinf=0.0 (0) dinf=5.495458226626868e9 (11021) time=37.355852914s
[ Info: iter=3169 obj=1.4191482998488946e6 pinf=0.0 (0) dinf=5.495453367668841e9 (11020) time=37.432578399s
[ Info: iter=3170 obj=1.4191482998488946e6 pinf=0.0 (0) dinf=5.495452744021438e9 (11020) time=37.505466885s
[ Info: iter=3171 obj=1.4191482998488946e6 pinf=0.0 (0) dinf=5.495457317435737e9 (11021) time=37.58260277s
[ Info: iter=3172 obj=1.4191482998488946e6 pinf=0.0 (0) dinf=5.495448245845285e9 (11019) time=37.657917655s
[ Info: iter=3173 obj=1.4191482998488946e6 pinf=0.0 (0) dinf=5.495447635917632e9 (11015) time=37.729743141s
[ Info: iter=3174 obj=1.4191482998488946e6 pinf=0.0 (0) dinf=5.495447032297091e9 (11011) time=37.799448728s
[ Info: iter=3175 obj=1.4191482998488946e6 pinf=0.0 (0) dinf=5.495446733027019e9 (11009) time=37.875105413s
[ Info: iter=3176 obj=1.4191482998488946e6 pinf=0.0 (0) dinf=5.495446420127238e9 (11007) time=37.946808999s
[ Info: iter=3177 obj=1.4191482998488946e6 pinf=0.0 (0) dinf=5.495446237257584e9 (11005) time=38.018720485s
[ Info: iter=3178 obj=1.4191482998488946e6 pinf=0.0 (0) dinf=5.495446563383434e9 (11005) time=38.09316547s
[ Info: iter=3179 obj=1.4191482998488946e6 pinf=0.0 (0) dinf=5.495489980800056e9 (11011) time=38.167403956s
[ Info: iter=3180 obj=1.4191482998488946e6 pinf=0.0 (0) dinf=5.495489872726611e9 (11011) time=38.238183242s
[ Info: iter=3181 obj=1.4191482998488946e6 pinf=0.0 (0) dinf=5.495489764880762e9 (11011) time=38.309226128s
[ Info: iter=3182 obj=1.4191482998488946e6 pinf=0.0 (0) dinf=5.495489656034913e9 (11011) time=38.382357714s
[ Info: iter=3183 obj=1.4191482998488946e6 pinf=0.0 (0) dinf=5.495487558506396e9 (11010) time=38.456835799s
[ Info: iter=3184 obj=1.4191482998488946e6 pinf=0.0 (0) dinf=5.495457627045029e9 (11008) time=38.528510485s
[ Info: iter=3185 obj=1.4191482998488946e6 pinf=0.0 (0) dinf=5.495492538710603e9 (11010) time=38.600181371s
[ Info: iter=3186 obj=1.4191482998488946e6 pinf=0.0 (0) dinf=5.495552905822221e9 (11011) time=38.671677357s
[ Info: iter=3187 obj=1.4191482998488946e6 pinf=0.0 (0) dinf=5.495507628238507e9 (11008) time=38.742747843s
[ Info: iter=3188 obj=1.4191482998488946e6 pinf=0.0 (0) dinf=5.495462114383364e9 (11019) time=38.816532729s
[ Info: iter=3189 obj=1.4191482998488946e6 pinf=0.0 (0) dinf=5.495462575773845e9 (11020) time=38.887494015s
[ Info: iter=3190 obj=1.4191482998488946e6 pinf=0.0 (0) dinf=5.495462838340999e9 (11020) time=38.959315001s
[ Info: iter=3191 obj=1.4191482998488946e6 pinf=0.0 (0) dinf=5.495463606985159e9 (11019) time=39.035129286s
[ Info: iter=3192 obj=1.4191482998488946e6 pinf=0.0 (0) dinf=5.495463699816582e9 (11018) time=39.106270272s
[ Info: iter=3193 obj=1.4191482998488946e6 pinf=0.0 (0) dinf=5.495461933510644e9 (11017) time=39.179484658s
[ Info: iter=3194 obj=1.4191482998488946e6 pinf=0.0 (0) dinf=5.49545982702727e9 (11016) time=39.252624143s
[ Info: iter=3195 obj=1.4191482998488946e6 pinf=0.0 (0) dinf=5.495455908715791e9 (11015) time=39.325411329s
[ Info: iter=3196 obj=1.4191482998488946e6 pinf=0.0 (0) dinf=5.495450815092801e9 (11014) time=39.403314314s
[ Info: iter=3197 obj=1.4191482998488946e6 pinf=0.0 (0) dinf=5.495443656664689e9 (11013) time=39.479903499s
[ Info: iter=3198 obj=1.4191482998488946e6 pinf=0.0 (0) dinf=5.495441642906899e9 (11023) time=39.549602685s
[ Info: iter=3199 obj=1.4191482998488946e6 pinf=0.0 (0) dinf=5.495558344514307e9 (11023) time=39.623327371s
[ Info: iter=3200 obj=1.4191482998488946e6 pinf=0.0 (0) dinf=5.495426690379413e9 (11022) time=39.692829657s
[ Info: iter=3201 obj=1.4191482998488946e6 pinf=0.0 (0) dinf=5.495918427193975e9 (11023) time=39.776531941s
[ Info: iter=3202 obj=1.4191482998488946e6 pinf=0.0 (0) dinf=5.495931116002201e9 (11024) time=39.852284626s
[ Info: iter=3203 obj=1.4191482998488946e6 pinf=0.0 (0) dinf=5.49590879506357e9 (11023) time=39.923414612s
[ Info: iter=3204 obj=1.4191482998488946e6 pinf=0.0 (0) dinf=5.495908795063571e9 (11022) time=39.994958198s
[ Info: iter=3205 obj=1.4191482998488946e6 pinf=0.0 (0) dinf=5.495889116725688e9 (11021) time=40.064889984s
[ Info: iter=3206 obj=1.4191482998488946e6 pinf=0.0 (0) dinf=5.495582925322999e9 (11048) time=40.13928967s
[ Info: iter=3207 obj=1.4191482998488946e6 pinf=0.0 (0) dinf=5.495579635678146e9 (11018) time=40.213421255s
[ Info: iter=3208 obj=1.4191482998488946e6 pinf=0.0 (0) dinf=5.495565519284133e9 (11025) time=40.286360941s
[ Info: iter=3209 obj=1.4191482998488946e6 pinf=0.0 (0) dinf=5.495557490834464e9 (11024) time=40.357742727s
[ Info: iter=3210 obj=1.4191482998488946e6 pinf=0.0 (0) dinf=5.495693049757938e9 (11011) time=40.431606213s
[ Info: iter=3211 obj=1.4191482998488946e6 pinf=0.0 (0) dinf=5.495693150106936e9 (11009) time=40.503750799s
[ Info: iter=3212 obj=1.4191482998488946e6 pinf=0.0 (0) dinf=5.495693250453079e9 (11007) time=40.573924385s
[ Info: iter=3213 obj=1.4191482998488946e6 pinf=0.0 (0) dinf=5.4955885305655775e9 (11004) time=40.64883557s
[ Info: iter=3214 obj=1.4191482998488946e6 pinf=0.0 (0) dinf=5.495678972733469e9 (11016) time=40.723049956s
[ Info: iter=3215 obj=1.4191482998488946e6 pinf=0.0 (0) dinf=5.495662839397295e9 (11023) time=40.798003241s
[ Info: iter=3216 obj=1.4191482998488946e6 pinf=0.0 (0) dinf=5.495653663847409e9 (11022) time=40.869217427s
EVENT refactor_pivot count=300 iter=3249 row=19721 entering=28198 pinf=0.0 dinf=5.4973804995470705e9
PIVOT stored_forward=2.50706790605376e-13 stored_tableau=0.0 direction_norm=8.60362967380059e6 row_residual_ratio=1.0e12
EVENT refactor_pivot count=400 iter=3349 row=14271 entering=23277 pinf=0.0 dinf=5.606037288341943e9
PIVOT stored_forward=6.657553650332074e-12 stored_tableau=0.0 direction_norm=4.2064452789067584e8 row_residual_ratio=1.0e12
EVENT refactor_pivot count=500 iter=3449 row=14271 entering=28198 pinf=0.0 dinf=5.961553616438018e9
PIVOT stored_forward=3.4983893127981e-12 stored_tableau=0.0 direction_norm=8.60362967380059e6 row_residual_ratio=1.0e12
EVENT correction_attempt count=100 iter=3498 row=14271 entering=2977 pinf=0.0 dinf=5.709815769186172e9
[ Info: iter=3217 obj=1.4191482998488946e6 pinf=0.0 (0) dinf=5.498417639746125e9 (11027) time=40.941607713s
[ Info: iter=3218 obj=1.4191482998488946e6 pinf=0.0 (0) dinf=5.495789481326842e9 (10999) time=41.015250699s
[ Info: iter=3219 obj=1.4191482998488946e6 pinf=0.0 (0) dinf=5.495843066238447e9 (10995) time=41.089810384s
[ Info: iter=3220 obj=1.4191482998488946e6 pinf=0.0 (0) dinf=5.495565191236755e9 (11019) time=41.165301169s
[ Info: iter=3221 obj=1.4191482998488946e6 pinf=0.0 (0) dinf=5.495772018258008e9 (11022) time=41.239359155s
[ Info: iter=3222 obj=1.4191482998488946e6 pinf=0.0 (0) dinf=5.495701463820067e9 (11016) time=41.31290984s
[ Info: iter=3223 obj=1.4191482998488946e6 pinf=0.0 (0) dinf=5.495862125755679e9 (11044) time=41.388404026s
[ Info: iter=3224 obj=1.4191482998488946e6 pinf=0.0 (0) dinf=5.495742568913688e9 (11018) time=41.461990211s
[ Info: iter=3225 obj=1.4191482998488946e6 pinf=0.0 (0) dinf=5.495660763945082e9 (11018) time=41.535285797s
[ Info: iter=3226 obj=1.4191482998488946e6 pinf=0.0 (0) dinf=5.495656417002073e9 (11018) time=41.607773383s
[ Info: iter=3227 obj=1.4191482998488946e6 pinf=0.0 (0) dinf=5.495737889519904e9 (11016) time=41.678153369s
[ Info: iter=3228 obj=1.4191482998488946e6 pinf=0.0 (0) dinf=5.495656850535077e9 (11019) time=41.748442655s
[ Info: iter=3229 obj=1.4191482998488946e6 pinf=0.0 (0) dinf=5.495656252337186e9 (11017) time=41.822310541s
[ Info: iter=3230 obj=1.4191482998488946e6 pinf=0.0 (0) dinf=5.495813536921583e9 (11020) time=41.894495127s
[ Info: iter=3231 obj=1.4191482998488946e6 pinf=0.0 (0) dinf=5.495671696043978e9 (11017) time=41.966323812s
[ Info: iter=3232 obj=1.4191482998488946e6 pinf=0.0 (0) dinf=5.495676394727309e9 (11019) time=42.039109998s
[ Info: iter=3233 obj=1.4191482998488946e6 pinf=0.0 (0) dinf=5.495679566772221e9 (11022) time=42.108906985s
[ Info: iter=3234 obj=1.4191482998488946e6 pinf=0.0 (0) dinf=5.495673096501476e9 (11018) time=42.178627171s
[ Info: iter=3235 obj=1.4191482998488946e6 pinf=0.0 (0) dinf=5.496051713543592e9 (11019) time=42.252965556s
[ Info: iter=3236 obj=1.4191482998488946e6 pinf=0.0 (0) dinf=5.495627522731348e9 (11015) time=42.325641042s
[ Info: iter=3237 obj=1.4191482998488946e6 pinf=0.0 (0) dinf=5.495841845902301e9 (11016) time=42.397849228s
[ Info: iter=3238 obj=1.4191482998488946e6 pinf=0.0 (0) dinf=5.495851822874047e9 (11016) time=42.471999014s
[ Info: iter=3239 obj=1.4191482998488946e6 pinf=0.0 (0) dinf=5.49599550121689e9 (11016) time=42.546309699s
[ Info: iter=3240 obj=1.4191482998488946e6 pinf=0.0 (0) dinf=5.49586722706737e9 (11025) time=42.619321185s
[ Info: iter=3241 obj=1.4191482998488946e6 pinf=0.0 (0) dinf=5.495874929896882e9 (11026) time=42.69302277s
[ Info: iter=3242 obj=1.4191482998488946e6 pinf=0.0 (0) dinf=5.495882106113719e9 (11027) time=42.764032956s
[ Info: iter=3243 obj=1.4191482998488946e6 pinf=0.0 (0) dinf=5.495868373058389e9 (11031) time=42.839427042s
[ Info: iter=3244 obj=1.4191482998488946e6 pinf=0.0 (0) dinf=5.495888404370478e9 (11033) time=42.907873728s
[ Info: iter=3245 obj=1.4191482998488946e6 pinf=0.0 (0) dinf=5.495901409034356e9 (11036) time=42.978089416s
[ Info: iter=3246 obj=1.4191482998488946e6 pinf=0.0 (0) dinf=5.495874501422381e9 (11032) time=43.047802917s
[ Info: iter=3247 obj=1.4191482998488946e6 pinf=0.0 (0) dinf=5.495637287416999e9 (11030) time=43.120139917s
[ Info: iter=3248 obj=1.4191482998488946e6 pinf=0.0 (0) dinf=5.495728132056113e9 (11031) time=43.192258918s
[ Info: iter=3249 obj=1.4191482998488946e6 pinf=0.0 (0) dinf=5.4973804995470705e9 (11033) time=43.264734819s
[ Info: iter=3250 obj=1.4191482998488946e6 pinf=0.0 (0) dinf=5.496133723438858e9 (11030) time=43.338064219s
[ Info: iter=3251 obj=1.4191482998488946e6 pinf=0.0 (0) dinf=5.496017353559286e9 (11029) time=43.41298242s
[ Info: iter=3252 obj=1.4191482998488946e6 pinf=0.0 (0) dinf=5.5493412455960455e9 (11059) time=43.48843472s
[ Info: iter=3253 obj=1.4191482998488946e6 pinf=0.0 (0) dinf=5.549232833805821e9 (11057) time=43.562375821s
[ Info: iter=3254 obj=1.4191482998488946e6 pinf=0.0 (0) dinf=5.549353163838488e9 (11056) time=43.632329122s
[ Info: iter=3255 obj=1.4191482998488946e6 pinf=0.0 (0) dinf=5.549324160266829e9 (11055) time=43.705779722s
[ Info: iter=3256 obj=1.4191482998488946e6 pinf=0.0 (0) dinf=5.549292993603556e9 (11056) time=43.776698723s
[ Info: iter=3257 obj=1.4191482998488946e6 pinf=0.0 (0) dinf=5.548741940439567e9 (11056) time=43.852108523s
[ Info: iter=3258 obj=1.4191482998488946e6 pinf=0.0 (0) dinf=5.549295696584355e9 (11059) time=43.924842724s
[ Info: iter=3259 obj=1.4191482998488946e6 pinf=0.0 (0) dinf=5.549293626333417e9 (11057) time=43.998628525s
[ Info: iter=3260 obj=1.4191482998488946e6 pinf=0.0 (0) dinf=5.552170915976838e9 (11056) time=44.074427725s
[ Info: iter=3261 obj=1.4191482998488946e6 pinf=0.0 (0) dinf=5.5502535786417675e9 (11055) time=44.146085926s
[ Info: iter=3262 obj=1.4191482998488946e6 pinf=0.0 (0) dinf=5.550258368572207e9 (11055) time=44.221264726s
[ Info: iter=3263 obj=1.4191482998488946e6 pinf=0.0 (0) dinf=5.55212615504954e9 (11053) time=44.297381927s
[ Info: iter=3264 obj=1.4191482998488946e6 pinf=0.0 (0) dinf=5.548345847011854e9 (11055) time=44.370581928s
[ Info: iter=3265 obj=1.4191482998488946e6 pinf=0.0 (0) dinf=5.5480395663780155e9 (11054) time=44.445771028s
[ Info: iter=3266 obj=1.4191482998488946e6 pinf=0.0 (0) dinf=5.55091685598875e9 (11055) time=44.521683329s
[ Info: iter=3267 obj=1.4191482998488946e6 pinf=0.0 (0) dinf=5.549000787156031e9 (11054) time=44.596297729s
[ Info: iter=3268 obj=1.4191482998488946e6 pinf=0.0 (0) dinf=5.547096013420005e9 (11052) time=44.67166693s
[ Info: iter=3269 obj=1.4191482998488946e6 pinf=0.0 (0) dinf=5.547092128588456e9 (11052) time=44.746450731s
[ Info: iter=3270 obj=1.4191482998488946e6 pinf=0.0 (0) dinf=5.549969418194733e9 (11053) time=44.823271931s
[ Info: iter=3271 obj=1.4191482998488946e6 pinf=0.0 (0) dinf=5.548036230460563e9 (11051) time=44.898553232s
[ Info: iter=3272 obj=1.4191482998488946e6 pinf=0.0 (0) dinf=5.548038566344884e9 (11051) time=44.969888532s
[ Info: iter=3273 obj=1.4191482998488946e6 pinf=0.0 (0) dinf=5.546199491533315e9 (11049) time=45.044377533s
[ Info: iter=3274 obj=1.4191482998488946e6 pinf=0.0 (0) dinf=5.546084398950114e9 (11049) time=45.120190834s
[ Info: iter=3275 obj=1.4191482998488946e6 pinf=0.0 (0) dinf=5.546019459960557e9 (11048) time=45.194813234s
[ Info: iter=3276 obj=1.4191482998488946e6 pinf=0.0 (0) dinf=5.545702957442951e9 (11048) time=45.270631335s
[ Info: iter=3277 obj=1.4191482998488946e6 pinf=0.0 (0) dinf=5.548695335067483e9 (11049) time=45.346706035s
[ Info: iter=3278 obj=1.4191482998488946e6 pinf=0.0 (0) dinf=5.546765915621517e9 (11048) time=45.423031636s
[ Info: iter=3279 obj=1.4191482998488946e6 pinf=0.0 (0) dinf=5.544867776170633e9 (11046) time=45.497724037s
[ Info: iter=3280 obj=1.4191482998488946e6 pinf=0.0 (0) dinf=5.544863848076143e9 (11046) time=45.567341937s
[ Info: iter=3281 obj=1.4191482998488946e6 pinf=0.0 (0) dinf=5.544875808133507e9 (11045) time=45.644383538s
[ Info: iter=3282 obj=1.4191482998488946e6 pinf=0.0 (0) dinf=5.553909176810262e9 (11049) time=45.720631538s
[ Info: iter=3283 obj=1.4191482998488946e6 pinf=0.0 (0) dinf=5.544875807338244e9 (11045) time=45.798894239s
[ Info: iter=3284 obj=1.4191482998488946e6 pinf=0.0 (0) dinf=5.544732432040589e9 (11040) time=45.87463684s
[ Info: iter=3285 obj=1.4191482998488946e6 pinf=0.0 (0) dinf=5.54461734064841e9 (11040) time=45.94956444s
[ Info: iter=3286 obj=1.4191482998488946e6 pinf=0.0 (0) dinf=5.547609716851821e9 (11041) time=46.024160341s
[ Info: iter=3287 obj=1.4191482998488946e6 pinf=0.0 (0) dinf=5.545680298288453e9 (11040) time=46.100214442s
[ Info: iter=3288 obj=1.4191482998488946e6 pinf=0.0 (0) dinf=5.543782159739015e9 (11038) time=46.175456142s
[ Info: iter=3289 obj=1.4191482998488946e6 pinf=0.0 (0) dinf=5.543778231650309e9 (11038) time=46.247242243s
[ Info: iter=3290 obj=1.4191482998488946e6 pinf=0.0 (0) dinf=5.543790191714924e9 (11037) time=46.325068543s
[ Info: iter=3291 obj=1.4191482998488946e6 pinf=0.0 (0) dinf=5.546651939327193e9 (11038) time=46.402044344s
[ Info: iter=3292 obj=1.4191482998488946e6 pinf=0.0 (0) dinf=5.543790191714924e9 (11036) time=46.476428945s
[ Info: iter=3293 obj=1.4191482998488946e6 pinf=0.0 (0) dinf=5.578757657397118e9 (11041) time=46.554644245s
[ Info: iter=3294 obj=1.4191482998488946e6 pinf=0.0 (0) dinf=5.57376702850809e9 (11040) time=46.633797546s
[ Info: iter=3295 obj=1.4191482998488946e6 pinf=0.0 (0) dinf=5.569555274932978e9 (11044) time=46.713065847s
[ Info: iter=3296 obj=1.4191482998488946e6 pinf=0.0 (0) dinf=5.568264018966837e9 (11046) time=46.797007547s
[ Info: iter=3297 obj=1.4191482998488946e6 pinf=0.0 (0) dinf=5.568136233049357e9 (11042) time=46.877048648s
[ Info: iter=3298 obj=1.4191482998488946e6 pinf=0.0 (0) dinf=1.273353919237629e10 (11096) time=46.956234449s
[ Info: iter=3299 obj=1.4191482998488946e6 pinf=0.0 (0) dinf=1.2733331151203476e10 (11096) time=47.038245249s
[ Info: iter=3300 obj=1.4191482998488946e6 pinf=0.0 (0) dinf=1.2732518338044216e10 (11095) time=47.11647315s
[ Info: iter=3301 obj=1.4191482998488946e6 pinf=0.0 (0) dinf=1.2731705524861568e10 (11094) time=47.19549595s
[ Info: iter=3302 obj=1.4191482998488946e6 pinf=0.0 (0) dinf=1.2704158871829092e10 (11094) time=47.274776051s
[ Info: iter=3303 obj=1.4191482998488946e6 pinf=0.0 (0) dinf=1.2704576550510384e10 (11095) time=47.360563852s
[ Info: iter=3304 obj=1.4191482998488946e6 pinf=0.0 (0) dinf=1.2704968085944395e10 (11096) time=47.440992052s
[ Info: iter=3305 obj=1.4191482998488946e6 pinf=0.0 (0) dinf=1.2704719719104153e10 (11100) time=47.521098353s
[ Info: iter=3306 obj=1.4191482998488946e6 pinf=0.0 (0) dinf=1.2703466274289488e10 (11093) time=47.604486854s
[ Info: iter=3307 obj=1.4191482998488946e6 pinf=0.0 (0) dinf=1.2702628024845377e10 (11090) time=47.690388454s
[ Info: iter=3308 obj=1.4191482998488946e6 pinf=0.0 (0) dinf=5.805021094091719e9 (11093) time=47.770784955s
[ Info: iter=3309 obj=1.4191482998488946e6 pinf=0.0 (0) dinf=5.805021094091718e9 (11092) time=47.848605856s
[ Info: iter=3310 obj=1.4191482998488946e6 pinf=0.0 (0) dinf=5.626637781243258e9 (11098) time=47.927071656s
[ Info: iter=3311 obj=1.4191482998488946e6 pinf=0.0 (0) dinf=5.574710347997105e9 (11106) time=48.007612657s
[ Info: iter=3312 obj=1.4191482998488946e6 pinf=0.0 (0) dinf=5.574234829797522e9 (11105) time=48.085307658s
[ Info: iter=3313 obj=1.4191482998488946e6 pinf=0.0 (0) dinf=5.577127517407847e9 (11107) time=48.165643758s
[ Info: iter=3314 obj=1.4191482998488946e6 pinf=0.0 (0) dinf=5.583610618696137e9 (11103) time=48.241553959s
[ Info: iter=3315 obj=1.4191482998488946e6 pinf=0.0 (0) dinf=5.580764088042359e9 (11100) time=48.32239496s
[ Info: iter=3316 obj=1.4191482998488946e6 pinf=0.0 (0) dinf=5.577117874105908e9 (11106) time=48.39943096s
[ Info: iter=3317 obj=1.4191482998488946e6 pinf=0.0 (0) dinf=5.5776464233385315e9 (11102) time=48.477370261s
[ Info: iter=3318 obj=1.4191482998488946e6 pinf=0.0 (0) dinf=5.577600792163165e9 (11107) time=48.556954061s
[ Info: iter=3319 obj=1.4191482998488946e6 pinf=0.0 (0) dinf=5.577600810249126e9 (11106) time=48.615532862s
[ Info: iter=3320 obj=1.4191482998488946e6 pinf=0.0 (0) dinf=5.577600746508645e9 (11105) time=48.662314362s
[ Info: iter=3321 obj=1.4191482998488946e6 pinf=0.0 (0) dinf=5.577600759782325e9 (11105) time=48.731694063s
[ Info: iter=3322 obj=1.4191482998488946e6 pinf=0.0 (0) dinf=5.577600777680145e9 (11104) time=48.803210763s
[ Info: iter=3323 obj=1.4191482998488946e6 pinf=0.0 (0) dinf=5.577600678313918e9 (11103) time=48.865548264s
[ Info: iter=3324 obj=1.4191482998488946e6 pinf=0.0 (0) dinf=5.577600725073046e9 (11104) time=48.932467965s
[ Info: iter=3325 obj=1.4191482998488946e6 pinf=0.0 (0) dinf=5.577599561103653e9 (11103) time=49.009045865s
[ Info: iter=3326 obj=1.4191482998488946e6 pinf=0.0 (0) dinf=5.577599541565874e9 (11102) time=49.075842566s
[ Info: iter=3327 obj=1.4191482998488946e6 pinf=0.0 (0) dinf=5.577599473012131e9 (11101) time=49.149184366s
[ Info: iter=3328 obj=1.4191482998488946e6 pinf=0.0 (0) dinf=5.577599120828873e9 (11100) time=49.214637567s
[ Info: iter=3329 obj=1.4191482998488946e6 pinf=0.0 (0) dinf=5.577599297812072e9 (11100) time=49.284738667s
[ Info: iter=3330 obj=1.4191482998488946e6 pinf=0.0 (0) dinf=5.577599280882461e9 (11099) time=49.354922768s
[ Info: iter=3331 obj=1.4191482998488946e6 pinf=0.0 (0) dinf=5.577586251828753e9 (11098) time=49.432839069s
[ Info: iter=3332 obj=1.4191482998488946e6 pinf=0.0 (0) dinf=5.577523968319732e9 (11095) time=49.508885369s
[ Info: iter=3333 obj=1.4191482998488946e6 pinf=0.0 (0) dinf=5.577498778755576e9 (11094) time=49.58650597s
[ Info: iter=3334 obj=1.4191482998488946e6 pinf=0.0 (0) dinf=5.577473589203367e9 (11094) time=49.66890247s
[ Info: iter=3335 obj=1.4191482998488946e6 pinf=0.0 (0) dinf=5.577587632637459e9 (11097) time=49.749242571s
[ Info: iter=3336 obj=1.4191482998488946e6 pinf=0.0 (0) dinf=5.577562443073304e9 (11096) time=49.823186472s
[ Info: iter=3337 obj=1.4191482998488946e6 pinf=0.0 (0) dinf=5.579088479018424e9 (11096) time=49.899240272s
[ Info: iter=3338 obj=1.4191482998488946e6 pinf=0.0 (0) dinf=5.577117857637209e9 (11098) time=49.975447773s
[ Info: iter=3339 obj=1.4191482998488946e6 pinf=0.0 (0) dinf=5.582029197454901e9 (11095) time=50.054206374s
[ Info: iter=3340 obj=1.4191482998488946e6 pinf=0.0 (0) dinf=5.575223054317827e9 (11100) time=50.130976274s
[ Info: iter=3341 obj=1.4191482998488946e6 pinf=0.0 (0) dinf=5.575213412025888e9 (11100) time=50.211781375s
[ Info: iter=3342 obj=1.4191482998488946e6 pinf=0.0 (0) dinf=5.574037333818624e9 (11099) time=50.298027876s
[ Info: iter=3343 obj=1.4191482998488946e6 pinf=0.0 (0) dinf=5.573631348535732e9 (11098) time=50.380723776s
[ Info: iter=3344 obj=1.4191482998488946e6 pinf=0.0 (0) dinf=5.573639500435148e9 (11097) time=50.464269077s
[ Info: iter=3345 obj=1.4191482998488946e6 pinf=0.0 (0) dinf=5.582566887926664e9 (11090) time=50.541033178s
[ Info: iter=3346 obj=1.4191482998488946e6 pinf=0.0 (0) dinf=5.5824533502548485e9 (11091) time=50.617042978s
[ Info: iter=3347 obj=1.4191482998488946e6 pinf=0.0 (0) dinf=5.583954458054874e9 (11087) time=50.698222379s
[ Info: iter=3348 obj=1.4191482998488946e6 pinf=0.0 (0) dinf=5.5854555658549e9 (11085) time=50.78116438s
[ Info: iter=3349 obj=1.4191482998488946e6 pinf=0.0 (0) dinf=5.606037288341943e9 (11089) time=50.86093898s
[ Info: iter=3350 obj=1.4191482998488946e6 pinf=0.0 (0) dinf=5.605734640991441e9 (11087) time=50.940301581s
[ Info: iter=3351 obj=1.4191482998488946e6 pinf=0.0 (0) dinf=5.606037294627155e9 (11087) time=51.016792479s
[ Info: iter=3352 obj=1.4191482998488946e6 pinf=0.0 (0) dinf=5.581929927446378e9 (11082) time=51.093251576s
[ Info: iter=3353 obj=1.4191482998488946e6 pinf=0.0 (0) dinf=5.57929160308681e9 (11103) time=51.172602672s
[ Info: iter=3354 obj=1.4191482998488946e6 pinf=0.0 (0) dinf=5.582994690164627e9 (11105) time=51.246913568s
[ Info: iter=3355 obj=1.4191482998488946e6 pinf=0.0 (0) dinf=5.580328298659027e9 (11109) time=51.323634264s
[ Info: iter=3356 obj=1.4191482998488946e6 pinf=0.0 (0) dinf=5.579504896970585e9 (11110) time=51.398819861s
[ Info: iter=3357 obj=1.4191482998488946e6 pinf=0.0 (0) dinf=5.579504144114244e9 (11110) time=51.471582357s
[ Info: iter=3358 obj=1.4191482998488946e6 pinf=0.0 (0) dinf=5.579503391551582e9 (11109) time=51.543970453s
[ Info: iter=3359 obj=1.4191482998488946e6 pinf=0.0 (0) dinf=5.578680578093571e9 (11110) time=51.62143155s
[ Info: iter=3360 obj=1.4191482998488946e6 pinf=0.0 (0) dinf=5.57858276911515e9 (11106) time=51.696503546s
[ Info: iter=3361 obj=1.4191482998488946e6 pinf=0.0 (0) dinf=5.575026391104069e9 (11105) time=51.779741042s
[ Info: iter=3362 obj=1.4191482998488946e6 pinf=0.0 (0) dinf=5.573965947502452e9 (11103) time=51.852610838s
[ Info: iter=3363 obj=1.4191482998488946e6 pinf=0.0 (0) dinf=5.572907725781298e9 (11102) time=51.927608934s
[ Info: iter=3364 obj=1.4191482998488946e6 pinf=0.0 (0) dinf=5.572906911269031e9 (11102) time=52.003383031s
[ Info: iter=3365 obj=1.4191482998488946e6 pinf=0.0 (0) dinf=5.572903583468484e9 (11101) time=52.078801427s
[ Info: iter=3366 obj=1.4191482998488946e6 pinf=0.0 (0) dinf=5.572900255667936e9 (11101) time=52.153519223s
[ Info: iter=3367 obj=1.4191482998488946e6 pinf=0.0 (0) dinf=5.573781439695416e9 (11101) time=52.22835822s
[ Info: iter=3368 obj=1.4191482998488946e6 pinf=0.0 (0) dinf=5.573778512750177e9 (11101) time=52.306174516s
[ Info: iter=3369 obj=1.4191482998488946e6 pinf=0.0 (0) dinf=5.572901317652531e9 (11100) time=52.380658012s
[ Info: iter=3370 obj=1.4191482998488946e6 pinf=0.0 (0) dinf=5.572294863595651e9 (11100) time=52.455113408s
[ Info: iter=3371 obj=1.4191482998488946e6 pinf=0.0 (0) dinf=5.572907131233428e9 (11103) time=52.531259505s
[ Info: iter=3372 obj=1.4191482998488946e6 pinf=0.0 (0) dinf=5.57290475113823e9 (11103) time=52.605343401s
[ Info: iter=3373 obj=1.4191482998488946e6 pinf=0.0 (0) dinf=5.57290237133671e9 (11102) time=52.676412898s
[ Info: iter=3374 obj=1.4191482998488946e6 pinf=0.0 (0) dinf=5.572568029040835e9 (11101) time=52.748363194s
[ Info: iter=3375 obj=1.4191482998488946e6 pinf=0.0 (0) dinf=5.572564939486453e9 (11101) time=52.82136989s
[ Info: iter=3376 obj=1.4191482998488946e6 pinf=0.0 (0) dinf=5.572561511427263e9 (11100) time=52.893138287s
[ Info: iter=3377 obj=1.4191482998488946e6 pinf=0.0 (0) dinf=5.572559411787939e9 (11099) time=52.967168883s
[ Info: iter=3378 obj=1.4191482998488946e6 pinf=0.0 (0) dinf=5.578300735023104e9 (11103) time=53.043131279s
[ Info: iter=3379 obj=1.4191482998488946e6 pinf=0.0 (0) dinf=5.578300735023104e9 (11102) time=53.122254176s
[ Info: iter=3380 obj=1.4191482998488946e6 pinf=0.0 (0) dinf=5.573993252861218e9 (11109) time=53.204016671s
[ Info: iter=3381 obj=1.4191482998488946e6 pinf=0.0 (0) dinf=5.573143716851008e9 (11116) time=53.276384068s
[ Info: iter=3382 obj=1.4191482998488946e6 pinf=0.0 (0) dinf=5.572666196150741e9 (11107) time=53.347979564s
[ Info: iter=3383 obj=1.4191482998488946e6 pinf=0.0 (0) dinf=5.5734574368491955e9 (11106) time=53.43056546s
[ Info: iter=3384 obj=1.4191482998488946e6 pinf=0.0 (0) dinf=5.575395403195663e9 (11105) time=53.510690456s
[ Info: iter=3385 obj=1.4191482998488946e6 pinf=0.0 (0) dinf=5.575085171838084e9 (11105) time=53.595011052s
[ Info: iter=3386 obj=1.4191482998488946e6 pinf=0.0 (0) dinf=5.578278954910892e9 (11106) time=53.676146748s
[ Info: iter=3387 obj=1.4191482998488946e6 pinf=0.0 (0) dinf=5.576380179973309e9 (11105) time=53.754309844s
[ Info: iter=3388 obj=1.4191482998488946e6 pinf=0.0 (0) dinf=5.574481512296593e9 (11103) time=53.83382234s
[ Info: iter=3389 obj=1.4191482998488946e6 pinf=0.0 (0) dinf=5.58254749806639e9 (11104) time=53.916152636s
[ Info: iter=3390 obj=1.4191482998488946e6 pinf=0.0 (0) dinf=5.5826681829932575e9 (11104) time=53.993809132s
[ Info: iter=3391 obj=1.4191482998488946e6 pinf=0.0 (0) dinf=5.582668222802895e9 (11101) time=54.072691629s
[ Info: iter=3392 obj=1.4191482998488946e6 pinf=0.0 (0) dinf=5.57564626534024e9 (11102) time=54.148438925s
[ Info: iter=3393 obj=1.4191482998488946e6 pinf=0.0 (0) dinf=5.575653805531783e9 (11099) time=54.219938721s
[ Info: iter=3394 obj=1.4191482998488946e6 pinf=0.0 (0) dinf=5.575644598681681e9 (11099) time=54.295305518s
[ Info: iter=3395 obj=1.4191482998488946e6 pinf=0.0 (0) dinf=5.615785578099323e9 (11099) time=54.366677914s
[ Info: iter=3396 obj=1.4191482998488946e6 pinf=0.0 (0) dinf=5.551177605040368e9 (11097) time=54.438342011s
[ Info: iter=3397 obj=1.4191482998488946e6 pinf=0.0 (0) dinf=5.5530233202803335e9 (11099) time=54.510005107s
[ Info: iter=3398 obj=1.4191482998488946e6 pinf=0.0 (0) dinf=5.553056905462074e9 (11099) time=54.582498403s
[ Info: iter=3399 obj=1.4191482998488946e6 pinf=0.0 (0) dinf=5.553046724727045e9 (11098) time=54.6605061s
[ Info: iter=3400 obj=1.4191482998488946e6 pinf=0.0 (0) dinf=5.547929938077924e9 (11096) time=54.736486196s
[ Info: iter=3401 obj=1.4191482998488946e6 pinf=0.0 (0) dinf=5.547926312667805e9 (11096) time=54.811213792s
[ Info: iter=3402 obj=1.4191482998488946e6 pinf=0.0 (0) dinf=5.547909578045937e9 (11096) time=54.889048788s
[ Info: iter=3403 obj=1.4191482998488946e6 pinf=0.0 (0) dinf=5.545465072997292e9 (11095) time=54.963877685s
[ Info: iter=3404 obj=1.4191482998488946e6 pinf=0.0 (0) dinf=5.545140737889369e9 (11095) time=55.042604281s
[ Info: iter=3405 obj=1.4191482998488946e6 pinf=0.0 (0) dinf=5.553573450714385e9 (11096) time=55.116623877s
[ Info: iter=3406 obj=1.4191482998488946e6 pinf=0.0 (0) dinf=5.548199632192679e9 (11097) time=55.190308773s
[ Info: iter=3407 obj=1.4191482998488946e6 pinf=0.0 (0) dinf=5.548234555614589e9 (11097) time=55.26448947s
[ Info: iter=3408 obj=1.4191482998488946e6 pinf=0.0 (0) dinf=5.548223969223528e9 (11096) time=55.339145166s
[ Info: iter=3409 obj=1.4191482998488946e6 pinf=0.0 (0) dinf=5.542874912131016e9 (11094) time=55.421677362s
[ Info: iter=3410 obj=1.4191482998488946e6 pinf=0.0 (0) dinf=5.5428712867186985e9 (11094) time=55.507410458s
[ Info: iter=3411 obj=1.4191482998488946e6 pinf=0.0 (0) dinf=5.542853626689746e9 (11094) time=55.587682854s
[ Info: iter=3412 obj=1.4191482998488946e6 pinf=0.0 (0) dinf=5.542981139026252e9 (11095) time=55.66004025s
[ Info: iter=3413 obj=1.4191482998488946e6 pinf=0.0 (0) dinf=5.542972590679012e9 (11095) time=55.735125247s
[ Info: iter=3414 obj=1.4191482998488946e6 pinf=0.0 (0) dinf=5.54314286501109e9 (11094) time=55.815923343s
[ Info: iter=3415 obj=1.4191482998488946e6 pinf=0.0 (0) dinf=5.543113950729786e9 (11093) time=55.890581339s
[ Info: iter=3416 obj=1.4191482998488946e6 pinf=0.0 (0) dinf=5.542919921624889e9 (11088) time=55.964536535s
[ Info: iter=3417 obj=1.4191482998488946e6 pinf=0.0 (0) dinf=5.542995835314906e9 (11089) time=56.040514431s
[ Info: iter=3418 obj=1.4191482998488946e6 pinf=0.0 (0) dinf=5.543071748980054e9 (11090) time=56.118923928s
[ Info: iter=3419 obj=1.4191482998488946e6 pinf=0.0 (0) dinf=5.565459953643545e9 (11093) time=56.198546824s
[ Info: iter=3420 obj=1.4191482998488946e6 pinf=0.0 (0) dinf=5.570294012691299e9 (11095) time=56.27874772s
[ Info: iter=3421 obj=1.4191482998488946e6 pinf=0.0 (0) dinf=5.568565350825113e9 (11094) time=56.355725516s
[ Info: iter=3422 obj=1.4191482998488946e6 pinf=0.0 (0) dinf=5.566836688731331e9 (11093) time=56.436385312s
[ Info: iter=3423 obj=1.4191482998488946e6 pinf=0.0 (0) dinf=5.565764599465282e9 (11092) time=56.517738208s
[ Info: iter=3424 obj=1.4191482998488946e6 pinf=0.0 (0) dinf=5.548567553450682e9 (11090) time=56.595536004s
[ Info: iter=3425 obj=1.4191482998488946e6 pinf=0.0 (0) dinf=5.570062149144956e9 (11093) time=56.6776915s
[ Info: iter=3426 obj=1.4191482998488946e6 pinf=0.0 (0) dinf=5.601580238683716e9 (11094) time=56.757805396s
[ Info: iter=3427 obj=1.4191482998488946e6 pinf=0.0 (0) dinf=5.577941669279646e9 (11091) time=56.839000392s
[ Info: iter=3428 obj=1.4191482998488946e6 pinf=0.0 (0) dinf=5.564446156614696e9 (11108) time=56.921645488s
[ Info: iter=3429 obj=1.4191482998488946e6 pinf=0.0 (0) dinf=5.585330897600539e9 (11091) time=56.997502484s
[ Info: iter=3430 obj=1.4191482998488946e6 pinf=0.0 (0) dinf=5.544168632341125e9 (11106) time=57.07505098s
[ Info: iter=3431 obj=1.4191482998488946e6 pinf=0.0 (0) dinf=5.543969373453168e9 (11106) time=57.156748676s
[ Info: iter=3432 obj=1.4191482998488946e6 pinf=0.0 (0) dinf=5.543934577413777e9 (11103) time=57.232689473s
[ Info: iter=3433 obj=1.4191482998488946e6 pinf=0.0 (0) dinf=5.543899781429912e9 (11100) time=57.313602069s
[ Info: iter=3434 obj=1.4191482998488946e6 pinf=0.0 (0) dinf=5.543853794590326e9 (11098) time=57.390719065s
[ Info: iter=3435 obj=1.4191482998488946e6 pinf=0.0 (0) dinf=5.597389360798126e9 (11088) time=57.472297461s
[ Info: iter=3436 obj=1.4191482998488946e6 pinf=0.0 (0) dinf=5.605428534741243e9 (11086) time=57.553711357s
[ Info: iter=3437 obj=1.4191482998488946e6 pinf=0.0 (0) dinf=5.635646795540497e9 (11088) time=57.636274053s
[ Info: iter=3438 obj=1.4191482998488946e6 pinf=0.0 (0) dinf=5.635552234256318e9 (11084) time=57.710980649s
[ Info: iter=3439 obj=1.4191482998488946e6 pinf=0.0 (0) dinf=5.635646789544614e9 (11085) time=57.791948545s
[ Info: iter=3440 obj=1.4191482998488946e6 pinf=0.0 (0) dinf=5.6346580587689905e9 (11086) time=57.869097341s
[ Info: iter=3441 obj=1.4191482998488946e6 pinf=0.0 (0) dinf=5.563585593373666e9 (11097) time=57.942253438s
[ Info: iter=3442 obj=1.4191482998488946e6 pinf=0.0 (0) dinf=5.543940422605568e9 (11144) time=58.013498434s
[ Info: iter=3443 obj=1.4191482998488946e6 pinf=0.0 (0) dinf=5.608933919516653e9 (11149) time=58.08999373s
[ Info: iter=3444 obj=1.4191482998488946e6 pinf=0.0 (0) dinf=5.609354663840046e9 (11148) time=58.159248227s
[ Info: iter=3445 obj=1.4191482998488946e6 pinf=0.0 (0) dinf=5.580642567061105e9 (11094) time=58.229291723s
[ Info: iter=3446 obj=1.4191482998488946e6 pinf=0.0 (0) dinf=5.694112351414844e9 (11096) time=58.30374962s
[ Info: iter=3447 obj=1.4191482998488946e6 pinf=0.0 (0) dinf=5.611621959189744e9 (11153) time=58.378609916s
[ Info: iter=3448 obj=1.4191482998488946e6 pinf=0.0 (0) dinf=5.96378454148701e9 (11157) time=58.455680112s
[ Info: iter=3449 obj=1.4191482998488946e6 pinf=0.0 (0) dinf=5.961553616438018e9 (11151) time=58.529285109s
[ Info: iter=3450 obj=1.4191482998488946e6 pinf=0.0 (0) dinf=5.93592032023974e9 (11140) time=58.606436605s
[ Info: iter=3451 obj=1.4191482998488946e6 pinf=0.0 (0) dinf=5.945815019958574e9 (11145) time=58.682353601s
[ Info: iter=3452 obj=1.4191482998488946e6 pinf=0.0 (0) dinf=5.94581501995904e9 (11145) time=58.758612797s
[ Info: iter=3453 obj=1.4191482998488946e6 pinf=0.0 (0) dinf=5.945748481559402e9 (11142) time=58.829759794s
[ Info: iter=3454 obj=1.4191482998488946e6 pinf=0.0 (0) dinf=5.947280850296273e9 (11146) time=58.90092029s
[ Info: iter=3455 obj=1.4191482998488946e6 pinf=0.0 (0) dinf=5.946085643553374e9 (11143) time=58.978767486s
[ Info: iter=3456 obj=1.4191482998488946e6 pinf=0.0 (0) dinf=5.945411317896947e9 (11141) time=59.05415718s
[ Info: iter=3457 obj=1.4191482998488946e6 pinf=0.0 (0) dinf=5.9356314560357065e9 (11141) time=59.126725273s
[ Info: iter=3458 obj=1.4191482998488946e6 pinf=0.0 (0) dinf=5.93560730627202e9 (11140) time=59.197264566s
[ Info: iter=3459 obj=1.4191482998488946e6 pinf=0.0 (0) dinf=5.935564917639039e9 (11138) time=59.272979359s
[ Info: iter=3460 obj=1.4191482998488946e6 pinf=0.0 (0) dinf=5.893731595611398e9 (11137) time=59.348383752s
[ Info: iter=3461 obj=1.4191482998488946e6 pinf=0.0 (0) dinf=5.851898275699208e9 (11136) time=59.426527044s
[ Info: iter=3462 obj=1.4191482998488946e6 pinf=0.0 (0) dinf=5.851898267471612e9 (11130) time=59.502293737s
[ Info: iter=3463 obj=1.4191482998488946e6 pinf=0.0 (0) dinf=6.100511560204552e9 (11135) time=59.578433129s
[ Info: iter=3464 obj=1.4191482998488946e6 pinf=0.0 (0) dinf=6.058723691804612e9 (11138) time=59.654959122s
[ Info: iter=3465 obj=1.4191482998488946e6 pinf=0.0 (0) dinf=6.018474229024721e9 (11141) time=59.729461415s
[ Info: iter=3466 obj=1.4191482998488946e6 pinf=0.0 (0) dinf=5.977683779189999e9 (11143) time=59.809156807s
[ Info: iter=3467 obj=1.4191482998488946e6 pinf=0.0 (0) dinf=5.936080216394502e9 (11145) time=59.8860501s
[ Info: iter=3468 obj=1.4191482998488946e6 pinf=0.0 (0) dinf=5.894295961829943e9 (11146) time=59.961856692s
[ Info: iter=3469 obj=1.4191482998488946e6 pinf=0.0 (0) dinf=5.852782744918976e9 (11147) time=60.034806985s
[ Info: iter=3470 obj=1.4191482998488946e6 pinf=0.0 (0) dinf=5.811992295084251e9 (11149) time=60.107950278s
[ Info: iter=3471 obj=1.4191482998488946e6 pinf=0.0 (0) dinf=5.810636043880324e9 (11146) time=60.180143571s
[ Info: iter=3472 obj=1.4191482998488946e6 pinf=0.0 (0) dinf=5.8105076948987665e9 (11146) time=60.252714564s
[ Info: iter=3473 obj=1.4191482998488946e6 pinf=0.0 (0) dinf=5.8101463115074835e9 (11145) time=60.322452658s
[ Info: iter=3474 obj=1.4191482998488946e6 pinf=0.0 (0) dinf=5.809784928096025e9 (11144) time=60.392233951s
[ Info: iter=3475 obj=1.4191482998488946e6 pinf=0.0 (0) dinf=5.80961773984358e9 (11144) time=60.463297844s
[ Info: iter=3476 obj=1.4191482998488946e6 pinf=0.0 (0) dinf=5.809256356452296e9 (11143) time=60.532465237s
[ Info: iter=3477 obj=1.4191482998488946e6 pinf=0.0 (0) dinf=5.808894973040839e9 (11142) time=60.60576513s
[ Info: iter=3478 obj=1.4191482998488946e6 pinf=0.0 (0) dinf=5.808882553005921e9 (11142) time=60.677758223s
[ Info: iter=3479 obj=1.4191482998488946e6 pinf=0.0 (0) dinf=5.808701861363524e9 (11141) time=60.757284016s
[ Info: iter=3480 obj=1.4191482998488946e6 pinf=0.0 (0) dinf=5.584863993011826e9 (11133) time=60.836989008s
[ Info: iter=3481 obj=1.4191482998488946e6 pinf=0.0 (0) dinf=5.627682596717825e9 (11133) time=60.910343301s
[ Info: iter=3482 obj=1.4191482998488946e6 pinf=0.0 (0) dinf=5.7799359033783455e9 (11145) time=60.984911094s
[ Info: iter=3483 obj=1.4191482998488946e6 pinf=0.0 (0) dinf=5.601525050421994e9 (11141) time=61.057692987s
[ Info: iter=3484 obj=1.4191482998488946e6 pinf=0.0 (0) dinf=5.584873277356023e9 (11140) time=61.13198008s
[ Info: iter=3485 obj=1.4191482998488946e6 pinf=0.0 (0) dinf=5.694583708312802e9 (11139) time=61.207707772s
[ Info: iter=3486 obj=1.4191482998488946e6 pinf=0.0 (0) dinf=5.721284786028878e9 (11139) time=61.289178664s
[ Info: iter=3487 obj=1.4191482998488946e6 pinf=0.0 (0) dinf=5.714802082170026e9 (11139) time=61.367921057s
[ Info: iter=3488 obj=1.4191482998488946e6 pinf=0.0 (0) dinf=5.7128719122258005e9 (11141) time=61.445289049s
[ Info: iter=3489 obj=1.4191482998488946e6 pinf=0.0 (0) dinf=5.712866153938098e9 (11138) time=61.520500442s
[ Info: iter=3490 obj=1.4191482998488946e6 pinf=0.0 (0) dinf=5.712889558292016e9 (11138) time=61.595556635s
[ Info: iter=3491 obj=1.4191482998488946e6 pinf=0.0 (0) dinf=5.712909824448274e9 (11139) time=61.674075827s
[ Info: iter=3492 obj=1.4191482998488946e6 pinf=0.0 (0) dinf=5.712887988715053e9 (11138) time=61.75132192s
[ Info: iter=3493 obj=1.4191482998488946e6 pinf=0.0 (0) dinf=5.71288798747606e9 (11138) time=61.836497412s
[ Info: iter=3494 obj=1.4191482998488946e6 pinf=0.0 (0) dinf=5.711782540137358e9 (11138) time=61.915381704s
[ Info: iter=3495 obj=1.4191482998488946e6 pinf=0.0 (0) dinf=5.712898174981552e9 (11142) time=61.992723697s
[ Info: iter=3496 obj=1.4191482998488946e6 pinf=0.0 (0) dinf=5.71289099393523e9 (11141) time=62.070519389s
[ Info: iter=3497 obj=1.4191482998488946e6 pinf=0.0 (0) dinf=5.709818867009424e9 (11142) time=62.146235882s
[ Info: iter=3498 obj=1.4191482998488946e6 pinf=0.0 (0) dinf=5.709815769186172e9 (11141) time=62.224440974s
[ Info: iter=3499 obj=1.4191482998488946e6 pinf=0.0 (0) dinf=5.709813280492195e9 (11141) time=62.302828067s
[ Info: iter=3500 obj=1.4191482998488946e6 pinf=0.0 (0) dinf=5.709815769182857e9 (11142) time=62.379621559s
[ Info: iter=3501 obj=1.4191482998488946e6 pinf=0.0 (0) dinf=5.709513611346432e9 (11139) time=62.457423252s
[ Info: iter=3502 obj=1.4191482998488946e6 pinf=0.0 (0) dinf=5.709537014301018e9 (11140) time=62.529439745s
[ Info: iter=3503 obj=1.4191482998488946e6 pinf=0.0 (0) dinf=5.542146792112818e9 (11075) time=62.606309637s
[ Info: iter=3504 obj=1.4191482998488946e6 pinf=0.0 (0) dinf=5.599079459765472e9 (11071) time=62.68738833s
[ Info: iter=3505 obj=1.4191482998488946e6 pinf=0.0 (0) dinf=5.57934606456278e9 (11062) time=62.764201022s
[ Info: iter=3506 obj=1.4191482998488946e6 pinf=0.0 (0) dinf=5.577506802373835e9 (11069) time=62.842037115s
[ Info: iter=3507 obj=1.4191482998488946e6 pinf=0.0 (0) dinf=5.576460754502157e9 (11068) time=62.919717707s
[ Info: iter=3508 obj=1.4191482998488946e6 pinf=0.0 (0) dinf=5.582965281236834e9 (11058) time=62.9940431s
[ Info: iter=3509 obj=1.4191482998488946e6 pinf=0.0 (0) dinf=5.580873120182463e9 (11065) time=63.071021193s
[ Info: iter=3510 obj=1.4191482998488946e6 pinf=0.0 (0) dinf=5.579683240549595e9 (11064) time=63.148519985s
[ Info: iter=3511 obj=1.4191482998488946e6 pinf=0.0 (0) dinf=5.546340100627343e9 (11034) time=63.228462977s
[ Info: iter=3512 obj=1.4191482998488946e6 pinf=0.0 (0) dinf=5.833944525190587e9 (11055) time=63.315739369s
[ Info: iter=3513 obj=1.4191482998488946e6 pinf=0.0 (0) dinf=5.58987444708422e9 (11054) time=63.399668261s
[ Info: iter=3514 obj=1.4191482998488946e6 pinf=0.0 (0) dinf=5.587299492624097e9 (11061) time=63.479055553s
[ Info: iter=3515 obj=1.4191482998488946e6 pinf=0.0 (0) dinf=5.58583503277228e9 (11060) time=63.556737246s
[ Info: iter=3516 obj=1.4191482998488946e6 pinf=0.0 (0) dinf=5.58987444708422e9 (11050) time=63.629162539s
[ Info: iter=3517 obj=1.4191482998488946e6 pinf=0.0 (0) dinf=5.588409987053568e9 (11057) time=63.701930832s
[ Info: iter=3518 obj=1.4191482998488946e6 pinf=0.0 (0) dinf=5.585835032279e9 (11056) time=63.778973224s
[ Info: iter=3519 obj=1.4191482998488946e6 pinf=0.0 (0) dinf=5.566847489241257e9 (11035) time=63.855123817s
EVENT refactor_pivot count=600 iter=3549 row=498 entering=28198 pinf=0.0 dinf=5.694854791455768e9
PIVOT stored_forward=3.342704436162733e-12 stored_tableau=0.0 direction_norm=8.603629673800595e6 row_residual_ratio=1.0e12
EVENT refactor_pivot count=700 iter=3649 row=499 entering=23277 pinf=0.0 dinf=5.832273445500689e9
PIVOT stored_forward=4.808296363779337e-12 stored_tableau=0.0 direction_norm=4.206445278906759e8 row_residual_ratio=1.0e12
EVENT refactor_pivot count=800 iter=3749 row=1445 entering=28198 pinf=0.0 dinf=6.722847043783636e9
PIVOT stored_forward=3.9919449144825565e-12 stored_tableau=0.0 direction_norm=8.603629673800593e6 row_residual_ratio=1.0e12
[ Info: iter=3520 obj=1.4191482998488946e6 pinf=0.0 (0) dinf=5.56684747901366e9 (11030) time=63.93090511s
[ Info: iter=3521 obj=1.4191482998488946e6 pinf=0.0 (0) dinf=5.631394312982534e9 (11033) time=64.009877702s
[ Info: iter=3522 obj=1.4191482998488946e6 pinf=0.0 (0) dinf=5.5814686047110815e9 (11027) time=64.085848095s
[ Info: iter=3523 obj=1.4191482998488946e6 pinf=0.0 (0) dinf=5.573227423920206e9 (11026) time=64.160454888s
[ Info: iter=3524 obj=1.4191482998488946e6 pinf=0.0 (0) dinf=5.602241504206653e9 (11033) time=64.23860738s
[ Info: iter=3525 obj=1.4191482998488946e6 pinf=0.0 (0) dinf=5.60223556889423e9 (11031) time=64.311983373s
[ Info: iter=3526 obj=1.4191482998488946e6 pinf=0.0 (0) dinf=5.602238212965032e9 (11032) time=64.387989566s
[ Info: iter=3527 obj=1.4191482998488946e6 pinf=0.0 (0) dinf=5.932028096540827e9 (11063) time=64.462050358s
[ Info: iter=3528 obj=1.4191482998488946e6 pinf=0.0 (0) dinf=5.6022373060911455e9 (11035) time=64.538148551s
[ Info: iter=3529 obj=1.4191482998488946e6 pinf=0.0 (0) dinf=5.62287082687218e9 (11048) time=64.609857644s
[ Info: iter=3530 obj=1.4191482998488946e6 pinf=0.0 (0) dinf=5.604298873178659e9 (11109) time=64.689634237s
[ Info: iter=3531 obj=1.4191482998488946e6 pinf=0.0 (0) dinf=5.602264429938882e9 (11116) time=64.765817429s
[ Info: iter=3532 obj=1.4191482998488946e6 pinf=0.0 (0) dinf=5.598687275749483e9 (11115) time=64.840235922s
[ Info: iter=3533 obj=1.4191482998488946e6 pinf=0.0 (0) dinf=5.614537362911206e9 (11105) time=64.916923915s
[ Info: iter=3534 obj=1.4191482998488946e6 pinf=0.0 (0) dinf=5.612096030844639e9 (11112) time=64.993909807s
[ Info: iter=3535 obj=1.4191482998488946e6 pinf=0.0 (0) dinf=5.607803445502915e9 (11111) time=65.0706408s
[ Info: iter=3536 obj=1.4191482998488946e6 pinf=0.0 (0) dinf=5.556081699467097e9 (11077) time=65.143122193s
[ Info: iter=3537 obj=1.4191482998488946e6 pinf=0.0 (0) dinf=5.976061139758616e9 (11041) time=65.216872986s
[ Info: iter=3538 obj=1.4191482998488946e6 pinf=0.0 (0) dinf=6.039507245453907e9 (11044) time=65.293652178s
[ Info: iter=3539 obj=1.4191482998488946e6 pinf=0.0 (0) dinf=5.561493903338005e9 (11077) time=65.366406871s
[ Info: iter=3540 obj=1.4191482998488946e6 pinf=0.0 (0) dinf=5.55555889939407e9 (11076) time=65.439569264s
[ Info: iter=3541 obj=1.4191482998488946e6 pinf=0.0 (0) dinf=6.085091813524674e9 (11044) time=65.514069457s
[ Info: iter=3542 obj=1.4191482998488946e6 pinf=0.0 (0) dinf=6.1448454514761e9 (11055) time=65.600269849s
[ Info: iter=3543 obj=1.4191482998488946e6 pinf=0.0 (0) dinf=6.077639573837945e9 (11056) time=65.681427741s
[ Info: iter=3544 obj=1.4191482998488946e6 pinf=0.0 (0) dinf=6.076626187479822e9 (11055) time=65.759202433s
[ Info: iter=3545 obj=1.4191482998488946e6 pinf=0.0 (0) dinf=6.096936159459597e9 (11055) time=65.831797826s
[ Info: iter=3546 obj=1.4191482998488946e6 pinf=0.0 (0) dinf=6.075860837504386e9 (11054) time=65.905898219s
[ Info: iter=3547 obj=1.4191482998488946e6 pinf=0.0 (0) dinf=6.076909852191805e9 (11055) time=65.976212012s
[ Info: iter=3548 obj=1.4191482998488946e6 pinf=0.0 (0) dinf=6.076909850882246e9 (11055) time=66.049937805s
[ Info: iter=3549 obj=1.4191482998488946e6 pinf=0.0 (0) dinf=5.6948547914557705e9 (11095) time=66.123218398s
[ Info: iter=3550 obj=1.4191482998488946e6 pinf=0.0 (0) dinf=5.689220521917527e9 (11102) time=66.197192691s
[ Info: iter=3551 obj=1.4191482998488946e6 pinf=0.0 (0) dinf=5.679313806169031e9 (11101) time=66.270336784s
[ Info: iter=3552 obj=1.4191482998488946e6 pinf=0.0 (0) dinf=5.621991403139671e9 (11094) time=66.341335177s
[ Info: iter=3553 obj=1.4191482998488946e6 pinf=0.0 (0) dinf=5.621991403139671e9 (11094) time=66.41453487s
[ Info: iter=3554 obj=1.4191482998488946e6 pinf=0.0 (0) dinf=5.621991403139671e9 (11094) time=66.490069063s
[ Info: iter=3555 obj=1.4191482998488946e6 pinf=0.0 (0) dinf=5.621991403139671e9 (11094) time=66.561134556s
[ Info: iter=3556 obj=1.4191482998488946e6 pinf=0.0 (0) dinf=5.632589606191941e9 (11096) time=66.632320749s
[ Info: iter=3557 obj=1.4191482998488946e6 pinf=0.0 (0) dinf=5.674947241779196e9 (11060) time=66.702724942s
[ Info: iter=3558 obj=1.4191482998488946e6 pinf=0.0 (0) dinf=5.676752024999006e9 (11066) time=66.781092435s
[ Info: iter=3559 obj=1.4191482998488946e6 pinf=0.0 (0) dinf=5.675850942199498e9 (11063) time=66.850249228s
[ Info: iter=3560 obj=1.4191482998488946e6 pinf=0.0 (0) dinf=5.675206033051636e9 (11061) time=66.922056621s
[ Info: iter=3561 obj=1.4191482998488946e6 pinf=0.0 (0) dinf=5.629815077192019e9 (11063) time=66.994229714s
[ Info: iter=3562 obj=1.4191482998488946e6 pinf=0.0 (0) dinf=5.620816091358394e9 (11062) time=67.071393813s
[ Info: iter=3563 obj=1.4191482998488946e6 pinf=0.0 (0) dinf=5.621140999372515e9 (11062) time=67.140538112s
[ Info: iter=3564 obj=1.4191482998488946e6 pinf=0.0 (0) dinf=5.611425398636565e9 (11070) time=67.214311812s
[ Info: iter=3565 obj=1.4191482998488946e6 pinf=0.0 (0) dinf=5.584671307335343e9 (11070) time=67.292206312s
[ Info: iter=3566 obj=1.4191482998488946e6 pinf=0.0 (0) dinf=7.484330343142834e9 (11044) time=67.370760912s
[ Info: iter=3567 obj=1.4191482998488946e6 pinf=0.0 (0) dinf=7.471019046148428e9 (11042) time=67.444458211s
[ Info: iter=3568 obj=1.4191482998488946e6 pinf=0.0 (0) dinf=9.365833201931011e9 (11040) time=67.517429811s
[ Info: iter=3569 obj=1.4191482998488946e6 pinf=0.0 (0) dinf=9.365837763888363e9 (11040) time=67.587818311s
[ Info: iter=3570 obj=1.4191482998488946e6 pinf=0.0 (0) dinf=9.361935100315e9 (11039) time=67.665060511s
[ Info: iter=3571 obj=1.4191482998488946e6 pinf=0.0 (0) dinf=9.367816297083986e9 (11044) time=67.74338261s
[ Info: iter=3572 obj=1.4191482998488946e6 pinf=0.0 (0) dinf=9.361419043799597e9 (11038) time=67.81641711s
[ Info: iter=3573 obj=1.4191482998488946e6 pinf=0.0 (0) dinf=9.35751638208204e9 (11037) time=67.88998761s
[ Info: iter=3574 obj=1.4191482998488946e6 pinf=0.0 (0) dinf=9.357957531536293e9 (11037) time=67.961965309s
[ Info: iter=3575 obj=1.4191482998488946e6 pinf=0.0 (0) dinf=9.356392221243052e9 (11036) time=68.035549009s
[ Info: iter=3576 obj=1.4191482998488946e6 pinf=0.0 (0) dinf=9.353482967784002e9 (11035) time=68.110153209s
[ Info: iter=3577 obj=1.4191482998488946e6 pinf=0.0 (0) dinf=9.35318358462281e9 (11037) time=68.179785809s
[ Info: iter=3578 obj=1.4191482998488946e6 pinf=0.0 (0) dinf=9.497869911875473e9 (11035) time=68.253004308s
[ Info: iter=3579 obj=1.4191482998488946e6 pinf=0.0 (0) dinf=9.497840609467566e9 (11033) time=68.323481708s
[ Info: iter=3580 obj=1.4191482998488946e6 pinf=0.0 (0) dinf=9.496734834493969e9 (11035) time=68.398751408s
[ Info: iter=3581 obj=1.4191482998488946e6 pinf=0.0 (0) dinf=9.496673615617447e9 (11035) time=68.472337708s
[ Info: iter=3582 obj=1.4191482998488946e6 pinf=0.0 (0) dinf=9.496600342105835e9 (11034) time=68.543771507s
[ Info: iter=3583 obj=1.4191482998488946e6 pinf=0.0 (0) dinf=9.496539123693218e9 (11033) time=68.616304107s
[ Info: iter=3584 obj=1.4191482998488946e6 pinf=0.0 (0) dinf=9.495502459702133e9 (11035) time=68.688794807s
[ Info: iter=3585 obj=1.4191482998488946e6 pinf=0.0 (0) dinf=9.495446950687378e9 (11035) time=68.762528207s
[ Info: iter=3586 obj=1.4191482998488946e6 pinf=0.0 (0) dinf=9.495378256783974e9 (11034) time=68.838093206s
[ Info: iter=3587 obj=1.4191482998488946e6 pinf=0.0 (0) dinf=9.495322748233124e9 (11033) time=68.911155506s
[ Info: iter=3588 obj=1.4191482998488946e6 pinf=0.0 (0) dinf=5.552344245339837e9 (11062) time=68.985690306s
[ Info: iter=3589 obj=1.4191482998488946e6 pinf=0.0 (0) dinf=5.827693038389873e9 (11035) time=69.062570305s
[ Info: iter=3590 obj=1.4191482998488946e6 pinf=0.0 (0) dinf=5.82738046451201e9 (11035) time=69.139980305s
[ Info: iter=3591 obj=1.4191482998488946e6 pinf=0.0 (0) dinf=5.827344056356135e9 (11034) time=69.210721505s
[ Info: iter=3592 obj=1.4191482998488946e6 pinf=0.0 (0) dinf=5.827310351793724e9 (11033) time=69.279992805s
[ Info: iter=3593 obj=1.4191482998488946e6 pinf=0.0 (0) dinf=5.827309657881243e9 (11032) time=69.351536904s
[ Info: iter=3594 obj=1.4191482998488946e6 pinf=0.0 (0) dinf=5.827309092989156e9 (11031) time=69.425897004s
[ Info: iter=3595 obj=1.4191482998488946e6 pinf=0.0 (0) dinf=5.827309446575461e9 (11030) time=69.499322904s
[ Info: iter=3596 obj=1.4191482998488946e6 pinf=0.0 (0) dinf=5.827310391878836e9 (11031) time=69.569708904s
[ Info: iter=3597 obj=1.4191482998488946e6 pinf=0.0 (0) dinf=5.827310711831435e9 (11031) time=69.643857603s
[ Info: iter=3598 obj=1.4191482998488946e6 pinf=0.0 (0) dinf=5.827311385690544e9 (11031) time=69.718540903s
[ Info: iter=3599 obj=1.4191482998488946e6 pinf=0.0 (0) dinf=5.827312249646909e9 (11032) time=69.790540903s
[ Info: iter=3600 obj=1.4191482998488946e6 pinf=0.0 (0) dinf=5.827634599358117e9 (11034) time=69.864632803s
[ Info: iter=3601 obj=1.4191482998488946e6 pinf=0.0 (0) dinf=5.827396041041817e9 (11032) time=69.939507802s
[ Info: iter=3602 obj=1.4191482998488946e6 pinf=0.0 (0) dinf=5.827388196710127e9 (11030) time=70.012071102s
[ Info: iter=3603 obj=1.4191482998488946e6 pinf=0.0 (0) dinf=5.828502208228068e9 (11036) time=70.087011002s
[ Info: iter=3604 obj=1.4191482998488946e6 pinf=0.0 (0) dinf=5.8292300086574335e9 (11035) time=70.162419502s
[ Info: iter=3605 obj=1.4191482998488946e6 pinf=0.0 (0) dinf=5.82872671511246e9 (11038) time=70.235055201s
[ Info: iter=3606 obj=1.4191482998488946e6 pinf=0.0 (0) dinf=5.828885698987489e9 (11039) time=70.307151701s
[ Info: iter=3607 obj=1.4191482998488946e6 pinf=0.0 (0) dinf=5.828766459003639e9 (11036) time=70.379955401s
[ Info: iter=3608 obj=1.4191482998488946e6 pinf=0.0 (0) dinf=5.83360295449709e9 (11044) time=70.454618s
[ Info: iter=3609 obj=1.4191482998488946e6 pinf=0.0 (0) dinf=5.833601038896416e9 (11043) time=70.5255972s
[ Info: iter=3610 obj=1.4191482998488946e6 pinf=0.0 (0) dinf=5.833598995685299e9 (11042) time=70.5980872s
[ Info: iter=3611 obj=1.4191482998488946e6 pinf=0.0 (0) dinf=5.833462615328669e9 (11046) time=70.6777254s
[ Info: iter=3612 obj=1.4191482998488946e6 pinf=0.0 (0) dinf=5.833682906304825e9 (11047) time=70.752763099s
[ Info: iter=3613 obj=1.4191482998488946e6 pinf=0.0 (0) dinf=5.833604189605501e9 (11046) time=70.824217899s
[ Info: iter=3614 obj=1.4191482998488946e6 pinf=0.0 (0) dinf=5.833653920560725e9 (11047) time=70.897488999s
[ Info: iter=3615 obj=1.4191482998488946e6 pinf=0.0 (0) dinf=5.833621401125396e9 (11047) time=70.970062699s
[ Info: iter=3616 obj=1.4191482998488946e6 pinf=0.0 (0) dinf=5.833660527478444e9 (11041) time=71.041859998s
[ Info: iter=3617 obj=1.4191482998488946e6 pinf=0.0 (0) dinf=5.833650174523031e9 (11039) time=71.114395898s
[ Info: iter=3618 obj=1.4191482998488946e6 pinf=0.0 (0) dinf=5.833809063073741e9 (11042) time=71.188317798s
[ Info: iter=3619 obj=1.4191482998488946e6 pinf=0.0 (0) dinf=5.833904396204167e9 (11043) time=71.268219198s
[ Info: iter=3620 obj=1.4191482998488946e6 pinf=0.0 (0) dinf=5.834116248605113e9 (11043) time=71.341515597s
[ Info: iter=3621 obj=1.4191482998488946e6 pinf=0.0 (0) dinf=5.833957357054403e9 (11039) time=71.413026697s
[ Info: iter=3622 obj=1.4191482998488946e6 pinf=0.0 (0) dinf=5.833859712014143e9 (11040) time=71.490667297s
[ Info: iter=3623 obj=1.4191482998488946e6 pinf=0.0 (0) dinf=5.833616788957363e9 (11042) time=71.563572496s
[ Info: iter=3624 obj=1.4191482998488946e6 pinf=0.0 (0) dinf=5.833595251166248e9 (11042) time=71.638244196s
[ Info: iter=3625 obj=1.4191482998488946e6 pinf=0.0 (0) dinf=5.833845286133457e9 (11060) time=71.711970896s
[ Info: iter=3626 obj=1.4191482998488946e6 pinf=0.0 (0) dinf=5.833844660028105e9 (11059) time=71.789502796s
[ Info: iter=3627 obj=1.4191482998488946e6 pinf=0.0 (0) dinf=5.833833127911167e9 (11058) time=71.863668895s
[ Info: iter=3628 obj=1.4191482998488946e6 pinf=0.0 (0) dinf=5.833663550046431e9 (11056) time=71.938479095s
[ Info: iter=3629 obj=1.4191482998488946e6 pinf=0.0 (0) dinf=5.833656048219641e9 (11053) time=72.013571895s
[ Info: iter=3630 obj=1.4191482998488946e6 pinf=0.0 (0) dinf=5.833815268187492e9 (11056) time=72.090431795s
[ Info: iter=3631 obj=1.4191482998488946e6 pinf=0.0 (0) dinf=5.833815268187492e9 (11055) time=72.163761694s
[ Info: iter=3632 obj=1.4191482998488946e6 pinf=0.0 (0) dinf=5.8340275624779625e9 (11056) time=72.242515994s
[ Info: iter=3633 obj=1.4191482998488946e6 pinf=0.0 (0) dinf=5.83386833951011e9 (11053) time=72.315315794s
[ Info: iter=3634 obj=1.4191482998488946e6 pinf=0.0 (0) dinf=5.833604813843926e9 (11061) time=72.392733993s
[ Info: iter=3635 obj=1.4191482998488946e6 pinf=0.0 (0) dinf=5.831981121000811e9 (11084) time=72.466730393s
[ Info: iter=3636 obj=1.4191482998488946e6 pinf=0.0 (0) dinf=5.833601551103189e9 (11067) time=72.541044793s
[ Info: iter=3637 obj=1.4191482998488946e6 pinf=0.0 (0) dinf=5.833600937056423e9 (11070) time=72.619074093s
[ Info: iter=3638 obj=1.4191482998488946e6 pinf=0.0 (0) dinf=5.833601080677933e9 (11067) time=72.694418492s
[ Info: iter=3639 obj=1.4191482998488946e6 pinf=0.0 (0) dinf=5.833600069799038e9 (11063) time=72.772716992s
[ Info: iter=3640 obj=1.4191482998488946e6 pinf=0.0 (0) dinf=5.833599058920143e9 (11059) time=72.847980892s
[ Info: iter=3641 obj=1.4191482998488946e6 pinf=0.0 (0) dinf=5.833598048041248e9 (11055) time=72.927858192s
[ Info: iter=3642 obj=1.4191482998488946e6 pinf=0.0 (0) dinf=5.8335970371623535e9 (11051) time=73.025695291s
[ Info: iter=3643 obj=1.4191482998488946e6 pinf=0.0 (0) dinf=5.833596026283459e9 (11047) time=73.103588191s
[ Info: iter=3644 obj=1.4191482998488946e6 pinf=0.0 (0) dinf=5.833595015404563e9 (11043) time=73.176858991s
[ Info: iter=3645 obj=1.4191482998488946e6 pinf=0.0 (0) dinf=5.833330270358672e9 (11041) time=73.24986819s
[ Info: iter=3646 obj=1.4191482998488946e6 pinf=0.0 (0) dinf=5.833066296669168e9 (11040) time=73.32691979s
[ Info: iter=3647 obj=1.4191482998488946e6 pinf=0.0 (0) dinf=5.832801939663502e9 (11038) time=73.40395519s
[ Info: iter=3648 obj=1.4191482998488946e6 pinf=0.0 (0) dinf=5.83253762417306e9 (11037) time=73.48093679s
[ Info: iter=3649 obj=1.4191482998488946e6 pinf=0.0 (0) dinf=5.832273445500689e9 (11036) time=73.553184689s
[ Info: iter=3650 obj=1.4191482998488946e6 pinf=0.0 (0) dinf=5.827452889815175e9 (11056) time=73.633451089s
[ Info: iter=3651 obj=1.4191482998488946e6 pinf=0.0 (0) dinf=5.834146536305104e9 (11036) time=73.707869489s
[ Info: iter=3652 obj=1.4191482998488946e6 pinf=0.0 (0) dinf=5.834065004317876e9 (11034) time=73.783558988s
[ Info: iter=3653 obj=1.4191482998488946e6 pinf=0.0 (0) dinf=5.837974156316924e9 (11040) time=73.858877288s
[ Info: iter=3654 obj=1.4191482998488946e6 pinf=0.0 (0) dinf=5.856799226730462e9 (11039) time=73.937030288s
[ Info: iter=3655 obj=1.4191482998488946e6 pinf=0.0 (0) dinf=5.856797289807659e9 (11039) time=74.011738788s
[ Info: iter=3656 obj=1.4191482998488946e6 pinf=0.0 (0) dinf=5.856797287810624e9 (11039) time=74.083900887s
[ Info: iter=3657 obj=1.4191482998488946e6 pinf=0.0 (0) dinf=5.856742231456237e9 (11036) time=74.158156887s
[ Info: iter=3658 obj=1.4191482998488946e6 pinf=0.0 (0) dinf=5.856737112231533e9 (11036) time=74.232692987s
[ Info: iter=3659 obj=1.4191482998488946e6 pinf=0.0 (0) dinf=5.8567355860780525e9 (11033) time=74.306402387s
[ Info: iter=3660 obj=1.4191482998488946e6 pinf=0.0 (0) dinf=5.771877799931271e9 (11069) time=74.385490086s
[ Info: iter=3661 obj=1.4191482998488946e6 pinf=0.0 (0) dinf=5.7785740591100445e9 (11067) time=74.460000386s
[ Info: iter=3662 obj=1.4191482998488946e6 pinf=0.0 (0) dinf=5.794061164221546e9 (11070) time=74.533214586s
[ Info: iter=3663 obj=1.4191482998488946e6 pinf=0.0 (0) dinf=5.778109021856041e9 (11068) time=74.610521285s
[ Info: iter=3664 obj=1.4191482998488946e6 pinf=0.0 (0) dinf=5.779772335133813e9 (11066) time=74.686811885s
[ Info: iter=3665 obj=1.4191482998488946e6 pinf=0.0 (0) dinf=5.779760073991517e9 (11066) time=74.761169485s
[ Info: iter=3666 obj=1.4191482998488946e6 pinf=0.0 (0) dinf=5.779760073991517e9 (11065) time=74.834926285s
[ Info: iter=3667 obj=1.4191482998488946e6 pinf=0.0 (0) dinf=5.773906637508738e9 (11065) time=74.907499384s
[ Info: iter=3668 obj=1.4191482998488946e6 pinf=0.0 (0) dinf=5.773906637508738e9 (11064) time=74.982125984s
[ Info: iter=3669 obj=1.4191482998488946e6 pinf=0.0 (0) dinf=5.773842292641625e9 (11062) time=75.057710184s
[ Info: iter=3670 obj=1.4191482998488946e6 pinf=0.0 (0) dinf=5.790072359024565e9 (11064) time=75.134347284s
[ Info: iter=3671 obj=1.4191482998488946e6 pinf=0.0 (0) dinf=5.805581347461829e9 (11062) time=75.208556784s
[ Info: iter=3672 obj=1.4191482998488946e6 pinf=0.0 (0) dinf=5.795928289341532e9 (11059) time=75.281699084s
[ Info: iter=3673 obj=1.4191482998488946e6 pinf=0.0 (0) dinf=5.794601703105547e9 (11076) time=75.356713985s
[ Info: iter=3674 obj=1.4191482998488946e6 pinf=0.0 (0) dinf=5.792250457350917e9 (11075) time=75.432863385s
[ Info: iter=3675 obj=1.4191482998488946e6 pinf=0.0 (0) dinf=5.790321228300447e9 (11074) time=75.507673185s
[ Info: iter=3676 obj=1.4191482998488946e6 pinf=0.0 (0) dinf=5.806739046564198e9 (11075) time=75.581487685s
[ Info: iter=3677 obj=1.4191482998488946e6 pinf=0.0 (0) dinf=5.832145027549367e9 (11076) time=75.655573085s
[ Info: iter=3678 obj=1.4191482998488946e6 pinf=0.0 (0) dinf=5.779605271207753e9 (11074) time=75.730202785s
[ Info: iter=3679 obj=1.4191482998488946e6 pinf=0.0 (0) dinf=5.951393810652773e9 (11094) time=75.803314485s
[ Info: iter=3680 obj=1.4191482998488946e6 pinf=0.0 (0) dinf=5.951381194723324e9 (11093) time=75.880170685s
[ Info: iter=3681 obj=1.4191482998488946e6 pinf=0.0 (0) dinf=5.951368578803324e9 (11092) time=75.950580586s
[ Info: iter=3682 obj=1.4191482998488946e6 pinf=0.0 (0) dinf=5.951439542227542e9 (11091) time=76.029072386s
[ Info: iter=3683 obj=1.4191482998488946e6 pinf=0.0 (0) dinf=5.951510505622059e9 (11090) time=76.101347286s
[ Info: iter=3684 obj=1.4191482998488946e6 pinf=0.0 (0) dinf=5.964869829305773e9 (11092) time=76.176278586s
[ Info: iter=3685 obj=1.4191482998488946e6 pinf=0.0 (0) dinf=5.954809336589458e9 (11089) time=76.252979286s
[ Info: iter=3686 obj=1.4191482998488946e6 pinf=0.0 (0) dinf=5.954403605721086e9 (11088) time=76.332417286s
[ Info: iter=3687 obj=1.4191482998488946e6 pinf=0.0 (0) dinf=5.910219268933203e9 (11085) time=76.406823086s
[ Info: iter=3688 obj=1.4191482998488946e6 pinf=0.0 (0) dinf=5.91936284568081e9 (11084) time=76.480682686s
[ Info: iter=3689 obj=1.4191482998488946e6 pinf=0.0 (0) dinf=5.84624506626019e9 (11088) time=76.553472086s
[ Info: iter=3690 obj=1.4191482998488946e6 pinf=0.0 (0) dinf=5.933576986763304e9 (11094) time=76.630769087s
[ Info: iter=3691 obj=1.4191482998488946e6 pinf=0.0 (0) dinf=5.92748654899873e9 (11093) time=76.705772887s
[ Info: iter=3692 obj=1.4191482998488946e6 pinf=0.0 (0) dinf=5.921581425324566e9 (11093) time=76.781789887s
[ Info: iter=3693 obj=1.4191482998488946e6 pinf=0.0 (0) dinf=5.922260081169646e9 (11092) time=76.851835487s
[ Info: iter=3694 obj=1.4191482998488946e6 pinf=0.0 (0) dinf=5.92263783330232e9 (11091) time=76.925343387s
[ Info: iter=3695 obj=1.4191482998488946e6 pinf=0.0 (0) dinf=5.9230310059235735e9 (11092) time=76.998382787s
[ Info: iter=3696 obj=1.4191482998488946e6 pinf=0.0 (0) dinf=5.922769453711377e9 (11093) time=77.078386587s
[ Info: iter=3697 obj=1.4191482998488946e6 pinf=0.0 (0) dinf=5.917951293801828e9 (11082) time=77.150025087s
[ Info: iter=3698 obj=1.4191482998488946e6 pinf=0.0 (0) dinf=5.917907467012466e9 (11081) time=77.222058088s
[ Info: iter=3699 obj=1.4191482998488946e6 pinf=0.0 (0) dinf=5.917893682822839e9 (11081) time=77.293467388s
[ Info: iter=3700 obj=1.4191482998488946e6 pinf=0.0 (0) dinf=5.884493528722385e9 (11080) time=77.367348088s
[ Info: iter=3701 obj=1.4191482998488946e6 pinf=0.0 (0) dinf=5.843284383588606e9 (11079) time=77.440478488s
[ Info: iter=3702 obj=1.4191482998488946e6 pinf=0.0 (0) dinf=5.870271697101147e9 (11080) time=77.517082888s
[ Info: iter=3703 obj=1.4191482998488946e6 pinf=0.0 (0) dinf=5.866102847187741e9 (11079) time=77.594694788s
[ Info: iter=3704 obj=1.4191482998488946e6 pinf=0.0 (0) dinf=5.861934000277497e9 (11078) time=77.665525188s
[ Info: iter=3705 obj=1.4191482998488946e6 pinf=0.0 (0) dinf=5.85775272239961e9 (11077) time=77.743067988s
[ Info: iter=3706 obj=1.4191482998488946e6 pinf=0.0 (0) dinf=5.88178204498517e9 (11086) time=77.820985289s
[ Info: iter=3707 obj=1.4191482998488946e6 pinf=0.0 (0) dinf=5.974968243108283e9 (11089) time=77.893655089s
[ Info: iter=3708 obj=1.4191482998488946e6 pinf=0.0 (0) dinf=6.965108761442088e9 (11094) time=77.970319189s
[ Info: iter=3709 obj=1.4191482998488946e6 pinf=0.0 (0) dinf=6.985885467392974e9 (11102) time=78.043477989s
[ Info: iter=3710 obj=1.4191482998488946e6 pinf=0.0 (0) dinf=7.047945429283001e9 (11098) time=78.118969889s
[ Info: iter=3711 obj=1.4191482998488946e6 pinf=0.0 (0) dinf=7.04389156716738e9 (11093) time=78.193558089s
[ Info: iter=3712 obj=1.4191482998488946e6 pinf=0.0 (0) dinf=6.985007386203183e9 (11109) time=78.270242489s
[ Info: iter=3713 obj=1.4191482998488946e6 pinf=0.0 (0) dinf=6.77964112627208e9 (11101) time=78.348090089s
[ Info: iter=3714 obj=1.4191482998488946e6 pinf=0.0 (0) dinf=6.776965521719337e9 (11103) time=78.422951389s
[ Info: iter=3715 obj=1.4191482998488946e6 pinf=0.0 (0) dinf=6.774346903708229e9 (11105) time=78.49570739s
[ Info: iter=3716 obj=1.4191482998488946e6 pinf=0.0 (0) dinf=6.771706170744393e9 (11107) time=78.56997999s
[ Info: iter=3717 obj=1.4191482998488946e6 pinf=0.0 (0) dinf=6.769018934823189e9 (11106) time=78.64293919s
[ Info: iter=3718 obj=1.4191482998488946e6 pinf=0.0 (0) dinf=6.768974516601883e9 (11103) time=78.72094459s
[ Info: iter=3719 obj=1.4191482998488946e6 pinf=0.0 (0) dinf=6.768905898451462e9 (11100) time=78.79525659s
[ Info: iter=3720 obj=1.4191482998488946e6 pinf=0.0 (0) dinf=6.768887594918268e9 (11097) time=78.86850019s
[ Info: iter=3721 obj=1.4191482998488946e6 pinf=0.0 (0) dinf=6.770596518245162e9 (11099) time=78.94034469s
[ Info: iter=3722 obj=1.4191482998488946e6 pinf=0.0 (0) dinf=6.700151146850118e9 (11100) time=79.01382999s
[ Info: iter=3723 obj=1.4191482998488946e6 pinf=0.0 (0) dinf=6.70015035947286e9 (11099) time=79.086384091s
[ Info: iter=3724 obj=1.4191482998488946e6 pinf=0.0 (0) dinf=6.700150176317273e9 (11098) time=79.157374891s
[ Info: iter=3725 obj=1.4191482998488946e6 pinf=0.0 (0) dinf=6.963045601343468e9 (11096) time=79.231117791s
[ Info: iter=3726 obj=1.4191482998488946e6 pinf=0.0 (0) dinf=6.96304690516108e9 (11100) time=79.305988491s
[ Info: iter=3727 obj=1.4191482998488946e6 pinf=0.0 (0) dinf=6.963045601343468e9 (11095) time=79.380362691s
[ Info: iter=3728 obj=1.4191482998488946e6 pinf=0.0 (0) dinf=6.762940551133176e9 (11094) time=79.452747191s
[ Info: iter=3729 obj=1.4191482998488946e6 pinf=0.0 (0) dinf=6.771032591220589e9 (11095) time=79.527319191s
[ Info: iter=3730 obj=1.4191482998488946e6 pinf=0.0 (0) dinf=6.767604914671196e9 (11104) time=79.605896591s
[ Info: iter=3731 obj=1.4191482998488946e6 pinf=0.0 (0) dinf=6.768402614242621e9 (11101) time=79.679221091s
[ Info: iter=3732 obj=1.4191482998488946e6 pinf=0.0 (0) dinf=6.765621010418394e9 (11106) time=79.753663892s
[ Info: iter=3733 obj=1.4191482998488946e6 pinf=0.0 (0) dinf=6.763866138218597e9 (11101) time=79.826199192s
[ Info: iter=3734 obj=1.4191482998488946e6 pinf=0.0 (0) dinf=6.764199452047623e9 (11102) time=79.901598892s
[ Info: iter=3735 obj=1.4191482998488946e6 pinf=0.0 (0) dinf=6.764532765876647e9 (11103) time=79.972192192s
[ Info: iter=3736 obj=1.4191482998488946e6 pinf=0.0 (0) dinf=6.764866079705671e9 (11104) time=80.044348092s
[ Info: iter=3737 obj=1.4191482998488946e6 pinf=0.0 (0) dinf=6.690484765884273e9 (11116) time=80.115640292s
[ Info: iter=3738 obj=1.4191482998488946e6 pinf=0.0 (0) dinf=6.691811919636515e9 (11111) time=80.192545592s
[ Info: iter=3739 obj=1.4191482998488946e6 pinf=0.0 (0) dinf=6.730340790847606e9 (11121) time=80.264720092s
[ Info: iter=3740 obj=1.4191482998488946e6 pinf=0.0 (0) dinf=6.728915207587025e9 (11120) time=80.339200793s
[ Info: iter=3741 obj=1.4191482998488946e6 pinf=0.0 (0) dinf=6.726887514367585e9 (11119) time=80.418626993s
[ Info: iter=3742 obj=1.4191482998488946e6 pinf=0.0 (0) dinf=6.724865849495832e9 (11118) time=80.494667093s
[ Info: iter=3743 obj=1.4191482998488946e6 pinf=0.0 (0) dinf=6.722846068482726e9 (11117) time=80.569374193s
[ Info: iter=3744 obj=1.4191482998488946e6 pinf=0.0 (0) dinf=6.722906301753074e9 (11118) time=80.639914693s
[ Info: iter=3745 obj=1.4191482998488946e6 pinf=0.0 (0) dinf=6.722942920413416e9 (11119) time=80.713164793s
[ Info: iter=3746 obj=1.4191482998488946e6 pinf=0.0 (0) dinf=6.722893409534293e9 (11118) time=80.788905593s
[ Info: iter=3747 obj=1.4191482998488946e6 pinf=0.0 (0) dinf=6.722846600524179e9 (11116) time=80.860031993s
[ Info: iter=3748 obj=1.4191482998488946e6 pinf=0.0 (0) dinf=6.722902838990295e9 (11117) time=80.931827593s
[ Info: iter=3749 obj=1.4191482998488946e6 pinf=0.0 (0) dinf=6.722847043783635e9 (11115) time=81.004077394s
[ Info: iter=3750 obj=1.4191482998488946e6 pinf=0.0 (0) dinf=6.72213176534552e9 (11115) time=81.077547694s
[ Info: iter=3751 obj=1.4191482998488946e6 pinf=0.0 (0) dinf=6.74669598571831e9 (11117) time=81.153049594s
[ Info: iter=3752 obj=1.4191482998488946e6 pinf=0.0 (0) dinf=6.745955682696954e9 (11114) time=81.224465294s
[ Info: iter=3753 obj=1.4191482998488946e6 pinf=0.0 (0) dinf=6.745215379675598e9 (11111) time=81.298585294s
[ Info: iter=3754 obj=1.4191482998488946e6 pinf=0.0 (0) dinf=6.744475076654242e9 (11108) time=81.373034794s
[ Info: iter=3755 obj=1.4191482998488946e6 pinf=0.0 (0) dinf=6.743734773632885e9 (11105) time=81.445000394s
[ Info: iter=3756 obj=1.4191482998488946e6 pinf=0.0 (0) dinf=6.742994470611528e9 (11102) time=81.520491694s
[ Info: iter=3757 obj=1.4191482998488946e6 pinf=0.0 (0) dinf=6.746705758778583e9 (11102) time=81.596974595s
[ Info: iter=3758 obj=1.4191482998488946e6 pinf=0.0 (0) dinf=6.747464918298772e9 (11103) time=81.674456095s
[ Info: iter=3759 obj=1.4191482998488946e6 pinf=0.0 (0) dinf=6.722023026681448e9 (11097) time=81.749039795s
[ Info: iter=3760 obj=1.4191482998488946e6 pinf=0.0 (0) dinf=6.796464840184445e9 (11117) time=81.827393395s
[ Info: iter=3761 obj=1.4191482998488946e6 pinf=0.0 (0) dinf=6.796686582630099e9 (11117) time=81.903340795s
[ Info: iter=3762 obj=1.4191482998488946e6 pinf=0.0 (0) dinf=6.797016538310642e9 (11117) time=81.975808495s
[ Info: iter=3763 obj=1.4191482998488946e6 pinf=0.0 (0) dinf=6.797331996977707e9 (11117) time=82.052549795s
[ Info: iter=3764 obj=1.4191482998488946e6 pinf=0.0 (0) dinf=6.797661951631251e9 (11117) time=82.126844195s
[ Info: iter=3765 obj=1.4191482998488946e6 pinf=0.0 (0) dinf=6.797580859619105e9 (11115) time=82.201688996s
[ Info: iter=3766 obj=1.4191482998488946e6 pinf=0.0 (0) dinf=6.796761587614032e9 (11118) time=82.279466396s
[ Info: iter=3767 obj=1.4191482998488946e6 pinf=0.0 (0) dinf=6.815066691760872e9 (11126) time=82.355137196s
[ Info: iter=3768 obj=1.4191482998488946e6 pinf=0.0 (0) dinf=6.812943921123551e9 (11122) time=82.436484996s
[ Info: iter=3769 obj=1.4191482998488946e6 pinf=0.0 (0) dinf=6.985864897228139e9 (11098) time=82.511927996s
[ Info: iter=3770 obj=1.4191482998488946e6 pinf=0.0 (0) dinf=6.984986679221702e9 (11105) time=82.588843996s
[ Info: iter=3771 obj=1.4191482998488946e6 pinf=0.0 (0) dinf=6.7512904848126135e9 (11091) time=82.663901396s
[ Info: iter=3772 obj=1.4191482998488946e6 pinf=0.0 (0) dinf=6.7512904848126135e9 (11090) time=82.740581496s
[ Info: iter=3773 obj=1.4191482998488946e6 pinf=0.0 (0) dinf=6.751290483890688e9 (11090) time=82.814294597s
[ Info: iter=3774 obj=1.4191482998488946e6 pinf=0.0 (0) dinf=6.770637821573582e9 (11094) time=82.891341497s
[ Info: iter=3775 obj=1.4191482998488946e6 pinf=0.0 (0) dinf=6.770589476963629e9 (11091) time=82.970642697s
[ Info: iter=3776 obj=1.4191482998488946e6 pinf=0.0 (0) dinf=6.77054113212608e9 (11088) time=83.045017797s
[ Info: iter=3777 obj=1.4191482998488946e6 pinf=0.0 (0) dinf=6.770492787516127e9 (11084) time=83.116625797s
[ Info: iter=3778 obj=1.4191482998488946e6 pinf=0.0 (0) dinf=6.77049277828853e9 (11079) time=83.195921698s
[ Info: iter=3779 obj=1.4191482998488946e6 pinf=0.0 (0) dinf=6.769552566807487e9 (11078) time=83.273382998s
[ Info: iter=3780 obj=1.4191482998488946e6 pinf=0.0 (0) dinf=6.754554073272886e9 (11087) time=83.345574999s
[ Info: iter=3781 obj=1.4191482998488946e6 pinf=0.0 (0) dinf=6.754656888727314e9 (11087) time=83.420608599s
[ Info: iter=3782 obj=1.4191482998488946e6 pinf=0.0 (0) dinf=6.764754019148689e9 (11090) time=83.496050399s
[ Info: iter=3783 obj=1.4191482998488946e6 pinf=0.0 (0) dinf=6.764720019101843e9 (11090) time=83.5696878s
[ Info: iter=3784 obj=1.4191482998488946e6 pinf=0.0 (0) dinf=6.7646860190549965e9 (11090) time=83.6466567s
[ Info: iter=3785 obj=1.4191482998488946e6 pinf=0.0 (0) dinf=6.764652019235747e9 (11090) time=83.721117101s
[ Info: iter=3786 obj=1.4191482998488946e6 pinf=0.0 (0) dinf=6.763990745843259e9 (11089) time=83.798452201s
[ Info: iter=3787 obj=1.4191482998488946e6 pinf=0.0 (0) dinf=6.754554073272886e9 (11087) time=83.875063802s
[ Info: iter=3788 obj=1.4191482998488946e6 pinf=0.0 (0) dinf=6.754420739647059e9 (11085) time=83.948016702s
[ Info: iter=3789 obj=1.4191482998488946e6 pinf=0.0 (0) dinf=6.764220691303916e9 (11088) time=84.024502003s
[ Info: iter=3790 obj=1.4191482998488946e6 pinf=0.0 (0) dinf=6.774337512268621e9 (11091) time=84.103192303s
[ Info: iter=3791 obj=1.4191482998488946e6 pinf=0.0 (0) dinf=6.787404115477765e9 (11092) time=84.177190603s
[ Info: iter=3792 obj=1.4191482998488946e6 pinf=0.0 (0) dinf=6.777604160820908e9 (11089) time=84.251822304s
[ Info: iter=3793 obj=1.4191482998488946e6 pinf=0.0 (0) dinf=6.76475406033883e9 (11106) time=84.325582104s
[ Info: iter=3794 obj=1.4191482998488946e6 pinf=0.0 (0) dinf=6.764720060268883e9 (11106) time=84.403828005s
[ Info: iter=3795 obj=1.4191482998488946e6 pinf=0.0 (0) dinf=6.764686060198936e9 (11106) time=84.484598005s
[ Info: iter=3796 obj=1.4191482998488946e6 pinf=0.0 (0) dinf=6.7646520603565855e9 (11105) time=84.561331806s
[ Info: iter=3797 obj=1.4191482998488946e6 pinf=0.0 (0) dinf=6.764648464704437e9 (11099) time=84.637243606s
[ Info: iter=3798 obj=1.4191482998488946e6 pinf=0.0 (0) dinf=6.763987190862649e9 (11098) time=84.712691206s
[ Info: iter=3799 obj=1.4191482998488946e6 pinf=0.0 (0) dinf=6.754554099458042e9 (11100) time=84.790551207s
[ Info: iter=3800 obj=1.4191482998488946e6 pinf=0.0 (0) dinf=6.754343246423585e9 (11099) time=84.863693107s
[ Info: iter=3801 obj=1.4191482998488946e6 pinf=0.0 (0) dinf=6.763910642633472e9 (11102) time=84.938786808s
[ Info: iter=3802 obj=1.4191482998488946e6 pinf=0.0 (0) dinf=6.768046950816463e9 (11103) time=85.016726108s
[ Info: iter=3803 obj=1.4191482998488946e6 pinf=0.0 (0) dinf=6.780803480096313e9 (11104) time=85.092214709s
[ Info: iter=3804 obj=1.4191482998488946e6 pinf=0.0 (0) dinf=6.771236080886426e9 (11101) time=85.168494909s
[ Info: iter=3805 obj=1.4191482998488946e6 pinf=0.0 (0) dinf=6.764128106445827e9 (11107) time=85.243433209s
[ Info: iter=3806 obj=1.4191482998488946e6 pinf=0.0 (0) dinf=6.7779309739775715e9 (11108) time=85.32089021s
[ Info: iter=3807 obj=1.4191482998488946e6 pinf=0.0 (0) dinf=6.767578821078763e9 (11105) time=85.39444741s
[ Info: iter=3808 obj=1.4191482998488946e6 pinf=0.0 (0) dinf=6.756734237674436e9 (11133) time=85.469967411s
[ Info: iter=3809 obj=1.4191482998488946e6 pinf=0.0 (0) dinf=6.764038418186878e9 (11146) time=85.544781211s
[ Info: iter=3810 obj=1.4191482998488946e6 pinf=0.0 (0) dinf=6.77259889967383e9 (11149) time=85.626551912s
[ Info: iter=3811 obj=1.4191482998488946e6 pinf=0.0 (0) dinf=6.778311871248448e9 (11157) time=85.701931312s
[ Info: iter=3812 obj=1.4191482998488946e6 pinf=0.0 (0) dinf=6.773166063993311e9 (11154) time=85.776713013s
[ Info: iter=3813 obj=1.4191482998488946e6 pinf=0.0 (0) dinf=6.757607007434717e9 (11156) time=85.855630113s
[ Info: iter=3814 obj=1.4191482998488946e6 pinf=0.0 (0) dinf=6.812297884747701e9 (11165) time=85.930567313s
[ Info: iter=3815 obj=1.4191482998488946e6 pinf=0.0 (0) dinf=6.812297838875519e9 (11165) time=86.002229914s
[ Info: iter=3816 obj=1.4191482998488946e6 pinf=0.0 (0) dinf=6.81229782405995e9 (11164) time=86.074600914s
[ Info: iter=3817 obj=1.4191482998488946e6 pinf=0.0 (0) dinf=6.812297826206812e9 (11164) time=86.144548015s
[ Info: iter=3818 obj=1.4191482998488946e6 pinf=0.0 (0) dinf=6.812297839048248e9 (11164) time=86.219172315s
[ Info: iter=3819 obj=1.4191482998488946e6 pinf=0.0 (0) dinf=6.81229725203648e9 (11164) time=86.291001115s
[ Info: iter=3820 obj=1.4191482998488946e6 pinf=0.0 (0) dinf=6.812296983805956e9 (11163) time=86.362330616s
[ Info: iter=3821 obj=1.4191482998488946e6 pinf=0.0 (0) dinf=6.812153098855434e9 (11162) time=86.438402016s
[ Info: iter=3822 obj=1.4191482998488946e6 pinf=0.0 (0) dinf=6.811973220089722e9 (11161) time=86.523803217s
EVENT refactor_pivot count=900 iter=3849 row=19721 entering=23277 pinf=0.0 dinf=6.801380624838914e9
PIVOT stored_forward=1.5121673842112405e-12 stored_tableau=0.0 direction_norm=4.206445278906759e8 row_residual_ratio=1.0e12
EVENT refactor_pivot count=1000 iter=3949 row=19721 entering=28198 pinf=0.0 dinf=6.824525987384207e9
PIVOT stored_forward=5.955712407104634e-14 stored_tableau=0.0 direction_norm=8.603629673800584e6 row_residual_ratio=1.0e12
EVENT refactor_pivot count=1100 iter=4049 row=498 entering=28198 pinf=0.0 dinf=7.190978999561176e9
PIVOT stored_forward=3.342704436162733e-12 stored_tableau=0.0 direction_norm=8.603629673800597e6 row_residual_ratio=1.0e12
[ Info: iter=3823 obj=1.4191482998488946e6 pinf=0.0 (0) dinf=6.809252756636303e9 (11159) time=86.605553017s
[ Info: iter=3824 obj=1.4191482998488946e6 pinf=0.0 (0) dinf=6.815453962361648e9 (11141) time=86.677333418s
[ Info: iter=3825 obj=1.4191482998488946e6 pinf=0.0 (0) dinf=6.816231551369677e9 (11145) time=86.750221518s
[ Info: iter=3826 obj=1.4191482998488946e6 pinf=0.0 (0) dinf=6.761726834073777e9 (11156) time=86.827120119s
[ Info: iter=3827 obj=1.4191482998488946e6 pinf=0.0 (0) dinf=6.815935978112153e9 (11146) time=86.902450019s
[ Info: iter=3828 obj=1.4191482998488946e6 pinf=0.0 (0) dinf=6.81694122863002e9 (11150) time=86.975289119s
[ Info: iter=3829 obj=1.4191482998488946e6 pinf=0.0 (0) dinf=6.809250247932745e9 (11144) time=87.05000442s
[ Info: iter=3830 obj=1.4191482998488946e6 pinf=0.0 (0) dinf=6.80790391936587e9 (11144) time=87.12661612s
[ Info: iter=3831 obj=1.4191482998488946e6 pinf=0.0 (0) dinf=6.809250869547403e9 (11144) time=87.200298021s
[ Info: iter=3832 obj=1.4191482998488946e6 pinf=0.0 (0) dinf=6.808866611796551e9 (11144) time=87.274924521s
[ Info: iter=3833 obj=1.4191482998488946e6 pinf=0.0 (0) dinf=6.808482354045698e9 (11144) time=87.347621321s
[ Info: iter=3834 obj=1.4191482998488946e6 pinf=0.0 (0) dinf=6.821943455551406e9 (11147) time=87.422882822s
[ Info: iter=3835 obj=1.4191482998488946e6 pinf=0.0 (0) dinf=6.823276465437854e9 (11151) time=87.496927722s
[ Info: iter=3836 obj=1.4191482998488946e6 pinf=0.0 (0) dinf=6.78100854817989e9 (11138) time=87.569872823s
[ Info: iter=3837 obj=1.4191482998488946e6 pinf=0.0 (0) dinf=6.772377308906691e9 (11139) time=87.643562123s
[ Info: iter=3838 obj=1.4191482998488946e6 pinf=0.0 (0) dinf=6.77233090557721e9 (11139) time=87.720494324s
[ Info: iter=3839 obj=1.4191482998488946e6 pinf=0.0 (0) dinf=6.774441325320348e9 (11139) time=87.796432424s
[ Info: iter=3840 obj=1.4191482998488946e6 pinf=0.0 (0) dinf=6.773828538011439e9 (11139) time=87.871880424s
[ Info: iter=3841 obj=1.4191482998488946e6 pinf=0.0 (0) dinf=6.775128431474081e9 (11139) time=87.946257525s
[ Info: iter=3842 obj=1.4191482998488946e6 pinf=0.0 (0) dinf=6.783717259395746e9 (11140) time=88.022417025s
[ Info: iter=3843 obj=1.4191482998488946e6 pinf=0.0 (0) dinf=6.777275636204497e9 (11137) time=88.098768326s
[ Info: iter=3844 obj=1.4191482998488946e6 pinf=0.0 (0) dinf=6.780138579845053e9 (11137) time=88.173354226s
[ Info: iter=3845 obj=1.4191482998488946e6 pinf=0.0 (0) dinf=6.788291261305682e9 (11140) time=88.247716327s
[ Info: iter=3846 obj=1.4191482998488946e6 pinf=0.0 (0) dinf=6.791386065614839e9 (11136) time=88.324420527s
[ Info: iter=3847 obj=1.4191482998488946e6 pinf=0.0 (0) dinf=6.7750808029352865e9 (11153) time=88.399873627s
[ Info: iter=3848 obj=1.4191482998488946e6 pinf=0.0 (0) dinf=6.8067467442675905e9 (11165) time=88.476642728s
[ Info: iter=3849 obj=1.4191482998488946e6 pinf=0.0 (0) dinf=6.801380624838914e9 (11167) time=88.556454028s
[ Info: iter=3850 obj=1.4191482998488946e6 pinf=0.0 (0) dinf=6.796033291667707e9 (11166) time=88.632289829s
[ Info: iter=3851 obj=1.4191482998488946e6 pinf=0.0 (0) dinf=6.790665011083588e9 (11165) time=88.705244029s
[ Info: iter=3852 obj=1.4191482998488946e6 pinf=0.0 (0) dinf=6.785305761145964e9 (11163) time=88.78177523s
[ Info: iter=3853 obj=1.4191482998488946e6 pinf=0.0 (0) dinf=6.77997491062362e9 (11163) time=88.85766223s
[ Info: iter=3854 obj=1.4191482998488946e6 pinf=0.0 (0) dinf=6.774622589973146e9 (11162) time=88.933830031s
[ Info: iter=3855 obj=1.4191482998488946e6 pinf=0.0 (0) dinf=6.774620993954768e9 (11162) time=89.008350331s
[ Info: iter=3856 obj=1.4191482998488946e6 pinf=0.0 (0) dinf=6.774597790897144e9 (11161) time=89.081240531s
[ Info: iter=3857 obj=1.4191482998488946e6 pinf=0.0 (0) dinf=6.774594218022995e9 (11160) time=89.153981332s
[ Info: iter=3858 obj=1.4191482998488946e6 pinf=0.0 (0) dinf=6.774588649615876e9 (11158) time=89.229402032s
[ Info: iter=3859 obj=1.4191482998488946e6 pinf=0.0 (0) dinf=6.774635053492248e9 (11159) time=89.302981933s
[ Info: iter=3860 obj=1.4191482998488946e6 pinf=0.0 (0) dinf=6.774618571064458e9 (11159) time=89.377752433s
[ Info: iter=3861 obj=1.4191482998488946e6 pinf=0.0 (0) dinf=6.774664974609346e9 (11160) time=89.453439833s
[ Info: iter=3862 obj=1.4191482998488946e6 pinf=0.0 (0) dinf=6.774643505033771e9 (11160) time=89.527878434s
[ Info: iter=3863 obj=1.4191482998488946e6 pinf=0.0 (0) dinf=6.774708324325949e9 (11162) time=89.603950834s
[ Info: iter=3864 obj=1.4191482998488946e6 pinf=0.0 (0) dinf=6.774694881924729e9 (11162) time=89.677162435s
[ Info: iter=3865 obj=1.4191482998488946e6 pinf=0.0 (0) dinf=6.774648477831537e9 (11161) time=89.750138135s
[ Info: iter=3866 obj=1.4191482998488946e6 pinf=0.0 (0) dinf=6.774645009771434e9 (11161) time=89.826292136s
[ Info: iter=3867 obj=1.4191482998488946e6 pinf=0.0 (0) dinf=6.774598606295661e9 (11160) time=89.904742336s
[ Info: iter=3868 obj=1.4191482998488946e6 pinf=0.0 (0) dinf=6.774555392908263e9 (11159) time=89.976980836s
[ Info: iter=3869 obj=1.4191482998488946e6 pinf=0.0 (0) dinf=6.775345470147729e9 (11158) time=90.050345837s
[ Info: iter=3870 obj=1.4191482998488946e6 pinf=0.0 (0) dinf=6.769007377480323e9 (11157) time=90.128664437s
[ Info: iter=3871 obj=1.4191482998488946e6 pinf=0.0 (0) dinf=6.769004347524843e9 (11157) time=90.206141538s
[ Info: iter=3872 obj=1.4191482998488946e6 pinf=0.0 (0) dinf=6.768991968229997e9 (11157) time=90.281049638s
[ Info: iter=3873 obj=1.4191482998488946e6 pinf=0.0 (0) dinf=6.76897958893515e9 (11157) time=90.357395139s
[ Info: iter=3874 obj=1.4191482998488946e6 pinf=0.0 (0) dinf=6.782082401797037e9 (11157) time=90.435676739s
[ Info: iter=3875 obj=1.4191482998488946e6 pinf=0.0 (0) dinf=6.7722575635342245e9 (11153) time=90.51381264s
[ Info: iter=3876 obj=1.4191482998488946e6 pinf=0.0 (0) dinf=6.77234855602534e9 (11152) time=90.59276204s
[ Info: iter=3877 obj=1.4191482998488946e6 pinf=0.0 (0) dinf=6.772573361231757e9 (11151) time=90.66938644s
[ Info: iter=3878 obj=1.4191482998488946e6 pinf=0.0 (0) dinf=6.773348210212362e9 (11152) time=90.745419941s
[ Info: iter=3879 obj=1.4191482998488946e6 pinf=0.0 (0) dinf=6.773031308350723e9 (11153) time=90.823262641s
[ Info: iter=3880 obj=1.4191482998488946e6 pinf=0.0 (0) dinf=6.769446081049097e9 (11145) time=90.897741542s
[ Info: iter=3881 obj=1.4191482998488946e6 pinf=0.0 (0) dinf=6.769444598193682e9 (11145) time=90.974161442s
[ Info: iter=3882 obj=1.4191482998488946e6 pinf=0.0 (0) dinf=6.769384512764543e9 (11144) time=91.049823343s
[ Info: iter=3883 obj=1.4191482998488946e6 pinf=0.0 (0) dinf=6.769634375670622e9 (11143) time=91.128579142s
[ Info: iter=3884 obj=1.4191482998488946e6 pinf=0.0 (0) dinf=6.769015789827003e9 (11145) time=91.205392841s
[ Info: iter=3885 obj=1.4191482998488946e6 pinf=0.0 (0) dinf=6.775131935576649e9 (11145) time=91.280126641s
[ Info: iter=3886 obj=1.4191482998488946e6 pinf=0.0 (0) dinf=6.770528617692266e9 (11142) time=91.35800594s
[ Info: iter=3887 obj=1.4191482998488946e6 pinf=0.0 (0) dinf=6.765421599480943e9 (11146) time=91.434951039s
[ Info: iter=3888 obj=1.4191482998488946e6 pinf=0.0 (0) dinf=6.769001445144506e9 (11141) time=91.508678039s
[ Info: iter=3889 obj=1.4191482998488946e6 pinf=0.0 (0) dinf=6.77510926848474e9 (11141) time=91.583094938s
[ Info: iter=3890 obj=1.4191482998488946e6 pinf=0.0 (0) dinf=6.770505955791356e9 (11138) time=91.663900738s
[ Info: iter=3891 obj=1.4191482998488946e6 pinf=0.0 (0) dinf=6.76897359610466e9 (11137) time=91.736624137s
[ Info: iter=3892 obj=1.4191482998488946e6 pinf=0.0 (0) dinf=6.768985196313517e9 (11137) time=91.814648136s
[ Info: iter=3893 obj=1.4191482998488946e6 pinf=0.0 (0) dinf=6.76898257104376e9 (11137) time=91.892256636s
[ Info: iter=3894 obj=1.4191482998488946e6 pinf=0.0 (0) dinf=6.775095249353463e9 (11137) time=91.970494235s
[ Info: iter=3895 obj=1.4191482998488946e6 pinf=0.0 (0) dinf=6.770492036034721e9 (11134) time=92.048619735s
[ Info: iter=3896 obj=1.4191482998488946e6 pinf=0.0 (0) dinf=6.768964379302257e9 (11133) time=92.125010934s
[ Info: iter=3897 obj=1.4191482998488946e6 pinf=0.0 (0) dinf=6.768946602532814e9 (11133) time=92.198135633s
[ Info: iter=3898 obj=1.4191482998488946e6 pinf=0.0 (0) dinf=6.768929092826344e9 (11136) time=92.275255733s
[ Info: iter=3899 obj=1.4191482998488946e6 pinf=0.0 (0) dinf=6.765656168437208e9 (11138) time=92.346034132s
[ Info: iter=3900 obj=1.4191482998488946e6 pinf=0.0 (0) dinf=6.795224437449028e9 (11199) time=92.421227132s
[ Info: iter=3901 obj=1.4191482998488946e6 pinf=0.0 (0) dinf=6.7982074066551695e9 (11201) time=92.495717231s
[ Info: iter=3902 obj=1.4191482998488946e6 pinf=0.0 (0) dinf=6.793737252834941e9 (11197) time=92.57475953s
[ Info: iter=3903 obj=1.4191482998488946e6 pinf=0.0 (0) dinf=6.789281497909823e9 (11197) time=92.64902833s
[ Info: iter=3904 obj=1.4191482998488946e6 pinf=0.0 (0) dinf=6.789279254537935e9 (11196) time=92.721661829s
[ Info: iter=3905 obj=1.4191482998488946e6 pinf=0.0 (0) dinf=6.7879619085612755e9 (11194) time=92.797441929s
[ Info: iter=3906 obj=1.4191482998488946e6 pinf=0.0 (0) dinf=6.7812765779922285e9 (11193) time=92.875534828s
[ Info: iter=3907 obj=1.4191482998488946e6 pinf=0.0 (0) dinf=6.781291971129072e9 (11196) time=92.948936627s
[ Info: iter=3908 obj=1.4191482998488946e6 pinf=0.0 (0) dinf=6.781300408121063e9 (11196) time=93.027275927s
[ Info: iter=3909 obj=1.4191482998488946e6 pinf=0.0 (0) dinf=6.78148442406697e9 (11193) time=93.105769326s
[ Info: iter=3910 obj=1.4191482998488946e6 pinf=0.0 (0) dinf=6.794980671957e9 (11179) time=93.181804225s
[ Info: iter=3911 obj=1.4191482998488946e6 pinf=0.0 (0) dinf=6.835946565206587e9 (11181) time=93.259589225s
[ Info: iter=3912 obj=1.4191482998488946e6 pinf=0.0 (0) dinf=6.988070149799033e9 (11181) time=93.336448324s
[ Info: iter=3913 obj=1.4191482998488946e6 pinf=0.0 (0) dinf=6.98836677037346e9 (11181) time=93.411523424s
[ Info: iter=3914 obj=1.4191482998488946e6 pinf=0.0 (0) dinf=6.988949339203739e9 (11180) time=93.486989623s
[ Info: iter=3915 obj=1.4191482998488946e6 pinf=0.0 (0) dinf=6.987461619792806e9 (11180) time=93.562307222s
[ Info: iter=3916 obj=1.4191482998488946e6 pinf=0.0 (0) dinf=6.989375127001783e9 (11179) time=93.639976722s
[ Info: iter=3917 obj=1.4191482998488946e6 pinf=0.0 (0) dinf=6.989418073925855e9 (11179) time=93.713078821s
[ Info: iter=3918 obj=1.4191482998489577e6 pinf=0.0 (0) dinf=6.989415272452753e9 (11173) time=93.793347721s
[ Info: iter=3919 obj=1.4191482998489577e6 pinf=0.0 (0) dinf=7.108055762629792e9 (11114) time=93.86563392s
[ Info: iter=3920 obj=1.4191482998489577e6 pinf=0.0 (0) dinf=7.10805574852113e9 (11111) time=93.933535119s
[ Info: iter=3921 obj=1.4191482998489577e6 pinf=0.0 (0) dinf=7.107991267619287e9 (11109) time=94.005880819s
[ Info: iter=3922 obj=1.4191482998489577e6 pinf=0.0 (0) dinf=7.108065878039588e9 (11110) time=94.078861918s
[ Info: iter=3923 obj=1.4191482998489577e6 pinf=0.0 (0) dinf=7.108188972751484e9 (11111) time=94.154150718s
[ Info: iter=3924 obj=1.4191482998489577e6 pinf=0.0 (0) dinf=7.107855399051344e9 (11108) time=94.227176917s
[ Info: iter=3925 obj=1.4191482998489577e6 pinf=0.0 (0) dinf=7.111991284255229e9 (11109) time=94.298070117s
[ Info: iter=3926 obj=1.4191482998489577e6 pinf=0.0 (0) dinf=7.110932701668691e9 (11109) time=94.372901316s
[ Info: iter=3927 obj=1.4191482998489577e6 pinf=0.0 (0) dinf=6.944133438651545e9 (11175) time=94.450554615s
[ Info: iter=3928 obj=1.4191482998489577e6 pinf=0.0 (0) dinf=6.971441722828394e9 (11171) time=94.528317915s
[ Info: iter=3929 obj=1.4191482998489577e6 pinf=0.0 (0) dinf=6.956131208861542e9 (11168) time=94.606510314s
[ Info: iter=3930 obj=1.4191482998489577e6 pinf=0.0 (0) dinf=6.976127508866478e9 (11169) time=94.689813113s
[ Info: iter=3931 obj=1.4191482998489577e6 pinf=0.0 (0) dinf=7.204343950754556e9 (11172) time=94.765030713s
[ Info: iter=3932 obj=1.4191482998489938e6 pinf=0.0 (0) dinf=7.494209556575572e9 (11171) time=94.838308612s
[ Info: iter=3933 obj=1.4191482998489938e6 pinf=0.0 (0) dinf=7.493978446613932e9 (11171) time=94.908658512s
[ Info: iter=3934 obj=1.4191482998489938e6 pinf=0.0 (0) dinf=7.493978444641232e9 (11171) time=94.986069811s
[ Info: iter=3935 obj=1.4191482998489938e6 pinf=0.0 (0) dinf=7.493732750888101e9 (11170) time=95.06036301s
[ Info: iter=3936 obj=1.4191482998489938e6 pinf=0.0 (0) dinf=7.493653821005001e9 (11169) time=95.13041531s
[ Info: iter=3937 obj=1.4191482998489938e6 pinf=0.0 (0) dinf=7.493522571414231e9 (11169) time=95.203663009s
[ Info: iter=3938 obj=1.4191482998489938e6 pinf=0.0 (0) dinf=7.493376413069903e9 (11168) time=95.281084709s
[ Info: iter=3939 obj=1.4191482998489938e6 pinf=0.0 (0) dinf=7.493293013559394e9 (11166) time=95.354826508s
[ Info: iter=3940 obj=1.4191482998489938e6 pinf=0.0 (0) dinf=6.878254545044274e9 (11175) time=95.427448107s
[ Info: iter=3941 obj=1.4191482998489938e6 pinf=0.0 (0) dinf=6.878252251208507e9 (11175) time=95.499196007s
[ Info: iter=3942 obj=1.4191482998489938e6 pinf=0.0 (0) dinf=6.878098407841893e9 (11175) time=95.570553606s
[ Info: iter=3943 obj=1.4191482998489938e6 pinf=0.0 (0) dinf=6.878096491910905e9 (11175) time=95.641280606s
[ Info: iter=3944 obj=1.419148299848994e6 pinf=0.0 (0) dinf=6.877991719386226e9 (11175) time=95.711464605s
[ Info: iter=3945 obj=1.4191482998489947e6 pinf=0.0 (0) dinf=6.877452195436216e9 (11174) time=95.783085505s
[ Info: iter=3946 obj=1.4191482998490278e6 pinf=0.0 (0) dinf=6.91854701963713e9 (11213) time=95.859787304s
[ Info: iter=3947 obj=1.4191482998490278e6 pinf=0.0 (0) dinf=6.82331816332102e9 (11187) time=95.932331803s
[ Info: iter=3948 obj=1.4191482998490278e6 pinf=0.0 (0) dinf=6.823234333543998e9 (11185) time=96.006191303s
[ Info: iter=3949 obj=1.4191482998490317e6 pinf=0.0 (0) dinf=6.824525987384206e9 (11184) time=96.080299702s
[ Info: iter=3950 obj=1.4191482998490317e6 pinf=0.0 (0) dinf=6.829148906949418e9 (11169) time=96.154797402s
[ Info: iter=3951 obj=1.4191482998490317e6 pinf=0.0 (0) dinf=6.879279533784406e9 (11175) time=96.228205701s
[ Info: iter=3952 obj=1.4191482998490317e6 pinf=0.0 (0) dinf=6.86295813785423e9 (11177) time=96.3025266s
[ Info: iter=3953 obj=1.4191482998490317e6 pinf=0.0 (0) dinf=6.82444976769431e9 (11185) time=96.3754804s
[ Info: iter=3954 obj=1.4191482998490403e6 pinf=0.0 (0) dinf=6.79854710883283e9 (11184) time=96.450465499s
[ Info: iter=3955 obj=1.4191482998490403e6 pinf=0.0 (0) dinf=6.798530587400293e9 (11182) time=96.528932699s
[ Info: iter=3956 obj=1.4191482998490403e6 pinf=0.0 (0) dinf=7.50714631226454e9 (11184) time=96.604754598s
[ Info: iter=3957 obj=1.4191482998490403e6 pinf=0.0 (0) dinf=6.8596502176468115e9 (11180) time=96.679406097s
[ Info: iter=3958 obj=1.4191482998490403e6 pinf=0.0 (0) dinf=7.614635080847249e9 (11193) time=96.763883097s
[ Info: iter=3959 obj=1.4191482998490403e6 pinf=0.0 (0) dinf=7.665719437702652e9 (11192) time=96.835407396s
[ Info: iter=3960 obj=1.4191482998490403e6 pinf=0.0 (0) dinf=7.6715920033851185e9 (11187) time=96.911895896s
[ Info: iter=3961 obj=1.4191482998490403e6 pinf=0.0 (0) dinf=7.673624811967511e9 (11182) time=96.988147695s
[ Info: iter=3962 obj=1.4191482998490403e6 pinf=0.0 (0) dinf=7.684014737194183e9 (11181) time=97.065327394s
[ Info: iter=3963 obj=1.4191482998490403e6 pinf=0.0 (0) dinf=7.7015623039805765e9 (11182) time=97.142114994s
[ Info: iter=3964 obj=1.4191482998490403e6 pinf=0.0 (0) dinf=7.6999121272521e9 (11181) time=97.217163493s
[ Info: iter=3965 obj=1.4191482998490403e6 pinf=0.0 (0) dinf=7.7197183734356165e9 (11182) time=97.291388493s
[ Info: iter=3966 obj=1.4191482998490403e6 pinf=0.0 (0) dinf=7.71806819670714e9 (11181) time=97.371989392s
[ Info: iter=3967 obj=1.4191482998490403e6 pinf=0.0 (0) dinf=7.728458121933812e9 (11180) time=97.447130691s
[ Info: iter=3968 obj=1.4191482998490403e6 pinf=0.0 (0) dinf=7.727468015896727e9 (11179) time=97.524310691s
[ Info: iter=3969 obj=1.4191482998490403e6 pinf=0.0 (0) dinf=7.726477909859641e9 (11178) time=97.59840809s
[ Info: iter=3970 obj=1.4191482998490403e6 pinf=0.0 (0) dinf=6.87564762156141e9 (11097) time=97.677052289s
[ Info: iter=3971 obj=1.4191482998490403e6 pinf=0.0 (0) dinf=6.871351222578155e9 (11099) time=97.750544589s
[ Info: iter=3972 obj=1.4191482998490403e6 pinf=0.0 (0) dinf=6.8606927408306875e9 (11206) time=97.826996088s
[ Info: iter=3973 obj=1.4191482998490776e6 pinf=0.0 (0) dinf=6.880327203646824e9 (11204) time=97.906164288s
[ Info: iter=3974 obj=1.4191482998490776e6 pinf=0.0 (0) dinf=6.808436463769354e9 (11207) time=97.983229987s
[ Info: iter=3975 obj=1.4191482998490888e6 pinf=0.0 (0) dinf=6.877605302102586e9 (11206) time=98.060267386s
[ Info: iter=3976 obj=1.419148299849098e6 pinf=0.0 (0) dinf=6.881409980150739e9 (11205) time=98.134085886s
[ Info: iter=3977 obj=1.419148299849119e6 pinf=0.0 (0) dinf=6.926356160328484e9 (11196) time=98.210814885s
[ Info: iter=3978 obj=1.419148299849119e6 pinf=0.0 (0) dinf=6.926356156625484e9 (11193) time=98.289834385s
[ Info: iter=3979 obj=1.419148299849119e6 pinf=0.0 (0) dinf=6.926356153625484e9 (11190) time=98.362591884s
[ Info: iter=3980 obj=1.419148299849119e6 pinf=0.0 (0) dinf=6.914922755481563e9 (11187) time=98.440225383s
[ Info: iter=3981 obj=1.419148299849119e6 pinf=0.0 (0) dinf=7.009272458968578e9 (11204) time=98.514551483s
[ Info: iter=3982 obj=1.419148299849119e6 pinf=0.0 (0) dinf=6.946604827311921e9 (11198) time=98.593241182s
[ Info: iter=3983 obj=1.419148299849119e6 pinf=0.0 (0) dinf=6.944002048211018e9 (11201) time=98.668811282s
[ Info: iter=3984 obj=1.419148299849119e6 pinf=0.0 (0) dinf=7.009272453563282e9 (11200) time=98.748587981s
[ Info: iter=3985 obj=1.419148299849119e6 pinf=0.0 (0) dinf=7.009272448563282e9 (11196) time=98.82386938s
[ Info: iter=3986 obj=1.419148299849119e6 pinf=0.0 (0) dinf=7.00046045240686e9 (11194) time=98.89962688s
[ Info: iter=3987 obj=1.4191482998491225e6 pinf=0.0 (0) dinf=6.994515692694684e9 (11193) time=98.975720779s
[ Info: iter=3988 obj=1.4191482998491225e6 pinf=0.0 (0) dinf=6.985535269835337e9 (11192) time=99.047539778s
[ Info: iter=3989 obj=1.4191482998491225e6 pinf=0.0 (0) dinf=6.976550541083885e9 (11190) time=99.121920677s
[ Info: iter=3990 obj=1.4191482998491225e6 pinf=0.0 (0) dinf=6.967570118224538e9 (11189) time=99.199508176s
[ Info: iter=3991 obj=1.4191482998491225e6 pinf=0.0 (0) dinf=6.958657583087218e9 (11188) time=99.273370975s
[ Info: iter=3992 obj=1.4191482998491225e6 pinf=0.0 (0) dinf=6.949726933709393e9 (11189) time=99.348393773s
[ Info: iter=3993 obj=1.4191482998491225e6 pinf=0.0 (0) dinf=6.949723958430953e9 (11189) time=99.421858172s
[ Info: iter=3994 obj=1.4191482998491225e6 pinf=0.0 (0) dinf=6.949750077890526e9 (11189) time=99.496144271s
[ Info: iter=3995 obj=1.4191482998491311e6 pinf=0.0 (0) dinf=6.9574749303865185e9 (11186) time=99.57502037s
[ Info: iter=3996 obj=1.4191482998491311e6 pinf=0.0 (0) dinf=6.957496217208068e9 (11186) time=99.650549568s
[ Info: iter=3997 obj=1.4191482998491311e6 pinf=0.0 (0) dinf=6.941273190688696e9 (11182) time=99.727359867s
[ Info: iter=3998 obj=1.4191482998491311e6 pinf=0.0 (0) dinf=6.941610886630941e9 (11180) time=99.805086066s
[ Info: iter=3999 obj=1.4191482998491311e6 pinf=0.0 (0) dinf=6.915580603160668e9 (11177) time=99.880628364s
[ Info: iter=4000 obj=1.4191482998491311e6 pinf=0.0 (0) dinf=6.925341959462021e9 (11177) time=99.958500063s
[ Info: iter=4001 obj=1.4191482998491311e6 pinf=0.0 (0) dinf=6.980656311836352e9 (11176) time=100.041560262s
[ Info: iter=4002 obj=1.4191482998491311e6 pinf=0.0 (0) dinf=6.995406756899953e9 (11174) time=100.11649186s
[ Info: iter=4003 obj=1.4191482998491311e6 pinf=0.0 (0) dinf=7.01015724866976e9 (11171) time=100.193210959s
[ Info: iter=4004 obj=1.4191482998491311e6 pinf=0.0 (0) dinf=6.911951393136675e9 (11103) time=100.267893958s
[ Info: iter=4005 obj=1.4191482998491311e6 pinf=0.0 (0) dinf=6.911939584920224e9 (11098) time=100.340786257s
[ Info: iter=4006 obj=1.4191482998491311e6 pinf=0.0 (0) dinf=6.911932318162015e9 (11097) time=100.416927355s
[ Info: iter=4007 obj=1.4191482998491311e6 pinf=0.0 (0) dinf=6.845776789124438e9 (11202) time=100.488869754s
[ Info: iter=4008 obj=1.4191482998491311e6 pinf=0.0 (0) dinf=7.836315686085862e9 (11221) time=100.562800053s
[ Info: iter=4009 obj=1.4191482998491311e6 pinf=0.0 (0) dinf=7.835795392226232e9 (11219) time=100.639965152s
[ Info: iter=4010 obj=1.4191482998491311e6 pinf=0.0 (0) dinf=7.835731158772899e9 (11220) time=100.71590685s
[ Info: iter=4011 obj=1.4191482998491311e6 pinf=0.0 (0) dinf=7.835653930567302e9 (11221) time=100.801682949s
[ Info: iter=4012 obj=1.4191482998491311e6 pinf=0.0 (0) dinf=7.701081785028999e9 (11223) time=100.874405248s
[ Info: iter=4013 obj=1.4191482998491311e6 pinf=0.0 (0) dinf=7.673828399407223e9 (11223) time=100.945525046s
[ Info: iter=4014 obj=1.4191482998491311e6 pinf=0.0 (0) dinf=7.646029530630661e9 (11221) time=101.023126945s
[ Info: iter=4015 obj=1.4191482998491311e6 pinf=0.0 (0) dinf=7.618238880294855e9 (11221) time=101.095805644s
[ Info: iter=4016 obj=1.4191482998491311e6 pinf=0.0 (0) dinf=7.61826455467784e9 (11221) time=101.166470843s
[ Info: iter=4017 obj=1.4191482998491311e6 pinf=0.0 (0) dinf=7.619274413125778e9 (11221) time=101.239895441s
[ Info: iter=4018 obj=1.4191482998491311e6 pinf=0.0 (0) dinf=7.591564968839156e9 (11219) time=101.31680574s
[ Info: iter=4019 obj=1.4191482998491311e6 pinf=0.0 (0) dinf=7.564311582970726e9 (11219) time=101.393675139s
[ Info: iter=4020 obj=1.4191482998491311e6 pinf=0.0 (0) dinf=7.563865230056902e9 (11218) time=101.466683837s
[ Info: iter=4021 obj=1.4191482998491311e6 pinf=0.0 (0) dinf=7.563395274788063e9 (11217) time=101.544035736s
[ Info: iter=4022 obj=1.4191482998491311e6 pinf=0.0 (0) dinf=7.563614885692255e9 (11217) time=101.625494035s
[ Info: iter=4023 obj=1.4191482998491311e6 pinf=0.0 (0) dinf=7.563834496383681e9 (11217) time=101.699557834s
[ Info: iter=4024 obj=1.4191482998491311e6 pinf=0.0 (0) dinf=7.563826948755032e9 (11217) time=101.776544332s
[ Info: iter=4025 obj=1.4191482998491311e6 pinf=0.0 (0) dinf=7.563975688981386e9 (11218) time=101.851396531s
[ Info: iter=4026 obj=1.4191482998491311e6 pinf=0.0 (0) dinf=7.564124428564792e9 (11219) time=101.92886403s
[ Info: iter=4027 obj=1.4191482998491311e6 pinf=0.0 (0) dinf=7.566193182383336e9 (11220) time=102.006108928s
[ Info: iter=4028 obj=1.4191482998491311e6 pinf=0.0 (0) dinf=7.595100482144953e9 (11221) time=102.082895827s
[ Info: iter=4029 obj=1.4191482998491311e6 pinf=0.0 (0) dinf=7.573284144287534e9 (11218) time=102.159955826s
[ Info: iter=4030 obj=1.4191482998491311e6 pinf=0.0 (0) dinf=7.566414997533874e9 (11227) time=102.236039124s
[ Info: iter=4031 obj=1.4191482998491311e6 pinf=0.0 (0) dinf=7.595589293391154e9 (11228) time=102.313792523s
[ Info: iter=4032 obj=1.4191482998491311e6 pinf=0.0 (0) dinf=7.573619317242164e9 (11224) time=102.390997122s
[ Info: iter=4033 obj=1.4191482998491311e6 pinf=0.0 (0) dinf=7.573718923802268e9 (11224) time=102.46556152s
[ Info: iter=4034 obj=1.4191482998491311e6 pinf=0.0 (0) dinf=7.573672237627665e9 (11225) time=102.545746719s
[ Info: iter=4035 obj=1.4191482998491311e6 pinf=0.0 (0) dinf=7.568223714466615e9 (11224) time=102.625153018s
[ Info: iter=4036 obj=1.4191482998491311e6 pinf=0.0 (0) dinf=7.00821752296786e9 (11239) time=102.702939616s
[ Info: iter=4037 obj=1.4191482998491311e6 pinf=0.0 (0) dinf=6.979531144582024e9 (11239) time=102.786454215s
[ Info: iter=4038 obj=1.4191482998491311e6 pinf=0.0 (0) dinf=7.535715830429145e9 (11234) time=102.867026914s
[ Info: iter=4039 obj=1.4191482998491311e6 pinf=0.0 (0) dinf=7.541759908683954e9 (11234) time=102.942448112s
[ Info: iter=4040 obj=1.4191482998491311e6 pinf=0.0 (0) dinf=7.056344983111928e9 (11228) time=103.019593711s
[ Info: iter=4041 obj=1.4191482998491311e6 pinf=0.0 (0) dinf=7.055636987027221e9 (11230) time=103.09601241s
[ Info: iter=4042 obj=1.4191482998491311e6 pinf=0.0 (0) dinf=7.056108812669352e9 (11228) time=103.173523308s
[ Info: iter=4043 obj=1.4191482998491311e6 pinf=0.0 (0) dinf=7.055805449576556e9 (11226) time=103.249019807s
[ Info: iter=4044 obj=1.4191482998491311e6 pinf=0.0 (0) dinf=7.055805448140225e9 (11226) time=103.327349906s
[ Info: iter=4045 obj=1.4191482998491311e6 pinf=0.0 (0) dinf=7.055568230769052e9 (11226) time=103.403187005s
[ Info: iter=4046 obj=1.4191482998491311e6 pinf=0.0 (0) dinf=7.076943753413694e9 (11131) time=103.482578003s
[ Info: iter=4047 obj=1.4191482998491311e6 pinf=0.0 (0) dinf=7.19097775502087e9 (11129) time=103.560432002s
[ Info: iter=4048 obj=1.4191482998491311e6 pinf=0.0 (0) dinf=7.191434304106413e9 (11124) time=103.636574301s
[ Info: iter=4049 obj=1.4191482998491311e6 pinf=0.0 (0) dinf=7.190978999561185e9 (11119) time=103.716121999s
[ Info: iter=4050 obj=1.4191482998491311e6 pinf=0.0 (0) dinf=7.191435564073155e9 (11114) time=103.797924498s
[ Info: iter=4051 obj=1.4191482998491311e6 pinf=0.0 (0) dinf=7.083256239484349e9 (11113) time=103.875485897s
[ Info: iter=4052 obj=1.4191482998491311e6 pinf=0.0 (0) dinf=7.074556633930561e9 (11112) time=103.950805595s
[ Info: iter=4053 obj=1.4191482998491311e6 pinf=0.0 (0) dinf=7.069980384342807e9 (11111) time=104.028441894s
[ Info: iter=4054 obj=1.4191482998491311e6 pinf=0.0 (0) dinf=7.068990332598251e9 (11109) time=104.107252193s
[ Info: iter=4055 obj=1.4191482998491311e6 pinf=0.0 (0) dinf=7.06942917805826e9 (11109) time=104.184605891s
[ Info: iter=4056 obj=1.4191482998491311e6 pinf=0.0 (0) dinf=7.069868027845291e9 (11110) time=104.26078149s
[ Info: iter=4057 obj=1.4191482998491311e6 pinf=0.0 (0) dinf=7.0693168500477085e9 (11109) time=104.338469489s
[ Info: iter=4058 obj=1.4191482998491311e6 pinf=0.0 (0) dinf=7.197160289892629e9 (11106) time=104.417322887s
[ Info: iter=4059 obj=1.4191482998491311e6 pinf=0.0 (0) dinf=7.197161024715181e9 (11101) time=104.491444086s
[ Info: iter=4060 obj=1.4191482998491311e6 pinf=0.0 (0) dinf=7.121834278087893e9 (11196) time=104.565275885s
[ Info: iter=4061 obj=1.41914829984917e6 pinf=0.0 (0) dinf=7.172363419031331e9 (11197) time=104.641553083s
[ Info: iter=4062 obj=1.419148299849289e6 pinf=0.0 (0) dinf=7.038902213662836e9 (11195) time=104.720545782s
[ Info: iter=4063 obj=1.419148299849289e6 pinf=0.0 (0) dinf=7.816900298299133e9 (11194) time=104.794949381s
[ Info: iter=4064 obj=1.419148299849289e6 pinf=0.0 (0) dinf=7.248037210205908e9 (11097) time=104.87333198s
[ Info: iter=4065 obj=1.419148299849289e6 pinf=0.0 (0) dinf=7.248037210214872e9 (11092) time=104.946050778s
[ Info: iter=4066 obj=1.419148299849289e6 pinf=0.0 (0) dinf=7.063313011709104e9 (11082) time=105.019842877s
[ Info: iter=4067 obj=1.419148299849289e6 pinf=0.0 (0) dinf=7.06568129743544e9 (11082) time=105.093763676s
[ Info: iter=4068 obj=1.419148299849289e6 pinf=0.0 (0) dinf=7.066399186703058e9 (11082) time=105.170841774s
[ Info: iter=4069 obj=1.419148299849289e6 pinf=0.0 (0) dinf=7.272966173871931e9 (11081) time=105.244126973s
[ Info: iter=4070 obj=1.419148299849289e6 pinf=0.0 (0) dinf=7.272966859355157e9 (11076) time=105.321885272s
[ Info: iter=4071 obj=1.419148299849289e6 pinf=0.0 (0) dinf=7.271010515532161e9 (11081) time=105.395711371s
[ Info: iter=4072 obj=1.419148299849289e6 pinf=0.0 (0) dinf=7.143011143940246e9 (11082) time=105.469798869s
[ Info: iter=4073 obj=1.419148299849289e6 pinf=0.0 (0) dinf=7.066047681110044e9 (11081) time=105.541608268s
[ Info: iter=4074 obj=1.419148299849289e6 pinf=0.0 (0) dinf=7.067005582114827e9 (11079) time=105.619540167s
[ Info: iter=4075 obj=1.419148299849289e6 pinf=0.0 (0) dinf=7.067743017694847e9 (11080) time=105.692975666s
[ Info: iter=4076 obj=1.419148299849289e6 pinf=0.0 (0) dinf=7.067135963487208e9 (11072) time=105.767323764s
[ Info: iter=4077 obj=1.419148299849289e6 pinf=0.0 (0) dinf=7.066398526746572e9 (11072) time=105.839926263s
[ Info: iter=4078 obj=1.419148299849289e6 pinf=0.0 (0) dinf=7.065738780821779e9 (11074) time=105.916744762s
[ Info: iter=4079 obj=1.419148299849289e6 pinf=0.0 (0) dinf=7.066696676586388e9 (11072) time=105.992208161s
[ Info: iter=4080 obj=1.419148299849289e6 pinf=0.0 (0) dinf=8.243889560329801e9 (11074) time=106.069234259s
[ Info: iter=4081 obj=1.419148299849289e6 pinf=0.0 (0) dinf=7.826791904440077e9 (11072) time=106.145393458s
[ Info: iter=4082 obj=1.419148299849289e6 pinf=0.0 (0) dinf=8.245068559128286e9 (11072) time=106.222573157s
[ Info: iter=4083 obj=1.419148299849289e6 pinf=0.0 (0) dinf=1.0561115010661821e10 (11071) time=106.294983855s
[ Info: iter=4084 obj=1.419148299849289e6 pinf=0.0 (0) dinf=8.422268543875776e9 (11070) time=106.373007254s
[ Info: iter=4085 obj=1.419148299849289e6 pinf=0.0 (0) dinf=8.537918631709851e9 (11065) time=106.453876953s
[ Info: iter=4086 obj=1.419148299849289e6 pinf=0.0 (0) dinf=7.742976810528795e9 (11060) time=106.527495751s
[ Info: iter=4087 obj=1.419148299849289e6 pinf=0.0 (0) dinf=7.765919552340265e9 (11058) time=106.60839655s
[ Info: iter=4088 obj=1.419148299849289e6 pinf=0.0 (0) dinf=7.388514392205805e9 (11057) time=106.683258549s
[ Info: iter=4089 obj=1.419148299849289e6 pinf=0.0 (0) dinf=7.835020942624709e9 (11157) time=106.759056747s
[ Info: iter=4090 obj=1.419148299849289e6 pinf=0.0 (0) dinf=7.834515726863526e9 (11157) time=106.836393646s
[ Info: iter=4091 obj=1.419148299849289e6 pinf=0.0 (0) dinf=7.834654336730896e9 (11156) time=106.917777445s
[ Info: iter=4092 obj=1.419148299849289e6 pinf=0.0 (0) dinf=7.333398214440824e9 (11146) time=106.991208444s
[ Info: iter=4093 obj=1.419148299849289e6 pinf=0.0 (0) dinf=7.336987171104825e9 (11154) time=107.069763242s
[ Info: iter=4094 obj=1.419148299849289e6 pinf=0.0 (0) dinf=7.332703610066171e9 (11149) time=107.149168539s
[ Info: iter=4095 obj=1.419148299849289e6 pinf=0.0 (0) dinf=7.332703610066171e9 (11148) time=107.224905735s
[ Info: iter=4096 obj=1.419148299849289e6 pinf=0.0 (0) dinf=7.336987186424827e9 (11160) time=107.300071231s
[ Info: iter=4097 obj=1.419148299849289e6 pinf=0.0 (0) dinf=7.336547342810416e9 (11165) time=107.376905428s
[ Info: iter=4098 obj=1.419148299849289e6 pinf=0.0 (0) dinf=7.336308817437703e9 (11166) time=107.452983324s
[ Info: iter=4099 obj=1.419148299849289e6 pinf=0.0 (0) dinf=7.336299860990199e9 (11165) time=107.529562221s
[ Info: iter=4100 obj=1.419148299849289e6 pinf=0.0 (0) dinf=7.3361976740867815e9 (11165) time=107.606781817s
[ Info: iter=4101 obj=1.419148299849289e6 pinf=0.0 (0) dinf=7.336191810397454e9 (11165) time=107.691889113s
[ Info: iter=4102 obj=1.419148299849289e6 pinf=0.0 (0) dinf=7.336143619846557e9 (11164) time=107.770742409s
[ Info: iter=4103 obj=1.419148299849289e6 pinf=0.0 (0) dinf=7.33630806833899e9 (11165) time=107.845200306s
[ Info: iter=4104 obj=1.419148299849289e6 pinf=0.0 (0) dinf=7.336243405768346e9 (11165) time=107.919958402s
[ Info: iter=4105 obj=1.419148299849289e6 pinf=0.0 (0) dinf=7.336191663454671e9 (11164) time=107.991547499s
[ Info: iter=4106 obj=1.419148299849289e6 pinf=0.0 (0) dinf=7.336138052144483e9 (11162) time=108.069993595s
[ Info: iter=4107 obj=1.419148299849289e6 pinf=0.0 (0) dinf=7.336273009688367e9 (11158) time=108.146943591s
[ Info: iter=4108 obj=1.419148299849289e6 pinf=0.0 (0) dinf=7.336114441768716e9 (11155) time=108.219967188s
[ Info: iter=4109 obj=1.419148299849289e6 pinf=0.0 (0) dinf=7.336179232961692e9 (11155) time=108.294614384s
[ Info: iter=4110 obj=1.419148299849289e6 pinf=0.0 (0) dinf=7.336084656827248e9 (11167) time=108.37386168s
[ Info: iter=4111 obj=1.419148299849289e6 pinf=0.0 (0) dinf=7.335978768192257e9 (11165) time=108.462455776s
[ Info: iter=4112 obj=1.419148299849289e6 pinf=0.0 (0) dinf=7.335331064214242e9 (11162) time=108.539366473s
[ Info: iter=4113 obj=1.419148299849289e6 pinf=0.0 (0) dinf=7.337037130653714e9 (11167) time=108.612327069s
[ Info: iter=4114 obj=1.419148299849289e6 pinf=0.0 (0) dinf=7.334297255746414e9 (11155) time=108.692762765s
[ Info: iter=4115 obj=1.419148299849289e6 pinf=0.0 (0) dinf=7.334297253746414e9 (11152) time=108.771230362s
[ Info: iter=4116 obj=1.419148299849289e6 pinf=0.0 (0) dinf=7.334297251746416e9 (11149) time=108.847090558s
[ Info: iter=4117 obj=1.419148299849289e6 pinf=0.0 (0) dinf=7.333544024566524e9 (11146) time=108.930020654s
[ Info: iter=4118 obj=1.419148299849289e6 pinf=0.0 (0) dinf=7.331104447576455e9 (11156) time=109.00846055s
[ Info: iter=4119 obj=1.419148299849289e6 pinf=0.0 (0) dinf=7.330152572530116e9 (11157) time=109.085741347s
[ Info: iter=4120 obj=1.419148299849289e6 pinf=0.0 (0) dinf=7.42763600651374e9 (11063) time=109.160779343s
[ Info: iter=4121 obj=1.419148299849289e6 pinf=0.0 (0) dinf=7.298510413536213e9 (11157) time=109.242520839s
[ Info: iter=4122 obj=1.419148299849289e6 pinf=0.0 (0) dinf=7.450158366093465e9 (11056) time=109.320630536s
[ Info: iter=4123 obj=1.419148299849279e6 pinf=0.0 (0) dinf=7.5754912074750595e9 (11145) time=109.396238032s
[ Info: iter=4124 obj=1.419148299849279e6 pinf=0.0 (0) dinf=7.575480680939958e9 (11142) time=109.471197728s
[ Info: iter=4125 obj=1.419148299849279e6 pinf=0.0 (0) dinf=8.083997349228003e9 (11153) time=109.547004825s
EVENT refactor_pivot count=1200 iter=4149 row=1445 entering=28198 pinf=0.0 dinf=7.323875156656388e9
PIVOT stored_forward=-1.4650232961550178e-12 stored_tableau=0.0 direction_norm=8.603629673800606e6 row_residual_ratio=1.0e12
EVENT certification_failed count=1 iter=4151 row=19721 entering=28198 pinf=1.0001618054280663e-7 dinf=8.059675664692117e9
SNAPSHOT .superpowers/performance/runtime-primal-point.toml.certification_failed.4151.bin
EVENT phase_one count=2 iter=0 row=0 entering=0 pinf=0.0 dinf=12380.398223383017
[ Info: iter=4126 obj=1.419148299849279e6 pinf=0.0 (0) dinf=7.735452493175195e9 (11149) time=109.626488321s
[ Info: iter=4127 obj=1.419148299849279e6 pinf=0.0 (0) dinf=7.7373532210524025e9 (11148) time=109.705655717s
[ Info: iter=4128 obj=1.419148299849279e6 pinf=0.0 (0) dinf=7.914459044508257e9 (11149) time=109.783718814s
[ Info: iter=4129 obj=1.419148299849279e6 pinf=0.0 (0) dinf=7.514470704729469e9 (11147) time=109.86169521s
[ Info: iter=4130 obj=1.419148299849279e6 pinf=0.0 (0) dinf=7.955799174163519e9 (11148) time=109.943900006s
[ Info: iter=4131 obj=1.419148299849279e6 pinf=0.0 (0) dinf=7.333117340352455e9 (11047) time=110.021610802s
[ Info: iter=4132 obj=1.419148299849289e6 pinf=0.0 (0) dinf=7.3004594003594885e9 (11057) time=110.099059099s
[ Info: iter=4133 obj=1.419148299849289e6 pinf=0.0 (0) dinf=7.195411878256672e9 (11050) time=110.177358195s
[ Info: iter=4134 obj=1.419148299849289e6 pinf=0.0 (0) dinf=7.223273846554524e9 (11053) time=110.257107191s
[ Info: iter=4135 obj=1.419148299849289e6 pinf=0.0 (0) dinf=7.240687576740683e9 (11054) time=110.333594788s
[ Info: iter=4136 obj=1.419148299849289e6 pinf=0.0 (0) dinf=7.258101306926841e9 (11055) time=110.412009484s
[ Info: iter=4137 obj=1.419148299849289e6 pinf=0.0 (0) dinf=7.275515037112999e9 (11056) time=110.48973348s
[ Info: iter=4138 obj=1.419148299849289e6 pinf=0.0 (0) dinf=7.3004594003594885e9 (11057) time=110.566771577s
[ Info: iter=4139 obj=1.419148299849289e6 pinf=0.0 (0) dinf=7.198706243973071e9 (11050) time=110.645261773s
[ Info: iter=4140 obj=1.419148299849289e6 pinf=0.0 (0) dinf=7.226568212270924e9 (11053) time=110.720636469s
[ Info: iter=4141 obj=1.419148299849289e6 pinf=0.0 (0) dinf=7.243981942457082e9 (11054) time=110.795266566s
[ Info: iter=4142 obj=1.419148299849289e6 pinf=0.0 (0) dinf=7.26139567264324e9 (11055) time=110.873843662s
[ Info: iter=4143 obj=1.419148299849289e6 pinf=0.0 (0) dinf=7.278809402829398e9 (11056) time=110.950682158s
[ Info: iter=4144 obj=1.419148299849289e6 pinf=0.0 (0) dinf=7.72606558289855e9 (11142) time=111.027044655s
[ Info: iter=4145 obj=1.419148299849289e6 pinf=0.0 (0) dinf=7.443070969062098e9 (11143) time=111.104714751s
[ Info: iter=4146 obj=1.419148299849289e6 pinf=0.0 (0) dinf=7.41514239250061e9 (11142) time=111.185617447s
[ Info: iter=4147 obj=1.419148299849289e6 pinf=0.0 (0) dinf=7.6324503506635685e9 (11143) time=111.260719744s
[ Info: iter=4148 obj=1.419148299849289e6 pinf=0.0 (0) dinf=7.351803732267887e9 (11141) time=111.33477334s
[ Info: iter=4149 obj=1.419148299849289e6 pinf=0.0 (0) dinf=7.323875156656388e9 (11140) time=111.414021236s
[ Info: iter=4150 obj=1.419148299849289e6 pinf=0.0 (0) dinf=8.190244008292473e9 (11145) time=111.494748533s
[ Info: iter=4151 obj=1.4191482998494874e6 pinf=1.0001618054280663e-7 (1) dinf=8.059675664692117e9 (11153) time=111.573492429s
[ Info: Restarting simplex on original LP after NUMERICAL_ERROR: primal feasibility lost; completed iterations=4151
[ Info: iter=4151 obj=2.793025071873255e6 pinf=0.0 (0) dinf=12380.398223383017 (12075) time=111.743366221s
[ Info: iter=4231 obj=2.809548907316631e6 pinf=0.0 (0) dinf=12318.757617160018 (12042) time=112.056860006s
[ Info: iter=4311 obj=2.809548912026339e6 pinf=0.0 (0) dinf=21495.243656724637 (11996) time=112.368276591s
[ Info: iter=4391 obj=2.8113673852518583e6 pinf=0.0 (0) dinf=51639.067471567076 (12038) time=112.702538675s
[ Info: iter=4471 obj=2.8415782266635457e6 pinf=0.0 (0) dinf=40760.31175668435 (12035) time=113.094365957s
[ Info: iter=4551 obj=2.8632683888604734e6 pinf=0.0 (0) dinf=35565.886355803435 (12021) time=113.43821394s
[ Info: iter=4631 obj=2.8695603529424556e6 pinf=0.0 (0) dinf=33927.660901955096 (12081) time=113.785958124s
[ Info: iter=4711 obj=2.8705945252908855e6 pinf=0.0 (0) dinf=45775.72030917054 (12134) time=114.127597708s
[ Info: iter=4791 obj=2.8707391121618384e6 pinf=0.0 (0) dinf=67128.38469289996 (12176) time=114.482173191s
[ Info: iter=4871 obj=2.8707391121618384e6 pinf=0.0 (0) dinf=90318.01933485639 (12180) time=114.827151675s
[ Info: iter=4951 obj=2.8758070233344003e6 pinf=0.0 (0) dinf=138091.08311966743 (12178) time=115.173276162s
[ Info: Solve finished: status=ITERATION_LIMIT reason=iteration limit reached iterations=5000 time=115.364435562s
Dict{String, Any}("kernel_seconds" => Dict("pricing" => 29.487373884, "refactorization" => 5.632281099, "ftran" => 10.425333158, "btran" => 2.077810384), "basis_update" => "bartels_golub", "peak_rss" => 0x000000007b92e000, "counts" => Dict("certification_failed" => 1, "primal_point_preserved" => 1, "correction_attempt" => 118, "checkpoint" => 1, "correction" => 118, "pricing_scanned_entries" => 5148292449, "refactor_other" => 2, "pivot_completed" => 5000, "pivot_rejected" => 75558, "pricing_full_scan" => 81761, "pricing" => 81761, "refactor_initial" => 4, "refactor_pivot" => 1202, "pricing_scored_entries" => 930627712, "refactor_limit" => 45, "pivot_proposed" => 81760, "phase_one" => 2), "input" => "/home/jspitz/mps/runtime.mps", "interval" => 80, "outer_seconds" => 115.372264262, "input_sha256" => "d0ac16e1a52a7d3411cbac28616bba9d3beb0c0edbdb2d72ab0477ce075f6c68", "refactorizations" => 1249, "seconds" => 115.364435562, "allocated_bytes" => 18261380416, "julia" => "1.13.0", "algorithm" => "primal", "iterations" => 5000, "status" => "ITERATION_LIMIT", "message" => "iteration limit reached")
