EVENT phase_one count=1 iter=0 row=0 entering=0 pinf=0.0 dinf=12288.550456887204
EVENT correction_attempt count=1 iter=125 row=3833 entering=23674 pinf=0.0 dinf=562621.0254980393
EVENT correction_attempt count=2 iter=126 row=4727 entering=23074 pinf=0.0 dinf=12801.768029488665
EVENT correction_attempt count=3 iter=133 row=3811 entering=22810 pinf=0.0 dinf=77793.15755406715
EVENT correction_attempt count=4 iter=371 row=19915 entering=22091 pinf=0.0 dinf=22229.74200133711
EVENT correction_attempt count=5 iter=378 row=12721 entering=49561 pinf=0.0 dinf=12492.86434283157
EVENT correction_attempt count=6 iter=388 row=2792 entering=49564 pinf=0.0 dinf=12800.903050513509
EVENT correction_attempt count=7 iter=390 row=17636 entering=49884 pinf=0.0 dinf=29058.534736793616
EVENT correction_attempt count=8 iter=399 row=9706 entering=13730 pinf=0.0 dinf=30364.61518346922
EVENT correction_attempt count=9 iter=591 row=14706 entering=24405 pinf=0.0 dinf=4.43348611580669e6
EVENT correction_attempt count=10 iter=595 row=11696 entering=24394 pinf=0.0 dinf=4.626575930402368e6
EVENT refactor_pivot count=1 iter=2322 row=19721 entering=24398 pinf=0.0 dinf=3.69750222736082e6
PIVOT stored_forward=2.539635751898089e-14 stored_tableau=0.0 direction_norm=508962.8207537797 row_residual_ratio=1.0e12
EVENT refactor_pivot count=2 iter=2323 row=19721 entering=24398 pinf=0.0 dinf=3.697649451352726e6
PIVOT stored_forward=2.539635751898089e-14 stored_tableau=0.0 direction_norm=508962.8207537797 row_residual_ratio=1.0e12
EVENT refactor_pivot count=3 iter=2331 row=19721 entering=24398 pinf=0.0 dinf=3.7024470223785774e6
PIVOT stored_forward=2.539635751898089e-14 stored_tableau=0.0 direction_norm=508962.8207537797 row_residual_ratio=1.0e12
EVENT refactor_pivot count=4 iter=2332 row=19721 entering=24398 pinf=0.0 dinf=3.7024421547418637e6
PIVOT stored_forward=2.539635751898089e-14 stored_tableau=0.0 direction_norm=508962.8207537797 row_residual_ratio=1.0e12
EVENT refactor_pivot count=5 iter=2333 row=19721 entering=24398 pinf=0.0 dinf=3.702425554057028e6
PIVOT stored_forward=2.539635751898089e-14 stored_tableau=0.0 direction_norm=508962.8207537797 row_residual_ratio=1.0e12
EVENT refactor_pivot count=6 iter=2334 row=19721 entering=24398 pinf=0.0 dinf=3.702408926259502e6
PIVOT stored_forward=2.539635751898089e-14 stored_tableau=0.0 direction_norm=508962.8207537797 row_residual_ratio=1.0e12
EVENT refactor_pivot count=7 iter=2335 row=19721 entering=24398 pinf=0.0 dinf=3.7023922750743297e6
PIVOT stored_forward=2.539635751898089e-14 stored_tableau=0.0 direction_norm=508962.8207537797 row_residual_ratio=1.0e12
EVENT refactor_pivot count=8 iter=2336 row=19721 entering=24398 pinf=0.0 dinf=3.7023865720176552e6
PIVOT stored_forward=2.539635751898089e-14 stored_tableau=0.0 direction_norm=508962.8207537797 row_residual_ratio=1.0e12
EVENT refactor_pivot count=9 iter=2337 row=19721 entering=24398 pinf=0.0 dinf=3.702369971332819e6
PIVOT stored_forward=2.539635751898089e-14 stored_tableau=0.0 direction_norm=508962.8207537797 row_residual_ratio=1.0e12
EVENT refactor_pivot count=10 iter=2338 row=19721 entering=24398 pinf=0.0 dinf=3.7023533435352934e6
PIVOT stored_forward=2.539635751898089e-14 stored_tableau=0.0 direction_norm=508962.8207537797 row_residual_ratio=1.0e12
EVENT refactor_pivot count=100 iter=3049 row=19721 entering=28198 pinf=0.0 dinf=5.495485718719544e9
PIVOT stored_forward=2.50706790605376e-13 stored_tableau=0.0 direction_norm=8.60362967380059e6 row_residual_ratio=1.0e12
EVENT refactor_pivot count=200 iter=3149 row=19721 entering=28198 pinf=0.0 dinf=5.495466125347111e9
PIVOT stored_forward=2.50706790605376e-13 stored_tableau=0.0 direction_norm=8.60362967380059e6 row_residual_ratio=1.0e12
[ Info: Loaded problem: rows=43021 columns=47148 nnz=277210
[ Info: Starting presolve
[ Info: After presolve: rows=28453 columns=31615 nnz=211789
[ Info: iter=0 obj=1.2522206406563444e6 pinf=0.0 (0) dinf=12288.550456887204 (11330) time=2.228840683s
[ Info: iter=80 obj=1.2522206406563444e6 pinf=0.0 (0) dinf=36314.16836263747 (11279) time=2.484565768s
[ Info: iter=160 obj=1.2631118905179026e6 pinf=0.0 (0) dinf=20318.10622356058 (11212) time=2.751404652s
[ Info: iter=240 obj=1.3081914597255755e6 pinf=0.0 (0) dinf=12933.727267866876 (11235) time=2.997466538s
[ Info: iter=320 obj=1.3457333563381066e6 pinf=0.0 (0) dinf=13377.506131293816 (11160) time=3.241298823s
[ Info: iter=400 obj=1.365372047972791e6 pinf=0.0 (0) dinf=14946.893727017134 (11094) time=3.496877308s
[ Info: iter=480 obj=1.3679359060446834e6 pinf=0.0 (0) dinf=28616.505259710084 (11099) time=3.739396294s
[ Info: iter=560 obj=1.367935906044684e6 pinf=0.0 (0) dinf=138541.4328187033 (11009) time=3.985493579s
[ Info: iter=640 obj=1.367984980364754e6 pinf=0.0 (0) dinf=22377.908779322108 (11093) time=4.232684165s
[ Info: iter=720 obj=1.367984980364754e6 pinf=0.0 (0) dinf=23874.21152664453 (11096) time=4.48171245s
[ Info: iter=800 obj=1.380798629860655e6 pinf=0.0 (0) dinf=109464.19870492947 (11029) time=4.742842334s
[ Info: iter=880 obj=1.380798629860655e6 pinf=0.0 (0) dinf=3.931233811007373e7 (11026) time=4.99159482s
[ Info: iter=960 obj=1.380798629860655e6 pinf=0.0 (0) dinf=6.934687582960077e7 (11012) time=5.254565704s
[ Info: iter=1040 obj=1.3807986298636138e6 pinf=0.0 (0) dinf=4.2076028911693625e7 (10975) time=5.516132189s
[ Info: iter=1120 obj=1.384055465474363e6 pinf=0.0 (0) dinf=53130.47369370426 (10926) time=5.849294869s
[ Info: iter=1200 obj=1.384055465474363e6 pinf=0.0 (0) dinf=59314.39292302525 (10918) time=6.103140354s
[ Info: iter=1280 obj=1.384055465474363e6 pinf=0.0 (0) dinf=67405.14581547125 (10941) time=6.362228339s
[ Info: iter=1360 obj=1.384055473604198e6 pinf=0.0 (0) dinf=89933.16446574105 (10920) time=6.619945923s
[ Info: iter=1440 obj=1.384055473604198e6 pinf=0.0 (0) dinf=101754.32572760184 (10926) time=6.872028008s
[ Info: iter=1520 obj=1.38405551090465e6 pinf=0.0 (0) dinf=307856.49174860434 (11004) time=7.145850092s
[ Info: iter=1600 obj=1.384080826953643e6 pinf=0.0 (0) dinf=317672.1900505765 (11101) time=7.409427277s
[ Info: iter=1680 obj=1.384080826953643e6 pinf=0.0 (0) dinf=304784.2802007721 (11080) time=7.675169361s
[ Info: iter=1760 obj=1.3859368661843087e6 pinf=0.0 (0) dinf=335863.7292839774 (11118) time=7.951164645s
[ Info: iter=1840 obj=1.388751790669493e6 pinf=0.0 (0) dinf=325261.91684552707 (11093) time=8.210408029s
[ Info: iter=1920 obj=1.4019392581808572e6 pinf=0.0 (0) dinf=348812.2685264239 (11126) time=8.482818213s
[ Info: iter=2000 obj=1.4042233207869786e6 pinf=0.0 (0) dinf=3.639020764123432e6 (11067) time=8.806141094s
[ Info: iter=2080 obj=1.4042233207869786e6 pinf=0.0 (0) dinf=3.6410060109251603e6 (11122) time=9.993811124s
[ Info: iter=2160 obj=1.4042233207869786e6 pinf=0.0 (0) dinf=3.639201132680422e6 (11111) time=11.348009887s
[ Info: iter=2240 obj=1.4042233207869786e6 pinf=0.0 (0) dinf=3.667627227862621e6 (11077) time=13.046490441s
[ Info: iter=2320 obj=1.4042233207869786e6 pinf=0.0 (0) dinf=3.6944430278380597e6 (11048) time=15.293844879s
[ Info: iter=2322 obj=1.4042233207869786e6 pinf=0.0 (0) dinf=3.69750222736082e6 (11050) time=15.392060276s
[ Info: iter=2323 obj=1.4042233207869786e6 pinf=0.0 (0) dinf=3.697649451352726e6 (11049) time=15.432902275s
[ Info: iter=2331 obj=1.4042233207869786e6 pinf=0.0 (0) dinf=3.7024470223785774e6 (11047) time=15.680524968s
[ Info: iter=2332 obj=1.4042233207869786e6 pinf=0.0 (0) dinf=3.7024421547418637e6 (11047) time=15.723729367s
[ Info: iter=2333 obj=1.4042233207869786e6 pinf=0.0 (0) dinf=3.702425554057028e6 (11046) time=15.766576666s
[ Info: iter=2334 obj=1.4042233207869786e6 pinf=0.0 (0) dinf=3.702408926259502e6 (11045) time=15.814884065s
[ Info: iter=2335 obj=1.4042233207869786e6 pinf=0.0 (0) dinf=3.7023922750743297e6 (11044) time=15.859527863s
[ Info: iter=2336 obj=1.4042233207869786e6 pinf=0.0 (0) dinf=3.7023865720176552e6 (11044) time=15.901059862s
[ Info: iter=2337 obj=1.4042233207869786e6 pinf=0.0 (0) dinf=3.702369971332819e6 (11043) time=15.942852561s
[ Info: iter=2338 obj=1.4042233207869786e6 pinf=0.0 (0) dinf=3.7023533435352934e6 (11042) time=15.98901406s
[ Info: iter=2339 obj=1.4042233207869786e6 pinf=0.0 (0) dinf=3.7023366923501207e6 (11041) time=16.032166059s
[ Info: iter=2340 obj=1.4042233207869786e6 pinf=0.0 (0) dinf=3.702329487421159e6 (11041) time=16.076365957s
[ Info: iter=2341 obj=1.4042233207869786e6 pinf=0.0 (0) dinf=3.7023128596236333e6 (11040) time=16.123765456s
[ Info: iter=2342 obj=1.4042233207869786e6 pinf=0.0 (0) dinf=3.702296208438461e6 (11039) time=16.170724455s
[ Info: iter=2343 obj=1.4042233207869786e6 pinf=0.0 (0) dinf=3.7021846933284127e6 (11041) time=16.213103854s
[ Info: iter=2344 obj=1.4042233207869786e6 pinf=0.0 (0) dinf=3.7020731782183642e6 (11043) time=16.257707152s
[ Info: iter=2424 obj=1.4181852485964685e6 pinf=0.0 (0) dinf=3.6939658215218326e6 (11048) time=17.508918718s
[ Info: iter=2504 obj=1.4181852485964685e6 pinf=0.0 (0) dinf=3.6902199082985804e6 (10994) time=18.314840759s
[ Info: iter=2584 obj=1.418185248596469e6 pinf=0.0 (0) dinf=1.2689484884477492e7 (10973) time=19.044158858s
[ Info: iter=2661 obj=1.418185248598223e6 pinf=0.0 (0) dinf=5.830819729983785e6 (10991) time=20.210035097s
[ Info: iter=2667 obj=1.418185248607162e6 pinf=0.0 (0) dinf=1.0335393712406196e7 (10964) time=20.322908481s
[ Info: iter=2668 obj=1.418185248607162e6 pinf=0.0 (0) dinf=1.0335366668176748e7 (10966) time=20.367130775s
[ Info: iter=2669 obj=1.418185248607162e6 pinf=0.0 (0) dinf=1.0335341082306668e7 (10968) time=20.413259469s
[ Info: iter=2670 obj=1.4181858532153927e6 pinf=0.0 (0) dinf=1.0327534707499322e7 (10972) time=20.458164463s
[ Info: iter=2671 obj=1.4181858532153927e6 pinf=0.0 (0) dinf=1.0327527593246557e7 (10971) time=20.504761756s
[ Info: iter=2675 obj=1.418185853215393e6 pinf=0.0 (0) dinf=1.0327516987521289e7 (10967) time=20.599442943s
[ Info: iter=2676 obj=1.418185853215393e6 pinf=0.0 (0) dinf=1.0327523997455599e7 (10967) time=20.647354537s
[ Info: iter=2677 obj=1.418185853215393e6 pinf=0.0 (0) dinf=1.0327514894576201e7 (10967) time=20.69327243s
[ Info: iter=2678 obj=1.418585374012237e6 pinf=0.0 (0) dinf=1.032751143938347e7 (10966) time=20.740214024s
[ Info: iter=2679 obj=1.4191482991383187e6 pinf=0.0 (0) dinf=1.0327507984190738e7 (10965) time=20.788790717s
[ Info: iter=2680 obj=1.4191482991383187e6 pinf=0.0 (0) dinf=1.0327568713004477e7 (10965) time=20.833736411s
[ Info: iter=2681 obj=1.4191482991383187e6 pinf=0.0 (0) dinf=1.0327990801289639e7 (10962) time=20.881716004s
[ Info: iter=2682 obj=1.4191482991383187e6 pinf=0.0 (0) dinf=1.0327900983524866e7 (10962) time=20.926303298s
[ Info: iter=2683 obj=1.4191482991383187e6 pinf=0.0 (0) dinf=1.032777181964356e7 (10959) time=20.975512691s
[ Info: iter=2684 obj=1.4191482991383187e6 pinf=0.0 (0) dinf=1.0328071091356866e7 (10959) time=21.020271785s
[ Info: iter=2685 obj=1.4191482991383187e6 pinf=0.0 (0) dinf=1.0328073382747019e7 (10959) time=21.065175779s
[ Info: iter=2686 obj=1.4191482991383187e6 pinf=0.0 (0) dinf=1.0328068268494252e7 (10959) time=21.113668872s
[ Info: iter=2766 obj=1.4191482993548086e6 pinf=0.0 (0) dinf=495585.7696573685 (11064) time=21.41467223s
[ Info: iter=2846 obj=1.4191482996989142e6 pinf=0.0 (0) dinf=692822.7075449376 (10958) time=21.700299591s
[ Info: iter=2926 obj=1.4191482996989142e6 pinf=0.0 (0) dinf=2.107224116132247e7 (11048) time=22.010496048s
[ Info: iter=2984 obj=1.4191482998387464e6 pinf=0.0 (0) dinf=4.2296233985148473e9 (11040) time=22.483558082s
[ Info: iter=2985 obj=1.4191482998387464e6 pinf=0.0 (0) dinf=4.229621055761386e9 (11041) time=22.529853876s
[ Info: iter=2986 obj=1.4191482998387464e6 pinf=0.0 (0) dinf=4.229618713007926e9 (11042) time=22.57540617s
[ Info: iter=2987 obj=1.4191482998387464e6 pinf=0.0 (0) dinf=4.2296163746703053e9 (11042) time=22.652236759s
[ Info: iter=2988 obj=1.4191482998387464e6 pinf=0.0 (0) dinf=4.229614044031896e9 (11043) time=22.699410253s
[ Info: iter=2989 obj=1.4191482998387464e6 pinf=0.0 (0) dinf=4.229612280759459e9 (11042) time=22.744197846s
[ Info: iter=2990 obj=1.4191482998395474e6 pinf=0.0 (0) dinf=4.2296119229992914e9 (11042) time=22.79183184s
[ Info: iter=2991 obj=1.4191482998395474e6 pinf=0.0 (0) dinf=4.2296107170926466e9 (11041) time=22.920928022s
[ Info: iter=2992 obj=1.4191482998395474e6 pinf=0.0 (0) dinf=4.2296096254711595e9 (11041) time=22.970622615s
[ Info: iter=2993 obj=1.419148299840906e6 pinf=0.0 (0) dinf=4.264589362775474e9 (11040) time=23.023166508s
[ Info: iter=2994 obj=1.4191482998422917e6 pinf=0.0 (0) dinf=4.300259722502134e9 (11039) time=23.070619201s
[ Info: iter=2995 obj=1.4191482998422917e6 pinf=0.0 (0) dinf=4.300261456109489e9 (11045) time=23.124123794s
[ Info: iter=2996 obj=1.4191482998422917e6 pinf=0.0 (0) dinf=4.300259188683366e9 (11044) time=23.183026886s
[ Info: iter=2997 obj=1.4191482998422917e6 pinf=0.0 (0) dinf=4.300261210769716e9 (11044) time=23.239135078s
[ Info: iter=2998 obj=1.4191482998422917e6 pinf=0.0 (0) dinf=4.300257698276107e9 (11042) time=23.29373777s
[ Info: iter=2999 obj=1.4191482998422917e6 pinf=0.0 (0) dinf=4.300255856453372e9 (11040) time=23.351156862s
[ Info: iter=3000 obj=1.4191482998422917e6 pinf=0.0 (0) dinf=4.300254401692627e9 (11039) time=23.406101855s
[ Info: iter=3001 obj=1.4191482998422917e6 pinf=0.0 (0) dinf=4.300252894534284e9 (11038) time=23.462979647s
[ Info: iter=3002 obj=1.4191482998422917e6 pinf=0.0 (0) dinf=4.3002514398551e9 (11037) time=23.521931639s
[ Info: iter=3003 obj=1.4191482998422917e6 pinf=0.0 (0) dinf=4.300249985175913e9 (11036) time=23.576574331s
[ Info: iter=3004 obj=1.4191482998422917e6 pinf=0.0 (0) dinf=4.300248530655522e9 (11035) time=23.631777724s
[ Info: iter=3005 obj=1.4191482998422917e6 pinf=0.0 (0) dinf=4.300247076508435e9 (11034) time=23.688275116s
[ Info: iter=3006 obj=1.4191482998422917e6 pinf=0.0 (0) dinf=4.300245622351238e9 (11033) time=23.743706408s
[ Info: iter=3007 obj=1.4191482998422917e6 pinf=0.0 (0) dinf=4.300244168194039e9 (11032) time=23.798936s
[ Info: iter=3008 obj=1.4191482998422917e6 pinf=0.0 (0) dinf=4.300242714296254e9 (11031) time=23.857753892s
[ Info: iter=3009 obj=1.4191482998422917e6 pinf=0.0 (0) dinf=4.300241261016267e9 (11030) time=23.917008784s
[ Info: iter=3010 obj=1.4191482998422917e6 pinf=0.0 (0) dinf=4.300251987133617e9 (11033) time=23.979925975s
[ Info: iter=3011 obj=1.4191482998422917e6 pinf=0.0 (0) dinf=4.3002519871336155e9 (11032) time=24.041801167s
[ Info: iter=3012 obj=1.4191482998422917e6 pinf=0.0 (0) dinf=4.300251987133617e9 (11031) time=24.106820658s
[ Info: iter=3013 obj=1.4191482998422917e6 pinf=0.0 (0) dinf=4.300266569827797e9 (11033) time=24.174008849s
[ Info: iter=3014 obj=1.4191482998422917e6 pinf=0.0 (0) dinf=4.300256694049293e9 (11031) time=24.23816624s
[ Info: iter=3015 obj=1.4191482998422917e6 pinf=0.0 (0) dinf=4.300251315676298e9 (11030) time=24.303083831s
[ Info: iter=3016 obj=1.4191482998422917e6 pinf=0.0 (0) dinf=4.300245937303305e9 (11029) time=24.371574921s
[ Info: iter=3017 obj=1.4191482998422917e6 pinf=0.0 (0) dinf=4.300245927283414e9 (11029) time=24.437639512s
[ Info: iter=3018 obj=1.4191482998422917e6 pinf=0.0 (0) dinf=4.300245893824765e9 (11027) time=24.504310303s
[ Info: iter=3019 obj=1.4191482998422917e6 pinf=0.0 (0) dinf=4.300245956914842e9 (11027) time=24.574582593s
[ Info: iter=3020 obj=1.4191482998422917e6 pinf=0.0 (0) dinf=4.300245831073779e9 (11024) time=24.639153184s
[ Info: iter=3021 obj=1.4191482998422917e6 pinf=0.0 (0) dinf=4.300246362204464e9 (11026) time=24.704764075s
[ Info: iter=3022 obj=1.4191482998422917e6 pinf=0.0 (0) dinf=4.300246348093045e9 (11024) time=24.775577665s
[ Info: iter=3023 obj=1.4191482998422917e6 pinf=0.0 (0) dinf=4.300256518604001e9 (11024) time=24.842678656s
[ Info: iter=3024 obj=1.4191482998422917e6 pinf=0.0 (0) dinf=4.300354977236558e9 (11026) time=24.915673046s
[ Info: iter=3025 obj=1.4191482998422917e6 pinf=0.0 (0) dinf=4.300349190712706e9 (11024) time=24.983449836s
[ Info: iter=3026 obj=1.4191482998422917e6 pinf=0.0 (0) dinf=4.300319345673649e9 (11023) time=25.054799027s
[ Info: iter=3027 obj=1.4191482998422917e6 pinf=0.0 (0) dinf=4.300318563060799e9 (11022) time=25.125929017s
[ Info: iter=3028 obj=1.4191482998422917e6 pinf=0.0 (0) dinf=4.300318588687255e9 (11021) time=25.194735907s
[ Info: iter=3029 obj=1.4191482998422917e6 pinf=0.0 (0) dinf=4.300318584687255e9 (11018) time=25.265210498s
[ Info: iter=3030 obj=1.4191482998422917e6 pinf=0.0 (0) dinf=4.300318584687254e9 (11020) time=25.333749488s
[ Info: iter=3031 obj=1.4191482998488946e6 pinf=0.0 (0) dinf=5.4955319647443695e9 (11019) time=25.403384378s
[ Info: iter=3032 obj=1.4191482998488946e6 pinf=0.0 (0) dinf=5.495529845937281e9 (11021) time=25.469766569s
[ Info: iter=3033 obj=1.4191482998488946e6 pinf=0.0 (0) dinf=5.495527727130191e9 (11023) time=25.53788366s
[ Info: iter=3034 obj=1.4191482998488946e6 pinf=0.0 (0) dinf=5.495524780130662e9 (11025) time=25.60511695s
[ Info: iter=3035 obj=1.4191482998488946e6 pinf=0.0 (0) dinf=5.49552195328096e9 (11027) time=25.671571141s
[ Info: iter=3036 obj=1.4191482998488946e6 pinf=0.0 (0) dinf=5.495519284023489e9 (11029) time=25.738577132s
[ Info: iter=3037 obj=1.4191482998488946e6 pinf=0.0 (0) dinf=5.49551627545285e9 (11027) time=25.805247623s
[ Info: iter=3038 obj=1.4191482998488946e6 pinf=0.0 (0) dinf=5.495515634620163e9 (11025) time=25.872729113s
[ Info: iter=3039 obj=1.4191482998488946e6 pinf=0.0 (0) dinf=5.495509555260867e9 (11026) time=25.938817304s
[ Info: iter=3040 obj=1.4191482998488946e6 pinf=0.0 (0) dinf=5.495506960489993e9 (11028) time=26.006918397s
[ Info: iter=3041 obj=1.4191482998488946e6 pinf=0.0 (0) dinf=5.495504365719119e9 (11030) time=26.072172599s
[ Info: iter=3042 obj=1.4191482998488946e6 pinf=0.0 (0) dinf=5.495501909142425e9 (11032) time=26.141587701s
[ Info: iter=3043 obj=1.4191482998488946e6 pinf=0.0 (0) dinf=5.495499524127365e9 (11034) time=26.209994303s
[ Info: iter=3044 obj=1.4191482998488946e6 pinf=0.0 (0) dinf=5.495497109645971e9 (11036) time=26.280123505s
[ Info: iter=3045 obj=1.4191482998488946e6 pinf=0.0 (0) dinf=5.49549482108698e9 (11039) time=26.349961007s
[ Info: iter=3046 obj=1.4191482998488946e6 pinf=0.0 (0) dinf=5.49549253001493e9 (11042) time=26.419272209s
[ Info: iter=3047 obj=1.4191482998488946e6 pinf=0.0 (0) dinf=5.495490293202632e9 (11045) time=26.486623511s
[ Info: iter=3048 obj=1.4191482998488946e6 pinf=0.0 (0) dinf=5.495487971695781e9 (11045) time=26.553085013s
[ Info: iter=3049 obj=1.4191482998488946e6 pinf=0.0 (0) dinf=5.495485718719544e9 (11045) time=26.621329114s
[ Info: iter=3050 obj=1.4191482998488946e6 pinf=0.0 (0) dinf=5.495483611415226e9 (11047) time=26.689079516s
[ Info: iter=3051 obj=1.4191482998488946e6 pinf=0.0 (0) dinf=5.495482769015885e9 (11047) time=26.756184818s
[ Info: iter=3052 obj=1.4191482998488946e6 pinf=0.0 (0) dinf=5.495481926616546e9 (11047) time=26.82497222s
[ Info: iter=3053 obj=1.4191482998488946e6 pinf=0.0 (0) dinf=5.495481084217205e9 (11047) time=26.891874222s
[ Info: iter=3054 obj=1.4191482998488946e6 pinf=0.0 (0) dinf=5.495480241817864e9 (11047) time=26.962808224s
[ Info: iter=3055 obj=1.4191482998488946e6 pinf=0.0 (0) dinf=5.495479399418524e9 (11047) time=27.029325326s
[ Info: iter=3056 obj=1.4191482998488946e6 pinf=0.0 (0) dinf=5.495478694763601e9 (11047) time=27.097210928s
[ Info: iter=3057 obj=1.4191482998488946e6 pinf=0.0 (0) dinf=5.495478030328108e9 (11050) time=27.16720203s
[ Info: iter=3058 obj=1.4191482998488946e6 pinf=0.0 (0) dinf=5.495477371280809e9 (11053) time=27.235475432s
[ Info: iter=3059 obj=1.4191482998488946e6 pinf=0.0 (0) dinf=5.4954767422470255e9 (11055) time=27.302430334s
[ Info: iter=3060 obj=1.4191482998488946e6 pinf=0.0 (0) dinf=5.495476147201171e9 (11057) time=27.372991836s
[ Info: iter=3061 obj=1.4191482998488946e6 pinf=0.0 (0) dinf=5.495475966542102e9 (11055) time=27.444432738s
[ Info: iter=3062 obj=1.4191482998488946e6 pinf=0.0 (0) dinf=5.495475329785131e9 (11053) time=27.51389974s
[ Info: iter=3063 obj=1.4191482998488946e6 pinf=0.0 (0) dinf=5.495475501181086e9 (11055) time=27.585496342s
[ Info: iter=3064 obj=1.4191482998488946e6 pinf=0.0 (0) dinf=5.495475369432397e9 (11048) time=27.655060144s
[ Info: iter=3065 obj=1.4191482998488946e6 pinf=0.0 (0) dinf=5.495475253423826e9 (11040) time=27.720855246s
[ Info: iter=3066 obj=1.4191482998488946e6 pinf=0.0 (0) dinf=5.495475386289725e9 (11047) time=27.780286748s
[ Info: iter=3067 obj=1.4191482998488946e6 pinf=0.0 (0) dinf=5.495475249969531e9 (11050) time=27.846505949s
[ Info: iter=3068 obj=1.4191482998488946e6 pinf=0.0 (0) dinf=5.4954751747018795e9 (11048) time=27.913936251s
[ Info: iter=3069 obj=1.4191482998488946e6 pinf=0.0 (0) dinf=5.495475161498109e9 (11045) time=27.981995453s
[ Info: iter=3070 obj=1.4191482998488946e6 pinf=0.0 (0) dinf=5.495475115066767e9 (11045) time=28.052007955s
[ Info: iter=3071 obj=1.4191482998488946e6 pinf=0.0 (0) dinf=5.495474665852892e9 (11045) time=28.125116957s
[ Info: iter=3072 obj=1.4191482998488946e6 pinf=0.0 (0) dinf=5.495474292821521e9 (11046) time=28.199170659s
[ Info: iter=3073 obj=1.4191482998488946e6 pinf=0.0 (0) dinf=5.49547412403717e9 (11051) time=28.268215361s
[ Info: iter=3074 obj=1.4191482998488946e6 pinf=0.0 (0) dinf=5.495474245978538e9 (11055) time=28.338652763s
[ Info: iter=3075 obj=1.4191482998488946e6 pinf=0.0 (0) dinf=5.495473950817222e9 (11042) time=28.402695265s
[ Info: iter=3076 obj=1.4191482998488946e6 pinf=0.0 (0) dinf=5.495474053385997e9 (11043) time=28.470574067s
[ Info: iter=3077 obj=1.4191482998488946e6 pinf=0.0 (0) dinf=5.495473884930318e9 (11042) time=28.532468569s
[ Info: iter=3078 obj=1.4191482998488946e6 pinf=0.0 (0) dinf=5.495473884930318e9 (11041) time=28.601882871s
[ Info: iter=3079 obj=1.4191482998488946e6 pinf=0.0 (0) dinf=5.495473814737882e9 (11038) time=28.676545173s
[ Info: iter=3080 obj=1.4191482998488946e6 pinf=0.0 (0) dinf=5.495473962892169e9 (11039) time=28.747133975s
[ Info: iter=3081 obj=1.4191482998488946e6 pinf=0.0 (0) dinf=5.495473642196809e9 (11036) time=28.815054077s
[ Info: iter=3082 obj=1.4191482998488946e6 pinf=0.0 (0) dinf=5.495474013647543e9 (11036) time=28.890411479s
[ Info: iter=3083 obj=1.4191482998488946e6 pinf=0.0 (0) dinf=5.495473539698997e9 (11040) time=28.962491981s
[ Info: iter=3084 obj=1.4191482998488946e6 pinf=0.0 (0) dinf=5.495473065750449e9 (11044) time=29.034648183s
[ Info: iter=3085 obj=1.4191482998488946e6 pinf=0.0 (0) dinf=5.495473432701183e9 (11045) time=29.111549985s
[ Info: iter=3086 obj=1.4191482998488946e6 pinf=0.0 (0) dinf=5.495473573862436e9 (11047) time=29.183926688s
[ Info: iter=3087 obj=1.4191482998488946e6 pinf=0.0 (0) dinf=5.4954734169537e9 (11036) time=29.249857189s
[ Info: iter=3088 obj=1.4191482998488946e6 pinf=0.0 (0) dinf=5.495473677415529e9 (11034) time=29.323508791s
[ Info: iter=3089 obj=1.4191482998488946e6 pinf=0.0 (0) dinf=5.495473465171309e9 (11032) time=29.391994193s
[ Info: iter=3090 obj=1.4191482998488946e6 pinf=0.0 (0) dinf=5.495473576778034e9 (11033) time=29.467931796s
[ Info: iter=3091 obj=1.4191482998488946e6 pinf=0.0 (0) dinf=5.495473349650988e9 (11026) time=29.532276497s
[ Info: iter=3092 obj=1.4191482998488946e6 pinf=0.0 (0) dinf=5.495373853017008e9 (11024) time=29.6069291s
[ Info: iter=3093 obj=1.4191482998488946e6 pinf=0.0 (0) dinf=5.495373285879054e9 (11022) time=29.682564302s
[ Info: iter=3094 obj=1.4191482998488946e6 pinf=0.0 (0) dinf=5.495373140921234e9 (11020) time=29.756717404s
[ Info: iter=3095 obj=1.4191482998488946e6 pinf=0.0 (0) dinf=5.495373125188484e9 (11018) time=29.831585606s
[ Info: iter=3096 obj=1.4191482998488946e6 pinf=0.0 (0) dinf=5.49537321449479e9 (11018) time=29.906935308s
[ Info: iter=3097 obj=1.4191482998488946e6 pinf=0.0 (0) dinf=5.495373012318978e9 (11015) time=29.98149421s
[ Info: iter=3098 obj=1.4191482998488946e6 pinf=0.0 (0) dinf=5.495372887217817e9 (11013) time=30.055840012s
[ Info: iter=3099 obj=1.4191482998488946e6 pinf=0.0 (0) dinf=5.49537262377895e9 (11008) time=30.133283815s
[ Info: iter=3100 obj=1.4191482998488946e6 pinf=0.0 (0) dinf=5.495372674840705e9 (11009) time=30.205637717s
[ Info: iter=3101 obj=1.4191482998488946e6 pinf=0.0 (0) dinf=5.495372306486545e9 (11006) time=30.279779419s
[ Info: iter=3102 obj=1.4191482998488946e6 pinf=0.0 (0) dinf=5.495372295688893e9 (11006) time=30.355674321s
[ Info: iter=3103 obj=1.4191482998488946e6 pinf=0.0 (0) dinf=5.495372244627138e9 (11005) time=30.431911123s
[ Info: iter=3104 obj=1.4191482998488946e6 pinf=0.0 (0) dinf=5.495372284891241e9 (11006) time=30.514629125s
[ Info: iter=3105 obj=1.4191482998488946e6 pinf=0.0 (0) dinf=5.495371930002292e9 (11003) time=30.587979028s
[ Info: iter=3106 obj=1.4191482998488946e6 pinf=0.0 (0) dinf=5.495371743601395e9 (11001) time=30.66570123s
[ Info: iter=3107 obj=1.4191482998488946e6 pinf=0.0 (0) dinf=5.495371483551166e9 (11001) time=30.741987232s
[ Info: iter=3108 obj=1.4191482998488946e6 pinf=0.0 (0) dinf=5.495371286989487e9 (10999) time=30.814479834s
[ Info: iter=3109 obj=1.4191482998488946e6 pinf=0.0 (0) dinf=5.495371124499371e9 (10998) time=30.887178036s
[ Info: iter=3110 obj=1.4191482998488946e6 pinf=0.0 (0) dinf=5.495370765447576e9 (10995) time=30.965309238s
[ Info: iter=3111 obj=1.4191482998488946e6 pinf=0.0 (0) dinf=5.495370628109555e9 (10993) time=31.04234064s
[ Info: iter=3112 obj=1.4191482998488946e6 pinf=0.0 (0) dinf=5.495370456858571e9 (10991) time=31.119950643s
[ Info: iter=3113 obj=1.4191482998488946e6 pinf=0.0 (0) dinf=5.495370516052475e9 (10991) time=31.196614945s
[ Info: iter=3114 obj=1.4191482998488946e6 pinf=0.0 (0) dinf=5.49537051578048e9 (10991) time=31.273246847s
[ Info: iter=3115 obj=1.4191482998488946e6 pinf=0.0 (0) dinf=5.495370215750727e9 (10989) time=31.350514449s
[ Info: iter=3116 obj=1.4191482998488946e6 pinf=0.0 (0) dinf=5.495370061977958e9 (10986) time=31.426553951s
[ Info: iter=3117 obj=1.4191482998488946e6 pinf=0.0 (0) dinf=5.495370540145432e9 (10985) time=31.505641854s
[ Info: iter=3118 obj=1.4191482998488946e6 pinf=0.0 (0) dinf=5.495385363337158e9 (10984) time=31.579654556s
[ Info: iter=3119 obj=1.4191482998488946e6 pinf=0.0 (0) dinf=5.495385360337158e9 (10981) time=31.656138158s
[ Info: iter=3120 obj=1.4191482998488946e6 pinf=0.0 (0) dinf=5.495385357337158e9 (10978) time=31.73387326s
[ Info: iter=3121 obj=1.4191482998488946e6 pinf=0.0 (0) dinf=5.495385354337157e9 (10975) time=31.808871062s
[ Info: iter=3122 obj=1.4191482998488946e6 pinf=0.0 (0) dinf=5.495385351337157e9 (10972) time=31.881980964s
[ Info: iter=3123 obj=1.4191482998488946e6 pinf=0.0 (0) dinf=5.49541883006041e9 (10979) time=31.956255067s
[ Info: iter=3124 obj=1.4191482998488946e6 pinf=0.0 (0) dinf=5.4954331780846615e9 (10982) time=32.034704369s
[ Info: iter=3125 obj=1.4191482998488946e6 pinf=0.0 (0) dinf=5.495463468358084e9 (10992) time=32.109608471s
[ Info: iter=3126 obj=1.4191482998488946e6 pinf=0.0 (0) dinf=5.495461127900229e9 (10999) time=32.184350873s
[ Info: iter=3127 obj=1.4191482998488946e6 pinf=0.0 (0) dinf=5.495457939450397e9 (10998) time=32.261914075s
[ Info: iter=3128 obj=1.4191482998488946e6 pinf=0.0 (0) dinf=5.495483455049067e9 (11006) time=32.336588177s
[ Info: iter=3129 obj=1.4191482998488946e6 pinf=0.0 (0) dinf=5.495508970647737e9 (11014) time=32.409860179s
[ Info: iter=3130 obj=1.4191482998488946e6 pinf=0.0 (0) dinf=5.495535506870353e9 (11023) time=32.481962382s
[ Info: iter=3131 obj=1.4191482998488946e6 pinf=0.0 (0) dinf=5.49552912795979e9 (11021) time=32.561543384s
[ Info: iter=3132 obj=1.4191482998488946e6 pinf=0.0 (0) dinf=5.495522749047741e9 (11019) time=32.645146886s
[ Info: iter=3133 obj=1.4191482998488946e6 pinf=0.0 (0) dinf=5.495513411092869e9 (11017) time=32.731314189s
[ Info: iter=3134 obj=1.4191482998488946e6 pinf=0.0 (0) dinf=5.495529358342038e9 (11022) time=32.807491191s
[ Info: iter=3135 obj=1.4191482998488946e6 pinf=0.0 (0) dinf=5.495519788842444e9 (11019) time=32.882716893s
[ Info: iter=3136 obj=1.4191482998488946e6 pinf=0.0 (0) dinf=5.495510219453588e9 (11016) time=32.957851995s
[ Info: iter=3137 obj=1.4191482998488946e6 pinf=0.0 (0) dinf=5.495500651085207e9 (11013) time=33.033928597s
[ Info: iter=3138 obj=1.4191482998488946e6 pinf=0.0 (0) dinf=5.495491081124977e9 (11010) time=33.110276399s
[ Info: iter=3139 obj=1.4191482998488946e6 pinf=0.0 (0) dinf=5.4954815127754755e9 (11007) time=33.188010002s
[ Info: iter=3140 obj=1.4191482998488946e6 pinf=0.0 (0) dinf=5.495483375422389e9 (11010) time=33.264629404s
[ Info: iter=3141 obj=1.4191482998488946e6 pinf=0.0 (0) dinf=5.495479536627041e9 (11011) time=33.342530806s
[ Info: iter=3142 obj=1.4191482998488946e6 pinf=0.0 (0) dinf=5.495471944425972e9 (11004) time=33.421877108s
[ Info: iter=3143 obj=1.4191482998488946e6 pinf=0.0 (0) dinf=5.495471633572744e9 (11006) time=33.49817131s
[ Info: iter=3144 obj=1.4191482998488946e6 pinf=0.0 (0) dinf=5.495470724645802e9 (11005) time=33.573654613s
[ Info: iter=3145 obj=1.4191482998488946e6 pinf=0.0 (0) dinf=5.495470697871296e9 (11004) time=33.650149715s
[ Info: iter=3146 obj=1.4191482998488946e6 pinf=0.0 (0) dinf=5.4954706826437e9 (10994) time=33.725729317s
[ Info: iter=3147 obj=1.4191482998488946e6 pinf=0.0 (0) dinf=5.495476549029101e9 (10993) time=33.799706219s
[ Info: iter=3148 obj=1.4191482998488946e6 pinf=0.0 (0) dinf=5.495475879193452e9 (10992) time=33.872300421s
[ Info: iter=3149 obj=1.4191482998488946e6 pinf=0.0 (0) dinf=5.495466125347111e9 (10991) time=33.947164223s
[ Info: iter=3150 obj=1.4191482998488946e6 pinf=0.0 (0) dinf=5.495488910809632e9 (10991) time=34.018418125s
[ Info: iter=3151 obj=1.4191482998488946e6 pinf=0.0 (0) dinf=5.495487903130019e9 (10991) time=34.092813325s
[ Info: iter=3152 obj=1.4191482998488946e6 pinf=0.0 (0) dinf=5.495487968595166e9 (10994) time=34.170703925s
[ Info: iter=3153 obj=1.4191482998488946e6 pinf=0.0 (0) dinf=5.495485349217565e9 (10993) time=34.244072125s
[ Info: iter=3154 obj=1.4191482998488946e6 pinf=0.0 (0) dinf=5.495434941751582e9 (10996) time=34.316268825s
[ Info: iter=3155 obj=1.4191482998488946e6 pinf=0.0 (0) dinf=5.495477005978533e9 (10998) time=34.393210225s
[ Info: iter=3156 obj=1.4191482998488946e6 pinf=0.0 (0) dinf=5.49546230250229e9 (10997) time=34.467549925s
[ Info: iter=3157 obj=1.4191482998488946e6 pinf=0.0 (0) dinf=5.495583052379319e9 (11006) time=34.544060726s
[ Info: iter=3158 obj=1.4191482998488946e6 pinf=0.0 (0) dinf=5.495566649979067e9 (11008) time=34.621029326s
[ Info: iter=3159 obj=1.4191482998488946e6 pinf=0.0 (0) dinf=5.495549958226007e9 (11010) time=34.696521626s
[ Info: iter=3160 obj=1.4191482998488946e6 pinf=0.0 (0) dinf=5.49553385736018e9 (11014) time=34.770521526s
[ Info: iter=3161 obj=1.4191482998488946e6 pinf=0.0 (0) dinf=5.495517768486394e9 (11018) time=34.846894026s
[ Info: iter=3162 obj=1.4191482998488946e6 pinf=0.0 (0) dinf=5.495501366086142e9 (11020) time=34.923646726s
[ Info: iter=3163 obj=1.4191482998488946e6 pinf=0.0 (0) dinf=5.495484647206256e9 (11022) time=35.001479526s
[ Info: iter=3164 obj=1.4191482998488946e6 pinf=0.0 (0) dinf=5.49546792832637e9 (11024) time=35.079681726s
[ Info: iter=3165 obj=1.4191482998488946e6 pinf=0.0 (0) dinf=5.495467123288198e9 (11023) time=35.155990226s
[ Info: iter=3166 obj=1.4191482998488946e6 pinf=0.0 (0) dinf=5.495462611768895e9 (11022) time=35.234625926s
[ Info: iter=3167 obj=1.4191482998488946e6 pinf=0.0 (0) dinf=5.4954709241213045e9 (11024) time=35.308825726s
[ Info: iter=3168 obj=1.4191482998488946e6 pinf=0.0 (0) dinf=5.495458226626868e9 (11021) time=35.388514326s
[ Info: iter=3169 obj=1.4191482998488946e6 pinf=0.0 (0) dinf=5.495453367668841e9 (11020) time=35.467558527s
[ Info: iter=3170 obj=1.4191482998488946e6 pinf=0.0 (0) dinf=5.495452744021438e9 (11020) time=35.543075927s
[ Info: iter=3171 obj=1.4191482998488946e6 pinf=0.0 (0) dinf=5.495457317435737e9 (11021) time=35.618014727s
[ Info: iter=3172 obj=1.4191482998488946e6 pinf=0.0 (0) dinf=5.495448245845285e9 (11019) time=35.697384027s
[ Info: iter=3173 obj=1.4191482998488946e6 pinf=0.0 (0) dinf=5.495447635917632e9 (11015) time=35.774759927s
[ Info: iter=3174 obj=1.4191482998488946e6 pinf=0.0 (0) dinf=5.495447032297091e9 (11011) time=35.855004027s
[ Info: iter=3175 obj=1.4191482998488946e6 pinf=0.0 (0) dinf=5.495446733027019e9 (11009) time=35.931818127s
[ Info: iter=3176 obj=1.4191482998488946e6 pinf=0.0 (0) dinf=5.495446420127238e9 (11007) time=36.006066227s
[ Info: iter=3177 obj=1.4191482998488946e6 pinf=0.0 (0) dinf=5.495446237257584e9 (11005) time=36.085932727s
[ Info: iter=3178 obj=1.4191482998488946e6 pinf=0.0 (0) dinf=5.495446563383434e9 (11005) time=36.162719227s
[ Info: iter=3179 obj=1.4191482998488946e6 pinf=0.0 (0) dinf=5.495489980800056e9 (11011) time=36.238990927s
[ Info: iter=3180 obj=1.4191482998488946e6 pinf=0.0 (0) dinf=5.495489872726611e9 (11011) time=36.311897627s
[ Info: iter=3181 obj=1.4191482998488946e6 pinf=0.0 (0) dinf=5.495489764880762e9 (11011) time=36.384531728s
[ Info: iter=3182 obj=1.4191482998488946e6 pinf=0.0 (0) dinf=5.495489656034913e9 (11011) time=36.456046228s
[ Info: iter=3183 obj=1.4191482998488946e6 pinf=0.0 (0) dinf=5.495487558506396e9 (11010) time=36.531439828s
[ Info: iter=3184 obj=1.4191482998488946e6 pinf=0.0 (0) dinf=5.495457627045029e9 (11008) time=36.609443328s
[ Info: iter=3185 obj=1.4191482998488946e6 pinf=0.0 (0) dinf=5.495492538710603e9 (11010) time=36.685230428s
[ Info: iter=3186 obj=1.4191482998488946e6 pinf=0.0 (0) dinf=5.495552905822221e9 (11011) time=36.756199328s
[ Info: iter=3187 obj=1.4191482998488946e6 pinf=0.0 (0) dinf=5.495507628238507e9 (11008) time=36.831671328s
[ Info: iter=3188 obj=1.4191482998488946e6 pinf=0.0 (0) dinf=5.495462114383364e9 (11019) time=36.914219028s
[ Info: iter=3189 obj=1.4191482998488946e6 pinf=0.0 (0) dinf=5.495462575773845e9 (11020) time=36.991854128s
[ Info: iter=3190 obj=1.4191482998488946e6 pinf=0.0 (0) dinf=5.495462838340999e9 (11020) time=37.065994828s
[ Info: iter=3191 obj=1.4191482998488946e6 pinf=0.0 (0) dinf=5.495463606985159e9 (11019) time=37.148272028s
[ Info: iter=3192 obj=1.4191482998488946e6 pinf=0.0 (0) dinf=5.495463699816582e9 (11018) time=37.223269128s
[ Info: iter=3193 obj=1.4191482998488946e6 pinf=0.0 (0) dinf=5.495461933510644e9 (11017) time=37.300955729s
[ Info: iter=3194 obj=1.4191482998488946e6 pinf=0.0 (0) dinf=5.49545982702727e9 (11016) time=37.375547229s
[ Info: iter=3195 obj=1.4191482998488946e6 pinf=0.0 (0) dinf=5.495455908715791e9 (11015) time=37.452821129s
[ Info: iter=3196 obj=1.4191482998488946e6 pinf=0.0 (0) dinf=5.495450815092801e9 (11014) time=37.524728229s
[ Info: iter=3197 obj=1.4191482998488946e6 pinf=0.0 (0) dinf=5.495443656664689e9 (11013) time=37.602088429s
[ Info: iter=3198 obj=1.4191482998488946e6 pinf=0.0 (0) dinf=5.495441642906899e9 (11023) time=37.677127429s
[ Info: iter=3199 obj=1.4191482998488946e6 pinf=0.0 (0) dinf=5.495558344514307e9 (11023) time=37.750636529s
[ Info: iter=3200 obj=1.4191482998488946e6 pinf=0.0 (0) dinf=5.495426690379413e9 (11022) time=37.830269329s
[ Info: iter=3201 obj=1.4191482998488946e6 pinf=0.0 (0) dinf=5.495918427193975e9 (11023) time=37.906769229s
[ Info: iter=3202 obj=1.4191482998488946e6 pinf=0.0 (0) dinf=5.495931116002201e9 (11024) time=37.977079929s
[ Info: iter=3203 obj=1.4191482998488946e6 pinf=0.0 (0) dinf=5.49590879506357e9 (11023) time=38.054830229s
[ Info: iter=3204 obj=1.4191482998488946e6 pinf=0.0 (0) dinf=5.495908795063571e9 (11022) time=38.13178153s
[ Info: iter=3205 obj=1.4191482998488946e6 pinf=0.0 (0) dinf=5.495889116725688e9 (11021) time=38.20668173s
[ Info: iter=3206 obj=1.4191482998488946e6 pinf=0.0 (0) dinf=5.495582925322999e9 (11048) time=38.28407153s
[ Info: iter=3207 obj=1.4191482998488946e6 pinf=0.0 (0) dinf=5.495579635678146e9 (11018) time=38.35727523s
[ Info: iter=3208 obj=1.4191482998488946e6 pinf=0.0 (0) dinf=5.495565519284133e9 (11025) time=38.43387183s
[ Info: iter=3209 obj=1.4191482998488946e6 pinf=0.0 (0) dinf=5.495557490834464e9 (11024) time=38.50881943s
[ Info: iter=3210 obj=1.4191482998488946e6 pinf=0.0 (0) dinf=5.495693049757938e9 (11011) time=38.58364983s
[ Info: iter=3211 obj=1.4191482998488946e6 pinf=0.0 (0) dinf=5.495693150106936e9 (11009) time=38.65984863s
[ Info: iter=3212 obj=1.4191482998488946e6 pinf=0.0 (0) dinf=5.495693250453079e9 (11007) time=38.73708323s
[ Info: iter=3213 obj=1.4191482998488946e6 pinf=0.0 (0) dinf=5.4955885305655775e9 (11004) time=38.81118243s
[ Info: iter=3214 obj=1.4191482998488946e6 pinf=0.0 (0) dinf=5.495678972733469e9 (11016) time=38.88770943s
[ Info: iter=3215 obj=1.4191482998488946e6 pinf=0.0 (0) dinf=5.495662839397295e9 (11023) time=38.96627343s
[ Info: iter=3216 obj=1.4191482998488946e6 pinf=0.0 (0) dinf=5.495653663847409e9 (11022) time=39.040955031s
EVENT refactor_pivot count=300 iter=3249 row=19721 entering=28198 pinf=0.0 dinf=5.4973804995470705e9
PIVOT stored_forward=2.50706790605376e-13 stored_tableau=0.0 direction_norm=8.60362967380059e6 row_residual_ratio=1.0e12
EVENT refactor_pivot count=400 iter=3349 row=14271 entering=23277 pinf=0.0 dinf=5.606037288341943e9
PIVOT stored_forward=6.657553650332074e-12 stored_tableau=0.0 direction_norm=4.2064452789067584e8 row_residual_ratio=1.0e12
EVENT refactor_pivot count=500 iter=3449 row=14271 entering=28198 pinf=0.0 dinf=5.961553616438018e9
PIVOT stored_forward=3.4983893127981e-12 stored_tableau=0.0 direction_norm=8.60362967380059e6 row_residual_ratio=1.0e12
EVENT correction_attempt count=100 iter=3498 row=14271 entering=2977 pinf=0.0 dinf=5.709815769186172e9
[ Info: iter=3217 obj=1.4191482998488946e6 pinf=0.0 (0) dinf=5.498417639746125e9 (11027) time=39.117763531s
[ Info: iter=3218 obj=1.4191482998488946e6 pinf=0.0 (0) dinf=5.495789481326842e9 (10999) time=39.194569831s
[ Info: iter=3219 obj=1.4191482998488946e6 pinf=0.0 (0) dinf=5.495843066238447e9 (10995) time=39.269368731s
[ Info: iter=3220 obj=1.4191482998488946e6 pinf=0.0 (0) dinf=5.495565191236755e9 (11019) time=39.346952031s
[ Info: iter=3221 obj=1.4191482998488946e6 pinf=0.0 (0) dinf=5.495772018258008e9 (11022) time=39.423621231s
[ Info: iter=3222 obj=1.4191482998488946e6 pinf=0.0 (0) dinf=5.495701463820067e9 (11016) time=39.500264531s
[ Info: iter=3223 obj=1.4191482998488946e6 pinf=0.0 (0) dinf=5.495862125755679e9 (11044) time=39.575138831s
[ Info: iter=3224 obj=1.4191482998488946e6 pinf=0.0 (0) dinf=5.495742568913688e9 (11018) time=39.650010131s
[ Info: iter=3225 obj=1.4191482998488946e6 pinf=0.0 (0) dinf=5.495660763945082e9 (11018) time=39.725096731s
[ Info: iter=3226 obj=1.4191482998488946e6 pinf=0.0 (0) dinf=5.495656417002073e9 (11018) time=39.802014831s
[ Info: iter=3227 obj=1.4191482998488946e6 pinf=0.0 (0) dinf=5.495737889519904e9 (11016) time=39.876490031s
[ Info: iter=3228 obj=1.4191482998488946e6 pinf=0.0 (0) dinf=5.495656850535077e9 (11019) time=39.955150032s
[ Info: iter=3229 obj=1.4191482998488946e6 pinf=0.0 (0) dinf=5.495656252337186e9 (11017) time=40.032168632s
[ Info: iter=3230 obj=1.4191482998488946e6 pinf=0.0 (0) dinf=5.495813536921583e9 (11020) time=40.107880632s
[ Info: iter=3231 obj=1.4191482998488946e6 pinf=0.0 (0) dinf=5.495671696043978e9 (11017) time=40.186691932s
[ Info: iter=3232 obj=1.4191482998488946e6 pinf=0.0 (0) dinf=5.495676394727309e9 (11019) time=40.260447932s
[ Info: iter=3233 obj=1.4191482998488946e6 pinf=0.0 (0) dinf=5.495679566772221e9 (11022) time=40.337896732s
[ Info: iter=3234 obj=1.4191482998488946e6 pinf=0.0 (0) dinf=5.495673096501476e9 (11018) time=40.414446932s
[ Info: iter=3235 obj=1.4191482998488946e6 pinf=0.0 (0) dinf=5.496051713543592e9 (11019) time=40.486926832s
[ Info: iter=3236 obj=1.4191482998488946e6 pinf=0.0 (0) dinf=5.495627522731348e9 (11015) time=40.575752532s
[ Info: iter=3237 obj=1.4191482998488946e6 pinf=0.0 (0) dinf=5.495841845902301e9 (11016) time=40.649985232s
[ Info: iter=3238 obj=1.4191482998488946e6 pinf=0.0 (0) dinf=5.495851822874047e9 (11016) time=40.725998032s
[ Info: iter=3239 obj=1.4191482998488946e6 pinf=0.0 (0) dinf=5.49599550121689e9 (11016) time=40.803863332s
[ Info: iter=3240 obj=1.4191482998488946e6 pinf=0.0 (0) dinf=5.49586722706737e9 (11025) time=40.877054533s
[ Info: iter=3241 obj=1.4191482998488946e6 pinf=0.0 (0) dinf=5.495874929896882e9 (11026) time=40.948936533s
[ Info: iter=3242 obj=1.4191482998488946e6 pinf=0.0 (0) dinf=5.495882106113719e9 (11027) time=41.024217333s
[ Info: iter=3243 obj=1.4191482998488946e6 pinf=0.0 (0) dinf=5.495868373058389e9 (11031) time=41.100908033s
[ Info: iter=3244 obj=1.4191482998488946e6 pinf=0.0 (0) dinf=5.495888404370478e9 (11033) time=41.174040233s
[ Info: iter=3245 obj=1.4191482998488946e6 pinf=0.0 (0) dinf=5.495901409034356e9 (11036) time=41.247973933s
[ Info: iter=3246 obj=1.4191482998488946e6 pinf=0.0 (0) dinf=5.495874501422381e9 (11032) time=41.321793133s
[ Info: iter=3247 obj=1.4191482998488946e6 pinf=0.0 (0) dinf=5.495637287416999e9 (11030) time=41.401823133s
[ Info: iter=3248 obj=1.4191482998488946e6 pinf=0.0 (0) dinf=5.495728132056113e9 (11031) time=41.479752133s
[ Info: iter=3249 obj=1.4191482998488946e6 pinf=0.0 (0) dinf=5.4973804995470705e9 (11033) time=41.559942833s
[ Info: iter=3250 obj=1.4191482998488946e6 pinf=0.0 (0) dinf=5.496133723438858e9 (11030) time=41.637493333s
[ Info: iter=3251 obj=1.4191482998488946e6 pinf=0.0 (0) dinf=5.496017353559286e9 (11029) time=41.715299133s
[ Info: iter=3252 obj=1.4191482998488946e6 pinf=0.0 (0) dinf=5.5493412455960455e9 (11059) time=41.788874834s
[ Info: iter=3253 obj=1.4191482998488946e6 pinf=0.0 (0) dinf=5.549232833805821e9 (11057) time=41.863790834s
[ Info: iter=3254 obj=1.4191482998488946e6 pinf=0.0 (0) dinf=5.549353163838488e9 (11056) time=41.938982934s
[ Info: iter=3255 obj=1.4191482998488946e6 pinf=0.0 (0) dinf=5.549324160266829e9 (11055) time=42.012910834s
[ Info: iter=3256 obj=1.4191482998488946e6 pinf=0.0 (0) dinf=5.549292993603556e9 (11056) time=42.08955364s
[ Info: iter=3257 obj=1.4191482998488946e6 pinf=0.0 (0) dinf=5.548741940439567e9 (11056) time=42.168010546s
[ Info: iter=3258 obj=1.4191482998488946e6 pinf=0.0 (0) dinf=5.549295696584355e9 (11059) time=42.246904253s
[ Info: iter=3259 obj=1.4191482998488946e6 pinf=0.0 (0) dinf=5.549293626333417e9 (11057) time=42.32601816s
[ Info: iter=3260 obj=1.4191482998488946e6 pinf=0.0 (0) dinf=5.552170915976838e9 (11056) time=42.407324866s
[ Info: iter=3261 obj=1.4191482998488946e6 pinf=0.0 (0) dinf=5.5502535786417675e9 (11055) time=42.484596573s
[ Info: iter=3262 obj=1.4191482998488946e6 pinf=0.0 (0) dinf=5.550258368572207e9 (11055) time=42.564230379s
[ Info: iter=3263 obj=1.4191482998488946e6 pinf=0.0 (0) dinf=5.55212615504954e9 (11053) time=42.640933886s
[ Info: iter=3264 obj=1.4191482998488946e6 pinf=0.0 (0) dinf=5.548345847011854e9 (11055) time=42.719734192s
[ Info: iter=3265 obj=1.4191482998488946e6 pinf=0.0 (0) dinf=5.5480395663780155e9 (11054) time=42.798630199s
[ Info: iter=3266 obj=1.4191482998488946e6 pinf=0.0 (0) dinf=5.55091685598875e9 (11055) time=42.877091905s
[ Info: iter=3267 obj=1.4191482998488946e6 pinf=0.0 (0) dinf=5.549000787156031e9 (11054) time=42.955198212s
[ Info: iter=3268 obj=1.4191482998488946e6 pinf=0.0 (0) dinf=5.547096013420005e9 (11052) time=43.034210918s
[ Info: iter=3269 obj=1.4191482998488946e6 pinf=0.0 (0) dinf=5.547092128588456e9 (11052) time=43.111078225s
[ Info: iter=3270 obj=1.4191482998488946e6 pinf=0.0 (0) dinf=5.549969418194733e9 (11053) time=43.185894631s
[ Info: iter=3271 obj=1.4191482998488946e6 pinf=0.0 (0) dinf=5.548036230460563e9 (11051) time=43.266067937s
[ Info: iter=3272 obj=1.4191482998488946e6 pinf=0.0 (0) dinf=5.548038566344884e9 (11051) time=43.338806943s
[ Info: iter=3273 obj=1.4191482998488946e6 pinf=0.0 (0) dinf=5.546199491533315e9 (11049) time=43.41856495s
[ Info: iter=3274 obj=1.4191482998488946e6 pinf=0.0 (0) dinf=5.546084398950114e9 (11049) time=43.495875756s
[ Info: iter=3275 obj=1.4191482998488946e6 pinf=0.0 (0) dinf=5.546019459960557e9 (11048) time=43.574384963s
[ Info: iter=3276 obj=1.4191482998488946e6 pinf=0.0 (0) dinf=5.545702957442951e9 (11048) time=43.65756987s
[ Info: iter=3277 obj=1.4191482998488946e6 pinf=0.0 (0) dinf=5.548695335067483e9 (11049) time=43.740995877s
[ Info: iter=3278 obj=1.4191482998488946e6 pinf=0.0 (0) dinf=5.546765915621517e9 (11048) time=43.823789384s
[ Info: iter=3279 obj=1.4191482998488946e6 pinf=0.0 (0) dinf=5.544867776170633e9 (11046) time=43.906340091s
[ Info: iter=3280 obj=1.4191482998488946e6 pinf=0.0 (0) dinf=5.544863848076143e9 (11046) time=43.984530297s
[ Info: iter=3281 obj=1.4191482998488946e6 pinf=0.0 (0) dinf=5.544875808133507e9 (11045) time=44.063125203s
[ Info: iter=3282 obj=1.4191482998488946e6 pinf=0.0 (0) dinf=5.553909176810262e9 (11049) time=44.14228841s
[ Info: iter=3283 obj=1.4191482998488946e6 pinf=0.0 (0) dinf=5.544875807338244e9 (11045) time=44.221296717s
[ Info: iter=3284 obj=1.4191482998488946e6 pinf=0.0 (0) dinf=5.544732432040589e9 (11040) time=44.303772423s
[ Info: iter=3285 obj=1.4191482998488946e6 pinf=0.0 (0) dinf=5.54461734064841e9 (11040) time=44.38473453s
[ Info: iter=3286 obj=1.4191482998488946e6 pinf=0.0 (0) dinf=5.547609716851821e9 (11041) time=44.466896537s
[ Info: iter=3287 obj=1.4191482998488946e6 pinf=0.0 (0) dinf=5.545680298288453e9 (11040) time=44.545022943s
[ Info: iter=3288 obj=1.4191482998488946e6 pinf=0.0 (0) dinf=5.543782159739015e9 (11038) time=44.62380295s
[ Info: iter=3289 obj=1.4191482998488946e6 pinf=0.0 (0) dinf=5.543778231650309e9 (11038) time=44.700952556s
[ Info: iter=3290 obj=1.4191482998488946e6 pinf=0.0 (0) dinf=5.543790191714924e9 (11037) time=44.777446863s
[ Info: iter=3291 obj=1.4191482998488946e6 pinf=0.0 (0) dinf=5.546651939327193e9 (11038) time=44.86051987s
[ Info: iter=3292 obj=1.4191482998488946e6 pinf=0.0 (0) dinf=5.543790191714924e9 (11036) time=44.942889576s
[ Info: iter=3293 obj=1.4191482998488946e6 pinf=0.0 (0) dinf=5.578757657397118e9 (11041) time=45.025484183s
[ Info: iter=3294 obj=1.4191482998488946e6 pinf=0.0 (0) dinf=5.57376702850809e9 (11040) time=45.10743329s
[ Info: iter=3295 obj=1.4191482998488946e6 pinf=0.0 (0) dinf=5.569555274932978e9 (11044) time=45.191356397s
[ Info: iter=3296 obj=1.4191482998488946e6 pinf=0.0 (0) dinf=5.568264018966837e9 (11046) time=45.272911604s
[ Info: iter=3297 obj=1.4191482998488946e6 pinf=0.0 (0) dinf=5.568136233049357e9 (11042) time=45.361394211s
[ Info: iter=3298 obj=1.4191482998488946e6 pinf=0.0 (0) dinf=1.273353919237629e10 (11096) time=45.445205318s
[ Info: iter=3299 obj=1.4191482998488946e6 pinf=0.0 (0) dinf=1.2733331151203476e10 (11096) time=45.541857326s
[ Info: iter=3300 obj=1.4191482998488946e6 pinf=0.0 (0) dinf=1.2732518338044216e10 (11095) time=45.637701434s
[ Info: iter=3301 obj=1.4191482998488946e6 pinf=0.0 (0) dinf=1.2731705524861568e10 (11094) time=45.727970641s
[ Info: iter=3302 obj=1.4191482998488946e6 pinf=0.0 (0) dinf=1.2704158871829092e10 (11094) time=45.812371048s
[ Info: iter=3303 obj=1.4191482998488946e6 pinf=0.0 (0) dinf=1.2704576550510384e10 (11095) time=45.895553855s
[ Info: iter=3304 obj=1.4191482998488946e6 pinf=0.0 (0) dinf=1.2704968085944395e10 (11096) time=45.977572362s
[ Info: iter=3305 obj=1.4191482998488946e6 pinf=0.0 (0) dinf=1.2704719719104153e10 (11100) time=46.065177969s
[ Info: iter=3306 obj=1.4191482998488946e6 pinf=0.0 (0) dinf=1.2703466274289488e10 (11093) time=46.152851677s
[ Info: iter=3307 obj=1.4191482998488946e6 pinf=0.0 (0) dinf=1.2702628024845377e10 (11090) time=46.239546184s
[ Info: iter=3308 obj=1.4191482998488946e6 pinf=0.0 (0) dinf=5.805021094091719e9 (11093) time=46.326558691s
[ Info: iter=3309 obj=1.4191482998488946e6 pinf=0.0 (0) dinf=5.805021094091718e9 (11092) time=46.415041998s
[ Info: iter=3310 obj=1.4191482998488946e6 pinf=0.0 (0) dinf=5.626637781243258e9 (11098) time=46.499197105s
[ Info: iter=3311 obj=1.4191482998488946e6 pinf=0.0 (0) dinf=5.574710347997105e9 (11106) time=46.581550812s
[ Info: iter=3312 obj=1.4191482998488946e6 pinf=0.0 (0) dinf=5.574234829797522e9 (11105) time=46.662904719s
[ Info: iter=3313 obj=1.4191482998488946e6 pinf=0.0 (0) dinf=5.577127517407847e9 (11107) time=46.748822426s
[ Info: iter=3314 obj=1.4191482998488946e6 pinf=0.0 (0) dinf=5.583610618696137e9 (11103) time=46.828916633s
[ Info: iter=3315 obj=1.4191482998488946e6 pinf=0.0 (0) dinf=5.580764088042359e9 (11100) time=46.91367334s
[ Info: iter=3316 obj=1.4191482998488946e6 pinf=0.0 (0) dinf=5.577117874105908e9 (11106) time=46.994630346s
[ Info: iter=3317 obj=1.4191482998488946e6 pinf=0.0 (0) dinf=5.5776464233385315e9 (11102) time=47.073168953s
[ Info: iter=3318 obj=1.4191482998488946e6 pinf=0.0 (0) dinf=5.577600792163165e9 (11107) time=47.15651486s
[ Info: iter=3319 obj=1.4191482998488946e6 pinf=0.0 (0) dinf=5.577600810249126e9 (11106) time=47.220717565s
[ Info: iter=3320 obj=1.4191482998488946e6 pinf=0.0 (0) dinf=5.577600746508645e9 (11105) time=47.267970969s
[ Info: iter=3321 obj=1.4191482998488946e6 pinf=0.0 (0) dinf=5.577600759782325e9 (11105) time=47.340248775s
[ Info: iter=3322 obj=1.4191482998488946e6 pinf=0.0 (0) dinf=5.577600777680145e9 (11104) time=47.417022381s
[ Info: iter=3323 obj=1.4191482998488946e6 pinf=0.0 (0) dinf=5.577600678313918e9 (11103) time=47.484080887s
[ Info: iter=3324 obj=1.4191482998488946e6 pinf=0.0 (0) dinf=5.577600725073046e9 (11104) time=47.560382293s
[ Info: iter=3325 obj=1.4191482998488946e6 pinf=0.0 (0) dinf=5.577599561103653e9 (11103) time=47.6405873s
[ Info: iter=3326 obj=1.4191482998488946e6 pinf=0.0 (0) dinf=5.577599541565874e9 (11102) time=47.713843306s
[ Info: iter=3327 obj=1.4191482998488946e6 pinf=0.0 (0) dinf=5.577599473012131e9 (11101) time=47.791864312s
[ Info: iter=3328 obj=1.4191482998488946e6 pinf=0.0 (0) dinf=5.577599120828873e9 (11100) time=47.858296018s
[ Info: iter=3329 obj=1.4191482998488946e6 pinf=0.0 (0) dinf=5.577599297812072e9 (11100) time=47.931333924s
[ Info: iter=3330 obj=1.4191482998488946e6 pinf=0.0 (0) dinf=5.577599280882461e9 (11099) time=48.017668031s
[ Info: iter=3331 obj=1.4191482998488946e6 pinf=0.0 (0) dinf=5.577586251828753e9 (11098) time=48.099134638s
[ Info: iter=3332 obj=1.4191482998488946e6 pinf=0.0 (0) dinf=5.577523968319732e9 (11095) time=48.181145045s
[ Info: iter=3333 obj=1.4191482998488946e6 pinf=0.0 (0) dinf=5.577498778755576e9 (11094) time=48.259143351s
[ Info: iter=3334 obj=1.4191482998488946e6 pinf=0.0 (0) dinf=5.577473589203367e9 (11094) time=48.338168758s
[ Info: iter=3335 obj=1.4191482998488946e6 pinf=0.0 (0) dinf=5.577587632637459e9 (11097) time=48.418914164s
[ Info: iter=3336 obj=1.4191482998488946e6 pinf=0.0 (0) dinf=5.577562443073304e9 (11096) time=48.500998471s
[ Info: iter=3337 obj=1.4191482998488946e6 pinf=0.0 (0) dinf=5.579088479018424e9 (11096) time=48.583720578s
[ Info: iter=3338 obj=1.4191482998488946e6 pinf=0.0 (0) dinf=5.577117857637209e9 (11098) time=48.664061285s
[ Info: iter=3339 obj=1.4191482998488946e6 pinf=0.0 (0) dinf=5.582029197454901e9 (11095) time=48.743880891s
[ Info: iter=3340 obj=1.4191482998488946e6 pinf=0.0 (0) dinf=5.575223054317827e9 (11100) time=48.823852098s
[ Info: iter=3341 obj=1.4191482998488946e6 pinf=0.0 (0) dinf=5.575213412025888e9 (11100) time=48.911756505s
[ Info: iter=3342 obj=1.4191482998488946e6 pinf=0.0 (0) dinf=5.574037333818624e9 (11099) time=49.001700613s
[ Info: iter=3343 obj=1.4191482998488946e6 pinf=0.0 (0) dinf=5.573631348535732e9 (11098) time=49.08718472s
[ Info: iter=3344 obj=1.4191482998488946e6 pinf=0.0 (0) dinf=5.573639500435148e9 (11097) time=49.173706327s
[ Info: iter=3345 obj=1.4191482998488946e6 pinf=0.0 (0) dinf=5.582566887926664e9 (11090) time=49.254826234s
[ Info: iter=3346 obj=1.4191482998488946e6 pinf=0.0 (0) dinf=5.5824533502548485e9 (11091) time=49.33398024s
[ Info: iter=3347 obj=1.4191482998488946e6 pinf=0.0 (0) dinf=5.583954458054874e9 (11087) time=49.415427547s
[ Info: iter=3348 obj=1.4191482998488946e6 pinf=0.0 (0) dinf=5.5854555658549e9 (11085) time=49.503497254s
[ Info: iter=3349 obj=1.4191482998488946e6 pinf=0.0 (0) dinf=5.606037288341943e9 (11089) time=49.583987561s
[ Info: iter=3350 obj=1.4191482998488946e6 pinf=0.0 (0) dinf=5.605734640991441e9 (11087) time=49.662889267s
[ Info: iter=3351 obj=1.4191482998488946e6 pinf=0.0 (0) dinf=5.606037294627155e9 (11087) time=49.743653074s
[ Info: iter=3352 obj=1.4191482998488946e6 pinf=0.0 (0) dinf=5.581929927446378e9 (11082) time=49.823527281s
[ Info: iter=3353 obj=1.4191482998488946e6 pinf=0.0 (0) dinf=5.57929160308681e9 (11103) time=49.901816987s
[ Info: iter=3354 obj=1.4191482998488946e6 pinf=0.0 (0) dinf=5.582994690164627e9 (11105) time=49.981222794s
[ Info: iter=3355 obj=1.4191482998488946e6 pinf=0.0 (0) dinf=5.580328298659027e9 (11109) time=50.065596602s
[ Info: iter=3356 obj=1.4191482998488946e6 pinf=0.0 (0) dinf=5.579504896970585e9 (11110) time=50.14278721s
[ Info: iter=3357 obj=1.4191482998488946e6 pinf=0.0 (0) dinf=5.579504144114244e9 (11110) time=50.224983419s
[ Info: iter=3358 obj=1.4191482998488946e6 pinf=0.0 (0) dinf=5.579503391551582e9 (11109) time=50.303628727s
[ Info: iter=3359 obj=1.4191482998488946e6 pinf=0.0 (0) dinf=5.578680578093571e9 (11110) time=50.384353036s
[ Info: iter=3360 obj=1.4191482998488946e6 pinf=0.0 (0) dinf=5.57858276911515e9 (11106) time=50.463196644s
[ Info: iter=3361 obj=1.4191482998488946e6 pinf=0.0 (0) dinf=5.575026391104069e9 (11105) time=50.541586953s
[ Info: iter=3362 obj=1.4191482998488946e6 pinf=0.0 (0) dinf=5.573965947502452e9 (11103) time=50.629418462s
[ Info: iter=3363 obj=1.4191482998488946e6 pinf=0.0 (0) dinf=5.572907725781298e9 (11102) time=50.709468371s
[ Info: iter=3364 obj=1.4191482998488946e6 pinf=0.0 (0) dinf=5.572906911269031e9 (11102) time=50.79358828s
[ Info: iter=3365 obj=1.4191482998488946e6 pinf=0.0 (0) dinf=5.572903583468484e9 (11101) time=50.873977588s
[ Info: iter=3366 obj=1.4191482998488946e6 pinf=0.0 (0) dinf=5.572900255667936e9 (11101) time=50.953991097s
[ Info: iter=3367 obj=1.4191482998488946e6 pinf=0.0 (0) dinf=5.573781439695416e9 (11101) time=51.049232407s
[ Info: iter=3368 obj=1.4191482998488946e6 pinf=0.0 (0) dinf=5.573778512750177e9 (11101) time=51.129616316s
[ Info: iter=3369 obj=1.4191482998488946e6 pinf=0.0 (0) dinf=5.572901317652531e9 (11100) time=51.207577824s
[ Info: iter=3370 obj=1.4191482998488946e6 pinf=0.0 (0) dinf=5.572294863595651e9 (11100) time=51.284955632s
[ Info: iter=3371 obj=1.4191482998488946e6 pinf=0.0 (0) dinf=5.572907131233428e9 (11103) time=51.362717341s
[ Info: iter=3372 obj=1.4191482998488946e6 pinf=0.0 (0) dinf=5.57290475113823e9 (11103) time=51.442092449s
[ Info: iter=3373 obj=1.4191482998488946e6 pinf=0.0 (0) dinf=5.57290237133671e9 (11102) time=51.520722158s
[ Info: iter=3374 obj=1.4191482998488946e6 pinf=0.0 (0) dinf=5.572568029040835e9 (11101) time=51.600547766s
[ Info: iter=3375 obj=1.4191482998488946e6 pinf=0.0 (0) dinf=5.572564939486453e9 (11101) time=51.677032375s
[ Info: iter=3376 obj=1.4191482998488946e6 pinf=0.0 (0) dinf=5.572561511427263e9 (11100) time=51.757890283s
[ Info: iter=3377 obj=1.4191482998488946e6 pinf=0.0 (0) dinf=5.572559411787939e9 (11099) time=51.837289492s
[ Info: iter=3378 obj=1.4191482998488946e6 pinf=0.0 (0) dinf=5.578300735023104e9 (11103) time=51.9175046s
[ Info: iter=3379 obj=1.4191482998488946e6 pinf=0.0 (0) dinf=5.578300735023104e9 (11102) time=51.998759509s
[ Info: iter=3380 obj=1.4191482998488946e6 pinf=0.0 (0) dinf=5.573993252861218e9 (11109) time=52.079890418s
[ Info: iter=3381 obj=1.4191482998488946e6 pinf=0.0 (0) dinf=5.573143716851008e9 (11116) time=52.158732226s
[ Info: iter=3382 obj=1.4191482998488946e6 pinf=0.0 (0) dinf=5.572666196150741e9 (11107) time=52.236368034s
[ Info: iter=3383 obj=1.4191482998488946e6 pinf=0.0 (0) dinf=5.5734574368491955e9 (11106) time=52.322420344s
[ Info: iter=3384 obj=1.4191482998488946e6 pinf=0.0 (0) dinf=5.575395403195663e9 (11105) time=52.408466753s
[ Info: iter=3385 obj=1.4191482998488946e6 pinf=0.0 (0) dinf=5.575085171838084e9 (11105) time=52.492500262s
[ Info: iter=3386 obj=1.4191482998488946e6 pinf=0.0 (0) dinf=5.578278954910892e9 (11106) time=52.579583071s
[ Info: iter=3387 obj=1.4191482998488946e6 pinf=0.0 (0) dinf=5.576380179973309e9 (11105) time=52.65934128s
[ Info: iter=3388 obj=1.4191482998488946e6 pinf=0.0 (0) dinf=5.574481512296593e9 (11103) time=52.739678088s
[ Info: iter=3389 obj=1.4191482998488946e6 pinf=0.0 (0) dinf=5.58254749806639e9 (11104) time=52.823675797s
[ Info: iter=3390 obj=1.4191482998488946e6 pinf=0.0 (0) dinf=5.5826681829932575e9 (11104) time=52.906701506s
[ Info: iter=3391 obj=1.4191482998488946e6 pinf=0.0 (0) dinf=5.582668222802895e9 (11101) time=52.986283415s
[ Info: iter=3392 obj=1.4191482998488946e6 pinf=0.0 (0) dinf=5.57564626534024e9 (11102) time=53.070175724s
[ Info: iter=3393 obj=1.4191482998488946e6 pinf=0.0 (0) dinf=5.575653805531783e9 (11099) time=53.148931332s
[ Info: iter=3394 obj=1.4191482998488946e6 pinf=0.0 (0) dinf=5.575644598681681e9 (11099) time=53.228755941s
[ Info: iter=3395 obj=1.4191482998488946e6 pinf=0.0 (0) dinf=5.615785578099323e9 (11099) time=53.304847249s
[ Info: iter=3396 obj=1.4191482998488946e6 pinf=0.0 (0) dinf=5.551177605040368e9 (11097) time=53.382988657s
[ Info: iter=3397 obj=1.4191482998488946e6 pinf=0.0 (0) dinf=5.5530233202803335e9 (11099) time=53.468730067s
[ Info: iter=3398 obj=1.4191482998488946e6 pinf=0.0 (0) dinf=5.553056905462074e9 (11099) time=53.547817575s
[ Info: iter=3399 obj=1.4191482998488946e6 pinf=0.0 (0) dinf=5.553046724727045e9 (11098) time=53.624436483s
[ Info: iter=3400 obj=1.4191482998488946e6 pinf=0.0 (0) dinf=5.547929938077924e9 (11096) time=53.705640492s
[ Info: iter=3401 obj=1.4191482998488946e6 pinf=0.0 (0) dinf=5.547926312667805e9 (11096) time=53.7842657s
[ Info: iter=3402 obj=1.4191482998488946e6 pinf=0.0 (0) dinf=5.547909578045937e9 (11096) time=53.864447309s
[ Info: iter=3403 obj=1.4191482998488946e6 pinf=0.0 (0) dinf=5.545465072997292e9 (11095) time=53.943126917s
[ Info: iter=3404 obj=1.4191482998488946e6 pinf=0.0 (0) dinf=5.545140737889369e9 (11095) time=54.022213426s
[ Info: iter=3405 obj=1.4191482998488946e6 pinf=0.0 (0) dinf=5.553573450714385e9 (11096) time=54.101892434s
[ Info: iter=3406 obj=1.4191482998488946e6 pinf=0.0 (0) dinf=5.548199632192679e9 (11097) time=54.180487343s
[ Info: iter=3407 obj=1.4191482998488946e6 pinf=0.0 (0) dinf=5.548234555614589e9 (11097) time=54.261860852s
[ Info: iter=3408 obj=1.4191482998488946e6 pinf=0.0 (0) dinf=5.548223969223528e9 (11096) time=54.33891046s
[ Info: iter=3409 obj=1.4191482998488946e6 pinf=0.0 (0) dinf=5.542874912131016e9 (11094) time=54.416296968s
[ Info: iter=3410 obj=1.4191482998488946e6 pinf=0.0 (0) dinf=5.5428712867186985e9 (11094) time=54.497761777s
[ Info: iter=3411 obj=1.4191482998488946e6 pinf=0.0 (0) dinf=5.542853626689746e9 (11094) time=54.576777885s
[ Info: iter=3412 obj=1.4191482998488946e6 pinf=0.0 (0) dinf=5.542981139026252e9 (11095) time=54.654560794s
[ Info: iter=3413 obj=1.4191482998488946e6 pinf=0.0 (0) dinf=5.542972590679012e9 (11095) time=54.732937302s
[ Info: iter=3414 obj=1.4191482998488946e6 pinf=0.0 (0) dinf=5.54314286501109e9 (11094) time=54.816951411s
[ Info: iter=3415 obj=1.4191482998488946e6 pinf=0.0 (0) dinf=5.543113950729786e9 (11093) time=54.89764532s
[ Info: iter=3416 obj=1.4191482998488946e6 pinf=0.0 (0) dinf=5.542919921624889e9 (11088) time=54.975212428s
[ Info: iter=3417 obj=1.4191482998488946e6 pinf=0.0 (0) dinf=5.542995835314906e9 (11089) time=55.056134137s
[ Info: iter=3418 obj=1.4191482998488946e6 pinf=0.0 (0) dinf=5.543071748980054e9 (11090) time=55.149192047s
[ Info: iter=3419 obj=1.4191482998488946e6 pinf=0.0 (0) dinf=5.565459953643545e9 (11093) time=55.233893356s
[ Info: iter=3420 obj=1.4191482998488946e6 pinf=0.0 (0) dinf=5.570294012691299e9 (11095) time=55.317527165s
[ Info: iter=3421 obj=1.4191482998488946e6 pinf=0.0 (0) dinf=5.568565350825113e9 (11094) time=55.400542074s
[ Info: iter=3422 obj=1.4191482998488946e6 pinf=0.0 (0) dinf=5.566836688731331e9 (11093) time=55.482762582s
[ Info: iter=3423 obj=1.4191482998488946e6 pinf=0.0 (0) dinf=5.565764599465282e9 (11092) time=55.563278591s
[ Info: iter=3424 obj=1.4191482998488946e6 pinf=0.0 (0) dinf=5.548567553450682e9 (11090) time=55.641956699s
[ Info: iter=3425 obj=1.4191482998488946e6 pinf=0.0 (0) dinf=5.570062149144956e9 (11093) time=55.726207508s
[ Info: iter=3426 obj=1.4191482998488946e6 pinf=0.0 (0) dinf=5.601580238683716e9 (11094) time=55.809438417s
[ Info: iter=3427 obj=1.4191482998488946e6 pinf=0.0 (0) dinf=5.577941669279646e9 (11091) time=55.891724226s
[ Info: iter=3428 obj=1.4191482998488946e6 pinf=0.0 (0) dinf=5.564446156614696e9 (11108) time=55.976329235s
[ Info: iter=3429 obj=1.4191482998488946e6 pinf=0.0 (0) dinf=5.585330897600539e9 (11091) time=56.058856544s
[ Info: iter=3430 obj=1.4191482998488946e6 pinf=0.0 (0) dinf=5.544168632341125e9 (11106) time=56.140795653s
[ Info: iter=3431 obj=1.4191482998488946e6 pinf=0.0 (0) dinf=5.543969373453168e9 (11106) time=56.221394561s
[ Info: iter=3432 obj=1.4191482998488946e6 pinf=0.0 (0) dinf=5.543934577413777e9 (11103) time=56.306312371s
[ Info: iter=3433 obj=1.4191482998488946e6 pinf=0.0 (0) dinf=5.543899781429912e9 (11100) time=56.386892579s
[ Info: iter=3434 obj=1.4191482998488946e6 pinf=0.0 (0) dinf=5.543853794590326e9 (11098) time=56.469088688s
[ Info: iter=3435 obj=1.4191482998488946e6 pinf=0.0 (0) dinf=5.597389360798126e9 (11088) time=56.555177097s
[ Info: iter=3436 obj=1.4191482998488946e6 pinf=0.0 (0) dinf=5.605428534741243e9 (11086) time=56.636342706s
[ Info: iter=3437 obj=1.4191482998488946e6 pinf=0.0 (0) dinf=5.635646795540497e9 (11088) time=56.719983315s
[ Info: iter=3438 obj=1.4191482998488946e6 pinf=0.0 (0) dinf=5.635552234256318e9 (11084) time=56.801207224s
[ Info: iter=3439 obj=1.4191482998488946e6 pinf=0.0 (0) dinf=5.635646789544614e9 (11085) time=56.880731032s
[ Info: iter=3440 obj=1.4191482998488946e6 pinf=0.0 (0) dinf=5.6346580587689905e9 (11086) time=56.959361841s
[ Info: iter=3441 obj=1.4191482998488946e6 pinf=0.0 (0) dinf=5.563585593373666e9 (11097) time=57.038085849s
[ Info: iter=3442 obj=1.4191482998488946e6 pinf=0.0 (0) dinf=5.543940422605568e9 (11144) time=57.115816257s
[ Info: iter=3443 obj=1.4191482998488946e6 pinf=0.0 (0) dinf=5.608933919516653e9 (11149) time=57.198950966s
[ Info: iter=3444 obj=1.4191482998488946e6 pinf=0.0 (0) dinf=5.609354663840046e9 (11148) time=57.275320174s
[ Info: iter=3445 obj=1.4191482998488946e6 pinf=0.0 (0) dinf=5.580642567061105e9 (11094) time=57.353707683s
[ Info: iter=3446 obj=1.4191482998488946e6 pinf=0.0 (0) dinf=5.694112351414844e9 (11096) time=57.433486991s
[ Info: iter=3447 obj=1.4191482998488946e6 pinf=0.0 (0) dinf=5.611621959189744e9 (11153) time=57.507761099s
[ Info: iter=3448 obj=1.4191482998488946e6 pinf=0.0 (0) dinf=5.96378454148701e9 (11157) time=57.585492608s
[ Info: iter=3449 obj=1.4191482998488946e6 pinf=0.0 (0) dinf=5.961553616438018e9 (11151) time=57.664211416s
[ Info: iter=3450 obj=1.4191482998488946e6 pinf=0.0 (0) dinf=5.93592032023974e9 (11140) time=57.743294025s
[ Info: iter=3451 obj=1.4191482998488946e6 pinf=0.0 (0) dinf=5.945815019958574e9 (11145) time=57.822873233s
[ Info: iter=3452 obj=1.4191482998488946e6 pinf=0.0 (0) dinf=5.94581501995904e9 (11145) time=57.902720942s
[ Info: iter=3453 obj=1.4191482998488946e6 pinf=0.0 (0) dinf=5.945748481559402e9 (11142) time=57.98334695s
[ Info: iter=3454 obj=1.4191482998488946e6 pinf=0.0 (0) dinf=5.947280850296273e9 (11146) time=58.062265655s
[ Info: iter=3455 obj=1.4191482998488946e6 pinf=0.0 (0) dinf=5.946085643553374e9 (11143) time=58.139692251s
[ Info: iter=3456 obj=1.4191482998488946e6 pinf=0.0 (0) dinf=5.945411317896947e9 (11141) time=58.225911646s
[ Info: iter=3457 obj=1.4191482998488946e6 pinf=0.0 (0) dinf=5.9356314560357065e9 (11141) time=58.304356141s
[ Info: iter=3458 obj=1.4191482998488946e6 pinf=0.0 (0) dinf=5.93560730627202e9 (11140) time=58.382988837s
[ Info: iter=3459 obj=1.4191482998488946e6 pinf=0.0 (0) dinf=5.935564917639039e9 (11138) time=58.459095232s
[ Info: iter=3460 obj=1.4191482998488946e6 pinf=0.0 (0) dinf=5.893731595611398e9 (11137) time=58.539665027s
[ Info: iter=3461 obj=1.4191482998488946e6 pinf=0.0 (0) dinf=5.851898275699208e9 (11136) time=58.620304323s
[ Info: iter=3462 obj=1.4191482998488946e6 pinf=0.0 (0) dinf=5.851898267471612e9 (11130) time=58.697381318s
[ Info: iter=3463 obj=1.4191482998488946e6 pinf=0.0 (0) dinf=6.100511560204552e9 (11135) time=58.780357113s
[ Info: iter=3464 obj=1.4191482998488946e6 pinf=0.0 (0) dinf=6.058723691804612e9 (11138) time=58.857182309s
[ Info: iter=3465 obj=1.4191482998488946e6 pinf=0.0 (0) dinf=6.018474229024721e9 (11141) time=58.936755304s
[ Info: iter=3466 obj=1.4191482998488946e6 pinf=0.0 (0) dinf=5.977683779189999e9 (11143) time=59.0154583s
[ Info: iter=3467 obj=1.4191482998488946e6 pinf=0.0 (0) dinf=5.936080216394502e9 (11145) time=59.096899495s
[ Info: iter=3468 obj=1.4191482998488946e6 pinf=0.0 (0) dinf=5.894295961829943e9 (11146) time=59.17832449s
[ Info: iter=3469 obj=1.4191482998488946e6 pinf=0.0 (0) dinf=5.852782744918976e9 (11147) time=59.261498885s
[ Info: iter=3470 obj=1.4191482998488946e6 pinf=0.0 (0) dinf=5.811992295084251e9 (11149) time=59.34143398s
[ Info: iter=3471 obj=1.4191482998488946e6 pinf=0.0 (0) dinf=5.810636043880324e9 (11146) time=59.417649776s
[ Info: iter=3472 obj=1.4191482998488946e6 pinf=0.0 (0) dinf=5.8105076948987665e9 (11146) time=59.497802471s
[ Info: iter=3473 obj=1.4191482998488946e6 pinf=0.0 (0) dinf=5.8101463115074835e9 (11145) time=59.572990667s
[ Info: iter=3474 obj=1.4191482998488946e6 pinf=0.0 (0) dinf=5.809784928096025e9 (11144) time=59.651251662s
[ Info: iter=3475 obj=1.4191482998488946e6 pinf=0.0 (0) dinf=5.80961773984358e9 (11144) time=59.730398258s
[ Info: iter=3476 obj=1.4191482998488946e6 pinf=0.0 (0) dinf=5.809256356452296e9 (11143) time=59.805053953s
[ Info: iter=3477 obj=1.4191482998488946e6 pinf=0.0 (0) dinf=5.808894973040839e9 (11142) time=59.881837049s
[ Info: iter=3478 obj=1.4191482998488946e6 pinf=0.0 (0) dinf=5.808882553005921e9 (11142) time=59.958822844s
[ Info: iter=3479 obj=1.4191482998488946e6 pinf=0.0 (0) dinf=5.808701861363524e9 (11141) time=60.03313234s
[ Info: iter=3480 obj=1.4191482998488946e6 pinf=0.0 (0) dinf=5.584863993011826e9 (11133) time=60.116956835s
[ Info: iter=3481 obj=1.4191482998488946e6 pinf=0.0 (0) dinf=5.627682596717825e9 (11133) time=60.196948531s
[ Info: iter=3482 obj=1.4191482998488946e6 pinf=0.0 (0) dinf=5.7799359033783455e9 (11145) time=60.274352226s
[ Info: iter=3483 obj=1.4191482998488946e6 pinf=0.0 (0) dinf=5.601525050421994e9 (11141) time=60.349327922s
[ Info: iter=3484 obj=1.4191482998488946e6 pinf=0.0 (0) dinf=5.584873277356023e9 (11140) time=60.432466617s
[ Info: iter=3485 obj=1.4191482998488946e6 pinf=0.0 (0) dinf=5.694583708312802e9 (11139) time=60.513055812s
[ Info: iter=3486 obj=1.4191482998488946e6 pinf=0.0 (0) dinf=5.721284786028878e9 (11139) time=60.596975607s
[ Info: iter=3487 obj=1.4191482998488946e6 pinf=0.0 (0) dinf=5.714802082170026e9 (11139) time=60.683665002s
[ Info: iter=3488 obj=1.4191482998488946e6 pinf=0.0 (0) dinf=5.7128719122258005e9 (11141) time=60.767555797s
[ Info: iter=3489 obj=1.4191482998488946e6 pinf=0.0 (0) dinf=5.712866153938098e9 (11138) time=60.850971092s
[ Info: iter=3490 obj=1.4191482998488946e6 pinf=0.0 (0) dinf=5.712889558292016e9 (11138) time=60.933646787s
[ Info: iter=3491 obj=1.4191482998488946e6 pinf=0.0 (0) dinf=5.712909824448274e9 (11139) time=61.018641982s
[ Info: iter=3492 obj=1.4191482998488946e6 pinf=0.0 (0) dinf=5.712887988715053e9 (11138) time=61.100866378s
[ Info: iter=3493 obj=1.4191482998488946e6 pinf=0.0 (0) dinf=5.71288798747606e9 (11138) time=61.186382273s
[ Info: iter=3494 obj=1.4191482998488946e6 pinf=0.0 (0) dinf=5.711782540137358e9 (11138) time=61.277395967s
[ Info: iter=3495 obj=1.4191482998488946e6 pinf=0.0 (0) dinf=5.712898174981552e9 (11142) time=61.363530562s
[ Info: iter=3496 obj=1.4191482998488946e6 pinf=0.0 (0) dinf=5.71289099393523e9 (11141) time=61.448618057s
[ Info: iter=3497 obj=1.4191482998488946e6 pinf=0.0 (0) dinf=5.709818867009424e9 (11142) time=61.534507852s
[ Info: iter=3498 obj=1.4191482998488946e6 pinf=0.0 (0) dinf=5.709815769186172e9 (11141) time=61.620142247s
[ Info: iter=3499 obj=1.4191482998488946e6 pinf=0.0 (0) dinf=5.709813280492195e9 (11141) time=61.709227142s
[ Info: iter=3500 obj=1.4191482998488946e6 pinf=0.0 (0) dinf=5.709815769182857e9 (11142) time=61.793332037s
[ Info: iter=3501 obj=1.4191482998488946e6 pinf=0.0 (0) dinf=5.709513611346432e9 (11139) time=61.876786632s
[ Info: iter=3502 obj=1.4191482998488946e6 pinf=0.0 (0) dinf=5.709537014301018e9 (11140) time=61.951322528s
[ Info: iter=3503 obj=1.4191482998488946e6 pinf=0.0 (0) dinf=5.542146792112818e9 (11075) time=62.033199423s
[ Info: iter=3504 obj=1.4191482998488946e6 pinf=0.0 (0) dinf=5.599079459765472e9 (11071) time=62.115604718s
[ Info: iter=3505 obj=1.4191482998488946e6 pinf=0.0 (0) dinf=5.57934606456278e9 (11062) time=62.197942514s
[ Info: iter=3506 obj=1.4191482998488946e6 pinf=0.0 (0) dinf=5.577506802373835e9 (11069) time=62.275368809s
[ Info: iter=3507 obj=1.4191482998488946e6 pinf=0.0 (0) dinf=5.576460754502157e9 (11068) time=62.354365604s
[ Info: iter=3508 obj=1.4191482998488946e6 pinf=0.0 (0) dinf=5.582965281236834e9 (11058) time=62.437115s
[ Info: iter=3509 obj=1.4191482998488946e6 pinf=0.0 (0) dinf=5.580873120182463e9 (11065) time=62.515651595s
[ Info: iter=3510 obj=1.4191482998488946e6 pinf=0.0 (0) dinf=5.579683240549595e9 (11064) time=62.59644019s
[ Info: iter=3511 obj=1.4191482998488946e6 pinf=0.0 (0) dinf=5.546340100627343e9 (11034) time=62.675575386s
[ Info: iter=3512 obj=1.4191482998488946e6 pinf=0.0 (0) dinf=5.833944525190587e9 (11055) time=62.760940381s
[ Info: iter=3513 obj=1.4191482998488946e6 pinf=0.0 (0) dinf=5.58987444708422e9 (11054) time=62.837967376s
[ Info: iter=3514 obj=1.4191482998488946e6 pinf=0.0 (0) dinf=5.587299492624097e9 (11061) time=62.916798972s
[ Info: iter=3515 obj=1.4191482998488946e6 pinf=0.0 (0) dinf=5.58583503277228e9 (11060) time=62.998903167s
[ Info: iter=3516 obj=1.4191482998488946e6 pinf=0.0 (0) dinf=5.58987444708422e9 (11050) time=63.076621262s
[ Info: iter=3517 obj=1.4191482998488946e6 pinf=0.0 (0) dinf=5.588409987053568e9 (11057) time=63.160427257s
[ Info: iter=3518 obj=1.4191482998488946e6 pinf=0.0 (0) dinf=5.585835032279e9 (11056) time=63.240684053s
[ Info: iter=3519 obj=1.4191482998488946e6 pinf=0.0 (0) dinf=5.566847489241257e9 (11035) time=63.328609847s
EVENT refactor_pivot count=600 iter=3549 row=498 entering=28198 pinf=0.0 dinf=5.694854791455768e9
PIVOT stored_forward=3.342704436162733e-12 stored_tableau=0.0 direction_norm=8.603629673800595e6 row_residual_ratio=1.0e12
EVENT refactor_pivot count=700 iter=3649 row=499 entering=23277 pinf=0.0 dinf=5.832273445500689e9
PIVOT stored_forward=4.808296363779337e-12 stored_tableau=0.0 direction_norm=4.206445278906759e8 row_residual_ratio=1.0e12
EVENT refactor_pivot count=800 iter=3749 row=1445 entering=28198 pinf=0.0 dinf=6.722847043783636e9
PIVOT stored_forward=3.9919449144825565e-12 stored_tableau=0.0 direction_norm=8.603629673800593e6 row_residual_ratio=1.0e12
[ Info: iter=3520 obj=1.4191482998488946e6 pinf=0.0 (0) dinf=5.56684747901366e9 (11030) time=63.408891243s
[ Info: iter=3521 obj=1.4191482998488946e6 pinf=0.0 (0) dinf=5.631394312982534e9 (11033) time=63.486678638s
[ Info: iter=3522 obj=1.4191482998488946e6 pinf=0.0 (0) dinf=5.5814686047110815e9 (11027) time=63.568356733s
[ Info: iter=3523 obj=1.4191482998488946e6 pinf=0.0 (0) dinf=5.573227423920206e9 (11026) time=63.646307729s
[ Info: iter=3524 obj=1.4191482998488946e6 pinf=0.0 (0) dinf=5.602241504206653e9 (11033) time=63.721821924s
[ Info: iter=3525 obj=1.4191482998488946e6 pinf=0.0 (0) dinf=5.60223556889423e9 (11031) time=63.79866612s
[ Info: iter=3526 obj=1.4191482998488946e6 pinf=0.0 (0) dinf=5.602238212965032e9 (11032) time=63.878282115s
[ Info: iter=3527 obj=1.4191482998488946e6 pinf=0.0 (0) dinf=5.932028096540827e9 (11063) time=63.958838911s
[ Info: iter=3528 obj=1.4191482998488946e6 pinf=0.0 (0) dinf=5.6022373060911455e9 (11035) time=64.037784406s
[ Info: iter=3529 obj=1.4191482998488946e6 pinf=0.0 (0) dinf=5.62287082687218e9 (11048) time=64.118320101s
[ Info: iter=3530 obj=1.4191482998488946e6 pinf=0.0 (0) dinf=5.604298873178659e9 (11109) time=64.196781897s
[ Info: iter=3531 obj=1.4191482998488946e6 pinf=0.0 (0) dinf=5.602264429938882e9 (11116) time=64.276521992s
[ Info: iter=3532 obj=1.4191482998488946e6 pinf=0.0 (0) dinf=5.598687275749483e9 (11115) time=64.354971687s
[ Info: iter=3533 obj=1.4191482998488946e6 pinf=0.0 (0) dinf=5.614537362911206e9 (11105) time=64.434446983s
[ Info: iter=3534 obj=1.4191482998488946e6 pinf=0.0 (0) dinf=5.612096030844639e9 (11112) time=64.516384978s
[ Info: iter=3535 obj=1.4191482998488946e6 pinf=0.0 (0) dinf=5.607803445502915e9 (11111) time=64.595665673s
[ Info: iter=3536 obj=1.4191482998488946e6 pinf=0.0 (0) dinf=5.556081699467097e9 (11077) time=64.673762769s
[ Info: iter=3537 obj=1.4191482998488946e6 pinf=0.0 (0) dinf=5.976061139758616e9 (11041) time=64.753079264s
[ Info: iter=3538 obj=1.4191482998488946e6 pinf=0.0 (0) dinf=6.039507245453907e9 (11044) time=64.83257106s
[ Info: iter=3539 obj=1.4191482998488946e6 pinf=0.0 (0) dinf=5.561493903338005e9 (11077) time=64.909988155s
[ Info: iter=3540 obj=1.4191482998488946e6 pinf=0.0 (0) dinf=5.55555889939407e9 (11076) time=64.98943075s
[ Info: iter=3541 obj=1.4191482998488946e6 pinf=0.0 (0) dinf=6.085091813524674e9 (11044) time=65.065079746s
[ Info: iter=3542 obj=1.4191482998488946e6 pinf=0.0 (0) dinf=6.1448454514761e9 (11055) time=65.145291041s
[ Info: iter=3543 obj=1.4191482998488946e6 pinf=0.0 (0) dinf=6.077639573837945e9 (11056) time=65.227229437s
[ Info: iter=3544 obj=1.4191482998488946e6 pinf=0.0 (0) dinf=6.076626187479822e9 (11055) time=65.309756032s
[ Info: iter=3545 obj=1.4191482998488946e6 pinf=0.0 (0) dinf=6.096936159459597e9 (11055) time=65.391355627s
[ Info: iter=3546 obj=1.4191482998488946e6 pinf=0.0 (0) dinf=6.075860837504386e9 (11054) time=65.473482122s
[ Info: iter=3547 obj=1.4191482998488946e6 pinf=0.0 (0) dinf=6.076909852191805e9 (11055) time=65.554241717s
[ Info: iter=3548 obj=1.4191482998488946e6 pinf=0.0 (0) dinf=6.076909850882246e9 (11055) time=65.630560213s
[ Info: iter=3549 obj=1.4191482998488946e6 pinf=0.0 (0) dinf=5.6948547914557705e9 (11095) time=65.711082508s
[ Info: iter=3550 obj=1.4191482998488946e6 pinf=0.0 (0) dinf=5.689220521917527e9 (11102) time=65.791497904s
[ Info: iter=3551 obj=1.4191482998488946e6 pinf=0.0 (0) dinf=5.679313806169031e9 (11101) time=65.870328699s
[ Info: iter=3552 obj=1.4191482998488946e6 pinf=0.0 (0) dinf=5.621991403139671e9 (11094) time=65.946943794s
[ Info: iter=3553 obj=1.4191482998488946e6 pinf=0.0 (0) dinf=5.621991403139671e9 (11094) time=66.02594139s
[ Info: iter=3554 obj=1.4191482998488946e6 pinf=0.0 (0) dinf=5.621991403139671e9 (11094) time=66.105580684s
[ Info: iter=3555 obj=1.4191482998488946e6 pinf=0.0 (0) dinf=5.621991403139671e9 (11094) time=66.187534378s
[ Info: iter=3556 obj=1.4191482998488946e6 pinf=0.0 (0) dinf=5.632589606191941e9 (11096) time=66.265760472s
[ Info: iter=3557 obj=1.4191482998488946e6 pinf=0.0 (0) dinf=5.674947241779196e9 (11060) time=66.346052766s
[ Info: iter=3558 obj=1.4191482998488946e6 pinf=0.0 (0) dinf=5.676752024999006e9 (11066) time=66.42464636s
[ Info: iter=3559 obj=1.4191482998488946e6 pinf=0.0 (0) dinf=5.675850942199498e9 (11063) time=66.501129254s
[ Info: iter=3560 obj=1.4191482998488946e6 pinf=0.0 (0) dinf=5.675206033051636e9 (11061) time=66.582551548s
[ Info: iter=3561 obj=1.4191482998488946e6 pinf=0.0 (0) dinf=5.629815077192019e9 (11063) time=66.663698642s
[ Info: iter=3562 obj=1.4191482998488946e6 pinf=0.0 (0) dinf=5.620816091358394e9 (11062) time=66.742317036s
[ Info: iter=3563 obj=1.4191482998488946e6 pinf=0.0 (0) dinf=5.621140999372515e9 (11062) time=66.82225013s
[ Info: iter=3564 obj=1.4191482998488946e6 pinf=0.0 (0) dinf=5.611425398636565e9 (11070) time=66.902588624s
[ Info: iter=3565 obj=1.4191482998488946e6 pinf=0.0 (0) dinf=5.584671307335343e9 (11070) time=66.983088318s
[ Info: iter=3566 obj=1.4191482998488946e6 pinf=0.0 (0) dinf=7.484330343142834e9 (11044) time=67.064070811s
[ Info: iter=3567 obj=1.4191482998488946e6 pinf=0.0 (0) dinf=7.471019046148428e9 (11042) time=67.144802105s
[ Info: iter=3568 obj=1.4191482998488946e6 pinf=0.0 (0) dinf=9.365833201931011e9 (11040) time=67.226378099s
[ Info: iter=3569 obj=1.4191482998488946e6 pinf=0.0 (0) dinf=9.365837763888363e9 (11040) time=67.305906793s
[ Info: iter=3570 obj=1.4191482998488946e6 pinf=0.0 (0) dinf=9.361935100315e9 (11039) time=67.382401787s
[ Info: iter=3571 obj=1.4191482998488946e6 pinf=0.0 (0) dinf=9.367816297083986e9 (11044) time=67.467804081s
[ Info: iter=3572 obj=1.4191482998488946e6 pinf=0.0 (0) dinf=9.361419043799597e9 (11038) time=67.543355675s
[ Info: iter=3573 obj=1.4191482998488946e6 pinf=0.0 (0) dinf=9.35751638208204e9 (11037) time=67.617691169s
[ Info: iter=3574 obj=1.4191482998488946e6 pinf=0.0 (0) dinf=9.357957531536293e9 (11037) time=67.693875964s
[ Info: iter=3575 obj=1.4191482998488946e6 pinf=0.0 (0) dinf=9.356392221243052e9 (11036) time=67.772803258s
[ Info: iter=3576 obj=1.4191482998488946e6 pinf=0.0 (0) dinf=9.353482967784002e9 (11035) time=67.848141152s
[ Info: iter=3577 obj=1.4191482998488946e6 pinf=0.0 (0) dinf=9.35318358462281e9 (11037) time=67.925229046s
[ Info: iter=3578 obj=1.4191482998488946e6 pinf=0.0 (0) dinf=9.497869911875473e9 (11035) time=68.00711344s
[ Info: iter=3579 obj=1.4191482998488946e6 pinf=0.0 (0) dinf=9.497840609467566e9 (11033) time=68.084232034s
[ Info: iter=3580 obj=1.4191482998488946e6 pinf=0.0 (0) dinf=9.496734834493969e9 (11035) time=68.163238428s
[ Info: iter=3581 obj=1.4191482998488946e6 pinf=0.0 (0) dinf=9.496673615617447e9 (11035) time=68.241486222s
[ Info: iter=3582 obj=1.4191482998488946e6 pinf=0.0 (0) dinf=9.496600342105835e9 (11034) time=68.323174716s
[ Info: iter=3583 obj=1.4191482998488946e6 pinf=0.0 (0) dinf=9.496539123693218e9 (11033) time=68.40012311s
[ Info: iter=3584 obj=1.4191482998488946e6 pinf=0.0 (0) dinf=9.495502459702133e9 (11035) time=68.478947804s
[ Info: iter=3585 obj=1.4191482998488946e6 pinf=0.0 (0) dinf=9.495446950687378e9 (11035) time=68.559637598s
[ Info: iter=3586 obj=1.4191482998488946e6 pinf=0.0 (0) dinf=9.495378256783974e9 (11034) time=68.637232592s
[ Info: iter=3587 obj=1.4191482998488946e6 pinf=0.0 (0) dinf=9.495322748233124e9 (11033) time=68.716283286s
[ Info: iter=3588 obj=1.4191482998488946e6 pinf=0.0 (0) dinf=5.552344245339837e9 (11062) time=68.79322188s
[ Info: iter=3589 obj=1.4191482998488946e6 pinf=0.0 (0) dinf=5.827693038389873e9 (11035) time=68.872117874s
[ Info: iter=3590 obj=1.4191482998488946e6 pinf=0.0 (0) dinf=5.82738046451201e9 (11035) time=68.952684168s
[ Info: iter=3591 obj=1.4191482998488946e6 pinf=0.0 (0) dinf=5.827344056356135e9 (11034) time=69.032297162s
[ Info: iter=3592 obj=1.4191482998488946e6 pinf=0.0 (0) dinf=5.827310351793724e9 (11033) time=69.109691556s
[ Info: iter=3593 obj=1.4191482998488946e6 pinf=0.0 (0) dinf=5.827309657881243e9 (11032) time=69.18539315s
[ Info: iter=3594 obj=1.4191482998488946e6 pinf=0.0 (0) dinf=5.827309092989156e9 (11031) time=69.258486545s
[ Info: iter=3595 obj=1.4191482998488946e6 pinf=0.0 (0) dinf=5.827309446575461e9 (11030) time=69.336839139s
[ Info: iter=3596 obj=1.4191482998488946e6 pinf=0.0 (0) dinf=5.827310391878836e9 (11031) time=69.415981033s
[ Info: iter=3597 obj=1.4191482998488946e6 pinf=0.0 (0) dinf=5.827310711831435e9 (11031) time=69.497391926s
[ Info: iter=3598 obj=1.4191482998488946e6 pinf=0.0 (0) dinf=5.827311385690544e9 (11031) time=69.572208321s
[ Info: iter=3599 obj=1.4191482998488946e6 pinf=0.0 (0) dinf=5.827312249646909e9 (11032) time=69.650421115s
[ Info: iter=3600 obj=1.4191482998488946e6 pinf=0.0 (0) dinf=5.827634599358117e9 (11034) time=69.730190009s
[ Info: iter=3601 obj=1.4191482998488946e6 pinf=0.0 (0) dinf=5.827396041041817e9 (11032) time=69.808599003s
[ Info: iter=3602 obj=1.4191482998488946e6 pinf=0.0 (0) dinf=5.827388196710127e9 (11030) time=69.884967897s
[ Info: iter=3603 obj=1.4191482998488946e6 pinf=0.0 (0) dinf=5.828502208228068e9 (11036) time=69.967394891s
[ Info: iter=3604 obj=1.4191482998488946e6 pinf=0.0 (0) dinf=5.8292300086574335e9 (11035) time=70.042695385s
[ Info: iter=3605 obj=1.4191482998488946e6 pinf=0.0 (0) dinf=5.82872671511246e9 (11038) time=70.122382779s
[ Info: iter=3606 obj=1.4191482998488946e6 pinf=0.0 (0) dinf=5.828885698987489e9 (11039) time=70.205212873s
[ Info: iter=3607 obj=1.4191482998488946e6 pinf=0.0 (0) dinf=5.828766459003639e9 (11036) time=70.283766067s
[ Info: iter=3608 obj=1.4191482998488946e6 pinf=0.0 (0) dinf=5.83360295449709e9 (11044) time=70.360155561s
[ Info: iter=3609 obj=1.4191482998488946e6 pinf=0.0 (0) dinf=5.833601038896416e9 (11043) time=70.436289455s
[ Info: iter=3610 obj=1.4191482998488946e6 pinf=0.0 (0) dinf=5.833598995685299e9 (11042) time=70.516487549s
[ Info: iter=3611 obj=1.4191482998488946e6 pinf=0.0 (0) dinf=5.833462615328669e9 (11046) time=70.595362343s
[ Info: iter=3612 obj=1.4191482998488946e6 pinf=0.0 (0) dinf=5.833682906304825e9 (11047) time=70.673678837s
[ Info: iter=3613 obj=1.4191482998488946e6 pinf=0.0 (0) dinf=5.833604189605501e9 (11046) time=70.754211331s
[ Info: iter=3614 obj=1.4191482998488946e6 pinf=0.0 (0) dinf=5.833653920560725e9 (11047) time=70.833216525s
[ Info: iter=3615 obj=1.4191482998488946e6 pinf=0.0 (0) dinf=5.833621401125396e9 (11047) time=70.910830619s
[ Info: iter=3616 obj=1.4191482998488946e6 pinf=0.0 (0) dinf=5.833660527478444e9 (11041) time=70.990618913s
[ Info: iter=3617 obj=1.4191482998488946e6 pinf=0.0 (0) dinf=5.833650174523031e9 (11039) time=71.071143107s
[ Info: iter=3618 obj=1.4191482998488946e6 pinf=0.0 (0) dinf=5.833809063073741e9 (11042) time=71.149359301s
[ Info: iter=3619 obj=1.4191482998488946e6 pinf=0.0 (0) dinf=5.833904396204167e9 (11043) time=71.226145995s
[ Info: iter=3620 obj=1.4191482998488946e6 pinf=0.0 (0) dinf=5.834116248605113e9 (11043) time=71.308579489s
[ Info: iter=3621 obj=1.4191482998488946e6 pinf=0.0 (0) dinf=5.833957357054403e9 (11039) time=71.389390583s
[ Info: iter=3622 obj=1.4191482998488946e6 pinf=0.0 (0) dinf=5.833859712014143e9 (11040) time=71.470295876s
[ Info: iter=3623 obj=1.4191482998488946e6 pinf=0.0 (0) dinf=5.833616788957363e9 (11042) time=71.54855577s
[ Info: iter=3624 obj=1.4191482998488946e6 pinf=0.0 (0) dinf=5.833595251166248e9 (11042) time=71.627189264s
[ Info: iter=3625 obj=1.4191482998488946e6 pinf=0.0 (0) dinf=5.833845286133457e9 (11060) time=71.702033259s
[ Info: iter=3626 obj=1.4191482998488946e6 pinf=0.0 (0) dinf=5.833844660028105e9 (11059) time=71.779401853s
[ Info: iter=3627 obj=1.4191482998488946e6 pinf=0.0 (0) dinf=5.833833127911167e9 (11058) time=71.856326647s
[ Info: iter=3628 obj=1.4191482998488946e6 pinf=0.0 (0) dinf=5.833663550046431e9 (11056) time=71.939006341s
[ Info: iter=3629 obj=1.4191482998488946e6 pinf=0.0 (0) dinf=5.833656048219641e9 (11053) time=72.018245235s
[ Info: iter=3630 obj=1.4191482998488946e6 pinf=0.0 (0) dinf=5.833815268187492e9 (11056) time=72.098897429s
[ Info: iter=3631 obj=1.4191482998488946e6 pinf=0.0 (0) dinf=5.833815268187492e9 (11055) time=72.182384922s
[ Info: iter=3632 obj=1.4191482998488946e6 pinf=0.0 (0) dinf=5.8340275624779625e9 (11056) time=72.263128816s
[ Info: iter=3633 obj=1.4191482998488946e6 pinf=0.0 (0) dinf=5.83386833951011e9 (11053) time=72.34245711s
[ Info: iter=3634 obj=1.4191482998488946e6 pinf=0.0 (0) dinf=5.833604813843926e9 (11061) time=72.423629604s
[ Info: iter=3635 obj=1.4191482998488946e6 pinf=0.0 (0) dinf=5.831981121000811e9 (11084) time=72.501988998s
[ Info: iter=3636 obj=1.4191482998488946e6 pinf=0.0 (0) dinf=5.833601551103189e9 (11067) time=72.584098392s
[ Info: iter=3637 obj=1.4191482998488946e6 pinf=0.0 (0) dinf=5.833600937056423e9 (11070) time=72.663955386s
[ Info: iter=3638 obj=1.4191482998488946e6 pinf=0.0 (0) dinf=5.833601080677933e9 (11067) time=72.746203279s
[ Info: iter=3639 obj=1.4191482998488946e6 pinf=0.0 (0) dinf=5.833600069799038e9 (11063) time=72.824643673s
[ Info: iter=3640 obj=1.4191482998488946e6 pinf=0.0 (0) dinf=5.833599058920143e9 (11059) time=72.901241168s
[ Info: iter=3641 obj=1.4191482998488946e6 pinf=0.0 (0) dinf=5.833598048041248e9 (11055) time=72.983204961s
[ Info: iter=3642 obj=1.4191482998488946e6 pinf=0.0 (0) dinf=5.8335970371623535e9 (11051) time=73.063965855s
[ Info: iter=3643 obj=1.4191482998488946e6 pinf=0.0 (0) dinf=5.833596026283459e9 (11047) time=73.144616849s
[ Info: iter=3644 obj=1.4191482998488946e6 pinf=0.0 (0) dinf=5.833595015404563e9 (11043) time=73.222743043s
[ Info: iter=3645 obj=1.4191482998488946e6 pinf=0.0 (0) dinf=5.833330270358672e9 (11041) time=73.306168737s
[ Info: iter=3646 obj=1.4191482998488946e6 pinf=0.0 (0) dinf=5.833066296669168e9 (11040) time=73.386285231s
[ Info: iter=3647 obj=1.4191482998488946e6 pinf=0.0 (0) dinf=5.832801939663502e9 (11038) time=73.466755625s
[ Info: iter=3648 obj=1.4191482998488946e6 pinf=0.0 (0) dinf=5.83253762417306e9 (11037) time=73.546842518s
[ Info: iter=3649 obj=1.4191482998488946e6 pinf=0.0 (0) dinf=5.832273445500689e9 (11036) time=73.629190812s
[ Info: iter=3650 obj=1.4191482998488946e6 pinf=0.0 (0) dinf=5.827452889815175e9 (11056) time=73.708535806s
[ Info: iter=3651 obj=1.4191482998488946e6 pinf=0.0 (0) dinf=5.834146536305104e9 (11036) time=73.7907075s
[ Info: iter=3652 obj=1.4191482998488946e6 pinf=0.0 (0) dinf=5.834065004317876e9 (11034) time=73.872899294s
[ Info: iter=3653 obj=1.4191482998488946e6 pinf=0.0 (0) dinf=5.837974156316924e9 (11040) time=73.953482288s
[ Info: iter=3654 obj=1.4191482998488946e6 pinf=0.0 (0) dinf=5.856799226730462e9 (11039) time=74.031578282s
[ Info: iter=3655 obj=1.4191482998488946e6 pinf=0.0 (0) dinf=5.856797289807659e9 (11039) time=74.111918978s
[ Info: iter=3656 obj=1.4191482998488946e6 pinf=0.0 (0) dinf=5.856797287810624e9 (11039) time=74.197806077s
[ Info: iter=3657 obj=1.4191482998488946e6 pinf=0.0 (0) dinf=5.856742231456237e9 (11036) time=74.277364876s
[ Info: iter=3658 obj=1.4191482998488946e6 pinf=0.0 (0) dinf=5.856737112231533e9 (11036) time=74.357020074s
[ Info: iter=3659 obj=1.4191482998488946e6 pinf=0.0 (0) dinf=5.8567355860780525e9 (11033) time=74.440945873s
[ Info: iter=3660 obj=1.4191482998488946e6 pinf=0.0 (0) dinf=5.771877799931271e9 (11069) time=74.521716871s
[ Info: iter=3661 obj=1.4191482998488946e6 pinf=0.0 (0) dinf=5.7785740591100445e9 (11067) time=74.60305507s
[ Info: iter=3662 obj=1.4191482998488946e6 pinf=0.0 (0) dinf=5.794061164221546e9 (11070) time=74.682175369s
[ Info: iter=3663 obj=1.4191482998488946e6 pinf=0.0 (0) dinf=5.778109021856041e9 (11068) time=74.766173667s
[ Info: iter=3664 obj=1.4191482998488946e6 pinf=0.0 (0) dinf=5.779772335133813e9 (11066) time=74.847878766s
[ Info: iter=3665 obj=1.4191482998488946e6 pinf=0.0 (0) dinf=5.779760073991517e9 (11066) time=74.925285765s
[ Info: iter=3666 obj=1.4191482998488946e6 pinf=0.0 (0) dinf=5.779760073991517e9 (11065) time=75.007720763s
[ Info: iter=3667 obj=1.4191482998488946e6 pinf=0.0 (0) dinf=5.773906637508738e9 (11065) time=75.089127062s
[ Info: iter=3668 obj=1.4191482998488946e6 pinf=0.0 (0) dinf=5.773906637508738e9 (11064) time=75.17007426s
[ Info: iter=3669 obj=1.4191482998488946e6 pinf=0.0 (0) dinf=5.773842292641625e9 (11062) time=75.250830759s
[ Info: iter=3670 obj=1.4191482998488946e6 pinf=0.0 (0) dinf=5.790072359024565e9 (11064) time=75.333676058s
[ Info: iter=3671 obj=1.4191482998488946e6 pinf=0.0 (0) dinf=5.805581347461829e9 (11062) time=75.411019356s
[ Info: iter=3672 obj=1.4191482998488946e6 pinf=0.0 (0) dinf=5.795928289341532e9 (11059) time=75.489987455s
[ Info: iter=3673 obj=1.4191482998488946e6 pinf=0.0 (0) dinf=5.794601703105547e9 (11076) time=75.570133954s
[ Info: iter=3674 obj=1.4191482998488946e6 pinf=0.0 (0) dinf=5.792250457350917e9 (11075) time=75.654399752s
[ Info: iter=3675 obj=1.4191482998488946e6 pinf=0.0 (0) dinf=5.790321228300447e9 (11074) time=75.730223051s
[ Info: iter=3676 obj=1.4191482998488946e6 pinf=0.0 (0) dinf=5.806739046564198e9 (11075) time=75.80496135s
[ Info: iter=3677 obj=1.4191482998488946e6 pinf=0.0 (0) dinf=5.832145027549367e9 (11076) time=75.884469548s
[ Info: iter=3678 obj=1.4191482998488946e6 pinf=0.0 (0) dinf=5.779605271207753e9 (11074) time=75.964625347s
[ Info: iter=3679 obj=1.4191482998488946e6 pinf=0.0 (0) dinf=5.951393810652773e9 (11094) time=76.042462746s
[ Info: iter=3680 obj=1.4191482998488946e6 pinf=0.0 (0) dinf=5.951381194723324e9 (11093) time=76.124920744s
[ Info: iter=3681 obj=1.4191482998488946e6 pinf=0.0 (0) dinf=5.951368578803324e9 (11092) time=76.203231443s
[ Info: iter=3682 obj=1.4191482998488946e6 pinf=0.0 (0) dinf=5.951439542227542e9 (11091) time=76.278998241s
[ Info: iter=3683 obj=1.4191482998488946e6 pinf=0.0 (0) dinf=5.951510505622059e9 (11090) time=76.35675284s
[ Info: iter=3684 obj=1.4191482998488946e6 pinf=0.0 (0) dinf=5.964869829305773e9 (11092) time=76.436417939s
[ Info: iter=3685 obj=1.4191482998488946e6 pinf=0.0 (0) dinf=5.954809336589458e9 (11089) time=76.515947137s
[ Info: iter=3686 obj=1.4191482998488946e6 pinf=0.0 (0) dinf=5.954403605721086e9 (11088) time=76.597334936s
[ Info: iter=3687 obj=1.4191482998488946e6 pinf=0.0 (0) dinf=5.910219268933203e9 (11085) time=76.677950135s
[ Info: iter=3688 obj=1.4191482998488946e6 pinf=0.0 (0) dinf=5.91936284568081e9 (11084) time=76.755343833s
[ Info: iter=3689 obj=1.4191482998488946e6 pinf=0.0 (0) dinf=5.84624506626019e9 (11088) time=76.837479232s
[ Info: iter=3690 obj=1.4191482998488946e6 pinf=0.0 (0) dinf=5.933576986763304e9 (11094) time=76.914986731s
[ Info: iter=3691 obj=1.4191482998488946e6 pinf=0.0 (0) dinf=5.92748654899873e9 (11093) time=76.998201929s
[ Info: iter=3692 obj=1.4191482998488946e6 pinf=0.0 (0) dinf=5.921581425324566e9 (11093) time=77.083881028s
[ Info: iter=3693 obj=1.4191482998488946e6 pinf=0.0 (0) dinf=5.922260081169646e9 (11092) time=77.160217126s
[ Info: iter=3694 obj=1.4191482998488946e6 pinf=0.0 (0) dinf=5.92263783330232e9 (11091) time=77.243503625s
[ Info: iter=3695 obj=1.4191482998488946e6 pinf=0.0 (0) dinf=5.9230310059235735e9 (11092) time=77.321843424s
[ Info: iter=3696 obj=1.4191482998488946e6 pinf=0.0 (0) dinf=5.922769453711377e9 (11093) time=77.400702622s
[ Info: iter=3697 obj=1.4191482998488946e6 pinf=0.0 (0) dinf=5.917951293801828e9 (11082) time=77.480043621s
[ Info: iter=3698 obj=1.4191482998488946e6 pinf=0.0 (0) dinf=5.917907467012466e9 (11081) time=77.55833632s
[ Info: iter=3699 obj=1.4191482998488946e6 pinf=0.0 (0) dinf=5.917893682822839e9 (11081) time=77.637466918s
[ Info: iter=3700 obj=1.4191482998488946e6 pinf=0.0 (0) dinf=5.884493528722385e9 (11080) time=77.720154117s
[ Info: iter=3701 obj=1.4191482998488946e6 pinf=0.0 (0) dinf=5.843284383588606e9 (11079) time=77.800961816s
[ Info: iter=3702 obj=1.4191482998488946e6 pinf=0.0 (0) dinf=5.870271697101147e9 (11080) time=77.877629814s
[ Info: iter=3703 obj=1.4191482998488946e6 pinf=0.0 (0) dinf=5.866102847187741e9 (11079) time=77.955773213s
[ Info: iter=3704 obj=1.4191482998488946e6 pinf=0.0 (0) dinf=5.861934000277497e9 (11078) time=78.036311112s
[ Info: iter=3705 obj=1.4191482998488946e6 pinf=0.0 (0) dinf=5.85775272239961e9 (11077) time=78.11668891s
[ Info: iter=3706 obj=1.4191482998488946e6 pinf=0.0 (0) dinf=5.88178204498517e9 (11086) time=78.193777509s
[ Info: iter=3707 obj=1.4191482998488946e6 pinf=0.0 (0) dinf=5.974968243108283e9 (11089) time=78.270986208s
[ Info: iter=3708 obj=1.4191482998488946e6 pinf=0.0 (0) dinf=6.965108761442088e9 (11094) time=78.353992506s
[ Info: iter=3709 obj=1.4191482998488946e6 pinf=0.0 (0) dinf=6.985885467392974e9 (11102) time=78.432054105s
[ Info: iter=3710 obj=1.4191482998488946e6 pinf=0.0 (0) dinf=7.047945429283001e9 (11098) time=78.509101304s
[ Info: iter=3711 obj=1.4191482998488946e6 pinf=0.0 (0) dinf=7.04389156716738e9 (11093) time=78.587713402s
[ Info: iter=3712 obj=1.4191482998488946e6 pinf=0.0 (0) dinf=6.985007386203183e9 (11109) time=78.667456601s
[ Info: iter=3713 obj=1.4191482998488946e6 pinf=0.0 (0) dinf=6.77964112627208e9 (11101) time=78.747161199s
[ Info: iter=3714 obj=1.4191482998488946e6 pinf=0.0 (0) dinf=6.776965521719337e9 (11103) time=78.825182998s
[ Info: iter=3715 obj=1.4191482998488946e6 pinf=0.0 (0) dinf=6.774346903708229e9 (11105) time=78.903130497s
[ Info: iter=3716 obj=1.4191482998488946e6 pinf=0.0 (0) dinf=6.771706170744393e9 (11107) time=78.983969595s
[ Info: iter=3717 obj=1.4191482998488946e6 pinf=0.0 (0) dinf=6.769018934823189e9 (11106) time=79.063484094s
[ Info: iter=3718 obj=1.4191482998488946e6 pinf=0.0 (0) dinf=6.768974516601883e9 (11103) time=79.145820293s
[ Info: iter=3719 obj=1.4191482998488946e6 pinf=0.0 (0) dinf=6.768905898451462e9 (11100) time=79.226095391s
[ Info: iter=3720 obj=1.4191482998488946e6 pinf=0.0 (0) dinf=6.768887594918268e9 (11097) time=79.30335699s
[ Info: iter=3721 obj=1.4191482998488946e6 pinf=0.0 (0) dinf=6.770596518245162e9 (11099) time=79.381400089s
[ Info: iter=3722 obj=1.4191482998488946e6 pinf=0.0 (0) dinf=6.700151146850118e9 (11100) time=79.460585487s
[ Info: iter=3723 obj=1.4191482998488946e6 pinf=0.0 (0) dinf=6.70015035947286e9 (11099) time=79.538508186s
[ Info: iter=3724 obj=1.4191482998488946e6 pinf=0.0 (0) dinf=6.700150176317273e9 (11098) time=79.616079985s
[ Info: iter=3725 obj=1.4191482998488946e6 pinf=0.0 (0) dinf=6.963045601343468e9 (11096) time=79.695886083s
[ Info: iter=3726 obj=1.4191482998488946e6 pinf=0.0 (0) dinf=6.96304690516108e9 (11100) time=79.776221482s
[ Info: iter=3727 obj=1.4191482998488946e6 pinf=0.0 (0) dinf=6.963045601343468e9 (11095) time=79.851964581s
[ Info: iter=3728 obj=1.4191482998488946e6 pinf=0.0 (0) dinf=6.762940551133176e9 (11094) time=79.927161879s
[ Info: iter=3729 obj=1.4191482998488946e6 pinf=0.0 (0) dinf=6.771032591220589e9 (11095) time=80.004776178s
[ Info: iter=3730 obj=1.4191482998488946e6 pinf=0.0 (0) dinf=6.767604914671196e9 (11104) time=80.083440277s
[ Info: iter=3731 obj=1.4191482998488946e6 pinf=0.0 (0) dinf=6.768402614242621e9 (11101) time=80.163917775s
[ Info: iter=3732 obj=1.4191482998488946e6 pinf=0.0 (0) dinf=6.765621010418394e9 (11106) time=80.243258574s
[ Info: iter=3733 obj=1.4191482998488946e6 pinf=0.0 (0) dinf=6.763866138218597e9 (11101) time=80.320923473s
[ Info: iter=3734 obj=1.4191482998488946e6 pinf=0.0 (0) dinf=6.764199452047623e9 (11102) time=80.396505971s
[ Info: iter=3735 obj=1.4191482998488946e6 pinf=0.0 (0) dinf=6.764532765876647e9 (11103) time=80.47605777s
[ Info: iter=3736 obj=1.4191482998488946e6 pinf=0.0 (0) dinf=6.764866079705671e9 (11104) time=80.558224269s
[ Info: iter=3737 obj=1.4191482998488946e6 pinf=0.0 (0) dinf=6.690484765884273e9 (11116) time=80.638964267s
[ Info: iter=3738 obj=1.4191482998488946e6 pinf=0.0 (0) dinf=6.691811919636515e9 (11111) time=80.716825166s
[ Info: iter=3739 obj=1.4191482998488946e6 pinf=0.0 (0) dinf=6.730340790847606e9 (11121) time=80.795435165s
[ Info: iter=3740 obj=1.4191482998488946e6 pinf=0.0 (0) dinf=6.728915207587025e9 (11120) time=80.875917163s
[ Info: iter=3741 obj=1.4191482998488946e6 pinf=0.0 (0) dinf=6.726887514367585e9 (11119) time=80.954720262s
[ Info: iter=3742 obj=1.4191482998488946e6 pinf=0.0 (0) dinf=6.724865849495832e9 (11118) time=81.03467146s
[ Info: iter=3743 obj=1.4191482998488946e6 pinf=0.0 (0) dinf=6.722846068482726e9 (11117) time=81.116657159s
[ Info: iter=3744 obj=1.4191482998488946e6 pinf=0.0 (0) dinf=6.722906301753074e9 (11118) time=81.193805558s
[ Info: iter=3745 obj=1.4191482998488946e6 pinf=0.0 (0) dinf=6.722942920413416e9 (11119) time=81.270809656s
[ Info: iter=3746 obj=1.4191482998488946e6 pinf=0.0 (0) dinf=6.722893409534293e9 (11118) time=81.349833855s
[ Info: iter=3747 obj=1.4191482998488946e6 pinf=0.0 (0) dinf=6.722846600524179e9 (11116) time=81.430010454s
[ Info: iter=3748 obj=1.4191482998488946e6 pinf=0.0 (0) dinf=6.722902838990295e9 (11117) time=81.507032252s
[ Info: iter=3749 obj=1.4191482998488946e6 pinf=0.0 (0) dinf=6.722847043783635e9 (11115) time=81.586657951s
[ Info: iter=3750 obj=1.4191482998488946e6 pinf=0.0 (0) dinf=6.72213176534552e9 (11115) time=81.66666035s
[ Info: iter=3751 obj=1.4191482998488946e6 pinf=0.0 (0) dinf=6.74669598571831e9 (11117) time=81.748183648s
[ Info: iter=3752 obj=1.4191482998488946e6 pinf=0.0 (0) dinf=6.745955682696954e9 (11114) time=81.828158147s
[ Info: iter=3753 obj=1.4191482998488946e6 pinf=0.0 (0) dinf=6.745215379675598e9 (11111) time=81.904599146s
[ Info: iter=3754 obj=1.4191482998488946e6 pinf=0.0 (0) dinf=6.744475076654242e9 (11108) time=81.983457344s
[ Info: iter=3755 obj=1.4191482998488946e6 pinf=0.0 (0) dinf=6.743734773632885e9 (11105) time=82.063558143s
[ Info: iter=3756 obj=1.4191482998488946e6 pinf=0.0 (0) dinf=6.742994470611528e9 (11102) time=82.143164546s
[ Info: iter=3757 obj=1.4191482998488946e6 pinf=0.0 (0) dinf=6.746705758778583e9 (11102) time=82.22225555s
[ Info: iter=3758 obj=1.4191482998488946e6 pinf=0.0 (0) dinf=6.747464918298772e9 (11103) time=82.302716154s
[ Info: iter=3759 obj=1.4191482998488946e6 pinf=0.0 (0) dinf=6.722023026681448e9 (11097) time=82.384289458s
[ Info: iter=3760 obj=1.4191482998488946e6 pinf=0.0 (0) dinf=6.796464840184445e9 (11117) time=82.464818161s
[ Info: iter=3761 obj=1.4191482998488946e6 pinf=0.0 (0) dinf=6.796686582630099e9 (11117) time=82.549130365s
[ Info: iter=3762 obj=1.4191482998488946e6 pinf=0.0 (0) dinf=6.797016538310642e9 (11117) time=82.627111869s
[ Info: iter=3763 obj=1.4191482998488946e6 pinf=0.0 (0) dinf=6.797331996977707e9 (11117) time=82.705482373s
[ Info: iter=3764 obj=1.4191482998488946e6 pinf=0.0 (0) dinf=6.797661951631251e9 (11117) time=82.786125777s
[ Info: iter=3765 obj=1.4191482998488946e6 pinf=0.0 (0) dinf=6.797580859619105e9 (11115) time=82.866402881s
[ Info: iter=3766 obj=1.4191482998488946e6 pinf=0.0 (0) dinf=6.796761587614032e9 (11118) time=82.947448084s
[ Info: iter=3767 obj=1.4191482998488946e6 pinf=0.0 (0) dinf=6.815066691760872e9 (11126) time=83.037371089s
[ Info: iter=3768 obj=1.4191482998488946e6 pinf=0.0 (0) dinf=6.812943921123551e9 (11122) time=83.119788993s
[ Info: iter=3769 obj=1.4191482998488946e6 pinf=0.0 (0) dinf=6.985864897228139e9 (11098) time=83.199097096s
[ Info: iter=3770 obj=1.4191482998488946e6 pinf=0.0 (0) dinf=6.984986679221702e9 (11105) time=83.2786738s
[ Info: iter=3771 obj=1.4191482998488946e6 pinf=0.0 (0) dinf=6.7512904848126135e9 (11091) time=83.359032904s
[ Info: iter=3772 obj=1.4191482998488946e6 pinf=0.0 (0) dinf=6.7512904848126135e9 (11090) time=83.438671608s
[ Info: iter=3773 obj=1.4191482998488946e6 pinf=0.0 (0) dinf=6.751290483890688e9 (11090) time=83.519114712s
[ Info: iter=3774 obj=1.4191482998488946e6 pinf=0.0 (0) dinf=6.770637821573582e9 (11094) time=83.598465515s
[ Info: iter=3775 obj=1.4191482998488946e6 pinf=0.0 (0) dinf=6.770589476963629e9 (11091) time=83.681139519s
[ Info: iter=3776 obj=1.4191482998488946e6 pinf=0.0 (0) dinf=6.77054113212608e9 (11088) time=83.759755123s
[ Info: iter=3777 obj=1.4191482998488946e6 pinf=0.0 (0) dinf=6.770492787516127e9 (11084) time=83.840671727s
[ Info: iter=3778 obj=1.4191482998488946e6 pinf=0.0 (0) dinf=6.77049277828853e9 (11079) time=83.922931131s
[ Info: iter=3779 obj=1.4191482998488946e6 pinf=0.0 (0) dinf=6.769552566807487e9 (11078) time=84.002535835s
[ Info: iter=3780 obj=1.4191482998488946e6 pinf=0.0 (0) dinf=6.754554073272886e9 (11087) time=84.082348839s
[ Info: iter=3781 obj=1.4191482998488946e6 pinf=0.0 (0) dinf=6.754656888727314e9 (11087) time=84.159801042s
[ Info: iter=3782 obj=1.4191482998488946e6 pinf=0.0 (0) dinf=6.764754019148689e9 (11090) time=84.238512046s
[ Info: iter=3783 obj=1.4191482998488946e6 pinf=0.0 (0) dinf=6.764720019101843e9 (11090) time=84.31532775s
[ Info: iter=3784 obj=1.4191482998488946e6 pinf=0.0 (0) dinf=6.7646860190549965e9 (11090) time=84.391723253s
[ Info: iter=3785 obj=1.4191482998488946e6 pinf=0.0 (0) dinf=6.764652019235747e9 (11090) time=84.475294657s
[ Info: iter=3786 obj=1.4191482998488946e6 pinf=0.0 (0) dinf=6.763990745843259e9 (11089) time=84.554766561s
[ Info: iter=3787 obj=1.4191482998488946e6 pinf=0.0 (0) dinf=6.754554073272886e9 (11087) time=84.638045065s
[ Info: iter=3788 obj=1.4191482998488946e6 pinf=0.0 (0) dinf=6.754420739647059e9 (11085) time=84.730363869s
[ Info: iter=3789 obj=1.4191482998488946e6 pinf=0.0 (0) dinf=6.764220691303916e9 (11088) time=84.828908274s
[ Info: iter=3790 obj=1.4191482998488946e6 pinf=0.0 (0) dinf=6.774337512268621e9 (11091) time=84.94371388s
[ Info: iter=3791 obj=1.4191482998488946e6 pinf=0.0 (0) dinf=6.787404115477765e9 (11092) time=85.031482984s
[ Info: iter=3792 obj=1.4191482998488946e6 pinf=0.0 (0) dinf=6.777604160820908e9 (11089) time=85.114436688s
[ Info: iter=3793 obj=1.4191482998488946e6 pinf=0.0 (0) dinf=6.76475406033883e9 (11106) time=85.193373492s
[ Info: iter=3794 obj=1.4191482998488946e6 pinf=0.0 (0) dinf=6.764720060268883e9 (11106) time=85.272364295s
[ Info: iter=3795 obj=1.4191482998488946e6 pinf=0.0 (0) dinf=6.764686060198936e9 (11106) time=85.352533599s
[ Info: iter=3796 obj=1.4191482998488946e6 pinf=0.0 (0) dinf=6.7646520603565855e9 (11105) time=85.433678403s
[ Info: iter=3797 obj=1.4191482998488946e6 pinf=0.0 (0) dinf=6.764648464704437e9 (11099) time=85.516298407s
[ Info: iter=3798 obj=1.4191482998488946e6 pinf=0.0 (0) dinf=6.763987190862649e9 (11098) time=85.593054111s
[ Info: iter=3799 obj=1.4191482998488946e6 pinf=0.0 (0) dinf=6.754554099458042e9 (11100) time=85.672523614s
[ Info: iter=3800 obj=1.4191482998488946e6 pinf=0.0 (0) dinf=6.754343246423585e9 (11099) time=85.754857318s
[ Info: iter=3801 obj=1.4191482998488946e6 pinf=0.0 (0) dinf=6.763910642633472e9 (11102) time=85.835710722s
[ Info: iter=3802 obj=1.4191482998488946e6 pinf=0.0 (0) dinf=6.768046950816463e9 (11103) time=85.925176327s
[ Info: iter=3803 obj=1.4191482998488946e6 pinf=0.0 (0) dinf=6.780803480096313e9 (11104) time=86.00385253s
[ Info: iter=3804 obj=1.4191482998488946e6 pinf=0.0 (0) dinf=6.771236080886426e9 (11101) time=86.085925434s
[ Info: iter=3805 obj=1.4191482998488946e6 pinf=0.0 (0) dinf=6.764128106445827e9 (11107) time=86.166737638s
[ Info: iter=3806 obj=1.4191482998488946e6 pinf=0.0 (0) dinf=6.7779309739775715e9 (11108) time=86.248597842s
[ Info: iter=3807 obj=1.4191482998488946e6 pinf=0.0 (0) dinf=6.767578821078763e9 (11105) time=86.329670746s
[ Info: iter=3808 obj=1.4191482998488946e6 pinf=0.0 (0) dinf=6.756734237674436e9 (11133) time=86.40801965s
[ Info: iter=3809 obj=1.4191482998488946e6 pinf=0.0 (0) dinf=6.764038418186878e9 (11146) time=86.492032554s
[ Info: iter=3810 obj=1.4191482998488946e6 pinf=0.0 (0) dinf=6.77259889967383e9 (11149) time=86.572106457s
[ Info: iter=3811 obj=1.4191482998488946e6 pinf=0.0 (0) dinf=6.778311871248448e9 (11157) time=86.654131361s
[ Info: iter=3812 obj=1.4191482998488946e6 pinf=0.0 (0) dinf=6.773166063993311e9 (11154) time=86.736070865s
[ Info: iter=3813 obj=1.4191482998488946e6 pinf=0.0 (0) dinf=6.757607007434717e9 (11156) time=86.821716769s
[ Info: iter=3814 obj=1.4191482998488946e6 pinf=0.0 (0) dinf=6.812297884747701e9 (11165) time=86.904493073s
[ Info: iter=3815 obj=1.4191482998488946e6 pinf=0.0 (0) dinf=6.812297838875519e9 (11165) time=86.978056777s
[ Info: iter=3816 obj=1.4191482998488946e6 pinf=0.0 (0) dinf=6.81229782405995e9 (11164) time=87.05615858s
[ Info: iter=3817 obj=1.4191482998488946e6 pinf=0.0 (0) dinf=6.812297826206812e9 (11164) time=87.135234484s
[ Info: iter=3818 obj=1.4191482998488946e6 pinf=0.0 (0) dinf=6.812297839048248e9 (11164) time=87.209221588s
[ Info: iter=3819 obj=1.4191482998488946e6 pinf=0.0 (0) dinf=6.81229725203648e9 (11164) time=87.286705991s
[ Info: iter=3820 obj=1.4191482998488946e6 pinf=0.0 (0) dinf=6.812296983805956e9 (11163) time=87.365781295s
[ Info: iter=3821 obj=1.4191482998488946e6 pinf=0.0 (0) dinf=6.812153098855434e9 (11162) time=87.442486999s
[ Info: iter=3822 obj=1.4191482998488946e6 pinf=0.0 (0) dinf=6.811973220089722e9 (11161) time=87.520255403s
EVENT refactor_pivot count=900 iter=3849 row=19721 entering=23277 pinf=0.0 dinf=6.801380624838914e9
PIVOT stored_forward=1.5121673842112405e-12 stored_tableau=0.0 direction_norm=4.206445278906759e8 row_residual_ratio=1.0e12
EVENT refactor_pivot count=1000 iter=3949 row=19721 entering=28198 pinf=0.0 dinf=6.824525987384207e9
PIVOT stored_forward=5.955712407104634e-14 stored_tableau=0.0 direction_norm=8.603629673800584e6 row_residual_ratio=1.0e12
EVENT refactor_pivot count=1100 iter=4049 row=498 entering=28198 pinf=0.0 dinf=7.190978999561176e9
PIVOT stored_forward=3.342704436162733e-12 stored_tableau=0.0 direction_norm=8.603629673800597e6 row_residual_ratio=1.0e12
[ Info: iter=3823 obj=1.4191482998488946e6 pinf=0.0 (0) dinf=6.809252756636303e9 (11159) time=87.604751307s
[ Info: iter=3824 obj=1.4191482998488946e6 pinf=0.0 (0) dinf=6.815453962361648e9 (11141) time=87.68312851s
[ Info: iter=3825 obj=1.4191482998488946e6 pinf=0.0 (0) dinf=6.816231551369677e9 (11145) time=87.764501314s
[ Info: iter=3826 obj=1.4191482998488946e6 pinf=0.0 (0) dinf=6.761726834073777e9 (11156) time=87.844550118s
[ Info: iter=3827 obj=1.4191482998488946e6 pinf=0.0 (0) dinf=6.815935978112153e9 (11146) time=87.930838322s
[ Info: iter=3828 obj=1.4191482998488946e6 pinf=0.0 (0) dinf=6.81694122863002e9 (11150) time=88.009989226s
[ Info: iter=3829 obj=1.4191482998488946e6 pinf=0.0 (0) dinf=6.809250247932745e9 (11144) time=88.09240713s
[ Info: iter=3830 obj=1.4191482998488946e6 pinf=0.0 (0) dinf=6.80790391936587e9 (11144) time=88.173493334s
[ Info: iter=3831 obj=1.4191482998488946e6 pinf=0.0 (0) dinf=6.809250869547403e9 (11144) time=88.257852538s
[ Info: iter=3832 obj=1.4191482998488946e6 pinf=0.0 (0) dinf=6.808866611796551e9 (11144) time=88.338729142s
[ Info: iter=3833 obj=1.4191482998488946e6 pinf=0.0 (0) dinf=6.808482354045698e9 (11144) time=88.417593845s
[ Info: iter=3834 obj=1.4191482998488946e6 pinf=0.0 (0) dinf=6.821943455551406e9 (11147) time=88.501069549s
[ Info: iter=3835 obj=1.4191482998488946e6 pinf=0.0 (0) dinf=6.823276465437854e9 (11151) time=88.578846453s
[ Info: iter=3836 obj=1.4191482998488946e6 pinf=0.0 (0) dinf=6.78100854817989e9 (11138) time=88.659676657s
[ Info: iter=3837 obj=1.4191482998488946e6 pinf=0.0 (0) dinf=6.772377308906691e9 (11139) time=88.739777061s
[ Info: iter=3838 obj=1.4191482998488946e6 pinf=0.0 (0) dinf=6.77233090557721e9 (11139) time=88.820185365s
[ Info: iter=3839 obj=1.4191482998488946e6 pinf=0.0 (0) dinf=6.774441325320348e9 (11139) time=88.896795268s
[ Info: iter=3840 obj=1.4191482998488946e6 pinf=0.0 (0) dinf=6.773828538011439e9 (11139) time=88.979522572s
[ Info: iter=3841 obj=1.4191482998488946e6 pinf=0.0 (0) dinf=6.775128431474081e9 (11139) time=89.059242476s
[ Info: iter=3842 obj=1.4191482998488946e6 pinf=0.0 (0) dinf=6.783717259395746e9 (11140) time=89.14159488s
[ Info: iter=3843 obj=1.4191482998488946e6 pinf=0.0 (0) dinf=6.777275636204497e9 (11137) time=89.224856284s
[ Info: iter=3844 obj=1.4191482998488946e6 pinf=0.0 (0) dinf=6.780138579845053e9 (11137) time=89.304599788s
[ Info: iter=3845 obj=1.4191482998488946e6 pinf=0.0 (0) dinf=6.788291261305682e9 (11140) time=89.386860192s
[ Info: iter=3846 obj=1.4191482998488946e6 pinf=0.0 (0) dinf=6.791386065614839e9 (11136) time=89.467893696s
[ Info: iter=3847 obj=1.4191482998488946e6 pinf=0.0 (0) dinf=6.7750808029352865e9 (11153) time=89.547919799s
[ Info: iter=3848 obj=1.4191482998488946e6 pinf=0.0 (0) dinf=6.8067467442675905e9 (11165) time=89.631908303s
[ Info: iter=3849 obj=1.4191482998488946e6 pinf=0.0 (0) dinf=6.801380624838914e9 (11167) time=89.714310607s
[ Info: iter=3850 obj=1.4191482998488946e6 pinf=0.0 (0) dinf=6.796033291667707e9 (11166) time=89.793239411s
[ Info: iter=3851 obj=1.4191482998488946e6 pinf=0.0 (0) dinf=6.790665011083588e9 (11165) time=89.874668615s
[ Info: iter=3852 obj=1.4191482998488946e6 pinf=0.0 (0) dinf=6.785305761145964e9 (11163) time=89.958625819s
[ Info: iter=3853 obj=1.4191482998488946e6 pinf=0.0 (0) dinf=6.77997491062362e9 (11163) time=90.048009423s
[ Info: iter=3854 obj=1.4191482998488946e6 pinf=0.0 (0) dinf=6.774622589973146e9 (11162) time=90.126948926s
[ Info: iter=3855 obj=1.4191482998488946e6 pinf=0.0 (0) dinf=6.774620993954768e9 (11162) time=90.206079527s
[ Info: iter=3856 obj=1.4191482998488946e6 pinf=0.0 (0) dinf=6.774597790897144e9 (11161) time=90.286011128s
[ Info: iter=3857 obj=1.4191482998488946e6 pinf=0.0 (0) dinf=6.774594218022995e9 (11160) time=90.364783429s
[ Info: iter=3858 obj=1.4191482998488946e6 pinf=0.0 (0) dinf=6.774588649615876e9 (11158) time=90.44643313s
[ Info: iter=3859 obj=1.4191482998488946e6 pinf=0.0 (0) dinf=6.774635053492248e9 (11159) time=90.528288331s
[ Info: iter=3860 obj=1.4191482998488946e6 pinf=0.0 (0) dinf=6.774618571064458e9 (11159) time=90.605811832s
[ Info: iter=3861 obj=1.4191482998488946e6 pinf=0.0 (0) dinf=6.774664974609346e9 (11160) time=90.684988033s
[ Info: iter=3862 obj=1.4191482998488946e6 pinf=0.0 (0) dinf=6.774643505033771e9 (11160) time=90.765729134s
[ Info: iter=3863 obj=1.4191482998488946e6 pinf=0.0 (0) dinf=6.774708324325949e9 (11162) time=90.846814435s
[ Info: iter=3864 obj=1.4191482998488946e6 pinf=0.0 (0) dinf=6.774694881924729e9 (11162) time=90.923723536s
[ Info: iter=3865 obj=1.4191482998488946e6 pinf=0.0 (0) dinf=6.774648477831537e9 (11161) time=91.005465337s
[ Info: iter=3866 obj=1.4191482998488946e6 pinf=0.0 (0) dinf=6.774645009771434e9 (11161) time=91.086335738s
[ Info: iter=3867 obj=1.4191482998488946e6 pinf=0.0 (0) dinf=6.774598606295661e9 (11160) time=91.185349239s
[ Info: iter=3868 obj=1.4191482998488946e6 pinf=0.0 (0) dinf=6.774555392908263e9 (11159) time=91.26472104s
[ Info: iter=3869 obj=1.4191482998488946e6 pinf=0.0 (0) dinf=6.775345470147729e9 (11158) time=91.348926641s
[ Info: iter=3870 obj=1.4191482998488946e6 pinf=0.0 (0) dinf=6.769007377480323e9 (11157) time=91.427471642s
[ Info: iter=3871 obj=1.4191482998488946e6 pinf=0.0 (0) dinf=6.769004347524843e9 (11157) time=91.509421843s
[ Info: iter=3872 obj=1.4191482998488946e6 pinf=0.0 (0) dinf=6.768991968229997e9 (11157) time=91.589487144s
[ Info: iter=3873 obj=1.4191482998488946e6 pinf=0.0 (0) dinf=6.76897958893515e9 (11157) time=91.672341045s
[ Info: iter=3874 obj=1.4191482998488946e6 pinf=0.0 (0) dinf=6.782082401797037e9 (11157) time=91.752176446s
[ Info: iter=3875 obj=1.4191482998488946e6 pinf=0.0 (0) dinf=6.7722575635342245e9 (11153) time=91.836797147s
[ Info: iter=3876 obj=1.4191482998488946e6 pinf=0.0 (0) dinf=6.77234855602534e9 (11152) time=91.915887748s
[ Info: iter=3877 obj=1.4191482998488946e6 pinf=0.0 (0) dinf=6.772573361231757e9 (11151) time=91.998832749s
[ Info: iter=3878 obj=1.4191482998488946e6 pinf=0.0 (0) dinf=6.773348210212362e9 (11152) time=92.08239685s
[ Info: iter=3879 obj=1.4191482998488946e6 pinf=0.0 (0) dinf=6.773031308350723e9 (11153) time=92.162350951s
[ Info: iter=3880 obj=1.4191482998488946e6 pinf=0.0 (0) dinf=6.769446081049097e9 (11145) time=92.243100252s
[ Info: iter=3881 obj=1.4191482998488946e6 pinf=0.0 (0) dinf=6.769444598193682e9 (11145) time=92.321710553s
[ Info: iter=3882 obj=1.4191482998488946e6 pinf=0.0 (0) dinf=6.769384512764543e9 (11144) time=92.399653054s
[ Info: iter=3883 obj=1.4191482998488946e6 pinf=0.0 (0) dinf=6.769634375670622e9 (11143) time=92.479972255s
[ Info: iter=3884 obj=1.4191482998488946e6 pinf=0.0 (0) dinf=6.769015789827003e9 (11145) time=92.560037856s
[ Info: iter=3885 obj=1.4191482998488946e6 pinf=0.0 (0) dinf=6.775131935576649e9 (11145) time=92.639844657s
[ Info: iter=3886 obj=1.4191482998488946e6 pinf=0.0 (0) dinf=6.770528617692266e9 (11142) time=92.721319158s
[ Info: iter=3887 obj=1.4191482998488946e6 pinf=0.0 (0) dinf=6.765421599480943e9 (11146) time=92.804412259s
[ Info: iter=3888 obj=1.4191482998488946e6 pinf=0.0 (0) dinf=6.769001445144506e9 (11141) time=92.88720596s
[ Info: iter=3889 obj=1.4191482998488946e6 pinf=0.0 (0) dinf=6.77510926848474e9 (11141) time=92.969840061s
[ Info: iter=3890 obj=1.4191482998488946e6 pinf=0.0 (0) dinf=6.770505955791356e9 (11138) time=93.053904562s
[ Info: iter=3891 obj=1.4191482998488946e6 pinf=0.0 (0) dinf=6.76897359610466e9 (11137) time=93.136756663s
[ Info: iter=3892 obj=1.4191482998488946e6 pinf=0.0 (0) dinf=6.768985196313517e9 (11137) time=93.216065164s
[ Info: iter=3893 obj=1.4191482998488946e6 pinf=0.0 (0) dinf=6.76898257104376e9 (11137) time=93.297999965s
[ Info: iter=3894 obj=1.4191482998488946e6 pinf=0.0 (0) dinf=6.775095249353463e9 (11137) time=93.381351766s
[ Info: iter=3895 obj=1.4191482998488946e6 pinf=0.0 (0) dinf=6.770492036034721e9 (11134) time=93.460451367s
[ Info: iter=3896 obj=1.4191482998488946e6 pinf=0.0 (0) dinf=6.768964379302257e9 (11133) time=93.538446068s
[ Info: iter=3897 obj=1.4191482998488946e6 pinf=0.0 (0) dinf=6.768946602532814e9 (11133) time=93.620778269s
[ Info: iter=3898 obj=1.4191482998488946e6 pinf=0.0 (0) dinf=6.768929092826344e9 (11136) time=93.69862517s
[ Info: iter=3899 obj=1.4191482998488946e6 pinf=0.0 (0) dinf=6.765656168437208e9 (11138) time=93.774759971s
[ Info: iter=3900 obj=1.4191482998488946e6 pinf=0.0 (0) dinf=6.795224437449028e9 (11199) time=93.856604672s
[ Info: iter=3901 obj=1.4191482998488946e6 pinf=0.0 (0) dinf=6.7982074066551695e9 (11201) time=93.938229873s
[ Info: iter=3902 obj=1.4191482998488946e6 pinf=0.0 (0) dinf=6.793737252834941e9 (11197) time=94.018421674s
[ Info: iter=3903 obj=1.4191482998488946e6 pinf=0.0 (0) dinf=6.789281497909823e9 (11197) time=94.107745275s
[ Info: iter=3904 obj=1.4191482998488946e6 pinf=0.0 (0) dinf=6.789279254537935e9 (11196) time=94.191137477s
[ Info: iter=3905 obj=1.4191482998488946e6 pinf=0.0 (0) dinf=6.7879619085612755e9 (11194) time=94.273652778s
[ Info: iter=3906 obj=1.4191482998488946e6 pinf=0.0 (0) dinf=6.7812765779922285e9 (11193) time=94.354565779s
[ Info: iter=3907 obj=1.4191482998488946e6 pinf=0.0 (0) dinf=6.781291971129072e9 (11196) time=94.43605568s
[ Info: iter=3908 obj=1.4191482998488946e6 pinf=0.0 (0) dinf=6.781300408121063e9 (11196) time=94.519633781s
[ Info: iter=3909 obj=1.4191482998488946e6 pinf=0.0 (0) dinf=6.78148442406697e9 (11193) time=94.601274482s
[ Info: iter=3910 obj=1.4191482998488946e6 pinf=0.0 (0) dinf=6.794980671957e9 (11179) time=94.683758983s
[ Info: iter=3911 obj=1.4191482998488946e6 pinf=0.0 (0) dinf=6.835946565206587e9 (11181) time=94.764448784s
[ Info: iter=3912 obj=1.4191482998488946e6 pinf=0.0 (0) dinf=6.988070149799033e9 (11181) time=94.845740885s
[ Info: iter=3913 obj=1.4191482998488946e6 pinf=0.0 (0) dinf=6.98836677037346e9 (11181) time=94.926958386s
[ Info: iter=3914 obj=1.4191482998488946e6 pinf=0.0 (0) dinf=6.988949339203739e9 (11180) time=95.006519187s
[ Info: iter=3915 obj=1.4191482998488946e6 pinf=0.0 (0) dinf=6.987461619792806e9 (11180) time=95.087317188s
[ Info: iter=3916 obj=1.4191482998488946e6 pinf=0.0 (0) dinf=6.989375127001783e9 (11179) time=95.165514489s
[ Info: iter=3917 obj=1.4191482998488946e6 pinf=0.0 (0) dinf=6.989418073925855e9 (11179) time=95.24380189s
[ Info: iter=3918 obj=1.4191482998489577e6 pinf=0.0 (0) dinf=6.989415272452753e9 (11173) time=95.330018691s
[ Info: iter=3919 obj=1.4191482998489577e6 pinf=0.0 (0) dinf=7.108055762629792e9 (11114) time=95.408020992s
[ Info: iter=3920 obj=1.4191482998489577e6 pinf=0.0 (0) dinf=7.10805574852113e9 (11111) time=95.483799393s
[ Info: iter=3921 obj=1.4191482998489577e6 pinf=0.0 (0) dinf=7.107991267619287e9 (11109) time=95.562078294s
[ Info: iter=3922 obj=1.4191482998489577e6 pinf=0.0 (0) dinf=7.108065878039588e9 (11110) time=95.641237695s
[ Info: iter=3923 obj=1.4191482998489577e6 pinf=0.0 (0) dinf=7.108188972751484e9 (11111) time=95.720022196s
[ Info: iter=3924 obj=1.4191482998489577e6 pinf=0.0 (0) dinf=7.107855399051344e9 (11108) time=95.797403497s
[ Info: iter=3925 obj=1.4191482998489577e6 pinf=0.0 (0) dinf=7.111991284255229e9 (11109) time=95.872658798s
[ Info: iter=3926 obj=1.4191482998489577e6 pinf=0.0 (0) dinf=7.110932701668691e9 (11109) time=95.950561699s
[ Info: iter=3927 obj=1.4191482998489577e6 pinf=0.0 (0) dinf=6.944133438651545e9 (11175) time=96.0287091s
[ Info: iter=3928 obj=1.4191482998489577e6 pinf=0.0 (0) dinf=6.971441722828394e9 (11171) time=96.104981201s
[ Info: iter=3929 obj=1.4191482998489577e6 pinf=0.0 (0) dinf=6.956131208861542e9 (11168) time=96.189228902s
[ Info: iter=3930 obj=1.4191482998489577e6 pinf=0.0 (0) dinf=6.976127508866478e9 (11169) time=96.268782603s
[ Info: iter=3931 obj=1.4191482998489577e6 pinf=0.0 (0) dinf=7.204343950754556e9 (11172) time=96.346269004s
[ Info: iter=3932 obj=1.4191482998489938e6 pinf=0.0 (0) dinf=7.494209556575572e9 (11171) time=96.425349805s
[ Info: iter=3933 obj=1.4191482998489938e6 pinf=0.0 (0) dinf=7.493978446613932e9 (11171) time=96.506562306s
[ Info: iter=3934 obj=1.4191482998489938e6 pinf=0.0 (0) dinf=7.493978444641232e9 (11171) time=96.585079107s
[ Info: iter=3935 obj=1.4191482998489938e6 pinf=0.0 (0) dinf=7.493732750888101e9 (11170) time=96.664538108s
[ Info: iter=3936 obj=1.4191482998489938e6 pinf=0.0 (0) dinf=7.493653821005001e9 (11169) time=96.744157509s
[ Info: iter=3937 obj=1.4191482998489938e6 pinf=0.0 (0) dinf=7.493522571414231e9 (11169) time=96.82286361s
[ Info: iter=3938 obj=1.4191482998489938e6 pinf=0.0 (0) dinf=7.493376413069903e9 (11168) time=96.89724001s
[ Info: iter=3939 obj=1.4191482998489938e6 pinf=0.0 (0) dinf=7.493293013559394e9 (11166) time=96.975066411s
[ Info: iter=3940 obj=1.4191482998489938e6 pinf=0.0 (0) dinf=6.878254545044274e9 (11175) time=97.050416112s
[ Info: iter=3941 obj=1.4191482998489938e6 pinf=0.0 (0) dinf=6.878252251208507e9 (11175) time=97.131176113s
[ Info: iter=3942 obj=1.4191482998489938e6 pinf=0.0 (0) dinf=6.878098407841893e9 (11175) time=97.207489814s
[ Info: iter=3943 obj=1.4191482998489938e6 pinf=0.0 (0) dinf=6.878096491910905e9 (11175) time=97.287810315s
[ Info: iter=3944 obj=1.419148299848994e6 pinf=0.0 (0) dinf=6.877991719386226e9 (11175) time=97.365818116s
[ Info: iter=3945 obj=1.4191482998489947e6 pinf=0.0 (0) dinf=6.877452195436216e9 (11174) time=97.441933817s
[ Info: iter=3946 obj=1.4191482998490278e6 pinf=0.0 (0) dinf=6.91854701963713e9 (11213) time=97.526867218s
[ Info: iter=3947 obj=1.4191482998490278e6 pinf=0.0 (0) dinf=6.82331816332102e9 (11187) time=97.603988819s
[ Info: iter=3948 obj=1.4191482998490278e6 pinf=0.0 (0) dinf=6.823234333543998e9 (11185) time=97.68281282s
[ Info: iter=3949 obj=1.4191482998490317e6 pinf=0.0 (0) dinf=6.824525987384206e9 (11184) time=97.760790621s
[ Info: iter=3950 obj=1.4191482998490317e6 pinf=0.0 (0) dinf=6.829148906949418e9 (11169) time=97.837226522s
[ Info: iter=3951 obj=1.4191482998490317e6 pinf=0.0 (0) dinf=6.879279533784406e9 (11175) time=97.912804223s
[ Info: iter=3952 obj=1.4191482998490317e6 pinf=0.0 (0) dinf=6.86295813785423e9 (11177) time=97.986733624s
[ Info: iter=3953 obj=1.4191482998490317e6 pinf=0.0 (0) dinf=6.82444976769431e9 (11185) time=98.061474325s
[ Info: iter=3954 obj=1.4191482998490403e6 pinf=0.0 (0) dinf=6.79854710883283e9 (11184) time=98.141147926s
[ Info: iter=3955 obj=1.4191482998490403e6 pinf=0.0 (0) dinf=6.798530587400293e9 (11182) time=98.228971428s
[ Info: iter=3956 obj=1.4191482998490403e6 pinf=0.0 (0) dinf=7.50714631226454e9 (11184) time=98.30695133s
[ Info: iter=3957 obj=1.4191482998490403e6 pinf=0.0 (0) dinf=6.8596502176468115e9 (11180) time=98.387437532s
[ Info: iter=3958 obj=1.4191482998490403e6 pinf=0.0 (0) dinf=7.614635080847249e9 (11193) time=98.469118233s
[ Info: iter=3959 obj=1.4191482998490403e6 pinf=0.0 (0) dinf=7.665719437702652e9 (11192) time=98.552245935s
[ Info: iter=3960 obj=1.4191482998490403e6 pinf=0.0 (0) dinf=7.6715920033851185e9 (11187) time=98.634121737s
[ Info: iter=3961 obj=1.4191482998490403e6 pinf=0.0 (0) dinf=7.673624811967511e9 (11182) time=98.715638238s
[ Info: iter=3962 obj=1.4191482998490403e6 pinf=0.0 (0) dinf=7.684014737194183e9 (11181) time=98.79443874s
[ Info: iter=3963 obj=1.4191482998490403e6 pinf=0.0 (0) dinf=7.7015623039805765e9 (11182) time=98.873462142s
[ Info: iter=3964 obj=1.4191482998490403e6 pinf=0.0 (0) dinf=7.6999121272521e9 (11181) time=98.957385144s
[ Info: iter=3965 obj=1.4191482998490403e6 pinf=0.0 (0) dinf=7.7197183734356165e9 (11182) time=99.034433845s
[ Info: iter=3966 obj=1.4191482998490403e6 pinf=0.0 (0) dinf=7.71806819670714e9 (11181) time=99.113521147s
[ Info: iter=3967 obj=1.4191482998490403e6 pinf=0.0 (0) dinf=7.728458121933812e9 (11180) time=99.191045348s
[ Info: iter=3968 obj=1.4191482998490403e6 pinf=0.0 (0) dinf=7.727468015896727e9 (11179) time=99.26979155s
[ Info: iter=3969 obj=1.4191482998490403e6 pinf=0.0 (0) dinf=7.726477909859641e9 (11178) time=99.346348852s
[ Info: iter=3970 obj=1.4191482998490403e6 pinf=0.0 (0) dinf=6.87564762156141e9 (11097) time=99.420680753s
[ Info: iter=3971 obj=1.4191482998490403e6 pinf=0.0 (0) dinf=6.871351222578155e9 (11099) time=99.500723255s
[ Info: iter=3972 obj=1.4191482998490403e6 pinf=0.0 (0) dinf=6.8606927408306875e9 (11206) time=99.577888857s
[ Info: iter=3973 obj=1.4191482998490776e6 pinf=0.0 (0) dinf=6.880327203646824e9 (11204) time=99.656713658s
[ Info: iter=3974 obj=1.4191482998490776e6 pinf=0.0 (0) dinf=6.808436463769354e9 (11207) time=99.73440266s
[ Info: iter=3975 obj=1.4191482998490888e6 pinf=0.0 (0) dinf=6.877605302102586e9 (11206) time=99.815561562s
[ Info: iter=3976 obj=1.419148299849098e6 pinf=0.0 (0) dinf=6.881409980150739e9 (11205) time=99.892231863s
[ Info: iter=3977 obj=1.419148299849119e6 pinf=0.0 (0) dinf=6.926356160328484e9 (11196) time=99.970389165s
[ Info: iter=3978 obj=1.419148299849119e6 pinf=0.0 (0) dinf=6.926356156625484e9 (11193) time=100.048081766s
[ Info: iter=3979 obj=1.419148299849119e6 pinf=0.0 (0) dinf=6.926356153625484e9 (11190) time=100.126263868s
[ Info: iter=3980 obj=1.419148299849119e6 pinf=0.0 (0) dinf=6.914922755481563e9 (11187) time=100.20709927s
[ Info: iter=3981 obj=1.419148299849119e6 pinf=0.0 (0) dinf=7.009272458968578e9 (11204) time=100.290676572s
[ Info: iter=3982 obj=1.419148299849119e6 pinf=0.0 (0) dinf=6.946604827311921e9 (11198) time=100.369629473s
[ Info: iter=3983 obj=1.419148299849119e6 pinf=0.0 (0) dinf=6.944002048211018e9 (11201) time=100.447524675s
[ Info: iter=3984 obj=1.419148299849119e6 pinf=0.0 (0) dinf=7.009272453563282e9 (11200) time=100.524171576s
[ Info: iter=3985 obj=1.419148299849119e6 pinf=0.0 (0) dinf=7.009272448563282e9 (11196) time=100.606277978s
[ Info: iter=3986 obj=1.419148299849119e6 pinf=0.0 (0) dinf=7.00046045240686e9 (11194) time=100.68403748s
[ Info: iter=3987 obj=1.4191482998491225e6 pinf=0.0 (0) dinf=6.994515692694684e9 (11193) time=100.758391381s
[ Info: iter=3988 obj=1.4191482998491225e6 pinf=0.0 (0) dinf=6.985535269835337e9 (11192) time=100.835041583s
[ Info: iter=3989 obj=1.4191482998491225e6 pinf=0.0 (0) dinf=6.976550541083885e9 (11190) time=100.913560085s
[ Info: iter=3990 obj=1.4191482998491225e6 pinf=0.0 (0) dinf=6.967570118224538e9 (11189) time=100.989274586s
[ Info: iter=3991 obj=1.4191482998491225e6 pinf=0.0 (0) dinf=6.958657583087218e9 (11188) time=101.068432088s
[ Info: iter=3992 obj=1.4191482998491225e6 pinf=0.0 (0) dinf=6.949726933709393e9 (11189) time=101.148144689s
[ Info: iter=3993 obj=1.4191482998491225e6 pinf=0.0 (0) dinf=6.949723958430953e9 (11189) time=101.231465291s
[ Info: iter=3994 obj=1.4191482998491225e6 pinf=0.0 (0) dinf=6.949750077890526e9 (11189) time=101.306153793s
[ Info: iter=3995 obj=1.4191482998491311e6 pinf=0.0 (0) dinf=6.9574749303865185e9 (11186) time=101.386098794s
[ Info: iter=3996 obj=1.4191482998491311e6 pinf=0.0 (0) dinf=6.957496217208068e9 (11186) time=101.464833896s
[ Info: iter=3997 obj=1.4191482998491311e6 pinf=0.0 (0) dinf=6.941273190688696e9 (11182) time=101.542494798s
[ Info: iter=3998 obj=1.4191482998491311e6 pinf=0.0 (0) dinf=6.941610886630941e9 (11180) time=101.622202899s
[ Info: iter=3999 obj=1.4191482998491311e6 pinf=0.0 (0) dinf=6.915580603160668e9 (11177) time=101.701189501s
[ Info: iter=4000 obj=1.4191482998491311e6 pinf=0.0 (0) dinf=6.925341959462021e9 (11177) time=101.781037303s
[ Info: iter=4001 obj=1.4191482998491311e6 pinf=0.0 (0) dinf=6.980656311836352e9 (11176) time=101.857866604s
[ Info: iter=4002 obj=1.4191482998491311e6 pinf=0.0 (0) dinf=6.995406756899953e9 (11174) time=101.936272506s
[ Info: iter=4003 obj=1.4191482998491311e6 pinf=0.0 (0) dinf=7.01015724866976e9 (11171) time=102.018267708s
[ Info: iter=4004 obj=1.4191482998491311e6 pinf=0.0 (0) dinf=6.911951393136675e9 (11103) time=102.097360409s
[ Info: iter=4005 obj=1.4191482998491311e6 pinf=0.0 (0) dinf=6.911939584920224e9 (11098) time=102.174127311s
[ Info: iter=4006 obj=1.4191482998491311e6 pinf=0.0 (0) dinf=6.911932318162015e9 (11097) time=102.251598613s
[ Info: iter=4007 obj=1.4191482998491311e6 pinf=0.0 (0) dinf=6.845776789124438e9 (11202) time=102.342972815s
[ Info: iter=4008 obj=1.4191482998491311e6 pinf=0.0 (0) dinf=7.836315686085862e9 (11221) time=102.421017216s
[ Info: iter=4009 obj=1.4191482998491311e6 pinf=0.0 (0) dinf=7.835795392226232e9 (11219) time=102.501366818s
[ Info: iter=4010 obj=1.4191482998491311e6 pinf=0.0 (0) dinf=7.835731158772899e9 (11220) time=102.58528482s
[ Info: iter=4011 obj=1.4191482998491311e6 pinf=0.0 (0) dinf=7.835653930567302e9 (11221) time=102.666512121s
[ Info: iter=4012 obj=1.4191482998491311e6 pinf=0.0 (0) dinf=7.701081785028999e9 (11223) time=102.744592123s
[ Info: iter=4013 obj=1.4191482998491311e6 pinf=0.0 (0) dinf=7.673828399407223e9 (11223) time=102.821719025s
[ Info: iter=4014 obj=1.4191482998491311e6 pinf=0.0 (0) dinf=7.646029530630661e9 (11221) time=102.901347826s
[ Info: iter=4015 obj=1.4191482998491311e6 pinf=0.0 (0) dinf=7.618238880294855e9 (11221) time=102.976331728s
[ Info: iter=4016 obj=1.4191482998491311e6 pinf=0.0 (0) dinf=7.61826455467784e9 (11221) time=103.053904029s
[ Info: iter=4017 obj=1.4191482998491311e6 pinf=0.0 (0) dinf=7.619274413125778e9 (11221) time=103.146842731s
[ Info: iter=4018 obj=1.4191482998491311e6 pinf=0.0 (0) dinf=7.591564968839156e9 (11219) time=103.224929333s
[ Info: iter=4019 obj=1.4191482998491311e6 pinf=0.0 (0) dinf=7.564311582970726e9 (11219) time=103.306449635s
[ Info: iter=4020 obj=1.4191482998491311e6 pinf=0.0 (0) dinf=7.563865230056902e9 (11218) time=103.383270336s
[ Info: iter=4021 obj=1.4191482998491311e6 pinf=0.0 (0) dinf=7.563395274788063e9 (11217) time=103.464788938s
[ Info: iter=4022 obj=1.4191482998491311e6 pinf=0.0 (0) dinf=7.563614885692255e9 (11217) time=103.54175684s
[ Info: iter=4023 obj=1.4191482998491311e6 pinf=0.0 (0) dinf=7.563834496383681e9 (11217) time=103.619770041s
[ Info: iter=4024 obj=1.4191482998491311e6 pinf=0.0 (0) dinf=7.563826948755032e9 (11217) time=103.699687843s
[ Info: iter=4025 obj=1.4191482998491311e6 pinf=0.0 (0) dinf=7.563975688981386e9 (11218) time=103.779580745s
[ Info: iter=4026 obj=1.4191482998491311e6 pinf=0.0 (0) dinf=7.564124428564792e9 (11219) time=103.859567446s
[ Info: iter=4027 obj=1.4191482998491311e6 pinf=0.0 (0) dinf=7.566193182383336e9 (11220) time=103.938675948s
[ Info: iter=4028 obj=1.4191482998491311e6 pinf=0.0 (0) dinf=7.595100482144953e9 (11221) time=104.02136225s
[ Info: iter=4029 obj=1.4191482998491311e6 pinf=0.0 (0) dinf=7.573284144287534e9 (11218) time=104.102098951s
[ Info: iter=4030 obj=1.4191482998491311e6 pinf=0.0 (0) dinf=7.566414997533874e9 (11227) time=104.181544853s
[ Info: iter=4031 obj=1.4191482998491311e6 pinf=0.0 (0) dinf=7.595589293391154e9 (11228) time=104.270711355s
[ Info: iter=4032 obj=1.4191482998491311e6 pinf=0.0 (0) dinf=7.573619317242164e9 (11224) time=104.353904557s
[ Info: iter=4033 obj=1.4191482998491311e6 pinf=0.0 (0) dinf=7.573718923802268e9 (11224) time=104.435076758s
[ Info: iter=4034 obj=1.4191482998491311e6 pinf=0.0 (0) dinf=7.573672237627665e9 (11225) time=104.51507096s
[ Info: iter=4035 obj=1.4191482998491311e6 pinf=0.0 (0) dinf=7.568223714466615e9 (11224) time=104.599212062s
[ Info: iter=4036 obj=1.4191482998491311e6 pinf=0.0 (0) dinf=7.00821752296786e9 (11239) time=104.679598964s
[ Info: iter=4037 obj=1.4191482998491311e6 pinf=0.0 (0) dinf=6.979531144582024e9 (11239) time=104.758170065s
[ Info: iter=4038 obj=1.4191482998491311e6 pinf=0.0 (0) dinf=7.535715830429145e9 (11234) time=104.842270467s
[ Info: iter=4039 obj=1.4191482998491311e6 pinf=0.0 (0) dinf=7.541759908683954e9 (11234) time=104.923272969s
[ Info: iter=4040 obj=1.4191482998491311e6 pinf=0.0 (0) dinf=7.056344983111928e9 (11228) time=105.00469677s
[ Info: iter=4041 obj=1.4191482998491311e6 pinf=0.0 (0) dinf=7.055636987027221e9 (11230) time=105.085427072s
[ Info: iter=4042 obj=1.4191482998491311e6 pinf=0.0 (0) dinf=7.056108812669352e9 (11228) time=105.166218574s
[ Info: iter=4043 obj=1.4191482998491311e6 pinf=0.0 (0) dinf=7.055805449576556e9 (11226) time=105.253071476s
[ Info: iter=4044 obj=1.4191482998491311e6 pinf=0.0 (0) dinf=7.055805448140225e9 (11226) time=105.334684277s
[ Info: iter=4045 obj=1.4191482998491311e6 pinf=0.0 (0) dinf=7.055568230769052e9 (11226) time=105.415840779s
[ Info: iter=4046 obj=1.4191482998491311e6 pinf=0.0 (0) dinf=7.076943753413694e9 (11131) time=105.495422981s
[ Info: iter=4047 obj=1.4191482998491311e6 pinf=0.0 (0) dinf=7.19097775502087e9 (11129) time=105.576211382s
[ Info: iter=4048 obj=1.4191482998491311e6 pinf=0.0 (0) dinf=7.191434304106413e9 (11124) time=105.657898884s
[ Info: iter=4049 obj=1.4191482998491311e6 pinf=0.0 (0) dinf=7.190978999561185e9 (11119) time=105.741174586s
[ Info: iter=4050 obj=1.4191482998491311e6 pinf=0.0 (0) dinf=7.191435564073155e9 (11114) time=105.820247287s
[ Info: iter=4051 obj=1.4191482998491311e6 pinf=0.0 (0) dinf=7.083256239484349e9 (11113) time=105.901487989s
[ Info: iter=4052 obj=1.4191482998491311e6 pinf=0.0 (0) dinf=7.074556633930561e9 (11112) time=105.980727991s
[ Info: iter=4053 obj=1.4191482998491311e6 pinf=0.0 (0) dinf=7.069980384342807e9 (11111) time=106.065307593s
[ Info: iter=4054 obj=1.4191482998491311e6 pinf=0.0 (0) dinf=7.068990332598251e9 (11109) time=106.144482895s
[ Info: iter=4055 obj=1.4191482998491311e6 pinf=0.0 (0) dinf=7.06942917805826e9 (11109) time=106.225552797s
[ Info: iter=4056 obj=1.4191482998491311e6 pinf=0.0 (0) dinf=7.069868027845291e9 (11110) time=106.3080473s
[ Info: iter=4057 obj=1.4191482998491311e6 pinf=0.0 (0) dinf=7.0693168500477085e9 (11109) time=106.391157302s
[ Info: iter=4058 obj=1.4191482998491311e6 pinf=0.0 (0) dinf=7.197160289892629e9 (11106) time=106.475287605s
[ Info: iter=4059 obj=1.4191482998491311e6 pinf=0.0 (0) dinf=7.197161024715181e9 (11101) time=106.553328707s
[ Info: iter=4060 obj=1.4191482998491311e6 pinf=0.0 (0) dinf=7.121834278087893e9 (11196) time=106.63120831s
[ Info: iter=4061 obj=1.41914829984917e6 pinf=0.0 (0) dinf=7.172363419031331e9 (11197) time=106.708839012s
[ Info: iter=4062 obj=1.419148299849289e6 pinf=0.0 (0) dinf=7.038902213662836e9 (11195) time=106.787232815s
[ Info: iter=4063 obj=1.419148299849289e6 pinf=0.0 (0) dinf=7.816900298299133e9 (11194) time=106.866607517s
[ Info: iter=4064 obj=1.419148299849289e6 pinf=0.0 (0) dinf=7.248037210205908e9 (11097) time=106.94270992s
[ Info: iter=4065 obj=1.419148299849289e6 pinf=0.0 (0) dinf=7.248037210214872e9 (11092) time=107.017016522s
[ Info: iter=4066 obj=1.419148299849289e6 pinf=0.0 (0) dinf=7.063313011709104e9 (11082) time=107.095808624s
[ Info: iter=4067 obj=1.419148299849289e6 pinf=0.0 (0) dinf=7.06568129743544e9 (11082) time=107.175386927s
[ Info: iter=4068 obj=1.419148299849289e6 pinf=0.0 (0) dinf=7.066399186703058e9 (11082) time=107.253010129s
[ Info: iter=4069 obj=1.419148299849289e6 pinf=0.0 (0) dinf=7.272966173871931e9 (11081) time=107.332673032s
[ Info: iter=4070 obj=1.419148299849289e6 pinf=0.0 (0) dinf=7.272966859355157e9 (11076) time=107.413616634s
[ Info: iter=4071 obj=1.419148299849289e6 pinf=0.0 (0) dinf=7.271010515532161e9 (11081) time=107.488635337s
[ Info: iter=4072 obj=1.419148299849289e6 pinf=0.0 (0) dinf=7.143011143940246e9 (11082) time=107.564436339s
[ Info: iter=4073 obj=1.419148299849289e6 pinf=0.0 (0) dinf=7.066047681110044e9 (11081) time=107.640378642s
[ Info: iter=4074 obj=1.419148299849289e6 pinf=0.0 (0) dinf=7.067005582114827e9 (11079) time=107.716247244s
[ Info: iter=4075 obj=1.419148299849289e6 pinf=0.0 (0) dinf=7.067743017694847e9 (11080) time=107.794115846s
[ Info: iter=4076 obj=1.419148299849289e6 pinf=0.0 (0) dinf=7.067135963487208e9 (11072) time=107.870498149s
[ Info: iter=4077 obj=1.419148299849289e6 pinf=0.0 (0) dinf=7.066398526746572e9 (11072) time=107.950886551s
[ Info: iter=4078 obj=1.419148299849289e6 pinf=0.0 (0) dinf=7.065738780821779e9 (11074) time=108.029786854s
[ Info: iter=4079 obj=1.419148299849289e6 pinf=0.0 (0) dinf=7.066696676586388e9 (11072) time=108.106986556s
[ Info: iter=4080 obj=1.419148299849289e6 pinf=0.0 (0) dinf=8.243889560329801e9 (11074) time=108.189432259s
[ Info: iter=4081 obj=1.419148299849289e6 pinf=0.0 (0) dinf=7.826791904440077e9 (11072) time=108.271477061s
[ Info: iter=4082 obj=1.419148299849289e6 pinf=0.0 (0) dinf=8.245068559128286e9 (11072) time=108.350677964s
[ Info: iter=4083 obj=1.419148299849289e6 pinf=0.0 (0) dinf=1.0561115010661821e10 (11071) time=108.429416166s
[ Info: iter=4084 obj=1.419148299849289e6 pinf=0.0 (0) dinf=8.422268543875776e9 (11070) time=108.509531669s
[ Info: iter=4085 obj=1.419148299849289e6 pinf=0.0 (0) dinf=8.537918631709851e9 (11065) time=108.589571371s
[ Info: iter=4086 obj=1.419148299849289e6 pinf=0.0 (0) dinf=7.742976810528795e9 (11060) time=108.668253074s
[ Info: iter=4087 obj=1.419148299849289e6 pinf=0.0 (0) dinf=7.765919552340265e9 (11058) time=108.748349476s
[ Info: iter=4088 obj=1.419148299849289e6 pinf=0.0 (0) dinf=7.388514392205805e9 (11057) time=108.826988579s
[ Info: iter=4089 obj=1.419148299849289e6 pinf=0.0 (0) dinf=7.835020942624709e9 (11157) time=108.907096781s
[ Info: iter=4090 obj=1.419148299849289e6 pinf=0.0 (0) dinf=7.834515726863526e9 (11157) time=108.985889784s
[ Info: iter=4091 obj=1.419148299849289e6 pinf=0.0 (0) dinf=7.834654336730896e9 (11156) time=109.065971886s
[ Info: iter=4092 obj=1.419148299849289e6 pinf=0.0 (0) dinf=7.333398214440824e9 (11146) time=109.154375989s
[ Info: iter=4093 obj=1.419148299849289e6 pinf=0.0 (0) dinf=7.336987171104825e9 (11154) time=109.232962892s
[ Info: iter=4094 obj=1.419148299849289e6 pinf=0.0 (0) dinf=7.332703610066171e9 (11149) time=109.314565494s
[ Info: iter=4095 obj=1.419148299849289e6 pinf=0.0 (0) dinf=7.332703610066171e9 (11148) time=109.396424397s
[ Info: iter=4096 obj=1.419148299849289e6 pinf=0.0 (0) dinf=7.336987186424827e9 (11160) time=109.476107699s
[ Info: iter=4097 obj=1.419148299849289e6 pinf=0.0 (0) dinf=7.336547342810416e9 (11165) time=109.555925202s
[ Info: iter=4098 obj=1.419148299849289e6 pinf=0.0 (0) dinf=7.336308817437703e9 (11166) time=109.635601204s
[ Info: iter=4099 obj=1.419148299849289e6 pinf=0.0 (0) dinf=7.336299860990199e9 (11165) time=109.719367907s
[ Info: iter=4100 obj=1.419148299849289e6 pinf=0.0 (0) dinf=7.3361976740867815e9 (11165) time=109.797175109s
[ Info: iter=4101 obj=1.419148299849289e6 pinf=0.0 (0) dinf=7.336191810397454e9 (11165) time=109.875745312s
[ Info: iter=4102 obj=1.419148299849289e6 pinf=0.0 (0) dinf=7.336143619846557e9 (11164) time=109.955511714s
[ Info: iter=4103 obj=1.419148299849289e6 pinf=0.0 (0) dinf=7.33630806833899e9 (11165) time=110.036126717s
[ Info: iter=4104 obj=1.419148299849289e6 pinf=0.0 (0) dinf=7.336243405768346e9 (11165) time=110.117713819s
[ Info: iter=4105 obj=1.419148299849289e6 pinf=0.0 (0) dinf=7.336191663454671e9 (11164) time=110.196918622s
[ Info: iter=4106 obj=1.419148299849289e6 pinf=0.0 (0) dinf=7.336138052144483e9 (11162) time=110.280982924s
[ Info: iter=4107 obj=1.419148299849289e6 pinf=0.0 (0) dinf=7.336273009688367e9 (11158) time=110.359846127s
[ Info: iter=4108 obj=1.419148299849289e6 pinf=0.0 (0) dinf=7.336114441768716e9 (11155) time=110.439396529s
[ Info: iter=4109 obj=1.419148299849289e6 pinf=0.0 (0) dinf=7.336179232961692e9 (11155) time=110.525578632s
[ Info: iter=4110 obj=1.419148299849289e6 pinf=0.0 (0) dinf=7.336084656827248e9 (11167) time=110.606375535s
[ Info: iter=4111 obj=1.419148299849289e6 pinf=0.0 (0) dinf=7.335978768192257e9 (11165) time=110.684553737s
[ Info: iter=4112 obj=1.419148299849289e6 pinf=0.0 (0) dinf=7.335331064214242e9 (11162) time=110.76289644s
[ Info: iter=4113 obj=1.419148299849289e6 pinf=0.0 (0) dinf=7.337037130653714e9 (11167) time=110.842642542s
[ Info: iter=4114 obj=1.419148299849289e6 pinf=0.0 (0) dinf=7.334297255746414e9 (11155) time=110.924171045s
[ Info: iter=4115 obj=1.419148299849289e6 pinf=0.0 (0) dinf=7.334297253746414e9 (11152) time=111.004315347s
[ Info: iter=4116 obj=1.419148299849289e6 pinf=0.0 (0) dinf=7.334297251746416e9 (11149) time=111.08885245s
[ Info: iter=4117 obj=1.419148299849289e6 pinf=0.0 (0) dinf=7.333544024566524e9 (11146) time=111.170715752s
[ Info: iter=4118 obj=1.419148299849289e6 pinf=0.0 (0) dinf=7.331104447576455e9 (11156) time=111.251246055s
[ Info: iter=4119 obj=1.419148299849289e6 pinf=0.0 (0) dinf=7.330152572530116e9 (11157) time=111.332834957s
[ Info: iter=4120 obj=1.419148299849289e6 pinf=0.0 (0) dinf=7.42763600651374e9 (11063) time=111.41279136s
[ Info: iter=4121 obj=1.419148299849289e6 pinf=0.0 (0) dinf=7.298510413536213e9 (11157) time=111.495410163s
[ Info: iter=4122 obj=1.419148299849289e6 pinf=0.0 (0) dinf=7.450158366093465e9 (11056) time=111.575096565s
[ Info: iter=4123 obj=1.419148299849279e6 pinf=0.0 (0) dinf=7.5754912074750595e9 (11145) time=111.654555568s
[ Info: iter=4124 obj=1.419148299849279e6 pinf=0.0 (0) dinf=7.575480680939958e9 (11142) time=111.73330547s
[ Info: iter=4125 obj=1.419148299849279e6 pinf=0.0 (0) dinf=8.083997349228003e9 (11153) time=111.812813773s
EVENT refactor_pivot count=1200 iter=4149 row=1445 entering=28198 pinf=0.0 dinf=7.323875156656388e9
PIVOT stored_forward=-1.4650232961550178e-12 stored_tableau=0.0 direction_norm=8.603629673800606e6 row_residual_ratio=1.0e12
EVENT certification_failed count=1 iter=4151 row=19721 entering=28198 pinf=1.0001618054280663e-7 dinf=8.059675664692117e9
EVENT phase_one count=2 iter=0 row=0 entering=0 pinf=0.0 dinf=12380.398223383017
PROGRESS iter=5000 pinf=0.0 dinf=6.608317351420027e9 refs=63
EVENT certification_failed count=2 iter=9564 row=19861 entering=78899 pinf=1.0000003786572753e-7 dinf=7.52851330597793e11
[ Info: iter=4126 obj=1.419148299849279e6 pinf=0.0 (0) dinf=7.735452493175195e9 (11149) time=111.892135175s
[ Info: iter=4127 obj=1.419148299849279e6 pinf=0.0 (0) dinf=7.7373532210524025e9 (11148) time=111.973206978s
[ Info: iter=4128 obj=1.419148299849279e6 pinf=0.0 (0) dinf=7.914459044508257e9 (11149) time=112.05316958s
[ Info: iter=4129 obj=1.419148299849279e6 pinf=0.0 (0) dinf=7.514470704729469e9 (11147) time=112.134426983s
[ Info: iter=4130 obj=1.419148299849279e6 pinf=0.0 (0) dinf=7.955799174163519e9 (11148) time=112.213819785s
[ Info: iter=4131 obj=1.419148299849279e6 pinf=0.0 (0) dinf=7.333117340352455e9 (11047) time=112.298140188s
[ Info: iter=4132 obj=1.419148299849289e6 pinf=0.0 (0) dinf=7.3004594003594885e9 (11057) time=112.37863869s
[ Info: iter=4133 obj=1.419148299849289e6 pinf=0.0 (0) dinf=7.195411878256672e9 (11050) time=112.457290993s
[ Info: iter=4134 obj=1.419148299849289e6 pinf=0.0 (0) dinf=7.223273846554524e9 (11053) time=112.540112395s
[ Info: iter=4135 obj=1.419148299849289e6 pinf=0.0 (0) dinf=7.240687576740683e9 (11054) time=112.623059598s
[ Info: iter=4136 obj=1.419148299849289e6 pinf=0.0 (0) dinf=7.258101306926841e9 (11055) time=112.705486201s
[ Info: iter=4137 obj=1.419148299849289e6 pinf=0.0 (0) dinf=7.275515037112999e9 (11056) time=112.786595103s
[ Info: iter=4138 obj=1.419148299849289e6 pinf=0.0 (0) dinf=7.3004594003594885e9 (11057) time=112.869188706s
[ Info: iter=4139 obj=1.419148299849289e6 pinf=0.0 (0) dinf=7.198706243973071e9 (11050) time=112.947755608s
[ Info: iter=4140 obj=1.419148299849289e6 pinf=0.0 (0) dinf=7.226568212270924e9 (11053) time=113.025526411s
[ Info: iter=4141 obj=1.419148299849289e6 pinf=0.0 (0) dinf=7.243981942457082e9 (11054) time=113.107609813s
[ Info: iter=4142 obj=1.419148299849289e6 pinf=0.0 (0) dinf=7.26139567264324e9 (11055) time=113.189823616s
[ Info: iter=4143 obj=1.419148299849289e6 pinf=0.0 (0) dinf=7.278809402829398e9 (11056) time=113.274887718s
[ Info: iter=4144 obj=1.419148299849289e6 pinf=0.0 (0) dinf=7.72606558289855e9 (11142) time=113.355331621s
[ Info: iter=4145 obj=1.419148299849289e6 pinf=0.0 (0) dinf=7.443070969062098e9 (11143) time=113.437480324s
[ Info: iter=4146 obj=1.419148299849289e6 pinf=0.0 (0) dinf=7.41514239250061e9 (11142) time=113.517065726s
[ Info: iter=4147 obj=1.419148299849289e6 pinf=0.0 (0) dinf=7.6324503506635685e9 (11143) time=113.598641829s
[ Info: iter=4148 obj=1.419148299849289e6 pinf=0.0 (0) dinf=7.351803732267887e9 (11141) time=113.678565231s
[ Info: iter=4149 obj=1.419148299849289e6 pinf=0.0 (0) dinf=7.323875156656388e9 (11140) time=113.764060134s
[ Info: iter=4150 obj=1.419148299849289e6 pinf=0.0 (0) dinf=8.190244008292473e9 (11145) time=113.842642536s
[ Info: iter=4151 obj=1.4191482998494874e6 pinf=1.0001618054280663e-7 (1) dinf=8.059675664692117e9 (11153) time=113.920975339s
[ Info: Restarting simplex on original LP after NUMERICAL_ERROR: primal feasibility lost; completed iterations=4151
[ Info: iter=4151 obj=2.793025071873255e6 pinf=0.0 (0) dinf=12380.398223383017 (12075) time=113.96978184s
[ Info: iter=4231 obj=2.809548907316631e6 pinf=0.0 (0) dinf=12318.757617160018 (12042) time=114.312374047s
[ Info: iter=4311 obj=2.809548912026339e6 pinf=0.0 (0) dinf=21495.243656724637 (11996) time=114.65713565s
[ Info: iter=4391 obj=2.8113673852518583e6 pinf=0.0 (0) dinf=51639.067471567076 (12038) time=114.997127753s
[ Info: iter=4471 obj=2.8415782266635457e6 pinf=0.0 (0) dinf=40760.31175668435 (12035) time=115.390355456s
[ Info: iter=4551 obj=2.8632683888604734e6 pinf=0.0 (0) dinf=35565.886355803435 (12021) time=115.748446159s
[ Info: iter=4631 obj=2.8695603529424556e6 pinf=0.0 (0) dinf=33927.660901955096 (12081) time=116.115370462s
[ Info: iter=4711 obj=2.8705945252908855e6 pinf=0.0 (0) dinf=45775.72030917054 (12134) time=116.480874166s
[ Info: iter=4791 obj=2.8707391121618384e6 pinf=0.0 (0) dinf=67128.38469289996 (12176) time=116.834983869s
[ Info: iter=4871 obj=2.8707391121618384e6 pinf=0.0 (0) dinf=90318.01933485639 (12180) time=117.199802572s
[ Info: iter=4951 obj=2.8758070233344003e6 pinf=0.0 (0) dinf=138091.08311966743 (12178) time=117.559535375s
[ Info: iter=5031 obj=2.8758070233344003e6 pinf=0.0 (0) dinf=2.0395468354849998e7 (12123) time=117.917993578s
[ Info: iter=5111 obj=2.8758070233344003e6 pinf=0.0 (0) dinf=5.3247632896933705e7 (12029) time=118.289494481s
[ Info: iter=5191 obj=2.8758070233344003e6 pinf=0.0 (0) dinf=5.4570123636659965e7 (12062) time=118.696562885s
[ Info: iter=5271 obj=2.8758070233344003e6 pinf=0.0 (0) dinf=6.435309607797802e7 (11980) time=119.070342788s
[ Info: iter=5351 obj=2.8758070233344003e6 pinf=0.0 (0) dinf=7.512349226704599e7 (12094) time=119.449781391s
[ Info: iter=5431 obj=2.8758070233344003e6 pinf=0.0 (0) dinf=1.0631263803146742e8 (12184) time=119.829801995s
[ Info: iter=5511 obj=2.875807673385622e6 pinf=0.0 (0) dinf=6.837672031344122e7 (12133) time=120.222184898s
[ Info: iter=5591 obj=2.875807698526422e6 pinf=0.0 (0) dinf=6.788667096729726e7 (12150) time=120.614219002s
[ Info: iter=5671 obj=2.875807698526422e6 pinf=0.0 (0) dinf=6.81406986845908e7 (12136) time=121.014725005s
[ Info: iter=5751 obj=2.875807698526422e6 pinf=0.0 (0) dinf=6.813176427986407e7 (12117) time=121.403694608s
[ Info: iter=5831 obj=2.875807698526422e6 pinf=0.0 (0) dinf=6.679396114197872e7 (12176) time=121.796724412s
[ Info: iter=5911 obj=2.875807698526422e6 pinf=0.0 (0) dinf=6.879886477428189e7 (12290) time=122.202181215s
[ Info: iter=5991 obj=2.875807698526422e6 pinf=0.0 (0) dinf=6.756147383601995e7 (12257) time=122.625760117s
[ Info: iter=6071 obj=2.875807698526422e6 pinf=0.0 (0) dinf=6.874951738182877e7 (12450) time=123.035833718s
[ Info: iter=6151 obj=2.875807698526422e6 pinf=0.0 (0) dinf=7.691572085063525e7 (12371) time=123.46037622s
[ Info: iter=6231 obj=2.875807698526422e6 pinf=0.0 (0) dinf=7.716219322501583e7 (12413) time=123.886920221s
[ Info: iter=6311 obj=2.875807698526422e6 pinf=0.0 (0) dinf=7.701679625062498e7 (12399) time=124.334320223s
[ Info: iter=6391 obj=2.875807698526422e6 pinf=0.0 (0) dinf=7.698765843975307e7 (12391) time=124.769027725s
[ Info: iter=6471 obj=2.875807698526422e6 pinf=0.0 (0) dinf=7.697885989911143e7 (12387) time=125.197381426s
[ Info: iter=6551 obj=2.875807698526422e6 pinf=0.0 (0) dinf=7.720637787086819e7 (12401) time=125.631306928s
[ Info: iter=6631 obj=2.875807698526422e6 pinf=0.0 (0) dinf=7.719281226222204e7 (12388) time=126.048937429s
[ Info: iter=6711 obj=2.875807698526422e6 pinf=0.0 (0) dinf=7.72739507664922e7 (12280) time=126.491556131s
[ Info: iter=6791 obj=2.875807698526422e6 pinf=0.0 (0) dinf=7.490471224048841e7 (12297) time=126.975763733s
[ Info: iter=6871 obj=2.875807698526422e6 pinf=0.0 (0) dinf=7.442005068435973e7 (12344) time=127.419097435s
[ Info: iter=6951 obj=2.875807698526422e6 pinf=0.0 (0) dinf=7.618917199777211e7 (12301) time=127.863141936s
[ Info: iter=7031 obj=2.875807698526422e6 pinf=0.0 (0) dinf=7.479862523276117e7 (12356) time=128.323119138s
[ Info: iter=7111 obj=2.8758076985264225e6 pinf=0.0 (0) dinf=8.111474814924087e7 (12402) time=128.82021174s
[ Info: iter=7191 obj=2.8758076985264225e6 pinf=0.0 (0) dinf=7.909883011627635e7 (12384) time=129.323418042s
[ Info: iter=7271 obj=2.8758076985264253e6 pinf=0.0 (0) dinf=9.315675196968311e7 (12569) time=129.827110844s
[ Info: iter=7351 obj=2.8758076985264253e6 pinf=0.0 (0) dinf=6.937752543435907e7 (12563) time=130.318858845s
[ Info: iter=7431 obj=2.8758077003791034e6 pinf=0.0 (0) dinf=9.780061194010915e7 (12437) time=130.853190947s
[ Info: iter=7511 obj=2.8758077115692403e6 pinf=0.0 (0) dinf=1.1690215037275437e8 (12405) time=131.415278248s
[ Info: iter=7591 obj=2.875807711617378e6 pinf=0.0 (0) dinf=1.1357464454260707e8 (12369) time=131.963159249s
[ Info: iter=7671 obj=2.875807711639414e6 pinf=0.0 (0) dinf=7.22476848595641e7 (12440) time=132.424990551s
[ Info: iter=7751 obj=2.8758077147161383e6 pinf=0.0 (0) dinf=7.136790509348176e7 (12464) time=132.936279652s
[ Info: iter=7831 obj=2.8758077147161383e6 pinf=0.0 (0) dinf=7.245368695046613e7 (12510) time=133.478722953s
[ Info: iter=7911 obj=2.8758077147177216e6 pinf=0.0 (0) dinf=7.153150292767088e7 (12605) time=133.985599955s
[ Info: iter=7991 obj=2.875807714718671e6 pinf=0.0 (0) dinf=7.164311504069842e7 (12782) time=134.589805056s
[ Info: iter=8071 obj=2.875807714718671e6 pinf=0.0 (0) dinf=7.99676118094739e7 (12636) time=135.150075357s
[ Info: iter=8151 obj=2.8758077147238767e6 pinf=0.0 (0) dinf=7.229875429933317e7 (12632) time=135.682208159s
[ Info: iter=8231 obj=2.875807714723878e6 pinf=0.0 (0) dinf=7.142075937487842e7 (12550) time=136.20554176s
[ Info: iter=8311 obj=2.875807714723904e6 pinf=0.0 (0) dinf=9.540760912403421e7 (12627) time=136.745468461s
[ Info: iter=8391 obj=2.875807714723904e6 pinf=0.0 (0) dinf=3.700462567280697e8 (12774) time=137.345575363s
[ Info: iter=8471 obj=2.8758077147239666e6 pinf=0.0 (0) dinf=8.095833496505196e8 (12734) time=137.942935864s
[ Info: iter=8551 obj=2.875807714723987e6 pinf=0.0 (0) dinf=1.0919961919522734e8 (12781) time=139.089434564s
[ Info: iter=8631 obj=2.875807714723987e6 pinf=0.0 (0) dinf=1.0945825526727667e8 (12806) time=140.447098262s
[ Info: iter=8711 obj=2.875807714723987e6 pinf=0.0 (0) dinf=1.0976803483324175e8 (12888) time=141.75370646s
[ Info: iter=8791 obj=2.875807714723987e6 pinf=0.0 (0) dinf=1.1304842532134119e8 (12906) time=143.079423458s
[ Info: iter=8871 obj=2.875807714723987e6 pinf=0.0 (0) dinf=1.1498002602827917e8 (12913) time=144.456726256s
[ Info: iter=8951 obj=2.875807714723987e6 pinf=0.0 (0) dinf=1.121794172147868e8 (12873) time=145.826298054s
[ Info: iter=9031 obj=2.875807714724059e6 pinf=0.0 (0) dinf=7.040188025001683e8 (12977) time=147.234145155s
[ Info: iter=9111 obj=2.875807714724059e6 pinf=0.0 (0) dinf=3.6718537024507093e9 (12937) time=149.239666659s
[ Info: iter=9191 obj=2.875807714724059e6 pinf=0.0 (0) dinf=6.600326385785813e9 (12925) time=151.300611163s
[ Info: iter=9271 obj=2.875807714724059e6 pinf=0.0 (0) dinf=7.53493155969064e9 (12968) time=152.699664765s
[ Info: iter=9351 obj=2.875807714724059e6 pinf=0.0 (0) dinf=1.0244236589377588e10 (12936) time=154.076132968s
[ Info: iter=9431 obj=2.875807714724059e6 pinf=0.0 (0) dinf=6.542502358186095e9 (12897) time=155.428504871s
[ Info: iter=9511 obj=2.875807714724059e6 pinf=0.0 (0) dinf=6.639248795346604e9 (12842) time=156.821943474s
[ Info: iter=9591 obj=2.875807714724059e6 pinf=0.0 (0) dinf=6.159065212822671e9 (12805) time=158.193329877s
[ Info: iter=9671 obj=2.875807714724059e6 pinf=0.0 (0) dinf=6.383761618907888e9 (12748) time=159.744105281s
[ Info: iter=9751 obj=2.875807714724059e6 pinf=0.0 (0) dinf=1.2751605707390618e9 (12752) time=161.759735185s
[ Info: iter=9831 obj=2.875807714724065e6 pinf=0.0 (0) dinf=8.335286657309993e9 (12635) time=162.969841286s
[ Info: iter=9911 obj=2.875807714724065e6 pinf=0.0 (0) dinf=1.4788475179551117e10 (12718) time=164.390291985s
[ Info: iter=9991 obj=2.875807714724065e6 pinf=0.0 (0) dinf=2.525961538467708e10 (12631) time=167.226492984s
[ Info: iter=10071 obj=2.875807714724065e6 pinf=0.0 (0) dinf=2.525986045892877e10 (12582) time=168.930580683s
[ Info: iter=10151 obj=2.875807714956408e6 pinf=0.0 (0) dinf=7.5287577270839815e9 (12364) time=170.385313883s
[ Info: iter=10231 obj=2.8758077149789836e6 pinf=0.0 (0) dinf=2.797177467654263e10 (12291) time=171.519368183s
[ Info: iter=10311 obj=2.8758077149789836e6 pinf=0.0 (0) dinf=7.260039722926228e10 (12335) time=172.823956784s
[ Info: iter=10391 obj=2.8758077149983104e6 pinf=0.0 (0) dinf=8.69910040587777e9 (12396) time=173.964605784s
[ Info: iter=10471 obj=2.875807714998898e6 pinf=0.0 (0) dinf=8.514160266715694e9 (12386) time=175.008528884s
[ Info: iter=10551 obj=2.8758077149991947e6 pinf=0.0 (0) dinf=8.5341584659448805e9 (12374) time=176.099924985s
[ Info: iter=10631 obj=2.8758077149992604e6 pinf=0.0 (0) dinf=8.489428552442573e9 (12344) time=177.127297585s
[ Info: iter=10711 obj=2.8758077149992585e6 pinf=0.0 (0) dinf=8.55136334226706e9 (12345) time=178.257484586s
[ Info: iter=10791 obj=2.8758077149992865e6 pinf=0.0 (0) dinf=8.802047125963778e9 (12428) time=179.265815385s
[ Info: iter=10871 obj=2.8758077149993116e6 pinf=0.0 (0) dinf=9.173362695976686e9 (12391) time=180.187684385s
[ Info: iter=10951 obj=2.875807714999317e6 pinf=0.0 (0) dinf=1.0320608454779215e10 (12355) time=180.925442285s
[ Info: iter=11031 obj=2.8758077149993153e6 pinf=0.0 (0) dinf=9.446583230856121e9 (12348) time=181.900760784s
[ Info: iter=11111 obj=2.875807714999319e6 pinf=1.0000000954780717e-7 (1) dinf=9.593885488990813e10 (12373) time=184.514705283s
[ Info: iter=11139 obj=2.875807714999319e6 pinf=1.000000145842344e-7 (1) dinf=2.602049500097489e12 (12353) time=185.784775583s
[ Info: iter=11141 obj=2.875807714999319e6 pinf=1.0000001458425035e-7 (1) dinf=2.618139429410244e12 (12367) time=185.873345383s
[ Info: iter=11143 obj=2.875807714999319e6 pinf=1.0000001458425035e-7 (1) dinf=2.615911983654525e12 (12365) time=185.968475583s
[ Info: iter=11144 obj=2.875807714999319e6 pinf=1.0000001458425035e-7 (1) dinf=2.6097897747604756e12 (12364) time=186.034907083s
[ Info: iter=11145 obj=2.875807714999319e6 pinf=1.0000001458425035e-7 (1) dinf=2.60591719770544e12 (12361) time=186.107033583s
[ Info: iter=11146 obj=2.875807714999319e6 pinf=1.0000001458425035e-7 (1) dinf=2.605762294623602e12 (12360) time=186.171120583s
[ Info: iter=11147 obj=2.875807714999319e6 pinf=1.0000001458425035e-7 (1) dinf=2.6046289229896855e12 (12360) time=186.237534783s
[ Info: iter=11148 obj=2.875807714999319e6 pinf=1.0000001458425035e-7 (1) dinf=2.6044738648487075e12 (12360) time=186.303690083s
[ Info: iter=11149 obj=2.875807714999319e6 pinf=1.0000001458425035e-7 (1) dinf=2.6043188067087295e12 (12359) time=186.373112883s
[ Info: iter=11150 obj=2.875807714999319e6 pinf=1.0000001458425035e-7 (1) dinf=2.6032013985893394e12 (12358) time=186.444665283s
[ Info: iter=11151 obj=2.875807714999319e6 pinf=1.0000001458425035e-7 (1) dinf=2.6075583424603535e12 (12357) time=186.510002083s
[ Info: iter=11152 obj=2.875807714999319e6 pinf=1.0000001458425035e-7 (1) dinf=2.609271340281004e12 (12349) time=186.573793183s
[ Info: iter=11153 obj=2.875807714999319e6 pinf=1.0000001458425035e-7 (1) dinf=2.6066056288154175e12 (12350) time=186.640086383s
[ Info: iter=11160 obj=2.875807714999319e6 pinf=1.0000001458425035e-7 (1) dinf=2.6048852976436387e12 (12337) time=186.853097083s
[ Info: iter=11161 obj=2.875807714999319e6 pinf=1.0000001458425035e-7 (1) dinf=2.604156129278374e12 (12341) time=186.925415983s
[ Info: iter=11162 obj=2.875807714999319e6 pinf=1.0000001458425035e-7 (1) dinf=2.603979804600461e12 (12341) time=186.990948683s
[ Info: iter=11163 obj=2.875807714999319e6 pinf=1.000000145842344e-7 (1) dinf=2.6090124297342915e12 (12357) time=187.070187483s
[ Info: iter=11164 obj=2.875807714999319e6 pinf=1.0000001458425035e-7 (1) dinf=2.613662351864667e12 (12392) time=187.139601183s
[ Info: iter=11165 obj=2.875807714999319e6 pinf=1.0000001458425035e-7 (1) dinf=2.625280083031115e12 (12391) time=187.207828983s
[ Info: iter=11166 obj=2.875807714999319e6 pinf=1.0000001458425035e-7 (1) dinf=2.6330252371209575e12 (12377) time=187.276274783s
[ Info: iter=11167 obj=2.875807714999319e6 pinf=1.0000001458425035e-7 (1) dinf=2.633025237096276e12 (12359) time=187.343362283s
[ Info: iter=11168 obj=2.875807714999319e6 pinf=1.0000001458425035e-7 (1) dinf=2.609923719470205e12 (12382) time=187.408746983s
[ Info: iter=11169 obj=2.875807714999319e6 pinf=1.0000001458425035e-7 (1) dinf=2.621742367655912e12 (12381) time=187.479566583s
[ Info: iter=11170 obj=2.875807714999319e6 pinf=1.0000001458425035e-7 (1) dinf=2.629621466433064e12 (12369) time=187.542576083s
[ Info: iter=11171 obj=2.875807714999319e6 pinf=1.0000001458425035e-7 (1) dinf=2.605986977443087e12 (12377) time=187.609335783s
[ Info: iter=11172 obj=2.875807714999319e6 pinf=1.0000001458425035e-7 (1) dinf=2.617814047746647e12 (12376) time=187.674806483s
[ Info: iter=11173 obj=2.875807714999319e6 pinf=1.0000001458425035e-7 (1) dinf=2.6288047119134526e12 (12384) time=187.749304383s
[ Info: iter=11174 obj=2.875807714999319e6 pinf=1.0000001458425035e-7 (1) dinf=2.6173004323914937e12 (12333) time=187.818991683s
[ Info: iter=11175 obj=2.875807714999319e6 pinf=1.0000001458425035e-7 (1) dinf=2.623365645957728e12 (12333) time=187.886783983s
[ Info: iter=11176 obj=2.875807714999319e6 pinf=1.0000001458425035e-7 (1) dinf=2.626625251902912e12 (12333) time=187.952134683s
[ Info: iter=11177 obj=2.875807714999319e6 pinf=1.0000001458425035e-7 (1) dinf=2.63999034258498e12 (12332) time=188.017907683s
[ Info: iter=11257 obj=2.875807714999319e6 pinf=1.0000000954827802e-7 (1) dinf=2.6808518153554106e12 (12391) time=190.500009784s
[ Info: iter=11337 obj=2.8758077149993177e6 pinf=1.0000000473481368e-7 (1) dinf=3.534808280237326e12 (12398) time=192.346914084s
[ Info: iter=11417 obj=2.8758077149993177e6 pinf=1.0000000473481368e-7 (1) dinf=3.535662181799548e12 (12320) time=193.300441484s
[ Info: iter=11497 obj=2.8758077149993177e6 pinf=1.0000000473481368e-7 (1) dinf=3.535199240023566e12 (12441) time=194.521755284s
[ Info: iter=11577 obj=2.87580771499932e6 pinf=1.0000001988771174e-7 (1) dinf=3.5382672372855435e12 (12461) time=195.525838585s
[ Info: iter=11657 obj=2.875807714999319e6 pinf=1.000000095477387e-7 (1) dinf=3.537691644034724e12 (12443) time=197.019379585s
[ Info: iter=11737 obj=2.875807714999319e6 pinf=1.0000000954773742e-7 (1) dinf=3.5372723218064897e12 (12449) time=199.965975687s
[ Info: iter=11817 obj=2.87580771499932e6 pinf=1.0000001988771174e-7 (1) dinf=3.5373803876540234e12 (12426) time=201.118879787s
[ Info: iter=11897 obj=2.87580771499932e6 pinf=1.0000001988771174e-7 (1) dinf=3.537377734537359e12 (12379) time=202.251311688s
[ Info: iter=11977 obj=2.8758077149993177e6 pinf=1.0000000473482476e-7 (1) dinf=3.5432706511336743e12 (12353) time=203.390580491s
[ Info: iter=12057 obj=2.8758077149992846e6 pinf=0.0 (0) dinf=3.5441542875180015e12 (12339) time=205.104935896s
[ Info: iter=12137 obj=2.8758077149993107e6 pinf=0.0 (0) dinf=7.076768953940205e11 (12406) time=205.856954998s
[ Info: iter=12217 obj=2.8758077149993107e6 pinf=0.0 (0) dinf=7.052552125157087e11 (12409) time=206.5020776s
[ Info: iter=12297 obj=2.8758077149993116e6 pinf=0.0 (0) dinf=7.13206540521028e11 (12365) time=207.196067102s
[ Info: iter=12377 obj=2.8758077149993177e6 pinf=1.0000000667599823e-7 (1) dinf=7.134415861404006e11 (12461) time=208.209105304s
[ Info: iter=12457 obj=2.8758077149993125e6 pinf=0.0 (0) dinf=7.668188543385819e11 (12486) time=210.25200041s
[ Info: iter=12537 obj=2.8758077149993163e6 pinf=0.0 (0) dinf=7.340578060374764e11 (12439) time=211.676905327s
[ Info: iter=12617 obj=2.8758077149993163e6 pinf=0.0 (0) dinf=7.33080899352369e11 (12455) time=213.358649347s
[ Info: iter=12697 obj=2.8758077149993163e6 pinf=0.0 (0) dinf=7.446179992436338e11 (12422) time=214.772764164s
[ Info: iter=12777 obj=2.8758077149993163e6 pinf=0.0 (0) dinf=7.370570318497347e11 (12334) time=216.574556486s
[ Info: iter=12857 obj=2.8758077149993195e6 pinf=1.0000001791328361e-7 (1) dinf=7.444644090206143e11 (12362) time=217.498103997s
[ Info: iter=12937 obj=2.87580771499932e6 pinf=1.0000002041143022e-7 (1) dinf=7.28634152341473e11 (12284) time=218.701684517s
[ Info: iter=13017 obj=2.8758077149993195e6 pinf=1.0000001465077373e-7 (1) dinf=7.286965386341744e11 (12288) time=220.571619364s
[ Info: iter=13097 obj=2.87580771499932e6 pinf=1.00000020515555e-7 (1) dinf=7.286792167545784e11 (12238) time=222.403712211s
[ Info: iter=13177 obj=2.87580771499932e6 pinf=1.0000002083433567e-7 (1) dinf=7.264263523865746e11 (12288) time=224.222324956s
[ Info: iter=13257 obj=2.875807714999319e6 pinf=1.0000001284361823e-7 (1) dinf=7.300958248431436e11 (12212) time=225.55367149s
[ Info: iter=13337 obj=2.875807714999319e6 pinf=1.0000001312549519e-7 (1) dinf=7.327324853833483e11 (12310) time=226.938957717s
[ Info: iter=13417 obj=2.87580771499932e6 pinf=1.0000002225726618e-7 (1) dinf=7.375868036294579e11 (12284) time=228.56973284s
[ Info: iter=13497 obj=2.875807714999322e6 pinf=1.00000037857491e-7 (1) dinf=7.88232409609908e11 (12205) time=230.284629163s
[ Info: iter=13577 obj=2.875807714999322e6 pinf=1.000000378656445e-7 (1) dinf=8.020456441467041e11 (12230) time=232.124639088s
[ Info: iter=13657 obj=2.875807714999322e6 pinf=1.0000003786566625e-7 (1) dinf=8.02126230164612e11 (12149) time=234.461578419s
[ Info: iter=13715 obj=2.875807714999322e6 pinf=1.0000003786572753e-7 (1) dinf=7.52851330597793e11 (12223) time=236.436362339s
[ Info: Solve finished: status=NUMERICAL_ERROR reason=Original LP retry failed after NUMERICAL_ERROR (primal feasibility lost): primal feasibility lost iterations=13715 time=236.436950239s
Dict{String, Any}("kernel_seconds" => Dict("pricing" => 34.655956178, "refactorization" => 5.663115938, "ftran" => 31.07705233, "btran" => 15.168152357), "basis_update" => "bartels_golub", "peak_rss" => 0x0000000078795000, "counts" => Dict("certification_failed" => 2, "primal_point_preserved" => 1917, "correction_attempt" => 147, "correction" => 147, "pricing_scanned_entries" => 6810477229, "refactor_other" => 2, "pivot_completed" => 13715, "pivot_rejected" => 84552, "pricing_full_scan" => 99501, "pricing" => 99501, "refactor_initial" => 4, "refactor_pivot" => 1234, "pricing_scored_entries" => 1159976718, "refactor_limit" => 153, "pivot_proposed" => 99501, "phase_one" => 2), "input" => "/home/jspitz/mps/runtime.mps", "interval" => 80, "outer_seconds" => 236.444733839, "input_sha256" => "d0ac16e1a52a7d3411cbac28616bba9d3beb0c0edbdb2d72ab0477ce075f6c68", "refactorizations" => 1389, "seconds" => 236.436950239, "allocated_bytes" => 27482139856, "julia" => "1.13.0", "algorithm" => "primal", "iterations" => 13715, "status" => "NUMERICAL_ERROR", "message" => "Original LP retry failed after NUMERICAL_ERROR (primal feasibility lost): primal feasibility lost")
