EVENT phase_one count=1 iter=0 row=0 entering=0 pinf=0.0 dinf=12288.550456887204
EVENT correction_attempt count=1 iter=125 row=3833 entering=23674 pinf=0.0 dinf=562621.0254980393
EVENT correction_attempt count=2 iter=126 row=4727 entering=23074 pinf=0.0 dinf=12801.768029488665
EVENT correction_attempt count=3 iter=133 row=3811 entering=22810 pinf=0.0 dinf=77793.15755406715
EVENT correction_attempt count=4 iter=371 row=19915 entering=22091 pinf=0.0 dinf=22229.74200133711
EVENT correction_attempt count=5 iter=378 row=12721 entering=49561 pinf=0.0 dinf=12492.86434283157
EVENT correction_attempt count=6 iter=388 row=2792 entering=49564 pinf=0.0 dinf=12800.903050513509
EVENT correction_attempt count=7 iter=390 row=17636 entering=49884 pinf=0.0 dinf=29058.534736793616
EVENT correction_attempt count=8 iter=399 row=9706 entering=13730 pinf=0.0 dinf=30364.61518346922
EVENT correction_attempt count=9 iter=591 row=14706 entering=24405 pinf=0.0 dinf=4.43348611580669e6
EVENT correction_attempt count=10 iter=595 row=11696 entering=24394 pinf=0.0 dinf=4.626575930402368e6
EVENT refactor_pivot count=1 iter=2322 row=19721 entering=24398 pinf=0.0 dinf=3.69750222736082e6
PIVOT stored_forward=2.539635751898089e-14 stored_tableau=0.0 direction_norm=508962.8207537797 row_residual_ratio=1.0e12
EVENT refactor_pivot count=2 iter=2323 row=19721 entering=24398 pinf=0.0 dinf=3.697649451352726e6
PIVOT stored_forward=2.539635751898089e-14 stored_tableau=0.0 direction_norm=508962.8207537797 row_residual_ratio=1.0e12
EVENT refactor_pivot count=3 iter=2331 row=19721 entering=24398 pinf=0.0 dinf=3.7024470223785774e6
PIVOT stored_forward=2.539635751898089e-14 stored_tableau=0.0 direction_norm=508962.8207537797 row_residual_ratio=1.0e12
EVENT refactor_pivot count=4 iter=2332 row=19721 entering=24398 pinf=0.0 dinf=3.7024421547418637e6
PIVOT stored_forward=2.539635751898089e-14 stored_tableau=0.0 direction_norm=508962.8207537797 row_residual_ratio=1.0e12
EVENT refactor_pivot count=5 iter=2333 row=19721 entering=24398 pinf=0.0 dinf=3.702425554057028e6
PIVOT stored_forward=2.539635751898089e-14 stored_tableau=0.0 direction_norm=508962.8207537797 row_residual_ratio=1.0e12
EVENT refactor_pivot count=6 iter=2334 row=19721 entering=24398 pinf=0.0 dinf=3.702408926259502e6
PIVOT stored_forward=2.539635751898089e-14 stored_tableau=0.0 direction_norm=508962.8207537797 row_residual_ratio=1.0e12
EVENT refactor_pivot count=7 iter=2335 row=19721 entering=24398 pinf=0.0 dinf=3.7023922750743297e6
PIVOT stored_forward=2.539635751898089e-14 stored_tableau=0.0 direction_norm=508962.8207537797 row_residual_ratio=1.0e12
EVENT refactor_pivot count=8 iter=2336 row=19721 entering=24398 pinf=0.0 dinf=3.7023865720176552e6
PIVOT stored_forward=2.539635751898089e-14 stored_tableau=0.0 direction_norm=508962.8207537797 row_residual_ratio=1.0e12
EVENT refactor_pivot count=9 iter=2337 row=19721 entering=24398 pinf=0.0 dinf=3.702369971332819e6
PIVOT stored_forward=2.539635751898089e-14 stored_tableau=0.0 direction_norm=508962.8207537797 row_residual_ratio=1.0e12
EVENT refactor_pivot count=10 iter=2338 row=19721 entering=24398 pinf=0.0 dinf=3.7023533435352934e6
PIVOT stored_forward=2.539635751898089e-14 stored_tableau=0.0 direction_norm=508962.8207537797 row_residual_ratio=1.0e12
EVENT refactor_pivot count=100 iter=3049 row=19721 entering=28198 pinf=0.0 dinf=5.495485718719544e9
PIVOT stored_forward=2.50706790605376e-13 stored_tableau=0.0 direction_norm=8.60362967380059e6 row_residual_ratio=1.0e12
EVENT refactor_pivot count=200 iter=3149 row=19721 entering=28198 pinf=0.0 dinf=5.495466125347111e9
PIVOT stored_forward=2.50706790605376e-13 stored_tableau=0.0 direction_norm=8.60362967380059e6 row_residual_ratio=1.0e12
[ Info: Loaded problem: rows=43021 columns=47148 nnz=277210
[ Info: Starting presolve
[ Info: After presolve: rows=28453 columns=31615 nnz=211789
[ Info: iter=0 obj=1.2522206406563444e6 pinf=0.0 (0) dinf=12288.550456887204 (11330) time=2.189856452s
[ Info: iter=80 obj=1.2522206406563444e6 pinf=0.0 (0) dinf=36314.16836263747 (11279) time=2.411653657s
[ Info: iter=160 obj=1.2631118905179026e6 pinf=0.0 (0) dinf=20318.10622356058 (11212) time=2.65304416s
[ Info: iter=240 obj=1.3081914597255755e6 pinf=0.0 (0) dinf=12933.727267866876 (11235) time=2.863319963s
[ Info: iter=320 obj=1.3457333563381066e6 pinf=0.0 (0) dinf=13377.506131293816 (11160) time=3.077434865s
[ Info: iter=400 obj=1.365372047972791e6 pinf=0.0 (0) dinf=14946.893727017134 (11094) time=3.294395467s
[ Info: iter=480 obj=1.3679359060446834e6 pinf=0.0 (0) dinf=28616.505259710084 (11099) time=3.504735569s
[ Info: iter=560 obj=1.367935906044684e6 pinf=0.0 (0) dinf=138541.4328187033 (11009) time=3.719616172s
[ Info: iter=640 obj=1.367984980364754e6 pinf=0.0 (0) dinf=22377.908779322108 (11093) time=3.927100474s
[ Info: iter=720 obj=1.367984980364754e6 pinf=0.0 (0) dinf=23874.21152664453 (11096) time=4.163206876s
[ Info: iter=800 obj=1.380798629860655e6 pinf=0.0 (0) dinf=109464.19870492947 (11029) time=4.389458479s
[ Info: iter=880 obj=1.380798629860655e6 pinf=0.0 (0) dinf=3.931233811007373e7 (11026) time=4.598130781s
[ Info: iter=960 obj=1.380798629860655e6 pinf=0.0 (0) dinf=6.934687582960077e7 (11012) time=4.818631683s
[ Info: iter=1040 obj=1.3807986298636138e6 pinf=0.0 (0) dinf=4.2076028911693625e7 (10975) time=5.045454686s
[ Info: iter=1120 obj=1.384055465474363e6 pinf=0.0 (0) dinf=53130.47369370426 (10926) time=5.334541089s
[ Info: iter=1200 obj=1.384055465474363e6 pinf=0.0 (0) dinf=59314.39292302525 (10918) time=5.551181691s
[ Info: iter=1280 obj=1.384055465474363e6 pinf=0.0 (0) dinf=67405.14581547125 (10941) time=5.771493294s
[ Info: iter=1360 obj=1.384055473604198e6 pinf=0.0 (0) dinf=89933.16446574105 (10920) time=5.999486096s
[ Info: iter=1440 obj=1.384055473604198e6 pinf=0.0 (0) dinf=101754.32572760184 (10926) time=6.232689599s
[ Info: iter=1520 obj=1.38405551090465e6 pinf=0.0 (0) dinf=307856.49174860434 (11004) time=6.473616501s
[ Info: iter=1600 obj=1.384080826953643e6 pinf=0.0 (0) dinf=317672.1900505765 (11101) time=6.709612004s
[ Info: iter=1680 obj=1.384080826953643e6 pinf=0.0 (0) dinf=304784.2802007721 (11080) time=6.934041206s
[ Info: iter=1760 obj=1.3859368661843087e6 pinf=0.0 (0) dinf=335863.7292839774 (11118) time=7.164366609s
[ Info: iter=1840 obj=1.388751790669493e6 pinf=0.0 (0) dinf=325261.91684552707 (11093) time=7.401525611s
[ Info: iter=1920 obj=1.4019392581808572e6 pinf=0.0 (0) dinf=348812.2685264239 (11126) time=7.637818414s
[ Info: iter=2000 obj=1.4042233207869786e6 pinf=0.0 (0) dinf=3.639020764123432e6 (11067) time=7.949958317s
[ Info: iter=2080 obj=1.4042233207869786e6 pinf=0.0 (0) dinf=3.6410060109251603e6 (11122) time=9.073371929s
[ Info: iter=2160 obj=1.4042233207869786e6 pinf=0.0 (0) dinf=3.639201132680422e6 (11111) time=10.323592142s
[ Info: iter=2240 obj=1.4042233207869786e6 pinf=0.0 (0) dinf=3.667627227862621e6 (11077) time=11.923702453s
[ Info: iter=2320 obj=1.4042233207869786e6 pinf=0.0 (0) dinf=3.6944430278380597e6 (11048) time=14.022389667s
[ Info: iter=2322 obj=1.4042233207869786e6 pinf=0.0 (0) dinf=3.69750222736082e6 (11050) time=14.117665368s
[ Info: iter=2323 obj=1.4042233207869786e6 pinf=0.0 (0) dinf=3.697649451352726e6 (11049) time=14.162264168s
[ Info: iter=2331 obj=1.4042233207869786e6 pinf=0.0 (0) dinf=3.7024470223785774e6 (11047) time=14.392857269s
[ Info: iter=2332 obj=1.4042233207869786e6 pinf=0.0 (0) dinf=3.7024421547418637e6 (11047) time=14.43068777s
[ Info: iter=2333 obj=1.4042233207869786e6 pinf=0.0 (0) dinf=3.702425554057028e6 (11046) time=14.46808887s
[ Info: iter=2334 obj=1.4042233207869786e6 pinf=0.0 (0) dinf=3.702408926259502e6 (11045) time=14.51265957s
[ Info: iter=2335 obj=1.4042233207869786e6 pinf=0.0 (0) dinf=3.7023922750743297e6 (11044) time=14.55267217s
[ Info: iter=2336 obj=1.4042233207869786e6 pinf=0.0 (0) dinf=3.7023865720176552e6 (11044) time=14.590597671s
[ Info: iter=2337 obj=1.4042233207869786e6 pinf=0.0 (0) dinf=3.702369971332819e6 (11043) time=14.627775371s
[ Info: iter=2338 obj=1.4042233207869786e6 pinf=0.0 (0) dinf=3.7023533435352934e6 (11042) time=14.667086471s
[ Info: iter=2339 obj=1.4042233207869786e6 pinf=0.0 (0) dinf=3.7023366923501207e6 (11041) time=14.708391171s
[ Info: iter=2340 obj=1.4042233207869786e6 pinf=0.0 (0) dinf=3.702329487421159e6 (11041) time=14.747660272s
[ Info: iter=2341 obj=1.4042233207869786e6 pinf=0.0 (0) dinf=3.7023128596236333e6 (11040) time=14.788512272s
[ Info: iter=2342 obj=1.4042233207869786e6 pinf=0.0 (0) dinf=3.702296208438461e6 (11039) time=14.825680972s
[ Info: iter=2343 obj=1.4042233207869786e6 pinf=0.0 (0) dinf=3.7021846933284127e6 (11041) time=14.864253672s
[ Info: iter=2344 obj=1.4042233207869786e6 pinf=0.0 (0) dinf=3.7020731782183642e6 (11043) time=14.903223873s
[ Info: iter=2424 obj=1.4181852485964685e6 pinf=0.0 (0) dinf=3.6939658215218326e6 (11048) time=16.03348828s
[ Info: iter=2504 obj=1.4181852485964685e6 pinf=0.0 (0) dinf=3.6902199082985804e6 (10994) time=16.759995485s
[ Info: iter=2584 obj=1.418185248596469e6 pinf=0.0 (0) dinf=1.2689484884477492e7 (10973) time=17.441827289s
[ Info: iter=2661 obj=1.418185248598223e6 pinf=0.0 (0) dinf=5.830819729983785e6 (10991) time=18.540192997s
[ Info: iter=2667 obj=1.418185248607162e6 pinf=0.0 (0) dinf=1.0335393712406196e7 (10964) time=18.636946499s
[ Info: iter=2668 obj=1.418185248607162e6 pinf=0.0 (0) dinf=1.0335366668176748e7 (10966) time=18.6810242s
[ Info: iter=2669 obj=1.418185248607162e6 pinf=0.0 (0) dinf=1.0335341082306668e7 (10968) time=18.725255101s
[ Info: iter=2670 obj=1.4181858532153927e6 pinf=0.0 (0) dinf=1.0327534707499322e7 (10972) time=18.767380202s
[ Info: iter=2671 obj=1.4181858532153927e6 pinf=0.0 (0) dinf=1.0327527593246557e7 (10971) time=18.808185003s
[ Info: iter=2675 obj=1.418185853215393e6 pinf=0.0 (0) dinf=1.0327516987521289e7 (10967) time=18.894941805s
[ Info: iter=2676 obj=1.418185853215393e6 pinf=0.0 (0) dinf=1.0327523997455599e7 (10967) time=18.938520406s
[ Info: iter=2677 obj=1.418185853215393e6 pinf=0.0 (0) dinf=1.0327514894576201e7 (10967) time=18.979935607s
[ Info: iter=2678 obj=1.418585374012237e6 pinf=0.0 (0) dinf=1.032751143938347e7 (10966) time=19.022818708s
[ Info: iter=2679 obj=1.4191482991383187e6 pinf=0.0 (0) dinf=1.0327507984190738e7 (10965) time=19.066029709s
[ Info: iter=2680 obj=1.4191482991383187e6 pinf=0.0 (0) dinf=1.0327568713004477e7 (10965) time=19.10909331s
[ Info: iter=2681 obj=1.4191482991383187e6 pinf=0.0 (0) dinf=1.0327990801289639e7 (10962) time=19.153685511s
[ Info: iter=2682 obj=1.4191482991383187e6 pinf=0.0 (0) dinf=1.0327900983524866e7 (10962) time=19.194979912s
[ Info: iter=2683 obj=1.4191482991383187e6 pinf=0.0 (0) dinf=1.032777181964356e7 (10959) time=19.237604313s
[ Info: iter=2684 obj=1.4191482991383187e6 pinf=0.0 (0) dinf=1.0328071091356866e7 (10959) time=19.279857814s
[ Info: iter=2685 obj=1.4191482991383187e6 pinf=0.0 (0) dinf=1.0328073382747019e7 (10959) time=19.322411915s
[ Info: iter=2686 obj=1.4191482991383187e6 pinf=0.0 (0) dinf=1.0328068268494252e7 (10959) time=19.366326316s
[ Info: iter=2766 obj=1.4191482993548086e6 pinf=0.0 (0) dinf=495585.7696573685 (11064) time=19.628806622s
[ Info: iter=2846 obj=1.4191482996989142e6 pinf=0.0 (0) dinf=692822.7075449376 (10958) time=19.874453927s
[ Info: iter=2926 obj=1.4191482996989142e6 pinf=0.0 (0) dinf=2.107224116132247e7 (11048) time=20.147735133s
[ Info: iter=2984 obj=1.4191482998387464e6 pinf=0.0 (0) dinf=4.2296233985148473e9 (11040) time=20.577489943s
[ Info: iter=2985 obj=1.4191482998387464e6 pinf=0.0 (0) dinf=4.229621055761386e9 (11041) time=20.617974144s
[ Info: iter=2986 obj=1.4191482998387464e6 pinf=0.0 (0) dinf=4.229618713007926e9 (11042) time=20.658145645s
[ Info: iter=2987 obj=1.4191482998387464e6 pinf=0.0 (0) dinf=4.2296163746703053e9 (11042) time=20.730619447s
[ Info: iter=2988 obj=1.4191482998387464e6 pinf=0.0 (0) dinf=4.229614044031896e9 (11043) time=20.772510248s
[ Info: iter=2989 obj=1.4191482998387464e6 pinf=0.0 (0) dinf=4.229612280759459e9 (11042) time=20.814191448s
[ Info: iter=2990 obj=1.4191482998395474e6 pinf=0.0 (0) dinf=4.2296119229992914e9 (11042) time=20.858610949s
[ Info: iter=2991 obj=1.4191482998395474e6 pinf=0.0 (0) dinf=4.2296107170926466e9 (11041) time=20.983891252s
[ Info: iter=2992 obj=1.4191482998395474e6 pinf=0.0 (0) dinf=4.2296096254711595e9 (11041) time=21.029682353s
[ Info: iter=2993 obj=1.419148299840906e6 pinf=0.0 (0) dinf=4.264589362775474e9 (11040) time=21.074870254s
[ Info: iter=2994 obj=1.4191482998422917e6 pinf=0.0 (0) dinf=4.300259722502134e9 (11039) time=21.117077755s
[ Info: iter=2995 obj=1.4191482998422917e6 pinf=0.0 (0) dinf=4.300261456109489e9 (11045) time=21.167235956s
[ Info: iter=2996 obj=1.4191482998422917e6 pinf=0.0 (0) dinf=4.300259188683366e9 (11044) time=21.217807458s
[ Info: iter=2997 obj=1.4191482998422917e6 pinf=0.0 (0) dinf=4.300261210769716e9 (11044) time=21.266996059s
[ Info: iter=2998 obj=1.4191482998422917e6 pinf=0.0 (0) dinf=4.300257698276107e9 (11042) time=21.31550426s
[ Info: iter=2999 obj=1.4191482998422917e6 pinf=0.0 (0) dinf=4.300255856453372e9 (11040) time=21.368831761s
[ Info: iter=3000 obj=1.4191482998422917e6 pinf=0.0 (0) dinf=4.300254401692627e9 (11039) time=21.420595862s
[ Info: iter=3001 obj=1.4191482998422917e6 pinf=0.0 (0) dinf=4.300252894534284e9 (11038) time=21.472628963s
[ Info: iter=3002 obj=1.4191482998422917e6 pinf=0.0 (0) dinf=4.3002514398551e9 (11037) time=21.526747865s
[ Info: iter=3003 obj=1.4191482998422917e6 pinf=0.0 (0) dinf=4.300249985175913e9 (11036) time=21.580119766s
[ Info: iter=3004 obj=1.4191482998422917e6 pinf=0.0 (0) dinf=4.300248530655522e9 (11035) time=21.630454567s
[ Info: iter=3005 obj=1.4191482998422917e6 pinf=0.0 (0) dinf=4.300247076508435e9 (11034) time=21.679412168s
[ Info: iter=3006 obj=1.4191482998422917e6 pinf=0.0 (0) dinf=4.300245622351238e9 (11033) time=21.729527069s
[ Info: iter=3007 obj=1.4191482998422917e6 pinf=0.0 (0) dinf=4.300244168194039e9 (11032) time=21.77996037s
[ Info: iter=3008 obj=1.4191482998422917e6 pinf=0.0 (0) dinf=4.300242714296254e9 (11031) time=21.838497772s
[ Info: iter=3009 obj=1.4191482998422917e6 pinf=0.0 (0) dinf=4.300241261016267e9 (11030) time=21.891536873s
[ Info: iter=3010 obj=1.4191482998422917e6 pinf=0.0 (0) dinf=4.300251987133617e9 (11033) time=21.947357174s
[ Info: iter=3011 obj=1.4191482998422917e6 pinf=0.0 (0) dinf=4.3002519871336155e9 (11032) time=22.002689275s
[ Info: iter=3012 obj=1.4191482998422917e6 pinf=0.0 (0) dinf=4.300251987133617e9 (11031) time=22.062164377s
[ Info: iter=3013 obj=1.4191482998422917e6 pinf=0.0 (0) dinf=4.300266569827797e9 (11033) time=22.119005178s
[ Info: iter=3014 obj=1.4191482998422917e6 pinf=0.0 (0) dinf=4.300256694049293e9 (11031) time=22.176282579s
[ Info: iter=3015 obj=1.4191482998422917e6 pinf=0.0 (0) dinf=4.300251315676298e9 (11030) time=22.234174281s
[ Info: iter=3016 obj=1.4191482998422917e6 pinf=0.0 (0) dinf=4.300245937303305e9 (11029) time=22.295181782s
[ Info: iter=3017 obj=1.4191482998422917e6 pinf=0.0 (0) dinf=4.300245927283414e9 (11029) time=22.359601384s
[ Info: iter=3018 obj=1.4191482998422917e6 pinf=0.0 (0) dinf=4.300245893824765e9 (11027) time=22.423620085s
[ Info: iter=3019 obj=1.4191482998422917e6 pinf=0.0 (0) dinf=4.300245956914842e9 (11027) time=22.485968786s
[ Info: iter=3020 obj=1.4191482998422917e6 pinf=0.0 (0) dinf=4.300245831073779e9 (11024) time=22.544566888s
[ Info: iter=3021 obj=1.4191482998422917e6 pinf=0.0 (0) dinf=4.300246362204464e9 (11026) time=22.602173089s
[ Info: iter=3022 obj=1.4191482998422917e6 pinf=0.0 (0) dinf=4.300246348093045e9 (11024) time=22.66467909s
[ Info: iter=3023 obj=1.4191482998422917e6 pinf=0.0 (0) dinf=4.300256518604001e9 (11024) time=22.728155992s
[ Info: iter=3024 obj=1.4191482998422917e6 pinf=0.0 (0) dinf=4.300354977236558e9 (11026) time=22.791098993s
[ Info: iter=3025 obj=1.4191482998422917e6 pinf=0.0 (0) dinf=4.300349190712706e9 (11024) time=22.853635195s
[ Info: iter=3026 obj=1.4191482998422917e6 pinf=0.0 (0) dinf=4.300319345673649e9 (11023) time=22.918544596s
[ Info: iter=3027 obj=1.4191482998422917e6 pinf=0.0 (0) dinf=4.300318563060799e9 (11022) time=22.980884298s
[ Info: iter=3028 obj=1.4191482998422917e6 pinf=0.0 (0) dinf=4.300318588687255e9 (11021) time=23.045425399s
[ Info: iter=3029 obj=1.4191482998422917e6 pinf=0.0 (0) dinf=4.300318584687255e9 (11018) time=23.110449801s
[ Info: iter=3030 obj=1.4191482998422917e6 pinf=0.0 (0) dinf=4.300318584687254e9 (11020) time=23.173636202s
[ Info: iter=3031 obj=1.4191482998488946e6 pinf=0.0 (0) dinf=5.4955319647443695e9 (11019) time=23.236895903s
[ Info: iter=3032 obj=1.4191482998488946e6 pinf=0.0 (0) dinf=5.495529845937281e9 (11021) time=23.299554105s
[ Info: iter=3033 obj=1.4191482998488946e6 pinf=0.0 (0) dinf=5.495527727130191e9 (11023) time=23.362909006s
[ Info: iter=3034 obj=1.4191482998488946e6 pinf=0.0 (0) dinf=5.495524780130662e9 (11025) time=23.426067408s
[ Info: iter=3035 obj=1.4191482998488946e6 pinf=0.0 (0) dinf=5.49552195328096e9 (11027) time=23.488239409s
[ Info: iter=3036 obj=1.4191482998488946e6 pinf=0.0 (0) dinf=5.495519284023489e9 (11029) time=23.549523111s
[ Info: iter=3037 obj=1.4191482998488946e6 pinf=0.0 (0) dinf=5.49551627545285e9 (11027) time=23.611762812s
[ Info: iter=3038 obj=1.4191482998488946e6 pinf=0.0 (0) dinf=5.495515634620163e9 (11025) time=23.673117713s
[ Info: iter=3039 obj=1.4191482998488946e6 pinf=0.0 (0) dinf=5.495509555260867e9 (11026) time=23.732474315s
[ Info: iter=3040 obj=1.4191482998488946e6 pinf=0.0 (0) dinf=5.495506960489993e9 (11028) time=23.793951416s
[ Info: iter=3041 obj=1.4191482998488946e6 pinf=0.0 (0) dinf=5.495504365719119e9 (11030) time=23.854028518s
[ Info: iter=3042 obj=1.4191482998488946e6 pinf=0.0 (0) dinf=5.495501909142425e9 (11032) time=23.914931019s
[ Info: iter=3043 obj=1.4191482998488946e6 pinf=0.0 (0) dinf=5.495499524127365e9 (11034) time=23.97606422s
[ Info: iter=3044 obj=1.4191482998488946e6 pinf=0.0 (0) dinf=5.495497109645971e9 (11036) time=24.040156222s
[ Info: iter=3045 obj=1.4191482998488946e6 pinf=0.0 (0) dinf=5.49549482108698e9 (11039) time=24.101414423s
[ Info: iter=3046 obj=1.4191482998488946e6 pinf=0.0 (0) dinf=5.49549253001493e9 (11042) time=24.161869025s
[ Info: iter=3047 obj=1.4191482998488946e6 pinf=0.0 (0) dinf=5.495490293202632e9 (11045) time=24.225335326s
[ Info: iter=3048 obj=1.4191482998488946e6 pinf=0.0 (0) dinf=5.495487971695781e9 (11045) time=24.287692327s
[ Info: iter=3049 obj=1.4191482998488946e6 pinf=0.0 (0) dinf=5.495485718719544e9 (11045) time=24.349440729s
[ Info: iter=3050 obj=1.4191482998488946e6 pinf=0.0 (0) dinf=5.495483611415226e9 (11047) time=24.42132223s
[ Info: iter=3051 obj=1.4191482998488946e6 pinf=0.0 (0) dinf=5.495482769015885e9 (11047) time=24.483738432s
[ Info: iter=3052 obj=1.4191482998488946e6 pinf=0.0 (0) dinf=5.495481926616546e9 (11047) time=24.544276733s
[ Info: iter=3053 obj=1.4191482998488946e6 pinf=0.0 (0) dinf=5.495481084217205e9 (11047) time=24.605278135s
[ Info: iter=3054 obj=1.4191482998488946e6 pinf=0.0 (0) dinf=5.495480241817864e9 (11047) time=24.667218736s
[ Info: iter=3055 obj=1.4191482998488946e6 pinf=0.0 (0) dinf=5.495479399418524e9 (11047) time=24.727325237s
[ Info: iter=3056 obj=1.4191482998488946e6 pinf=0.0 (0) dinf=5.495478694763601e9 (11047) time=24.786691239s
[ Info: iter=3057 obj=1.4191482998488946e6 pinf=0.0 (0) dinf=5.495478030328108e9 (11050) time=24.84781714s
[ Info: iter=3058 obj=1.4191482998488946e6 pinf=0.0 (0) dinf=5.495477371280809e9 (11053) time=24.909948742s
[ Info: iter=3059 obj=1.4191482998488946e6 pinf=0.0 (0) dinf=5.4954767422470255e9 (11055) time=24.969862443s
[ Info: iter=3060 obj=1.4191482998488946e6 pinf=0.0 (0) dinf=5.495476147201171e9 (11057) time=25.031997844s
[ Info: iter=3061 obj=1.4191482998488946e6 pinf=0.0 (0) dinf=5.495475966542102e9 (11055) time=25.095881446s
[ Info: iter=3062 obj=1.4191482998488946e6 pinf=0.0 (0) dinf=5.495475329785131e9 (11053) time=25.158219647s
[ Info: iter=3063 obj=1.4191482998488946e6 pinf=0.0 (0) dinf=5.495475501181086e9 (11055) time=25.219667149s
[ Info: iter=3064 obj=1.4191482998488946e6 pinf=0.0 (0) dinf=5.495475369432397e9 (11048) time=25.28064215s
[ Info: iter=3065 obj=1.4191482998488946e6 pinf=0.0 (0) dinf=5.495475253423826e9 (11040) time=25.340542651s
[ Info: iter=3066 obj=1.4191482998488946e6 pinf=0.0 (0) dinf=5.495475386289725e9 (11047) time=25.392149652s
[ Info: iter=3067 obj=1.4191482998488946e6 pinf=0.0 (0) dinf=5.495475249969531e9 (11050) time=25.449147254s
[ Info: iter=3068 obj=1.4191482998488946e6 pinf=0.0 (0) dinf=5.4954751747018795e9 (11048) time=25.510112155s
[ Info: iter=3069 obj=1.4191482998488946e6 pinf=0.0 (0) dinf=5.495475161498109e9 (11045) time=25.573109357s
[ Info: iter=3070 obj=1.4191482998488946e6 pinf=0.0 (0) dinf=5.495475115066767e9 (11045) time=25.638921858s
[ Info: iter=3071 obj=1.4191482998488946e6 pinf=0.0 (0) dinf=5.495474665852892e9 (11045) time=25.70286786s
[ Info: iter=3072 obj=1.4191482998488946e6 pinf=0.0 (0) dinf=5.495474292821521e9 (11046) time=25.765564761s
[ Info: iter=3073 obj=1.4191482998488946e6 pinf=0.0 (0) dinf=5.49547412403717e9 (11051) time=25.830185762s
[ Info: iter=3074 obj=1.4191482998488946e6 pinf=0.0 (0) dinf=5.495474245978538e9 (11055) time=25.893143064s
[ Info: iter=3075 obj=1.4191482998488946e6 pinf=0.0 (0) dinf=5.495473950817222e9 (11042) time=25.953138565s
[ Info: iter=3076 obj=1.4191482998488946e6 pinf=0.0 (0) dinf=5.495474053385997e9 (11043) time=26.010539567s
[ Info: iter=3077 obj=1.4191482998488946e6 pinf=0.0 (0) dinf=5.495473884930318e9 (11042) time=26.066162668s
[ Info: iter=3078 obj=1.4191482998488946e6 pinf=0.0 (0) dinf=5.495473884930318e9 (11041) time=26.127748769s
[ Info: iter=3079 obj=1.4191482998488946e6 pinf=0.0 (0) dinf=5.495473814737882e9 (11038) time=26.194128171s
[ Info: iter=3080 obj=1.4191482998488946e6 pinf=0.0 (0) dinf=5.495473962892169e9 (11039) time=26.258382372s
[ Info: iter=3081 obj=1.4191482998488946e6 pinf=0.0 (0) dinf=5.495473642196809e9 (11036) time=26.317616173s
[ Info: iter=3082 obj=1.4191482998488946e6 pinf=0.0 (0) dinf=5.495474013647543e9 (11036) time=26.382929575s
[ Info: iter=3083 obj=1.4191482998488946e6 pinf=0.0 (0) dinf=5.495473539698997e9 (11040) time=26.448374476s
[ Info: iter=3084 obj=1.4191482998488946e6 pinf=0.0 (0) dinf=5.495473065750449e9 (11044) time=26.519738078s
[ Info: iter=3085 obj=1.4191482998488946e6 pinf=0.0 (0) dinf=5.495473432701183e9 (11045) time=26.58519988s
[ Info: iter=3086 obj=1.4191482998488946e6 pinf=0.0 (0) dinf=5.495473573862436e9 (11047) time=26.648884383s
[ Info: iter=3087 obj=1.4191482998488946e6 pinf=0.0 (0) dinf=5.4954734169537e9 (11036) time=26.704868585s
[ Info: iter=3088 obj=1.4191482998488946e6 pinf=0.0 (0) dinf=5.495473677415529e9 (11034) time=26.769341287s
[ Info: iter=3089 obj=1.4191482998488946e6 pinf=0.0 (0) dinf=5.495473465171309e9 (11032) time=26.831440089s
[ Info: iter=3090 obj=1.4191482998488946e6 pinf=0.0 (0) dinf=5.495473576778034e9 (11033) time=26.896627092s
[ Info: iter=3091 obj=1.4191482998488946e6 pinf=0.0 (0) dinf=5.495473349650988e9 (11026) time=26.954042294s
[ Info: iter=3092 obj=1.4191482998488946e6 pinf=0.0 (0) dinf=5.495373853017008e9 (11024) time=27.024533496s
[ Info: iter=3093 obj=1.4191482998488946e6 pinf=0.0 (0) dinf=5.495373285879054e9 (11022) time=27.091243599s
[ Info: iter=3094 obj=1.4191482998488946e6 pinf=0.0 (0) dinf=5.495373140921234e9 (11020) time=27.157136501s
[ Info: iter=3095 obj=1.4191482998488946e6 pinf=0.0 (0) dinf=5.495373125188484e9 (11018) time=27.226506703s
[ Info: iter=3096 obj=1.4191482998488946e6 pinf=0.0 (0) dinf=5.49537321449479e9 (11018) time=27.294759906s
[ Info: iter=3097 obj=1.4191482998488946e6 pinf=0.0 (0) dinf=5.495373012318978e9 (11015) time=27.362842308s
[ Info: iter=3098 obj=1.4191482998488946e6 pinf=0.0 (0) dinf=5.495372887217817e9 (11013) time=27.429908811s
[ Info: iter=3099 obj=1.4191482998488946e6 pinf=0.0 (0) dinf=5.49537262377895e9 (11008) time=27.497910913s
[ Info: iter=3100 obj=1.4191482998488946e6 pinf=0.0 (0) dinf=5.495372674840705e9 (11009) time=27.563929415s
[ Info: iter=3101 obj=1.4191482998488946e6 pinf=0.0 (0) dinf=5.495372306486545e9 (11006) time=27.630806218s
[ Info: iter=3102 obj=1.4191482998488946e6 pinf=0.0 (0) dinf=5.495372295688893e9 (11006) time=27.69749942s
[ Info: iter=3103 obj=1.4191482998488946e6 pinf=0.0 (0) dinf=5.495372244627138e9 (11005) time=27.766089523s
[ Info: iter=3104 obj=1.4191482998488946e6 pinf=0.0 (0) dinf=5.495372284891241e9 (11006) time=27.834325125s
[ Info: iter=3105 obj=1.4191482998488946e6 pinf=0.0 (0) dinf=5.495371930002292e9 (11003) time=27.901750127s
[ Info: iter=3106 obj=1.4191482998488946e6 pinf=0.0 (0) dinf=5.495371743601395e9 (11001) time=27.96932433s
[ Info: iter=3107 obj=1.4191482998488946e6 pinf=0.0 (0) dinf=5.495371483551166e9 (11001) time=28.037433232s
[ Info: iter=3108 obj=1.4191482998488946e6 pinf=0.0 (0) dinf=5.495371286989487e9 (10999) time=28.104486635s
[ Info: iter=3109 obj=1.4191482998488946e6 pinf=0.0 (0) dinf=5.495371124499371e9 (10998) time=28.173641437s
[ Info: iter=3110 obj=1.4191482998488946e6 pinf=0.0 (0) dinf=5.495370765447576e9 (10995) time=28.24380684s
[ Info: iter=3111 obj=1.4191482998488946e6 pinf=0.0 (0) dinf=5.495370628109555e9 (10993) time=28.311360342s
[ Info: iter=3112 obj=1.4191482998488946e6 pinf=0.0 (0) dinf=5.495370456858571e9 (10991) time=28.378390544s
[ Info: iter=3113 obj=1.4191482998488946e6 pinf=0.0 (0) dinf=5.495370516052475e9 (10991) time=28.448607247s
[ Info: iter=3114 obj=1.4191482998488946e6 pinf=0.0 (0) dinf=5.49537051578048e9 (10991) time=28.52460695s
[ Info: iter=3115 obj=1.4191482998488946e6 pinf=0.0 (0) dinf=5.495370215750727e9 (10989) time=28.591295852s
[ Info: iter=3116 obj=1.4191482998488946e6 pinf=0.0 (0) dinf=5.495370061977958e9 (10986) time=28.659496855s
[ Info: iter=3117 obj=1.4191482998488946e6 pinf=0.0 (0) dinf=5.495370540145432e9 (10985) time=28.730508257s
[ Info: iter=3118 obj=1.4191482998488946e6 pinf=0.0 (0) dinf=5.495385363337158e9 (10984) time=28.798174459s
[ Info: iter=3119 obj=1.4191482998488946e6 pinf=0.0 (0) dinf=5.495385360337158e9 (10981) time=28.864691262s
[ Info: iter=3120 obj=1.4191482998488946e6 pinf=0.0 (0) dinf=5.495385357337158e9 (10978) time=28.933683664s
[ Info: iter=3121 obj=1.4191482998488946e6 pinf=0.0 (0) dinf=5.495385354337157e9 (10975) time=29.003197367s
[ Info: iter=3122 obj=1.4191482998488946e6 pinf=0.0 (0) dinf=5.495385351337157e9 (10972) time=29.070039369s
[ Info: iter=3123 obj=1.4191482998488946e6 pinf=0.0 (0) dinf=5.49541883006041e9 (10979) time=29.143032372s
[ Info: iter=3124 obj=1.4191482998488946e6 pinf=0.0 (0) dinf=5.4954331780846615e9 (10982) time=29.211053474s
[ Info: iter=3125 obj=1.4191482998488946e6 pinf=0.0 (0) dinf=5.495463468358084e9 (10992) time=29.278264577s
[ Info: iter=3126 obj=1.4191482998488946e6 pinf=0.0 (0) dinf=5.495461127900229e9 (10999) time=29.348300879s
[ Info: iter=3127 obj=1.4191482998488946e6 pinf=0.0 (0) dinf=5.495457939450397e9 (10998) time=29.416677682s
[ Info: iter=3128 obj=1.4191482998488946e6 pinf=0.0 (0) dinf=5.495483455049067e9 (11006) time=29.484949784s
[ Info: iter=3129 obj=1.4191482998488946e6 pinf=0.0 (0) dinf=5.495508970647737e9 (11014) time=29.554032886s
[ Info: iter=3130 obj=1.4191482998488946e6 pinf=0.0 (0) dinf=5.495535506870353e9 (11023) time=29.622525589s
[ Info: iter=3131 obj=1.4191482998488946e6 pinf=0.0 (0) dinf=5.49552912795979e9 (11021) time=29.692411391s
[ Info: iter=3132 obj=1.4191482998488946e6 pinf=0.0 (0) dinf=5.495522749047741e9 (11019) time=29.759390794s
[ Info: iter=3133 obj=1.4191482998488946e6 pinf=0.0 (0) dinf=5.495513411092869e9 (11017) time=29.827050796s
[ Info: iter=3134 obj=1.4191482998488946e6 pinf=0.0 (0) dinf=5.495529358342038e9 (11022) time=29.896366199s
[ Info: iter=3135 obj=1.4191482998488946e6 pinf=0.0 (0) dinf=5.495519788842444e9 (11019) time=29.963983701s
[ Info: iter=3136 obj=1.4191482998488946e6 pinf=0.0 (0) dinf=5.495510219453588e9 (11016) time=30.033962004s
[ Info: iter=3137 obj=1.4191482998488946e6 pinf=0.0 (0) dinf=5.495500651085207e9 (11013) time=30.102799606s
[ Info: iter=3138 obj=1.4191482998488946e6 pinf=0.0 (0) dinf=5.495491081124977e9 (11010) time=30.170979008s
[ Info: iter=3139 obj=1.4191482998488946e6 pinf=0.0 (0) dinf=5.4954815127754755e9 (11007) time=30.240925011s
[ Info: iter=3140 obj=1.4191482998488946e6 pinf=0.0 (0) dinf=5.495483375422389e9 (11010) time=30.312732514s
[ Info: iter=3141 obj=1.4191482998488946e6 pinf=0.0 (0) dinf=5.495479536627041e9 (11011) time=30.382814516s
[ Info: iter=3142 obj=1.4191482998488946e6 pinf=0.0 (0) dinf=5.495471944425972e9 (11004) time=30.448976518s
[ Info: iter=3143 obj=1.4191482998488946e6 pinf=0.0 (0) dinf=5.495471633572744e9 (11006) time=30.517942621s
[ Info: iter=3144 obj=1.4191482998488946e6 pinf=0.0 (0) dinf=5.495470724645802e9 (11005) time=30.591770723s
[ Info: iter=3145 obj=1.4191482998488946e6 pinf=0.0 (0) dinf=5.495470697871296e9 (11004) time=30.661605826s
[ Info: iter=3146 obj=1.4191482998488946e6 pinf=0.0 (0) dinf=5.4954706826437e9 (10994) time=30.731486628s
[ Info: iter=3147 obj=1.4191482998488946e6 pinf=0.0 (0) dinf=5.495476549029101e9 (10993) time=30.798375831s
[ Info: iter=3148 obj=1.4191482998488946e6 pinf=0.0 (0) dinf=5.495475879193452e9 (10992) time=30.862750633s
[ Info: iter=3149 obj=1.4191482998488946e6 pinf=0.0 (0) dinf=5.495466125347111e9 (10991) time=30.932431436s
[ Info: iter=3150 obj=1.4191482998488946e6 pinf=0.0 (0) dinf=5.495488910809632e9 (10991) time=30.999134438s
[ Info: iter=3151 obj=1.4191482998488946e6 pinf=0.0 (0) dinf=5.495487903130019e9 (10991) time=31.06488914s
[ Info: iter=3152 obj=1.4191482998488946e6 pinf=0.0 (0) dinf=5.495487968595166e9 (10994) time=31.133887643s
[ Info: iter=3153 obj=1.4191482998488946e6 pinf=0.0 (0) dinf=5.495485349217565e9 (10993) time=31.198815945s
[ Info: iter=3154 obj=1.4191482998488946e6 pinf=0.0 (0) dinf=5.495434941751582e9 (10996) time=31.266154348s
[ Info: iter=3155 obj=1.4191482998488946e6 pinf=0.0 (0) dinf=5.495477005978533e9 (10998) time=31.34028945s
[ Info: iter=3156 obj=1.4191482998488946e6 pinf=0.0 (0) dinf=5.49546230250229e9 (10997) time=31.407790353s
[ Info: iter=3157 obj=1.4191482998488946e6 pinf=0.0 (0) dinf=5.495583052379319e9 (11006) time=31.474221355s
[ Info: iter=3158 obj=1.4191482998488946e6 pinf=0.0 (0) dinf=5.495566649979067e9 (11008) time=31.543716257s
[ Info: iter=3159 obj=1.4191482998488946e6 pinf=0.0 (0) dinf=5.495549958226007e9 (11010) time=31.61390606s
[ Info: iter=3160 obj=1.4191482998488946e6 pinf=0.0 (0) dinf=5.49553385736018e9 (11014) time=31.681319262s
[ Info: iter=3161 obj=1.4191482998488946e6 pinf=0.0 (0) dinf=5.495517768486394e9 (11018) time=31.750240565s
[ Info: iter=3162 obj=1.4191482998488946e6 pinf=0.0 (0) dinf=5.495501366086142e9 (11020) time=31.818232567s
[ Info: iter=3163 obj=1.4191482998488946e6 pinf=0.0 (0) dinf=5.495484647206256e9 (11022) time=31.88732927s
[ Info: iter=3164 obj=1.4191482998488946e6 pinf=0.0 (0) dinf=5.49546792832637e9 (11024) time=31.955899272s
[ Info: iter=3165 obj=1.4191482998488946e6 pinf=0.0 (0) dinf=5.495467123288198e9 (11023) time=32.025453475s
[ Info: iter=3166 obj=1.4191482998488946e6 pinf=0.0 (0) dinf=5.495462611768895e9 (11022) time=32.095770477s
[ Info: iter=3167 obj=1.4191482998488946e6 pinf=0.0 (0) dinf=5.4954709241213045e9 (11024) time=32.16535948s
[ Info: iter=3168 obj=1.4191482998488946e6 pinf=0.0 (0) dinf=5.495458226626868e9 (11021) time=32.233385382s
[ Info: iter=3169 obj=1.4191482998488946e6 pinf=0.0 (0) dinf=5.495453367668841e9 (11020) time=32.305084385s
[ Info: iter=3170 obj=1.4191482998488946e6 pinf=0.0 (0) dinf=5.495452744021438e9 (11020) time=32.373251387s
[ Info: iter=3171 obj=1.4191482998488946e6 pinf=0.0 (0) dinf=5.495457317435737e9 (11021) time=32.44213639s
[ Info: iter=3172 obj=1.4191482998488946e6 pinf=0.0 (0) dinf=5.495448245845285e9 (11019) time=32.511953092s
[ Info: iter=3173 obj=1.4191482998488946e6 pinf=0.0 (0) dinf=5.495447635917632e9 (11015) time=32.587160095s
[ Info: iter=3174 obj=1.4191482998488946e6 pinf=0.0 (0) dinf=5.495447032297091e9 (11011) time=32.654099697s
[ Info: iter=3175 obj=1.4191482998488946e6 pinf=0.0 (0) dinf=5.495446733027019e9 (11009) time=32.719604599s
[ Info: iter=3176 obj=1.4191482998488946e6 pinf=0.0 (0) dinf=5.495446420127238e9 (11007) time=32.786152302s
[ Info: iter=3177 obj=1.4191482998488946e6 pinf=0.0 (0) dinf=5.495446237257584e9 (11005) time=32.851328604s
[ Info: iter=3178 obj=1.4191482998488946e6 pinf=0.0 (0) dinf=5.495446563383434e9 (11005) time=32.918275107s
[ Info: iter=3179 obj=1.4191482998488946e6 pinf=0.0 (0) dinf=5.495489980800056e9 (11011) time=32.986367009s
[ Info: iter=3180 obj=1.4191482998488946e6 pinf=0.0 (0) dinf=5.495489872726611e9 (11011) time=33.054902411s
[ Info: iter=3181 obj=1.4191482998488946e6 pinf=0.0 (0) dinf=5.495489764880762e9 (11011) time=33.122389514s
[ Info: iter=3182 obj=1.4191482998488946e6 pinf=0.0 (0) dinf=5.495489656034913e9 (11011) time=33.189204016s
[ Info: iter=3183 obj=1.4191482998488946e6 pinf=0.0 (0) dinf=5.495487558506396e9 (11010) time=33.256762919s
[ Info: iter=3184 obj=1.4191482998488946e6 pinf=0.0 (0) dinf=5.495457627045029e9 (11008) time=33.324326321s
[ Info: iter=3185 obj=1.4191482998488946e6 pinf=0.0 (0) dinf=5.495492538710603e9 (11010) time=33.392035623s
[ Info: iter=3186 obj=1.4191482998488946e6 pinf=0.0 (0) dinf=5.495552905822221e9 (11011) time=33.458965326s
[ Info: iter=3187 obj=1.4191482998488946e6 pinf=0.0 (0) dinf=5.495507628238507e9 (11008) time=33.529208828s
[ Info: iter=3188 obj=1.4191482998488946e6 pinf=0.0 (0) dinf=5.495462114383364e9 (11019) time=33.596510131s
[ Info: iter=3189 obj=1.4191482998488946e6 pinf=0.0 (0) dinf=5.495462575773845e9 (11020) time=33.665858933s
[ Info: iter=3190 obj=1.4191482998488946e6 pinf=0.0 (0) dinf=5.495462838340999e9 (11020) time=33.734984036s
[ Info: iter=3191 obj=1.4191482998488946e6 pinf=0.0 (0) dinf=5.495463606985159e9 (11019) time=33.806517138s
[ Info: iter=3192 obj=1.4191482998488946e6 pinf=0.0 (0) dinf=5.495463699816582e9 (11018) time=33.875513841s
[ Info: iter=3193 obj=1.4191482998488946e6 pinf=0.0 (0) dinf=5.495461933510644e9 (11017) time=33.942531943s
[ Info: iter=3194 obj=1.4191482998488946e6 pinf=0.0 (0) dinf=5.49545982702727e9 (11016) time=34.011416046s
[ Info: iter=3195 obj=1.4191482998488946e6 pinf=0.0 (0) dinf=5.495455908715791e9 (11015) time=34.081409548s
[ Info: iter=3196 obj=1.4191482998488946e6 pinf=0.0 (0) dinf=5.495450815092801e9 (11014) time=34.151203251s
[ Info: iter=3197 obj=1.4191482998488946e6 pinf=0.0 (0) dinf=5.495443656664689e9 (11013) time=34.218489653s
[ Info: iter=3198 obj=1.4191482998488946e6 pinf=0.0 (0) dinf=5.495441642906899e9 (11023) time=34.289304555s
[ Info: iter=3199 obj=1.4191482998488946e6 pinf=0.0 (0) dinf=5.495558344514307e9 (11023) time=34.358502258s
[ Info: iter=3200 obj=1.4191482998488946e6 pinf=0.0 (0) dinf=5.495426690379413e9 (11022) time=34.42496596s
[ Info: iter=3201 obj=1.4191482998488946e6 pinf=0.0 (0) dinf=5.495918427193975e9 (11023) time=34.494088263s
[ Info: iter=3202 obj=1.4191482998488946e6 pinf=0.0 (0) dinf=5.495931116002201e9 (11024) time=34.565109665s
[ Info: iter=3203 obj=1.4191482998488946e6 pinf=0.0 (0) dinf=5.49590879506357e9 (11023) time=34.642126468s
[ Info: iter=3204 obj=1.4191482998488946e6 pinf=0.0 (0) dinf=5.495908795063571e9 (11022) time=34.710848171s
[ Info: iter=3205 obj=1.4191482998488946e6 pinf=0.0 (0) dinf=5.495889116725688e9 (11021) time=34.780022973s
[ Info: iter=3206 obj=1.4191482998488946e6 pinf=0.0 (0) dinf=5.495582925322999e9 (11048) time=34.846999176s
[ Info: iter=3207 obj=1.4191482998488946e6 pinf=0.0 (0) dinf=5.495579635678146e9 (11018) time=34.914201978s
[ Info: iter=3208 obj=1.4191482998488946e6 pinf=0.0 (0) dinf=5.495565519284133e9 (11025) time=34.985501881s
[ Info: iter=3209 obj=1.4191482998488946e6 pinf=0.0 (0) dinf=5.495557490834464e9 (11024) time=35.053621184s
[ Info: iter=3210 obj=1.4191482998488946e6 pinf=0.0 (0) dinf=5.495693049757938e9 (11011) time=35.121673086s
[ Info: iter=3211 obj=1.4191482998488946e6 pinf=0.0 (0) dinf=5.495693150106936e9 (11009) time=35.187692289s
[ Info: iter=3212 obj=1.4191482998488946e6 pinf=0.0 (0) dinf=5.495693250453079e9 (11007) time=35.255596291s
[ Info: iter=3213 obj=1.4191482998488946e6 pinf=0.0 (0) dinf=5.4955885305655775e9 (11004) time=35.322167194s
[ Info: iter=3214 obj=1.4191482998488946e6 pinf=0.0 (0) dinf=5.495678972733469e9 (11016) time=35.389324296s
[ Info: iter=3215 obj=1.4191482998488946e6 pinf=0.0 (0) dinf=5.495662839397295e9 (11023) time=35.458000899s
[ Info: iter=3216 obj=1.4191482998488946e6 pinf=0.0 (0) dinf=5.495653663847409e9 (11022) time=35.525358801s
EVENT refactor_pivot count=300 iter=3249 row=19721 entering=28198 pinf=0.0 dinf=5.4973804995470705e9
PIVOT stored_forward=2.50706790605376e-13 stored_tableau=0.0 direction_norm=8.60362967380059e6 row_residual_ratio=1.0e12
EVENT refactor_pivot count=400 iter=3349 row=14271 entering=23277 pinf=0.0 dinf=5.606037288341943e9
PIVOT stored_forward=6.657553650332074e-12 stored_tableau=0.0 direction_norm=4.2064452789067584e8 row_residual_ratio=1.0e12
EVENT refactor_pivot count=500 iter=3449 row=14271 entering=28198 pinf=0.0 dinf=5.961553616438018e9
PIVOT stored_forward=3.4983893127981e-12 stored_tableau=0.0 direction_norm=8.60362967380059e6 row_residual_ratio=1.0e12
EVENT correction_attempt count=100 iter=3498 row=14271 entering=2977 pinf=0.0 dinf=5.709815769186172e9
[ Info: iter=3217 obj=1.4191482998488946e6 pinf=0.0 (0) dinf=5.498417639746125e9 (11027) time=35.595502804s
[ Info: iter=3218 obj=1.4191482998488946e6 pinf=0.0 (0) dinf=5.495789481326842e9 (10999) time=35.663830907s
[ Info: iter=3219 obj=1.4191482998488946e6 pinf=0.0 (0) dinf=5.495843066238447e9 (10995) time=35.732084109s
[ Info: iter=3220 obj=1.4191482998488946e6 pinf=0.0 (0) dinf=5.495565191236755e9 (11019) time=35.801562112s
[ Info: iter=3221 obj=1.4191482998488946e6 pinf=0.0 (0) dinf=5.495772018258008e9 (11022) time=35.870369314s
[ Info: iter=3222 obj=1.4191482998488946e6 pinf=0.0 (0) dinf=5.495701463820067e9 (11016) time=35.941611217s
[ Info: iter=3223 obj=1.4191482998488946e6 pinf=0.0 (0) dinf=5.495862125755679e9 (11044) time=36.00665522s
[ Info: iter=3224 obj=1.4191482998488946e6 pinf=0.0 (0) dinf=5.495742568913688e9 (11018) time=36.074047722s
[ Info: iter=3225 obj=1.4191482998488946e6 pinf=0.0 (0) dinf=5.495660763945082e9 (11018) time=36.141916425s
[ Info: iter=3226 obj=1.4191482998488946e6 pinf=0.0 (0) dinf=5.495656417002073e9 (11018) time=36.209510627s
[ Info: iter=3227 obj=1.4191482998488946e6 pinf=0.0 (0) dinf=5.495737889519904e9 (11016) time=36.27689103s
[ Info: iter=3228 obj=1.4191482998488946e6 pinf=0.0 (0) dinf=5.495656850535077e9 (11019) time=36.346393532s
[ Info: iter=3229 obj=1.4191482998488946e6 pinf=0.0 (0) dinf=5.495656252337186e9 (11017) time=36.415439535s
[ Info: iter=3230 obj=1.4191482998488946e6 pinf=0.0 (0) dinf=5.495813536921583e9 (11020) time=36.484026837s
[ Info: iter=3231 obj=1.4191482998488946e6 pinf=0.0 (0) dinf=5.495671696043978e9 (11017) time=36.55027094s
[ Info: iter=3232 obj=1.4191482998488946e6 pinf=0.0 (0) dinf=5.495676394727309e9 (11019) time=36.621436843s
[ Info: iter=3233 obj=1.4191482998488946e6 pinf=0.0 (0) dinf=5.495679566772221e9 (11022) time=36.691788945s
[ Info: iter=3234 obj=1.4191482998488946e6 pinf=0.0 (0) dinf=5.495673096501476e9 (11018) time=36.757123148s
[ Info: iter=3235 obj=1.4191482998488946e6 pinf=0.0 (0) dinf=5.496051713543592e9 (11019) time=36.82344915s
[ Info: iter=3236 obj=1.4191482998488946e6 pinf=0.0 (0) dinf=5.495627522731348e9 (11015) time=36.894336753s
[ Info: iter=3237 obj=1.4191482998488946e6 pinf=0.0 (0) dinf=5.495841845902301e9 (11016) time=36.963788956s
[ Info: iter=3238 obj=1.4191482998488946e6 pinf=0.0 (0) dinf=5.495851822874047e9 (11016) time=37.032638058s
[ Info: iter=3239 obj=1.4191482998488946e6 pinf=0.0 (0) dinf=5.49599550121689e9 (11016) time=37.102149361s
[ Info: iter=3240 obj=1.4191482998488946e6 pinf=0.0 (0) dinf=5.49586722706737e9 (11025) time=37.168949163s
[ Info: iter=3241 obj=1.4191482998488946e6 pinf=0.0 (0) dinf=5.495874929896882e9 (11026) time=37.234787566s
[ Info: iter=3242 obj=1.4191482998488946e6 pinf=0.0 (0) dinf=5.495882106113719e9 (11027) time=37.302705168s
[ Info: iter=3243 obj=1.4191482998488946e6 pinf=0.0 (0) dinf=5.495868373058389e9 (11031) time=37.373366071s
[ Info: iter=3244 obj=1.4191482998488946e6 pinf=0.0 (0) dinf=5.495888404370478e9 (11033) time=37.440380473s
[ Info: iter=3245 obj=1.4191482998488946e6 pinf=0.0 (0) dinf=5.495901409034356e9 (11036) time=37.505146476s
[ Info: iter=3246 obj=1.4191482998488946e6 pinf=0.0 (0) dinf=5.495874501422381e9 (11032) time=37.572957378s
[ Info: iter=3247 obj=1.4191482998488946e6 pinf=0.0 (0) dinf=5.495637287416999e9 (11030) time=37.638914481s
[ Info: iter=3248 obj=1.4191482998488946e6 pinf=0.0 (0) dinf=5.495728132056113e9 (11031) time=37.705297383s
[ Info: iter=3249 obj=1.4191482998488946e6 pinf=0.0 (0) dinf=5.4973804995470705e9 (11033) time=37.774336486s
[ Info: iter=3250 obj=1.4191482998488946e6 pinf=0.0 (0) dinf=5.496133723438858e9 (11030) time=37.844794489s
[ Info: iter=3251 obj=1.4191482998488946e6 pinf=0.0 (0) dinf=5.496017353559286e9 (11029) time=37.911609291s
[ Info: iter=3252 obj=1.4191482998488946e6 pinf=0.0 (0) dinf=5.5493412455960455e9 (11059) time=37.980080194s
[ Info: iter=3253 obj=1.4191482998488946e6 pinf=0.0 (0) dinf=5.549232833805821e9 (11057) time=38.049759296s
[ Info: iter=3254 obj=1.4191482998488946e6 pinf=0.0 (0) dinf=5.549353163838488e9 (11056) time=38.116028899s
[ Info: iter=3255 obj=1.4191482998488946e6 pinf=0.0 (0) dinf=5.549324160266829e9 (11055) time=38.182822201s
[ Info: iter=3256 obj=1.4191482998488946e6 pinf=0.0 (0) dinf=5.549292993603556e9 (11056) time=38.253481604s
[ Info: iter=3257 obj=1.4191482998488946e6 pinf=0.0 (0) dinf=5.548741940439567e9 (11056) time=38.326298407s
[ Info: iter=3258 obj=1.4191482998488946e6 pinf=0.0 (0) dinf=5.549295696584355e9 (11059) time=38.395775109s
[ Info: iter=3259 obj=1.4191482998488946e6 pinf=0.0 (0) dinf=5.549293626333417e9 (11057) time=38.463879312s
[ Info: iter=3260 obj=1.4191482998488946e6 pinf=0.0 (0) dinf=5.552170915976838e9 (11056) time=38.535417415s
[ Info: iter=3261 obj=1.4191482998488946e6 pinf=0.0 (0) dinf=5.5502535786417675e9 (11055) time=38.609014917s
[ Info: iter=3262 obj=1.4191482998488946e6 pinf=0.0 (0) dinf=5.550258368572207e9 (11055) time=38.68279972s
[ Info: iter=3263 obj=1.4191482998488946e6 pinf=0.0 (0) dinf=5.55212615504954e9 (11053) time=38.753405823s
[ Info: iter=3264 obj=1.4191482998488946e6 pinf=0.0 (0) dinf=5.548345847011854e9 (11055) time=38.824336825s
[ Info: iter=3265 obj=1.4191482998488946e6 pinf=0.0 (0) dinf=5.5480395663780155e9 (11054) time=38.894793928s
[ Info: iter=3266 obj=1.4191482998488946e6 pinf=0.0 (0) dinf=5.55091685598875e9 (11055) time=38.965287431s
[ Info: iter=3267 obj=1.4191482998488946e6 pinf=0.0 (0) dinf=5.549000787156031e9 (11054) time=39.036283033s
[ Info: iter=3268 obj=1.4191482998488946e6 pinf=0.0 (0) dinf=5.547096013420005e9 (11052) time=39.107030136s
[ Info: iter=3269 obj=1.4191482998488946e6 pinf=0.0 (0) dinf=5.547092128588456e9 (11052) time=39.176055239s
[ Info: iter=3270 obj=1.4191482998488946e6 pinf=0.0 (0) dinf=5.549969418194733e9 (11053) time=39.259773742s
[ Info: iter=3271 obj=1.4191482998488946e6 pinf=0.0 (0) dinf=5.548036230460563e9 (11051) time=39.330395545s
[ Info: iter=3272 obj=1.4191482998488946e6 pinf=0.0 (0) dinf=5.548038566344884e9 (11051) time=39.395113547s
[ Info: iter=3273 obj=1.4191482998488946e6 pinf=0.0 (0) dinf=5.546199491533315e9 (11049) time=39.461979549s
[ Info: iter=3274 obj=1.4191482998488946e6 pinf=0.0 (0) dinf=5.546084398950114e9 (11049) time=39.535236852s
[ Info: iter=3275 obj=1.4191482998488946e6 pinf=0.0 (0) dinf=5.546019459960557e9 (11048) time=39.606852155s
[ Info: iter=3276 obj=1.4191482998488946e6 pinf=0.0 (0) dinf=5.545702957442951e9 (11048) time=39.678442858s
[ Info: iter=3277 obj=1.4191482998488946e6 pinf=0.0 (0) dinf=5.548695335067483e9 (11049) time=39.75198786s
[ Info: iter=3278 obj=1.4191482998488946e6 pinf=0.0 (0) dinf=5.546765915621517e9 (11048) time=39.824358063s
[ Info: iter=3279 obj=1.4191482998488946e6 pinf=0.0 (0) dinf=5.544867776170633e9 (11046) time=39.893491966s
[ Info: iter=3280 obj=1.4191482998488946e6 pinf=0.0 (0) dinf=5.544863848076143e9 (11046) time=39.960635568s
[ Info: iter=3281 obj=1.4191482998488946e6 pinf=0.0 (0) dinf=5.544875808133507e9 (11045) time=40.030990171s
[ Info: iter=3282 obj=1.4191482998488946e6 pinf=0.0 (0) dinf=5.553909176810262e9 (11049) time=40.103622474s
[ Info: iter=3283 obj=1.4191482998488946e6 pinf=0.0 (0) dinf=5.544875807338244e9 (11045) time=40.175523076s
[ Info: iter=3284 obj=1.4191482998488946e6 pinf=0.0 (0) dinf=5.544732432040589e9 (11040) time=40.249150579s
[ Info: iter=3285 obj=1.4191482998488946e6 pinf=0.0 (0) dinf=5.54461734064841e9 (11040) time=40.327643482s
[ Info: iter=3286 obj=1.4191482998488946e6 pinf=0.0 (0) dinf=5.547609716851821e9 (11041) time=40.400607685s
[ Info: iter=3287 obj=1.4191482998488946e6 pinf=0.0 (0) dinf=5.545680298288453e9 (11040) time=40.473019087s
[ Info: iter=3288 obj=1.4191482998488946e6 pinf=0.0 (0) dinf=5.543782159739015e9 (11038) time=40.54569659s
[ Info: iter=3289 obj=1.4191482998488946e6 pinf=0.0 (0) dinf=5.543778231650309e9 (11038) time=40.612732593s
[ Info: iter=3290 obj=1.4191482998488946e6 pinf=0.0 (0) dinf=5.543790191714924e9 (11037) time=40.682751695s
[ Info: iter=3291 obj=1.4191482998488946e6 pinf=0.0 (0) dinf=5.546651939327193e9 (11038) time=40.763852198s
[ Info: iter=3292 obj=1.4191482998488946e6 pinf=0.0 (0) dinf=5.543790191714924e9 (11036) time=40.836993801s
[ Info: iter=3293 obj=1.4191482998488946e6 pinf=0.0 (0) dinf=5.578757657397118e9 (11041) time=40.913635404s
[ Info: iter=3294 obj=1.4191482998488946e6 pinf=0.0 (0) dinf=5.57376702850809e9 (11040) time=40.988949007s
[ Info: iter=3295 obj=1.4191482998488946e6 pinf=0.0 (0) dinf=5.569555274932978e9 (11044) time=41.06384081s
[ Info: iter=3296 obj=1.4191482998488946e6 pinf=0.0 (0) dinf=5.568264018966837e9 (11046) time=41.140090013s
[ Info: iter=3297 obj=1.4191482998488946e6 pinf=0.0 (0) dinf=5.568136233049357e9 (11042) time=41.214243615s
[ Info: iter=3298 obj=1.4191482998488946e6 pinf=0.0 (0) dinf=1.273353919237629e10 (11096) time=41.287805018s
[ Info: iter=3299 obj=1.4191482998488946e6 pinf=0.0 (0) dinf=1.2733331151203476e10 (11096) time=41.367320721s
[ Info: iter=3300 obj=1.4191482998488946e6 pinf=0.0 (0) dinf=1.2732518338044216e10 (11095) time=41.444020824s
[ Info: iter=3301 obj=1.4191482998488946e6 pinf=0.0 (0) dinf=1.2731705524861568e10 (11094) time=41.519660527s
[ Info: iter=3302 obj=1.4191482998488946e6 pinf=0.0 (0) dinf=1.2704158871829092e10 (11094) time=41.59352323s
[ Info: iter=3303 obj=1.4191482998488946e6 pinf=0.0 (0) dinf=1.2704576550510384e10 (11095) time=41.669545932s
[ Info: iter=3304 obj=1.4191482998488946e6 pinf=0.0 (0) dinf=1.2704968085944395e10 (11096) time=41.746946935s
[ Info: iter=3305 obj=1.4191482998488946e6 pinf=0.0 (0) dinf=1.2704719719104153e10 (11100) time=41.824316738s
[ Info: iter=3306 obj=1.4191482998488946e6 pinf=0.0 (0) dinf=1.2703466274289488e10 (11093) time=41.901451141s
[ Info: iter=3307 obj=1.4191482998488946e6 pinf=0.0 (0) dinf=1.2702628024845377e10 (11090) time=41.976776544s
[ Info: iter=3308 obj=1.4191482998488946e6 pinf=0.0 (0) dinf=5.805021094091719e9 (11093) time=42.051764047s
[ Info: iter=3309 obj=1.4191482998488946e6 pinf=0.0 (0) dinf=5.805021094091718e9 (11092) time=42.13072495s
[ Info: iter=3310 obj=1.4191482998488946e6 pinf=0.0 (0) dinf=5.626637781243258e9 (11098) time=42.212522053s
[ Info: iter=3311 obj=1.4191482998488946e6 pinf=0.0 (0) dinf=5.574710347997105e9 (11106) time=42.306182356s
[ Info: iter=3312 obj=1.4191482998488946e6 pinf=0.0 (0) dinf=5.574234829797522e9 (11105) time=42.387098759s
[ Info: iter=3313 obj=1.4191482998488946e6 pinf=0.0 (0) dinf=5.577127517407847e9 (11107) time=42.469402863s
[ Info: iter=3314 obj=1.4191482998488946e6 pinf=0.0 (0) dinf=5.583610618696137e9 (11103) time=42.545906565s
[ Info: iter=3315 obj=1.4191482998488946e6 pinf=0.0 (0) dinf=5.580764088042359e9 (11100) time=42.623963967s
[ Info: iter=3316 obj=1.4191482998488946e6 pinf=0.0 (0) dinf=5.577117874105908e9 (11106) time=42.70273177s
[ Info: iter=3317 obj=1.4191482998488946e6 pinf=0.0 (0) dinf=5.5776464233385315e9 (11102) time=42.783313772s
[ Info: iter=3318 obj=1.4191482998488946e6 pinf=0.0 (0) dinf=5.577600792163165e9 (11107) time=42.859855574s
[ Info: iter=3319 obj=1.4191482998488946e6 pinf=0.0 (0) dinf=5.577600810249126e9 (11106) time=42.917588375s
[ Info: iter=3320 obj=1.4191482998488946e6 pinf=0.0 (0) dinf=5.577600746508645e9 (11105) time=42.965453576s
[ Info: iter=3321 obj=1.4191482998488946e6 pinf=0.0 (0) dinf=5.577600759782325e9 (11105) time=43.038449878s
[ Info: iter=3322 obj=1.4191482998488946e6 pinf=0.0 (0) dinf=5.577600777680145e9 (11104) time=43.125065581s
[ Info: iter=3323 obj=1.4191482998488946e6 pinf=0.0 (0) dinf=5.577600678313918e9 (11103) time=43.197094882s
[ Info: iter=3324 obj=1.4191482998488946e6 pinf=0.0 (0) dinf=5.577600725073046e9 (11104) time=43.271000684s
[ Info: iter=3325 obj=1.4191482998488946e6 pinf=0.0 (0) dinf=5.577599561103653e9 (11103) time=43.345831286s
[ Info: iter=3326 obj=1.4191482998488946e6 pinf=0.0 (0) dinf=5.577599541565874e9 (11102) time=43.418027988s
[ Info: iter=3327 obj=1.4191482998488946e6 pinf=0.0 (0) dinf=5.577599473012131e9 (11101) time=43.49562309s
[ Info: iter=3328 obj=1.4191482998488946e6 pinf=0.0 (0) dinf=5.577599120828873e9 (11100) time=43.560645092s
[ Info: iter=3329 obj=1.4191482998488946e6 pinf=0.0 (0) dinf=5.577599297812072e9 (11100) time=43.630888694s
[ Info: iter=3330 obj=1.4191482998488946e6 pinf=0.0 (0) dinf=5.577599280882461e9 (11099) time=43.701359496s
[ Info: iter=3331 obj=1.4191482998488946e6 pinf=0.0 (0) dinf=5.577586251828753e9 (11098) time=43.776954798s
[ Info: iter=3332 obj=1.4191482998488946e6 pinf=0.0 (0) dinf=5.577523968319732e9 (11095) time=43.8516555s
[ Info: iter=3333 obj=1.4191482998488946e6 pinf=0.0 (0) dinf=5.577498778755576e9 (11094) time=43.929198802s
[ Info: iter=3334 obj=1.4191482998488946e6 pinf=0.0 (0) dinf=5.577473589203367e9 (11094) time=44.005346704s
[ Info: iter=3335 obj=1.4191482998488946e6 pinf=0.0 (0) dinf=5.577587632637459e9 (11097) time=44.083101206s
[ Info: iter=3336 obj=1.4191482998488946e6 pinf=0.0 (0) dinf=5.577562443073304e9 (11096) time=44.157863508s
[ Info: iter=3337 obj=1.4191482998488946e6 pinf=0.0 (0) dinf=5.579088479018424e9 (11096) time=44.24069811s
[ Info: iter=3338 obj=1.4191482998488946e6 pinf=0.0 (0) dinf=5.577117857637209e9 (11098) time=44.319050512s
[ Info: iter=3339 obj=1.4191482998488946e6 pinf=0.0 (0) dinf=5.582029197454901e9 (11095) time=44.390511414s
[ Info: iter=3340 obj=1.4191482998488946e6 pinf=0.0 (0) dinf=5.575223054317827e9 (11100) time=44.466012416s
[ Info: iter=3341 obj=1.4191482998488946e6 pinf=0.0 (0) dinf=5.575213412025888e9 (11100) time=44.543407218s
[ Info: iter=3342 obj=1.4191482998488946e6 pinf=0.0 (0) dinf=5.574037333818624e9 (11099) time=44.62013272s
[ Info: iter=3343 obj=1.4191482998488946e6 pinf=0.0 (0) dinf=5.573631348535732e9 (11098) time=44.700847422s
[ Info: iter=3344 obj=1.4191482998488946e6 pinf=0.0 (0) dinf=5.573639500435148e9 (11097) time=44.784781824s
[ Info: iter=3345 obj=1.4191482998488946e6 pinf=0.0 (0) dinf=5.582566887926664e9 (11090) time=44.860221126s
[ Info: iter=3346 obj=1.4191482998488946e6 pinf=0.0 (0) dinf=5.5824533502548485e9 (11091) time=44.930298828s
[ Info: iter=3347 obj=1.4191482998488946e6 pinf=0.0 (0) dinf=5.583954458054874e9 (11087) time=45.00295733s
[ Info: iter=3348 obj=1.4191482998488946e6 pinf=0.0 (0) dinf=5.5854555658549e9 (11085) time=45.077629532s
[ Info: iter=3349 obj=1.4191482998488946e6 pinf=0.0 (0) dinf=5.606037288341943e9 (11089) time=45.152004634s
[ Info: iter=3350 obj=1.4191482998488946e6 pinf=0.0 (0) dinf=5.605734640991441e9 (11087) time=45.226897136s
[ Info: iter=3351 obj=1.4191482998488946e6 pinf=0.0 (0) dinf=5.606037294627155e9 (11087) time=45.300992538s
[ Info: iter=3352 obj=1.4191482998488946e6 pinf=0.0 (0) dinf=5.581929927446378e9 (11082) time=45.37173924s
[ Info: iter=3353 obj=1.4191482998488946e6 pinf=0.0 (0) dinf=5.57929160308681e9 (11103) time=45.441024541s
[ Info: iter=3354 obj=1.4191482998488946e6 pinf=0.0 (0) dinf=5.582994690164627e9 (11105) time=45.511203043s
[ Info: iter=3355 obj=1.4191482998488946e6 pinf=0.0 (0) dinf=5.580328298659027e9 (11109) time=45.586320545s
[ Info: iter=3356 obj=1.4191482998488946e6 pinf=0.0 (0) dinf=5.579504896970585e9 (11110) time=45.658139147s
[ Info: iter=3357 obj=1.4191482998488946e6 pinf=0.0 (0) dinf=5.579504144114244e9 (11110) time=45.729230849s
[ Info: iter=3358 obj=1.4191482998488946e6 pinf=0.0 (0) dinf=5.579503391551582e9 (11109) time=45.799971451s
[ Info: iter=3359 obj=1.4191482998488946e6 pinf=0.0 (0) dinf=5.578680578093571e9 (11110) time=45.872494353s
[ Info: iter=3360 obj=1.4191482998488946e6 pinf=0.0 (0) dinf=5.57858276911515e9 (11106) time=45.945330955s
[ Info: iter=3361 obj=1.4191482998488946e6 pinf=0.0 (0) dinf=5.575026391104069e9 (11105) time=46.018644456s
[ Info: iter=3362 obj=1.4191482998488946e6 pinf=0.0 (0) dinf=5.573965947502452e9 (11103) time=46.091994558s
[ Info: iter=3363 obj=1.4191482998488946e6 pinf=0.0 (0) dinf=5.572907725781298e9 (11102) time=46.16548606s
[ Info: iter=3364 obj=1.4191482998488946e6 pinf=0.0 (0) dinf=5.572906911269031e9 (11102) time=46.237377262s
[ Info: iter=3365 obj=1.4191482998488946e6 pinf=0.0 (0) dinf=5.572903583468484e9 (11101) time=46.311328364s
[ Info: iter=3366 obj=1.4191482998488946e6 pinf=0.0 (0) dinf=5.572900255667936e9 (11101) time=46.383520066s
[ Info: iter=3367 obj=1.4191482998488946e6 pinf=0.0 (0) dinf=5.573781439695416e9 (11101) time=46.455213768s
[ Info: iter=3368 obj=1.4191482998488946e6 pinf=0.0 (0) dinf=5.573778512750177e9 (11101) time=46.52617417s
[ Info: iter=3369 obj=1.4191482998488946e6 pinf=0.0 (0) dinf=5.572901317652531e9 (11100) time=46.600752272s
[ Info: iter=3370 obj=1.4191482998488946e6 pinf=0.0 (0) dinf=5.572294863595651e9 (11100) time=46.673114674s
[ Info: iter=3371 obj=1.4191482998488946e6 pinf=0.0 (0) dinf=5.572907131233428e9 (11103) time=46.745301376s
[ Info: iter=3372 obj=1.4191482998488946e6 pinf=0.0 (0) dinf=5.57290475113823e9 (11103) time=46.817515477s
[ Info: iter=3373 obj=1.4191482998488946e6 pinf=0.0 (0) dinf=5.57290237133671e9 (11102) time=46.891733779s
[ Info: iter=3374 obj=1.4191482998488946e6 pinf=0.0 (0) dinf=5.572568029040835e9 (11101) time=46.961376481s
[ Info: iter=3375 obj=1.4191482998488946e6 pinf=0.0 (0) dinf=5.572564939486453e9 (11101) time=47.032446883s
[ Info: iter=3376 obj=1.4191482998488946e6 pinf=0.0 (0) dinf=5.572561511427263e9 (11100) time=47.106091785s
[ Info: iter=3377 obj=1.4191482998488946e6 pinf=0.0 (0) dinf=5.572559411787939e9 (11099) time=47.178550887s
[ Info: iter=3378 obj=1.4191482998488946e6 pinf=0.0 (0) dinf=5.578300735023104e9 (11103) time=47.250461689s
[ Info: iter=3379 obj=1.4191482998488946e6 pinf=0.0 (0) dinf=5.578300735023104e9 (11102) time=47.329416291s
[ Info: iter=3380 obj=1.4191482998488946e6 pinf=0.0 (0) dinf=5.573993252861218e9 (11109) time=47.402256993s
[ Info: iter=3381 obj=1.4191482998488946e6 pinf=0.0 (0) dinf=5.573143716851008e9 (11116) time=47.474513395s
[ Info: iter=3382 obj=1.4191482998488946e6 pinf=0.0 (0) dinf=5.572666196150741e9 (11107) time=47.544537097s
[ Info: iter=3383 obj=1.4191482998488946e6 pinf=0.0 (0) dinf=5.5734574368491955e9 (11106) time=47.621255399s
[ Info: iter=3384 obj=1.4191482998488946e6 pinf=0.0 (0) dinf=5.575395403195663e9 (11105) time=47.6963171s
[ Info: iter=3385 obj=1.4191482998488946e6 pinf=0.0 (0) dinf=5.575085171838084e9 (11105) time=47.774881503s
[ Info: iter=3386 obj=1.4191482998488946e6 pinf=0.0 (0) dinf=5.578278954910892e9 (11106) time=47.852811305s
[ Info: iter=3387 obj=1.4191482998488946e6 pinf=0.0 (0) dinf=5.576380179973309e9 (11105) time=47.927639907s
[ Info: iter=3388 obj=1.4191482998488946e6 pinf=0.0 (0) dinf=5.574481512296593e9 (11103) time=48.000986408s
[ Info: iter=3389 obj=1.4191482998488946e6 pinf=0.0 (0) dinf=5.58254749806639e9 (11104) time=48.079321311s
[ Info: iter=3390 obj=1.4191482998488946e6 pinf=0.0 (0) dinf=5.5826681829932575e9 (11104) time=48.154362213s
[ Info: iter=3391 obj=1.4191482998488946e6 pinf=0.0 (0) dinf=5.582668222802895e9 (11101) time=48.225967714s
[ Info: iter=3392 obj=1.4191482998488946e6 pinf=0.0 (0) dinf=5.57564626534024e9 (11102) time=48.297218816s
[ Info: iter=3393 obj=1.4191482998488946e6 pinf=0.0 (0) dinf=5.575653805531783e9 (11099) time=48.368578218s
[ Info: iter=3394 obj=1.4191482998488946e6 pinf=0.0 (0) dinf=5.575644598681681e9 (11099) time=48.44060112s
[ Info: iter=3395 obj=1.4191482998488946e6 pinf=0.0 (0) dinf=5.615785578099323e9 (11099) time=48.509856722s
[ Info: iter=3396 obj=1.4191482998488946e6 pinf=0.0 (0) dinf=5.551177605040368e9 (11097) time=48.581585324s
[ Info: iter=3397 obj=1.4191482998488946e6 pinf=0.0 (0) dinf=5.5530233202803335e9 (11099) time=48.657659626s
[ Info: iter=3398 obj=1.4191482998488946e6 pinf=0.0 (0) dinf=5.553056905462074e9 (11099) time=48.727552928s
[ Info: iter=3399 obj=1.4191482998488946e6 pinf=0.0 (0) dinf=5.553046724727045e9 (11098) time=48.795394229s
[ Info: iter=3400 obj=1.4191482998488946e6 pinf=0.0 (0) dinf=5.547929938077924e9 (11096) time=48.868564831s
[ Info: iter=3401 obj=1.4191482998488946e6 pinf=0.0 (0) dinf=5.547926312667805e9 (11096) time=48.945844033s
[ Info: iter=3402 obj=1.4191482998488946e6 pinf=0.0 (0) dinf=5.547909578045937e9 (11096) time=49.016721635s
[ Info: iter=3403 obj=1.4191482998488946e6 pinf=0.0 (0) dinf=5.545465072997292e9 (11095) time=49.086772937s
[ Info: iter=3404 obj=1.4191482998488946e6 pinf=0.0 (0) dinf=5.545140737889369e9 (11095) time=49.161657239s
[ Info: iter=3405 obj=1.4191482998488946e6 pinf=0.0 (0) dinf=5.553573450714385e9 (11096) time=49.233236841s
[ Info: iter=3406 obj=1.4191482998488946e6 pinf=0.0 (0) dinf=5.548199632192679e9 (11097) time=49.308461743s
[ Info: iter=3407 obj=1.4191482998488946e6 pinf=0.0 (0) dinf=5.548234555614589e9 (11097) time=49.379573045s
[ Info: iter=3408 obj=1.4191482998488946e6 pinf=0.0 (0) dinf=5.548223969223528e9 (11096) time=49.449298846s
[ Info: iter=3409 obj=1.4191482998488946e6 pinf=0.0 (0) dinf=5.542874912131016e9 (11094) time=49.519326548s
[ Info: iter=3410 obj=1.4191482998488946e6 pinf=0.0 (0) dinf=5.5428712867186985e9 (11094) time=49.59161615s
[ Info: iter=3411 obj=1.4191482998488946e6 pinf=0.0 (0) dinf=5.542853626689746e9 (11094) time=49.663614852s
[ Info: iter=3412 obj=1.4191482998488946e6 pinf=0.0 (0) dinf=5.542981139026252e9 (11095) time=49.733853654s
[ Info: iter=3413 obj=1.4191482998488946e6 pinf=0.0 (0) dinf=5.542972590679012e9 (11095) time=49.807284856s
[ Info: iter=3414 obj=1.4191482998488946e6 pinf=0.0 (0) dinf=5.54314286501109e9 (11094) time=49.878678258s
[ Info: iter=3415 obj=1.4191482998488946e6 pinf=0.0 (0) dinf=5.543113950729786e9 (11093) time=49.95069696s
[ Info: iter=3416 obj=1.4191482998488946e6 pinf=0.0 (0) dinf=5.542919921624889e9 (11088) time=50.024067662s
[ Info: iter=3417 obj=1.4191482998488946e6 pinf=0.0 (0) dinf=5.542995835314906e9 (11089) time=50.096787663s
[ Info: iter=3418 obj=1.4191482998488946e6 pinf=0.0 (0) dinf=5.543071748980054e9 (11090) time=50.175871966s
[ Info: iter=3419 obj=1.4191482998488946e6 pinf=0.0 (0) dinf=5.565459953643545e9 (11093) time=50.254693668s
[ Info: iter=3420 obj=1.4191482998488946e6 pinf=0.0 (0) dinf=5.570294012691299e9 (11095) time=50.33409107s
[ Info: iter=3421 obj=1.4191482998488946e6 pinf=0.0 (0) dinf=5.568565350825113e9 (11094) time=50.411103772s
[ Info: iter=3422 obj=1.4191482998488946e6 pinf=0.0 (0) dinf=5.566836688731331e9 (11093) time=50.486927374s
[ Info: iter=3423 obj=1.4191482998488946e6 pinf=0.0 (0) dinf=5.565764599465282e9 (11092) time=50.559283476s
[ Info: iter=3424 obj=1.4191482998488946e6 pinf=0.0 (0) dinf=5.548567553450682e9 (11090) time=50.633259577s
[ Info: iter=3425 obj=1.4191482998488946e6 pinf=0.0 (0) dinf=5.570062149144956e9 (11093) time=50.710383879s
[ Info: iter=3426 obj=1.4191482998488946e6 pinf=0.0 (0) dinf=5.601580238683716e9 (11094) time=50.786140481s
[ Info: iter=3427 obj=1.4191482998488946e6 pinf=0.0 (0) dinf=5.577941669279646e9 (11091) time=50.859517783s
[ Info: iter=3428 obj=1.4191482998488946e6 pinf=0.0 (0) dinf=5.564446156614696e9 (11108) time=50.941905185s
[ Info: iter=3429 obj=1.4191482998488946e6 pinf=0.0 (0) dinf=5.585330897600539e9 (11091) time=51.014290887s
[ Info: iter=3430 obj=1.4191482998488946e6 pinf=0.0 (0) dinf=5.544168632341125e9 (11106) time=51.087642089s
[ Info: iter=3431 obj=1.4191482998488946e6 pinf=0.0 (0) dinf=5.543969373453168e9 (11106) time=51.163599691s
[ Info: iter=3432 obj=1.4191482998488946e6 pinf=0.0 (0) dinf=5.543934577413777e9 (11103) time=51.240960192s
[ Info: iter=3433 obj=1.4191482998488946e6 pinf=0.0 (0) dinf=5.543899781429912e9 (11100) time=51.317339294s
[ Info: iter=3434 obj=1.4191482998488946e6 pinf=0.0 (0) dinf=5.543853794590326e9 (11098) time=51.390205996s
[ Info: iter=3435 obj=1.4191482998488946e6 pinf=0.0 (0) dinf=5.597389360798126e9 (11088) time=51.465526598s
[ Info: iter=3436 obj=1.4191482998488946e6 pinf=0.0 (0) dinf=5.605428534741243e9 (11086) time=51.5404782s
[ Info: iter=3437 obj=1.4191482998488946e6 pinf=0.0 (0) dinf=5.635646795540497e9 (11088) time=51.618589002s
[ Info: iter=3438 obj=1.4191482998488946e6 pinf=0.0 (0) dinf=5.635552234256318e9 (11084) time=51.690545804s
[ Info: iter=3439 obj=1.4191482998488946e6 pinf=0.0 (0) dinf=5.635646789544614e9 (11085) time=51.763252805s
[ Info: iter=3440 obj=1.4191482998488946e6 pinf=0.0 (0) dinf=5.6346580587689905e9 (11086) time=51.834928907s
[ Info: iter=3441 obj=1.4191482998488946e6 pinf=0.0 (0) dinf=5.563585593373666e9 (11097) time=51.908252409s
[ Info: iter=3442 obj=1.4191482998488946e6 pinf=0.0 (0) dinf=5.543940422605568e9 (11144) time=51.978331911s
[ Info: iter=3443 obj=1.4191482998488946e6 pinf=0.0 (0) dinf=5.608933919516653e9 (11149) time=52.049082512s
[ Info: iter=3444 obj=1.4191482998488946e6 pinf=0.0 (0) dinf=5.609354663840046e9 (11148) time=52.121002214s
[ Info: iter=3445 obj=1.4191482998488946e6 pinf=0.0 (0) dinf=5.580642567061105e9 (11094) time=52.192363616s
[ Info: iter=3446 obj=1.4191482998488946e6 pinf=0.0 (0) dinf=5.694112351414844e9 (11096) time=52.276061018s
[ Info: iter=3447 obj=1.4191482998488946e6 pinf=0.0 (0) dinf=5.611621959189744e9 (11153) time=52.35408352s
[ Info: iter=3448 obj=1.4191482998488946e6 pinf=0.0 (0) dinf=5.96378454148701e9 (11157) time=52.428209022s
[ Info: iter=3449 obj=1.4191482998488946e6 pinf=0.0 (0) dinf=5.961553616438018e9 (11151) time=52.499120023s
[ Info: iter=3450 obj=1.4191482998488946e6 pinf=0.0 (0) dinf=5.93592032023974e9 (11140) time=52.570031425s
[ Info: iter=3451 obj=1.4191482998488946e6 pinf=0.0 (0) dinf=5.945815019958574e9 (11145) time=52.641960027s
[ Info: iter=3452 obj=1.4191482998488946e6 pinf=0.0 (0) dinf=5.94581501995904e9 (11145) time=52.710610329s
[ Info: iter=3453 obj=1.4191482998488946e6 pinf=0.0 (0) dinf=5.945748481559402e9 (11142) time=52.78281733s
[ Info: iter=3454 obj=1.4191482998488946e6 pinf=0.0 (0) dinf=5.947280850296273e9 (11146) time=52.852694532s
[ Info: iter=3455 obj=1.4191482998488946e6 pinf=0.0 (0) dinf=5.946085643553374e9 (11143) time=52.923452134s
[ Info: iter=3456 obj=1.4191482998488946e6 pinf=0.0 (0) dinf=5.945411317896947e9 (11141) time=53.005793836s
[ Info: iter=3457 obj=1.4191482998488946e6 pinf=0.0 (0) dinf=5.9356314560357065e9 (11141) time=53.076077638s
[ Info: iter=3458 obj=1.4191482998488946e6 pinf=0.0 (0) dinf=5.93560730627202e9 (11140) time=53.15165024s
[ Info: iter=3459 obj=1.4191482998488946e6 pinf=0.0 (0) dinf=5.935564917639039e9 (11138) time=53.221602341s
[ Info: iter=3460 obj=1.4191482998488946e6 pinf=0.0 (0) dinf=5.893731595611398e9 (11137) time=53.293601143s
[ Info: iter=3461 obj=1.4191482998488946e6 pinf=0.0 (0) dinf=5.851898275699208e9 (11136) time=53.366536245s
[ Info: iter=3462 obj=1.4191482998488946e6 pinf=0.0 (0) dinf=5.851898267471612e9 (11130) time=53.435870447s
[ Info: iter=3463 obj=1.4191482998488946e6 pinf=0.0 (0) dinf=6.100511560204552e9 (11135) time=53.509233248s
[ Info: iter=3464 obj=1.4191482998488946e6 pinf=0.0 (0) dinf=6.058723691804612e9 (11138) time=53.58135665s
[ Info: iter=3465 obj=1.4191482998488946e6 pinf=0.0 (0) dinf=6.018474229024721e9 (11141) time=53.649567452s
[ Info: iter=3466 obj=1.4191482998488946e6 pinf=0.0 (0) dinf=5.977683779189999e9 (11143) time=53.720927154s
[ Info: iter=3467 obj=1.4191482998488946e6 pinf=0.0 (0) dinf=5.936080216394502e9 (11145) time=53.793951355s
[ Info: iter=3468 obj=1.4191482998488946e6 pinf=0.0 (0) dinf=5.894295961829943e9 (11146) time=53.866234557s
[ Info: iter=3469 obj=1.4191482998488946e6 pinf=0.0 (0) dinf=5.852782744918976e9 (11147) time=53.936366559s
[ Info: iter=3470 obj=1.4191482998488946e6 pinf=0.0 (0) dinf=5.811992295084251e9 (11149) time=54.008861661s
[ Info: iter=3471 obj=1.4191482998488946e6 pinf=0.0 (0) dinf=5.810636043880324e9 (11146) time=54.081364463s
[ Info: iter=3472 obj=1.4191482998488946e6 pinf=0.0 (0) dinf=5.8105076948987665e9 (11146) time=54.149377564s
[ Info: iter=3473 obj=1.4191482998488946e6 pinf=0.0 (0) dinf=5.8101463115074835e9 (11145) time=54.217723866s
[ Info: iter=3474 obj=1.4191482998488946e6 pinf=0.0 (0) dinf=5.809784928096025e9 (11144) time=54.293820068s
[ Info: iter=3475 obj=1.4191482998488946e6 pinf=0.0 (0) dinf=5.80961773984358e9 (11144) time=54.362931569s
[ Info: iter=3476 obj=1.4191482998488946e6 pinf=0.0 (0) dinf=5.809256356452296e9 (11143) time=54.432855671s
[ Info: iter=3477 obj=1.4191482998488946e6 pinf=0.0 (0) dinf=5.808894973040839e9 (11142) time=54.504297973s
[ Info: iter=3478 obj=1.4191482998488946e6 pinf=0.0 (0) dinf=5.808882553005921e9 (11142) time=54.577446575s
[ Info: iter=3479 obj=1.4191482998488946e6 pinf=0.0 (0) dinf=5.808701861363524e9 (11141) time=54.645504776s
[ Info: iter=3480 obj=1.4191482998488946e6 pinf=0.0 (0) dinf=5.584863993011826e9 (11133) time=54.718354078s
[ Info: iter=3481 obj=1.4191482998488946e6 pinf=0.0 (0) dinf=5.627682596717825e9 (11133) time=54.78855638s
[ Info: iter=3482 obj=1.4191482998488946e6 pinf=0.0 (0) dinf=5.7799359033783455e9 (11145) time=54.856681182s
[ Info: iter=3483 obj=1.4191482998488946e6 pinf=0.0 (0) dinf=5.601525050421994e9 (11141) time=54.928888883s
[ Info: iter=3484 obj=1.4191482998488946e6 pinf=0.0 (0) dinf=5.584873277356023e9 (11140) time=55.003224385s
[ Info: iter=3485 obj=1.4191482998488946e6 pinf=0.0 (0) dinf=5.694583708312802e9 (11139) time=55.074500587s
[ Info: iter=3486 obj=1.4191482998488946e6 pinf=0.0 (0) dinf=5.721284786028878e9 (11139) time=55.147711389s
[ Info: iter=3487 obj=1.4191482998488946e6 pinf=0.0 (0) dinf=5.714802082170026e9 (11139) time=55.219483291s
[ Info: iter=3488 obj=1.4191482998488946e6 pinf=0.0 (0) dinf=5.7128719122258005e9 (11141) time=55.298586293s
[ Info: iter=3489 obj=1.4191482998488946e6 pinf=0.0 (0) dinf=5.712866153938098e9 (11138) time=55.374357694s
[ Info: iter=3490 obj=1.4191482998488946e6 pinf=0.0 (0) dinf=5.712889558292016e9 (11138) time=55.446681196s
[ Info: iter=3491 obj=1.4191482998488946e6 pinf=0.0 (0) dinf=5.712909824448274e9 (11139) time=55.524058298s
[ Info: iter=3492 obj=1.4191482998488946e6 pinf=0.0 (0) dinf=5.712887988715053e9 (11138) time=55.5993704s
[ Info: iter=3493 obj=1.4191482998488946e6 pinf=0.0 (0) dinf=5.71288798747606e9 (11138) time=55.674218702s
[ Info: iter=3494 obj=1.4191482998488946e6 pinf=0.0 (0) dinf=5.711782540137358e9 (11138) time=55.749424204s
[ Info: iter=3495 obj=1.4191482998488946e6 pinf=0.0 (0) dinf=5.712898174981552e9 (11142) time=55.825514506s
[ Info: iter=3496 obj=1.4191482998488946e6 pinf=0.0 (0) dinf=5.71289099393523e9 (11141) time=55.900058807s
[ Info: iter=3497 obj=1.4191482998488946e6 pinf=0.0 (0) dinf=5.709818867009424e9 (11142) time=55.977737809s
[ Info: iter=3498 obj=1.4191482998488946e6 pinf=0.0 (0) dinf=5.709815769186172e9 (11141) time=56.055655811s
[ Info: iter=3499 obj=1.4191482998488946e6 pinf=0.0 (0) dinf=5.709813280492195e9 (11141) time=56.130791213s
[ Info: iter=3500 obj=1.4191482998488946e6 pinf=0.0 (0) dinf=5.709815769182857e9 (11142) time=56.204928615s
[ Info: iter=3501 obj=1.4191482998488946e6 pinf=0.0 (0) dinf=5.709513611346432e9 (11139) time=56.281419617s
[ Info: iter=3502 obj=1.4191482998488946e6 pinf=0.0 (0) dinf=5.709537014301018e9 (11140) time=56.352636519s
[ Info: iter=3503 obj=1.4191482998488946e6 pinf=0.0 (0) dinf=5.542146792112818e9 (11075) time=56.42542732s
[ Info: iter=3504 obj=1.4191482998488946e6 pinf=0.0 (0) dinf=5.599079459765472e9 (11071) time=56.494896922s
[ Info: iter=3505 obj=1.4191482998488946e6 pinf=0.0 (0) dinf=5.57934606456278e9 (11062) time=56.565021224s
[ Info: iter=3506 obj=1.4191482998488946e6 pinf=0.0 (0) dinf=5.577506802373835e9 (11069) time=56.633639626s
[ Info: iter=3507 obj=1.4191482998488946e6 pinf=0.0 (0) dinf=5.576460754502157e9 (11068) time=56.700108227s
[ Info: iter=3508 obj=1.4191482998488946e6 pinf=0.0 (0) dinf=5.582965281236834e9 (11058) time=56.768041829s
[ Info: iter=3509 obj=1.4191482998488946e6 pinf=0.0 (0) dinf=5.580873120182463e9 (11065) time=56.839708631s
[ Info: iter=3510 obj=1.4191482998488946e6 pinf=0.0 (0) dinf=5.579683240549595e9 (11064) time=56.908743132s
[ Info: iter=3511 obj=1.4191482998488946e6 pinf=0.0 (0) dinf=5.546340100627343e9 (11034) time=56.979272934s
[ Info: iter=3512 obj=1.4191482998488946e6 pinf=0.0 (0) dinf=5.833944525190587e9 (11055) time=57.051301236s
[ Info: iter=3513 obj=1.4191482998488946e6 pinf=0.0 (0) dinf=5.58987444708422e9 (11054) time=57.124146438s
[ Info: iter=3514 obj=1.4191482998488946e6 pinf=0.0 (0) dinf=5.587299492624097e9 (11061) time=57.193288639s
[ Info: iter=3515 obj=1.4191482998488946e6 pinf=0.0 (0) dinf=5.58583503277228e9 (11060) time=57.264044741s
[ Info: iter=3516 obj=1.4191482998488946e6 pinf=0.0 (0) dinf=5.58987444708422e9 (11050) time=57.339650443s
[ Info: iter=3517 obj=1.4191482998488946e6 pinf=0.0 (0) dinf=5.588409987053568e9 (11057) time=57.411641345s
[ Info: iter=3518 obj=1.4191482998488946e6 pinf=0.0 (0) dinf=5.585835032279e9 (11056) time=57.484410447s
[ Info: iter=3519 obj=1.4191482998488946e6 pinf=0.0 (0) dinf=5.566847489241257e9 (11035) time=57.559479248s
EVENT refactor_pivot count=600 iter=3549 row=498 entering=28198 pinf=0.0 dinf=5.694854791455768e9
PIVOT stored_forward=3.342704436162733e-12 stored_tableau=0.0 direction_norm=8.603629673800595e6 row_residual_ratio=1.0e12
EVENT refactor_pivot count=700 iter=3649 row=499 entering=23277 pinf=0.0 dinf=5.832273445500689e9
PIVOT stored_forward=4.808296363779337e-12 stored_tableau=0.0 direction_norm=4.206445278906759e8 row_residual_ratio=1.0e12
EVENT refactor_pivot count=800 iter=3749 row=1445 entering=28198 pinf=0.0 dinf=6.722847043783636e9
PIVOT stored_forward=3.9919449144825565e-12 stored_tableau=0.0 direction_norm=8.603629673800593e6 row_residual_ratio=1.0e12
[ Info: iter=3520 obj=1.4191482998488946e6 pinf=0.0 (0) dinf=5.56684747901366e9 (11030) time=57.63081345s
[ Info: iter=3521 obj=1.4191482998488946e6 pinf=0.0 (0) dinf=5.631394312982534e9 (11033) time=57.701871952s
[ Info: iter=3522 obj=1.4191482998488946e6 pinf=0.0 (0) dinf=5.5814686047110815e9 (11027) time=57.773119454s
[ Info: iter=3523 obj=1.4191482998488946e6 pinf=0.0 (0) dinf=5.573227423920206e9 (11026) time=57.846560655s
[ Info: iter=3524 obj=1.4191482998488946e6 pinf=0.0 (0) dinf=5.602241504206653e9 (11033) time=57.916461157s
[ Info: iter=3525 obj=1.4191482998488946e6 pinf=0.0 (0) dinf=5.60223556889423e9 (11031) time=57.986374759s
[ Info: iter=3526 obj=1.4191482998488946e6 pinf=0.0 (0) dinf=5.602238212965032e9 (11032) time=58.060563261s
[ Info: iter=3527 obj=1.4191482998488946e6 pinf=0.0 (0) dinf=5.932028096540827e9 (11063) time=58.132388863s
[ Info: iter=3528 obj=1.4191482998488946e6 pinf=0.0 (0) dinf=5.6022373060911455e9 (11035) time=58.203272964s
[ Info: iter=3529 obj=1.4191482998488946e6 pinf=0.0 (0) dinf=5.62287082687218e9 (11048) time=58.275231666s
[ Info: iter=3530 obj=1.4191482998488946e6 pinf=0.0 (0) dinf=5.604298873178659e9 (11109) time=58.345976668s
[ Info: iter=3531 obj=1.4191482998488946e6 pinf=0.0 (0) dinf=5.602264429938882e9 (11116) time=58.41747347s
[ Info: iter=3532 obj=1.4191482998488946e6 pinf=0.0 (0) dinf=5.598687275749483e9 (11115) time=58.489206071s
[ Info: iter=3533 obj=1.4191482998488946e6 pinf=0.0 (0) dinf=5.614537362911206e9 (11105) time=58.560669773s
[ Info: iter=3534 obj=1.4191482998488946e6 pinf=0.0 (0) dinf=5.612096030844639e9 (11112) time=58.631606675s
[ Info: iter=3535 obj=1.4191482998488946e6 pinf=0.0 (0) dinf=5.607803445502915e9 (11111) time=58.702832976s
[ Info: iter=3536 obj=1.4191482998488946e6 pinf=0.0 (0) dinf=5.556081699467097e9 (11077) time=58.771677077s
[ Info: iter=3537 obj=1.4191482998488946e6 pinf=0.0 (0) dinf=5.976061139758616e9 (11041) time=58.844453879s
[ Info: iter=3538 obj=1.4191482998488946e6 pinf=0.0 (0) dinf=6.039507245453907e9 (11044) time=58.91379308s
[ Info: iter=3539 obj=1.4191482998488946e6 pinf=0.0 (0) dinf=5.561493903338005e9 (11077) time=58.981341781s
[ Info: iter=3540 obj=1.4191482998488946e6 pinf=0.0 (0) dinf=5.55555889939407e9 (11076) time=59.053794682s
[ Info: iter=3541 obj=1.4191482998488946e6 pinf=0.0 (0) dinf=6.085091813524674e9 (11044) time=59.137011584s
[ Info: iter=3542 obj=1.4191482998488946e6 pinf=0.0 (0) dinf=6.1448454514761e9 (11055) time=59.220514786s
[ Info: iter=3543 obj=1.4191482998488946e6 pinf=0.0 (0) dinf=6.077639573837945e9 (11056) time=59.296803587s
[ Info: iter=3544 obj=1.4191482998488946e6 pinf=0.0 (0) dinf=6.076626187479822e9 (11055) time=59.367895088s
[ Info: iter=3545 obj=1.4191482998488946e6 pinf=0.0 (0) dinf=6.096936159459597e9 (11055) time=59.43693069s
[ Info: iter=3546 obj=1.4191482998488946e6 pinf=0.0 (0) dinf=6.075860837504386e9 (11054) time=59.509005991s
[ Info: iter=3547 obj=1.4191482998488946e6 pinf=0.0 (0) dinf=6.076909852191805e9 (11055) time=59.575994392s
[ Info: iter=3548 obj=1.4191482998488946e6 pinf=0.0 (0) dinf=6.076909850882246e9 (11055) time=59.645617994s
[ Info: iter=3549 obj=1.4191482998488946e6 pinf=0.0 (0) dinf=5.6948547914557705e9 (11095) time=59.715163195s
[ Info: iter=3550 obj=1.4191482998488946e6 pinf=0.0 (0) dinf=5.689220521917527e9 (11102) time=59.785933496s
[ Info: iter=3551 obj=1.4191482998488946e6 pinf=0.0 (0) dinf=5.679313806169031e9 (11101) time=59.862582198s
[ Info: iter=3552 obj=1.4191482998488946e6 pinf=0.0 (0) dinf=5.621991403139671e9 (11094) time=59.932884499s
[ Info: iter=3553 obj=1.4191482998488946e6 pinf=0.0 (0) dinf=5.621991403139671e9 (11094) time=60.0070522s
[ Info: iter=3554 obj=1.4191482998488946e6 pinf=0.0 (0) dinf=5.621991403139671e9 (11094) time=60.075575402s
[ Info: iter=3555 obj=1.4191482998488946e6 pinf=0.0 (0) dinf=5.621991403139671e9 (11094) time=60.145014203s
[ Info: iter=3556 obj=1.4191482998488946e6 pinf=0.0 (0) dinf=5.632589606191941e9 (11096) time=60.215432904s
[ Info: iter=3557 obj=1.4191482998488946e6 pinf=0.0 (0) dinf=5.674947241779196e9 (11060) time=60.284821705s
[ Info: iter=3558 obj=1.4191482998488946e6 pinf=0.0 (0) dinf=5.676752024999006e9 (11066) time=60.354413807s
[ Info: iter=3559 obj=1.4191482998488946e6 pinf=0.0 (0) dinf=5.675850942199498e9 (11063) time=60.421098708s
[ Info: iter=3560 obj=1.4191482998488946e6 pinf=0.0 (0) dinf=5.675206033051636e9 (11061) time=60.489588509s
[ Info: iter=3561 obj=1.4191482998488946e6 pinf=0.0 (0) dinf=5.629815077192019e9 (11063) time=60.561536111s
[ Info: iter=3562 obj=1.4191482998488946e6 pinf=0.0 (0) dinf=5.620816091358394e9 (11062) time=60.629985812s
[ Info: iter=3563 obj=1.4191482998488946e6 pinf=0.0 (0) dinf=5.621140999372515e9 (11062) time=60.698583613s
[ Info: iter=3564 obj=1.4191482998488946e6 pinf=0.0 (0) dinf=5.611425398636565e9 (11070) time=60.770366215s
[ Info: iter=3565 obj=1.4191482998488946e6 pinf=0.0 (0) dinf=5.584671307335343e9 (11070) time=60.843571216s
[ Info: iter=3566 obj=1.4191482998488946e6 pinf=0.0 (0) dinf=7.484330343142834e9 (11044) time=60.910920217s
[ Info: iter=3567 obj=1.4191482998488946e6 pinf=0.0 (0) dinf=7.471019046148428e9 (11042) time=60.980333718s
[ Info: iter=3568 obj=1.4191482998488946e6 pinf=0.0 (0) dinf=9.365833201931011e9 (11040) time=61.05165392s
[ Info: iter=3569 obj=1.4191482998488946e6 pinf=0.0 (0) dinf=9.365837763888363e9 (11040) time=61.124004721s
[ Info: iter=3570 obj=1.4191482998488946e6 pinf=0.0 (0) dinf=9.361935100315e9 (11039) time=61.201187023s
[ Info: iter=3571 obj=1.4191482998488946e6 pinf=0.0 (0) dinf=9.367816297083986e9 (11044) time=61.269093524s
[ Info: iter=3572 obj=1.4191482998488946e6 pinf=0.0 (0) dinf=9.361419043799597e9 (11038) time=61.340418325s
[ Info: iter=3573 obj=1.4191482998488946e6 pinf=0.0 (0) dinf=9.35751638208204e9 (11037) time=61.408240927s
[ Info: iter=3574 obj=1.4191482998488946e6 pinf=0.0 (0) dinf=9.357957531536293e9 (11037) time=61.476864128s
[ Info: iter=3575 obj=1.4191482998488946e6 pinf=0.0 (0) dinf=9.356392221243052e9 (11036) time=61.547741429s
[ Info: iter=3576 obj=1.4191482998488946e6 pinf=0.0 (0) dinf=9.353482967784002e9 (11035) time=61.61658793s
[ Info: iter=3577 obj=1.4191482998488946e6 pinf=0.0 (0) dinf=9.35318358462281e9 (11037) time=61.686270232s
[ Info: iter=3578 obj=1.4191482998488946e6 pinf=0.0 (0) dinf=9.497869911875473e9 (11035) time=61.759824433s
[ Info: iter=3579 obj=1.4191482998488946e6 pinf=0.0 (0) dinf=9.497840609467566e9 (11033) time=61.832361434s
[ Info: iter=3580 obj=1.4191482998488946e6 pinf=0.0 (0) dinf=9.496734834493969e9 (11035) time=61.900161136s
[ Info: iter=3581 obj=1.4191482998488946e6 pinf=0.0 (0) dinf=9.496673615617447e9 (11035) time=61.969121737s
[ Info: iter=3582 obj=1.4191482998488946e6 pinf=0.0 (0) dinf=9.496600342105835e9 (11034) time=62.040975338s
[ Info: iter=3583 obj=1.4191482998488946e6 pinf=0.0 (0) dinf=9.496539123693218e9 (11033) time=62.10970384s
[ Info: iter=3584 obj=1.4191482998488946e6 pinf=0.0 (0) dinf=9.495502459702133e9 (11035) time=62.179570341s
[ Info: iter=3585 obj=1.4191482998488946e6 pinf=0.0 (0) dinf=9.495446950687378e9 (11035) time=62.248178542s
[ Info: iter=3586 obj=1.4191482998488946e6 pinf=0.0 (0) dinf=9.495378256783974e9 (11034) time=62.318218544s
[ Info: iter=3587 obj=1.4191482998488946e6 pinf=0.0 (0) dinf=9.495322748233124e9 (11033) time=62.389462045s
[ Info: iter=3588 obj=1.4191482998488946e6 pinf=0.0 (0) dinf=5.552344245339837e9 (11062) time=62.459709546s
[ Info: iter=3589 obj=1.4191482998488946e6 pinf=0.0 (0) dinf=5.827693038389873e9 (11035) time=62.530931148s
[ Info: iter=3590 obj=1.4191482998488946e6 pinf=0.0 (0) dinf=5.82738046451201e9 (11035) time=62.603498049s
[ Info: iter=3591 obj=1.4191482998488946e6 pinf=0.0 (0) dinf=5.827344056356135e9 (11034) time=62.67317525s
[ Info: iter=3592 obj=1.4191482998488946e6 pinf=0.0 (0) dinf=5.827310351793724e9 (11033) time=62.742164251s
[ Info: iter=3593 obj=1.4191482998488946e6 pinf=0.0 (0) dinf=5.827309657881243e9 (11032) time=62.813421553s
[ Info: iter=3594 obj=1.4191482998488946e6 pinf=0.0 (0) dinf=5.827309092989156e9 (11031) time=62.882878954s
[ Info: iter=3595 obj=1.4191482998488946e6 pinf=0.0 (0) dinf=5.827309446575461e9 (11030) time=62.950149455s
[ Info: iter=3596 obj=1.4191482998488946e6 pinf=0.0 (0) dinf=5.827310391878836e9 (11031) time=63.022919057s
[ Info: iter=3597 obj=1.4191482998488946e6 pinf=0.0 (0) dinf=5.827310711831435e9 (11031) time=63.093758558s
[ Info: iter=3598 obj=1.4191482998488946e6 pinf=0.0 (0) dinf=5.827311385690544e9 (11031) time=63.164589559s
[ Info: iter=3599 obj=1.4191482998488946e6 pinf=0.0 (0) dinf=5.827312249646909e9 (11032) time=63.238221961s
[ Info: iter=3600 obj=1.4191482998488946e6 pinf=0.0 (0) dinf=5.827634599358117e9 (11034) time=63.308395862s
[ Info: iter=3601 obj=1.4191482998488946e6 pinf=0.0 (0) dinf=5.827396041041817e9 (11032) time=63.378460463s
[ Info: iter=3602 obj=1.4191482998488946e6 pinf=0.0 (0) dinf=5.827388196710127e9 (11030) time=63.449760465s
[ Info: iter=3603 obj=1.4191482998488946e6 pinf=0.0 (0) dinf=5.828502208228068e9 (11036) time=63.519481666s
[ Info: iter=3604 obj=1.4191482998488946e6 pinf=0.0 (0) dinf=5.8292300086574335e9 (11035) time=63.587627667s
[ Info: iter=3605 obj=1.4191482998488946e6 pinf=0.0 (0) dinf=5.82872671511246e9 (11038) time=63.655078469s
[ Info: iter=3606 obj=1.4191482998488946e6 pinf=0.0 (0) dinf=5.828885698987489e9 (11039) time=63.72572297s
[ Info: iter=3607 obj=1.4191482998488946e6 pinf=0.0 (0) dinf=5.828766459003639e9 (11036) time=63.795544271s
[ Info: iter=3608 obj=1.4191482998488946e6 pinf=0.0 (0) dinf=5.83360295449709e9 (11044) time=63.866522973s
[ Info: iter=3609 obj=1.4191482998488946e6 pinf=0.0 (0) dinf=5.833601038896416e9 (11043) time=63.935589074s
[ Info: iter=3610 obj=1.4191482998488946e6 pinf=0.0 (0) dinf=5.833598995685299e9 (11042) time=64.005750475s
[ Info: iter=3611 obj=1.4191482998488946e6 pinf=0.0 (0) dinf=5.833462615328669e9 (11046) time=64.074952576s
[ Info: iter=3612 obj=1.4191482998488946e6 pinf=0.0 (0) dinf=5.833682906304825e9 (11047) time=64.143976078s
[ Info: iter=3613 obj=1.4191482998488946e6 pinf=0.0 (0) dinf=5.833604189605501e9 (11046) time=64.213348079s
[ Info: iter=3614 obj=1.4191482998488946e6 pinf=0.0 (0) dinf=5.833653920560725e9 (11047) time=64.28993688s
[ Info: iter=3615 obj=1.4191482998488946e6 pinf=0.0 (0) dinf=5.833621401125396e9 (11047) time=64.360116982s
[ Info: iter=3616 obj=1.4191482998488946e6 pinf=0.0 (0) dinf=5.833660527478444e9 (11041) time=64.429074283s
[ Info: iter=3617 obj=1.4191482998488946e6 pinf=0.0 (0) dinf=5.833650174523031e9 (11039) time=64.498326284s
[ Info: iter=3618 obj=1.4191482998488946e6 pinf=0.0 (0) dinf=5.833809063073741e9 (11042) time=64.569591586s
[ Info: iter=3619 obj=1.4191482998488946e6 pinf=0.0 (0) dinf=5.833904396204167e9 (11043) time=64.639583887s
[ Info: iter=3620 obj=1.4191482998488946e6 pinf=0.0 (0) dinf=5.834116248605113e9 (11043) time=64.707519388s
[ Info: iter=3621 obj=1.4191482998488946e6 pinf=0.0 (0) dinf=5.833957357054403e9 (11039) time=64.77892049s
[ Info: iter=3622 obj=1.4191482998488946e6 pinf=0.0 (0) dinf=5.833859712014143e9 (11040) time=64.848857791s
[ Info: iter=3623 obj=1.4191482998488946e6 pinf=0.0 (0) dinf=5.833616788957363e9 (11042) time=64.920306392s
[ Info: iter=3624 obj=1.4191482998488946e6 pinf=0.0 (0) dinf=5.833595251166248e9 (11042) time=64.991117494s
[ Info: iter=3625 obj=1.4191482998488946e6 pinf=0.0 (0) dinf=5.833845286133457e9 (11060) time=65.062293895s
[ Info: iter=3626 obj=1.4191482998488946e6 pinf=0.0 (0) dinf=5.833844660028105e9 (11059) time=65.133727896s
[ Info: iter=3627 obj=1.4191482998488946e6 pinf=0.0 (0) dinf=5.833833127911167e9 (11058) time=65.206855698s
[ Info: iter=3628 obj=1.4191482998488946e6 pinf=0.0 (0) dinf=5.833663550046431e9 (11056) time=65.284281199s
[ Info: iter=3629 obj=1.4191482998488946e6 pinf=0.0 (0) dinf=5.833656048219641e9 (11053) time=65.3543691s
[ Info: iter=3630 obj=1.4191482998488946e6 pinf=0.0 (0) dinf=5.833815268187492e9 (11056) time=65.425852602s
[ Info: iter=3631 obj=1.4191482998488946e6 pinf=0.0 (0) dinf=5.833815268187492e9 (11055) time=65.499487803s
[ Info: iter=3632 obj=1.4191482998488946e6 pinf=0.0 (0) dinf=5.8340275624779625e9 (11056) time=65.569257704s
[ Info: iter=3633 obj=1.4191482998488946e6 pinf=0.0 (0) dinf=5.83386833951011e9 (11053) time=65.637579606s
[ Info: iter=3634 obj=1.4191482998488946e6 pinf=0.0 (0) dinf=5.833604813843926e9 (11061) time=65.709387507s
[ Info: iter=3635 obj=1.4191482998488946e6 pinf=0.0 (0) dinf=5.831981121000811e9 (11084) time=65.781591908s
[ Info: iter=3636 obj=1.4191482998488946e6 pinf=0.0 (0) dinf=5.833601551103189e9 (11067) time=65.85697311s
[ Info: iter=3637 obj=1.4191482998488946e6 pinf=0.0 (0) dinf=5.833600937056423e9 (11070) time=65.930492111s
[ Info: iter=3638 obj=1.4191482998488946e6 pinf=0.0 (0) dinf=5.833601080677933e9 (11067) time=66.001731513s
[ Info: iter=3639 obj=1.4191482998488946e6 pinf=0.0 (0) dinf=5.833600069799038e9 (11063) time=66.072841014s
[ Info: iter=3640 obj=1.4191482998488946e6 pinf=0.0 (0) dinf=5.833599058920143e9 (11059) time=66.146424515s
[ Info: iter=3641 obj=1.4191482998488946e6 pinf=0.0 (0) dinf=5.833598048041248e9 (11055) time=66.216515017s
[ Info: iter=3642 obj=1.4191482998488946e6 pinf=0.0 (0) dinf=5.8335970371623535e9 (11051) time=66.290791318s
[ Info: iter=3643 obj=1.4191482998488946e6 pinf=0.0 (0) dinf=5.833596026283459e9 (11047) time=66.361437719s
[ Info: iter=3644 obj=1.4191482998488946e6 pinf=0.0 (0) dinf=5.833595015404563e9 (11043) time=66.432220321s
[ Info: iter=3645 obj=1.4191482998488946e6 pinf=0.0 (0) dinf=5.833330270358672e9 (11041) time=66.508109322s
[ Info: iter=3646 obj=1.4191482998488946e6 pinf=0.0 (0) dinf=5.833066296669168e9 (11040) time=66.579080623s
[ Info: iter=3647 obj=1.4191482998488946e6 pinf=0.0 (0) dinf=5.832801939663502e9 (11038) time=66.649819225s
[ Info: iter=3648 obj=1.4191482998488946e6 pinf=0.0 (0) dinf=5.83253762417306e9 (11037) time=66.722503326s
[ Info: iter=3649 obj=1.4191482998488946e6 pinf=0.0 (0) dinf=5.832273445500689e9 (11036) time=66.797555327s
[ Info: iter=3650 obj=1.4191482998488946e6 pinf=0.0 (0) dinf=5.827452889815175e9 (11056) time=66.868701729s
[ Info: iter=3651 obj=1.4191482998488946e6 pinf=0.0 (0) dinf=5.834146536305104e9 (11036) time=66.94015933s
[ Info: iter=3652 obj=1.4191482998488946e6 pinf=0.0 (0) dinf=5.834065004317876e9 (11034) time=67.012755032s
[ Info: iter=3653 obj=1.4191482998488946e6 pinf=0.0 (0) dinf=5.837974156316924e9 (11040) time=67.086055533s
[ Info: iter=3654 obj=1.4191482998488946e6 pinf=0.0 (0) dinf=5.856799226730462e9 (11039) time=67.158712634s
[ Info: iter=3655 obj=1.4191482998488946e6 pinf=0.0 (0) dinf=5.856797289807659e9 (11039) time=67.228860336s
[ Info: iter=3656 obj=1.4191482998488946e6 pinf=0.0 (0) dinf=5.856797287810624e9 (11039) time=67.308474937s
[ Info: iter=3657 obj=1.4191482998488946e6 pinf=0.0 (0) dinf=5.856742231456237e9 (11036) time=67.377683538s
[ Info: iter=3658 obj=1.4191482998488946e6 pinf=0.0 (0) dinf=5.856737112231533e9 (11036) time=67.44822924s
[ Info: iter=3659 obj=1.4191482998488946e6 pinf=0.0 (0) dinf=5.8567355860780525e9 (11033) time=67.518010341s
[ Info: iter=3660 obj=1.4191482998488946e6 pinf=0.0 (0) dinf=5.771877799931271e9 (11069) time=67.590557142s
[ Info: iter=3661 obj=1.4191482998488946e6 pinf=0.0 (0) dinf=5.7785740591100445e9 (11067) time=67.662214044s
[ Info: iter=3662 obj=1.4191482998488946e6 pinf=0.0 (0) dinf=5.794061164221546e9 (11070) time=67.732910045s
[ Info: iter=3663 obj=1.4191482998488946e6 pinf=0.0 (0) dinf=5.778109021856041e9 (11068) time=67.807214947s
[ Info: iter=3664 obj=1.4191482998488946e6 pinf=0.0 (0) dinf=5.779772335133813e9 (11066) time=67.878158548s
[ Info: iter=3665 obj=1.4191482998488946e6 pinf=0.0 (0) dinf=5.779760073991517e9 (11066) time=67.947955149s
[ Info: iter=3666 obj=1.4191482998488946e6 pinf=0.0 (0) dinf=5.779760073991517e9 (11065) time=68.020790651s
[ Info: iter=3667 obj=1.4191482998488946e6 pinf=0.0 (0) dinf=5.773906637508738e9 (11065) time=68.094160852s
[ Info: iter=3668 obj=1.4191482998488946e6 pinf=0.0 (0) dinf=5.773906637508738e9 (11064) time=68.171699453s
[ Info: iter=3669 obj=1.4191482998488946e6 pinf=0.0 (0) dinf=5.773842292641625e9 (11062) time=68.251120255s
[ Info: iter=3670 obj=1.4191482998488946e6 pinf=0.0 (0) dinf=5.790072359024565e9 (11064) time=68.335881957s
[ Info: iter=3671 obj=1.4191482998488946e6 pinf=0.0 (0) dinf=5.805581347461829e9 (11062) time=68.408042358s
[ Info: iter=3672 obj=1.4191482998488946e6 pinf=0.0 (0) dinf=5.795928289341532e9 (11059) time=68.480167759s
[ Info: iter=3673 obj=1.4191482998488946e6 pinf=0.0 (0) dinf=5.794601703105547e9 (11076) time=68.553392161s
[ Info: iter=3674 obj=1.4191482998488946e6 pinf=0.0 (0) dinf=5.792250457350917e9 (11075) time=68.625673962s
[ Info: iter=3675 obj=1.4191482998488946e6 pinf=0.0 (0) dinf=5.790321228300447e9 (11074) time=68.696896863s
[ Info: iter=3676 obj=1.4191482998488946e6 pinf=0.0 (0) dinf=5.806739046564198e9 (11075) time=68.767837965s
[ Info: iter=3677 obj=1.4191482998488946e6 pinf=0.0 (0) dinf=5.832145027549367e9 (11076) time=68.840311166s
[ Info: iter=3678 obj=1.4191482998488946e6 pinf=0.0 (0) dinf=5.779605271207753e9 (11074) time=68.912395968s
[ Info: iter=3679 obj=1.4191482998488946e6 pinf=0.0 (0) dinf=5.951393810652773e9 (11094) time=68.984189269s
[ Info: iter=3680 obj=1.4191482998488946e6 pinf=0.0 (0) dinf=5.951381194723324e9 (11093) time=69.05812367s
[ Info: iter=3681 obj=1.4191482998488946e6 pinf=0.0 (0) dinf=5.951368578803324e9 (11092) time=69.126721472s
[ Info: iter=3682 obj=1.4191482998488946e6 pinf=0.0 (0) dinf=5.951439542227542e9 (11091) time=69.195056673s
[ Info: iter=3683 obj=1.4191482998488946e6 pinf=0.0 (0) dinf=5.951510505622059e9 (11090) time=69.265485074s
[ Info: iter=3684 obj=1.4191482998488946e6 pinf=0.0 (0) dinf=5.964869829305773e9 (11092) time=69.338695376s
[ Info: iter=3685 obj=1.4191482998488946e6 pinf=0.0 (0) dinf=5.954809336589458e9 (11089) time=69.410536577s
[ Info: iter=3686 obj=1.4191482998488946e6 pinf=0.0 (0) dinf=5.954403605721086e9 (11088) time=69.480867378s
[ Info: iter=3687 obj=1.4191482998488946e6 pinf=0.0 (0) dinf=5.910219268933203e9 (11085) time=69.55212908s
[ Info: iter=3688 obj=1.4191482998488946e6 pinf=0.0 (0) dinf=5.91936284568081e9 (11084) time=69.623125381s
[ Info: iter=3689 obj=1.4191482998488946e6 pinf=0.0 (0) dinf=5.84624506626019e9 (11088) time=69.693905182s
[ Info: iter=3690 obj=1.4191482998488946e6 pinf=0.0 (0) dinf=5.933576986763304e9 (11094) time=69.764915984s
[ Info: iter=3691 obj=1.4191482998488946e6 pinf=0.0 (0) dinf=5.92748654899873e9 (11093) time=69.837668385s
[ Info: iter=3692 obj=1.4191482998488946e6 pinf=0.0 (0) dinf=5.921581425324566e9 (11093) time=69.910683686s
[ Info: iter=3693 obj=1.4191482998488946e6 pinf=0.0 (0) dinf=5.922260081169646e9 (11092) time=69.984180388s
[ Info: iter=3694 obj=1.4191482998488946e6 pinf=0.0 (0) dinf=5.92263783330232e9 (11091) time=70.056323289s
[ Info: iter=3695 obj=1.4191482998488946e6 pinf=0.0 (0) dinf=5.9230310059235735e9 (11092) time=70.128446591s
[ Info: iter=3696 obj=1.4191482998488946e6 pinf=0.0 (0) dinf=5.922769453711377e9 (11093) time=70.215906492s
[ Info: iter=3697 obj=1.4191482998488946e6 pinf=0.0 (0) dinf=5.917951293801828e9 (11082) time=70.288480594s
[ Info: iter=3698 obj=1.4191482998488946e6 pinf=0.0 (0) dinf=5.917907467012466e9 (11081) time=70.361679095s
[ Info: iter=3699 obj=1.4191482998488946e6 pinf=0.0 (0) dinf=5.917893682822839e9 (11081) time=70.432906596s
[ Info: iter=3700 obj=1.4191482998488946e6 pinf=0.0 (0) dinf=5.884493528722385e9 (11080) time=70.506433698s
[ Info: iter=3701 obj=1.4191482998488946e6 pinf=0.0 (0) dinf=5.843284383588606e9 (11079) time=70.590613399s
[ Info: iter=3702 obj=1.4191482998488946e6 pinf=0.0 (0) dinf=5.870271697101147e9 (11080) time=70.678940601s
[ Info: iter=3703 obj=1.4191482998488946e6 pinf=0.0 (0) dinf=5.866102847187741e9 (11079) time=70.749965202s
[ Info: iter=3704 obj=1.4191482998488946e6 pinf=0.0 (0) dinf=5.861934000277497e9 (11078) time=70.823042204s
[ Info: iter=3705 obj=1.4191482998488946e6 pinf=0.0 (0) dinf=5.85775272239961e9 (11077) time=70.897390605s
[ Info: iter=3706 obj=1.4191482998488946e6 pinf=0.0 (0) dinf=5.88178204498517e9 (11086) time=70.967067706s
[ Info: iter=3707 obj=1.4191482998488946e6 pinf=0.0 (0) dinf=5.974968243108283e9 (11089) time=71.038196908s
[ Info: iter=3708 obj=1.4191482998488946e6 pinf=0.0 (0) dinf=6.965108761442088e9 (11094) time=71.110126709s
[ Info: iter=3709 obj=1.4191482998488946e6 pinf=0.0 (0) dinf=6.985885467392974e9 (11102) time=71.184597811s
[ Info: iter=3710 obj=1.4191482998488946e6 pinf=0.0 (0) dinf=7.047945429283001e9 (11098) time=71.254707812s
[ Info: iter=3711 obj=1.4191482998488946e6 pinf=0.0 (0) dinf=7.04389156716738e9 (11093) time=71.325210313s
[ Info: iter=3712 obj=1.4191482998488946e6 pinf=0.0 (0) dinf=6.985007386203183e9 (11109) time=71.405420415s
[ Info: iter=3713 obj=1.4191482998488946e6 pinf=0.0 (0) dinf=6.77964112627208e9 (11101) time=71.475378516s
[ Info: iter=3714 obj=1.4191482998488946e6 pinf=0.0 (0) dinf=6.776965521719337e9 (11103) time=71.542607417s
[ Info: iter=3715 obj=1.4191482998488946e6 pinf=0.0 (0) dinf=6.774346903708229e9 (11105) time=71.612936019s
[ Info: iter=3716 obj=1.4191482998488946e6 pinf=0.0 (0) dinf=6.771706170744393e9 (11107) time=71.68643782s
[ Info: iter=3717 obj=1.4191482998488946e6 pinf=0.0 (0) dinf=6.769018934823189e9 (11106) time=71.758389121s
[ Info: iter=3718 obj=1.4191482998488946e6 pinf=0.0 (0) dinf=6.768974516601883e9 (11103) time=71.830062623s
[ Info: iter=3719 obj=1.4191482998488946e6 pinf=0.0 (0) dinf=6.768905898451462e9 (11100) time=71.904527824s
[ Info: iter=3720 obj=1.4191482998488946e6 pinf=0.0 (0) dinf=6.768887594918268e9 (11097) time=71.974958726s
[ Info: iter=3721 obj=1.4191482998488946e6 pinf=0.0 (0) dinf=6.770596518245162e9 (11099) time=72.046049327s
[ Info: iter=3722 obj=1.4191482998488946e6 pinf=0.0 (0) dinf=6.700151146850118e9 (11100) time=72.117534828s
[ Info: iter=3723 obj=1.4191482998488946e6 pinf=0.0 (0) dinf=6.70015035947286e9 (11099) time=72.19250063s
[ Info: iter=3724 obj=1.4191482998488946e6 pinf=0.0 (0) dinf=6.700150176317273e9 (11098) time=72.262236231s
[ Info: iter=3725 obj=1.4191482998488946e6 pinf=0.0 (0) dinf=6.963045601343468e9 (11096) time=72.334769032s
[ Info: iter=3726 obj=1.4191482998488946e6 pinf=0.0 (0) dinf=6.96304690516108e9 (11100) time=72.408971934s
[ Info: iter=3727 obj=1.4191482998488946e6 pinf=0.0 (0) dinf=6.963045601343468e9 (11095) time=72.476407335s
[ Info: iter=3728 obj=1.4191482998488946e6 pinf=0.0 (0) dinf=6.762940551133176e9 (11094) time=72.546041436s
[ Info: iter=3729 obj=1.4191482998488946e6 pinf=0.0 (0) dinf=6.771032591220589e9 (11095) time=72.618628438s
[ Info: iter=3730 obj=1.4191482998488946e6 pinf=0.0 (0) dinf=6.767604914671196e9 (11104) time=72.694779439s
[ Info: iter=3731 obj=1.4191482998488946e6 pinf=0.0 (0) dinf=6.768402614242621e9 (11101) time=72.766546541s
[ Info: iter=3732 obj=1.4191482998488946e6 pinf=0.0 (0) dinf=6.765621010418394e9 (11106) time=72.837302242s
[ Info: iter=3733 obj=1.4191482998488946e6 pinf=0.0 (0) dinf=6.763866138218597e9 (11101) time=72.912147043s
[ Info: iter=3734 obj=1.4191482998488946e6 pinf=0.0 (0) dinf=6.764199452047623e9 (11102) time=72.982496445s
[ Info: iter=3735 obj=1.4191482998488946e6 pinf=0.0 (0) dinf=6.764532765876647e9 (11103) time=73.053727446s
[ Info: iter=3736 obj=1.4191482998488946e6 pinf=0.0 (0) dinf=6.764866079705671e9 (11104) time=73.127367947s
[ Info: iter=3737 obj=1.4191482998488946e6 pinf=0.0 (0) dinf=6.690484765884273e9 (11116) time=73.199595849s
[ Info: iter=3738 obj=1.4191482998488946e6 pinf=0.0 (0) dinf=6.691811919636515e9 (11111) time=73.27290275s
[ Info: iter=3739 obj=1.4191482998488946e6 pinf=0.0 (0) dinf=6.730340790847606e9 (11121) time=73.346300152s
[ Info: iter=3740 obj=1.4191482998488946e6 pinf=0.0 (0) dinf=6.728915207587025e9 (11120) time=73.423734153s
[ Info: iter=3741 obj=1.4191482998488946e6 pinf=0.0 (0) dinf=6.726887514367585e9 (11119) time=73.495177854s
[ Info: iter=3742 obj=1.4191482998488946e6 pinf=0.0 (0) dinf=6.724865849495832e9 (11118) time=73.569148456s
[ Info: iter=3743 obj=1.4191482998488946e6 pinf=0.0 (0) dinf=6.722846068482726e9 (11117) time=73.641661457s
[ Info: iter=3744 obj=1.4191482998488946e6 pinf=0.0 (0) dinf=6.722906301753074e9 (11118) time=73.714514659s
[ Info: iter=3745 obj=1.4191482998488946e6 pinf=0.0 (0) dinf=6.722942920413416e9 (11119) time=73.78639456s
[ Info: iter=3746 obj=1.4191482998488946e6 pinf=0.0 (0) dinf=6.722893409534293e9 (11118) time=73.857012261s
[ Info: iter=3747 obj=1.4191482998488946e6 pinf=0.0 (0) dinf=6.722846600524179e9 (11116) time=73.929712763s
[ Info: iter=3748 obj=1.4191482998488946e6 pinf=0.0 (0) dinf=6.722902838990295e9 (11117) time=74.000789164s
[ Info: iter=3749 obj=1.4191482998488946e6 pinf=0.0 (0) dinf=6.722847043783635e9 (11115) time=74.069950365s
[ Info: iter=3750 obj=1.4191482998488946e6 pinf=0.0 (0) dinf=6.72213176534552e9 (11115) time=74.143664567s
[ Info: iter=3751 obj=1.4191482998488946e6 pinf=0.0 (0) dinf=6.74669598571831e9 (11117) time=74.214228668s
[ Info: iter=3752 obj=1.4191482998488946e6 pinf=0.0 (0) dinf=6.745955682696954e9 (11114) time=74.284704969s
[ Info: iter=3753 obj=1.4191482998488946e6 pinf=0.0 (0) dinf=6.745215379675598e9 (11111) time=74.356371671s
[ Info: iter=3754 obj=1.4191482998488946e6 pinf=0.0 (0) dinf=6.744475076654242e9 (11108) time=74.427058972s
[ Info: iter=3755 obj=1.4191482998488946e6 pinf=0.0 (0) dinf=6.743734773632885e9 (11105) time=74.494720173s
[ Info: iter=3756 obj=1.4191482998488946e6 pinf=0.0 (0) dinf=6.742994470611528e9 (11102) time=74.564495675s
[ Info: iter=3757 obj=1.4191482998488946e6 pinf=0.0 (0) dinf=6.746705758778583e9 (11102) time=74.635046779s
[ Info: iter=3758 obj=1.4191482998488946e6 pinf=0.0 (0) dinf=6.747464918298772e9 (11103) time=74.709673386s
[ Info: iter=3759 obj=1.4191482998488946e6 pinf=0.0 (0) dinf=6.722023026681448e9 (11097) time=74.782186793s
[ Info: iter=3760 obj=1.4191482998488946e6 pinf=0.0 (0) dinf=6.796464840184445e9 (11117) time=74.8533502s
[ Info: iter=3761 obj=1.4191482998488946e6 pinf=0.0 (0) dinf=6.796686582630099e9 (11117) time=74.923490306s
[ Info: iter=3762 obj=1.4191482998488946e6 pinf=0.0 (0) dinf=6.797016538310642e9 (11117) time=74.995018513s
[ Info: iter=3763 obj=1.4191482998488946e6 pinf=0.0 (0) dinf=6.797331996977707e9 (11117) time=75.06672332s
[ Info: iter=3764 obj=1.4191482998488946e6 pinf=0.0 (0) dinf=6.797661951631251e9 (11117) time=75.137443127s
[ Info: iter=3765 obj=1.4191482998488946e6 pinf=0.0 (0) dinf=6.797580859619105e9 (11115) time=75.214718034s
[ Info: iter=3766 obj=1.4191482998488946e6 pinf=0.0 (0) dinf=6.796761587614032e9 (11118) time=75.286973641s
[ Info: iter=3767 obj=1.4191482998488946e6 pinf=0.0 (0) dinf=6.815066691760872e9 (11126) time=75.359296748s
[ Info: iter=3768 obj=1.4191482998488946e6 pinf=0.0 (0) dinf=6.812943921123551e9 (11122) time=75.436761556s
[ Info: iter=3769 obj=1.4191482998488946e6 pinf=0.0 (0) dinf=6.985864897228139e9 (11098) time=75.509163262s
[ Info: iter=3770 obj=1.4191482998488946e6 pinf=0.0 (0) dinf=6.984986679221702e9 (11105) time=75.579719969s
[ Info: iter=3771 obj=1.4191482998488946e6 pinf=0.0 (0) dinf=6.7512904848126135e9 (11091) time=75.652121976s
[ Info: iter=3772 obj=1.4191482998488946e6 pinf=0.0 (0) dinf=6.7512904848126135e9 (11090) time=75.724858483s
[ Info: iter=3773 obj=1.4191482998488946e6 pinf=0.0 (0) dinf=6.751290483890688e9 (11090) time=75.79629459s
[ Info: iter=3774 obj=1.4191482998488946e6 pinf=0.0 (0) dinf=6.770637821573582e9 (11094) time=75.868624697s
[ Info: iter=3775 obj=1.4191482998488946e6 pinf=0.0 (0) dinf=6.770589476963629e9 (11091) time=75.946406604s
[ Info: iter=3776 obj=1.4191482998488946e6 pinf=0.0 (0) dinf=6.77054113212608e9 (11088) time=76.019140811s
[ Info: iter=3777 obj=1.4191482998488946e6 pinf=0.0 (0) dinf=6.770492787516127e9 (11084) time=76.092899218s
[ Info: iter=3778 obj=1.4191482998488946e6 pinf=0.0 (0) dinf=6.77049277828853e9 (11079) time=76.169603126s
[ Info: iter=3779 obj=1.4191482998488946e6 pinf=0.0 (0) dinf=6.769552566807487e9 (11078) time=76.244720533s
[ Info: iter=3780 obj=1.4191482998488946e6 pinf=0.0 (0) dinf=6.754554073272886e9 (11087) time=76.31641344s
[ Info: iter=3781 obj=1.4191482998488946e6 pinf=0.0 (0) dinf=6.754656888727314e9 (11087) time=76.392107147s
[ Info: iter=3782 obj=1.4191482998488946e6 pinf=0.0 (0) dinf=6.764754019148689e9 (11090) time=76.465513554s
[ Info: iter=3783 obj=1.4191482998488946e6 pinf=0.0 (0) dinf=6.764720019101843e9 (11090) time=76.536883861s
[ Info: iter=3784 obj=1.4191482998488946e6 pinf=0.0 (0) dinf=6.7646860190549965e9 (11090) time=76.610247168s
[ Info: iter=3785 obj=1.4191482998488946e6 pinf=0.0 (0) dinf=6.764652019235747e9 (11090) time=76.685045975s
[ Info: iter=3786 obj=1.4191482998488946e6 pinf=0.0 (0) dinf=6.763990745843259e9 (11089) time=76.757441082s
[ Info: iter=3787 obj=1.4191482998488946e6 pinf=0.0 (0) dinf=6.754554073272886e9 (11087) time=76.834462389s
[ Info: iter=3788 obj=1.4191482998488946e6 pinf=0.0 (0) dinf=6.754420739647059e9 (11085) time=76.906627896s
[ Info: iter=3789 obj=1.4191482998488946e6 pinf=0.0 (0) dinf=6.764220691303916e9 (11088) time=76.979603003s
[ Info: iter=3790 obj=1.4191482998488946e6 pinf=0.0 (0) dinf=6.774337512268621e9 (11091) time=77.05341431s
[ Info: iter=3791 obj=1.4191482998488946e6 pinf=0.0 (0) dinf=6.787404115477765e9 (11092) time=77.126108317s
[ Info: iter=3792 obj=1.4191482998488946e6 pinf=0.0 (0) dinf=6.777604160820908e9 (11089) time=77.199687724s
[ Info: iter=3793 obj=1.4191482998488946e6 pinf=0.0 (0) dinf=6.76475406033883e9 (11106) time=77.274641631s
[ Info: iter=3794 obj=1.4191482998488946e6 pinf=0.0 (0) dinf=6.764720060268883e9 (11106) time=77.348003938s
[ Info: iter=3795 obj=1.4191482998488946e6 pinf=0.0 (0) dinf=6.764686060198936e9 (11106) time=77.419112245s
[ Info: iter=3796 obj=1.4191482998488946e6 pinf=0.0 (0) dinf=6.7646520603565855e9 (11105) time=77.497314552s
[ Info: iter=3797 obj=1.4191482998488946e6 pinf=0.0 (0) dinf=6.764648464704437e9 (11099) time=77.569203559s
[ Info: iter=3798 obj=1.4191482998488946e6 pinf=0.0 (0) dinf=6.763987190862649e9 (11098) time=77.640196166s
[ Info: iter=3799 obj=1.4191482998488946e6 pinf=0.0 (0) dinf=6.754554099458042e9 (11100) time=77.714068373s
[ Info: iter=3800 obj=1.4191482998488946e6 pinf=0.0 (0) dinf=6.754343246423585e9 (11099) time=77.78700598s
[ Info: iter=3801 obj=1.4191482998488946e6 pinf=0.0 (0) dinf=6.763910642633472e9 (11102) time=77.861463387s
[ Info: iter=3802 obj=1.4191482998488946e6 pinf=0.0 (0) dinf=6.768046950816463e9 (11103) time=77.933305094s
[ Info: iter=3803 obj=1.4191482998488946e6 pinf=0.0 (0) dinf=6.780803480096313e9 (11104) time=78.008709301s
[ Info: iter=3804 obj=1.4191482998488946e6 pinf=0.0 (0) dinf=6.771236080886426e9 (11101) time=78.079549008s
[ Info: iter=3805 obj=1.4191482998488946e6 pinf=0.0 (0) dinf=6.764128106445827e9 (11107) time=78.153408615s
[ Info: iter=3806 obj=1.4191482998488946e6 pinf=0.0 (0) dinf=6.7779309739775715e9 (11108) time=78.227457122s
[ Info: iter=3807 obj=1.4191482998488946e6 pinf=0.0 (0) dinf=6.767578821078763e9 (11105) time=78.299764829s
[ Info: iter=3808 obj=1.4191482998488946e6 pinf=0.0 (0) dinf=6.756734237674436e9 (11133) time=78.372451136s
[ Info: iter=3809 obj=1.4191482998488946e6 pinf=0.0 (0) dinf=6.764038418186878e9 (11146) time=78.446002443s
[ Info: iter=3810 obj=1.4191482998488946e6 pinf=0.0 (0) dinf=6.77259889967383e9 (11149) time=78.52229645s
[ Info: iter=3811 obj=1.4191482998488946e6 pinf=0.0 (0) dinf=6.778311871248448e9 (11157) time=78.595705557s
[ Info: iter=3812 obj=1.4191482998488946e6 pinf=0.0 (0) dinf=6.773166063993311e9 (11154) time=78.670298465s
[ Info: iter=3813 obj=1.4191482998488946e6 pinf=0.0 (0) dinf=6.757607007434717e9 (11156) time=78.744718372s
[ Info: iter=3814 obj=1.4191482998488946e6 pinf=0.0 (0) dinf=6.812297884747701e9 (11165) time=78.817327979s
[ Info: iter=3815 obj=1.4191482998488946e6 pinf=0.0 (0) dinf=6.812297838875519e9 (11165) time=78.886113285s
[ Info: iter=3816 obj=1.4191482998488946e6 pinf=0.0 (0) dinf=6.81229782405995e9 (11164) time=78.956251192s
[ Info: iter=3817 obj=1.4191482998488946e6 pinf=0.0 (0) dinf=6.812297826206812e9 (11164) time=79.026822499s
[ Info: iter=3818 obj=1.4191482998488946e6 pinf=0.0 (0) dinf=6.812297839048248e9 (11164) time=79.096555105s
[ Info: iter=3819 obj=1.4191482998488946e6 pinf=0.0 (0) dinf=6.81229725203648e9 (11164) time=79.162874012s
[ Info: iter=3820 obj=1.4191482998488946e6 pinf=0.0 (0) dinf=6.812296983805956e9 (11163) time=79.240434519s
[ Info: iter=3821 obj=1.4191482998488946e6 pinf=0.0 (0) dinf=6.812153098855434e9 (11162) time=79.311135926s
[ Info: iter=3822 obj=1.4191482998488946e6 pinf=0.0 (0) dinf=6.811973220089722e9 (11161) time=79.381876433s
EVENT refactor_pivot count=900 iter=3849 row=19721 entering=23277 pinf=0.0 dinf=6.801380624838914e9
PIVOT stored_forward=1.5121673842112405e-12 stored_tableau=0.0 direction_norm=4.206445278906759e8 row_residual_ratio=1.0e12
EVENT refactor_pivot count=1000 iter=3949 row=19721 entering=28198 pinf=0.0 dinf=6.824525987384207e9
PIVOT stored_forward=5.955712407104634e-14 stored_tableau=0.0 direction_norm=8.603629673800584e6 row_residual_ratio=1.0e12
EVENT refactor_pivot count=1100 iter=4049 row=498 entering=28198 pinf=0.0 dinf=7.190978999561176e9
PIVOT stored_forward=3.342704436162733e-12 stored_tableau=0.0 direction_norm=8.603629673800597e6 row_residual_ratio=1.0e12
[ Info: iter=3823 obj=1.4191482998488946e6 pinf=0.0 (0) dinf=6.809252756636303e9 (11159) time=79.45653234s
[ Info: iter=3824 obj=1.4191482998488946e6 pinf=0.0 (0) dinf=6.815453962361648e9 (11141) time=79.537661947s
[ Info: iter=3825 obj=1.4191482998488946e6 pinf=0.0 (0) dinf=6.816231551369677e9 (11145) time=79.610515954s
[ Info: iter=3826 obj=1.4191482998488946e6 pinf=0.0 (0) dinf=6.761726834073777e9 (11156) time=79.683449461s
[ Info: iter=3827 obj=1.4191482998488946e6 pinf=0.0 (0) dinf=6.815935978112153e9 (11146) time=79.756364168s
[ Info: iter=3828 obj=1.4191482998488946e6 pinf=0.0 (0) dinf=6.81694122863002e9 (11150) time=79.830350475s
[ Info: iter=3829 obj=1.4191482998488946e6 pinf=0.0 (0) dinf=6.809250247932745e9 (11144) time=79.904159382s
[ Info: iter=3830 obj=1.4191482998488946e6 pinf=0.0 (0) dinf=6.80790391936587e9 (11144) time=79.976925189s
[ Info: iter=3831 obj=1.4191482998488946e6 pinf=0.0 (0) dinf=6.809250869547403e9 (11144) time=80.052491097s
[ Info: iter=3832 obj=1.4191482998488946e6 pinf=0.0 (0) dinf=6.808866611796551e9 (11144) time=80.125173904s
[ Info: iter=3833 obj=1.4191482998488946e6 pinf=0.0 (0) dinf=6.808482354045698e9 (11144) time=80.198969911s
[ Info: iter=3834 obj=1.4191482998488946e6 pinf=0.0 (0) dinf=6.821943455551406e9 (11147) time=80.274853018s
[ Info: iter=3835 obj=1.4191482998488946e6 pinf=0.0 (0) dinf=6.823276465437854e9 (11151) time=80.345588025s
[ Info: iter=3836 obj=1.4191482998488946e6 pinf=0.0 (0) dinf=6.78100854817989e9 (11138) time=80.416228631s
[ Info: iter=3837 obj=1.4191482998488946e6 pinf=0.0 (0) dinf=6.772377308906691e9 (11139) time=80.490166538s
[ Info: iter=3838 obj=1.4191482998488946e6 pinf=0.0 (0) dinf=6.77233090557721e9 (11139) time=80.564034046s
[ Info: iter=3839 obj=1.4191482998488946e6 pinf=0.0 (0) dinf=6.774441325320348e9 (11139) time=80.635438152s
[ Info: iter=3840 obj=1.4191482998488946e6 pinf=0.0 (0) dinf=6.773828538011439e9 (11139) time=80.709007259s
[ Info: iter=3841 obj=1.4191482998488946e6 pinf=0.0 (0) dinf=6.775128431474081e9 (11139) time=80.785210167s
[ Info: iter=3842 obj=1.4191482998488946e6 pinf=0.0 (0) dinf=6.783717259395746e9 (11140) time=80.858237074s
[ Info: iter=3843 obj=1.4191482998488946e6 pinf=0.0 (0) dinf=6.777275636204497e9 (11137) time=80.931494781s
[ Info: iter=3844 obj=1.4191482998488946e6 pinf=0.0 (0) dinf=6.780138579845053e9 (11137) time=81.003473688s
[ Info: iter=3845 obj=1.4191482998488946e6 pinf=0.0 (0) dinf=6.788291261305682e9 (11140) time=81.079813795s
[ Info: iter=3846 obj=1.4191482998488946e6 pinf=0.0 (0) dinf=6.791386065614839e9 (11136) time=81.150863802s
[ Info: iter=3847 obj=1.4191482998488946e6 pinf=0.0 (0) dinf=6.7750808029352865e9 (11153) time=81.224117109s
[ Info: iter=3848 obj=1.4191482998488946e6 pinf=0.0 (0) dinf=6.8067467442675905e9 (11165) time=81.300292316s
[ Info: iter=3849 obj=1.4191482998488946e6 pinf=0.0 (0) dinf=6.801380624838914e9 (11167) time=81.375292523s
[ Info: iter=3850 obj=1.4191482998488946e6 pinf=0.0 (0) dinf=6.796033291667707e9 (11166) time=81.44880613s
[ Info: iter=3851 obj=1.4191482998488946e6 pinf=0.0 (0) dinf=6.790665011083588e9 (11165) time=81.523310637s
[ Info: iter=3852 obj=1.4191482998488946e6 pinf=0.0 (0) dinf=6.785305761145964e9 (11163) time=81.605849245s
[ Info: iter=3853 obj=1.4191482998488946e6 pinf=0.0 (0) dinf=6.77997491062362e9 (11163) time=81.679257752s
[ Info: iter=3854 obj=1.4191482998488946e6 pinf=0.0 (0) dinf=6.774622589973146e9 (11162) time=81.753823759s
[ Info: iter=3855 obj=1.4191482998488946e6 pinf=0.0 (0) dinf=6.774620993954768e9 (11162) time=81.829443566s
[ Info: iter=3856 obj=1.4191482998488946e6 pinf=0.0 (0) dinf=6.774597790897144e9 (11161) time=81.903884774s
[ Info: iter=3857 obj=1.4191482998488946e6 pinf=0.0 (0) dinf=6.774594218022995e9 (11160) time=81.97634458s
[ Info: iter=3858 obj=1.4191482998488946e6 pinf=0.0 (0) dinf=6.774588649615876e9 (11158) time=82.048940087s
[ Info: iter=3859 obj=1.4191482998488946e6 pinf=0.0 (0) dinf=6.774635053492248e9 (11159) time=82.125625195s
[ Info: iter=3860 obj=1.4191482998488946e6 pinf=0.0 (0) dinf=6.774618571064458e9 (11159) time=82.197181902s
[ Info: iter=3861 obj=1.4191482998488946e6 pinf=0.0 (0) dinf=6.774664974609346e9 (11160) time=82.272478809s
[ Info: iter=3862 obj=1.4191482998488946e6 pinf=0.0 (0) dinf=6.774643505033771e9 (11160) time=82.344725816s
[ Info: iter=3863 obj=1.4191482998488946e6 pinf=0.0 (0) dinf=6.774708324325949e9 (11162) time=82.416777023s
[ Info: iter=3864 obj=1.4191482998488946e6 pinf=0.0 (0) dinf=6.774694881924729e9 (11162) time=82.49223283s
[ Info: iter=3865 obj=1.4191482998488946e6 pinf=0.0 (0) dinf=6.774648477831537e9 (11161) time=82.565729137s
[ Info: iter=3866 obj=1.4191482998488946e6 pinf=0.0 (0) dinf=6.774645009771434e9 (11161) time=82.641092045s
[ Info: iter=3867 obj=1.4191482998488946e6 pinf=0.0 (0) dinf=6.774598606295661e9 (11160) time=82.713712756s
[ Info: iter=3868 obj=1.4191482998488946e6 pinf=0.0 (0) dinf=6.774555392908263e9 (11159) time=82.786880166s
[ Info: iter=3869 obj=1.4191482998488946e6 pinf=0.0 (0) dinf=6.775345470147729e9 (11158) time=82.862174677s
[ Info: iter=3870 obj=1.4191482998488946e6 pinf=0.0 (0) dinf=6.769007377480323e9 (11157) time=82.935184987s
[ Info: iter=3871 obj=1.4191482998488946e6 pinf=0.0 (0) dinf=6.769004347524843e9 (11157) time=83.011147098s
[ Info: iter=3872 obj=1.4191482998488946e6 pinf=0.0 (0) dinf=6.768991968229997e9 (11157) time=83.09227891s
[ Info: iter=3873 obj=1.4191482998488946e6 pinf=0.0 (0) dinf=6.76897958893515e9 (11157) time=83.169903721s
[ Info: iter=3874 obj=1.4191482998488946e6 pinf=0.0 (0) dinf=6.782082401797037e9 (11157) time=83.241929231s
[ Info: iter=3875 obj=1.4191482998488946e6 pinf=0.0 (0) dinf=6.7722575635342245e9 (11153) time=83.314128241s
[ Info: iter=3876 obj=1.4191482998488946e6 pinf=0.0 (0) dinf=6.77234855602534e9 (11152) time=83.396530253s
[ Info: iter=3877 obj=1.4191482998488946e6 pinf=0.0 (0) dinf=6.772573361231757e9 (11151) time=83.466682563s
[ Info: iter=3878 obj=1.4191482998488946e6 pinf=0.0 (0) dinf=6.773348210212362e9 (11152) time=83.539591473s
[ Info: iter=3879 obj=1.4191482998488946e6 pinf=0.0 (0) dinf=6.773031308350723e9 (11153) time=83.623713685s
[ Info: iter=3880 obj=1.4191482998488946e6 pinf=0.0 (0) dinf=6.769446081049097e9 (11145) time=83.697083895s
[ Info: iter=3881 obj=1.4191482998488946e6 pinf=0.0 (0) dinf=6.769444598193682e9 (11145) time=83.770753706s
[ Info: iter=3882 obj=1.4191482998488946e6 pinf=0.0 (0) dinf=6.769384512764543e9 (11144) time=83.852050118s
[ Info: iter=3883 obj=1.4191482998488946e6 pinf=0.0 (0) dinf=6.769634375670622e9 (11143) time=83.927793228s
[ Info: iter=3884 obj=1.4191482998488946e6 pinf=0.0 (0) dinf=6.769015789827003e9 (11145) time=83.999117738s
[ Info: iter=3885 obj=1.4191482998488946e6 pinf=0.0 (0) dinf=6.775131935576649e9 (11145) time=84.070841249s
[ Info: iter=3886 obj=1.4191482998488946e6 pinf=0.0 (0) dinf=6.770528617692266e9 (11142) time=84.15199336s
[ Info: iter=3887 obj=1.4191482998488946e6 pinf=0.0 (0) dinf=6.765421599480943e9 (11146) time=84.225378871s
[ Info: iter=3888 obj=1.4191482998488946e6 pinf=0.0 (0) dinf=6.769001445144506e9 (11141) time=84.296538481s
[ Info: iter=3889 obj=1.4191482998488946e6 pinf=0.0 (0) dinf=6.77510926848474e9 (11141) time=84.378994492s
[ Info: iter=3890 obj=1.4191482998488946e6 pinf=0.0 (0) dinf=6.770505955791356e9 (11138) time=84.452503103s
[ Info: iter=3891 obj=1.4191482998488946e6 pinf=0.0 (0) dinf=6.76897359610466e9 (11137) time=84.524771413s
[ Info: iter=3892 obj=1.4191482998488946e6 pinf=0.0 (0) dinf=6.768985196313517e9 (11137) time=84.598984024s
[ Info: iter=3893 obj=1.4191482998488946e6 pinf=0.0 (0) dinf=6.76898257104376e9 (11137) time=84.670371734s
[ Info: iter=3894 obj=1.4191482998488946e6 pinf=0.0 (0) dinf=6.775095249353463e9 (11137) time=84.744085744s
[ Info: iter=3895 obj=1.4191482998488946e6 pinf=0.0 (0) dinf=6.770492036034721e9 (11134) time=84.815941755s
[ Info: iter=3896 obj=1.4191482998488946e6 pinf=0.0 (0) dinf=6.768964379302257e9 (11133) time=84.888368865s
[ Info: iter=3897 obj=1.4191482998488946e6 pinf=0.0 (0) dinf=6.768946602532814e9 (11133) time=84.963985276s
[ Info: iter=3898 obj=1.4191482998488946e6 pinf=0.0 (0) dinf=6.768929092826344e9 (11136) time=85.036227986s
[ Info: iter=3899 obj=1.4191482998488946e6 pinf=0.0 (0) dinf=6.765656168437208e9 (11138) time=85.106426796s
[ Info: iter=3900 obj=1.4191482998488946e6 pinf=0.0 (0) dinf=6.795224437449028e9 (11199) time=85.181115407s
[ Info: iter=3901 obj=1.4191482998488946e6 pinf=0.0 (0) dinf=6.7982074066551695e9 (11201) time=85.258502518s
[ Info: iter=3902 obj=1.4191482998488946e6 pinf=0.0 (0) dinf=6.793737252834941e9 (11197) time=85.329242328s
[ Info: iter=3903 obj=1.4191482998488946e6 pinf=0.0 (0) dinf=6.789281497909823e9 (11197) time=85.401961138s
[ Info: iter=3904 obj=1.4191482998488946e6 pinf=0.0 (0) dinf=6.789279254537935e9 (11196) time=85.477057349s
[ Info: iter=3905 obj=1.4191482998488946e6 pinf=0.0 (0) dinf=6.7879619085612755e9 (11194) time=85.551346359s
[ Info: iter=3906 obj=1.4191482998488946e6 pinf=0.0 (0) dinf=6.7812765779922285e9 (11193) time=85.62459727s
[ Info: iter=3907 obj=1.4191482998488946e6 pinf=0.0 (0) dinf=6.781291971129072e9 (11196) time=85.704250081s
[ Info: iter=3908 obj=1.4191482998488946e6 pinf=0.0 (0) dinf=6.781300408121063e9 (11196) time=85.777000591s
[ Info: iter=3909 obj=1.4191482998488946e6 pinf=0.0 (0) dinf=6.78148442406697e9 (11193) time=85.850487502s
[ Info: iter=3910 obj=1.4191482998488946e6 pinf=0.0 (0) dinf=6.794980671957e9 (11179) time=85.923520612s
[ Info: iter=3911 obj=1.4191482998488946e6 pinf=0.0 (0) dinf=6.835946565206587e9 (11181) time=85.999405823s
[ Info: iter=3912 obj=1.4191482998488946e6 pinf=0.0 (0) dinf=6.988070149799033e9 (11181) time=86.072771333s
[ Info: iter=3913 obj=1.4191482998488946e6 pinf=0.0 (0) dinf=6.98836677037346e9 (11181) time=86.144762044s
[ Info: iter=3914 obj=1.4191482998488946e6 pinf=0.0 (0) dinf=6.988949339203739e9 (11180) time=86.218447654s
[ Info: iter=3915 obj=1.4191482998488946e6 pinf=0.0 (0) dinf=6.987461619792806e9 (11180) time=86.293494765s
[ Info: iter=3916 obj=1.4191482998488946e6 pinf=0.0 (0) dinf=6.989375127001783e9 (11179) time=86.364739275s
[ Info: iter=3917 obj=1.4191482998488946e6 pinf=0.0 (0) dinf=6.989418073925855e9 (11179) time=86.436938685s
[ Info: iter=3918 obj=1.4191482998489577e6 pinf=0.0 (0) dinf=6.989415272452753e9 (11173) time=86.510115695s
[ Info: iter=3919 obj=1.4191482998489577e6 pinf=0.0 (0) dinf=7.108055762629792e9 (11114) time=86.583172306s
[ Info: iter=3920 obj=1.4191482998489577e6 pinf=0.0 (0) dinf=7.10805574852113e9 (11111) time=86.652392316s
[ Info: iter=3921 obj=1.4191482998489577e6 pinf=0.0 (0) dinf=7.107991267619287e9 (11109) time=86.720103225s
[ Info: iter=3922 obj=1.4191482998489577e6 pinf=0.0 (0) dinf=7.108065878039588e9 (11110) time=86.793996836s
[ Info: iter=3923 obj=1.4191482998489577e6 pinf=0.0 (0) dinf=7.108188972751484e9 (11111) time=86.865273246s
[ Info: iter=3924 obj=1.4191482998489577e6 pinf=0.0 (0) dinf=7.107855399051344e9 (11108) time=86.936498456s
[ Info: iter=3925 obj=1.4191482998489577e6 pinf=0.0 (0) dinf=7.111991284255229e9 (11109) time=87.004914066s
[ Info: iter=3926 obj=1.4191482998489577e6 pinf=0.0 (0) dinf=7.110932701668691e9 (11109) time=87.076488376s
[ Info: iter=3927 obj=1.4191482998489577e6 pinf=0.0 (0) dinf=6.944133438651545e9 (11175) time=87.147236686s
[ Info: iter=3928 obj=1.4191482998489577e6 pinf=0.0 (0) dinf=6.971441722828394e9 (11171) time=87.218311396s
[ Info: iter=3929 obj=1.4191482998489577e6 pinf=0.0 (0) dinf=6.956131208861542e9 (11168) time=87.294976907s
[ Info: iter=3930 obj=1.4191482998489577e6 pinf=0.0 (0) dinf=6.976127508866478e9 (11169) time=87.365834117s
[ Info: iter=3931 obj=1.4191482998489577e6 pinf=0.0 (0) dinf=7.204343950754556e9 (11172) time=87.436052027s
[ Info: iter=3932 obj=1.4191482998489938e6 pinf=0.0 (0) dinf=7.494209556575572e9 (11171) time=87.506662837s
[ Info: iter=3933 obj=1.4191482998489938e6 pinf=0.0 (0) dinf=7.493978446613932e9 (11171) time=87.579757048s
[ Info: iter=3934 obj=1.4191482998489938e6 pinf=0.0 (0) dinf=7.493978444641232e9 (11171) time=87.649523957s
[ Info: iter=3935 obj=1.4191482998489938e6 pinf=0.0 (0) dinf=7.493732750888101e9 (11170) time=87.722421468s
[ Info: iter=3936 obj=1.4191482998489938e6 pinf=0.0 (0) dinf=7.493653821005001e9 (11169) time=87.796013678s
[ Info: iter=3937 obj=1.4191482998489938e6 pinf=0.0 (0) dinf=7.493522571414231e9 (11169) time=87.864535388s
[ Info: iter=3938 obj=1.4191482998489938e6 pinf=0.0 (0) dinf=7.493376413069903e9 (11168) time=87.936477698s
[ Info: iter=3939 obj=1.4191482998489938e6 pinf=0.0 (0) dinf=7.493293013559394e9 (11166) time=88.005941708s
[ Info: iter=3940 obj=1.4191482998489938e6 pinf=0.0 (0) dinf=6.878254545044274e9 (11175) time=88.078754518s
[ Info: iter=3941 obj=1.4191482998489938e6 pinf=0.0 (0) dinf=6.878252251208507e9 (11175) time=88.152533129s
[ Info: iter=3942 obj=1.4191482998489938e6 pinf=0.0 (0) dinf=6.878098407841893e9 (11175) time=88.223216139s
[ Info: iter=3943 obj=1.4191482998489938e6 pinf=0.0 (0) dinf=6.878096491910905e9 (11175) time=88.292040249s
[ Info: iter=3944 obj=1.419148299848994e6 pinf=0.0 (0) dinf=6.877991719386226e9 (11175) time=88.358889158s
[ Info: iter=3945 obj=1.4191482998489947e6 pinf=0.0 (0) dinf=6.877452195436216e9 (11174) time=88.425339168s
[ Info: iter=3946 obj=1.4191482998490278e6 pinf=0.0 (0) dinf=6.91854701963713e9 (11213) time=88.496321978s
[ Info: iter=3947 obj=1.4191482998490278e6 pinf=0.0 (0) dinf=6.82331816332102e9 (11187) time=88.567681588s
[ Info: iter=3948 obj=1.4191482998490278e6 pinf=0.0 (0) dinf=6.823234333543998e9 (11185) time=88.640650798s
[ Info: iter=3949 obj=1.4191482998490317e6 pinf=0.0 (0) dinf=6.824525987384206e9 (11184) time=88.711905209s
[ Info: iter=3950 obj=1.4191482998490317e6 pinf=0.0 (0) dinf=6.829148906949418e9 (11169) time=88.784086719s
[ Info: iter=3951 obj=1.4191482998490317e6 pinf=0.0 (0) dinf=6.879279533784406e9 (11175) time=88.852721129s
[ Info: iter=3952 obj=1.4191482998490317e6 pinf=0.0 (0) dinf=6.86295813785423e9 (11177) time=88.924770839s
[ Info: iter=3953 obj=1.4191482998490317e6 pinf=0.0 (0) dinf=6.82444976769431e9 (11185) time=88.994775049s
[ Info: iter=3954 obj=1.4191482998490403e6 pinf=0.0 (0) dinf=6.79854710883283e9 (11184) time=89.066454459s
[ Info: iter=3955 obj=1.4191482998490403e6 pinf=0.0 (0) dinf=6.798530587400293e9 (11182) time=89.138885369s
[ Info: iter=3956 obj=1.4191482998490403e6 pinf=0.0 (0) dinf=7.50714631226454e9 (11184) time=89.210769479s
[ Info: iter=3957 obj=1.4191482998490403e6 pinf=0.0 (0) dinf=6.8596502176468115e9 (11180) time=89.28428709s
[ Info: iter=3958 obj=1.4191482998490403e6 pinf=0.0 (0) dinf=7.614635080847249e9 (11193) time=89.358594s
[ Info: iter=3959 obj=1.4191482998490403e6 pinf=0.0 (0) dinf=7.665719437702652e9 (11192) time=89.42855551s
[ Info: iter=3960 obj=1.4191482998490403e6 pinf=0.0 (0) dinf=7.6715920033851185e9 (11187) time=89.500893621s
[ Info: iter=3961 obj=1.4191482998490403e6 pinf=0.0 (0) dinf=7.673624811967511e9 (11182) time=89.576672231s
[ Info: iter=3962 obj=1.4191482998490403e6 pinf=0.0 (0) dinf=7.684014737194183e9 (11181) time=89.647605942s
[ Info: iter=3963 obj=1.4191482998490403e6 pinf=0.0 (0) dinf=7.7015623039805765e9 (11182) time=89.719533152s
[ Info: iter=3964 obj=1.4191482998490403e6 pinf=0.0 (0) dinf=7.6999121272521e9 (11181) time=89.794071362s
[ Info: iter=3965 obj=1.4191482998490403e6 pinf=0.0 (0) dinf=7.7197183734356165e9 (11182) time=89.864972772s
[ Info: iter=3966 obj=1.4191482998490403e6 pinf=0.0 (0) dinf=7.71806819670714e9 (11181) time=89.934644882s
[ Info: iter=3967 obj=1.4191482998490403e6 pinf=0.0 (0) dinf=7.728458121933812e9 (11180) time=90.003577692s
[ Info: iter=3968 obj=1.4191482998490403e6 pinf=0.0 (0) dinf=7.727468015896727e9 (11179) time=90.077561803s
[ Info: iter=3969 obj=1.4191482998490403e6 pinf=0.0 (0) dinf=7.726477909859641e9 (11178) time=90.149856413s
[ Info: iter=3970 obj=1.4191482998490403e6 pinf=0.0 (0) dinf=6.87564762156141e9 (11097) time=90.219857523s
[ Info: iter=3971 obj=1.4191482998490403e6 pinf=0.0 (0) dinf=6.871351222578155e9 (11099) time=90.293956733s
[ Info: iter=3972 obj=1.4191482998490403e6 pinf=0.0 (0) dinf=6.8606927408306875e9 (11206) time=90.365246144s
[ Info: iter=3973 obj=1.4191482998490776e6 pinf=0.0 (0) dinf=6.880327203646824e9 (11204) time=90.435962854s
[ Info: iter=3974 obj=1.4191482998490776e6 pinf=0.0 (0) dinf=6.808436463769354e9 (11207) time=90.510231764s
[ Info: iter=3975 obj=1.4191482998490888e6 pinf=0.0 (0) dinf=6.877605302102586e9 (11206) time=90.587286075s
[ Info: iter=3976 obj=1.419148299849098e6 pinf=0.0 (0) dinf=6.881409980150739e9 (11205) time=90.658813981s
[ Info: iter=3977 obj=1.419148299849119e6 pinf=0.0 (0) dinf=6.926356160328484e9 (11196) time=90.727493582s
[ Info: iter=3978 obj=1.419148299849119e6 pinf=0.0 (0) dinf=6.926356156625484e9 (11193) time=90.801738983s
[ Info: iter=3979 obj=1.419148299849119e6 pinf=0.0 (0) dinf=6.926356153625484e9 (11190) time=90.872934384s
[ Info: iter=3980 obj=1.419148299849119e6 pinf=0.0 (0) dinf=6.914922755481563e9 (11187) time=90.944032085s
[ Info: iter=3981 obj=1.419148299849119e6 pinf=0.0 (0) dinf=7.009272458968578e9 (11204) time=91.015650686s
[ Info: iter=3982 obj=1.419148299849119e6 pinf=0.0 (0) dinf=6.946604827311921e9 (11198) time=91.089446586s
[ Info: iter=3983 obj=1.419148299849119e6 pinf=0.0 (0) dinf=6.944002048211018e9 (11201) time=91.159804587s
[ Info: iter=3984 obj=1.419148299849119e6 pinf=0.0 (0) dinf=7.009272453563282e9 (11200) time=91.231796488s
[ Info: iter=3985 obj=1.419148299849119e6 pinf=0.0 (0) dinf=7.009272448563282e9 (11196) time=91.306050489s
[ Info: iter=3986 obj=1.419148299849119e6 pinf=0.0 (0) dinf=7.00046045240686e9 (11194) time=91.37522419s
[ Info: iter=3987 obj=1.4191482998491225e6 pinf=0.0 (0) dinf=6.994515692694684e9 (11193) time=91.447032491s
[ Info: iter=3988 obj=1.4191482998491225e6 pinf=0.0 (0) dinf=6.985535269835337e9 (11192) time=91.516542892s
[ Info: iter=3989 obj=1.4191482998491225e6 pinf=0.0 (0) dinf=6.976550541083885e9 (11190) time=91.591231493s
[ Info: iter=3990 obj=1.4191482998491225e6 pinf=0.0 (0) dinf=6.967570118224538e9 (11189) time=91.663100994s
[ Info: iter=3991 obj=1.4191482998491225e6 pinf=0.0 (0) dinf=6.958657583087218e9 (11188) time=91.733486495s
[ Info: iter=3992 obj=1.4191482998491225e6 pinf=0.0 (0) dinf=6.949726933709393e9 (11189) time=91.808148295s
[ Info: iter=3993 obj=1.4191482998491225e6 pinf=0.0 (0) dinf=6.949723958430953e9 (11189) time=91.884858696s
[ Info: iter=3994 obj=1.4191482998491225e6 pinf=0.0 (0) dinf=6.949750077890526e9 (11189) time=91.955675397s
[ Info: iter=3995 obj=1.4191482998491311e6 pinf=0.0 (0) dinf=6.9574749303865185e9 (11186) time=92.027831498s
[ Info: iter=3996 obj=1.4191482998491311e6 pinf=0.0 (0) dinf=6.957496217208068e9 (11186) time=92.100291199s
[ Info: iter=3997 obj=1.4191482998491311e6 pinf=0.0 (0) dinf=6.941273190688696e9 (11182) time=92.1751034s
[ Info: iter=3998 obj=1.4191482998491311e6 pinf=0.0 (0) dinf=6.941610886630941e9 (11180) time=92.248598301s
[ Info: iter=3999 obj=1.4191482998491311e6 pinf=0.0 (0) dinf=6.915580603160668e9 (11177) time=92.323940402s
[ Info: iter=4000 obj=1.4191482998491311e6 pinf=0.0 (0) dinf=6.925341959462021e9 (11177) time=92.394272703s
[ Info: iter=4001 obj=1.4191482998491311e6 pinf=0.0 (0) dinf=6.980656311836352e9 (11176) time=92.467013604s
[ Info: iter=4002 obj=1.4191482998491311e6 pinf=0.0 (0) dinf=6.995406756899953e9 (11174) time=92.540864605s
[ Info: iter=4003 obj=1.4191482998491311e6 pinf=0.0 (0) dinf=7.01015724866976e9 (11171) time=92.615796406s
[ Info: iter=4004 obj=1.4191482998491311e6 pinf=0.0 (0) dinf=6.911951393136675e9 (11103) time=92.687366206s
[ Info: iter=4005 obj=1.4191482998491311e6 pinf=0.0 (0) dinf=6.911939584920224e9 (11098) time=92.755868507s
[ Info: iter=4006 obj=1.4191482998491311e6 pinf=0.0 (0) dinf=6.911932318162015e9 (11097) time=92.826288508s
[ Info: iter=4007 obj=1.4191482998491311e6 pinf=0.0 (0) dinf=6.845776789124438e9 (11202) time=92.897433209s
[ Info: iter=4008 obj=1.4191482998491311e6 pinf=0.0 (0) dinf=7.836315686085862e9 (11221) time=92.96977191s
[ Info: iter=4009 obj=1.4191482998491311e6 pinf=0.0 (0) dinf=7.835795392226232e9 (11219) time=93.042731811s
[ Info: iter=4010 obj=1.4191482998491311e6 pinf=0.0 (0) dinf=7.835731158772899e9 (11220) time=93.116089312s
[ Info: iter=4011 obj=1.4191482998491311e6 pinf=0.0 (0) dinf=7.835653930567302e9 (11221) time=93.190853813s
[ Info: iter=4012 obj=1.4191482998491311e6 pinf=0.0 (0) dinf=7.701081785028999e9 (11223) time=93.264181614s
[ Info: iter=4013 obj=1.4191482998491311e6 pinf=0.0 (0) dinf=7.673828399407223e9 (11223) time=93.333305915s
[ Info: iter=4014 obj=1.4191482998491311e6 pinf=0.0 (0) dinf=7.646029530630661e9 (11221) time=93.407523316s
[ Info: iter=4015 obj=1.4191482998491311e6 pinf=0.0 (0) dinf=7.618238880294855e9 (11221) time=93.477439416s
[ Info: iter=4016 obj=1.4191482998491311e6 pinf=0.0 (0) dinf=7.61826455467784e9 (11221) time=93.548259617s
[ Info: iter=4017 obj=1.4191482998491311e6 pinf=0.0 (0) dinf=7.619274413125778e9 (11221) time=93.624097018s
[ Info: iter=4018 obj=1.4191482998491311e6 pinf=0.0 (0) dinf=7.591564968839156e9 (11219) time=93.695506119s
[ Info: iter=4019 obj=1.4191482998491311e6 pinf=0.0 (0) dinf=7.564311582970726e9 (11219) time=93.77044332s
[ Info: iter=4020 obj=1.4191482998491311e6 pinf=0.0 (0) dinf=7.563865230056902e9 (11218) time=93.845500921s
[ Info: iter=4021 obj=1.4191482998491311e6 pinf=0.0 (0) dinf=7.563395274788063e9 (11217) time=93.921569822s
[ Info: iter=4022 obj=1.4191482998491311e6 pinf=0.0 (0) dinf=7.563614885692255e9 (11217) time=93.992953323s
[ Info: iter=4023 obj=1.4191482998491311e6 pinf=0.0 (0) dinf=7.563834496383681e9 (11217) time=94.063715924s
[ Info: iter=4024 obj=1.4191482998491311e6 pinf=0.0 (0) dinf=7.563826948755032e9 (11217) time=94.137213225s
[ Info: iter=4025 obj=1.4191482998491311e6 pinf=0.0 (0) dinf=7.563975688981386e9 (11218) time=94.210522226s
[ Info: iter=4026 obj=1.4191482998491311e6 pinf=0.0 (0) dinf=7.564124428564792e9 (11219) time=94.283160527s
[ Info: iter=4027 obj=1.4191482998491311e6 pinf=0.0 (0) dinf=7.566193182383336e9 (11220) time=94.355562427s
[ Info: iter=4028 obj=1.4191482998491311e6 pinf=0.0 (0) dinf=7.595100482144953e9 (11221) time=94.431830728s
[ Info: iter=4029 obj=1.4191482998491311e6 pinf=0.0 (0) dinf=7.573284144287534e9 (11218) time=94.504717029s
[ Info: iter=4030 obj=1.4191482998491311e6 pinf=0.0 (0) dinf=7.566414997533874e9 (11227) time=94.57435903s
[ Info: iter=4031 obj=1.4191482998491311e6 pinf=0.0 (0) dinf=7.595589293391154e9 (11228) time=94.648560331s
[ Info: iter=4032 obj=1.4191482998491311e6 pinf=0.0 (0) dinf=7.573619317242164e9 (11224) time=94.723734732s
[ Info: iter=4033 obj=1.4191482998491311e6 pinf=0.0 (0) dinf=7.573718923802268e9 (11224) time=94.797105033s
[ Info: iter=4034 obj=1.4191482998491311e6 pinf=0.0 (0) dinf=7.573672237627665e9 (11225) time=94.867145134s
[ Info: iter=4035 obj=1.4191482998491311e6 pinf=0.0 (0) dinf=7.568223714466615e9 (11224) time=94.940881735s
[ Info: iter=4036 obj=1.4191482998491311e6 pinf=0.0 (0) dinf=7.00821752296786e9 (11239) time=95.014420036s
[ Info: iter=4037 obj=1.4191482998491311e6 pinf=0.0 (0) dinf=6.979531144582024e9 (11239) time=95.089580537s
[ Info: iter=4038 obj=1.4191482998491311e6 pinf=0.0 (0) dinf=7.535715830429145e9 (11234) time=95.165350138s
[ Info: iter=4039 obj=1.4191482998491311e6 pinf=0.0 (0) dinf=7.541759908683954e9 (11234) time=95.240207139s
[ Info: iter=4040 obj=1.4191482998491311e6 pinf=0.0 (0) dinf=7.056344983111928e9 (11228) time=95.314517739s
[ Info: iter=4041 obj=1.4191482998491311e6 pinf=0.0 (0) dinf=7.055636987027221e9 (11230) time=95.38932204s
[ Info: iter=4042 obj=1.4191482998491311e6 pinf=0.0 (0) dinf=7.056108812669352e9 (11228) time=95.464378441s
[ Info: iter=4043 obj=1.4191482998491311e6 pinf=0.0 (0) dinf=7.055805449576556e9 (11226) time=95.539435942s
[ Info: iter=4044 obj=1.4191482998491311e6 pinf=0.0 (0) dinf=7.055805448140225e9 (11226) time=95.612825743s
[ Info: iter=4045 obj=1.4191482998491311e6 pinf=0.0 (0) dinf=7.055568230769052e9 (11226) time=95.689981944s
[ Info: iter=4046 obj=1.4191482998491311e6 pinf=0.0 (0) dinf=7.076943753413694e9 (11131) time=95.767035845s
[ Info: iter=4047 obj=1.4191482998491311e6 pinf=0.0 (0) dinf=7.19097775502087e9 (11129) time=95.843195846s
[ Info: iter=4048 obj=1.4191482998491311e6 pinf=0.0 (0) dinf=7.191434304106413e9 (11124) time=95.917648647s
[ Info: iter=4049 obj=1.4191482998491311e6 pinf=0.0 (0) dinf=7.190978999561185e9 (11119) time=95.997473448s
[ Info: iter=4050 obj=1.4191482998491311e6 pinf=0.0 (0) dinf=7.191435564073155e9 (11114) time=96.070172449s
[ Info: iter=4051 obj=1.4191482998491311e6 pinf=0.0 (0) dinf=7.083256239484349e9 (11113) time=96.14602285s
[ Info: iter=4052 obj=1.4191482998491311e6 pinf=0.0 (0) dinf=7.074556633930561e9 (11112) time=96.224193051s
[ Info: iter=4053 obj=1.4191482998491311e6 pinf=0.0 (0) dinf=7.069980384342807e9 (11111) time=96.297531052s
[ Info: iter=4054 obj=1.4191482998491311e6 pinf=0.0 (0) dinf=7.068990332598251e9 (11109) time=96.372774853s
[ Info: iter=4055 obj=1.4191482998491311e6 pinf=0.0 (0) dinf=7.06942917805826e9 (11109) time=96.443786254s
[ Info: iter=4056 obj=1.4191482998491311e6 pinf=0.0 (0) dinf=7.069868027845291e9 (11110) time=96.518192655s
[ Info: iter=4057 obj=1.4191482998491311e6 pinf=0.0 (0) dinf=7.0693168500477085e9 (11109) time=96.594063555s
[ Info: iter=4058 obj=1.4191482998491311e6 pinf=0.0 (0) dinf=7.197160289892629e9 (11106) time=96.667588956s
[ Info: iter=4059 obj=1.4191482998491311e6 pinf=0.0 (0) dinf=7.197161024715181e9 (11101) time=96.740188257s
[ Info: iter=4060 obj=1.4191482998491311e6 pinf=0.0 (0) dinf=7.121834278087893e9 (11196) time=96.812855558s
[ Info: iter=4061 obj=1.41914829984917e6 pinf=0.0 (0) dinf=7.172363419031331e9 (11197) time=96.884449659s
[ Info: iter=4062 obj=1.419148299849289e6 pinf=0.0 (0) dinf=7.038902213662836e9 (11195) time=96.95592546s
[ Info: iter=4063 obj=1.419148299849289e6 pinf=0.0 (0) dinf=7.816900298299133e9 (11194) time=97.028660261s
[ Info: iter=4064 obj=1.419148299849289e6 pinf=0.0 (0) dinf=7.248037210205908e9 (11097) time=97.100968862s
[ Info: iter=4065 obj=1.419148299849289e6 pinf=0.0 (0) dinf=7.248037210214872e9 (11092) time=97.173236763s
[ Info: iter=4066 obj=1.419148299849289e6 pinf=0.0 (0) dinf=7.063313011709104e9 (11082) time=97.244674264s
[ Info: iter=4067 obj=1.419148299849289e6 pinf=0.0 (0) dinf=7.06568129743544e9 (11082) time=97.319616765s
[ Info: iter=4068 obj=1.419148299849289e6 pinf=0.0 (0) dinf=7.066399186703058e9 (11082) time=97.391716665s
[ Info: iter=4069 obj=1.419148299849289e6 pinf=0.0 (0) dinf=7.272966173871931e9 (11081) time=97.465060866s
[ Info: iter=4070 obj=1.419148299849289e6 pinf=0.0 (0) dinf=7.272966859355157e9 (11076) time=97.538427367s
[ Info: iter=4071 obj=1.419148299849289e6 pinf=0.0 (0) dinf=7.271010515532161e9 (11081) time=97.609035468s
[ Info: iter=4072 obj=1.419148299849289e6 pinf=0.0 (0) dinf=7.143011143940246e9 (11082) time=97.680894269s
[ Info: iter=4073 obj=1.419148299849289e6 pinf=0.0 (0) dinf=7.066047681110044e9 (11081) time=97.75280577s
[ Info: iter=4074 obj=1.419148299849289e6 pinf=0.0 (0) dinf=7.067005582114827e9 (11079) time=97.827271171s
[ Info: iter=4075 obj=1.419148299849289e6 pinf=0.0 (0) dinf=7.067743017694847e9 (11080) time=97.899262172s
[ Info: iter=4076 obj=1.419148299849289e6 pinf=0.0 (0) dinf=7.067135963487208e9 (11072) time=97.969676873s
[ Info: iter=4077 obj=1.419148299849289e6 pinf=0.0 (0) dinf=7.066398526746572e9 (11072) time=98.043997474s
[ Info: iter=4078 obj=1.419148299849289e6 pinf=0.0 (0) dinf=7.065738780821779e9 (11074) time=98.113712275s
[ Info: iter=4079 obj=1.419148299849289e6 pinf=0.0 (0) dinf=7.066696676586388e9 (11072) time=98.186295875s
[ Info: iter=4080 obj=1.419148299849289e6 pinf=0.0 (0) dinf=8.243889560329801e9 (11074) time=98.260895376s
[ Info: iter=4081 obj=1.419148299849289e6 pinf=0.0 (0) dinf=7.826791904440077e9 (11072) time=98.334819377s
[ Info: iter=4082 obj=1.419148299849289e6 pinf=0.0 (0) dinf=8.245068559128286e9 (11072) time=98.407034678s
[ Info: iter=4083 obj=1.419148299849289e6 pinf=0.0 (0) dinf=1.0561115010661821e10 (11071) time=98.479194579s
[ Info: iter=4084 obj=1.419148299849289e6 pinf=0.0 (0) dinf=8.422268543875776e9 (11070) time=98.55272188s
[ Info: iter=4085 obj=1.419148299849289e6 pinf=0.0 (0) dinf=8.537918631709851e9 (11065) time=98.628384381s
[ Info: iter=4086 obj=1.419148299849289e6 pinf=0.0 (0) dinf=7.742976810528795e9 (11060) time=98.701358584s
[ Info: iter=4087 obj=1.419148299849289e6 pinf=0.0 (0) dinf=7.765919552340265e9 (11058) time=98.776885987s
[ Info: iter=4088 obj=1.419148299849289e6 pinf=0.0 (0) dinf=7.388514392205805e9 (11057) time=98.850095391s
[ Info: iter=4089 obj=1.419148299849289e6 pinf=0.0 (0) dinf=7.835020942624709e9 (11157) time=98.924231394s
[ Info: iter=4090 obj=1.419148299849289e6 pinf=0.0 (0) dinf=7.834515726863526e9 (11157) time=98.998317297s
[ Info: iter=4091 obj=1.419148299849289e6 pinf=0.0 (0) dinf=7.834654336730896e9 (11156) time=99.071356301s
[ Info: iter=4092 obj=1.419148299849289e6 pinf=0.0 (0) dinf=7.333398214440824e9 (11146) time=99.144209904s
[ Info: iter=4093 obj=1.419148299849289e6 pinf=0.0 (0) dinf=7.336987171104825e9 (11154) time=99.223396907s
[ Info: iter=4094 obj=1.419148299849289e6 pinf=0.0 (0) dinf=7.332703610066171e9 (11149) time=99.297565811s
[ Info: iter=4095 obj=1.419148299849289e6 pinf=0.0 (0) dinf=7.332703610066171e9 (11148) time=99.377094514s
[ Info: iter=4096 obj=1.419148299849289e6 pinf=0.0 (0) dinf=7.336987186424827e9 (11160) time=99.450866318s
[ Info: iter=4097 obj=1.419148299849289e6 pinf=0.0 (0) dinf=7.336547342810416e9 (11165) time=99.524981921s
[ Info: iter=4098 obj=1.419148299849289e6 pinf=0.0 (0) dinf=7.336308817437703e9 (11166) time=99.599903624s
[ Info: iter=4099 obj=1.419148299849289e6 pinf=0.0 (0) dinf=7.336299860990199e9 (11165) time=99.674381228s
[ Info: iter=4100 obj=1.419148299849289e6 pinf=0.0 (0) dinf=7.3361976740867815e9 (11165) time=99.746834331s
[ Info: iter=4101 obj=1.419148299849289e6 pinf=0.0 (0) dinf=7.336191810397454e9 (11165) time=99.821102834s
[ Info: iter=4102 obj=1.419148299849289e6 pinf=0.0 (0) dinf=7.336143619846557e9 (11164) time=99.896802138s
[ Info: iter=4103 obj=1.419148299849289e6 pinf=0.0 (0) dinf=7.33630806833899e9 (11165) time=99.976915941s
[ Info: iter=4104 obj=1.419148299849289e6 pinf=0.0 (0) dinf=7.336243405768346e9 (11165) time=100.060825145s
[ Info: iter=4105 obj=1.419148299849289e6 pinf=0.0 (0) dinf=7.336191663454671e9 (11164) time=100.139973449s
[ Info: iter=4106 obj=1.419148299849289e6 pinf=0.0 (0) dinf=7.336138052144483e9 (11162) time=100.212583052s
[ Info: iter=4107 obj=1.419148299849289e6 pinf=0.0 (0) dinf=7.336273009688367e9 (11158) time=100.286880155s
[ Info: iter=4108 obj=1.419148299849289e6 pinf=0.0 (0) dinf=7.336114441768716e9 (11155) time=100.359604159s
[ Info: iter=4109 obj=1.419148299849289e6 pinf=0.0 (0) dinf=7.336179232961692e9 (11155) time=100.430560962s
[ Info: iter=4110 obj=1.419148299849289e6 pinf=0.0 (0) dinf=7.336084656827248e9 (11167) time=100.502567365s
[ Info: iter=4111 obj=1.419148299849289e6 pinf=0.0 (0) dinf=7.335978768192257e9 (11165) time=100.576575769s
[ Info: iter=4112 obj=1.419148299849289e6 pinf=0.0 (0) dinf=7.335331064214242e9 (11162) time=100.650768972s
[ Info: iter=4113 obj=1.419148299849289e6 pinf=0.0 (0) dinf=7.337037130653714e9 (11167) time=100.724933175s
[ Info: iter=4114 obj=1.419148299849289e6 pinf=0.0 (0) dinf=7.334297255746414e9 (11155) time=100.798614279s
[ Info: iter=4115 obj=1.419148299849289e6 pinf=0.0 (0) dinf=7.334297253746414e9 (11152) time=100.869180782s
[ Info: iter=4116 obj=1.419148299849289e6 pinf=0.0 (0) dinf=7.334297251746416e9 (11149) time=100.944345885s
[ Info: iter=4117 obj=1.419148299849289e6 pinf=0.0 (0) dinf=7.333544024566524e9 (11146) time=101.018259388s
[ Info: iter=4118 obj=1.419148299849289e6 pinf=0.0 (0) dinf=7.331104447576455e9 (11156) time=101.088982492s
[ Info: iter=4119 obj=1.419148299849289e6 pinf=0.0 (0) dinf=7.330152572530116e9 (11157) time=101.160302695s
[ Info: iter=4120 obj=1.419148299849289e6 pinf=0.0 (0) dinf=7.42763600651374e9 (11063) time=101.236687598s
[ Info: iter=4121 obj=1.419148299849289e6 pinf=0.0 (0) dinf=7.298510413536213e9 (11157) time=101.313240402s
[ Info: iter=4122 obj=1.419148299849289e6 pinf=0.0 (0) dinf=7.450158366093465e9 (11056) time=101.386827305s
[ Info: iter=4123 obj=1.419148299849279e6 pinf=0.0 (0) dinf=7.5754912074750595e9 (11145) time=101.463194409s
[ Info: iter=4124 obj=1.419148299849279e6 pinf=0.0 (0) dinf=7.575480680939958e9 (11142) time=101.534606512s
[ Info: iter=4125 obj=1.419148299849279e6 pinf=0.0 (0) dinf=8.083997349228003e9 (11153) time=101.604923615s
[ Info: iter=4126 obj=1.419148299849279e6 pinf=0.0 (0) dinf=7.735452493175195e9 (11149) time=101.679571418s
EVENT refactor_pivot count=1200 iter=4149 row=1445 entering=28198 pinf=0.0 dinf=7.323875156656388e9
PIVOT stored_forward=-1.4650232961550178e-12 stored_tableau=0.0 direction_norm=8.603629673800606e6 row_residual_ratio=1.0e12
EVENT refactor_pivot count=1300 iter=4249 row=498 entering=28198 pinf=0.0 dinf=3.82235336076261e10
PIVOT stored_forward=3.342704436162733e-12 stored_tableau=0.0 direction_norm=8.603629673800595e6 row_residual_ratio=1.0e12
EVENT refactor_pivot count=1400 iter=4349 row=1748 entering=28198 pinf=0.0 dinf=4.4661996961867584e10
PIVOT stored_forward=9.847372718964502e-15 stored_tableau=0.0 direction_norm=8.603629673800593e6 row_residual_ratio=1.0e12
EVENT refactor_residual count=1 iter=4365 row=19866 entering=52066 pinf=0.0 dinf=8.077830926182457e21
PIVOT stored_forward=-0.99453050441859 stored_tableau=-0.0 direction_norm=33.9801694573659 row_residual_ratio=7.827525310486356e10
SNAPSHOT .superpowers/performance/runtime-primal-zero-point-full.toml.refactor_residual.4365.bin
PROGRESS iter=5000 pinf=0.0 dinf=8.077830926182452e21 refs=1456
[ Info: iter=4127 obj=1.419148299849279e6 pinf=0.0 (0) dinf=7.7373532210524025e9 (11148) time=101.755972222s
[ Info: iter=4128 obj=1.419148299849279e6 pinf=0.0 (0) dinf=7.914459044508257e9 (11149) time=101.827723625s
[ Info: iter=4129 obj=1.419148299849279e6 pinf=0.0 (0) dinf=7.514470704729469e9 (11147) time=101.900994828s
[ Info: iter=4130 obj=1.419148299849279e6 pinf=0.0 (0) dinf=7.955799174163519e9 (11148) time=101.977026532s
[ Info: iter=4131 obj=1.419148299849279e6 pinf=0.0 (0) dinf=7.333117340352455e9 (11047) time=102.050071135s
[ Info: iter=4132 obj=1.419148299849289e6 pinf=0.0 (0) dinf=7.3004594003594885e9 (11057) time=102.126256138s
[ Info: iter=4133 obj=1.419148299849289e6 pinf=0.0 (0) dinf=7.195411878256672e9 (11050) time=102.198494242s
[ Info: iter=4134 obj=1.419148299849289e6 pinf=0.0 (0) dinf=7.223273846554524e9 (11053) time=102.273891745s
[ Info: iter=4135 obj=1.419148299849289e6 pinf=0.0 (0) dinf=7.240687576740683e9 (11054) time=102.346035348s
[ Info: iter=4136 obj=1.419148299849289e6 pinf=0.0 (0) dinf=7.258101306926841e9 (11055) time=102.416292651s
[ Info: iter=4137 obj=1.419148299849289e6 pinf=0.0 (0) dinf=7.275515037112999e9 (11056) time=102.491247355s
[ Info: iter=4138 obj=1.419148299849289e6 pinf=0.0 (0) dinf=7.3004594003594885e9 (11057) time=102.566413458s
[ Info: iter=4139 obj=1.419148299849289e6 pinf=0.0 (0) dinf=7.198706243973071e9 (11050) time=102.641142062s
[ Info: iter=4140 obj=1.419148299849289e6 pinf=0.0 (0) dinf=7.226568212270924e9 (11053) time=102.713592465s
[ Info: iter=4141 obj=1.419148299849289e6 pinf=0.0 (0) dinf=7.243981942457082e9 (11054) time=102.788214968s
[ Info: iter=4142 obj=1.419148299849289e6 pinf=0.0 (0) dinf=7.26139567264324e9 (11055) time=102.864032672s
[ Info: iter=4143 obj=1.419148299849289e6 pinf=0.0 (0) dinf=7.278809402829398e9 (11056) time=102.935903075s
[ Info: iter=4144 obj=1.419148299849289e6 pinf=0.0 (0) dinf=7.72606558289855e9 (11142) time=103.011164178s
[ Info: iter=4145 obj=1.419148299849289e6 pinf=0.0 (0) dinf=7.443070969062098e9 (11143) time=103.088105682s
[ Info: iter=4146 obj=1.419148299849289e6 pinf=0.0 (0) dinf=7.41514239250061e9 (11142) time=103.162664085s
[ Info: iter=4147 obj=1.419148299849289e6 pinf=0.0 (0) dinf=7.6324503506635685e9 (11143) time=103.235686388s
[ Info: iter=4148 obj=1.419148299849289e6 pinf=0.0 (0) dinf=7.351803732267887e9 (11141) time=103.314920892s
[ Info: iter=4149 obj=1.419148299849289e6 pinf=0.0 (0) dinf=7.323875156656388e9 (11140) time=103.386949995s
[ Info: iter=4150 obj=1.419148299849289e6 pinf=0.0 (0) dinf=8.190244008292473e9 (11145) time=103.464183799s
[ Info: iter=4151 obj=1.4191482998494874e6 pinf=1.0001618054280663e-7 (1) dinf=8.059675664692117e9 (11153) time=103.536880102s
[ Info: iter=4152 obj=1.419148299849289e6 pinf=0.0 (0) dinf=7.592126645567042e9 (11189) time=103.615149706s
[ Info: iter=4153 obj=1.419148299849289e6 pinf=0.0 (0) dinf=7.661758065590466e9 (11059) time=103.690428509s
[ Info: iter=4154 obj=1.419148299849289e6 pinf=0.0 (0) dinf=9.520803192801636e9 (11155) time=103.761679712s
[ Info: iter=4155 obj=1.419148299849289e6 pinf=0.0 (0) dinf=9.455505543164532e9 (11155) time=103.836454516s
[ Info: iter=4156 obj=1.419148299849289e6 pinf=0.0 (0) dinf=9.455485307654318e9 (11155) time=103.909785819s
[ Info: iter=4157 obj=1.419148299849289e6 pinf=0.0 (0) dinf=8.76501816594173e9 (11149) time=103.984966622s
[ Info: iter=4158 obj=1.419148299849289e6 pinf=0.0 (0) dinf=8.721429773643646e9 (11142) time=104.056997126s
[ Info: iter=4159 obj=1.4191482998492632e6 pinf=0.0 (0) dinf=1.2695072404674505e10 (11108) time=104.133727529s
[ Info: iter=4160 obj=1.4191482998492632e6 pinf=0.0 (0) dinf=1.269507333819108e10 (11108) time=104.209769732s
[ Info: iter=4161 obj=1.4191482998492632e6 pinf=0.0 (0) dinf=1.2692562961288273e10 (11107) time=104.281279036s
[ Info: iter=4162 obj=1.4191482998492632e6 pinf=0.0 (0) dinf=1.269005178148618e10 (11105) time=104.353724439s
[ Info: iter=4163 obj=1.4191482998492632e6 pinf=0.0 (0) dinf=1.2689750442641092e10 (11105) time=104.424055842s
[ Info: iter=4164 obj=1.4191482998492632e6 pinf=0.0 (0) dinf=1.2688921762572186e10 (11105) time=104.496471245s
[ Info: iter=4165 obj=1.4191482998492632e6 pinf=0.0 (0) dinf=1.2691437131196564e10 (11106) time=104.567768949s
[ Info: iter=4166 obj=1.4191482998492632e6 pinf=0.0 (0) dinf=1.2688929472716875e10 (11105) time=104.643784352s
[ Info: iter=4167 obj=1.4191482998492667e6 pinf=0.0 (0) dinf=1.26891488531056e10 (11103) time=104.716106655s
[ Info: iter=4168 obj=1.4191482998492694e6 pinf=0.0 (0) dinf=1.2686926348416985e10 (11100) time=104.790063359s
[ Info: iter=4169 obj=1.4191482998492694e6 pinf=0.0 (0) dinf=1.2686937466544594e10 (11099) time=104.867041662s
[ Info: iter=4170 obj=1.4191482998492694e6 pinf=0.0 (0) dinf=1.2684435579634247e10 (11098) time=104.941563765s
[ Info: iter=4171 obj=1.4191482998492825e6 pinf=0.0 (0) dinf=1.6175752156413727e10 (11105) time=105.017504069s
[ Info: iter=4172 obj=1.4191482998492825e6 pinf=0.0 (0) dinf=1.6175694389048744e10 (11105) time=105.089559672s
[ Info: iter=4173 obj=1.419148299849285e6 pinf=0.0 (0) dinf=1.6092008617124819e10 (11098) time=105.167097376s
[ Info: iter=4174 obj=1.419148299849285e6 pinf=0.0 (0) dinf=1.6331744896432371e10 (11114) time=105.240923079s
[ Info: iter=4175 obj=1.419148299849285e6 pinf=0.0 (0) dinf=1.633167243976325e10 (11114) time=105.310545982s
[ Info: iter=4176 obj=1.419148299849285e6 pinf=0.0 (0) dinf=1.633165231441066e10 (11114) time=105.386240885s
[ Info: iter=4177 obj=1.419148299849285e6 pinf=0.0 (0) dinf=1.633158716552397e10 (11113) time=105.457962589s
[ Info: iter=4178 obj=1.419148299849285e6 pinf=0.0 (0) dinf=1.6587915300009306e10 (11113) time=105.533161692s
[ Info: iter=4179 obj=1.419148299849285e6 pinf=0.0 (0) dinf=1.7368791214858974e10 (11112) time=105.609972896s
[ Info: iter=4180 obj=1.419148299849285e6 pinf=0.0 (0) dinf=1.7577024790999054e10 (11110) time=105.684049899s
[ Info: iter=4181 obj=1.419148299849285e6 pinf=0.0 (0) dinf=2.256062700412803e10 (11156) time=105.756630702s
[ Info: iter=4182 obj=1.419148299849285e6 pinf=0.0 (0) dinf=2.2562838306422264e10 (11156) time=105.827139705s
[ Info: iter=4183 obj=1.419148299849285e6 pinf=0.0 (0) dinf=2.2562345986646004e10 (11156) time=105.898127409s
[ Info: iter=4184 obj=1.419148299849285e6 pinf=0.0 (0) dinf=2.256185366686975e10 (11156) time=105.972188012s
[ Info: iter=4185 obj=1.419148299849285e6 pinf=0.0 (0) dinf=2.6349197440854515e10 (11158) time=106.043498915s
[ Info: iter=4186 obj=1.419148299849285e6 pinf=0.0 (0) dinf=2.7829325290072876e10 (11157) time=106.117343818s
[ Info: iter=4187 obj=1.419148299849285e6 pinf=0.0 (0) dinf=3.2913804070102108e10 (11158) time=106.196081122s
[ Info: iter=4188 obj=1.419148299849285e6 pinf=0.0 (0) dinf=3.2914604008541058e10 (11156) time=106.269662125s
[ Info: iter=4189 obj=1.419148299849285e6 pinf=0.0 (0) dinf=3.2914245649652737e10 (11155) time=106.340771729s
[ Info: iter=4190 obj=1.419148299849285e6 pinf=0.0 (0) dinf=3.2913887290764423e10 (11154) time=106.413964632s
[ Info: iter=4191 obj=1.419148299849285e6 pinf=0.0 (0) dinf=3.2914245649669704e10 (11155) time=106.488616135s
[ Info: iter=4192 obj=1.419148299849285e6 pinf=0.0 (0) dinf=3.2914604008574978e10 (11156) time=106.562035038s
[ Info: iter=4193 obj=1.419148299849285e6 pinf=0.0 (0) dinf=3.1956805432231976e10 (11153) time=106.634868042s
[ Info: iter=4194 obj=1.419148299849285e6 pinf=0.0 (0) dinf=3.1956087509985477e10 (11149) time=106.708814743s
[ Info: iter=4195 obj=1.419148299849285e6 pinf=0.0 (0) dinf=3.1956445868871014e10 (11149) time=106.779166345s
[ Info: iter=4196 obj=1.419148299849285e6 pinf=0.0 (0) dinf=3.19568042277597e10 (11149) time=106.851589846s
[ Info: iter=4197 obj=1.419148299849285e6 pinf=0.0 (0) dinf=3.1957162586681576e10 (11150) time=106.924730247s
[ Info: iter=4198 obj=1.419148299849285e6 pinf=0.0 (0) dinf=3.1957520945603443e10 (11151) time=106.997479448s
[ Info: iter=4199 obj=1.419148299849285e6 pinf=0.0 (0) dinf=3.195501363765897e10 (11148) time=107.068768749s
[ Info: iter=4200 obj=1.419148299849285e6 pinf=0.0 (0) dinf=3.202397808825668e10 (11148) time=107.14156835s
[ Info: iter=4201 obj=1.419148299849285e6 pinf=0.0 (0) dinf=3.209294356488844e10 (11148) time=107.217069952s
[ Info: iter=4202 obj=1.419148299849285e6 pinf=0.0 (0) dinf=3.216190906660149e10 (11147) time=107.288907453s
[ Info: iter=4203 obj=1.419148299849285e6 pinf=0.0 (0) dinf=4.010716680055891e10 (11157) time=107.360894354s
[ Info: iter=4204 obj=1.419148299849285e6 pinf=0.0 (0) dinf=4.010716490972149e10 (11154) time=107.435608455s
[ Info: iter=4205 obj=1.419148299849285e6 pinf=0.0 (0) dinf=4.007216346632961e10 (11156) time=107.510520656s
[ Info: iter=4206 obj=1.419148299849285e6 pinf=0.0 (0) dinf=4.0177167329310684e10 (11158) time=107.592583157s
[ Info: iter=4207 obj=1.419148299849285e6 pinf=0.0 (0) dinf=4.028217119229175e10 (11160) time=107.670639359s
[ Info: iter=4208 obj=1.419148299849285e6 pinf=0.0 (0) dinf=4.0115498580496925e10 (11157) time=107.74759986s
[ Info: iter=4209 obj=1.419148299849285e6 pinf=0.0 (0) dinf=4.0214525129082146e10 (11150) time=107.830613461s
[ Info: iter=4210 obj=1.419148299849285e6 pinf=0.0 (0) dinf=4.004145432406764e10 (11153) time=107.908849262s
[ Info: iter=4211 obj=1.419148299849285e6 pinf=0.0 (0) dinf=4.0039996661092896e10 (11152) time=107.985034764s
[ Info: iter=4212 obj=1.419148299849285e6 pinf=0.0 (0) dinf=4.003909859653528e10 (11151) time=108.062444365s
[ Info: iter=4213 obj=1.419148299849285e6 pinf=0.0 (0) dinf=3.933640036168097e10 (11150) time=108.145777466s
[ Info: iter=4214 obj=1.419148299849285e6 pinf=0.0 (0) dinf=3.91651371912397e10 (11144) time=108.226987668s
[ Info: iter=4215 obj=1.419148299849285e6 pinf=0.0 (0) dinf=3.901654799194581e10 (11140) time=108.310368669s
[ Info: iter=4216 obj=1.419148299849285e6 pinf=0.0 (0) dinf=3.8888951105152405e10 (11141) time=108.38964427s
[ Info: iter=4217 obj=1.419148299849285e6 pinf=0.0 (0) dinf=3.8761354218359e10 (11142) time=108.473056671s
[ Info: iter=4218 obj=1.419148299849285e6 pinf=0.0 (0) dinf=3.864055297864584e10 (11143) time=108.555853773s
[ Info: iter=4219 obj=1.419148299849285e6 pinf=0.0 (0) dinf=3.852327075572066e10 (11144) time=108.640382474s
[ Info: iter=4220 obj=1.419148299849285e6 pinf=0.0 (0) dinf=3.84107317236827e10 (11147) time=108.720851475s
[ Info: iter=4221 obj=1.419148299849285e6 pinf=0.0 (0) dinf=3.829807159098621e10 (11150) time=108.803688377s
[ Info: iter=4222 obj=1.419148299849285e6 pinf=0.0 (0) dinf=3.8179340371935e10 (11149) time=108.885892778s
[ Info: iter=4223 obj=1.419148299849285e6 pinf=0.0 (0) dinf=3.8176204692656044e10 (11147) time=108.969807879s
[ Info: iter=4224 obj=1.419148299849285e6 pinf=0.0 (0) dinf=3.817398920248847e10 (11147) time=109.051785481s
[ Info: iter=4225 obj=1.419148299849285e6 pinf=0.0 (0) dinf=3.817398920248861e10 (11146) time=109.138987382s
[ Info: iter=4226 obj=1.419148299849285e6 pinf=0.0 (0) dinf=3.806575912359084e10 (11144) time=109.212648283s
[ Info: iter=4227 obj=1.419148299849285e6 pinf=0.0 (0) dinf=3.796213322228599e10 (11143) time=109.294079984s
[ Info: iter=4228 obj=1.419148299849285e6 pinf=0.0 (0) dinf=3.796082644743998e10 (11141) time=109.376978986s
[ Info: iter=4229 obj=1.419148299849285e6 pinf=0.0 (0) dinf=3.795961489007829e10 (11141) time=109.460411687s
[ Info: iter=4230 obj=1.419148299849285e6 pinf=0.0 (0) dinf=3.795961484281415e10 (11141) time=109.545450088s
[ Info: iter=4231 obj=1.419148299849285e6 pinf=0.0 (0) dinf=3.795961479555e10 (11141) time=109.62761949s
[ Info: iter=4232 obj=1.419148299849285e6 pinf=0.0 (0) dinf=3.7959614748285866e10 (11141) time=109.709226891s
[ Info: iter=4233 obj=1.419148299849285e6 pinf=0.0 (0) dinf=3.795961470102172e10 (11141) time=109.793858192s
[ Info: iter=4234 obj=1.419148299849285e6 pinf=0.0 (0) dinf=3.7959614653757576e10 (11141) time=109.875939294s
[ Info: iter=4235 obj=1.419148299849285e6 pinf=0.0 (0) dinf=3.792720888268466e10 (11141) time=109.956370595s
[ Info: iter=4236 obj=1.419148299849285e6 pinf=0.0 (0) dinf=3.792494170284359e10 (11138) time=110.034593696s
[ Info: iter=4237 obj=1.419148299849285e6 pinf=0.0 (0) dinf=3.792494166565274e10 (11138) time=110.119362497s
[ Info: iter=4238 obj=1.419148299849285e6 pinf=0.0 (0) dinf=3.7924941628418785e10 (11138) time=110.202644499s
[ Info: iter=4239 obj=1.419148299849285e6 pinf=0.0 (0) dinf=3.7894009127465675e10 (11137) time=110.2897289s
[ Info: iter=4240 obj=1.419148299849285e6 pinf=0.0 (0) dinf=3.789187402836897e10 (11135) time=110.371508701s
[ Info: iter=4241 obj=1.419148299849285e6 pinf=0.0 (0) dinf=3.786261287113635e10 (11134) time=110.453413603s
[ Info: iter=4242 obj=1.419148299849285e6 pinf=0.0 (0) dinf=3.786062090869323e10 (11132) time=110.540310504s
[ Info: iter=4243 obj=1.419148299849285e6 pinf=0.0 (0) dinf=3.785449820429536e10 (11131) time=110.620818205s
[ Info: iter=4244 obj=1.419148299849285e6 pinf=0.0 (0) dinf=3.784777375692371e10 (11130) time=110.703554407s
[ Info: iter=4245 obj=1.419148299849285e6 pinf=0.0 (0) dinf=3.7805635189944466e10 (11132) time=110.788861308s
[ Info: iter=4246 obj=1.419148299849285e6 pinf=0.0 (0) dinf=3.847126017776069e10 (11135) time=110.871059209s
[ Info: iter=4247 obj=1.419148299849285e6 pinf=0.0 (0) dinf=3.799680650155873e10 (11135) time=110.953859111s
[ Info: iter=4248 obj=1.419148299849285e6 pinf=0.0 (0) dinf=3.79966937906767e10 (11134) time=111.040247712s
[ Info: iter=4249 obj=1.419148299849285e6 pinf=0.0 (0) dinf=3.822353360762604e10 (11134) time=111.122920613s
[ Info: iter=4250 obj=1.419148299849285e6 pinf=0.0 (0) dinf=3.8187752391580956e10 (11134) time=111.204406015s
[ Info: iter=4251 obj=1.419148299849285e6 pinf=0.0 (0) dinf=3.9079320494611145e10 (11140) time=111.294072516s
[ Info: iter=4252 obj=1.419148299849285e6 pinf=0.0 (0) dinf=3.904924671807251e10 (11136) time=111.376987817s
[ Info: iter=4253 obj=1.419148299849285e6 pinf=0.0 (0) dinf=3.896754293047494e10 (11131) time=111.463320219s
[ Info: iter=4254 obj=1.419148299849285e6 pinf=0.0 (0) dinf=3.869233629182213e10 (11125) time=111.55005322s
[ Info: iter=4255 obj=1.419148299849285e6 pinf=0.0 (0) dinf=3.909074260911231e10 (11136) time=111.638696221s
[ Info: iter=4256 obj=1.419148299849285e6 pinf=0.0 (0) dinf=3.909074260911231e10 (11135) time=111.735805723s
[ Info: iter=4257 obj=1.419148299849285e6 pinf=0.0 (0) dinf=3.908448655086656e10 (11135) time=111.828141924s
[ Info: iter=4258 obj=1.419148299849285e6 pinf=0.0 (0) dinf=3.908448655085485e10 (11135) time=111.913969526s
[ Info: iter=4259 obj=1.419148299849285e6 pinf=0.0 (0) dinf=3.907070882649204e10 (11128) time=112.010362827s
[ Info: iter=4260 obj=1.419148299849285e6 pinf=0.0 (0) dinf=3.908448656245259e10 (11134) time=112.094083429s
[ Info: iter=4261 obj=1.419148299849285e6 pinf=0.0 (0) dinf=3.907924732122382e10 (11141) time=112.17920373s
[ Info: iter=4262 obj=1.419148299849285e6 pinf=0.0 (0) dinf=3.907913233413475e10 (11139) time=112.264052031s
[ Info: iter=4263 obj=1.419148299849285e6 pinf=0.0 (0) dinf=3.907913233413475e10 (11139) time=112.354429633s
[ Info: iter=4264 obj=1.419148299849285e6 pinf=0.0 (0) dinf=3.907913233413475e10 (11139) time=112.437119234s
[ Info: iter=4265 obj=1.419148299849285e6 pinf=0.0 (0) dinf=3.9138956752304474e10 (11150) time=112.524341636s
[ Info: iter=4266 obj=1.419148299849285e6 pinf=0.0 (0) dinf=3.913503873441848e10 (11154) time=112.613353137s
[ Info: iter=4267 obj=1.419148299849285e6 pinf=0.0 (0) dinf=3.913480803674268e10 (11150) time=112.696280538s
[ Info: iter=4268 obj=1.419148299849285e6 pinf=0.0 (0) dinf=3.913480802951178e10 (11148) time=112.79252974s
[ Info: iter=4269 obj=1.419148299849285e6 pinf=0.0 (0) dinf=3.905115815961547e10 (11141) time=112.884285241s
[ Info: iter=4270 obj=1.419148299849285e6 pinf=0.0 (0) dinf=3.904236314550015e10 (11140) time=112.975940343s
[ Info: iter=4271 obj=1.419148299849285e6 pinf=0.0 (0) dinf=3.905115815506431e10 (11139) time=113.062561844s
[ Info: iter=4272 obj=1.419148299849285e6 pinf=0.0 (0) dinf=3.9051158155014336e10 (11139) time=113.152199145s
[ Info: iter=4273 obj=1.419148299849285e6 pinf=0.0 (0) dinf=3.905115814884576e10 (11137) time=113.243748047s
[ Info: iter=4274 obj=1.419148299849285e6 pinf=0.0 (0) dinf=3.905115814236176e10 (11135) time=113.339088148s
[ Info: iter=4275 obj=1.419148299849285e6 pinf=0.0 (0) dinf=3.9051158136536514e10 (11133) time=113.43584785s
[ Info: iter=4276 obj=1.419148299849285e6 pinf=0.0 (0) dinf=3.900576954413254e10 (11131) time=113.529443751s
[ Info: iter=4277 obj=1.419148299849285e6 pinf=0.0 (0) dinf=3.9051158132725365e10 (11131) time=113.628091453s
[ Info: iter=4278 obj=1.419148299849285e6 pinf=0.0 (0) dinf=3.905115812615962e10 (11129) time=113.729175955s
[ Info: iter=4279 obj=1.419148299849285e6 pinf=0.0 (0) dinf=3.905115811959387e10 (11127) time=113.833193056s
[ Info: iter=4280 obj=1.419148299849285e6 pinf=0.0 (0) dinf=3.9035806016651955e10 (11125) time=113.937522658s
[ Info: iter=4281 obj=1.419148299849285e6 pinf=0.0 (0) dinf=3.903580601643639e10 (11125) time=114.032800959s
[ Info: iter=4282 obj=1.419148299849285e6 pinf=0.0 (0) dinf=3.905115811508342e10 (11124) time=114.134646361s
[ Info: iter=4283 obj=1.419148299849285e6 pinf=0.0 (0) dinf=3.905115811508343e10 (11123) time=114.240636663s
[ Info: iter=4284 obj=1.419148299849285e6 pinf=0.0 (0) dinf=3.903858613171536e10 (11123) time=114.344247564s
[ Info: iter=4285 obj=1.419148299849285e6 pinf=0.0 (0) dinf=3.924681970785545e10 (11121) time=114.446963566s
[ Info: iter=4286 obj=1.419148299849285e6 pinf=0.0 (0) dinf=3.945505325028016e10 (11120) time=114.552590468s
[ Info: iter=4287 obj=1.419148299849285e6 pinf=0.0 (0) dinf=3.945505318961451e10 (11119) time=114.656011869s
[ Info: iter=4288 obj=1.419148299849285e6 pinf=0.0 (0) dinf=3.945505312894887e10 (11118) time=114.760465971s
[ Info: iter=4289 obj=1.419148299849285e6 pinf=0.0 (0) dinf=3.945505306828322e10 (11117) time=114.870524272s
[ Info: iter=4290 obj=1.419148299849285e6 pinf=0.0 (0) dinf=3.942539353481236e10 (11116) time=114.978477973s
[ Info: iter=4291 obj=1.419148299849285e6 pinf=0.0 (0) dinf=3.939139249417047e10 (11115) time=115.085345075s
[ Info: iter=4292 obj=1.419148299849285e6 pinf=0.0 (0) dinf=3.926042354674183e10 (11115) time=115.187155976s
[ Info: iter=4293 obj=1.419148299849285e6 pinf=0.0 (0) dinf=3.925443950340671e10 (11114) time=115.270393077s
[ Info: iter=4294 obj=1.419148299849285e6 pinf=0.0 (0) dinf=3.912350105631265e10 (11114) time=115.381046979s
[ Info: iter=4295 obj=1.419148299849285e6 pinf=0.0 (0) dinf=3.911462231937432e10 (11112) time=115.46996828s
[ Info: iter=4296 obj=1.419148299849285e6 pinf=0.0 (0) dinf=3.9144187996053e10 (11112) time=115.581218581s
[ Info: iter=4297 obj=1.419148299849285e6 pinf=0.0 (0) dinf=3.9178282770321075e10 (11112) time=115.691227983s
[ Info: iter=4298 obj=1.419148299849285e6 pinf=0.0 (0) dinf=3.917431893318986e10 (11111) time=115.823526684s
[ Info: iter=4299 obj=1.419148299849285e6 pinf=0.0 (0) dinf=3.917082677180722e10 (11110) time=115.944786486s
[ Info: iter=4300 obj=1.419148299849285e6 pinf=0.0 (0) dinf=3.91676813115815e10 (11111) time=116.056853887s
[ Info: iter=4301 obj=1.419148299849285e6 pinf=0.0 (0) dinf=3.916732385304751e10 (11110) time=116.170277789s
[ Info: iter=4302 obj=1.419148299849285e6 pinf=0.0 (0) dinf=3.9067936873312164e10 (11108) time=116.28568219s
[ Info: iter=4303 obj=1.419148299849285e6 pinf=0.0 (0) dinf=3.899353275885587e10 (11106) time=116.401578792s
[ Info: iter=4304 obj=1.419148299849285e6 pinf=0.0 (0) dinf=3.8594988724836e10 (11106) time=116.514207293s
[ Info: iter=4305 obj=1.419148299849285e6 pinf=0.0 (0) dinf=3.843896071983097e10 (11106) time=116.628127395s
[ Info: iter=4306 obj=1.419148299849285e6 pinf=0.0 (0) dinf=3.8438405696644325e10 (11106) time=116.742088596s
[ Info: iter=4307 obj=1.419148299849285e6 pinf=0.0 (0) dinf=3.8854612928067825e10 (11111) time=116.858424098s
[ Info: iter=4308 obj=1.419148299849285e6 pinf=0.0 (0) dinf=3.831704826572609e10 (11106) time=116.973090299s
[ Info: iter=4309 obj=1.419148299849285e6 pinf=0.0 (0) dinf=3.951104096595971e10 (11107) time=117.089588801s
[ Info: iter=4310 obj=1.419148299849285e6 pinf=0.0 (0) dinf=3.949445096737106e10 (11107) time=117.204157202s
[ Info: iter=4311 obj=1.419148299849285e6 pinf=0.0 (0) dinf=3.949445096737106e10 (11107) time=117.321144003s
[ Info: iter=4312 obj=1.419148299849285e6 pinf=0.0 (0) dinf=3.949445096737106e10 (11107) time=117.436925605s
[ Info: iter=4313 obj=1.419148299849285e6 pinf=0.0 (0) dinf=3.949445096737106e10 (11107) time=117.553200006s
[ Info: iter=4314 obj=1.419148299849285e6 pinf=0.0 (0) dinf=3.949445096737106e10 (11107) time=117.667442708s
[ Info: iter=4315 obj=1.419148299849285e6 pinf=0.0 (0) dinf=4.075344277013978e10 (11110) time=117.786380109s
[ Info: iter=4316 obj=1.419148299849285e6 pinf=0.0 (0) dinf=4.073140943809187e10 (11110) time=117.901920211s
[ Info: iter=4317 obj=1.419148299849285e6 pinf=0.0 (0) dinf=4.054505290463854e10 (11108) time=118.019052112s
[ Info: iter=4318 obj=1.419148299849285e6 pinf=0.0 (0) dinf=4.050536100146675e10 (11111) time=118.141066314s
[ Info: iter=4319 obj=1.419148299849285e6 pinf=0.0 (0) dinf=4.046566909829497e10 (11114) time=118.261126616s
[ Info: iter=4320 obj=1.419148299849285e6 pinf=0.0 (0) dinf=4.042597719512318e10 (11117) time=118.384374217s
[ Info: iter=4321 obj=1.419148299849285e6 pinf=0.0 (0) dinf=4.038628529195139e10 (11120) time=118.511091719s
[ Info: iter=4322 obj=1.419148299849285e6 pinf=0.0 (0) dinf=4.034659338877974e10 (11123) time=118.63096632s
[ Info: iter=4323 obj=1.419148299849285e6 pinf=0.0 (0) dinf=4.034455501370054e10 (11120) time=118.751185422s
[ Info: iter=4324 obj=1.419148299849285e6 pinf=0.0 (0) dinf=4.0342553956303566e10 (11117) time=118.871640023s
[ Info: iter=4325 obj=1.419148299849285e6 pinf=0.0 (0) dinf=4.034055289890659e10 (11114) time=118.993133925s
[ Info: iter=4326 obj=1.419148299849285e6 pinf=0.0 (0) dinf=4.033855184150961e10 (11111) time=119.112709026s
[ Info: iter=4327 obj=1.419148299849285e6 pinf=0.0 (0) dinf=4.033652069853938e10 (11108) time=119.232876928s
[ Info: iter=4328 obj=1.419148299849285e6 pinf=0.0 (0) dinf=4.031952217902901e10 (11107) time=119.35855833s
[ Info: iter=4329 obj=1.419148299849285e6 pinf=0.0 (0) dinf=4.032076164197522e10 (11106) time=119.465057631s
[ Info: iter=4330 obj=1.419148299849285e6 pinf=0.0 (0) dinf=4.01297030096568e10 (11103) time=119.586034033s
[ Info: iter=4331 obj=1.419148299849285e6 pinf=0.0 (0) dinf=3.992221760783677e10 (11105) time=119.710486234s
[ Info: iter=4332 obj=1.419148299849285e6 pinf=0.0 (0) dinf=4.116088661836502e10 (11104) time=119.831997636s
[ Info: iter=4333 obj=1.419148299849285e6 pinf=0.0 (0) dinf=4.141423006389162e10 (11103) time=119.951882637s
[ Info: iter=4334 obj=1.419148299849285e6 pinf=0.0 (0) dinf=4.141582135711844e10 (11102) time=120.080220839s
[ Info: iter=4335 obj=1.419148299849285e6 pinf=0.0 (0) dinf=4.141582135711844e10 (11102) time=120.20448584s
[ Info: iter=4336 obj=1.419148299849285e6 pinf=0.0 (0) dinf=4.259064808097135e10 (11101) time=120.328744242s
[ Info: iter=4337 obj=1.419148299849285e6 pinf=0.0 (0) dinf=4.359132552982335e10 (11099) time=120.440856744s
[ Info: iter=4338 obj=1.419148299849285e6 pinf=0.0 (0) dinf=4.389924975432977e10 (11098) time=120.566818345s
[ Info: iter=4339 obj=1.419148299849285e6 pinf=0.0 (0) dinf=4.369274899542439e10 (11098) time=120.690329247s
[ Info: iter=4340 obj=1.419148299849285e6 pinf=0.0 (0) dinf=4.3691950134527466e10 (11094) time=120.789888048s
[ Info: iter=4341 obj=1.419148299849285e6 pinf=0.0 (0) dinf=4.348544937565801e10 (11094) time=120.91387445s
[ Info: iter=4342 obj=1.419148299849285e6 pinf=0.0 (0) dinf=4.348459454181864e10 (11090) time=121.014537651s
[ Info: iter=4343 obj=1.419148299849285e6 pinf=0.0 (0) dinf=4.348508686263242e10 (11090) time=121.113326052s
[ Info: iter=4344 obj=1.419148299849285e6 pinf=0.0 (0) dinf=4.348557918392873e10 (11091) time=121.214211653s
[ Info: iter=4345 obj=1.419148299849285e6 pinf=0.0 (0) dinf=4.455292225650342e10 (11089) time=121.317543355s
[ Info: iter=4346 obj=1.419148299849285e6 pinf=0.0 (0) dinf=4.466088251130913e10 (11089) time=121.416686756s
[ Info: iter=4347 obj=1.419148299849285e6 pinf=0.0 (0) dinf=4.4661996961867584e10 (11089) time=121.542754658s
[ Info: iter=4348 obj=1.419148299849285e6 pinf=0.0 (0) dinf=4.4661996961867584e10 (11089) time=121.665793559s
[ Info: iter=4349 obj=1.419148299849285e6 pinf=0.0 (0) dinf=4.4661996961867584e10 (11089) time=121.793411261s
[ Info: iter=4350 obj=1.419148299849285e6 pinf=0.0 (0) dinf=4.4661996961867584e10 (11089) time=121.918176362s
[ Info: iter=4351 obj=1.419148299849285e6 pinf=0.0 (0) dinf=3.7840929643555396e11 (11088) time=122.046397364s
[ Info: iter=4352 obj=1.419148299849285e6 pinf=0.0 (0) dinf=2.4593890122286884e11 (11087) time=122.179337666s
[ Info: iter=4353 obj=1.419148299849285e6 pinf=0.0 (0) dinf=2.458543446800661e11 (11088) time=122.309921967s
[ Info: iter=4354 obj=1.419148299849285e6 pinf=0.0 (0) dinf=2.4583924353385776e11 (11087) time=122.436842169s
[ Info: iter=4355 obj=1.419148299849285e6 pinf=0.0 (0) dinf=2.4584263402185773e11 (11087) time=122.573145571s
[ Info: iter=4356 obj=1.419148299849285e6 pinf=0.0 (0) dinf=2.458460245098577e11 (11087) time=122.701383173s
[ Info: iter=4357 obj=1.419148299849285e6 pinf=0.0 (0) dinf=2.4683286132018234e11 (11087) time=122.832307174s
[ Info: iter=4358 obj=1.419148299849285e6 pinf=0.0 (0) dinf=2.4670964561097244e11 (11086) time=122.962120676s
[ Info: iter=4359 obj=1.419148299849285e6 pinf=0.0 (0) dinf=2.4658783083365054e11 (11085) time=123.093998478s
[ Info: iter=4360 obj=1.419148299849285e6 pinf=0.0 (0) dinf=2.464673188125939e11 (11084) time=123.226273179s
[ Info: iter=4361 obj=1.419148299849285e6 pinf=0.0 (0) dinf=2.4626991643331497e11 (11083) time=123.354813481s
[ Info: iter=4365 obj=1.4191483199068313e6 pinf=1.484741176792877e-5 (22) dinf=8.077830926182452e21 (11384) time=123.619795785s
[ Info: iter=4445 obj=1.4191483199068313e6 pinf=1.484741176792877e-5 (22) dinf=8.077830926182452e21 (11384) time=124.140752092s
[ Info: iter=4525 obj=1.4191483199068313e6 pinf=1.484741176792877e-5 (22) dinf=8.077830926182452e21 (11384) time=124.651875098s
[ Info: iter=4605 obj=1.4191483199068313e6 pinf=1.484741176792877e-5 (22) dinf=8.077830926182452e21 (11384) time=125.159814005s
[ Info: iter=4685 obj=1.4191483199068313e6 pinf=1.484741176792877e-5 (22) dinf=8.077830926182452e21 (11384) time=125.666449912s
[ Info: iter=4765 obj=1.4191483199068313e6 pinf=1.484741176792877e-5 (22) dinf=8.077830926182452e21 (11384) time=126.182902019s
[ Info: iter=4845 obj=1.4191483199068313e6 pinf=1.484741176792877e-5 (22) dinf=8.077830926182452e21 (11384) time=126.693629525s
[ Info: iter=4925 obj=1.4191483199068313e6 pinf=1.484741176792877e-5 (22) dinf=8.077830926182452e21 (11384) time=127.196994432s
[ Info: iter=5005 obj=1.4191483199068313e6 pinf=1.484741176792877e-5 (22) dinf=8.077830926182452e21 (11384) time=127.717609839s
[ Info: iter=5085 obj=1.4191483199068313e6 pinf=1.484741176792877e-5 (22) dinf=8.077830926182452e21 (11384) time=128.235096446s
[ Info: iter=5165 obj=1.4191483199068313e6 pinf=1.484741176792877e-5 (22) dinf=8.077830926182452e21 (11384) time=128.748369653s
[ Info: iter=5245 obj=1.4191483199068313e6 pinf=1.484741176792877e-5 (22) dinf=8.077830926182452e21 (11384) time=129.253954159s
[ Info: iter=5325 obj=1.4191483199068313e6 pinf=1.484741176792877e-5 (22) dinf=8.077830926182452e21 (11384) time=129.768703566s
[ Info: iter=5405 obj=1.4191483199068313e6 pinf=1.484741176792877e-5 (22) dinf=8.077830926182452e21 (11384) time=130.281902973s
[ Info: iter=5485 obj=1.4191483199068313e6 pinf=1.484741176792877e-5 (22) dinf=8.077830926182452e21 (11384) time=130.80193198s
[ Info: iter=5565 obj=1.4191483199068313e6 pinf=1.484741176792877e-5 (22) dinf=8.077830926182452e21 (11384) time=131.324138785s
[ Info: iter=5645 obj=1.4191483199068313e6 pinf=1.484741176792877e-5 (22) dinf=8.077830926182452e21 (11384) time=131.829399789s
[ Info: iter=5725 obj=1.4191483199068313e6 pinf=1.484741176792877e-5 (22) dinf=8.077830926182452e21 (11384) time=132.318665294s
[ Info: iter=5805 obj=1.4191483199068313e6 pinf=1.484741176792877e-5 (22) dinf=8.077830926182452e21 (11384) time=132.820445299s
[ Info: iter=5885 obj=1.4191483199068313e6 pinf=1.484741176792877e-5 (22) dinf=8.077830926182452e21 (11384) time=133.318253304s
[ Info: iter=5965 obj=1.4191483199068313e6 pinf=1.484741176792877e-5 (22) dinf=8.077830926182452e21 (11384) time=133.804483508s
[ Info: iter=6045 obj=1.4191483199068313e6 pinf=1.484741176792877e-5 (22) dinf=8.077830926182452e21 (11384) time=134.299106713s
[ Info: iter=6125 obj=1.4191483199068313e6 pinf=1.484741176792877e-5 (22) dinf=8.077830926182452e21 (11384) time=134.808883118s
[ Info: iter=6205 obj=1.4191483199068313e6 pinf=1.484741176792877e-5 (22) dinf=8.077830926182452e21 (11384) time=135.316302623s
[ Info: iter=6285 obj=1.4191483199068313e6 pinf=1.484741176792877e-5 (22) dinf=8.077830926182452e21 (11384) time=135.823501627s
[ Info: iter=6365 obj=1.4191483199068313e6 pinf=1.484741176792877e-5 (22) dinf=8.077830926182452e21 (11384) time=136.320214132s
[ Info: iter=6445 obj=1.4191483199068313e6 pinf=1.484741176792877e-5 (22) dinf=8.077830926182452e21 (11384) time=136.817787537s
[ Info: iter=6525 obj=1.4191483199068313e6 pinf=1.484741176792877e-5 (22) dinf=8.077830926182452e21 (11384) time=137.325360642s
[ Info: iter=6605 obj=1.4191483199068313e6 pinf=1.484741176792877e-5 (22) dinf=8.077830926182452e21 (11384) time=137.821390546s
[ Info: iter=6685 obj=1.4191483199068313e6 pinf=1.484741176792877e-5 (22) dinf=8.077830926182452e21 (11384) time=138.328498451s
[ Info: iter=6765 obj=1.4191483199068313e6 pinf=1.484741176792877e-5 (22) dinf=8.077830926182452e21 (11384) time=138.835715557s
[ Info: iter=6845 obj=1.4191483199068313e6 pinf=1.484741176792877e-5 (22) dinf=8.077830926182452e21 (11384) time=139.340546663s
[ Info: iter=6925 obj=1.4191483199068313e6 pinf=1.484741176792877e-5 (22) dinf=8.077830926182452e21 (11384) time=139.84060607s
[ Info: iter=7005 obj=1.4191483199068313e6 pinf=1.484741176792877e-5 (22) dinf=8.077830926182452e21 (11384) time=140.347761477s
[ Info: iter=7085 obj=1.4191483199068313e6 pinf=1.484741176792877e-5 (22) dinf=8.077830926182452e21 (11384) time=140.845065283s
[ Info: iter=7165 obj=1.4191483199068313e6 pinf=1.484741176792877e-5 (22) dinf=8.077830926182452e21 (11384) time=141.35756859s
[ Info: iter=7245 obj=1.4191483199068313e6 pinf=1.484741176792877e-5 (22) dinf=8.077830926182452e21 (11384) time=141.853336196s
[ Info: iter=7325 obj=1.4191483199068313e6 pinf=1.484741176792877e-5 (22) dinf=8.077830926182452e21 (11384) time=142.347297603s
[ Info: iter=7405 obj=1.4191483199068313e6 pinf=1.484741176792877e-5 (22) dinf=8.077830926182452e21 (11384) time=142.84508971s
[ Info: iter=7485 obj=1.4191483199068313e6 pinf=1.484741176792877e-5 (22) dinf=8.077830926182452e21 (11384) time=143.347937516s
[ Info: iter=7565 obj=1.4191483199068313e6 pinf=1.484741176792877e-5 (22) dinf=8.077830926182452e21 (11384) time=143.837024123s
[ Info: iter=7645 obj=1.4191483199068313e6 pinf=1.484741176792877e-5 (22) dinf=8.077830926182452e21 (11384) time=144.326123029s
[ Info: iter=7725 obj=1.4191483199068313e6 pinf=1.484741176792877e-5 (22) dinf=8.077830926182452e21 (11384) time=144.817498536s
[ Info: iter=7805 obj=1.4191483199068313e6 pinf=1.484741176792877e-5 (22) dinf=8.077830926182452e21 (11384) time=145.308049242s
[ Info: iter=7885 obj=1.4191483199068313e6 pinf=1.484741176792877e-5 (22) dinf=8.077830926182452e21 (11384) time=145.810843049s
[ Info: iter=7965 obj=1.4191483199068313e6 pinf=1.484741176792877e-5 (22) dinf=8.077830926182452e21 (11384) time=146.307698855s
[ Info: iter=8045 obj=1.4191483199068313e6 pinf=1.484741176792877e-5 (22) dinf=8.077830926182452e21 (11384) time=146.799856062s
[ Info: iter=8125 obj=1.4191483199068313e6 pinf=1.484741176792877e-5 (22) dinf=8.077830926182452e21 (11384) time=147.294976868s
[ Info: iter=8205 obj=1.4191483199068313e6 pinf=1.484741176792877e-5 (22) dinf=8.077830926182452e21 (11384) time=147.782276474s
[ Info: iter=8285 obj=1.4191483199068313e6 pinf=1.484741176792877e-5 (22) dinf=8.077830926182452e21 (11384) time=148.27345848s
[ Info: iter=8365 obj=1.4191483199068313e6 pinf=1.484741176792877e-5 (22) dinf=8.077830926182452e21 (11384) time=148.767471186s
[ Info: iter=8445 obj=1.4191483199068313e6 pinf=1.484741176792877e-5 (22) dinf=8.077830926182452e21 (11384) time=149.265611693s
[ Info: iter=8525 obj=1.4191483199068313e6 pinf=1.484741176792877e-5 (22) dinf=8.077830926182452e21 (11384) time=149.764932499s
[ Info: iter=8605 obj=1.4191483199068313e6 pinf=1.484741176792877e-5 (22) dinf=8.077830926182452e21 (11384) time=150.249642405s
[ Info: iter=8685 obj=1.4191483199068313e6 pinf=1.484741176792877e-5 (22) dinf=8.077830926182452e21 (11384) time=150.743456411s
PROGRESS iter=10000 pinf=0.0 dinf=8.077830926182452e21 refs=1519
PROGRESS iter=15000 pinf=0.0 dinf=8.077830926182452e21 refs=1581
PROGRESS iter=20000 pinf=0.0 dinf=8.077830926182452e21 refs=1644
PROGRESS iter=25000 pinf=0.0 dinf=8.077830926182452e21 refs=1706
[ Info: iter=8765 obj=1.4191483199068313e6 pinf=1.484741176792877e-5 (22) dinf=8.077830926182452e21 (11384) time=151.236320317s
[ Info: iter=8845 obj=1.4191483199068313e6 pinf=1.484741176792877e-5 (22) dinf=8.077830926182452e21 (11384) time=151.721592123s
[ Info: iter=8925 obj=1.4191483199068313e6 pinf=1.484741176792877e-5 (22) dinf=8.077830926182452e21 (11384) time=152.210822029s
[ Info: iter=9005 obj=1.4191483199068313e6 pinf=1.484741176792877e-5 (22) dinf=8.077830926182452e21 (11384) time=152.697104135s
[ Info: iter=9085 obj=1.4191483199068313e6 pinf=1.484741176792877e-5 (22) dinf=8.077830926182452e21 (11384) time=153.191855942s
[ Info: iter=9165 obj=1.4191483199068313e6 pinf=1.484741176792877e-5 (22) dinf=8.077830926182452e21 (11384) time=153.695360648s
[ Info: iter=9245 obj=1.4191483199068313e6 pinf=1.484741176792877e-5 (22) dinf=8.077830926182452e21 (11384) time=154.203674254s
[ Info: iter=9325 obj=1.4191483199068313e6 pinf=1.484741176792877e-5 (22) dinf=8.077830926182452e21 (11384) time=154.702991061s
[ Info: iter=9405 obj=1.4191483199068313e6 pinf=1.484741176792877e-5 (22) dinf=8.077830926182452e21 (11384) time=155.215733561s
[ Info: iter=9485 obj=1.4191483199068313e6 pinf=1.484741176792877e-5 (22) dinf=8.077830926182452e21 (11384) time=155.702952561s
[ Info: iter=9565 obj=1.4191483199068313e6 pinf=1.484741176792877e-5 (22) dinf=8.077830926182452e21 (11384) time=156.191874961s
[ Info: iter=9645 obj=1.4191483199068313e6 pinf=1.484741176792877e-5 (22) dinf=8.077830926182452e21 (11384) time=156.679044061s
[ Info: iter=9725 obj=1.4191483199068313e6 pinf=1.484741176792877e-5 (22) dinf=8.077830926182452e21 (11384) time=157.167353761s
[ Info: iter=9805 obj=1.4191483199068313e6 pinf=1.484741176792877e-5 (22) dinf=8.077830926182452e21 (11384) time=157.670637961s
[ Info: iter=9885 obj=1.4191483199068313e6 pinf=1.484741176792877e-5 (22) dinf=8.077830926182452e21 (11384) time=158.165758561s
[ Info: iter=9965 obj=1.4191483199068313e6 pinf=1.484741176792877e-5 (22) dinf=8.077830926182452e21 (11384) time=158.648742161s
[ Info: iter=10045 obj=1.4191483199068313e6 pinf=1.484741176792877e-5 (22) dinf=8.077830926182452e21 (11384) time=159.138878361s
[ Info: iter=10125 obj=1.4191483199068313e6 pinf=1.484741176792877e-5 (22) dinf=8.077830926182452e21 (11384) time=159.624844161s
[ Info: iter=10205 obj=1.4191483199068313e6 pinf=1.484741176792877e-5 (22) dinf=8.077830926182452e21 (11384) time=160.104053161s
[ Info: iter=10285 obj=1.4191483199068313e6 pinf=1.484741176792877e-5 (22) dinf=8.077830926182452e21 (11384) time=160.575109361s
[ Info: iter=10365 obj=1.4191483199068313e6 pinf=1.484741176792877e-5 (22) dinf=8.077830926182452e21 (11384) time=161.045583761s
[ Info: iter=10445 obj=1.4191483199068313e6 pinf=1.484741176792877e-5 (22) dinf=8.077830926182452e21 (11384) time=161.522586461s
[ Info: iter=10525 obj=1.4191483199068313e6 pinf=1.484741176792877e-5 (22) dinf=8.077830926182452e21 (11384) time=161.996269161s
[ Info: iter=10605 obj=1.4191483199068313e6 pinf=1.484741176792877e-5 (22) dinf=8.077830926182452e21 (11384) time=162.467447861s
[ Info: iter=10685 obj=1.4191483199068313e6 pinf=1.484741176792877e-5 (22) dinf=8.077830926182452e21 (11384) time=162.934983163s
[ Info: iter=10765 obj=1.4191483199068313e6 pinf=1.484741176792877e-5 (22) dinf=8.077830926182452e21 (11384) time=163.410849566s
[ Info: iter=10845 obj=1.4191483199068313e6 pinf=1.484741176792877e-5 (22) dinf=8.077830926182452e21 (11384) time=163.88642037s
[ Info: iter=10925 obj=1.4191483199068313e6 pinf=1.484741176792877e-5 (22) dinf=8.077830926182452e21 (11384) time=164.355556373s
[ Info: iter=11005 obj=1.4191483199068313e6 pinf=1.484741176792877e-5 (22) dinf=8.077830926182452e21 (11384) time=164.823205777s
[ Info: iter=11085 obj=1.4191483199068313e6 pinf=1.484741176792877e-5 (22) dinf=8.077830926182452e21 (11384) time=165.29706318s
[ Info: iter=11165 obj=1.4191483199068313e6 pinf=1.484741176792877e-5 (22) dinf=8.077830926182452e21 (11384) time=165.870841484s
[ Info: iter=11245 obj=1.4191483199068313e6 pinf=1.484741176792877e-5 (22) dinf=8.077830926182452e21 (11384) time=166.331309088s
[ Info: iter=11325 obj=1.4191483199068313e6 pinf=1.484741176792877e-5 (22) dinf=8.077830926182452e21 (11384) time=166.814789192s
[ Info: iter=11405 obj=1.4191483199068313e6 pinf=1.484741176792877e-5 (22) dinf=8.077830926182452e21 (11384) time=167.297561295s
[ Info: iter=11485 obj=1.4191483199068313e6 pinf=1.484741176792877e-5 (22) dinf=8.077830926182452e21 (11384) time=167.791991299s
[ Info: iter=11565 obj=1.4191483199068313e6 pinf=1.484741176792877e-5 (22) dinf=8.077830926182452e21 (11384) time=168.278659202s
[ Info: iter=11645 obj=1.4191483199068313e6 pinf=1.484741176792877e-5 (22) dinf=8.077830926182452e21 (11384) time=168.769280206s
[ Info: iter=11725 obj=1.4191483199068313e6 pinf=1.484741176792877e-5 (22) dinf=8.077830926182452e21 (11384) time=169.27923901s
[ Info: iter=11805 obj=1.4191483199068313e6 pinf=1.484741176792877e-5 (22) dinf=8.077830926182452e21 (11384) time=169.772188414s
[ Info: iter=11885 obj=1.4191483199068313e6 pinf=1.484741176792877e-5 (22) dinf=8.077830926182452e21 (11384) time=170.260551717s
[ Info: iter=11965 obj=1.4191483199068313e6 pinf=1.484741176792877e-5 (22) dinf=8.077830926182452e21 (11384) time=170.749244421s
[ Info: iter=12045 obj=1.4191483199068313e6 pinf=1.484741176792877e-5 (22) dinf=8.077830926182452e21 (11384) time=171.230652009s
[ Info: iter=12125 obj=1.4191483199068313e6 pinf=1.484741176792877e-5 (22) dinf=8.077830926182452e21 (11384) time=171.730881996s
[ Info: iter=12205 obj=1.4191483199068313e6 pinf=1.484741176792877e-5 (22) dinf=8.077830926182452e21 (11384) time=172.219342484s
[ Info: iter=12285 obj=1.4191483199068313e6 pinf=1.484741176792877e-5 (22) dinf=8.077830926182452e21 (11384) time=172.716621772s
[ Info: iter=12365 obj=1.4191483199068313e6 pinf=1.484741176792877e-5 (22) dinf=8.077830926182452e21 (11384) time=173.208160659s
[ Info: iter=12445 obj=1.4191483199068313e6 pinf=1.484741176792877e-5 (22) dinf=8.077830926182452e21 (11384) time=173.703613347s
[ Info: iter=12525 obj=1.4191483199068313e6 pinf=1.484741176792877e-5 (22) dinf=8.077830926182452e21 (11384) time=174.261034833s
[ Info: iter=12605 obj=1.4191483199068313e6 pinf=1.484741176792877e-5 (22) dinf=8.077830926182452e21 (11384) time=174.799527019s
[ Info: iter=12685 obj=1.4191483199068313e6 pinf=1.484741176792877e-5 (22) dinf=8.077830926182452e21 (11384) time=175.335639606s
[ Info: iter=12765 obj=1.4191483199068313e6 pinf=1.484741176792877e-5 (22) dinf=8.077830926182452e21 (11384) time=175.880946992s
[ Info: iter=12845 obj=1.4191483199068313e6 pinf=1.484741176792877e-5 (22) dinf=8.077830926182452e21 (11384) time=176.436967678s
[ Info: iter=12925 obj=1.4191483199068313e6 pinf=1.484741176792877e-5 (22) dinf=8.077830926182452e21 (11384) time=176.945500865s
[ Info: iter=13005 obj=1.4191483199068313e6 pinf=1.484741176792877e-5 (22) dinf=8.077830926182452e21 (11384) time=177.446073953s
[ Info: iter=13085 obj=1.4191483199068313e6 pinf=1.484741176792877e-5 (22) dinf=8.077830926182452e21 (11384) time=177.95813844s
[ Info: iter=13165 obj=1.4191483199068313e6 pinf=1.484741176792877e-5 (22) dinf=8.077830926182452e21 (11384) time=178.461196627s
[ Info: iter=13245 obj=1.4191483199068313e6 pinf=1.484741176792877e-5 (22) dinf=8.077830926182452e21 (11384) time=178.964543607s
[ Info: iter=13325 obj=1.4191483199068313e6 pinf=1.484741176792877e-5 (22) dinf=8.077830926182452e21 (11384) time=179.448280175s
[ Info: iter=13405 obj=1.4191483199068313e6 pinf=1.484741176792877e-5 (22) dinf=8.077830926182452e21 (11384) time=179.937276044s
[ Info: iter=13485 obj=1.4191483199068313e6 pinf=1.484741176792877e-5 (22) dinf=8.077830926182452e21 (11384) time=180.46079481s
[ Info: iter=13565 obj=1.4191483199068313e6 pinf=1.484741176792877e-5 (22) dinf=8.077830926182452e21 (11384) time=180.942645878s
[ Info: iter=13645 obj=1.4191483199068313e6 pinf=1.484741176792877e-5 (22) dinf=8.077830926182452e21 (11384) time=181.431026347s
[ Info: iter=13725 obj=1.4191483199068313e6 pinf=1.484741176792877e-5 (22) dinf=8.077830926182452e21 (11384) time=181.919443415s
[ Info: iter=13805 obj=1.4191483199068313e6 pinf=1.484741176792877e-5 (22) dinf=8.077830926182452e21 (11384) time=182.406828683s
[ Info: iter=13885 obj=1.4191483199068313e6 pinf=1.484741176792877e-5 (22) dinf=8.077830926182452e21 (11384) time=182.898381251s
[ Info: iter=13965 obj=1.4191483199068313e6 pinf=1.484741176792877e-5 (22) dinf=8.077830926182452e21 (11384) time=183.37888292s
[ Info: iter=14045 obj=1.4191483199068313e6 pinf=1.484741176792877e-5 (22) dinf=8.077830926182452e21 (11384) time=183.861072889s
[ Info: iter=14125 obj=1.4191483199068313e6 pinf=1.484741176792877e-5 (22) dinf=8.077830926182452e21 (11384) time=184.351650357s
[ Info: iter=14205 obj=1.4191483199068313e6 pinf=1.484741176792877e-5 (22) dinf=8.077830926182452e21 (11384) time=184.831296826s
[ Info: iter=14285 obj=1.4191483199068313e6 pinf=1.484741176792877e-5 (22) dinf=8.077830926182452e21 (11384) time=185.316845194s
[ Info: iter=14365 obj=1.4191483199068313e6 pinf=1.484741176792877e-5 (22) dinf=8.077830926182452e21 (11384) time=185.798186463s
[ Info: iter=14445 obj=1.4191483199068313e6 pinf=1.484741176792877e-5 (22) dinf=8.077830926182452e21 (11384) time=186.290406031s
[ Info: iter=14525 obj=1.4191483199068313e6 pinf=1.484741176792877e-5 (22) dinf=8.077830926182452e21 (11384) time=186.7670711s
[ Info: iter=14605 obj=1.4191483199068313e6 pinf=1.484741176792877e-5 (22) dinf=8.077830926182452e21 (11384) time=187.242417782s
[ Info: iter=14685 obj=1.4191483199068313e6 pinf=1.484741176792877e-5 (22) dinf=8.077830926182452e21 (11384) time=187.731477665s
[ Info: iter=14765 obj=1.4191483199068313e6 pinf=1.484741176792877e-5 (22) dinf=8.077830926182452e21 (11384) time=188.213859348s
[ Info: iter=14845 obj=1.4191483199068313e6 pinf=1.484741176792877e-5 (22) dinf=8.077830926182452e21 (11384) time=188.697245331s
[ Info: iter=14925 obj=1.4191483199068313e6 pinf=1.484741176792877e-5 (22) dinf=8.077830926182452e21 (11384) time=189.174888914s
[ Info: iter=15005 obj=1.4191483199068313e6 pinf=1.484741176792877e-5 (22) dinf=8.077830926182452e21 (11384) time=189.654066597s
[ Info: iter=15085 obj=1.4191483199068313e6 pinf=1.484741176792877e-5 (22) dinf=8.077830926182452e21 (11384) time=190.134529079s
[ Info: iter=15165 obj=1.4191483199068313e6 pinf=1.484741176792877e-5 (22) dinf=8.077830926182452e21 (11384) time=190.622758762s
[ Info: iter=15245 obj=1.4191483199068313e6 pinf=1.484741176792877e-5 (22) dinf=8.077830926182452e21 (11384) time=191.108631345s
[ Info: iter=15325 obj=1.4191483199068313e6 pinf=1.484741176792877e-5 (22) dinf=8.077830926182452e21 (11384) time=191.592691128s
[ Info: iter=15405 obj=1.4191483199068313e6 pinf=1.484741176792877e-5 (22) dinf=8.077830926182452e21 (11384) time=192.07584971s
[ Info: iter=15485 obj=1.4191483199068313e6 pinf=1.484741176792877e-5 (22) dinf=8.077830926182452e21 (11384) time=192.564540793s
[ Info: iter=15565 obj=1.4191483199068313e6 pinf=1.484741176792877e-5 (22) dinf=8.077830926182452e21 (11384) time=193.049247176s
[ Info: iter=15645 obj=1.4191483199068313e6 pinf=1.484741176792877e-5 (22) dinf=8.077830926182452e21 (11384) time=193.528803259s
[ Info: iter=15725 obj=1.4191483199068313e6 pinf=1.484741176792877e-5 (22) dinf=8.077830926182452e21 (11384) time=194.006522342s
[ Info: iter=15805 obj=1.4191483199068313e6 pinf=1.484741176792877e-5 (22) dinf=8.077830926182452e21 (11384) time=194.494033724s
[ Info: iter=15885 obj=1.4191483199068313e6 pinf=1.484741176792877e-5 (22) dinf=8.077830926182452e21 (11384) time=194.980025999s
[ Info: iter=15965 obj=1.4191483199068313e6 pinf=1.484741176792877e-5 (22) dinf=8.077830926182452e21 (11384) time=195.465311461s
[ Info: iter=16045 obj=1.4191483199068313e6 pinf=1.484741176792877e-5 (22) dinf=8.077830926182452e21 (11384) time=195.952369023s
[ Info: iter=16125 obj=1.4191483199068313e6 pinf=1.484741176792877e-5 (22) dinf=8.077830926182452e21 (11384) time=196.442189785s
[ Info: iter=16205 obj=1.4191483199068313e6 pinf=1.484741176792877e-5 (22) dinf=8.077830926182452e21 (11384) time=196.925602448s
[ Info: iter=16285 obj=1.4191483199068313e6 pinf=1.484741176792877e-5 (22) dinf=8.077830926182452e21 (11384) time=197.40635161s
[ Info: iter=16365 obj=1.4191483199068313e6 pinf=1.484741176792877e-5 (22) dinf=8.077830926182452e21 (11384) time=197.887268673s
[ Info: iter=16445 obj=1.4191483199068313e6 pinf=1.484741176792877e-5 (22) dinf=8.077830926182452e21 (11384) time=198.371589235s
[ Info: iter=16525 obj=1.4191483199068313e6 pinf=1.484741176792877e-5 (22) dinf=8.077830926182452e21 (11384) time=198.854828298s
[ Info: iter=16605 obj=1.4191483199068313e6 pinf=1.484741176792877e-5 (22) dinf=8.077830926182452e21 (11384) time=199.364446058s
[ Info: iter=16685 obj=1.4191483199068313e6 pinf=1.484741176792877e-5 (22) dinf=8.077830926182452e21 (11384) time=199.84521852s
[ Info: iter=16765 obj=1.4191483199068313e6 pinf=1.484741176792877e-5 (22) dinf=8.077830926182452e21 (11384) time=200.329313683s
[ Info: iter=16845 obj=1.4191483199068313e6 pinf=1.484741176792877e-5 (22) dinf=8.077830926182452e21 (11384) time=200.810469445s
[ Info: iter=16925 obj=1.4191483199068313e6 pinf=1.484741176792877e-5 (22) dinf=8.077830926182452e21 (11384) time=201.291493908s
[ Info: iter=17005 obj=1.4191483199068313e6 pinf=1.484741176792877e-5 (22) dinf=8.077830926182452e21 (11384) time=201.765360171s
[ Info: iter=17085 obj=1.4191483199068313e6 pinf=1.484741176792877e-5 (22) dinf=8.077830926182452e21 (11384) time=202.247135834s
[ Info: iter=17165 obj=1.4191483199068313e6 pinf=1.484741176792877e-5 (22) dinf=8.077830926182452e21 (11384) time=202.723812596s
[ Info: iter=17245 obj=1.4191483199068313e6 pinf=1.484741176792877e-5 (22) dinf=8.077830926182452e21 (11384) time=203.19888369s
[ Info: iter=17325 obj=1.4191483199068313e6 pinf=1.484741176792877e-5 (22) dinf=8.077830926182452e21 (11384) time=203.68011179s
[ Info: iter=17405 obj=1.4191483199068313e6 pinf=1.484741176792877e-5 (22) dinf=8.077830926182452e21 (11384) time=204.15922999s
[ Info: iter=17485 obj=1.4191483199068313e6 pinf=1.484741176792877e-5 (22) dinf=8.077830926182452e21 (11384) time=204.641620091s
[ Info: iter=17565 obj=1.4191483199068313e6 pinf=1.484741176792877e-5 (22) dinf=8.077830926182452e21 (11384) time=205.133010791s
[ Info: iter=17645 obj=1.4191483199068313e6 pinf=1.484741176792877e-5 (22) dinf=8.077830926182452e21 (11384) time=205.657645691s
[ Info: iter=17725 obj=1.4191483199068313e6 pinf=1.484741176792877e-5 (22) dinf=8.077830926182452e21 (11384) time=206.146665492s
[ Info: iter=17805 obj=1.4191483199068313e6 pinf=1.484741176792877e-5 (22) dinf=8.077830926182452e21 (11384) time=206.636609192s
[ Info: iter=17885 obj=1.4191483199068313e6 pinf=1.484741176792877e-5 (22) dinf=8.077830926182452e21 (11384) time=207.125317792s
[ Info: iter=17965 obj=1.4191483199068313e6 pinf=1.484741176792877e-5 (22) dinf=8.077830926182452e21 (11384) time=207.616548392s
[ Info: iter=18045 obj=1.4191483199068313e6 pinf=1.484741176792877e-5 (22) dinf=8.077830926182452e21 (11384) time=208.106368793s
[ Info: iter=18125 obj=1.4191483199068313e6 pinf=1.484741176792877e-5 (22) dinf=8.077830926182452e21 (11384) time=208.596056793s
[ Info: iter=18205 obj=1.4191483199068313e6 pinf=1.484741176792877e-5 (22) dinf=8.077830926182452e21 (11384) time=209.080751593s
[ Info: iter=18285 obj=1.4191483199068313e6 pinf=1.484741176792877e-5 (22) dinf=8.077830926182452e21 (11384) time=209.575711793s
[ Info: iter=18365 obj=1.4191483199068313e6 pinf=1.484741176792877e-5 (22) dinf=8.077830926182452e21 (11384) time=210.065817894s
[ Info: iter=18445 obj=1.4191483199068313e6 pinf=1.484741176792877e-5 (22) dinf=8.077830926182452e21 (11384) time=210.558951894s
[ Info: iter=18525 obj=1.4191483199068313e6 pinf=1.484741176792877e-5 (22) dinf=8.077830926182452e21 (11384) time=211.044686793s
[ Info: iter=18605 obj=1.4191483199068313e6 pinf=1.484741176792877e-5 (22) dinf=8.077830926182452e21 (11384) time=211.534110392s
[ Info: iter=18685 obj=1.4191483199068313e6 pinf=1.484741176792877e-5 (22) dinf=8.077830926182452e21 (11384) time=212.02258649s
[ Info: iter=18765 obj=1.4191483199068313e6 pinf=1.484741176792877e-5 (22) dinf=8.077830926182452e21 (11384) time=212.510366488s
[ Info: iter=18845 obj=1.4191483199068313e6 pinf=1.484741176792877e-5 (22) dinf=8.077830926182452e21 (11384) time=212.993788986s
[ Info: iter=18925 obj=1.4191483199068313e6 pinf=1.484741176792877e-5 (22) dinf=8.077830926182452e21 (11384) time=213.469199885s
[ Info: iter=19005 obj=1.4191483199068313e6 pinf=1.484741176792877e-5 (22) dinf=8.077830926182452e21 (11384) time=213.941718783s
[ Info: iter=19085 obj=1.4191483199068313e6 pinf=1.484741176792877e-5 (22) dinf=8.077830926182452e21 (11384) time=214.413513481s
[ Info: iter=19165 obj=1.4191483199068313e6 pinf=1.484741176792877e-5 (22) dinf=8.077830926182452e21 (11384) time=214.892099579s
[ Info: iter=19245 obj=1.4191483199068313e6 pinf=1.484741176792877e-5 (22) dinf=8.077830926182452e21 (11384) time=215.372252178s
[ Info: iter=19325 obj=1.4191483199068313e6 pinf=1.484741176792877e-5 (22) dinf=8.077830926182452e21 (11384) time=215.840074576s
[ Info: iter=19405 obj=1.4191483199068313e6 pinf=1.484741176792877e-5 (22) dinf=8.077830926182452e21 (11384) time=216.312444174s
[ Info: iter=19485 obj=1.4191483199068313e6 pinf=1.484741176792877e-5 (22) dinf=8.077830926182452e21 (11384) time=216.785535172s
[ Info: iter=19565 obj=1.4191483199068313e6 pinf=1.484741176792877e-5 (22) dinf=8.077830926182452e21 (11384) time=217.257023871s
[ Info: iter=19645 obj=1.4191483199068313e6 pinf=1.484741176792877e-5 (22) dinf=8.077830926182452e21 (11384) time=217.727049969s
[ Info: iter=19725 obj=1.4191483199068313e6 pinf=1.484741176792877e-5 (22) dinf=8.077830926182452e21 (11384) time=218.197145667s
[ Info: iter=19805 obj=1.4191483199068313e6 pinf=1.484741176792877e-5 (22) dinf=8.077830926182452e21 (11384) time=218.675736466s
[ Info: iter=19885 obj=1.4191483199068313e6 pinf=1.484741176792877e-5 (22) dinf=8.077830926182452e21 (11384) time=219.148435158s
[ Info: iter=19965 obj=1.4191483199068313e6 pinf=1.484741176792877e-5 (22) dinf=8.077830926182452e21 (11384) time=219.624662047s
[ Info: iter=20045 obj=1.4191483199068313e6 pinf=1.484741176792877e-5 (22) dinf=8.077830926182452e21 (11384) time=220.102220236s
[ Info: iter=20125 obj=1.4191483199068313e6 pinf=1.484741176792877e-5 (22) dinf=8.077830926182452e21 (11384) time=220.587070725s
[ Info: iter=20205 obj=1.4191483199068313e6 pinf=1.484741176792877e-5 (22) dinf=8.077830926182452e21 (11384) time=221.061475014s
[ Info: iter=20285 obj=1.4191483199068313e6 pinf=1.484741176792877e-5 (22) dinf=8.077830926182452e21 (11384) time=221.526865703s
[ Info: iter=20365 obj=1.4191483199068313e6 pinf=1.484741176792877e-5 (22) dinf=8.077830926182452e21 (11384) time=221.996908492s
[ Info: iter=20445 obj=1.4191483199068313e6 pinf=1.484741176792877e-5 (22) dinf=8.077830926182452e21 (11384) time=222.463056081s
[ Info: iter=20525 obj=1.4191483199068313e6 pinf=1.484741176792877e-5 (22) dinf=8.077830926182452e21 (11384) time=222.93476787s
[ Info: iter=20605 obj=1.4191483199068313e6 pinf=1.484741176792877e-5 (22) dinf=8.077830926182452e21 (11384) time=223.40942536s
[ Info: iter=20685 obj=1.4191483199068313e6 pinf=1.484741176792877e-5 (22) dinf=8.077830926182452e21 (11384) time=223.886085149s
[ Info: iter=20765 obj=1.4191483199068313e6 pinf=1.484741176792877e-5 (22) dinf=8.077830926182452e21 (11384) time=224.355894938s
[ Info: iter=20845 obj=1.4191483199068313e6 pinf=1.484741176792877e-5 (22) dinf=8.077830926182452e21 (11384) time=224.829526527s
[ Info: iter=20925 obj=1.4191483199068313e6 pinf=1.484741176792877e-5 (22) dinf=8.077830926182452e21 (11384) time=225.304926616s
[ Info: iter=21005 obj=1.4191483199068313e6 pinf=1.484741176792877e-5 (22) dinf=8.077830926182452e21 (11384) time=225.772910405s
[ Info: iter=21085 obj=1.4191483199068313e6 pinf=1.484741176792877e-5 (22) dinf=8.077830926182452e21 (11384) time=226.240320794s
[ Info: iter=21165 obj=1.4191483199068313e6 pinf=1.484741176792877e-5 (22) dinf=8.077830926182452e21 (11384) time=226.714535483s
[ Info: iter=21245 obj=1.4191483199068313e6 pinf=1.484741176792877e-5 (22) dinf=8.077830926182452e21 (11384) time=227.19229518s
[ Info: iter=21325 obj=1.4191483199068313e6 pinf=1.484741176792877e-5 (22) dinf=8.077830926182452e21 (11384) time=227.665668981s
[ Info: iter=21405 obj=1.4191483199068313e6 pinf=1.484741176792877e-5 (22) dinf=8.077830926182452e21 (11384) time=228.143024381s
[ Info: iter=21485 obj=1.4191483199068313e6 pinf=1.484741176792877e-5 (22) dinf=8.077830926182452e21 (11384) time=228.722180482s
[ Info: iter=21565 obj=1.4191483199068313e6 pinf=1.484741176792877e-5 (22) dinf=8.077830926182452e21 (11384) time=229.199477682s
[ Info: iter=21645 obj=1.4191483199068313e6 pinf=1.484741176792877e-5 (22) dinf=8.077830926182452e21 (11384) time=229.664260282s
[ Info: iter=21725 obj=1.4191483199068313e6 pinf=1.484741176792877e-5 (22) dinf=8.077830926182452e21 (11384) time=230.145028283s
[ Info: iter=21805 obj=1.4191483199068313e6 pinf=1.484741176792877e-5 (22) dinf=8.077830926182452e21 (11384) time=230.627368883s
[ Info: iter=21885 obj=1.4191483199068313e6 pinf=1.484741176792877e-5 (22) dinf=8.077830926182452e21 (11384) time=231.121576284s
[ Info: iter=21965 obj=1.4191483199068313e6 pinf=1.484741176792877e-5 (22) dinf=8.077830926182452e21 (11384) time=231.606039084s
[ Info: iter=22045 obj=1.4191483199068313e6 pinf=1.484741176792877e-5 (22) dinf=8.077830926182452e21 (11384) time=232.093781984s
[ Info: iter=22125 obj=1.4191483199068313e6 pinf=1.484741176792877e-5 (22) dinf=8.077830926182452e21 (11384) time=232.578488285s
[ Info: iter=22205 obj=1.4191483199068313e6 pinf=1.484741176792877e-5 (22) dinf=8.077830926182452e21 (11384) time=233.061401685s
[ Info: iter=22285 obj=1.4191483199068313e6 pinf=1.484741176792877e-5 (22) dinf=8.077830926182452e21 (11384) time=233.544714086s
[ Info: iter=22365 obj=1.4191483199068313e6 pinf=1.484741176792877e-5 (22) dinf=8.077830926182452e21 (11384) time=234.032656286s
[ Info: iter=22445 obj=1.4191483199068313e6 pinf=1.484741176792877e-5 (22) dinf=8.077830926182452e21 (11384) time=234.527564586s
[ Info: iter=22525 obj=1.4191483199068313e6 pinf=1.484741176792877e-5 (22) dinf=8.077830926182452e21 (11384) time=235.012775987s
[ Info: iter=22605 obj=1.4191483199068313e6 pinf=1.484741176792877e-5 (22) dinf=8.077830926182452e21 (11384) time=235.505006789s
[ Info: iter=22685 obj=1.4191483199068313e6 pinf=1.484741176792877e-5 (22) dinf=8.077830926182452e21 (11384) time=235.99249269s
[ Info: iter=22765 obj=1.4191483199068313e6 pinf=1.484741176792877e-5 (22) dinf=8.077830926182452e21 (11384) time=236.479364492s
[ Info: iter=22845 obj=1.4191483199068313e6 pinf=1.484741176792877e-5 (22) dinf=8.077830926182452e21 (11384) time=236.967562893s
[ Info: iter=22925 obj=1.4191483199068313e6 pinf=1.484741176792877e-5 (22) dinf=8.077830926182452e21 (11384) time=237.470327395s
[ Info: iter=23005 obj=1.4191483199068313e6 pinf=1.484741176792877e-5 (22) dinf=8.077830926182452e21 (11384) time=237.972186397s
[ Info: iter=23085 obj=1.4191483199068313e6 pinf=1.484741176792877e-5 (22) dinf=8.077830926182452e21 (11384) time=238.473357098s
[ Info: iter=23165 obj=1.4191483199068313e6 pinf=1.484741176792877e-5 (22) dinf=8.077830926182452e21 (11384) time=238.9733822s
[ Info: iter=23245 obj=1.4191483199068313e6 pinf=1.484741176792877e-5 (22) dinf=8.077830926182452e21 (11384) time=239.476121801s
[ Info: iter=23325 obj=1.4191483199068313e6 pinf=1.484741176792877e-5 (22) dinf=8.077830926182452e21 (11384) time=239.975909703s
[ Info: iter=23405 obj=1.4191483199068313e6 pinf=1.484741176792877e-5 (22) dinf=8.077830926182452e21 (11384) time=240.476017404s
[ Info: iter=23485 obj=1.4191483199068313e6 pinf=1.484741176792877e-5 (22) dinf=8.077830926182452e21 (11384) time=241.006989706s
[ Info: iter=23565 obj=1.4191483199068313e6 pinf=1.484741176792877e-5 (22) dinf=8.077830926182452e21 (11384) time=241.511634308s
[ Info: iter=23645 obj=1.4191483199068313e6 pinf=1.484741176792877e-5 (22) dinf=8.077830926182452e21 (11384) time=242.009687809s
[ Info: iter=23725 obj=1.4191483199068313e6 pinf=1.484741176792877e-5 (22) dinf=8.077830926182452e21 (11384) time=242.507404111s
[ Info: iter=23805 obj=1.4191483199068313e6 pinf=1.484741176792877e-5 (22) dinf=8.077830926182452e21 (11384) time=243.009024911s
[ Info: iter=23885 obj=1.4191483199068313e6 pinf=1.484741176792877e-5 (22) dinf=8.077830926182452e21 (11384) time=243.509640806s
[ Info: iter=23965 obj=1.4191483199068313e6 pinf=1.484741176792877e-5 (22) dinf=8.077830926182452e21 (11384) time=244.006890701s
[ Info: iter=24045 obj=1.4191483199068313e6 pinf=1.484741176792877e-5 (22) dinf=8.077830926182452e21 (11384) time=244.511869796s
[ Info: iter=24125 obj=1.4191483199068313e6 pinf=1.484741176792877e-5 (22) dinf=8.077830926182452e21 (11384) time=245.012300791s
[ Info: iter=24205 obj=1.4191483199068313e6 pinf=1.484741176792877e-5 (22) dinf=8.077830926182452e21 (11384) time=245.510868287s
[ Info: iter=24285 obj=1.4191483199068313e6 pinf=1.484741176792877e-5 (22) dinf=8.077830926182452e21 (11384) time=246.014844282s
[ Info: iter=24365 obj=1.4191483199068313e6 pinf=1.484741176792877e-5 (22) dinf=8.077830926182452e21 (11384) time=246.501858577s
[ Info: iter=24445 obj=1.4191483199068313e6 pinf=1.484741176792877e-5 (22) dinf=8.077830926182452e21 (11384) time=246.987753973s
[ Info: iter=24525 obj=1.4191483199068313e6 pinf=1.484741176792877e-5 (22) dinf=8.077830926182452e21 (11384) time=247.476448468s
[ Info: iter=24605 obj=1.4191483199068313e6 pinf=1.484741176792877e-5 (22) dinf=8.077830926182452e21 (11384) time=247.959884763s
[ Info: iter=24685 obj=1.4191483199068313e6 pinf=1.484741176792877e-5 (22) dinf=8.077830926182452e21 (11384) time=248.457517158s
[ Info: iter=24765 obj=1.4191483199068313e6 pinf=1.484741176792877e-5 (22) dinf=8.077830926182452e21 (11384) time=248.943543954s
[ Info: iter=24845 obj=1.4191483199068313e6 pinf=1.484741176792877e-5 (22) dinf=8.077830926182452e21 (11384) time=249.439488049s
[ Info: iter=24925 obj=1.4191483199068313e6 pinf=1.484741176792877e-5 (22) dinf=8.077830926182452e21 (11384) time=249.922911644s
[ Info: iter=25005 obj=1.4191483199068313e6 pinf=1.484741176792877e-5 (22) dinf=8.077830926182452e21 (11384) time=250.40960274s
[ Info: iter=25085 obj=1.4191483199068313e6 pinf=1.484741176792877e-5 (22) dinf=8.077830926182452e21 (11384) time=250.941202332s
[ Info: iter=25165 obj=1.4191483199068313e6 pinf=1.484741176792877e-5 (22) dinf=8.077830926182452e21 (11384) time=251.474678s
[ Info: iter=25245 obj=1.4191483199068313e6 pinf=1.484741176792877e-5 (22) dinf=8.077830926182452e21 (11384) time=252.008831667s
[ Info: iter=25325 obj=1.4191483199068313e6 pinf=1.484741176792877e-5 (22) dinf=8.077830926182452e21 (11384) time=252.532457935s
[ Info: iter=25405 obj=1.4191483199068313e6 pinf=1.484741176792877e-5 (22) dinf=8.077830926182452e21 (11384) time=253.068611303s
[ Info: iter=25485 obj=1.4191483199068313e6 pinf=1.484741176792877e-5 (22) dinf=8.077830926182452e21 (11384) time=253.603910271s
[ Info: iter=25565 obj=1.4191483199068313e6 pinf=1.484741176792877e-5 (22) dinf=8.077830926182452e21 (11384) time=254.098325241s
[ Info: iter=25645 obj=1.4191483199068313e6 pinf=1.484741176792877e-5 (22) dinf=8.077830926182452e21 (11384) time=254.591209411s
[ Info: iter=25725 obj=1.4191483199068313e6 pinf=1.484741176792877e-5 (22) dinf=8.077830926182452e21 (11384) time=255.074836581s
[ Info: iter=25805 obj=1.4191483199068313e6 pinf=1.484741176792877e-5 (22) dinf=8.077830926182452e21 (11384) time=255.567941451s
[ Info: iter=25885 obj=1.4191483199068313e6 pinf=1.484741176792877e-5 (22) dinf=8.077830926182452e21 (11384) time=256.054421722s
[ Info: iter=25965 obj=1.4191483199068313e6 pinf=1.484741176792877e-5 (22) dinf=8.077830926182452e21 (11384) time=256.544562292s
[ Info: iter=26045 obj=1.4191483199068313e6 pinf=1.484741176792877e-5 (22) dinf=8.077830926182452e21 (11384) time=257.028725663s
[ Info: iter=26125 obj=1.4191483199068313e6 pinf=1.484741176792877e-5 (22) dinf=8.077830926182452e21 (11384) time=257.519391733s
[ Info: iter=26205 obj=1.4191483199068313e6 pinf=1.484741176792877e-5 (22) dinf=8.077830926182452e21 (11384) time=258.003116904s
[ Info: iter=26285 obj=1.4191483199068313e6 pinf=1.484741176792877e-5 (22) dinf=8.077830926182452e21 (11384) time=258.495349774s
[ Info: iter=26365 obj=1.4191483199068313e6 pinf=1.484741176792877e-5 (22) dinf=8.077830926182452e21 (11384) time=258.977162746s
[ Info: iter=26445 obj=1.4191483199068313e6 pinf=1.484741176792877e-5 (22) dinf=8.077830926182452e21 (11384) time=259.475959627s
[ Info: iter=26525 obj=1.4191483199068313e6 pinf=1.484741176792877e-5 (22) dinf=8.077830926182452e21 (11384) time=259.964639808s
[ Info: iter=26605 obj=1.4191483199068313e6 pinf=1.484741176792877e-5 (22) dinf=8.077830926182452e21 (11384) time=260.457108889s
[ Info: iter=26685 obj=1.4191483199068313e6 pinf=1.484741176792877e-5 (22) dinf=8.077830926182452e21 (11384) time=260.94418227s
[ Info: iter=26765 obj=1.4191483199068313e6 pinf=1.484741176792877e-5 (22) dinf=8.077830926182452e21 (11384) time=261.429146352s
[ Info: iter=26845 obj=1.4191483199068313e6 pinf=1.484741176792877e-5 (22) dinf=8.077830926182452e21 (11384) time=261.924258733s
[ Info: iter=26925 obj=1.4191483199068313e6 pinf=1.484741176792877e-5 (22) dinf=8.077830926182452e21 (11384) time=262.415585714s
[ Info: iter=27005 obj=1.4191483199068313e6 pinf=1.484741176792877e-5 (22) dinf=8.077830926182452e21 (11384) time=262.900279095s
[ Info: iter=27085 obj=1.4191483199068313e6 pinf=1.484741176792877e-5 (22) dinf=8.077830926182452e21 (11384) time=263.392558076s
[ Info: iter=27165 obj=1.4191483199068313e6 pinf=1.484741176792877e-5 (22) dinf=8.077830926182452e21 (11384) time=263.879298057s
[ Info: iter=27245 obj=1.4191483199068313e6 pinf=1.484741176792877e-5 (22) dinf=8.077830926182452e21 (11384) time=264.364619638s
[ Info: iter=27325 obj=1.4191483199068313e6 pinf=1.484741176792877e-5 (22) dinf=8.077830926182452e21 (11384) time=264.852874319s
[ Info: iter=27405 obj=1.4191483199068313e6 pinf=1.484741176792877e-5 (22) dinf=8.077830926182452e21 (11384) time=265.339533601s
[ Info: iter=27485 obj=1.4191483199068313e6 pinf=1.484741176792877e-5 (22) dinf=8.077830926182452e21 (11384) time=265.825813382s
[ Info: iter=27565 obj=1.4191483199068313e6 pinf=1.484741176792877e-5 (22) dinf=8.077830926182452e21 (11384) time=266.300667363s
[ Info: iter=27645 obj=1.4191483199068313e6 pinf=1.484741176792877e-5 (22) dinf=8.077830926182452e21 (11384) time=266.779423345s
[ Info: iter=27725 obj=1.4191483199068313e6 pinf=1.484741176792877e-5 (22) dinf=8.077830926182452e21 (11384) time=267.262304931s
[ Info: iter=27805 obj=1.4191483199068313e6 pinf=1.484741176792877e-5 (22) dinf=8.077830926182452e21 (11384) time=267.75282412s
[ Info: iter=27885 obj=1.4191483199068313e6 pinf=1.484741176792877e-5 (22) dinf=8.077830926182452e21 (11384) time=268.238680208s
[ Info: iter=27965 obj=1.4191483199068313e6 pinf=1.484741176792877e-5 (22) dinf=8.077830926182452e21 (11384) time=268.720582697s
[ Info: iter=28045 obj=1.4191483199068313e6 pinf=1.484741176792877e-5 (22) dinf=8.077830926182452e21 (11384) time=269.205215586s
[ Info: iter=28125 obj=1.4191483199068313e6 pinf=1.484741176792877e-5 (22) dinf=8.077830926182452e21 (11384) time=269.688476674s
[ Info: iter=28205 obj=1.4191483199068313e6 pinf=1.484741176792877e-5 (22) dinf=8.077830926182452e21 (11384) time=270.172964563s
[ Info: iter=28285 obj=1.4191483199068313e6 pinf=1.484741176792877e-5 (22) dinf=8.077830926182452e21 (11384) time=270.651675552s
[ Info: iter=28365 obj=1.4191483199068313e6 pinf=1.484741176792877e-5 (22) dinf=8.077830926182452e21 (11384) time=271.13236464s
[ Info: iter=28445 obj=1.4191483199068313e6 pinf=1.484741176792877e-5 (22) dinf=8.077830926182452e21 (11384) time=271.629011529s
[ Info: iter=28525 obj=1.4191483199068313e6 pinf=1.484741176792877e-5 (22) dinf=8.077830926182452e21 (11384) time=272.122785317s
[ Info: iter=28605 obj=1.4191483199068313e6 pinf=1.484741176792877e-5 (22) dinf=8.077830926182452e21 (11384) time=272.621283805s
[ Info: iter=28685 obj=1.4191483199068313e6 pinf=1.484741176792877e-5 (22) dinf=8.077830926182452e21 (11384) time=273.140925593s
[ Info: iter=28765 obj=1.4191483199068313e6 pinf=1.484741176792877e-5 (22) dinf=8.077830926182452e21 (11384) time=273.647199781s
[ Info: iter=28845 obj=1.4191483199068313e6 pinf=1.484741176792877e-5 (22) dinf=8.077830926182452e21 (11384) time=274.147658769s
[ Info: iter=28925 obj=1.4191483199068313e6 pinf=1.484741176792877e-5 (22) dinf=8.077830926182452e21 (11384) time=274.636951958s
[ Info: iter=29005 obj=1.4191483199068313e6 pinf=1.484741176792877e-5 (22) dinf=8.077830926182452e21 (11384) time=275.125316946s
PROGRESS iter=30000 pinf=0.0 dinf=8.077830926182452e21 refs=1769
PROGRESS iter=35000 pinf=0.0 dinf=8.077830926182452e21 refs=1831
PROGRESS iter=40000 pinf=0.0 dinf=8.077830926182452e21 refs=1894
[ Info: iter=29085 obj=1.4191483199068313e6 pinf=1.484741176792877e-5 (22) dinf=8.077830926182452e21 (11384) time=275.616284034s
[ Info: iter=29165 obj=1.4191483199068313e6 pinf=1.484741176792877e-5 (22) dinf=8.077830926182452e21 (11384) time=276.108060323s
[ Info: iter=29245 obj=1.4191483199068313e6 pinf=1.484741176792877e-5 (22) dinf=8.077830926182452e21 (11384) time=276.603067211s
[ Info: iter=29325 obj=1.4191483199068313e6 pinf=1.484741176792877e-5 (22) dinf=8.077830926182452e21 (11384) time=277.093648999s
[ Info: iter=29405 obj=1.4191483199068313e6 pinf=1.484741176792877e-5 (22) dinf=8.077830926182452e21 (11384) time=277.589188887s
[ Info: iter=29485 obj=1.4191483199068313e6 pinf=1.484741176792877e-5 (22) dinf=8.077830926182452e21 (11384) time=278.089646075s
[ Info: iter=29565 obj=1.4191483199068313e6 pinf=1.484741176792877e-5 (22) dinf=8.077830926182452e21 (11384) time=278.594196963s
[ Info: iter=29645 obj=1.4191483199068313e6 pinf=1.484741176792877e-5 (22) dinf=8.077830926182452e21 (11384) time=279.078181752s
[ Info: iter=29725 obj=1.4191483199068313e6 pinf=1.484741176792877e-5 (22) dinf=8.077830926182452e21 (11384) time=279.57909414s
[ Info: iter=29805 obj=1.4191483199068313e6 pinf=1.484741176792877e-5 (22) dinf=8.077830926182452e21 (11384) time=280.079080628s
[ Info: iter=29885 obj=1.4191483199068313e6 pinf=1.484741176792877e-5 (22) dinf=8.077830926182452e21 (11384) time=280.566667516s
[ Info: iter=29965 obj=1.4191483199068313e6 pinf=1.484741176792877e-5 (22) dinf=8.077830926182452e21 (11384) time=281.056018004s
[ Info: iter=30045 obj=1.4191483199068313e6 pinf=1.484741176792877e-5 (22) dinf=8.077830926182452e21 (11384) time=281.542273793s
[ Info: iter=30125 obj=1.4191483199068313e6 pinf=1.484741176792877e-5 (22) dinf=8.077830926182452e21 (11384) time=282.030791581s
[ Info: iter=30205 obj=1.4191483199068313e6 pinf=1.484741176792877e-5 (22) dinf=8.077830926182452e21 (11384) time=282.541108769s
[ Info: iter=30285 obj=1.4191483199068313e6 pinf=1.484741176792877e-5 (22) dinf=8.077830926182452e21 (11384) time=283.025786692s
[ Info: iter=30365 obj=1.4191483199068313e6 pinf=1.484741176792877e-5 (22) dinf=8.077830926182452e21 (11384) time=283.507369511s
[ Info: iter=30445 obj=1.4191483199068313e6 pinf=1.484741176792877e-5 (22) dinf=8.077830926182452e21 (11384) time=283.990173629s
[ Info: iter=30525 obj=1.4191483199068313e6 pinf=1.484741176792877e-5 (22) dinf=8.077830926182452e21 (11384) time=284.477742943s
[ Info: iter=30605 obj=1.4191483199068313e6 pinf=1.484741176792877e-5 (22) dinf=8.077830926182452e21 (11384) time=284.977717847s
[ Info: iter=30685 obj=1.4191483199068313e6 pinf=1.484741176792877e-5 (22) dinf=8.077830926182452e21 (11384) time=285.459665365s
[ Info: iter=30765 obj=1.4191483199068313e6 pinf=1.484741176792877e-5 (22) dinf=8.077830926182452e21 (11384) time=285.935618988s
[ Info: iter=30845 obj=1.4191483199068313e6 pinf=1.484741176792877e-5 (22) dinf=8.077830926182452e21 (11384) time=286.417434207s
[ Info: iter=30925 obj=1.4191483199068313e6 pinf=1.484741176792877e-5 (22) dinf=8.077830926182452e21 (11384) time=286.901669124s
[ Info: iter=31005 obj=1.4191483199068313e6 pinf=1.484741176792877e-5 (22) dinf=8.077830926182452e21 (11384) time=287.38584064s
[ Info: iter=31085 obj=1.4191483199068313e6 pinf=1.484741176792877e-5 (22) dinf=8.077830926182452e21 (11384) time=287.870683456s
[ Info: iter=31165 obj=1.4191483199068313e6 pinf=1.484741176792877e-5 (22) dinf=8.077830926182452e21 (11384) time=288.357533371s
[ Info: iter=31245 obj=1.4191483199068313e6 pinf=1.484741176792877e-5 (22) dinf=8.077830926182452e21 (11384) time=288.835659965s
[ Info: iter=31325 obj=1.4191483199068313e6 pinf=1.484741176792877e-5 (22) dinf=8.077830926182452e21 (11384) time=289.316939163s
[ Info: iter=31405 obj=1.4191483199068313e6 pinf=1.484741176792877e-5 (22) dinf=8.077830926182452e21 (11384) time=289.800399961s
[ Info: iter=31485 obj=1.4191483199068313e6 pinf=1.484741176792877e-5 (22) dinf=8.077830926182452e21 (11384) time=290.296205159s
[ Info: iter=31565 obj=1.4191483199068313e6 pinf=1.484741176792877e-5 (22) dinf=8.077830926182452e21 (11384) time=290.779289557s
[ Info: iter=31645 obj=1.4191483199068313e6 pinf=1.484741176792877e-5 (22) dinf=8.077830926182452e21 (11384) time=291.263646652s
[ Info: iter=31725 obj=1.4191483199068313e6 pinf=1.484741176792877e-5 (22) dinf=8.077830926182452e21 (11384) time=291.746146445s
[ Info: iter=31805 obj=1.4191483199068313e6 pinf=1.484741176792877e-5 (22) dinf=8.077830926182452e21 (11384) time=292.224703038s
[ Info: iter=31885 obj=1.4191483199068313e6 pinf=1.484741176792877e-5 (22) dinf=8.077830926182452e21 (11384) time=292.709959932s
[ Info: iter=31965 obj=1.4191483199068313e6 pinf=1.484741176792877e-5 (22) dinf=8.077830926182452e21 (11384) time=293.194147025s
[ Info: iter=32045 obj=1.4191483199068313e6 pinf=1.484741176792877e-5 (22) dinf=8.077830926182452e21 (11384) time=293.676854218s
[ Info: iter=32125 obj=1.4191483199068313e6 pinf=1.484741176792877e-5 (22) dinf=8.077830926182452e21 (11384) time=294.160849911s
[ Info: iter=32205 obj=1.4191483199068313e6 pinf=1.484741176792877e-5 (22) dinf=8.077830926182452e21 (11384) time=294.649928004s
[ Info: iter=32285 obj=1.4191483199068313e6 pinf=1.484741176792877e-5 (22) dinf=8.077830926182452e21 (11384) time=295.130301798s
[ Info: iter=32365 obj=1.4191483199068313e6 pinf=1.484741176792877e-5 (22) dinf=8.077830926182452e21 (11384) time=295.611283891s
[ Info: iter=32445 obj=1.4191483199068313e6 pinf=1.484741176792877e-5 (22) dinf=8.077830926182452e21 (11384) time=296.089108884s
[ Info: iter=32525 obj=1.4191483199068313e6 pinf=1.484741176792877e-5 (22) dinf=8.077830926182452e21 (11384) time=296.568156777s
[ Info: iter=32605 obj=1.4191483199068313e6 pinf=1.484741176792877e-5 (22) dinf=8.077830926182452e21 (11384) time=297.046149871s
[ Info: iter=32685 obj=1.4191483199068313e6 pinf=1.484741176792877e-5 (22) dinf=8.077830926182452e21 (11384) time=297.554047964s
[ Info: iter=32765 obj=1.4191483199068313e6 pinf=1.484741176792877e-5 (22) dinf=8.077830926182452e21 (11384) time=298.102542356s
[ Info: iter=32845 obj=1.4191483199068313e6 pinf=1.484741176792877e-5 (22) dinf=8.077830926182452e21 (11384) time=298.581012349s
[ Info: iter=32925 obj=1.4191483199068313e6 pinf=1.484741176792877e-5 (22) dinf=8.077830926182452e21 (11384) time=299.068964747s
[ Info: iter=33005 obj=1.4191483199068313e6 pinf=1.484741176792877e-5 (22) dinf=8.077830926182452e21 (11384) time=299.564511565s
[ Info: iter=33085 obj=1.4191483199068313e6 pinf=1.484741176792877e-5 (22) dinf=8.077830926182452e21 (11384) time=300.047828282s
[ Info: iter=33165 obj=1.4191483199068313e6 pinf=1.484741176792877e-5 (22) dinf=8.077830926182452e21 (11384) time=300.5484308s
[ Info: iter=33245 obj=1.4191483199068313e6 pinf=1.484741176792877e-5 (22) dinf=8.077830926182452e21 (11384) time=301.038554617s
[ Info: iter=33325 obj=1.4191483199068313e6 pinf=1.484741176792877e-5 (22) dinf=8.077830926182452e21 (11384) time=301.532854135s
[ Info: iter=33405 obj=1.4191483199068313e6 pinf=1.484741176792877e-5 (22) dinf=8.077830926182452e21 (11384) time=302.021549252s
[ Info: iter=33485 obj=1.4191483199068313e6 pinf=1.484741176792877e-5 (22) dinf=8.077830926182452e21 (11384) time=302.513448669s
[ Info: iter=33565 obj=1.4191483199068313e6 pinf=1.484741176792877e-5 (22) dinf=8.077830926182452e21 (11384) time=303.008724087s
[ Info: iter=33645 obj=1.4191483199068313e6 pinf=1.484741176792877e-5 (22) dinf=8.077830926182452e21 (11384) time=303.499886604s
[ Info: iter=33725 obj=1.4191483199068313e6 pinf=1.484741176792877e-5 (22) dinf=8.077830926182452e21 (11384) time=303.987938221s
[ Info: iter=33805 obj=1.4191483199068313e6 pinf=1.484741176792877e-5 (22) dinf=8.077830926182452e21 (11384) time=304.482538839s
[ Info: iter=33885 obj=1.4191483199068313e6 pinf=1.484741176792877e-5 (22) dinf=8.077830926182452e21 (11384) time=304.991571757s
[ Info: iter=33965 obj=1.4191483199068313e6 pinf=1.484741176792877e-5 (22) dinf=8.077830926182452e21 (11384) time=305.496476375s
[ Info: iter=34045 obj=1.4191483199068313e6 pinf=1.484741176792877e-5 (22) dinf=8.077830926182452e21 (11384) time=305.996232392s
[ Info: iter=34125 obj=1.4191483199068313e6 pinf=1.484741176792877e-5 (22) dinf=8.077830926182452e21 (11384) time=306.50306411s
[ Info: iter=34205 obj=1.4191483199068313e6 pinf=1.484741176792877e-5 (22) dinf=8.077830926182452e21 (11384) time=307.013655927s
[ Info: iter=34285 obj=1.4191483199068313e6 pinf=1.484741176792877e-5 (22) dinf=8.077830926182452e21 (11384) time=307.517117021s
[ Info: iter=34365 obj=1.4191483199068313e6 pinf=1.484741176792877e-5 (22) dinf=8.077830926182452e21 (11384) time=308.016133916s
[ Info: iter=34445 obj=1.4191483199068313e6 pinf=1.484741176792877e-5 (22) dinf=8.077830926182452e21 (11384) time=308.525213911s
[ Info: iter=34525 obj=1.4191483199068313e6 pinf=1.484741176792877e-5 (22) dinf=8.077830926182452e21 (11384) time=309.025368206s
[ Info: iter=34605 obj=1.4191483199068313e6 pinf=1.484741176792877e-5 (22) dinf=8.077830926182452e21 (11384) time=309.5236452s
[ Info: iter=34685 obj=1.4191483199068313e6 pinf=1.484741176792877e-5 (22) dinf=8.077830926182452e21 (11384) time=310.020323895s
[ Info: iter=34765 obj=1.4191483199068313e6 pinf=1.484741176792877e-5 (22) dinf=8.077830926182452e21 (11384) time=310.53485179s
[ Info: iter=34845 obj=1.4191483199068313e6 pinf=1.484741176792877e-5 (22) dinf=8.077830926182452e21 (11384) time=311.056086084s
[ Info: iter=34925 obj=1.4191483199068313e6 pinf=1.484741176792877e-5 (22) dinf=8.077830926182452e21 (11384) time=311.567559179s
[ Info: iter=35005 obj=1.4191483199068313e6 pinf=1.484741176792877e-5 (22) dinf=8.077830926182452e21 (11384) time=312.073307774s
[ Info: iter=35085 obj=1.4191483199068313e6 pinf=1.484741176792877e-5 (22) dinf=8.077830926182452e21 (11384) time=312.584911768s
[ Info: iter=35165 obj=1.4191483199068313e6 pinf=1.484741176792877e-5 (22) dinf=8.077830926182452e21 (11384) time=313.092474463s
[ Info: iter=35245 obj=1.4191483199068313e6 pinf=1.484741176792877e-5 (22) dinf=8.077830926182452e21 (11384) time=313.594828358s
[ Info: iter=35325 obj=1.4191483199068313e6 pinf=1.484741176792877e-5 (22) dinf=8.077830926182452e21 (11384) time=314.093003252s
[ Info: iter=35405 obj=1.4191483199068313e6 pinf=1.484741176792877e-5 (22) dinf=8.077830926182452e21 (11384) time=314.585793647s
[ Info: iter=35485 obj=1.4191483199068313e6 pinf=1.484741176792877e-5 (22) dinf=8.077830926182452e21 (11384) time=315.090163537s
[ Info: iter=35565 obj=1.4191483199068313e6 pinf=1.484741176792877e-5 (22) dinf=8.077830926182452e21 (11384) time=315.594707407s
[ Info: iter=35645 obj=1.4191483199068313e6 pinf=1.484741176792877e-5 (22) dinf=8.077830926182452e21 (11384) time=316.092161377s
[ Info: iter=35725 obj=1.4191483199068313e6 pinf=1.484741176792877e-5 (22) dinf=8.077830926182452e21 (11384) time=316.588637048s
[ Info: iter=35805 obj=1.4191483199068313e6 pinf=1.484741176792877e-5 (22) dinf=8.077830926182452e21 (11384) time=317.081869419s
[ Info: iter=35885 obj=1.4191483199068313e6 pinf=1.484741176792877e-5 (22) dinf=8.077830926182452e21 (11384) time=317.574217889s
[ Info: iter=35965 obj=1.4191483199068313e6 pinf=1.484741176792877e-5 (22) dinf=8.077830926182452e21 (11384) time=318.06733026s
[ Info: iter=36045 obj=1.4191483199068313e6 pinf=1.484741176792877e-5 (22) dinf=8.077830926182452e21 (11384) time=318.560947131s
[ Info: iter=36125 obj=1.4191483199068313e6 pinf=1.484741176792877e-5 (22) dinf=8.077830926182452e21 (11384) time=319.0715563s
[ Info: iter=36205 obj=1.4191483199068313e6 pinf=1.484741176792877e-5 (22) dinf=8.077830926182452e21 (11384) time=319.57502537s
[ Info: iter=36285 obj=1.4191483199068313e6 pinf=1.484741176792877e-5 (22) dinf=8.077830926182452e21 (11384) time=320.067740441s
[ Info: iter=36365 obj=1.4191483199068313e6 pinf=1.484741176792877e-5 (22) dinf=8.077830926182452e21 (11384) time=320.564977212s
[ Info: iter=36445 obj=1.4191483199068313e6 pinf=1.484741176792877e-5 (22) dinf=8.077830926182452e21 (11384) time=321.060339182s
[ Info: iter=36525 obj=1.4191483199068313e6 pinf=1.484741176792877e-5 (22) dinf=8.077830926182452e21 (11384) time=321.566666252s
[ Info: iter=36605 obj=1.4191483199068313e6 pinf=1.484741176792877e-5 (22) dinf=8.077830926182452e21 (11384) time=322.069711122s
[ Info: iter=36685 obj=1.4191483199068313e6 pinf=1.484741176792877e-5 (22) dinf=8.077830926182452e21 (11384) time=322.574236992s
[ Info: iter=36765 obj=1.4191483199068313e6 pinf=1.484741176792877e-5 (22) dinf=8.077830926182452e21 (11384) time=323.075100453s
[ Info: iter=36845 obj=1.4191483199068313e6 pinf=1.484741176792877e-5 (22) dinf=8.077830926182452e21 (11384) time=323.571499058s
[ Info: iter=36925 obj=1.4191483199068313e6 pinf=1.484741176792877e-5 (22) dinf=8.077830926182452e21 (11384) time=324.08575386s
[ Info: iter=37005 obj=1.4191483199068313e6 pinf=1.484741176792877e-5 (22) dinf=8.077830926182452e21 (11384) time=324.593307263s
[ Info: iter=37085 obj=1.4191483199068313e6 pinf=1.484741176792877e-5 (22) dinf=8.077830926182452e21 (11384) time=325.100418566s
[ Info: iter=37165 obj=1.4191483199068313e6 pinf=1.484741176792877e-5 (22) dinf=8.077830926182452e21 (11384) time=325.621450767s
[ Info: iter=37245 obj=1.4191483199068313e6 pinf=1.484741176792877e-5 (22) dinf=8.077830926182452e21 (11384) time=326.125096971s
[ Info: iter=37325 obj=1.4191483199068313e6 pinf=1.484741176792877e-5 (22) dinf=8.077830926182452e21 (11384) time=326.630751274s
[ Info: iter=37405 obj=1.4191483199068313e6 pinf=1.484741176792877e-5 (22) dinf=8.077830926182452e21 (11384) time=327.133970478s
[ Info: iter=37485 obj=1.4191483199068313e6 pinf=1.484741176792877e-5 (22) dinf=8.077830926182452e21 (11384) time=327.630866083s
[ Info: iter=37565 obj=1.4191483199068313e6 pinf=1.484741176792877e-5 (22) dinf=8.077830926182452e21 (11384) time=328.129000888s
[ Info: iter=37645 obj=1.4191483199068313e6 pinf=1.484741176792877e-5 (22) dinf=8.077830926182452e21 (11384) time=328.632596292s
[ Info: iter=37725 obj=1.4191483199068313e6 pinf=1.484741176792877e-5 (22) dinf=8.077830926182452e21 (11384) time=329.129602597s
[ Info: iter=37805 obj=1.4191483199068313e6 pinf=1.484741176792877e-5 (22) dinf=8.077830926182452e21 (11384) time=329.629263302s
[ Info: iter=37885 obj=1.4191483199068313e6 pinf=1.484741176792877e-5 (22) dinf=8.077830926182452e21 (11384) time=330.130064706s
[ Info: iter=37965 obj=1.4191483199068313e6 pinf=1.484741176792877e-5 (22) dinf=8.077830926182452e21 (11384) time=330.640231509s
[ Info: iter=38045 obj=1.4191483199068313e6 pinf=1.484741176792877e-5 (22) dinf=8.077830926182452e21 (11384) time=331.152582835s
[ Info: iter=38125 obj=1.4191483199068313e6 pinf=1.484741176792877e-5 (22) dinf=8.077830926182452e21 (11384) time=331.640874429s
[ Info: iter=38205 obj=1.4191483199068313e6 pinf=1.484741176792877e-5 (22) dinf=8.077830926182452e21 (11384) time=332.138122322s
[ Info: iter=38285 obj=1.4191483199068313e6 pinf=1.484741176792877e-5 (22) dinf=8.077830926182452e21 (11384) time=332.626408516s
[ Info: iter=38365 obj=1.4191483199068313e6 pinf=1.484741176792877e-5 (22) dinf=8.077830926182452e21 (11384) time=333.11672151s
[ Info: iter=38445 obj=1.4191483199068313e6 pinf=1.484741176792877e-5 (22) dinf=8.077830926182452e21 (11384) time=333.617096004s
[ Info: iter=38525 obj=1.4191483199068313e6 pinf=1.484741176792877e-5 (22) dinf=8.077830926182452e21 (11384) time=334.115340797s
[ Info: iter=38605 obj=1.4191483199068313e6 pinf=1.484741176792877e-5 (22) dinf=8.077830926182452e21 (11384) time=334.613500791s
[ Info: iter=38685 obj=1.4191483199068313e6 pinf=1.484741176792877e-5 (22) dinf=8.077830926182452e21 (11384) time=335.103213985s
[ Info: iter=38765 obj=1.4191483199068313e6 pinf=1.484741176792877e-5 (22) dinf=8.077830926182452e21 (11384) time=335.601560479s
[ Info: iter=38845 obj=1.4191483199068313e6 pinf=1.484741176792877e-5 (22) dinf=8.077830926182452e21 (11384) time=336.105117372s
[ Info: iter=38925 obj=1.4191483199068313e6 pinf=1.484741176792877e-5 (22) dinf=8.077830926182452e21 (11384) time=336.605261766s
[ Info: iter=39005 obj=1.4191483199068313e6 pinf=1.484741176792877e-5 (22) dinf=8.077830926182452e21 (11384) time=337.09366676s
[ Info: iter=39085 obj=1.4191483199068313e6 pinf=1.484741176792877e-5 (22) dinf=8.077830926182452e21 (11384) time=337.595317154s
[ Info: iter=39165 obj=1.4191483199068313e6 pinf=1.484741176792877e-5 (22) dinf=8.077830926182452e21 (11384) time=338.092214047s
[ Info: iter=39245 obj=1.4191483199068313e6 pinf=1.484741176792877e-5 (22) dinf=8.077830926182452e21 (11384) time=338.597146641s
[ Info: iter=39325 obj=1.4191483199068313e6 pinf=1.484741176792877e-5 (22) dinf=8.077830926182452e21 (11384) time=339.094697526s
[ Info: iter=39405 obj=1.4191483199068313e6 pinf=1.484741176792877e-5 (22) dinf=8.077830926182452e21 (11384) time=339.62196805s
[ Info: iter=39485 obj=1.4191483199068313e6 pinf=1.484741176792877e-5 (22) dinf=8.077830926182452e21 (11384) time=340.118747179s
[ Info: iter=39565 obj=1.4191483199068313e6 pinf=1.484741176792877e-5 (22) dinf=8.077830926182452e21 (11384) time=340.638802904s
[ Info: iter=39645 obj=1.4191483199068313e6 pinf=1.484741176792877e-5 (22) dinf=8.077830926182452e21 (11384) time=341.175936427s
[ Info: iter=39725 obj=1.4191483199068313e6 pinf=1.484741176792877e-5 (22) dinf=8.077830926182452e21 (11384) time=341.70980315s
[ Info: iter=39805 obj=1.4191483199068313e6 pinf=1.484741176792877e-5 (22) dinf=8.077830926182452e21 (11384) time=342.244901273s
[ Info: iter=39885 obj=1.4191483199068313e6 pinf=1.484741176792877e-5 (22) dinf=8.077830926182452e21 (11384) time=342.777543796s
[ Info: iter=39965 obj=1.4191483199068313e6 pinf=1.484741176792877e-5 (22) dinf=8.077830926182452e21 (11384) time=343.368348111s
[ Info: iter=40045 obj=1.4191483199068313e6 pinf=1.484741176792877e-5 (22) dinf=8.077830926182452e21 (11384) time=343.942851728s
[ Info: iter=40125 obj=1.4191483199068313e6 pinf=1.484741176792877e-5 (22) dinf=8.077830926182452e21 (11384) time=344.519488845s
[ Info: iter=40205 obj=1.4191483199068313e6 pinf=1.484741176792877e-5 (22) dinf=8.077830926182452e21 (11384) time=345.101300061s
[ Info: iter=40285 obj=1.4191483199068313e6 pinf=1.484741176792877e-5 (22) dinf=8.077830926182452e21 (11384) time=345.650150682s
[ Info: iter=40365 obj=1.4191483199068313e6 pinf=1.484741176792877e-5 (22) dinf=8.077830926182452e21 (11384) time=346.175825906s
[ Info: iter=40445 obj=1.4191483199068313e6 pinf=1.484741176792877e-5 (22) dinf=8.077830926182452e21 (11384) time=346.709439029s
[ Info: iter=40525 obj=1.4191483199068313e6 pinf=1.484741176792877e-5 (22) dinf=8.077830926182452e21 (11384) time=347.25056046s
[ Info: iter=40605 obj=1.4191483199068313e6 pinf=1.484741176792877e-5 (22) dinf=8.077830926182452e21 (11384) time=347.788692006s
[ Info: iter=40685 obj=1.4191483199068313e6 pinf=1.484741176792877e-5 (22) dinf=8.077830926182452e21 (11384) time=348.330141551s
[ Info: iter=40765 obj=1.4191483199068313e6 pinf=1.484741176792877e-5 (22) dinf=8.077830926182452e21 (11384) time=348.874415096s
[ Info: iter=40845 obj=1.4191483199068313e6 pinf=1.484741176792877e-5 (22) dinf=8.077830926182452e21 (11384) time=349.406761043s
[ Info: iter=40925 obj=1.4191483199068313e6 pinf=1.484741176792877e-5 (22) dinf=8.077830926182452e21 (11384) time=349.964112586s
[ Info: iter=41005 obj=1.4191483199068313e6 pinf=1.484741176792877e-5 (22) dinf=8.077830926182452e21 (11384) time=350.500718632s
[ Info: iter=41085 obj=1.4191483199068313e6 pinf=1.484741176792877e-5 (22) dinf=8.077830926182452e21 (11384) time=351.01841718s
[ Info: iter=41165 obj=1.4191483199068313e6 pinf=1.484741176792877e-5 (22) dinf=8.077830926182452e21 (11384) time=351.535822828s
[ Info: iter=41245 obj=1.4191483199068313e6 pinf=1.484741176792877e-5 (22) dinf=8.077830926182452e21 (11384) time=352.068903374s
[ Info: iter=41325 obj=1.4191483199068313e6 pinf=1.484741176792877e-5 (22) dinf=8.077830926182452e21 (11384) time=352.586959622s
[ Info: iter=41405 obj=1.4191483199068313e6 pinf=1.484741176792877e-5 (22) dinf=8.077830926182452e21 (11384) time=353.106007069s
[ Info: iter=41485 obj=1.4191483199068313e6 pinf=1.484741176792877e-5 (22) dinf=8.077830926182452e21 (11384) time=353.634299516s
[ Info: iter=41565 obj=1.4191483199068313e6 pinf=1.484741176792877e-5 (22) dinf=8.077830926182452e21 (11384) time=354.155594364s
[ Info: iter=41645 obj=1.4191483199068313e6 pinf=1.484741176792877e-5 (22) dinf=8.077830926182452e21 (11384) time=354.670131512s
[ Info: iter=41725 obj=1.4191483199068313e6 pinf=1.484741176792877e-5 (22) dinf=8.077830926182452e21 (11384) time=355.182537063s
[ Info: iter=41805 obj=1.4191483199068313e6 pinf=1.484741176792877e-5 (22) dinf=8.077830926182452e21 (11384) time=355.698983526s
[ Info: iter=41885 obj=1.4191483199068313e6 pinf=1.484741176792877e-5 (22) dinf=8.077830926182452e21 (11384) time=356.224231988s
[ Info: iter=41965 obj=1.4191483199068313e6 pinf=1.484741176792877e-5 (22) dinf=8.077830926182452e21 (11384) time=356.754570949s
[ Info: iter=42045 obj=1.4191483199068313e6 pinf=1.484741176792877e-5 (22) dinf=8.077830926182452e21 (11384) time=357.270658412s
[ Info: iter=42125 obj=1.4191483199068313e6 pinf=1.484741176792877e-5 (22) dinf=8.077830926182452e21 (11384) time=357.789925074s
[ Info: iter=42205 obj=1.4191483199068313e6 pinf=1.484741176792877e-5 (22) dinf=8.077830926182452e21 (11384) time=358.317074435s
[ Info: iter=42285 obj=1.4191483199068313e6 pinf=1.484741176792877e-5 (22) dinf=8.077830926182452e21 (11384) time=358.850472797s
[ Info: iter=42365 obj=1.4191483199068313e6 pinf=1.484741176792877e-5 (22) dinf=8.077830926182452e21 (11384) time=359.376391658s
[ Info: iter=42445 obj=1.4191483199068313e6 pinf=1.484741176792877e-5 (22) dinf=8.077830926182452e21 (11384) time=359.89810012s
[ Info: Solve finished: status=TIME_LIMIT reason=time limit reached iterations=42461 time=360.001198713s
Dict{String, Any}("kernel_seconds" => Dict("pricing" => 44.54495657, "refactorization" => 6.961275444, "ftran" => 27.797027491, "btran" => 14.704555564), "basis_update" => "bartels_golub", "peak_rss" => 0x000000007976e000, "counts" => Dict("refactor_residual" => 1, "primal_point_preserved" => 38100, "correction_attempt" => 117, "checkpoint" => 1, "correction" => 114, "pricing_scanned_entries" => 8517400664, "refactor_other" => 1, "pivot_completed" => 42461, "pivot_rejected" => 92102, "pricing_full_scan" => 135976, "pricing" => 135976, "refactor_initial" => 2, "refactor_pivot" => 1412, "pricing_scored_entries" => 1559327421, "refactor_limit" => 511, "pivot_proposed" => 135976, "phase_one" => 1), "input" => "/home/jspitz/mps/runtime.mps", "interval" => 80, "outer_seconds" => 360.016924012, "input_sha256" => "d0ac16e1a52a7d3411cbac28616bba9d3beb0c0edbdb2d72ab0477ce075f6c68", "refactorizations" => 1925, "seconds" => 360.001198713, "allocated_bytes" => 104734184752, "julia" => "1.13.0", "algorithm" => "primal", "iterations" => 42461, "status" => "TIME_LIMIT", "message" => "time limit reached")
