
Pricing trials defer new shifts without consuming perturbation levels: Test Failed at /home/jspitz/.codex/worktrees/adaptive-degeneracy/JSimplex.jl/test/adaptive_intervention_order_tests.jl:39
  Expression: intervention_observation!(ws, algorithm) == 0
   Evaluated: 1 == 0
  Stacktrace:
   [1] top-level scope
     @ ~/.codex/worktrees/adaptive-degeneracy/JSimplex.jl/test/adaptive_intervention_order_tests.jl:35
   [2] macro expansion
     @ ~/.julia/juliaup/julia-1.13.0+0.aarch64.linux.gnu/share/julia/stdlib/v1.13/Test/src/Test.jl:1962 [inlined]
   [3] macro expansion
     @ ~/.codex/worktrees/adaptive-degeneracy/JSimplex.jl/test/adaptive_intervention_order_tests.jl:39 [inlined]
   [4] macro expansion
     @ ~/.julia/juliaup/julia-1.13.0+0.aarch64.linux.gnu/share/julia/stdlib/v1.13/Test/src/Test.jl:753 [inlined]

Pricing trials defer new shifts without consuming perturbation levels: Test Failed at /home/jspitz/.codex/worktrees/adaptive-degeneracy/JSimplex.jl/test/adaptive_intervention_order_tests.jl:40
  Expression: isnothing(ws.scratch.perturbations)
   Evaluated: isnothing(JSimplex.PerturbationJournal{Float32}(0x92833cc37234dabb, Float32[-1.0, 0.0], Float32[-1.0, 0.0], false, false, 0, nothing, 0, 0, JSimplex.BoundPerturbationState{Float32}(Bound{Float32}[Bound{Float32}(0.0f0, true), Bound{Float32}(0.0f0, false)], Bound{Float32}[Bound{Float32}(0.0f0, false), Bound{Float32}(0.0f0, true)], Bound{Float32}[Bound{Float32}(0.0f0, true), Bound{Float32}(0.0f0, false)], Bound{Float32}[Bound{Float32}(0.0f0, false), Bound{Float32}(1.0f-6, true)], true, 1, JSimplex.StagnationMonitor{Float32, Float32}(2, 0.25f0, 0.5f0, 0.25f0, 3.0517578f-5, 4, 0, 0, 0, :progress, false, 0.0f0, 0.0f0, 0.0f0, 0.0f0, 0.0f0, 0.0f0, 0.25f0, 0.25f0, 0.25f0, 0.0f0, 0.0f0, 0.25f0, 0.0f0, 0.0f0, 0.0f0), 4, 0)))
  Stacktrace:
   [1] top-level scope
     @ ~/.codex/worktrees/adaptive-degeneracy/JSimplex.jl/test/adaptive_intervention_order_tests.jl:35
   [2] macro expansion
     @ ~/.julia/juliaup/julia-1.13.0+0.aarch64.linux.gnu/share/julia/stdlib/v1.13/Test/src/Test.jl:1962 [inlined]
   [3] macro expansion
     @ ~/.codex/worktrees/adaptive-degeneracy/JSimplex.jl/test/adaptive_intervention_order_tests.jl:40 [inlined]
   [4] macro expansion
     @ ~/.julia/juliaup/julia-1.13.0+0.aarch64.linux.gnu/share/julia/stdlib/v1.13/Test/src/Test.jl:753 [inlined]

Pricing trials defer new shifts without consuming perturbation levels: Test Failed at /home/jspitz/.codex/worktrees/adaptive-degeneracy/JSimplex.jl/test/adaptive_intervention_order_tests.jl:40
  Expression: isnothing(ws.scratch.perturbations)
   Evaluated: isnothing(JSimplex.PerturbationJournal{Float32}(0x92833cc37234dabb, Float32[-1.0, 0.0], Float32[-1.0, 0.0], false, false, 0, nothing, 0, 0, JSimplex.BoundPerturbationState{Float32}(Bound{Float32}[Bound{Float32}(0.0f0, true), Bound{Float32}(0.0f0, false)], Bound{Float32}[Bound{Float32}(0.0f0, false), Bound{Float32}(0.0f0, true)], Bound{Float32}[Bound{Float32}(0.0f0, true), Bound{Float32}(0.0f0, false)], Bound{Float32}[Bound{Float32}(0.0f0, false), Bound{Float32}(1.0f-6, true)], true, 1, JSimplex.StagnationMonitor{Float32, Float32}(2, 0.25f0, 0.5f0, 0.25f0, 3.0517578f-5, 4, 0, 0, 0, :progress, false, 0.0f0, 0.0f0, 0.0f0, 0.0f0, 0.0f0, 0.0f0, 0.25f0, 0.25f0, 0.25f0, 0.0f0, 0.0f0, 0.25f0, 0.0f0, 0.0f0, 0.0f0), 4, 0)))
  Stacktrace:
   [1] top-level scope
     @ ~/.codex/worktrees/adaptive-degeneracy/JSimplex.jl/test/adaptive_intervention_order_tests.jl:35
   [2] macro expansion
     @ ~/.julia/juliaup/julia-1.13.0+0.aarch64.linux.gnu/share/julia/stdlib/v1.13/Test/src/Test.jl:1962 [inlined]
   [3] macro expansion
     @ ~/.codex/worktrees/adaptive-degeneracy/JSimplex.jl/test/adaptive_intervention_order_tests.jl:40 [inlined]
   [4] macro expansion
     @ ~/.julia/juliaup/julia-1.13.0+0.aarch64.linux.gnu/share/julia/stdlib/v1.13/Test/src/Test.jl:753 [inlined]

Pricing trials defer new shifts without consuming perturbation levels: Test Failed at /home/jspitz/.codex/worktrees/adaptive-degeneracy/JSimplex.jl/test/adaptive_intervention_order_tests.jl:40
  Expression: isnothing(ws.scratch.perturbations)
   Evaluated: isnothing(JSimplex.PerturbationJournal{Float32}(0x92833cc37234dabb, Float32[-1.0, 0.0], Float32[-1.0, 0.0], false, false, 0, nothing, 0, 0, JSimplex.BoundPerturbationState{Float32}(Bound{Float32}[Bound{Float32}(0.0f0, true), Bound{Float32}(0.0f0, false)], Bound{Float32}[Bound{Float32}(0.0f0, false), Bound{Float32}(0.0f0, true)], Bound{Float32}[Bound{Float32}(0.0f0, true), Bound{Float32}(0.0f0, false)], Bound{Float32}[Bound{Float32}(0.0f0, false), Bound{Float32}(1.0f-6, true)], true, 1, JSimplex.StagnationMonitor{Float32, Float32}(2, 0.25f0, 0.5f0, 0.25f0, 3.0517578f-5, 4, 0, 0, 0, :progress, false, 0.0f0, 0.0f0, 0.0f0, 0.0f0, 0.0f0, 0.0f0, 0.25f0, 0.25f0, 0.25f0, 0.0f0, 0.0f0, 0.25f0, 0.0f0, 0.0f0, 0.0f0), 4, 0)))
  Stacktrace:
   [1] top-level scope
     @ ~/.codex/worktrees/adaptive-degeneracy/JSimplex.jl/test/adaptive_intervention_order_tests.jl:35
   [2] macro expansion
     @ ~/.julia/juliaup/julia-1.13.0+0.aarch64.linux.gnu/share/julia/stdlib/v1.13/Test/src/Test.jl:1962 [inlined]
   [3] macro expansion
     @ ~/.codex/worktrees/adaptive-degeneracy/JSimplex.jl/test/adaptive_intervention_order_tests.jl:40 [inlined]
   [4] macro expansion
     @ ~/.julia/juliaup/julia-1.13.0+0.aarch64.linux.gnu/share/julia/stdlib/v1.13/Test/src/Test.jl:753 [inlined]

Pricing trials defer new shifts without consuming perturbation levels: Test Failed at /home/jspitz/.codex/worktrees/adaptive-degeneracy/JSimplex.jl/test/adaptive_intervention_order_tests.jl:40
  Expression: isnothing(ws.scratch.perturbations)
   Evaluated: isnothing(JSimplex.PerturbationJournal{Float32}(0x92833cc37234dabb, Float32[-1.0, 0.0], Float32[-1.0, 0.0], false, false, 0, nothing, 0, 0, JSimplex.BoundPerturbationState{Float32}(Bound{Float32}[Bound{Float32}(0.0f0, true), Bound{Float32}(0.0f0, false)], Bound{Float32}[Bound{Float32}(0.0f0, false), Bound{Float32}(0.0f0, true)], Bound{Float32}[Bound{Float32}(0.0f0, true), Bound{Float32}(0.0f0, false)], Bound{Float32}[Bound{Float32}(0.0f0, false), Bound{Float32}(1.0f-6, true)], true, 1, JSimplex.StagnationMonitor{Float32, Float32}(2, 0.25f0, 0.5f0, 0.25f0, 3.0517578f-5, 4, 0, 0, 0, :progress, false, 0.0f0, 0.0f0, 0.0f0, 0.0f0, 0.0f0, 0.0f0, 0.25f0, 0.25f0, 0.25f0, 0.0f0, 0.0f0, 0.25f0, 0.0f0, 0.0f0, 0.0f0), 4, 0)))
  Stacktrace:
   [1] top-level scope
     @ ~/.codex/worktrees/adaptive-degeneracy/JSimplex.jl/test/adaptive_intervention_order_tests.jl:35
   [2] macro expansion
     @ ~/.julia/juliaup/julia-1.13.0+0.aarch64.linux.gnu/share/julia/stdlib/v1.13/Test/src/Test.jl:1962 [inlined]
   [3] macro expansion
     @ ~/.codex/worktrees/adaptive-degeneracy/JSimplex.jl/test/adaptive_intervention_order_tests.jl:40 [inlined]
   [4] macro expansion
     @ ~/.julia/juliaup/julia-1.13.0+0.aarch64.linux.gnu/share/julia/stdlib/v1.13/Test/src/Test.jl:753 [inlined]

Pricing trials defer new shifts without consuming perturbation levels: Test Failed at /home/jspitz/.codex/worktrees/adaptive-degeneracy/JSimplex.jl/test/adaptive_intervention_order_tests.jl:40
  Expression: isnothing(ws.scratch.perturbations)
   Evaluated: isnothing(JSimplex.PerturbationJournal{Float32}(0x92833cc37234dabb, Float32[-1.0, 0.0], Float32[-1.0, 0.0], false, false, 0, nothing, 0, 0, JSimplex.BoundPerturbationState{Float32}(Bound{Float32}[Bound{Float32}(0.0f0, true), Bound{Float32}(0.0f0, false)], Bound{Float32}[Bound{Float32}(0.0f0, false), Bound{Float32}(0.0f0, true)], Bound{Float32}[Bound{Float32}(0.0f0, true), Bound{Float32}(0.0f0, false)], Bound{Float32}[Bound{Float32}(0.0f0, false), Bound{Float32}(1.0f-6, true)], true, 2, JSimplex.StagnationMonitor{Float32, Float32}(2, 0.25f0, 0.5f0, 0.25f0, 3.0517578f-5, 4, 2, 2, 2, :stalled, true, 0.0f0, 0.0f0, 0.0f0, 0.0f0, 0.0f0, 0.0f0, 0.25f0, 0.25f0, 0.25f0, 0.0f0, 0.0f0, 0.25f0, 0.0f0, 0.0f0, 0.0f0), 4, 0)))
  Stacktrace:
   [1] top-level scope
     @ ~/.codex/worktrees/adaptive-degeneracy/JSimplex.jl/test/adaptive_intervention_order_tests.jl:35
   [2] macro expansion
     @ ~/.julia/juliaup/julia-1.13.0+0.aarch64.linux.gnu/share/julia/stdlib/v1.13/Test/src/Test.jl:1962 [inlined]
   [3] macro expansion
     @ ~/.codex/worktrees/adaptive-degeneracy/JSimplex.jl/test/adaptive_intervention_order_tests.jl:40 [inlined]
   [4] macro expansion
     @ ~/.julia/juliaup/julia-1.13.0+0.aarch64.linux.gnu/share/julia/stdlib/v1.13/Test/src/Test.jl:753 [inlined]

Pricing trials defer new shifts without consuming perturbation levels: Test Failed at /home/jspitz/.codex/worktrees/adaptive-degeneracy/JSimplex.jl/test/adaptive_intervention_order_tests.jl:40
  Expression: isnothing(ws.scratch.perturbations)
   Evaluated: isnothing(JSimplex.PerturbationJournal{Float32}(0x92833cc37234dabb, Float32[-1.0, 0.0], Float32[-1.0, 0.0], false, false, 0, nothing, 0, 0, JSimplex.BoundPerturbationState{Float32}(Bound{Float32}[Bound{Float32}(0.0f0, true), Bound{Float32}(0.0f0, false)], Bound{Float32}[Bound{Float32}(0.0f0, false), Bound{Float32}(0.0f0, true)], Bound{Float32}[Bound{Float32}(0.0f0, true), Bound{Float32}(0.0f0, false)], Bound{Float32}[Bound{Float32}(0.0f0, false), Bound{Float32}(1.0f-6, true)], true, 2, JSimplex.StagnationMonitor{Float32, Float32}(2, 0.25f0, 0.5f0, 0.25f0, 3.0517578f-5, 5, 1, 2, 1, :stalled, true, 0.0f0, 0.0f0, 0.0f0, 0.0f0, 0.0f0, 0.0f0, 0.25f0, 0.25f0, 0.25f0, 0.0f0, 0.0f0, 0.25f0, 0.0f0, 0.0f0, 0.0f0), 4, 0)))
  Stacktrace:
   [1] top-level scope
     @ ~/.codex/worktrees/adaptive-degeneracy/JSimplex.jl/test/adaptive_intervention_order_tests.jl:35
   [2] macro expansion
     @ ~/.julia/juliaup/julia-1.13.0+0.aarch64.linux.gnu/share/julia/stdlib/v1.13/Test/src/Test.jl:1962 [inlined]
   [3] macro expansion
     @ ~/.codex/worktrees/adaptive-degeneracy/JSimplex.jl/test/adaptive_intervention_order_tests.jl:40 [inlined]
   [4] macro expansion
     @ ~/.julia/juliaup/julia-1.13.0+0.aarch64.linux.gnu/share/julia/stdlib/v1.13/Test/src/Test.jl:753 [inlined]

Pricing trials defer new shifts without consuming perturbation levels: Test Failed at /home/jspitz/.codex/worktrees/adaptive-degeneracy/JSimplex.jl/test/adaptive_intervention_order_tests.jl:40
  Expression: isnothing(ws.scratch.perturbations)
   Evaluated: isnothing(JSimplex.PerturbationJournal{Float32}(0x92833cc37234dabb, Float32[-1.0, 0.0], Float32[-1.0, 0.0], false, false, 0, nothing, 0, 0, JSimplex.BoundPerturbationState{Float32}(Bound{Float32}[Bound{Float32}(0.0f0, true), Bound{Float32}(0.0f0, false)], Bound{Float32}[Bound{Float32}(0.0f0, false), Bound{Float32}(0.0f0, true)], Bound{Float32}[Bound{Float32}(0.0f0, true), Bound{Float32}(0.0f0, false)], Bound{Float32}[Bound{Float32}(0.0f0, false), Bound{Float32}(1.0f-6, true)], true, 3, JSimplex.StagnationMonitor{Float32, Float32}(2, 0.25f0, 0.5f0, 0.25f0, 3.0517578f-5, 6, 2, 2, 2, :stalled, true, 0.0f0, 0.0f0, 0.0f0, 0.0f0, 0.0f0, 0.0f0, 0.25f0, 0.25f0, 0.25f0, 0.0f0, 0.0f0, 0.25f0, 0.0f0, 0.0f0, 0.0f0), 6, 0)))
  Stacktrace:
   [1] top-level scope
     @ ~/.codex/worktrees/adaptive-degeneracy/JSimplex.jl/test/adaptive_intervention_order_tests.jl:35
   [2] macro expansion
     @ ~/.julia/juliaup/julia-1.13.0+0.aarch64.linux.gnu/share/julia/stdlib/v1.13/Test/src/Test.jl:1962 [inlined]
   [3] macro expansion
     @ ~/.codex/worktrees/adaptive-degeneracy/JSimplex.jl/test/adaptive_intervention_order_tests.jl:40 [inlined]
   [4] macro expansion
     @ ~/.julia/juliaup/julia-1.13.0+0.aarch64.linux.gnu/share/julia/stdlib/v1.13/Test/src/Test.jl:753 [inlined]

Pricing trials defer new shifts without consuming perturbation levels: Test Failed at /home/jspitz/.codex/worktrees/adaptive-degeneracy/JSimplex.jl/test/adaptive_intervention_order_tests.jl:40
  Expression: isnothing(ws.scratch.perturbations)
   Evaluated: isnothing(JSimplex.PerturbationJournal{Float32}(0x92833cc37234dabb, Float32[-1.0, 0.0], Float32[-1.0, 0.0], false, false, 0, nothing, 0, 0, JSimplex.BoundPerturbationState{Float32}(Bound{Float32}[Bound{Float32}(0.0f0, true), Bound{Float32}(0.0f0, false)], Bound{Float32}[Bound{Float32}(0.0f0, false), Bound{Float32}(0.0f0, true)], Bound{Float32}[Bound{Float32}(0.0f0, true), Bound{Float32}(0.0f0, false)], Bound{Float32}[Bound{Float32}(0.0f0, false), Bound{Float32}(1.0f-6, true)], true, 3, JSimplex.StagnationMonitor{Float32, Float32}(2, 0.25f0, 0.5f0, 0.25f0, 3.0517578f-5, 7, 1, 2, 1, :stalled, true, 0.0f0, 0.0f0, 0.0f0, 0.0f0, 0.0f0, 0.0f0, 0.25f0, 0.25f0, 0.25f0, 0.0f0, 0.0f0, 0.25f0, 0.0f0, 0.0f0, 0.0f0), 6, 0)))
  Stacktrace:
   [1] top-level scope
     @ ~/.codex/worktrees/adaptive-degeneracy/JSimplex.jl/test/adaptive_intervention_order_tests.jl:35
   [2] macro expansion
     @ ~/.julia/juliaup/julia-1.13.0+0.aarch64.linux.gnu/share/julia/stdlib/v1.13/Test/src/Test.jl:1962 [inlined]
   [3] macro expansion
     @ ~/.codex/worktrees/adaptive-degeneracy/JSimplex.jl/test/adaptive_intervention_order_tests.jl:40 [inlined]
   [4] macro expansion
     @ ~/.julia/juliaup/julia-1.13.0+0.aarch64.linux.gnu/share/julia/stdlib/v1.13/Test/src/Test.jl:753 [inlined]

Pricing trials defer new shifts without consuming perturbation levels: Test Failed at /home/jspitz/.codex/worktrees/adaptive-degeneracy/JSimplex.jl/test/adaptive_intervention_order_tests.jl:43
  Expression: isequal(original, (ws.costs, ws.lower, ws.upper))
   Evaluated: isequal((Float32[-1.0, 0.0], Bound{Float32}[Bound{Float32}(0.0f0, true), Bound{Float32}(0.0f0, false)], Bound{Float32}[Bound{Float32}(0.0f0, false), Bound{Float32}(0.0f0, true)]), (Float32[-1.0, 0.0], Bound{Float32}[Bound{Float32}(0.0f0, true), Bound{Float32}(0.0f0, false)], Bound{Float32}[Bound{Float32}(0.0f0, false), Bound{Float32}(1.0f-6, true)]))
  Stacktrace:
   [1] top-level scope
     @ ~/.codex/worktrees/adaptive-degeneracy/JSimplex.jl/test/adaptive_intervention_order_tests.jl:35
   [2] macro expansion
     @ ~/.julia/juliaup/julia-1.13.0+0.aarch64.linux.gnu/share/julia/stdlib/v1.13/Test/src/Test.jl:1962 [inlined]
   [3] macro expansion
     @ ~/.codex/worktrees/adaptive-degeneracy/JSimplex.jl/test/adaptive_intervention_order_tests.jl:43 [inlined]
   [4] macro expansion
     @ ~/.julia/juliaup/julia-1.13.0+0.aarch64.linux.gnu/share/julia/stdlib/v1.13/Test/src/Test.jl:753 [inlined]

Pricing trials defer new shifts without consuming perturbation levels: Test Failed at /home/jspitz/.codex/worktrees/adaptive-degeneracy/JSimplex.jl/test/adaptive_intervention_order_tests.jl:44
  Expression: intervention_observation!(ws, algorithm) > 0
   Evaluated: 0 > 0
  Stacktrace:
   [1] top-level scope
     @ ~/.codex/worktrees/adaptive-degeneracy/JSimplex.jl/test/adaptive_intervention_order_tests.jl:35
   [2] macro expansion
     @ ~/.julia/juliaup/julia-1.13.0+0.aarch64.linux.gnu/share/julia/stdlib/v1.13/Test/src/Test.jl:1962 [inlined]
   [3] macro expansion
     @ ~/.codex/worktrees/adaptive-degeneracy/JSimplex.jl/test/adaptive_intervention_order_tests.jl:44 [inlined]
   [4] macro expansion
     @ ~/.julia/juliaup/julia-1.13.0+0.aarch64.linux.gnu/share/julia/stdlib/v1.13/Test/src/Test.jl:753 [inlined]

Pricing trials defer new shifts without consuming perturbation levels: Test Failed at /home/jspitz/.codex/worktrees/adaptive-degeneracy/JSimplex.jl/test/adaptive_intervention_order_tests.jl:48
  Expression: if algorithm == :primal
    journal.bounds.level == 1
else
    journal.level == 1
end
  Stacktrace:
   [1] top-level scope
     @ ~/.codex/worktrees/adaptive-degeneracy/JSimplex.jl/test/adaptive_intervention_order_tests.jl:35
   [2] macro expansion
     @ ~/.julia/juliaup/julia-1.13.0+0.aarch64.linux.gnu/share/julia/stdlib/v1.13/Test/src/Test.jl:1962 [inlined]
   [3] macro expansion
     @ ~/.codex/worktrees/adaptive-degeneracy/JSimplex.jl/test/adaptive_intervention_order_tests.jl:48 [inlined]
   [4] macro expansion
     @ ~/.julia/juliaup/julia-1.13.0+0.aarch64.linux.gnu/share/julia/stdlib/v1.13/Test/src/Test.jl:753 [inlined]

Pricing trials defer new shifts without consuming perturbation levels: Test Failed at /home/jspitz/.codex/worktrees/adaptive-degeneracy/JSimplex.jl/test/adaptive_intervention_order_tests.jl:49
  Expression: !(ws.scratch.stagnation.monitor.initialized)
  Stacktrace:
   [1] top-level scope
     @ ~/.codex/worktrees/adaptive-degeneracy/JSimplex.jl/test/adaptive_intervention_order_tests.jl:35
   [2] macro expansion
     @ ~/.julia/juliaup/julia-1.13.0+0.aarch64.linux.gnu/share/julia/stdlib/v1.13/Test/src/Test.jl:1962 [inlined]
   [3] macro expansion
     @ ~/.codex/worktrees/adaptive-degeneracy/JSimplex.jl/test/adaptive_intervention_order_tests.jl:49 [inlined]
   [4] macro expansion
     @ ~/.julia/juliaup/julia-1.13.0+0.aarch64.linux.gnu/share/julia/stdlib/v1.13/Test/src/Test.jl:753 [inlined]

Pricing trials defer new shifts without consuming perturbation levels: Test Failed at /home/jspitz/.codex/worktrees/adaptive-degeneracy/JSimplex.jl/test/adaptive_intervention_order_tests.jl:50
  Expression: [(x.event, x.iteration) for x = events if x.event in (:pricing_dantzig, :pricing_trial_expired, :perturbation)] == [(:pricing_dantzig, 4), (:pricing_trial_expired, 12), (:perturbation, 12)]
   Evaluated: [(:pricing_dantzig, 4), (:perturbation, 4), (:pricing_trial_expired, 12)] == [(:pricing_dantzig, 4), (:pricing_trial_expired, 12), (:perturbation, 12)]
  Stacktrace:
   [1] top-level scope
     @ ~/.codex/worktrees/adaptive-degeneracy/JSimplex.jl/test/adaptive_intervention_order_tests.jl:35
   [2] macro expansion
     @ ~/.julia/juliaup/julia-1.13.0+0.aarch64.linux.gnu/share/julia/stdlib/v1.13/Test/src/Test.jl:1962 [inlined]
   [3] macro expansion
     @ ~/.codex/worktrees/adaptive-degeneracy/JSimplex.jl/test/adaptive_intervention_order_tests.jl:50 [inlined]
   [4] macro expansion
     @ ~/.julia/juliaup/julia-1.13.0+0.aarch64.linux.gnu/share/julia/stdlib/v1.13/Test/src/Test.jl:753 [inlined]

Pricing trials defer new shifts without consuming perturbation levels: Test Failed at /home/jspitz/.codex/worktrees/adaptive-degeneracy/JSimplex.jl/test/adaptive_intervention_order_tests.jl:59
  Expression: if algorithm == :primal
    journal.bounds.level == 1
else
    journal.level == 1
end
  Stacktrace:
   [1] top-level scope
     @ ~/.codex/worktrees/adaptive-degeneracy/JSimplex.jl/test/adaptive_intervention_order_tests.jl:35
   [2] macro expansion
     @ ~/.julia/juliaup/julia-1.13.0+0.aarch64.linux.gnu/share/julia/stdlib/v1.13/Test/src/Test.jl:1962 [inlined]
   [3] macro expansion
     @ ~/.codex/worktrees/adaptive-degeneracy/JSimplex.jl/test/adaptive_intervention_order_tests.jl:59 [inlined]
   [4] macro expansion
     @ ~/.julia/juliaup/julia-1.13.0+0.aarch64.linux.gnu/share/julia/stdlib/v1.13/Test/src/Test.jl:753 [inlined]

Pricing trials defer new shifts without consuming perturbation levels: Test Failed at /home/jspitz/.codex/worktrees/adaptive-degeneracy/JSimplex.jl/test/adaptive_intervention_order_tests.jl:60
  Expression: all((!(x.temporary) for x = events if x.event == :perturbation))
   Evaluated: all(Base.Generator{Base.Iterators.Filter{var"#18#19", Vector{NamedTuple}}, var"#16#17"}(var"#16#17"(), Base.Iterators.Filter{var"#18#19", Vector{NamedTuple}}(var"#18#19"(), NamedTuple[(event = :refactor_initial, iteration = 0, temporary = false), (event = :stagnation_watch, iteration = 2, temporary = false), (event = :stagnation_stalled, iteration = 4, temporary = false), (event = :pricing_dantzig, iteration = 4, temporary = true), (event = :perturbation, iteration = 4, temporary = true), (event = :stagnation_watch, iteration = 6, temporary = true), (event = :stagnation_stalled, iteration = 8, temporary = true), (event = :stagnation_stalled, iteration = 10, temporary = true), (event = :stagnation_stalled, iteration = 12, temporary = true), (event = :pricing_steepest_edge, iteration = 12, temporary = false), (event = :pricing_trial_expired, iteration = 12, temporary = false), (event = :stagnation_stalled, iteration = 14, temporary = false), (event = :stagnation_stalled, iteration = 16, temporary = false), (event = :pricing_dantzig, iteration = 16, temporary = true)])))
  Stacktrace:
   [1] top-level scope
     @ ~/.codex/worktrees/adaptive-degeneracy/JSimplex.jl/test/adaptive_intervention_order_tests.jl:35
   [2] macro expansion
     @ ~/.julia/juliaup/julia-1.13.0+0.aarch64.linux.gnu/share/julia/stdlib/v1.13/Test/src/Test.jl:1962 [inlined]
   [3] macro expansion
     @ ~/.codex/worktrees/adaptive-degeneracy/JSimplex.jl/test/adaptive_intervention_order_tests.jl:60 [inlined]
   [4] macro expansion
     @ ~/.julia/juliaup/julia-1.13.0+0.aarch64.linux.gnu/share/julia/stdlib/v1.13/Test/src/Test.jl:753 [inlined]

Pricing trials defer new shifts without consuming perturbation levels: Test Failed at /home/jspitz/.codex/worktrees/adaptive-degeneracy/JSimplex.jl/test/adaptive_intervention_order_tests.jl:39
  Expression: intervention_observation!(ws, algorithm) == 0
   Evaluated: 1 == 0
  Stacktrace:
   [1] top-level scope
     @ ~/.codex/worktrees/adaptive-degeneracy/JSimplex.jl/test/adaptive_intervention_order_tests.jl:35
   [2] macro expansion
     @ ~/.julia/juliaup/julia-1.13.0+0.aarch64.linux.gnu/share/julia/stdlib/v1.13/Test/src/Test.jl:1962 [inlined]
   [3] macro expansion
     @ ~/.codex/worktrees/adaptive-degeneracy/JSimplex.jl/test/adaptive_intervention_order_tests.jl:39 [inlined]
   [4] macro expansion
     @ ~/.julia/juliaup/julia-1.13.0+0.aarch64.linux.gnu/share/julia/stdlib/v1.13/Test/src/Test.jl:753 [inlined]

Pricing trials defer new shifts without consuming perturbation levels: Test Failed at /home/jspitz/.codex/worktrees/adaptive-degeneracy/JSimplex.jl/test/adaptive_intervention_order_tests.jl:40
  Expression: isnothing(ws.scratch.perturbations)
   Evaluated: isnothing(JSimplex.PerturbationJournal{Float32}(0x49c244c8677eb2aa, Float32[0.0, 0.0], Float32[9.0000003f-7, 0.0], false, true, 1, JSimplex.StagnationMonitor{Float32, Float32}(2, 0.25f0, 0.5f0, 0.25f0, 3.0517578f-5, 4, 0, 0, 0, :progress, false, -0.0f0, -0.0f0, -0.0f0, 0.5f0, 0.5f0, 0.5f0, 0.0f0, 0.0f0, 0.0f0, -0.0f0, 0.5f0, 0.0f0, 0.0f0, 0.0f0, 0.0f0), 4, 0, nothing))
  Stacktrace:
   [1] top-level scope
     @ ~/.codex/worktrees/adaptive-degeneracy/JSimplex.jl/test/adaptive_intervention_order_tests.jl:35
   [2] macro expansion
     @ ~/.julia/juliaup/julia-1.13.0+0.aarch64.linux.gnu/share/julia/stdlib/v1.13/Test/src/Test.jl:1962 [inlined]
   [3] macro expansion
     @ ~/.codex/worktrees/adaptive-degeneracy/JSimplex.jl/test/adaptive_intervention_order_tests.jl:40 [inlined]
   [4] macro expansion
     @ ~/.julia/juliaup/julia-1.13.0+0.aarch64.linux.gnu/share/julia/stdlib/v1.13/Test/src/Test.jl:753 [inlined]

Pricing trials defer new shifts without consuming perturbation levels: Test Failed at /home/jspitz/.codex/worktrees/adaptive-degeneracy/JSimplex.jl/test/adaptive_intervention_order_tests.jl:40
  Expression: isnothing(ws.scratch.perturbations)
   Evaluated: isnothing(JSimplex.PerturbationJournal{Float32}(0x49c244c8677eb2aa, Float32[0.0, 0.0], Float32[9.0000003f-7, 0.0], false, true, 1, JSimplex.StagnationMonitor{Float32, Float32}(2, 0.25f0, 0.5f0, 0.25f0, 3.0517578f-5, 4, 0, 0, 0, :progress, false, -0.0f0, -0.0f0, -0.0f0, 0.5f0, 0.5f0, 0.5f0, 0.0f0, 0.0f0, 0.0f0, -0.0f0, 0.5f0, 0.0f0, 0.0f0, 0.0f0, 0.0f0), 4, 0, nothing))
  Stacktrace:
   [1] top-level scope
     @ ~/.codex/worktrees/adaptive-degeneracy/JSimplex.jl/test/adaptive_intervention_order_tests.jl:35
   [2] macro expansion
     @ ~/.julia/juliaup/julia-1.13.0+0.aarch64.linux.gnu/share/julia/stdlib/v1.13/Test/src/Test.jl:1962 [inlined]
   [3] macro expansion
     @ ~/.codex/worktrees/adaptive-degeneracy/JSimplex.jl/test/adaptive_intervention_order_tests.jl:40 [inlined]
   [4] macro expansion
     @ ~/.julia/juliaup/julia-1.13.0+0.aarch64.linux.gnu/share/julia/stdlib/v1.13/Test/src/Test.jl:753 [inlined]

Pricing trials defer new shifts without consuming perturbation levels: Test Failed at /home/jspitz/.codex/worktrees/adaptive-degeneracy/JSimplex.jl/test/adaptive_intervention_order_tests.jl:40
  Expression: isnothing(ws.scratch.perturbations)
   Evaluated: isnothing(JSimplex.PerturbationJournal{Float32}(0x49c244c8677eb2aa, Float32[0.0, 0.0], Float32[9.0000003f-7, 0.0], false, true, 1, JSimplex.StagnationMonitor{Float32, Float32}(2, 0.25f0, 0.5f0, 0.25f0, 3.0517578f-5, 4, 0, 0, 0, :progress, false, -0.0f0, -0.0f0, -0.0f0, 0.5f0, 0.5f0, 0.5f0, 0.0f0, 0.0f0, 0.0f0, -0.0f0, 0.5f0, 0.0f0, 0.0f0, 0.0f0, 0.0f0), 4, 0, nothing))
  Stacktrace:
   [1] top-level scope
     @ ~/.codex/worktrees/adaptive-degeneracy/JSimplex.jl/test/adaptive_intervention_order_tests.jl:35
   [2] macro expansion
     @ ~/.julia/juliaup/julia-1.13.0+0.aarch64.linux.gnu/share/julia/stdlib/v1.13/Test/src/Test.jl:1962 [inlined]
   [3] macro expansion
     @ ~/.codex/worktrees/adaptive-degeneracy/JSimplex.jl/test/adaptive_intervention_order_tests.jl:40 [inlined]
   [4] macro expansion
     @ ~/.julia/juliaup/julia-1.13.0+0.aarch64.linux.gnu/share/julia/stdlib/v1.13/Test/src/Test.jl:753 [inlined]

Pricing trials defer new shifts without consuming perturbation levels: Test Failed at /home/jspitz/.codex/worktrees/adaptive-degeneracy/JSimplex.jl/test/adaptive_intervention_order_tests.jl:40
  Expression: isnothing(ws.scratch.perturbations)
   Evaluated: isnothing(JSimplex.PerturbationJournal{Float32}(0x49c244c8677eb2aa, Float32[0.0, 0.0], Float32[9.0000003f-7, 0.0], false, true, 1, JSimplex.StagnationMonitor{Float32, Float32}(2, 0.25f0, 0.5f0, 0.25f0, 3.0517578f-5, 4, 0, 0, 0, :progress, false, -0.0f0, -0.0f0, -0.0f0, 0.5f0, 0.5f0, 0.5f0, 0.0f0, 0.0f0, 0.0f0, -0.0f0, 0.5f0, 0.0f0, 0.0f0, 0.0f0, 0.0f0), 4, 0, nothing))
  Stacktrace:
   [1] top-level scope
     @ ~/.codex/worktrees/adaptive-degeneracy/JSimplex.jl/test/adaptive_intervention_order_tests.jl:35
   [2] macro expansion
     @ ~/.julia/juliaup/julia-1.13.0+0.aarch64.linux.gnu/share/julia/stdlib/v1.13/Test/src/Test.jl:1962 [inlined]
   [3] macro expansion
     @ ~/.codex/worktrees/adaptive-degeneracy/JSimplex.jl/test/adaptive_intervention_order_tests.jl:40 [inlined]
   [4] macro expansion
     @ ~/.julia/juliaup/julia-1.13.0+0.aarch64.linux.gnu/share/julia/stdlib/v1.13/Test/src/Test.jl:753 [inlined]

Pricing trials defer new shifts without consuming perturbation levels: Test Failed at /home/jspitz/.codex/worktrees/adaptive-degeneracy/JSimplex.jl/test/adaptive_intervention_order_tests.jl:39
  Expression: intervention_observation!(ws, algorithm) == 0
   Evaluated: 1 == 0
  Stacktrace:
   [1] top-level scope
     @ ~/.codex/worktrees/adaptive-degeneracy/JSimplex.jl/test/adaptive_intervention_order_tests.jl:35
   [2] macro expansion
     @ ~/.julia/juliaup/julia-1.13.0+0.aarch64.linux.gnu/share/julia/stdlib/v1.13/Test/src/Test.jl:1962 [inlined]
   [3] macro expansion
     @ ~/.codex/worktrees/adaptive-degeneracy/JSimplex.jl/test/adaptive_intervention_order_tests.jl:39 [inlined]
   [4] macro expansion
     @ ~/.julia/juliaup/julia-1.13.0+0.aarch64.linux.gnu/share/julia/stdlib/v1.13/Test/src/Test.jl:753 [inlined]

Pricing trials defer new shifts without consuming perturbation levels: Test Failed at /home/jspitz/.codex/worktrees/adaptive-degeneracy/JSimplex.jl/test/adaptive_intervention_order_tests.jl:40
  Expression: isnothing(ws.scratch.perturbations)
   Evaluated: isnothing(JSimplex.PerturbationJournal{Float32}(0x49c244c8677eb2aa, Float32[0.0, 0.0], Float32[1.8000018f-6, 0.0], false, true, 2, JSimplex.StagnationMonitor{Float32, Float32}(2, 0.25f0, 0.5f0, 0.25f0, 3.0517578f-5, 4, 0, 0, 0, :progress, false, -0.0f0, -0.0f0, -0.0f0, 0.5f0, 0.5f0, 0.5f0, 0.0f0, 0.0f0, 0.0f0, -0.0f0, 0.5f0, 0.0f0, 0.0f0, 0.0f0, 0.0f0), 4, 0, nothing))
  Stacktrace:
   [1] top-level scope
     @ ~/.codex/worktrees/adaptive-degeneracy/JSimplex.jl/test/adaptive_intervention_order_tests.jl:35
   [2] macro expansion
     @ ~/.julia/juliaup/julia-1.13.0+0.aarch64.linux.gnu/share/julia/stdlib/v1.13/Test/src/Test.jl:1962 [inlined]
   [3] macro expansion
     @ ~/.codex/worktrees/adaptive-degeneracy/JSimplex.jl/test/adaptive_intervention_order_tests.jl:40 [inlined]
   [4] macro expansion
     @ ~/.julia/juliaup/julia-1.13.0+0.aarch64.linux.gnu/share/julia/stdlib/v1.13/Test/src/Test.jl:753 [inlined]

Pricing trials defer new shifts without consuming perturbation levels: Test Failed at /home/jspitz/.codex/worktrees/adaptive-degeneracy/JSimplex.jl/test/adaptive_intervention_order_tests.jl:40
  Expression: isnothing(ws.scratch.perturbations)
   Evaluated: isnothing(JSimplex.PerturbationJournal{Float32}(0x49c244c8677eb2aa, Float32[0.0, 0.0], Float32[1.8000018f-6, 0.0], false, true, 2, JSimplex.StagnationMonitor{Float32, Float32}(2, 0.25f0, 0.5f0, 0.25f0, 3.0517578f-5, 4, 0, 0, 0, :progress, false, -0.0f0, -0.0f0, -0.0f0, 0.5f0, 0.5f0, 0.5f0, 0.0f0, 0.0f0, 0.0f0, -0.0f0, 0.5f0, 0.0f0, 0.0f0, 0.0f0, 0.0f0), 4, 0, nothing))
  Stacktrace:
   [1] top-level scope
     @ ~/.codex/worktrees/adaptive-degeneracy/JSimplex.jl/test/adaptive_intervention_order_tests.jl:35
   [2] macro expansion
     @ ~/.julia/juliaup/julia-1.13.0+0.aarch64.linux.gnu/share/julia/stdlib/v1.13/Test/src/Test.jl:1962 [inlined]
   [3] macro expansion
     @ ~/.codex/worktrees/adaptive-degeneracy/JSimplex.jl/test/adaptive_intervention_order_tests.jl:40 [inlined]
   [4] macro expansion
     @ ~/.julia/juliaup/julia-1.13.0+0.aarch64.linux.gnu/share/julia/stdlib/v1.13/Test/src/Test.jl:753 [inlined]

Pricing trials defer new shifts without consuming perturbation levels: Test Failed at /home/jspitz/.codex/worktrees/adaptive-degeneracy/JSimplex.jl/test/adaptive_intervention_order_tests.jl:40
  Expression: isnothing(ws.scratch.perturbations)
   Evaluated: isnothing(JSimplex.PerturbationJournal{Float32}(0x49c244c8677eb2aa, Float32[0.0, 0.0], Float32[1.8000018f-6, 0.0], false, true, 2, JSimplex.StagnationMonitor{Float32, Float32}(2, 0.25f0, 0.5f0, 0.25f0, 3.0517578f-5, 4, 0, 0, 0, :progress, false, -0.0f0, -0.0f0, -0.0f0, 0.5f0, 0.5f0, 0.5f0, 0.0f0, 0.0f0, 0.0f0, -0.0f0, 0.5f0, 0.0f0, 0.0f0, 0.0f0, 0.0f0), 4, 0, nothing))
  Stacktrace:
   [1] top-level scope
     @ ~/.codex/worktrees/adaptive-degeneracy/JSimplex.jl/test/adaptive_intervention_order_tests.jl:35
   [2] macro expansion
     @ ~/.julia/juliaup/julia-1.13.0+0.aarch64.linux.gnu/share/julia/stdlib/v1.13/Test/src/Test.jl:1962 [inlined]
   [3] macro expansion
     @ ~/.codex/worktrees/adaptive-degeneracy/JSimplex.jl/test/adaptive_intervention_order_tests.jl:40 [inlined]
   [4] macro expansion
     @ ~/.julia/juliaup/julia-1.13.0+0.aarch64.linux.gnu/share/julia/stdlib/v1.13/Test/src/Test.jl:753 [inlined]

Pricing trials defer new shifts without consuming perturbation levels: Test Failed at /home/jspitz/.codex/worktrees/adaptive-degeneracy/JSimplex.jl/test/adaptive_intervention_order_tests.jl:40
  Expression: isnothing(ws.scratch.perturbations)
   Evaluated: isnothing(JSimplex.PerturbationJournal{Float32}(0x49c244c8677eb2aa, Float32[0.0, 0.0], Float32[1.8000018f-6, 0.0], false, true, 2, JSimplex.StagnationMonitor{Float32, Float32}(2, 0.25f0, 0.5f0, 0.25f0, 3.0517578f-5, 4, 0, 0, 0, :progress, false, -0.0f0, -0.0f0, -0.0f0, 0.5f0, 0.5f0, 0.5f0, 0.0f0, 0.0f0, 0.0f0, -0.0f0, 0.5f0, 0.0f0, 0.0f0, 0.0f0, 0.0f0), 4, 0, nothing))
  Stacktrace:
   [1] top-level scope
     @ ~/.codex/worktrees/adaptive-degeneracy/JSimplex.jl/test/adaptive_intervention_order_tests.jl:35
   [2] macro expansion
     @ ~/.julia/juliaup/julia-1.13.0+0.aarch64.linux.gnu/share/julia/stdlib/v1.13/Test/src/Test.jl:1962 [inlined]
   [3] macro expansion
     @ ~/.codex/worktrees/adaptive-degeneracy/JSimplex.jl/test/adaptive_intervention_order_tests.jl:40 [inlined]
   [4] macro expansion
     @ ~/.julia/juliaup/julia-1.13.0+0.aarch64.linux.gnu/share/julia/stdlib/v1.13/Test/src/Test.jl:753 [inlined]

Pricing trials defer new shifts without consuming perturbation levels: Test Failed at /home/jspitz/.codex/worktrees/adaptive-degeneracy/JSimplex.jl/test/adaptive_intervention_order_tests.jl:43
  Expression: isequal(original, (ws.costs, ws.lower, ws.upper))
   Evaluated: isequal((Float32[0.0, 0.0], Bound{Float32}[Bound{Float32}(0.0f0, true), Bound{Float32}(1.0f0, true)], Bound{Float32}[Bound{Float32}(0.0f0, false), Bound{Float32}(0.0f0, false)]), (Float32[1.8000018f-6, 0.0], Bound{Float32}[Bound{Float32}(0.0f0, true), Bound{Float32}(1.0f0, true)], Bound{Float32}[Bound{Float32}(0.0f0, false), Bound{Float32}(0.0f0, false)]))
  Stacktrace:
   [1] top-level scope
     @ ~/.codex/worktrees/adaptive-degeneracy/JSimplex.jl/test/adaptive_intervention_order_tests.jl:35
   [2] macro expansion
     @ ~/.julia/juliaup/julia-1.13.0+0.aarch64.linux.gnu/share/julia/stdlib/v1.13/Test/src/Test.jl:1962 [inlined]
   [3] macro expansion
     @ ~/.codex/worktrees/adaptive-degeneracy/JSimplex.jl/test/adaptive_intervention_order_tests.jl:43 [inlined]
   [4] macro expansion
     @ ~/.julia/juliaup/julia-1.13.0+0.aarch64.linux.gnu/share/julia/stdlib/v1.13/Test/src/Test.jl:753 [inlined]

Pricing trials defer new shifts without consuming perturbation levels: Test Failed at /home/jspitz/.codex/worktrees/adaptive-degeneracy/JSimplex.jl/test/adaptive_intervention_order_tests.jl:48
  Expression: if algorithm == :primal
    journal.bounds.level == 1
else
    journal.level == 1
end
  Stacktrace:
   [1] top-level scope
     @ ~/.codex/worktrees/adaptive-degeneracy/JSimplex.jl/test/adaptive_intervention_order_tests.jl:35
   [2] macro expansion
     @ ~/.julia/juliaup/julia-1.13.0+0.aarch64.linux.gnu/share/julia/stdlib/v1.13/Test/src/Test.jl:1962 [inlined]
   [3] macro expansion
     @ ~/.codex/worktrees/adaptive-degeneracy/JSimplex.jl/test/adaptive_intervention_order_tests.jl:48 [inlined]
   [4] macro expansion
     @ ~/.julia/juliaup/julia-1.13.0+0.aarch64.linux.gnu/share/julia/stdlib/v1.13/Test/src/Test.jl:753 [inlined]

Pricing trials defer new shifts without consuming perturbation levels: Test Failed at /home/jspitz/.codex/worktrees/adaptive-degeneracy/JSimplex.jl/test/adaptive_intervention_order_tests.jl:50
  Expression: [(x.event, x.iteration) for x = events if x.event in (:pricing_dantzig, :pricing_trial_expired, :perturbation)] == [(:pricing_dantzig, 4), (:pricing_trial_expired, 12), (:perturbation, 12)]
   Evaluated: [(:pricing_dantzig, 4), (:perturbation, 4), (:perturbation, 8), (:pricing_trial_expired, 12), (:perturbation, 12)] == [(:pricing_dantzig, 4), (:pricing_trial_expired, 12), (:perturbation, 12)]
  Stacktrace:
   [1] top-level scope
     @ ~/.codex/worktrees/adaptive-degeneracy/JSimplex.jl/test/adaptive_intervention_order_tests.jl:35
   [2] macro expansion
     @ ~/.julia/juliaup/julia-1.13.0+0.aarch64.linux.gnu/share/julia/stdlib/v1.13/Test/src/Test.jl:1962 [inlined]
   [3] macro expansion
     @ ~/.codex/worktrees/adaptive-degeneracy/JSimplex.jl/test/adaptive_intervention_order_tests.jl:50 [inlined]
   [4] macro expansion
     @ ~/.julia/juliaup/julia-1.13.0+0.aarch64.linux.gnu/share/julia/stdlib/v1.13/Test/src/Test.jl:753 [inlined]

Pricing trials defer new shifts without consuming perturbation levels: Test Failed at /home/jspitz/.codex/worktrees/adaptive-degeneracy/JSimplex.jl/test/adaptive_intervention_order_tests.jl:59
  Expression: if algorithm == :primal
    journal.bounds.level == 1
else
    journal.level == 1
end
  Stacktrace:
   [1] top-level scope
     @ ~/.codex/worktrees/adaptive-degeneracy/JSimplex.jl/test/adaptive_intervention_order_tests.jl:35
   [2] macro expansion
     @ ~/.julia/juliaup/julia-1.13.0+0.aarch64.linux.gnu/share/julia/stdlib/v1.13/Test/src/Test.jl:1962 [inlined]
   [3] macro expansion
     @ ~/.codex/worktrees/adaptive-degeneracy/JSimplex.jl/test/adaptive_intervention_order_tests.jl:59 [inlined]
   [4] macro expansion
     @ ~/.julia/juliaup/julia-1.13.0+0.aarch64.linux.gnu/share/julia/stdlib/v1.13/Test/src/Test.jl:753 [inlined]

Pricing trials defer new shifts without consuming perturbation levels: Test Failed at /home/jspitz/.codex/worktrees/adaptive-degeneracy/JSimplex.jl/test/adaptive_intervention_order_tests.jl:60
  Expression: all((!(x.temporary) for x = events if x.event == :perturbation))
   Evaluated: all(Base.Generator{Base.Iterators.Filter{var"#18#19", Vector{NamedTuple}}, var"#16#17"}(var"#16#17"(), Base.Iterators.Filter{var"#18#19", Vector{NamedTuple}}(var"#18#19"(), NamedTuple[(event = :refactor_initial, iteration = 0, temporary = false), (event = :stagnation_watch, iteration = 2, temporary = false), (event = :stagnation_stalled, iteration = 4, temporary = false), (event = :pricing_dantzig, iteration = 4, temporary = true), (event = :perturbation, iteration = 4, temporary = true), (event = :stagnation_watch, iteration = 6, temporary = true), (event = :stagnation_stalled, iteration = 8, temporary = true), (event = :perturbation, iteration = 8, temporary = true), (event = :stagnation_watch, iteration = 10, temporary = true), (event = :stagnation_stalled, iteration = 12, temporary = true), (event = :pricing_steepest_edge, iteration = 12, temporary = false), (event = :pricing_trial_expired, iteration = 12, temporary = false), (event = :perturbation, iteration = 12, temporary = false), (event = :stagnation_watch, iteration = 14, temporary = false), (event = :stagnation_stalled, iteration = 16, temporary = false), (event = :pricing_dantzig, iteration = 16, temporary = true)])))
  Stacktrace:
   [1] top-level scope
     @ ~/.codex/worktrees/adaptive-degeneracy/JSimplex.jl/test/adaptive_intervention_order_tests.jl:35
   [2] macro expansion
     @ ~/.julia/juliaup/julia-1.13.0+0.aarch64.linux.gnu/share/julia/stdlib/v1.13/Test/src/Test.jl:1962 [inlined]
   [3] macro expansion
     @ ~/.codex/worktrees/adaptive-degeneracy/JSimplex.jl/test/adaptive_intervention_order_tests.jl:60 [inlined]
   [4] macro expansion
     @ ~/.julia/juliaup/julia-1.13.0+0.aarch64.linux.gnu/share/julia/stdlib/v1.13/Test/src/Test.jl:753 [inlined]

Pricing trials defer new shifts without consuming perturbation levels: Test Failed at /home/jspitz/.codex/worktrees/adaptive-degeneracy/JSimplex.jl/test/adaptive_intervention_order_tests.jl:39
  Expression: intervention_observation!(ws, algorithm) == 0
   Evaluated: 1 == 0
  Stacktrace:
   [1] top-level scope
     @ ~/.codex/worktrees/adaptive-degeneracy/JSimplex.jl/test/adaptive_intervention_order_tests.jl:35
   [2] macro expansion
     @ ~/.julia/juliaup/julia-1.13.0+0.aarch64.linux.gnu/share/julia/stdlib/v1.13/Test/src/Test.jl:1962 [inlined]
   [3] macro expansion
     @ ~/.codex/worktrees/adaptive-degeneracy/JSimplex.jl/test/adaptive_intervention_order_tests.jl:39 [inlined]
   [4] macro expansion
     @ ~/.julia/juliaup/julia-1.13.0+0.aarch64.linux.gnu/share/julia/stdlib/v1.13/Test/src/Test.jl:753 [inlined]

Pricing trials defer new shifts without consuming perturbation levels: Test Failed at /home/jspitz/.codex/worktrees/adaptive-degeneracy/JSimplex.jl/test/adaptive_intervention_order_tests.jl:40
  Expression: isnothing(ws.scratch.perturbations)
   Evaluated: isnothing(JSimplex.PerturbationJournal{Float64}(0x8e6b20457222593b, [-1.0, 0.0], [-1.0, 0.0], false, false, 0, nothing, 0, 0, JSimplex.BoundPerturbationState{Float64}(Bound{Float64}[Bound{Float64}(0.0, true), Bound{Float64}(0.0, false)], Bound{Float64}[Bound{Float64}(0.0, false), Bound{Float64}(0.0, true)], Bound{Float64}[Bound{Float64}(0.0, true), Bound{Float64}(0.0, false)], Bound{Float64}[Bound{Float64}(0.0, false), Bound{Float64}(1.0e-6, true)], true, 1, JSimplex.StagnationMonitor{Float64, Float64}(2, 0.25, 0.5, 0.25, 5.684341886080802e-14, 4, 0, 0, 0, :progress, false, 0.0, 0.0, 0.0, 0.0, 0.0, 0.0, 0.25, 0.25, 0.25, 0.0, 0.0, 0.25, 0.0, 0.0, 0.0), 4, 0)))
  Stacktrace:
   [1] top-level scope
     @ ~/.codex/worktrees/adaptive-degeneracy/JSimplex.jl/test/adaptive_intervention_order_tests.jl:35
   [2] macro expansion
     @ ~/.julia/juliaup/julia-1.13.0+0.aarch64.linux.gnu/share/julia/stdlib/v1.13/Test/src/Test.jl:1962 [inlined]
   [3] macro expansion
     @ ~/.codex/worktrees/adaptive-degeneracy/JSimplex.jl/test/adaptive_intervention_order_tests.jl:40 [inlined]
   [4] macro expansion
     @ ~/.julia/juliaup/julia-1.13.0+0.aarch64.linux.gnu/share/julia/stdlib/v1.13/Test/src/Test.jl:753 [inlined]

Pricing trials defer new shifts without consuming perturbation levels: Test Failed at /home/jspitz/.codex/worktrees/adaptive-degeneracy/JSimplex.jl/test/adaptive_intervention_order_tests.jl:40
  Expression: isnothing(ws.scratch.perturbations)
   Evaluated: isnothing(JSimplex.PerturbationJournal{Float64}(0x8e6b20457222593b, [-1.0, 0.0], [-1.0, 0.0], false, false, 0, nothing, 0, 0, JSimplex.BoundPerturbationState{Float64}(Bound{Float64}[Bound{Float64}(0.0, true), Bound{Float64}(0.0, false)], Bound{Float64}[Bound{Float64}(0.0, false), Bound{Float64}(0.0, true)], Bound{Float64}[Bound{Float64}(0.0, true), Bound{Float64}(0.0, false)], Bound{Float64}[Bound{Float64}(0.0, false), Bound{Float64}(1.0e-6, true)], true, 1, JSimplex.StagnationMonitor{Float64, Float64}(2, 0.25, 0.5, 0.25, 5.684341886080802e-14, 4, 0, 0, 0, :progress, false, 0.0, 0.0, 0.0, 0.0, 0.0, 0.0, 0.25, 0.25, 0.25, 0.0, 0.0, 0.25, 0.0, 0.0, 0.0), 4, 0)))
  Stacktrace:
   [1] top-level scope
     @ ~/.codex/worktrees/adaptive-degeneracy/JSimplex.jl/test/adaptive_intervention_order_tests.jl:35
   [2] macro expansion
     @ ~/.julia/juliaup/julia-1.13.0+0.aarch64.linux.gnu/share/julia/stdlib/v1.13/Test/src/Test.jl:1962 [inlined]
   [3] macro expansion
     @ ~/.codex/worktrees/adaptive-degeneracy/JSimplex.jl/test/adaptive_intervention_order_tests.jl:40 [inlined]
   [4] macro expansion
     @ ~/.julia/juliaup/julia-1.13.0+0.aarch64.linux.gnu/share/julia/stdlib/v1.13/Test/src/Test.jl:753 [inlined]

Pricing trials defer new shifts without consuming perturbation levels: Test Failed at /home/jspitz/.codex/worktrees/adaptive-degeneracy/JSimplex.jl/test/adaptive_intervention_order_tests.jl:40
  Expression: isnothing(ws.scratch.perturbations)
   Evaluated: isnothing(JSimplex.PerturbationJournal{Float64}(0x8e6b20457222593b, [-1.0, 0.0], [-1.0, 0.0], false, false, 0, nothing, 0, 0, JSimplex.BoundPerturbationState{Float64}(Bound{Float64}[Bound{Float64}(0.0, true), Bound{Float64}(0.0, false)], Bound{Float64}[Bound{Float64}(0.0, false), Bound{Float64}(0.0, true)], Bound{Float64}[Bound{Float64}(0.0, true), Bound{Float64}(0.0, false)], Bound{Float64}[Bound{Float64}(0.0, false), Bound{Float64}(1.0e-6, true)], true, 1, JSimplex.StagnationMonitor{Float64, Float64}(2, 0.25, 0.5, 0.25, 5.684341886080802e-14, 4, 0, 0, 0, :progress, false, 0.0, 0.0, 0.0, 0.0, 0.0, 0.0, 0.25, 0.25, 0.25, 0.0, 0.0, 0.25, 0.0, 0.0, 0.0), 4, 0)))
  Stacktrace:
   [1] top-level scope
     @ ~/.codex/worktrees/adaptive-degeneracy/JSimplex.jl/test/adaptive_intervention_order_tests.jl:35
   [2] macro expansion
     @ ~/.julia/juliaup/julia-1.13.0+0.aarch64.linux.gnu/share/julia/stdlib/v1.13/Test/src/Test.jl:1962 [inlined]
   [3] macro expansion
     @ ~/.codex/worktrees/adaptive-degeneracy/JSimplex.jl/test/adaptive_intervention_order_tests.jl:40 [inlined]
   [4] macro expansion
     @ ~/.julia/juliaup/julia-1.13.0+0.aarch64.linux.gnu/share/julia/stdlib/v1.13/Test/src/Test.jl:753 [inlined]

Pricing trials defer new shifts without consuming perturbation levels: Test Failed at /home/jspitz/.codex/worktrees/adaptive-degeneracy/JSimplex.jl/test/adaptive_intervention_order_tests.jl:40
  Expression: isnothing(ws.scratch.perturbations)
   Evaluated: isnothing(JSimplex.PerturbationJournal{Float64}(0x8e6b20457222593b, [-1.0, 0.0], [-1.0, 0.0], false, false, 0, nothing, 0, 0, JSimplex.BoundPerturbationState{Float64}(Bound{Float64}[Bound{Float64}(0.0, true), Bound{Float64}(0.0, false)], Bound{Float64}[Bound{Float64}(0.0, false), Bound{Float64}(0.0, true)], Bound{Float64}[Bound{Float64}(0.0, true), Bound{Float64}(0.0, false)], Bound{Float64}[Bound{Float64}(0.0, false), Bound{Float64}(1.0e-6, true)], true, 1, JSimplex.StagnationMonitor{Float64, Float64}(2, 0.25, 0.5, 0.25, 5.684341886080802e-14, 4, 0, 0, 0, :progress, false, 0.0, 0.0, 0.0, 0.0, 0.0, 0.0, 0.25, 0.25, 0.25, 0.0, 0.0, 0.25, 0.0, 0.0, 0.0), 4, 0)))
  Stacktrace:
   [1] top-level scope
     @ ~/.codex/worktrees/adaptive-degeneracy/JSimplex.jl/test/adaptive_intervention_order_tests.jl:35
   [2] macro expansion
     @ ~/.julia/juliaup/julia-1.13.0+0.aarch64.linux.gnu/share/julia/stdlib/v1.13/Test/src/Test.jl:1962 [inlined]
   [3] macro expansion
     @ ~/.codex/worktrees/adaptive-degeneracy/JSimplex.jl/test/adaptive_intervention_order_tests.jl:40 [inlined]
   [4] macro expansion
     @ ~/.julia/juliaup/julia-1.13.0+0.aarch64.linux.gnu/share/julia/stdlib/v1.13/Test/src/Test.jl:753 [inlined]

Pricing trials defer new shifts without consuming perturbation levels: Test Failed at /home/jspitz/.codex/worktrees/adaptive-degeneracy/JSimplex.jl/test/adaptive_intervention_order_tests.jl:40
  Expression: isnothing(ws.scratch.perturbations)
   Evaluated: isnothing(JSimplex.PerturbationJournal{Float64}(0x8e6b20457222593b, [-1.0, 0.0], [-1.0, 0.0], false, false, 0, nothing, 0, 0, JSimplex.BoundPerturbationState{Float64}(Bound{Float64}[Bound{Float64}(0.0, true), Bound{Float64}(0.0, false)], Bound{Float64}[Bound{Float64}(0.0, false), Bound{Float64}(0.0, true)], Bound{Float64}[Bound{Float64}(0.0, true), Bound{Float64}(0.0, false)], Bound{Float64}[Bound{Float64}(0.0, false), Bound{Float64}(1.0e-6, true)], true, 2, JSimplex.StagnationMonitor{Float64, Float64}(2, 0.25, 0.5, 0.25, 5.684341886080802e-14, 4, 2, 2, 2, :stalled, true, 0.0, 0.0, 0.0, 0.0, 0.0, 0.0, 0.25, 0.25, 0.25, 0.0, 0.0, 0.25, 0.0, 0.0, 0.0), 4, 0)))
  Stacktrace:
   [1] top-level scope
     @ ~/.codex/worktrees/adaptive-degeneracy/JSimplex.jl/test/adaptive_intervention_order_tests.jl:35
   [2] macro expansion
     @ ~/.julia/juliaup/julia-1.13.0+0.aarch64.linux.gnu/share/julia/stdlib/v1.13/Test/src/Test.jl:1962 [inlined]
   [3] macro expansion
     @ ~/.codex/worktrees/adaptive-degeneracy/JSimplex.jl/test/adaptive_intervention_order_tests.jl:40 [inlined]
   [4] macro expansion
     @ ~/.julia/juliaup/julia-1.13.0+0.aarch64.linux.gnu/share/julia/stdlib/v1.13/Test/src/Test.jl:753 [inlined]

Pricing trials defer new shifts without consuming perturbation levels: Test Failed at /home/jspitz/.codex/worktrees/adaptive-degeneracy/JSimplex.jl/test/adaptive_intervention_order_tests.jl:40
  Expression: isnothing(ws.scratch.perturbations)
   Evaluated: isnothing(JSimplex.PerturbationJournal{Float64}(0x8e6b20457222593b, [-1.0, 0.0], [-1.0, 0.0], false, false, 0, nothing, 0, 0, JSimplex.BoundPerturbationState{Float64}(Bound{Float64}[Bound{Float64}(0.0, true), Bound{Float64}(0.0, false)], Bound{Float64}[Bound{Float64}(0.0, false), Bound{Float64}(0.0, true)], Bound{Float64}[Bound{Float64}(0.0, true), Bound{Float64}(0.0, false)], Bound{Float64}[Bound{Float64}(0.0, false), Bound{Float64}(1.0e-6, true)], true, 2, JSimplex.StagnationMonitor{Float64, Float64}(2, 0.25, 0.5, 0.25, 5.684341886080802e-14, 5, 1, 2, 1, :stalled, true, 0.0, 0.0, 0.0, 0.0, 0.0, 0.0, 0.25, 0.25, 0.25, 0.0, 0.0, 0.25, 0.0, 0.0, 0.0), 4, 0)))
  Stacktrace:
   [1] top-level scope
     @ ~/.codex/worktrees/adaptive-degeneracy/JSimplex.jl/test/adaptive_intervention_order_tests.jl:35
   [2] macro expansion
     @ ~/.julia/juliaup/julia-1.13.0+0.aarch64.linux.gnu/share/julia/stdlib/v1.13/Test/src/Test.jl:1962 [inlined]
   [3] macro expansion
     @ ~/.codex/worktrees/adaptive-degeneracy/JSimplex.jl/test/adaptive_intervention_order_tests.jl:40 [inlined]
   [4] macro expansion
     @ ~/.julia/juliaup/julia-1.13.0+0.aarch64.linux.gnu/share/julia/stdlib/v1.13/Test/src/Test.jl:753 [inlined]

Pricing trials defer new shifts without consuming perturbation levels: Test Failed at /home/jspitz/.codex/worktrees/adaptive-degeneracy/JSimplex.jl/test/adaptive_intervention_order_tests.jl:40
  Expression: isnothing(ws.scratch.perturbations)
   Evaluated: isnothing(JSimplex.PerturbationJournal{Float64}(0x8e6b20457222593b, [-1.0, 0.0], [-1.0, 0.0], false, false, 0, nothing, 0, 0, JSimplex.BoundPerturbationState{Float64}(Bound{Float64}[Bound{Float64}(0.0, true), Bound{Float64}(0.0, false)], Bound{Float64}[Bound{Float64}(0.0, false), Bound{Float64}(0.0, true)], Bound{Float64}[Bound{Float64}(0.0, true), Bound{Float64}(0.0, false)], Bound{Float64}[Bound{Float64}(0.0, false), Bound{Float64}(1.0e-6, true)], true, 3, JSimplex.StagnationMonitor{Float64, Float64}(2, 0.25, 0.5, 0.25, 5.684341886080802e-14, 6, 2, 2, 2, :stalled, true, 0.0, 0.0, 0.0, 0.0, 0.0, 0.0, 0.25, 0.25, 0.25, 0.0, 0.0, 0.25, 0.0, 0.0, 0.0), 6, 0)))
  Stacktrace:
   [1] top-level scope
     @ ~/.codex/worktrees/adaptive-degeneracy/JSimplex.jl/test/adaptive_intervention_order_tests.jl:35
   [2] macro expansion
     @ ~/.julia/juliaup/julia-1.13.0+0.aarch64.linux.gnu/share/julia/stdlib/v1.13/Test/src/Test.jl:1962 [inlined]
   [3] macro expansion
     @ ~/.codex/worktrees/adaptive-degeneracy/JSimplex.jl/test/adaptive_intervention_order_tests.jl:40 [inlined]
   [4] macro expansion
     @ ~/.julia/juliaup/julia-1.13.0+0.aarch64.linux.gnu/share/julia/stdlib/v1.13/Test/src/Test.jl:753 [inlined]

Pricing trials defer new shifts without consuming perturbation levels: Test Failed at /home/jspitz/.codex/worktrees/adaptive-degeneracy/JSimplex.jl/test/adaptive_intervention_order_tests.jl:40
  Expression: isnothing(ws.scratch.perturbations)
   Evaluated: isnothing(JSimplex.PerturbationJournal{Float64}(0x8e6b20457222593b, [-1.0, 0.0], [-1.0, 0.0], false, false, 0, nothing, 0, 0, JSimplex.BoundPerturbationState{Float64}(Bound{Float64}[Bound{Float64}(0.0, true), Bound{Float64}(0.0, false)], Bound{Float64}[Bound{Float64}(0.0, false), Bound{Float64}(0.0, true)], Bound{Float64}[Bound{Float64}(0.0, true), Bound{Float64}(0.0, false)], Bound{Float64}[Bound{Float64}(0.0, false), Bound{Float64}(1.0e-6, true)], true, 3, JSimplex.StagnationMonitor{Float64, Float64}(2, 0.25, 0.5, 0.25, 5.684341886080802e-14, 7, 1, 2, 1, :stalled, true, 0.0, 0.0, 0.0, 0.0, 0.0, 0.0, 0.25, 0.25, 0.25, 0.0, 0.0, 0.25, 0.0, 0.0, 0.0), 6, 0)))
  Stacktrace:
   [1] top-level scope
     @ ~/.codex/worktrees/adaptive-degeneracy/JSimplex.jl/test/adaptive_intervention_order_tests.jl:35
   [2] macro expansion
     @ ~/.julia/juliaup/julia-1.13.0+0.aarch64.linux.gnu/share/julia/stdlib/v1.13/Test/src/Test.jl:1962 [inlined]
   [3] macro expansion
     @ ~/.codex/worktrees/adaptive-degeneracy/JSimplex.jl/test/adaptive_intervention_order_tests.jl:40 [inlined]
   [4] macro expansion
     @ ~/.julia/juliaup/julia-1.13.0+0.aarch64.linux.gnu/share/julia/stdlib/v1.13/Test/src/Test.jl:753 [inlined]

Pricing trials defer new shifts without consuming perturbation levels: Test Failed at /home/jspitz/.codex/worktrees/adaptive-degeneracy/JSimplex.jl/test/adaptive_intervention_order_tests.jl:43
  Expression: isequal(original, (ws.costs, ws.lower, ws.upper))
   Evaluated: isequal(([-1.0, 0.0], Bound{Float64}[Bound{Float64}(0.0, true), Bound{Float64}(0.0, false)], Bound{Float64}[Bound{Float64}(0.0, false), Bound{Float64}(0.0, true)]), ([-1.0, 0.0], Bound{Float64}[Bound{Float64}(0.0, true), Bound{Float64}(0.0, false)], Bound{Float64}[Bound{Float64}(0.0, false), Bound{Float64}(1.0e-6, true)]))
  Stacktrace:
   [1] top-level scope
     @ ~/.codex/worktrees/adaptive-degeneracy/JSimplex.jl/test/adaptive_intervention_order_tests.jl:35
   [2] macro expansion
     @ ~/.julia/juliaup/julia-1.13.0+0.aarch64.linux.gnu/share/julia/stdlib/v1.13/Test/src/Test.jl:1962 [inlined]
   [3] macro expansion
     @ ~/.codex/worktrees/adaptive-degeneracy/JSimplex.jl/test/adaptive_intervention_order_tests.jl:43 [inlined]
   [4] macro expansion
     @ ~/.julia/juliaup/julia-1.13.0+0.aarch64.linux.gnu/share/julia/stdlib/v1.13/Test/src/Test.jl:753 [inlined]

Pricing trials defer new shifts without consuming perturbation levels: Test Failed at /home/jspitz/.codex/worktrees/adaptive-degeneracy/JSimplex.jl/test/adaptive_intervention_order_tests.jl:44
  Expression: intervention_observation!(ws, algorithm) > 0
   Evaluated: 0 > 0
  Stacktrace:
   [1] top-level scope
     @ ~/.codex/worktrees/adaptive-degeneracy/JSimplex.jl/test/adaptive_intervention_order_tests.jl:35
   [2] macro expansion
     @ ~/.julia/juliaup/julia-1.13.0+0.aarch64.linux.gnu/share/julia/stdlib/v1.13/Test/src/Test.jl:1962 [inlined]
   [3] macro expansion
     @ ~/.codex/worktrees/adaptive-degeneracy/JSimplex.jl/test/adaptive_intervention_order_tests.jl:44 [inlined]
   [4] macro expansion
     @ ~/.julia/juliaup/julia-1.13.0+0.aarch64.linux.gnu/share/julia/stdlib/v1.13/Test/src/Test.jl:753 [inlined]

Pricing trials defer new shifts without consuming perturbation levels: Test Failed at /home/jspitz/.codex/worktrees/adaptive-degeneracy/JSimplex.jl/test/adaptive_intervention_order_tests.jl:48
  Expression: if algorithm == :primal
    journal.bounds.level == 1
else
    journal.level == 1
end
  Stacktrace:
   [1] top-level scope
     @ ~/.codex/worktrees/adaptive-degeneracy/JSimplex.jl/test/adaptive_intervention_order_tests.jl:35
   [2] macro expansion
     @ ~/.julia/juliaup/julia-1.13.0+0.aarch64.linux.gnu/share/julia/stdlib/v1.13/Test/src/Test.jl:1962 [inlined]
   [3] macro expansion
     @ ~/.codex/worktrees/adaptive-degeneracy/JSimplex.jl/test/adaptive_intervention_order_tests.jl:48 [inlined]
   [4] macro expansion
     @ ~/.julia/juliaup/julia-1.13.0+0.aarch64.linux.gnu/share/julia/stdlib/v1.13/Test/src/Test.jl:753 [inlined]

Pricing trials defer new shifts without consuming perturbation levels: Test Failed at /home/jspitz/.codex/worktrees/adaptive-degeneracy/JSimplex.jl/test/adaptive_intervention_order_tests.jl:49
  Expression: !(ws.scratch.stagnation.monitor.initialized)
  Stacktrace:
   [1] top-level scope
     @ ~/.codex/worktrees/adaptive-degeneracy/JSimplex.jl/test/adaptive_intervention_order_tests.jl:35
   [2] macro expansion
     @ ~/.julia/juliaup/julia-1.13.0+0.aarch64.linux.gnu/share/julia/stdlib/v1.13/Test/src/Test.jl:1962 [inlined]
   [3] macro expansion
     @ ~/.codex/worktrees/adaptive-degeneracy/JSimplex.jl/test/adaptive_intervention_order_tests.jl:49 [inlined]
   [4] macro expansion
     @ ~/.julia/juliaup/julia-1.13.0+0.aarch64.linux.gnu/share/julia/stdlib/v1.13/Test/src/Test.jl:753 [inlined]

Pricing trials defer new shifts without consuming perturbation levels: Test Failed at /home/jspitz/.codex/worktrees/adaptive-degeneracy/JSimplex.jl/test/adaptive_intervention_order_tests.jl:50
  Expression: [(x.event, x.iteration) for x = events if x.event in (:pricing_dantzig, :pricing_trial_expired, :perturbation)] == [(:pricing_dantzig, 4), (:pricing_trial_expired, 12), (:perturbation, 12)]
   Evaluated: [(:pricing_dantzig, 4), (:perturbation, 4), (:pricing_trial_expired, 12)] == [(:pricing_dantzig, 4), (:pricing_trial_expired, 12), (:perturbation, 12)]
  Stacktrace:
   [1] top-level scope
     @ ~/.codex/worktrees/adaptive-degeneracy/JSimplex.jl/test/adaptive_intervention_order_tests.jl:35
   [2] macro expansion
     @ ~/.julia/juliaup/julia-1.13.0+0.aarch64.linux.gnu/share/julia/stdlib/v1.13/Test/src/Test.jl:1962 [inlined]
   [3] macro expansion
     @ ~/.codex/worktrees/adaptive-degeneracy/JSimplex.jl/test/adaptive_intervention_order_tests.jl:50 [inlined]
   [4] macro expansion
     @ ~/.julia/juliaup/julia-1.13.0+0.aarch64.linux.gnu/share/julia/stdlib/v1.13/Test/src/Test.jl:753 [inlined]

Pricing trials defer new shifts without consuming perturbation levels: Test Failed at /home/jspitz/.codex/worktrees/adaptive-degeneracy/JSimplex.jl/test/adaptive_intervention_order_tests.jl:59
  Expression: if algorithm == :primal
    journal.bounds.level == 1
else
    journal.level == 1
end
  Stacktrace:
   [1] top-level scope
     @ ~/.codex/worktrees/adaptive-degeneracy/JSimplex.jl/test/adaptive_intervention_order_tests.jl:35
   [2] macro expansion
     @ ~/.julia/juliaup/julia-1.13.0+0.aarch64.linux.gnu/share/julia/stdlib/v1.13/Test/src/Test.jl:1962 [inlined]
   [3] macro expansion
     @ ~/.codex/worktrees/adaptive-degeneracy/JSimplex.jl/test/adaptive_intervention_order_tests.jl:59 [inlined]
   [4] macro expansion
     @ ~/.julia/juliaup/julia-1.13.0+0.aarch64.linux.gnu/share/julia/stdlib/v1.13/Test/src/Test.jl:753 [inlined]

Pricing trials defer new shifts without consuming perturbation levels: Test Failed at /home/jspitz/.codex/worktrees/adaptive-degeneracy/JSimplex.jl/test/adaptive_intervention_order_tests.jl:60
  Expression: all((!(x.temporary) for x = events if x.event == :perturbation))
   Evaluated: all(Base.Generator{Base.Iterators.Filter{var"#18#19", Vector{NamedTuple}}, var"#16#17"}(var"#16#17"(), Base.Iterators.Filter{var"#18#19", Vector{NamedTuple}}(var"#18#19"(), NamedTuple[(event = :refactor_initial, iteration = 0, temporary = false), (event = :stagnation_watch, iteration = 2, temporary = false), (event = :stagnation_stalled, iteration = 4, temporary = false), (event = :pricing_dantzig, iteration = 4, temporary = true), (event = :perturbation, iteration = 4, temporary = true), (event = :stagnation_watch, iteration = 6, temporary = true), (event = :stagnation_stalled, iteration = 8, temporary = true), (event = :stagnation_stalled, iteration = 10, temporary = true), (event = :stagnation_stalled, iteration = 12, temporary = true), (event = :pricing_steepest_edge, iteration = 12, temporary = false), (event = :pricing_trial_expired, iteration = 12, temporary = false), (event = :stagnation_stalled, iteration = 14, temporary = false), (event = :stagnation_stalled, iteration = 16, temporary = false), (event = :pricing_dantzig, iteration = 16, temporary = true)])))
  Stacktrace:
   [1] top-level scope
     @ ~/.codex/worktrees/adaptive-degeneracy/JSimplex.jl/test/adaptive_intervention_order_tests.jl:35
   [2] macro expansion
     @ ~/.julia/juliaup/julia-1.13.0+0.aarch64.linux.gnu/share/julia/stdlib/v1.13/Test/src/Test.jl:1962 [inlined]
   [3] macro expansion
     @ ~/.codex/worktrees/adaptive-degeneracy/JSimplex.jl/test/adaptive_intervention_order_tests.jl:60 [inlined]
   [4] macro expansion
     @ ~/.julia/juliaup/julia-1.13.0+0.aarch64.linux.gnu/share/julia/stdlib/v1.13/Test/src/Test.jl:753 [inlined]

Pricing trials defer new shifts without consuming perturbation levels: Test Failed at /home/jspitz/.codex/worktrees/adaptive-degeneracy/JSimplex.jl/test/adaptive_intervention_order_tests.jl:39
  Expression: intervention_observation!(ws, algorithm) == 0
   Evaluated: 1 == 0
  Stacktrace:
   [1] top-level scope
     @ ~/.codex/worktrees/adaptive-degeneracy/JSimplex.jl/test/adaptive_intervention_order_tests.jl:35
   [2] macro expansion
     @ ~/.julia/juliaup/julia-1.13.0+0.aarch64.linux.gnu/share/julia/stdlib/v1.13/Test/src/Test.jl:1962 [inlined]
   [3] macro expansion
     @ ~/.codex/worktrees/adaptive-degeneracy/JSimplex.jl/test/adaptive_intervention_order_tests.jl:39 [inlined]
   [4] macro expansion
     @ ~/.julia/juliaup/julia-1.13.0+0.aarch64.linux.gnu/share/julia/stdlib/v1.13/Test/src/Test.jl:753 [inlined]

Pricing trials defer new shifts without consuming perturbation levels: Test Failed at /home/jspitz/.codex/worktrees/adaptive-degeneracy/JSimplex.jl/test/adaptive_intervention_order_tests.jl:40
  Expression: isnothing(ws.scratch.perturbations)
   Evaluated: isnothing(JSimplex.PerturbationJournal{Float64}(0xd06ba5bff36d10d7, [0.0, 0.0], [9.0e-7, 0.0], false, true, 1, JSimplex.StagnationMonitor{Float64, Float64}(2, 0.25, 0.5, 0.25, 5.684341886080802e-14, 4, 0, 0, 0, :progress, false, -0.0, -0.0, -0.0, 0.5, 0.5, 0.5, 0.0, 0.0, 0.0, -0.0, 0.5, 0.0, 0.0, 0.0, 0.0), 4, 0, nothing))
  Stacktrace:
   [1] top-level scope
     @ ~/.codex/worktrees/adaptive-degeneracy/JSimplex.jl/test/adaptive_intervention_order_tests.jl:35
   [2] macro expansion
     @ ~/.julia/juliaup/julia-1.13.0+0.aarch64.linux.gnu/share/julia/stdlib/v1.13/Test/src/Test.jl:1962 [inlined]
   [3] macro expansion
     @ ~/.codex/worktrees/adaptive-degeneracy/JSimplex.jl/test/adaptive_intervention_order_tests.jl:40 [inlined]
   [4] macro expansion
     @ ~/.julia/juliaup/julia-1.13.0+0.aarch64.linux.gnu/share/julia/stdlib/v1.13/Test/src/Test.jl:753 [inlined]

Pricing trials defer new shifts without consuming perturbation levels: Test Failed at /home/jspitz/.codex/worktrees/adaptive-degeneracy/JSimplex.jl/test/adaptive_intervention_order_tests.jl:40
  Expression: isnothing(ws.scratch.perturbations)
   Evaluated: isnothing(JSimplex.PerturbationJournal{Float64}(0xd06ba5bff36d10d7, [0.0, 0.0], [9.0e-7, 0.0], false, true, 1, JSimplex.StagnationMonitor{Float64, Float64}(2, 0.25, 0.5, 0.25, 5.684341886080802e-14, 4, 0, 0, 0, :progress, false, -0.0, -0.0, -0.0, 0.5, 0.5, 0.5, 0.0, 0.0, 0.0, -0.0, 0.5, 0.0, 0.0, 0.0, 0.0), 4, 0, nothing))
  Stacktrace:
   [1] top-level scope
     @ ~/.codex/worktrees/adaptive-degeneracy/JSimplex.jl/test/adaptive_intervention_order_tests.jl:35
   [2] macro expansion
     @ ~/.julia/juliaup/julia-1.13.0+0.aarch64.linux.gnu/share/julia/stdlib/v1.13/Test/src/Test.jl:1962 [inlined]
   [3] macro expansion
     @ ~/.codex/worktrees/adaptive-degeneracy/JSimplex.jl/test/adaptive_intervention_order_tests.jl:40 [inlined]
   [4] macro expansion
     @ ~/.julia/juliaup/julia-1.13.0+0.aarch64.linux.gnu/share/julia/stdlib/v1.13/Test/src/Test.jl:753 [inlined]

Pricing trials defer new shifts without consuming perturbation levels: Test Failed at /home/jspitz/.codex/worktrees/adaptive-degeneracy/JSimplex.jl/test/adaptive_intervention_order_tests.jl:40
  Expression: isnothing(ws.scratch.perturbations)
   Evaluated: isnothing(JSimplex.PerturbationJournal{Float64}(0xd06ba5bff36d10d7, [0.0, 0.0], [9.0e-7, 0.0], false, true, 1, JSimplex.StagnationMonitor{Float64, Float64}(2, 0.25, 0.5, 0.25, 5.684341886080802e-14, 4, 0, 0, 0, :progress, false, -0.0, -0.0, -0.0, 0.5, 0.5, 0.5, 0.0, 0.0, 0.0, -0.0, 0.5, 0.0, 0.0, 0.0, 0.0), 4, 0, nothing))
  Stacktrace:
   [1] top-level scope
     @ ~/.codex/worktrees/adaptive-degeneracy/JSimplex.jl/test/adaptive_intervention_order_tests.jl:35
   [2] macro expansion
     @ ~/.julia/juliaup/julia-1.13.0+0.aarch64.linux.gnu/share/julia/stdlib/v1.13/Test/src/Test.jl:1962 [inlined]
   [3] macro expansion
     @ ~/.codex/worktrees/adaptive-degeneracy/JSimplex.jl/test/adaptive_intervention_order_tests.jl:40 [inlined]
   [4] macro expansion
     @ ~/.julia/juliaup/julia-1.13.0+0.aarch64.linux.gnu/share/julia/stdlib/v1.13/Test/src/Test.jl:753 [inlined]

Pricing trials defer new shifts without consuming perturbation levels: Test Failed at /home/jspitz/.codex/worktrees/adaptive-degeneracy/JSimplex.jl/test/adaptive_intervention_order_tests.jl:40
  Expression: isnothing(ws.scratch.perturbations)
   Evaluated: isnothing(JSimplex.PerturbationJournal{Float64}(0xd06ba5bff36d10d7, [0.0, 0.0], [9.0e-7, 0.0], false, true, 1, JSimplex.StagnationMonitor{Float64, Float64}(2, 0.25, 0.5, 0.25, 5.684341886080802e-14, 4, 0, 0, 0, :progress, false, -0.0, -0.0, -0.0, 0.5, 0.5, 0.5, 0.0, 0.0, 0.0, -0.0, 0.5, 0.0, 0.0, 0.0, 0.0), 4, 0, nothing))
  Stacktrace:
   [1] top-level scope
     @ ~/.codex/worktrees/adaptive-degeneracy/JSimplex.jl/test/adaptive_intervention_order_tests.jl:35
   [2] macro expansion
     @ ~/.julia/juliaup/julia-1.13.0+0.aarch64.linux.gnu/share/julia/stdlib/v1.13/Test/src/Test.jl:1962 [inlined]
   [3] macro expansion
     @ ~/.codex/worktrees/adaptive-degeneracy/JSimplex.jl/test/adaptive_intervention_order_tests.jl:40 [inlined]
   [4] macro expansion
     @ ~/.julia/juliaup/julia-1.13.0+0.aarch64.linux.gnu/share/julia/stdlib/v1.13/Test/src/Test.jl:753 [inlined]

Pricing trials defer new shifts without consuming perturbation levels: Test Failed at /home/jspitz/.codex/worktrees/adaptive-degeneracy/JSimplex.jl/test/adaptive_intervention_order_tests.jl:39
  Expression: intervention_observation!(ws, algorithm) == 0
   Evaluated: 1 == 0
  Stacktrace:
   [1] top-level scope
     @ ~/.codex/worktrees/adaptive-degeneracy/JSimplex.jl/test/adaptive_intervention_order_tests.jl:35
   [2] macro expansion
     @ ~/.julia/juliaup/julia-1.13.0+0.aarch64.linux.gnu/share/julia/stdlib/v1.13/Test/src/Test.jl:1962 [inlined]
   [3] macro expansion
     @ ~/.codex/worktrees/adaptive-degeneracy/JSimplex.jl/test/adaptive_intervention_order_tests.jl:39 [inlined]
   [4] macro expansion
     @ ~/.julia/juliaup/julia-1.13.0+0.aarch64.linux.gnu/share/julia/stdlib/v1.13/Test/src/Test.jl:753 [inlined]

Pricing trials defer new shifts without consuming perturbation levels: Test Failed at /home/jspitz/.codex/worktrees/adaptive-degeneracy/JSimplex.jl/test/adaptive_intervention_order_tests.jl:40
  Expression: isnothing(ws.scratch.perturbations)
   Evaluated: isnothing(JSimplex.PerturbationJournal{Float64}(0xd06ba5bff36d10d7, [0.0, 0.0], [1.80000162e-6, 0.0], false, true, 2, JSimplex.StagnationMonitor{Float64, Float64}(2, 0.25, 0.5, 0.25, 5.684341886080802e-14, 4, 0, 0, 0, :progress, false, -0.0, -0.0, -0.0, 0.5, 0.5, 0.5, 0.0, 0.0, 0.0, -0.0, 0.5, 0.0, 0.0, 0.0, 0.0), 4, 0, nothing))
  Stacktrace:
   [1] top-level scope
     @ ~/.codex/worktrees/adaptive-degeneracy/JSimplex.jl/test/adaptive_intervention_order_tests.jl:35
   [2] macro expansion
     @ ~/.julia/juliaup/julia-1.13.0+0.aarch64.linux.gnu/share/julia/stdlib/v1.13/Test/src/Test.jl:1962 [inlined]
   [3] macro expansion
     @ ~/.codex/worktrees/adaptive-degeneracy/JSimplex.jl/test/adaptive_intervention_order_tests.jl:40 [inlined]
   [4] macro expansion
     @ ~/.julia/juliaup/julia-1.13.0+0.aarch64.linux.gnu/share/julia/stdlib/v1.13/Test/src/Test.jl:753 [inlined]

Pricing trials defer new shifts without consuming perturbation levels: Test Failed at /home/jspitz/.codex/worktrees/adaptive-degeneracy/JSimplex.jl/test/adaptive_intervention_order_tests.jl:40
  Expression: isnothing(ws.scratch.perturbations)
   Evaluated: isnothing(JSimplex.PerturbationJournal{Float64}(0xd06ba5bff36d10d7, [0.0, 0.0], [1.80000162e-6, 0.0], false, true, 2, JSimplex.StagnationMonitor{Float64, Float64}(2, 0.25, 0.5, 0.25, 5.684341886080802e-14, 4, 0, 0, 0, :progress, false, -0.0, -0.0, -0.0, 0.5, 0.5, 0.5, 0.0, 0.0, 0.0, -0.0, 0.5, 0.0, 0.0, 0.0, 0.0), 4, 0, nothing))
  Stacktrace:
   [1] top-level scope
     @ ~/.codex/worktrees/adaptive-degeneracy/JSimplex.jl/test/adaptive_intervention_order_tests.jl:35
   [2] macro expansion
     @ ~/.julia/juliaup/julia-1.13.0+0.aarch64.linux.gnu/share/julia/stdlib/v1.13/Test/src/Test.jl:1962 [inlined]
   [3] macro expansion
     @ ~/.codex/worktrees/adaptive-degeneracy/JSimplex.jl/test/adaptive_intervention_order_tests.jl:40 [inlined]
   [4] macro expansion
     @ ~/.julia/juliaup/julia-1.13.0+0.aarch64.linux.gnu/share/julia/stdlib/v1.13/Test/src/Test.jl:753 [inlined]

Pricing trials defer new shifts without consuming perturbation levels: Test Failed at /home/jspitz/.codex/worktrees/adaptive-degeneracy/JSimplex.jl/test/adaptive_intervention_order_tests.jl:40
  Expression: isnothing(ws.scratch.perturbations)
   Evaluated: isnothing(JSimplex.PerturbationJournal{Float64}(0xd06ba5bff36d10d7, [0.0, 0.0], [1.80000162e-6, 0.0], false, true, 2, JSimplex.StagnationMonitor{Float64, Float64}(2, 0.25, 0.5, 0.25, 5.684341886080802e-14, 4, 0, 0, 0, :progress, false, -0.0, -0.0, -0.0, 0.5, 0.5, 0.5, 0.0, 0.0, 0.0, -0.0, 0.5, 0.0, 0.0, 0.0, 0.0), 4, 0, nothing))
  Stacktrace:
   [1] top-level scope
     @ ~/.codex/worktrees/adaptive-degeneracy/JSimplex.jl/test/adaptive_intervention_order_tests.jl:35
   [2] macro expansion
     @ ~/.julia/juliaup/julia-1.13.0+0.aarch64.linux.gnu/share/julia/stdlib/v1.13/Test/src/Test.jl:1962 [inlined]
   [3] macro expansion
     @ ~/.codex/worktrees/adaptive-degeneracy/JSimplex.jl/test/adaptive_intervention_order_tests.jl:40 [inlined]
   [4] macro expansion
     @ ~/.julia/juliaup/julia-1.13.0+0.aarch64.linux.gnu/share/julia/stdlib/v1.13/Test/src/Test.jl:753 [inlined]

Pricing trials defer new shifts without consuming perturbation levels: Test Failed at /home/jspitz/.codex/worktrees/adaptive-degeneracy/JSimplex.jl/test/adaptive_intervention_order_tests.jl:40
  Expression: isnothing(ws.scratch.perturbations)
   Evaluated: isnothing(JSimplex.PerturbationJournal{Float64}(0xd06ba5bff36d10d7, [0.0, 0.0], [1.80000162e-6, 0.0], false, true, 2, JSimplex.StagnationMonitor{Float64, Float64}(2, 0.25, 0.5, 0.25, 5.684341886080802e-14, 4, 0, 0, 0, :progress, false, -0.0, -0.0, -0.0, 0.5, 0.5, 0.5, 0.0, 0.0, 0.0, -0.0, 0.5, 0.0, 0.0, 0.0, 0.0), 4, 0, nothing))
  Stacktrace:
   [1] top-level scope
     @ ~/.codex/worktrees/adaptive-degeneracy/JSimplex.jl/test/adaptive_intervention_order_tests.jl:35
   [2] macro expansion
     @ ~/.julia/juliaup/julia-1.13.0+0.aarch64.linux.gnu/share/julia/stdlib/v1.13/Test/src/Test.jl:1962 [inlined]
   [3] macro expansion
     @ ~/.codex/worktrees/adaptive-degeneracy/JSimplex.jl/test/adaptive_intervention_order_tests.jl:40 [inlined]
   [4] macro expansion
     @ ~/.julia/juliaup/julia-1.13.0+0.aarch64.linux.gnu/share/julia/stdlib/v1.13/Test/src/Test.jl:753 [inlined]

Pricing trials defer new shifts without consuming perturbation levels: Test Failed at /home/jspitz/.codex/worktrees/adaptive-degeneracy/JSimplex.jl/test/adaptive_intervention_order_tests.jl:43
  Expression: isequal(original, (ws.costs, ws.lower, ws.upper))
   Evaluated: isequal(([0.0, 0.0], Bound{Float64}[Bound{Float64}(0.0, true), Bound{Float64}(1.0, true)], Bound{Float64}[Bound{Float64}(0.0, false), Bound{Float64}(0.0, false)]), ([1.80000162e-6, 0.0], Bound{Float64}[Bound{Float64}(0.0, true), Bound{Float64}(1.0, true)], Bound{Float64}[Bound{Float64}(0.0, false), Bound{Float64}(0.0, false)]))
  Stacktrace:
   [1] top-level scope
     @ ~/.codex/worktrees/adaptive-degeneracy/JSimplex.jl/test/adaptive_intervention_order_tests.jl:35
   [2] macro expansion
     @ ~/.julia/juliaup/julia-1.13.0+0.aarch64.linux.gnu/share/julia/stdlib/v1.13/Test/src/Test.jl:1962 [inlined]
   [3] macro expansion
     @ ~/.codex/worktrees/adaptive-degeneracy/JSimplex.jl/test/adaptive_intervention_order_tests.jl:43 [inlined]
   [4] macro expansion
     @ ~/.julia/juliaup/julia-1.13.0+0.aarch64.linux.gnu/share/julia/stdlib/v1.13/Test/src/Test.jl:753 [inlined]

Pricing trials defer new shifts without consuming perturbation levels: Test Failed at /home/jspitz/.codex/worktrees/adaptive-degeneracy/JSimplex.jl/test/adaptive_intervention_order_tests.jl:48
  Expression: if algorithm == :primal
    journal.bounds.level == 1
else
    journal.level == 1
end
  Stacktrace:
   [1] top-level scope
     @ ~/.codex/worktrees/adaptive-degeneracy/JSimplex.jl/test/adaptive_intervention_order_tests.jl:35
   [2] macro expansion
     @ ~/.julia/juliaup/julia-1.13.0+0.aarch64.linux.gnu/share/julia/stdlib/v1.13/Test/src/Test.jl:1962 [inlined]
   [3] macro expansion
     @ ~/.codex/worktrees/adaptive-degeneracy/JSimplex.jl/test/adaptive_intervention_order_tests.jl:48 [inlined]
   [4] macro expansion
     @ ~/.julia/juliaup/julia-1.13.0+0.aarch64.linux.gnu/share/julia/stdlib/v1.13/Test/src/Test.jl:753 [inlined]

Pricing trials defer new shifts without consuming perturbation levels: Test Failed at /home/jspitz/.codex/worktrees/adaptive-degeneracy/JSimplex.jl/test/adaptive_intervention_order_tests.jl:50
  Expression: [(x.event, x.iteration) for x = events if x.event in (:pricing_dantzig, :pricing_trial_expired, :perturbation)] == [(:pricing_dantzig, 4), (:pricing_trial_expired, 12), (:perturbation, 12)]
   Evaluated: [(:pricing_dantzig, 4), (:perturbation, 4), (:perturbation, 8), (:pricing_trial_expired, 12), (:perturbation, 12)] == [(:pricing_dantzig, 4), (:pricing_trial_expired, 12), (:perturbation, 12)]
  Stacktrace:
   [1] top-level scope
     @ ~/.codex/worktrees/adaptive-degeneracy/JSimplex.jl/test/adaptive_intervention_order_tests.jl:35
   [2] macro expansion
     @ ~/.julia/juliaup/julia-1.13.0+0.aarch64.linux.gnu/share/julia/stdlib/v1.13/Test/src/Test.jl:1962 [inlined]
   [3] macro expansion
     @ ~/.codex/worktrees/adaptive-degeneracy/JSimplex.jl/test/adaptive_intervention_order_tests.jl:50 [inlined]
   [4] macro expansion
     @ ~/.julia/juliaup/julia-1.13.0+0.aarch64.linux.gnu/share/julia/stdlib/v1.13/Test/src/Test.jl:753 [inlined]

Pricing trials defer new shifts without consuming perturbation levels: Test Failed at /home/jspitz/.codex/worktrees/adaptive-degeneracy/JSimplex.jl/test/adaptive_intervention_order_tests.jl:59
  Expression: if algorithm == :primal
    journal.bounds.level == 1
else
    journal.level == 1
end
  Stacktrace:
   [1] top-level scope
     @ ~/.codex/worktrees/adaptive-degeneracy/JSimplex.jl/test/adaptive_intervention_order_tests.jl:35
   [2] macro expansion
     @ ~/.julia/juliaup/julia-1.13.0+0.aarch64.linux.gnu/share/julia/stdlib/v1.13/Test/src/Test.jl:1962 [inlined]
   [3] macro expansion
     @ ~/.codex/worktrees/adaptive-degeneracy/JSimplex.jl/test/adaptive_intervention_order_tests.jl:59 [inlined]
   [4] macro expansion
     @ ~/.julia/juliaup/julia-1.13.0+0.aarch64.linux.gnu/share/julia/stdlib/v1.13/Test/src/Test.jl:753 [inlined]

Pricing trials defer new shifts without consuming perturbation levels: Test Failed at /home/jspitz/.codex/worktrees/adaptive-degeneracy/JSimplex.jl/test/adaptive_intervention_order_tests.jl:60
  Expression: all((!(x.temporary) for x = events if x.event == :perturbation))
   Evaluated: all(Base.Generator{Base.Iterators.Filter{var"#18#19", Vector{NamedTuple}}, var"#16#17"}(var"#16#17"(), Base.Iterators.Filter{var"#18#19", Vector{NamedTuple}}(var"#18#19"(), NamedTuple[(event = :refactor_initial, iteration = 0, temporary = false), (event = :stagnation_watch, iteration = 2, temporary = false), (event = :stagnation_stalled, iteration = 4, temporary = false), (event = :pricing_dantzig, iteration = 4, temporary = true), (event = :perturbation, iteration = 4, temporary = true), (event = :stagnation_watch, iteration = 6, temporary = true), (event = :stagnation_stalled, iteration = 8, temporary = true), (event = :perturbation, iteration = 8, temporary = true), (event = :stagnation_watch, iteration = 10, temporary = true), (event = :stagnation_stalled, iteration = 12, temporary = true), (event = :pricing_steepest_edge, iteration = 12, temporary = false), (event = :pricing_trial_expired, iteration = 12, temporary = false), (event = :perturbation, iteration = 12, temporary = false), (event = :stagnation_watch, iteration = 14, temporary = false), (event = :stagnation_stalled, iteration = 16, temporary = false), (event = :pricing_dantzig, iteration = 16, temporary = true)])))
  Stacktrace:
   [1] top-level scope
     @ ~/.codex/worktrees/adaptive-degeneracy/JSimplex.jl/test/adaptive_intervention_order_tests.jl:35
   [2] macro expansion
     @ ~/.julia/juliaup/julia-1.13.0+0.aarch64.linux.gnu/share/julia/stdlib/v1.13/Test/src/Test.jl:1962 [inlined]
   [3] macro expansion
     @ ~/.codex/worktrees/adaptive-degeneracy/JSimplex.jl/test/adaptive_intervention_order_tests.jl:60 [inlined]
   [4] macro expansion
     @ ~/.julia/juliaup/julia-1.13.0+0.aarch64.linux.gnu/share/julia/stdlib/v1.13/Test/src/Test.jl:753 [inlined]

Pricing trials defer new shifts without consuming perturbation levels: Test Failed at /home/jspitz/.codex/worktrees/adaptive-degeneracy/JSimplex.jl/test/adaptive_intervention_order_tests.jl:39
  Expression: intervention_observation!(ws, algorithm) == 0
   Evaluated: 1 == 0
  Stacktrace:
   [1] top-level scope
     @ ~/.codex/worktrees/adaptive-degeneracy/JSimplex.jl/test/adaptive_intervention_order_tests.jl:35
   [2] macro expansion
     @ ~/.julia/juliaup/julia-1.13.0+0.aarch64.linux.gnu/share/julia/stdlib/v1.13/Test/src/Test.jl:1962 [inlined]
   [3] macro expansion
     @ ~/.codex/worktrees/adaptive-degeneracy/JSimplex.jl/test/adaptive_intervention_order_tests.jl:39 [inlined]
   [4] macro expansion
     @ ~/.julia/juliaup/julia-1.13.0+0.aarch64.linux.gnu/share/julia/stdlib/v1.13/Test/src/Test.jl:753 [inlined]

Pricing trials defer new shifts without consuming perturbation levels: Test Failed at /home/jspitz/.codex/worktrees/adaptive-degeneracy/JSimplex.jl/test/adaptive_intervention_order_tests.jl:40
  Expression: isnothing(ws.scratch.perturbations)
   Evaluated: isnothing(JSimplex.PerturbationJournal{BigFloat}(0x0f40bb9a6d4df3f3, BigFloat[-1.0, 0.0], BigFloat[-1.0, 0.0], false, false, 0, nothing, 0, 0, JSimplex.BoundPerturbationState{BigFloat}(Bound{BigFloat}[Bound{BigFloat}(0.0, true), Bound{BigFloat}(0.0, false)], Bound{BigFloat}[Bound{BigFloat}(0.0, false), Bound{BigFloat}(0.0, true)], Bound{BigFloat}[Bound{BigFloat}(0.0, true), Bound{BigFloat}(0.0, false)], Bound{BigFloat}[Bound{BigFloat}(0.0, false), Bound{BigFloat}(9.999999999999999999999999999999999999999999999999999999999999999999999999999874e-7, true)], true, 1, JSimplex.StagnationMonitor{BigFloat, BigFloat}(2, 0.25, 0.5, 0.25, 4.421718300208355648197812153753804580411392186591376069132136176726319003219163e-75, 4, 0, 0, 0, :progress, false, 0.0, 0.0, 0.0, 0.0, 0.0, 0.0, 0.25, 0.25, 0.25, 0.0, 0.0, 0.25, 0.0, 0.0, 0.0), 4, 0)))
  Stacktrace:
   [1] top-level scope
     @ ~/.codex/worktrees/adaptive-degeneracy/JSimplex.jl/test/adaptive_intervention_order_tests.jl:35
   [2] macro expansion
     @ ~/.julia/juliaup/julia-1.13.0+0.aarch64.linux.gnu/share/julia/stdlib/v1.13/Test/src/Test.jl:1962 [inlined]
   [3] macro expansion
     @ ~/.codex/worktrees/adaptive-degeneracy/JSimplex.jl/test/adaptive_intervention_order_tests.jl:40 [inlined]
   [4] macro expansion
     @ ~/.julia/juliaup/julia-1.13.0+0.aarch64.linux.gnu/share/julia/stdlib/v1.13/Test/src/Test.jl:753 [inlined]

Pricing trials defer new shifts without consuming perturbation levels: Test Failed at /home/jspitz/.codex/worktrees/adaptive-degeneracy/JSimplex.jl/test/adaptive_intervention_order_tests.jl:40
  Expression: isnothing(ws.scratch.perturbations)
   Evaluated: isnothing(JSimplex.PerturbationJournal{BigFloat}(0x0f40bb9a6d4df3f3, BigFloat[-1.0, 0.0], BigFloat[-1.0, 0.0], false, false, 0, nothing, 0, 0, JSimplex.BoundPerturbationState{BigFloat}(Bound{BigFloat}[Bound{BigFloat}(0.0, true), Bound{BigFloat}(0.0, false)], Bound{BigFloat}[Bound{BigFloat}(0.0, false), Bound{BigFloat}(0.0, true)], Bound{BigFloat}[Bound{BigFloat}(0.0, true), Bound{BigFloat}(0.0, false)], Bound{BigFloat}[Bound{BigFloat}(0.0, false), Bound{BigFloat}(9.999999999999999999999999999999999999999999999999999999999999999999999999999874e-7, true)], true, 1, JSimplex.StagnationMonitor{BigFloat, BigFloat}(2, 0.25, 0.5, 0.25, 4.421718300208355648197812153753804580411392186591376069132136176726319003219163e-75, 4, 0, 0, 0, :progress, false, 0.0, 0.0, 0.0, 0.0, 0.0, 0.0, 0.25, 0.25, 0.25, 0.0, 0.0, 0.25, 0.0, 0.0, 0.0), 4, 0)))
  Stacktrace:
   [1] top-level scope
     @ ~/.codex/worktrees/adaptive-degeneracy/JSimplex.jl/test/adaptive_intervention_order_tests.jl:35
   [2] macro expansion
     @ ~/.julia/juliaup/julia-1.13.0+0.aarch64.linux.gnu/share/julia/stdlib/v1.13/Test/src/Test.jl:1962 [inlined]
   [3] macro expansion
     @ ~/.codex/worktrees/adaptive-degeneracy/JSimplex.jl/test/adaptive_intervention_order_tests.jl:40 [inlined]
   [4] macro expansion
     @ ~/.julia/juliaup/julia-1.13.0+0.aarch64.linux.gnu/share/julia/stdlib/v1.13/Test/src/Test.jl:753 [inlined]

Pricing trials defer new shifts without consuming perturbation levels: Test Failed at /home/jspitz/.codex/worktrees/adaptive-degeneracy/JSimplex.jl/test/adaptive_intervention_order_tests.jl:40
  Expression: isnothing(ws.scratch.perturbations)
   Evaluated: isnothing(JSimplex.PerturbationJournal{BigFloat}(0x0f40bb9a6d4df3f3, BigFloat[-1.0, 0.0], BigFloat[-1.0, 0.0], false, false, 0, nothing, 0, 0, JSimplex.BoundPerturbationState{BigFloat}(Bound{BigFloat}[Bound{BigFloat}(0.0, true), Bound{BigFloat}(0.0, false)], Bound{BigFloat}[Bound{BigFloat}(0.0, false), Bound{BigFloat}(0.0, true)], Bound{BigFloat}[Bound{BigFloat}(0.0, true), Bound{BigFloat}(0.0, false)], Bound{BigFloat}[Bound{BigFloat}(0.0, false), Bound{BigFloat}(9.999999999999999999999999999999999999999999999999999999999999999999999999999874e-7, true)], true, 1, JSimplex.StagnationMonitor{BigFloat, BigFloat}(2, 0.25, 0.5, 0.25, 4.421718300208355648197812153753804580411392186591376069132136176726319003219163e-75, 4, 0, 0, 0, :progress, false, 0.0, 0.0, 0.0, 0.0, 0.0, 0.0, 0.25, 0.25, 0.25, 0.0, 0.0, 0.25, 0.0, 0.0, 0.0), 4, 0)))
  Stacktrace:
   [1] top-level scope
     @ ~/.codex/worktrees/adaptive-degeneracy/JSimplex.jl/test/adaptive_intervention_order_tests.jl:35
   [2] macro expansion
     @ ~/.julia/juliaup/julia-1.13.0+0.aarch64.linux.gnu/share/julia/stdlib/v1.13/Test/src/Test.jl:1962 [inlined]
   [3] macro expansion
     @ ~/.codex/worktrees/adaptive-degeneracy/JSimplex.jl/test/adaptive_intervention_order_tests.jl:40 [inlined]
   [4] macro expansion
     @ ~/.julia/juliaup/julia-1.13.0+0.aarch64.linux.gnu/share/julia/stdlib/v1.13/Test/src/Test.jl:753 [inlined]

Pricing trials defer new shifts without consuming perturbation levels: Test Failed at /home/jspitz/.codex/worktrees/adaptive-degeneracy/JSimplex.jl/test/adaptive_intervention_order_tests.jl:40
  Expression: isnothing(ws.scratch.perturbations)
   Evaluated: isnothing(JSimplex.PerturbationJournal{BigFloat}(0x0f40bb9a6d4df3f3, BigFloat[-1.0, 0.0], BigFloat[-1.0, 0.0], false, false, 0, nothing, 0, 0, JSimplex.BoundPerturbationState{BigFloat}(Bound{BigFloat}[Bound{BigFloat}(0.0, true), Bound{BigFloat}(0.0, false)], Bound{BigFloat}[Bound{BigFloat}(0.0, false), Bound{BigFloat}(0.0, true)], Bound{BigFloat}[Bound{BigFloat}(0.0, true), Bound{BigFloat}(0.0, false)], Bound{BigFloat}[Bound{BigFloat}(0.0, false), Bound{BigFloat}(9.999999999999999999999999999999999999999999999999999999999999999999999999999874e-7, true)], true, 1, JSimplex.StagnationMonitor{BigFloat, BigFloat}(2, 0.25, 0.5, 0.25, 4.421718300208355648197812153753804580411392186591376069132136176726319003219163e-75, 4, 0, 0, 0, :progress, false, 0.0, 0.0, 0.0, 0.0, 0.0, 0.0, 0.25, 0.25, 0.25, 0.0, 0.0, 0.25, 0.0, 0.0, 0.0), 4, 0)))
  Stacktrace:
   [1] top-level scope
     @ ~/.codex/worktrees/adaptive-degeneracy/JSimplex.jl/test/adaptive_intervention_order_tests.jl:35
   [2] macro expansion
     @ ~/.julia/juliaup/julia-1.13.0+0.aarch64.linux.gnu/share/julia/stdlib/v1.13/Test/src/Test.jl:1962 [inlined]
   [3] macro expansion
     @ ~/.codex/worktrees/adaptive-degeneracy/JSimplex.jl/test/adaptive_intervention_order_tests.jl:40 [inlined]
   [4] macro expansion
     @ ~/.julia/juliaup/julia-1.13.0+0.aarch64.linux.gnu/share/julia/stdlib/v1.13/Test/src/Test.jl:753 [inlined]

Pricing trials defer new shifts without consuming perturbation levels: Test Failed at /home/jspitz/.codex/worktrees/adaptive-degeneracy/JSimplex.jl/test/adaptive_intervention_order_tests.jl:40
  Expression: isnothing(ws.scratch.perturbations)
   Evaluated: isnothing(JSimplex.PerturbationJournal{BigFloat}(0x0f40bb9a6d4df3f3, BigFloat[-1.0, 0.0], BigFloat[-1.0, 0.0], false, false, 0, nothing, 0, 0, JSimplex.BoundPerturbationState{BigFloat}(Bound{BigFloat}[Bound{BigFloat}(0.0, true), Bound{BigFloat}(0.0, false)], Bound{BigFloat}[Bound{BigFloat}(0.0, false), Bound{BigFloat}(0.0, true)], Bound{BigFloat}[Bound{BigFloat}(0.0, true), Bound{BigFloat}(0.0, false)], Bound{BigFloat}[Bound{BigFloat}(0.0, false), Bound{BigFloat}(9.999999999999999999999999999999999999999999999999999999999999999999999999999874e-7, true)], true, 2, JSimplex.StagnationMonitor{BigFloat, BigFloat}(2, 0.25, 0.5, 0.25, 4.421718300208355648197812153753804580411392186591376069132136176726319003219163e-75, 4, 2, 2, 2, :stalled, true, 0.0, 0.0, 0.0, 0.0, 0.0, 0.0, 0.25, 0.25, 0.25, 0.0, 0.0, 0.25, 0.0, 0.0, 0.0), 4, 0)))
  Stacktrace:
   [1] top-level scope
     @ ~/.codex/worktrees/adaptive-degeneracy/JSimplex.jl/test/adaptive_intervention_order_tests.jl:35
   [2] macro expansion
     @ ~/.julia/juliaup/julia-1.13.0+0.aarch64.linux.gnu/share/julia/stdlib/v1.13/Test/src/Test.jl:1962 [inlined]
   [3] macro expansion
     @ ~/.codex/worktrees/adaptive-degeneracy/JSimplex.jl/test/adaptive_intervention_order_tests.jl:40 [inlined]
   [4] macro expansion
     @ ~/.julia/juliaup/julia-1.13.0+0.aarch64.linux.gnu/share/julia/stdlib/v1.13/Test/src/Test.jl:753 [inlined]

Pricing trials defer new shifts without consuming perturbation levels: Test Failed at /home/jspitz/.codex/worktrees/adaptive-degeneracy/JSimplex.jl/test/adaptive_intervention_order_tests.jl:40
  Expression: isnothing(ws.scratch.perturbations)
   Evaluated: isnothing(JSimplex.PerturbationJournal{BigFloat}(0x0f40bb9a6d4df3f3, BigFloat[-1.0, 0.0], BigFloat[-1.0, 0.0], false, false, 0, nothing, 0, 0, JSimplex.BoundPerturbationState{BigFloat}(Bound{BigFloat}[Bound{BigFloat}(0.0, true), Bound{BigFloat}(0.0, false)], Bound{BigFloat}[Bound{BigFloat}(0.0, false), Bound{BigFloat}(0.0, true)], Bound{BigFloat}[Bound{BigFloat}(0.0, true), Bound{BigFloat}(0.0, false)], Bound{BigFloat}[Bound{BigFloat}(0.0, false), Bound{BigFloat}(9.999999999999999999999999999999999999999999999999999999999999999999999999999874e-7, true)], true, 2, JSimplex.StagnationMonitor{BigFloat, BigFloat}(2, 0.25, 0.5, 0.25, 4.421718300208355648197812153753804580411392186591376069132136176726319003219163e-75, 5, 1, 2, 1, :stalled, true, 0.0, 0.0, 0.0, 0.0, 0.0, 0.0, 0.25, 0.25, 0.25, 0.0, 0.0, 0.25, 0.0, 0.0, 0.0), 4, 0)))
  Stacktrace:
   [1] top-level scope
     @ ~/.codex/worktrees/adaptive-degeneracy/JSimplex.jl/test/adaptive_intervention_order_tests.jl:35
   [2] macro expansion
     @ ~/.julia/juliaup/julia-1.13.0+0.aarch64.linux.gnu/share/julia/stdlib/v1.13/Test/src/Test.jl:1962 [inlined]
   [3] macro expansion
     @ ~/.codex/worktrees/adaptive-degeneracy/JSimplex.jl/test/adaptive_intervention_order_tests.jl:40 [inlined]
   [4] macro expansion
     @ ~/.julia/juliaup/julia-1.13.0+0.aarch64.linux.gnu/share/julia/stdlib/v1.13/Test/src/Test.jl:753 [inlined]

Pricing trials defer new shifts without consuming perturbation levels: Test Failed at /home/jspitz/.codex/worktrees/adaptive-degeneracy/JSimplex.jl/test/adaptive_intervention_order_tests.jl:40
  Expression: isnothing(ws.scratch.perturbations)
   Evaluated: isnothing(JSimplex.PerturbationJournal{BigFloat}(0x0f40bb9a6d4df3f3, BigFloat[-1.0, 0.0], BigFloat[-1.0, 0.0], false, false, 0, nothing, 0, 0, JSimplex.BoundPerturbationState{BigFloat}(Bound{BigFloat}[Bound{BigFloat}(0.0, true), Bound{BigFloat}(0.0, false)], Bound{BigFloat}[Bound{BigFloat}(0.0, false), Bound{BigFloat}(0.0, true)], Bound{BigFloat}[Bound{BigFloat}(0.0, true), Bound{BigFloat}(0.0, false)], Bound{BigFloat}[Bound{BigFloat}(0.0, false), Bound{BigFloat}(9.999999999999999999999999999999999999999999999999999999999999999999999999999874e-7, true)], true, 3, JSimplex.StagnationMonitor{BigFloat, BigFloat}(2, 0.25, 0.5, 0.25, 4.421718300208355648197812153753804580411392186591376069132136176726319003219163e-75, 6, 2, 2, 2, :stalled, true, 0.0, 0.0, 0.0, 0.0, 0.0, 0.0, 0.25, 0.25, 0.25, 0.0, 0.0, 0.25, 0.0, 0.0, 0.0), 6, 0)))
  Stacktrace:
   [1] top-level scope
     @ ~/.codex/worktrees/adaptive-degeneracy/JSimplex.jl/test/adaptive_intervention_order_tests.jl:35
   [2] macro expansion
     @ ~/.julia/juliaup/julia-1.13.0+0.aarch64.linux.gnu/share/julia/stdlib/v1.13/Test/src/Test.jl:1962 [inlined]
   [3] macro expansion
     @ ~/.codex/worktrees/adaptive-degeneracy/JSimplex.jl/test/adaptive_intervention_order_tests.jl:40 [inlined]
   [4] macro expansion
     @ ~/.julia/juliaup/julia-1.13.0+0.aarch64.linux.gnu/share/julia/stdlib/v1.13/Test/src/Test.jl:753 [inlined]

Pricing trials defer new shifts without consuming perturbation levels: Test Failed at /home/jspitz/.codex/worktrees/adaptive-degeneracy/JSimplex.jl/test/adaptive_intervention_order_tests.jl:40
  Expression: isnothing(ws.scratch.perturbations)
   Evaluated: isnothing(JSimplex.PerturbationJournal{BigFloat}(0x0f40bb9a6d4df3f3, BigFloat[-1.0, 0.0], BigFloat[-1.0, 0.0], false, false, 0, nothing, 0, 0, JSimplex.BoundPerturbationState{BigFloat}(Bound{BigFloat}[Bound{BigFloat}(0.0, true), Bound{BigFloat}(0.0, false)], Bound{BigFloat}[Bound{BigFloat}(0.0, false), Bound{BigFloat}(0.0, true)], Bound{BigFloat}[Bound{BigFloat}(0.0, true), Bound{BigFloat}(0.0, false)], Bound{BigFloat}[Bound{BigFloat}(0.0, false), Bound{BigFloat}(9.999999999999999999999999999999999999999999999999999999999999999999999999999874e-7, true)], true, 3, JSimplex.StagnationMonitor{BigFloat, BigFloat}(2, 0.25, 0.5, 0.25, 4.421718300208355648197812153753804580411392186591376069132136176726319003219163e-75, 7, 1, 2, 1, :stalled, true, 0.0, 0.0, 0.0, 0.0, 0.0, 0.0, 0.25, 0.25, 0.25, 0.0, 0.0, 0.25, 0.0, 0.0, 0.0), 6, 0)))
  Stacktrace:
   [1] top-level scope
     @ ~/.codex/worktrees/adaptive-degeneracy/JSimplex.jl/test/adaptive_intervention_order_tests.jl:35
   [2] macro expansion
     @ ~/.julia/juliaup/julia-1.13.0+0.aarch64.linux.gnu/share/julia/stdlib/v1.13/Test/src/Test.jl:1962 [inlined]
   [3] macro expansion
     @ ~/.codex/worktrees/adaptive-degeneracy/JSimplex.jl/test/adaptive_intervention_order_tests.jl:40 [inlined]
   [4] macro expansion
     @ ~/.julia/juliaup/julia-1.13.0+0.aarch64.linux.gnu/share/julia/stdlib/v1.13/Test/src/Test.jl:753 [inlined]

Pricing trials defer new shifts without consuming perturbation levels: Test Failed at /home/jspitz/.codex/worktrees/adaptive-degeneracy/JSimplex.jl/test/adaptive_intervention_order_tests.jl:43
  Expression: isequal(original, (ws.costs, ws.lower, ws.upper))
   Evaluated: isequal((BigFloat[-1.0, 0.0], Bound{BigFloat}[Bound{BigFloat}(0.0, true), Bound{BigFloat}(0.0, false)], Bound{BigFloat}[Bound{BigFloat}(0.0, false), Bound{BigFloat}(0.0, true)]), (BigFloat[-1.0, 0.0], Bound{BigFloat}[Bound{BigFloat}(0.0, true), Bound{BigFloat}(0.0, false)], Bound{BigFloat}[Bound{BigFloat}(0.0, false), Bound{BigFloat}(9.999999999999999999999999999999999999999999999999999999999999999999999999999874e-7, true)]))
  Stacktrace:
   [1] top-level scope
     @ ~/.codex/worktrees/adaptive-degeneracy/JSimplex.jl/test/adaptive_intervention_order_tests.jl:35
   [2] macro expansion
     @ ~/.julia/juliaup/julia-1.13.0+0.aarch64.linux.gnu/share/julia/stdlib/v1.13/Test/src/Test.jl:1962 [inlined]
   [3] macro expansion
     @ ~/.codex/worktrees/adaptive-degeneracy/JSimplex.jl/test/adaptive_intervention_order_tests.jl:43 [inlined]
   [4] macro expansion
     @ ~/.julia/juliaup/julia-1.13.0+0.aarch64.linux.gnu/share/julia/stdlib/v1.13/Test/src/Test.jl:753 [inlined]

Pricing trials defer new shifts without consuming perturbation levels: Test Failed at /home/jspitz/.codex/worktrees/adaptive-degeneracy/JSimplex.jl/test/adaptive_intervention_order_tests.jl:44
  Expression: intervention_observation!(ws, algorithm) > 0
   Evaluated: 0 > 0
  Stacktrace:
   [1] top-level scope
     @ ~/.codex/worktrees/adaptive-degeneracy/JSimplex.jl/test/adaptive_intervention_order_tests.jl:35
   [2] macro expansion
     @ ~/.julia/juliaup/julia-1.13.0+0.aarch64.linux.gnu/share/julia/stdlib/v1.13/Test/src/Test.jl:1962 [inlined]
   [3] macro expansion
     @ ~/.codex/worktrees/adaptive-degeneracy/JSimplex.jl/test/adaptive_intervention_order_tests.jl:44 [inlined]
   [4] macro expansion
     @ ~/.julia/juliaup/julia-1.13.0+0.aarch64.linux.gnu/share/julia/stdlib/v1.13/Test/src/Test.jl:753 [inlined]

Pricing trials defer new shifts without consuming perturbation levels: Test Failed at /home/jspitz/.codex/worktrees/adaptive-degeneracy/JSimplex.jl/test/adaptive_intervention_order_tests.jl:48
  Expression: if algorithm == :primal
    journal.bounds.level == 1
else
    journal.level == 1
end
  Stacktrace:
   [1] top-level scope
     @ ~/.codex/worktrees/adaptive-degeneracy/JSimplex.jl/test/adaptive_intervention_order_tests.jl:35
   [2] macro expansion
     @ ~/.julia/juliaup/julia-1.13.0+0.aarch64.linux.gnu/share/julia/stdlib/v1.13/Test/src/Test.jl:1962 [inlined]
   [3] macro expansion
     @ ~/.codex/worktrees/adaptive-degeneracy/JSimplex.jl/test/adaptive_intervention_order_tests.jl:48 [inlined]
   [4] macro expansion
     @ ~/.julia/juliaup/julia-1.13.0+0.aarch64.linux.gnu/share/julia/stdlib/v1.13/Test/src/Test.jl:753 [inlined]

Pricing trials defer new shifts without consuming perturbation levels: Test Failed at /home/jspitz/.codex/worktrees/adaptive-degeneracy/JSimplex.jl/test/adaptive_intervention_order_tests.jl:49
  Expression: !(ws.scratch.stagnation.monitor.initialized)
  Stacktrace:
   [1] top-level scope
     @ ~/.codex/worktrees/adaptive-degeneracy/JSimplex.jl/test/adaptive_intervention_order_tests.jl:35
   [2] macro expansion
     @ ~/.julia/juliaup/julia-1.13.0+0.aarch64.linux.gnu/share/julia/stdlib/v1.13/Test/src/Test.jl:1962 [inlined]
   [3] macro expansion
     @ ~/.codex/worktrees/adaptive-degeneracy/JSimplex.jl/test/adaptive_intervention_order_tests.jl:49 [inlined]
   [4] macro expansion
     @ ~/.julia/juliaup/julia-1.13.0+0.aarch64.linux.gnu/share/julia/stdlib/v1.13/Test/src/Test.jl:753 [inlined]

Pricing trials defer new shifts without consuming perturbation levels: Test Failed at /home/jspitz/.codex/worktrees/adaptive-degeneracy/JSimplex.jl/test/adaptive_intervention_order_tests.jl:50
  Expression: [(x.event, x.iteration) for x = events if x.event in (:pricing_dantzig, :pricing_trial_expired, :perturbation)] == [(:pricing_dantzig, 4), (:pricing_trial_expired, 12), (:perturbation, 12)]
   Evaluated: [(:pricing_dantzig, 4), (:perturbation, 4), (:pricing_trial_expired, 12)] == [(:pricing_dantzig, 4), (:pricing_trial_expired, 12), (:perturbation, 12)]
  Stacktrace:
   [1] top-level scope
     @ ~/.codex/worktrees/adaptive-degeneracy/JSimplex.jl/test/adaptive_intervention_order_tests.jl:35
   [2] macro expansion
     @ ~/.julia/juliaup/julia-1.13.0+0.aarch64.linux.gnu/share/julia/stdlib/v1.13/Test/src/Test.jl:1962 [inlined]
   [3] macro expansion
     @ ~/.codex/worktrees/adaptive-degeneracy/JSimplex.jl/test/adaptive_intervention_order_tests.jl:50 [inlined]
   [4] macro expansion
     @ ~/.julia/juliaup/julia-1.13.0+0.aarch64.linux.gnu/share/julia/stdlib/v1.13/Test/src/Test.jl:753 [inlined]

Pricing trials defer new shifts without consuming perturbation levels: Test Failed at /home/jspitz/.codex/worktrees/adaptive-degeneracy/JSimplex.jl/test/adaptive_intervention_order_tests.jl:59
  Expression: if algorithm == :primal
    journal.bounds.level == 1
else
    journal.level == 1
end
  Stacktrace:
   [1] top-level scope
     @ ~/.codex/worktrees/adaptive-degeneracy/JSimplex.jl/test/adaptive_intervention_order_tests.jl:35
   [2] macro expansion
     @ ~/.julia/juliaup/julia-1.13.0+0.aarch64.linux.gnu/share/julia/stdlib/v1.13/Test/src/Test.jl:1962 [inlined]
   [3] macro expansion
     @ ~/.codex/worktrees/adaptive-degeneracy/JSimplex.jl/test/adaptive_intervention_order_tests.jl:59 [inlined]
   [4] macro expansion
     @ ~/.julia/juliaup/julia-1.13.0+0.aarch64.linux.gnu/share/julia/stdlib/v1.13/Test/src/Test.jl:753 [inlined]

Pricing trials defer new shifts without consuming perturbation levels: Test Failed at /home/jspitz/.codex/worktrees/adaptive-degeneracy/JSimplex.jl/test/adaptive_intervention_order_tests.jl:60
  Expression: all((!(x.temporary) for x = events if x.event == :perturbation))
   Evaluated: all(Base.Generator{Base.Iterators.Filter{var"#18#19", Vector{NamedTuple}}, var"#16#17"}(var"#16#17"(), Base.Iterators.Filter{var"#18#19", Vector{NamedTuple}}(var"#18#19"(), NamedTuple[(event = :refactor_initial, iteration = 0, temporary = false), (event = :stagnation_watch, iteration = 2, temporary = false), (event = :stagnation_stalled, iteration = 4, temporary = false), (event = :pricing_dantzig, iteration = 4, temporary = true), (event = :perturbation, iteration = 4, temporary = true), (event = :stagnation_watch, iteration = 6, temporary = true), (event = :stagnation_stalled, iteration = 8, temporary = true), (event = :stagnation_stalled, iteration = 10, temporary = true), (event = :stagnation_stalled, iteration = 12, temporary = true), (event = :pricing_steepest_edge, iteration = 12, temporary = false), (event = :pricing_trial_expired, iteration = 12, temporary = false), (event = :stagnation_stalled, iteration = 14, temporary = false), (event = :stagnation_stalled, iteration = 16, temporary = false), (event = :pricing_dantzig, iteration = 16, temporary = true)])))
  Stacktrace:
   [1] top-level scope
     @ ~/.codex/worktrees/adaptive-degeneracy/JSimplex.jl/test/adaptive_intervention_order_tests.jl:35
   [2] macro expansion
     @ ~/.julia/juliaup/julia-1.13.0+0.aarch64.linux.gnu/share/julia/stdlib/v1.13/Test/src/Test.jl:1962 [inlined]
   [3] macro expansion
     @ ~/.codex/worktrees/adaptive-degeneracy/JSimplex.jl/test/adaptive_intervention_order_tests.jl:60 [inlined]
   [4] macro expansion
     @ ~/.julia/juliaup/julia-1.13.0+0.aarch64.linux.gnu/share/julia/stdlib/v1.13/Test/src/Test.jl:753 [inlined]

Pricing trials defer new shifts without consuming perturbation levels: Test Failed at /home/jspitz/.codex/worktrees/adaptive-degeneracy/JSimplex.jl/test/adaptive_intervention_order_tests.jl:39
  Expression: intervention_observation!(ws, algorithm) == 0
   Evaluated: 1 == 0
  Stacktrace:
   [1] top-level scope
     @ ~/.codex/worktrees/adaptive-degeneracy/JSimplex.jl/test/adaptive_intervention_order_tests.jl:35
   [2] macro expansion
     @ ~/.julia/juliaup/julia-1.13.0+0.aarch64.linux.gnu/share/julia/stdlib/v1.13/Test/src/Test.jl:1962 [inlined]
   [3] macro expansion
     @ ~/.codex/worktrees/adaptive-degeneracy/JSimplex.jl/test/adaptive_intervention_order_tests.jl:39 [inlined]
   [4] macro expansion
     @ ~/.julia/juliaup/julia-1.13.0+0.aarch64.linux.gnu/share/julia/stdlib/v1.13/Test/src/Test.jl:753 [inlined]

Pricing trials defer new shifts without consuming perturbation levels: Test Failed at /home/jspitz/.codex/worktrees/adaptive-degeneracy/JSimplex.jl/test/adaptive_intervention_order_tests.jl:40
  Expression: isnothing(ws.scratch.perturbations)
   Evaluated: isnothing(JSimplex.PerturbationJournal{BigFloat}(0x2603397ba0010ae5, BigFloat[0.0, 0.0], BigFloat[8.999999999999999999999999999999999999999999999999999999999999999999999999999919e-7, 0.0], false, true, 1, JSimplex.StagnationMonitor{BigFloat, BigFloat}(2, 0.25, 0.5, 0.25, 4.421718300208355648197812153753804580411392186591376069132136176726319003219163e-75, 4, 0, 0, 0, :progress, false, -0.0, -0.0, -0.0, 0.5, 0.5, 0.5, 0.0, 0.0, 0.0, -0.0, 0.5, 0.0, 0.0, 0.0, 0.0), 4, 0, nothing))
  Stacktrace:
   [1] top-level scope
     @ ~/.codex/worktrees/adaptive-degeneracy/JSimplex.jl/test/adaptive_intervention_order_tests.jl:35
   [2] macro expansion
     @ ~/.julia/juliaup/julia-1.13.0+0.aarch64.linux.gnu/share/julia/stdlib/v1.13/Test/src/Test.jl:1962 [inlined]
   [3] macro expansion
     @ ~/.codex/worktrees/adaptive-degeneracy/JSimplex.jl/test/adaptive_intervention_order_tests.jl:40 [inlined]
   [4] ERROR: LoadError: Some tests did not pass: 167 passed, 101 failed, 0 errored, 0 broken.
in expression starting at /tmp/intervention_order_tests.jl:2
macro expansion
     @ ~/.julia/juliaup/julia-1.13.0+0.aarch64.linux.gnu/share/julia/stdlib/v1.13/Test/src/Test.jl:753 [inlined]

Pricing trials defer new shifts without consuming perturbation levels: Test Failed at /home/jspitz/.codex/worktrees/adaptive-degeneracy/JSimplex.jl/test/adaptive_intervention_order_tests.jl:40
  Expression: isnothing(ws.scratch.perturbations)
   Evaluated: isnothing(JSimplex.PerturbationJournal{BigFloat}(0x2603397ba0010ae5, BigFloat[0.0, 0.0], BigFloat[8.999999999999999999999999999999999999999999999999999999999999999999999999999919e-7, 0.0], false, true, 1, JSimplex.StagnationMonitor{BigFloat, BigFloat}(2, 0.25, 0.5, 0.25, 4.421718300208355648197812153753804580411392186591376069132136176726319003219163e-75, 4, 0, 0, 0, :progress, false, -0.0, -0.0, -0.0, 0.5, 0.5, 0.5, 0.0, 0.0, 0.0, -0.0, 0.5, 0.0, 0.0, 0.0, 0.0), 4, 0, nothing))
  Stacktrace:
   [1] top-level scope
     @ ~/.codex/worktrees/adaptive-degeneracy/JSimplex.jl/test/adaptive_intervention_order_tests.jl:35
   [2] macro expansion
     @ ~/.julia/juliaup/julia-1.13.0+0.aarch64.linux.gnu/share/julia/stdlib/v1.13/Test/src/Test.jl:1962 [inlined]
   [3] macro expansion
     @ ~/.codex/worktrees/adaptive-degeneracy/JSimplex.jl/test/adaptive_intervention_order_tests.jl:40 [inlined]
   [4] macro expansion
     @ ~/.julia/juliaup/julia-1.13.0+0.aarch64.linux.gnu/share/julia/stdlib/v1.13/Test/src/Test.jl:753 [inlined]

Pricing trials defer new shifts without consuming perturbation levels: Test Failed at /home/jspitz/.codex/worktrees/adaptive-degeneracy/JSimplex.jl/test/adaptive_intervention_order_tests.jl:40
  Expression: isnothing(ws.scratch.perturbations)
   Evaluated: isnothing(JSimplex.PerturbationJournal{BigFloat}(0x2603397ba0010ae5, BigFloat[0.0, 0.0], BigFloat[8.999999999999999999999999999999999999999999999999999999999999999999999999999919e-7, 0.0], false, true, 1, JSimplex.StagnationMonitor{BigFloat, BigFloat}(2, 0.25, 0.5, 0.25, 4.421718300208355648197812153753804580411392186591376069132136176726319003219163e-75, 4, 0, 0, 0, :progress, false, -0.0, -0.0, -0.0, 0.5, 0.5, 0.5, 0.0, 0.0, 0.0, -0.0, 0.5, 0.0, 0.0, 0.0, 0.0), 4, 0, nothing))
  Stacktrace:
   [1] top-level scope
     @ ~/.codex/worktrees/adaptive-degeneracy/JSimplex.jl/test/adaptive_intervention_order_tests.jl:35
   [2] macro expansion
     @ ~/.julia/juliaup/julia-1.13.0+0.aarch64.linux.gnu/share/julia/stdlib/v1.13/Test/src/Test.jl:1962 [inlined]
   [3] macro expansion
     @ ~/.codex/worktrees/adaptive-degeneracy/JSimplex.jl/test/adaptive_intervention_order_tests.jl:40 [inlined]
   [4] macro expansion
     @ ~/.julia/juliaup/julia-1.13.0+0.aarch64.linux.gnu/share/julia/stdlib/v1.13/Test/src/Test.jl:753 [inlined]

Pricing trials defer new shifts without consuming perturbation levels: Test Failed at /home/jspitz/.codex/worktrees/adaptive-degeneracy/JSimplex.jl/test/adaptive_intervention_order_tests.jl:40
  Expression: isnothing(ws.scratch.perturbations)
   Evaluated: isnothing(JSimplex.PerturbationJournal{BigFloat}(0x2603397ba0010ae5, BigFloat[0.0, 0.0], BigFloat[8.999999999999999999999999999999999999999999999999999999999999999999999999999919e-7, 0.0], false, true, 1, JSimplex.StagnationMonitor{BigFloat, BigFloat}(2, 0.25, 0.5, 0.25, 4.421718300208355648197812153753804580411392186591376069132136176726319003219163e-75, 4, 0, 0, 0, :progress, false, -0.0, -0.0, -0.0, 0.5, 0.5, 0.5, 0.0, 0.0, 0.0, -0.0, 0.5, 0.0, 0.0, 0.0, 0.0), 4, 0, nothing))
  Stacktrace:
   [1] top-level scope
     @ ~/.codex/worktrees/adaptive-degeneracy/JSimplex.jl/test/adaptive_intervention_order_tests.jl:35
   [2] macro expansion
     @ ~/.julia/juliaup/julia-1.13.0+0.aarch64.linux.gnu/share/julia/stdlib/v1.13/Test/src/Test.jl:1962 [inlined]
   [3] macro expansion
     @ ~/.codex/worktrees/adaptive-degeneracy/JSimplex.jl/test/adaptive_intervention_order_tests.jl:40 [inlined]
   [4] macro expansion
     @ ~/.julia/juliaup/julia-1.13.0+0.aarch64.linux.gnu/share/julia/stdlib/v1.13/Test/src/Test.jl:753 [inlined]

Pricing trials defer new shifts without consuming perturbation levels: Test Failed at /home/jspitz/.codex/worktrees/adaptive-degeneracy/JSimplex.jl/test/adaptive_intervention_order_tests.jl:39
  Expression: intervention_observation!(ws, algorithm) == 0
   Evaluated: 1 == 0
  Stacktrace:
   [1] top-level scope
     @ ~/.codex/worktrees/adaptive-degeneracy/JSimplex.jl/test/adaptive_intervention_order_tests.jl:35
   [2] macro expansion
     @ ~/.julia/juliaup/julia-1.13.0+0.aarch64.linux.gnu/share/julia/stdlib/v1.13/Test/src/Test.jl:1962 [inlined]
   [3] macro expansion
     @ ~/.codex/worktrees/adaptive-degeneracy/JSimplex.jl/test/adaptive_intervention_order_tests.jl:39 [inlined]
   [4] macro expansion
     @ ~/.julia/juliaup/julia-1.13.0+0.aarch64.linux.gnu/share/julia/stdlib/v1.13/Test/src/Test.jl:753 [inlined]

Pricing trials defer new shifts without consuming perturbation levels: Test Failed at /home/jspitz/.codex/worktrees/adaptive-degeneracy/JSimplex.jl/test/adaptive_intervention_order_tests.jl:40
  Expression: isnothing(ws.scratch.perturbations)
   Evaluated: isnothing(JSimplex.PerturbationJournal{BigFloat}(0x2603397ba0010ae5, BigFloat[0.0, 0.0], BigFloat[1.800001619999999999999999999999999999999999999999999999999999999999999999999977e-6, 0.0], false, true, 2, JSimplex.StagnationMonitor{BigFloat, BigFloat}(2, 0.25, 0.5, 0.25, 4.421718300208355648197812153753804580411392186591376069132136176726319003219163e-75, 4, 0, 0, 0, :progress, false, -0.0, -0.0, -0.0, 0.5, 0.5, 0.5, 0.0, 0.0, 0.0, -0.0, 0.5, 0.0, 0.0, 0.0, 0.0), 4, 0, nothing))
  Stacktrace:
   [1] top-level scope
     @ ~/.codex/worktrees/adaptive-degeneracy/JSimplex.jl/test/adaptive_intervention_order_tests.jl:35
   [2] macro expansion
     @ ~/.julia/juliaup/julia-1.13.0+0.aarch64.linux.gnu/share/julia/stdlib/v1.13/Test/src/Test.jl:1962 [inlined]
   [3] macro expansion
     @ ~/.codex/worktrees/adaptive-degeneracy/JSimplex.jl/test/adaptive_intervention_order_tests.jl:40 [inlined]
   [4] macro expansion
     @ ~/.julia/juliaup/julia-1.13.0+0.aarch64.linux.gnu/share/julia/stdlib/v1.13/Test/src/Test.jl:753 [inlined]

Pricing trials defer new shifts without consuming perturbation levels: Test Failed at /home/jspitz/.codex/worktrees/adaptive-degeneracy/JSimplex.jl/test/adaptive_intervention_order_tests.jl:40
  Expression: isnothing(ws.scratch.perturbations)
   Evaluated: isnothing(JSimplex.PerturbationJournal{BigFloat}(0x2603397ba0010ae5, BigFloat[0.0, 0.0], BigFloat[1.800001619999999999999999999999999999999999999999999999999999999999999999999977e-6, 0.0], false, true, 2, JSimplex.StagnationMonitor{BigFloat, BigFloat}(2, 0.25, 0.5, 0.25, 4.421718300208355648197812153753804580411392186591376069132136176726319003219163e-75, 4, 0, 0, 0, :progress, false, -0.0, -0.0, -0.0, 0.5, 0.5, 0.5, 0.0, 0.0, 0.0, -0.0, 0.5, 0.0, 0.0, 0.0, 0.0), 4, 0, nothing))
  Stacktrace:
   [1] top-level scope
     @ ~/.codex/worktrees/adaptive-degeneracy/JSimplex.jl/test/adaptive_intervention_order_tests.jl:35
   [2] macro expansion
     @ ~/.julia/juliaup/julia-1.13.0+0.aarch64.linux.gnu/share/julia/stdlib/v1.13/Test/src/Test.jl:1962 [inlined]
   [3] macro expansion
     @ ~/.codex/worktrees/adaptive-degeneracy/JSimplex.jl/test/adaptive_intervention_order_tests.jl:40 [inlined]
   [4] macro expansion
     @ ~/.julia/juliaup/julia-1.13.0+0.aarch64.linux.gnu/share/julia/stdlib/v1.13/Test/src/Test.jl:753 [inlined]

Pricing trials defer new shifts without consuming perturbation levels: Test Failed at /home/jspitz/.codex/worktrees/adaptive-degeneracy/JSimplex.jl/test/adaptive_intervention_order_tests.jl:40
  Expression: isnothing(ws.scratch.perturbations)
   Evaluated: isnothing(JSimplex.PerturbationJournal{BigFloat}(0x2603397ba0010ae5, BigFloat[0.0, 0.0], BigFloat[1.800001619999999999999999999999999999999999999999999999999999999999999999999977e-6, 0.0], false, true, 2, JSimplex.StagnationMonitor{BigFloat, BigFloat}(2, 0.25, 0.5, 0.25, 4.421718300208355648197812153753804580411392186591376069132136176726319003219163e-75, 4, 0, 0, 0, :progress, false, -0.0, -0.0, -0.0, 0.5, 0.5, 0.5, 0.0, 0.0, 0.0, -0.0, 0.5, 0.0, 0.0, 0.0, 0.0), 4, 0, nothing))
  Stacktrace:
   [1] top-level scope
     @ ~/.codex/worktrees/adaptive-degeneracy/JSimplex.jl/test/adaptive_intervention_order_tests.jl:35
   [2] macro expansion
     @ ~/.julia/juliaup/julia-1.13.0+0.aarch64.linux.gnu/share/julia/stdlib/v1.13/Test/src/Test.jl:1962 [inlined]
   [3] macro expansion
     @ ~/.codex/worktrees/adaptive-degeneracy/JSimplex.jl/test/adaptive_intervention_order_tests.jl:40 [inlined]
   [4] macro expansion
     @ ~/.julia/juliaup/julia-1.13.0+0.aarch64.linux.gnu/share/julia/stdlib/v1.13/Test/src/Test.jl:753 [inlined]

Pricing trials defer new shifts without consuming perturbation levels: Test Failed at /home/jspitz/.codex/worktrees/adaptive-degeneracy/JSimplex.jl/test/adaptive_intervention_order_tests.jl:40
  Expression: isnothing(ws.scratch.perturbations)
   Evaluated: isnothing(JSimplex.PerturbationJournal{BigFloat}(0x2603397ba0010ae5, BigFloat[0.0, 0.0], BigFloat[1.800001619999999999999999999999999999999999999999999999999999999999999999999977e-6, 0.0], false, true, 2, JSimplex.StagnationMonitor{BigFloat, BigFloat}(2, 0.25, 0.5, 0.25, 4.421718300208355648197812153753804580411392186591376069132136176726319003219163e-75, 4, 0, 0, 0, :progress, false, -0.0, -0.0, -0.0, 0.5, 0.5, 0.5, 0.0, 0.0, 0.0, -0.0, 0.5, 0.0, 0.0, 0.0, 0.0), 4, 0, nothing))
  Stacktrace:
   [1] top-level scope
     @ ~/.codex/worktrees/adaptive-degeneracy/JSimplex.jl/test/adaptive_intervention_order_tests.jl:35
   [2] macro expansion
     @ ~/.julia/juliaup/julia-1.13.0+0.aarch64.linux.gnu/share/julia/stdlib/v1.13/Test/src/Test.jl:1962 [inlined]
   [3] macro expansion
     @ ~/.codex/worktrees/adaptive-degeneracy/JSimplex.jl/test/adaptive_intervention_order_tests.jl:40 [inlined]
   [4] macro expansion
     @ ~/.julia/juliaup/julia-1.13.0+0.aarch64.linux.gnu/share/julia/stdlib/v1.13/Test/src/Test.jl:753 [inlined]

Pricing trials defer new shifts without consuming perturbation levels: Test Failed at /home/jspitz/.codex/worktrees/adaptive-degeneracy/JSimplex.jl/test/adaptive_intervention_order_tests.jl:43
  Expression: isequal(original, (ws.costs, ws.lower, ws.upper))
   Evaluated: isequal((BigFloat[0.0, 0.0], Bound{BigFloat}[Bound{BigFloat}(0.0, true), Bound{BigFloat}(1.0, true)], Bound{BigFloat}[Bound{BigFloat}(0.0, false), Bound{BigFloat}(0.0, false)]), (BigFloat[1.800001619999999999999999999999999999999999999999999999999999999999999999999977e-6, 0.0], Bound{BigFloat}[Bound{BigFloat}(0.0, true), Bound{BigFloat}(1.0, true)], Bound{BigFloat}[Bound{BigFloat}(0.0, false), Bound{BigFloat}(0.0, false)]))
  Stacktrace:
   [1] top-level scope
     @ ~/.codex/worktrees/adaptive-degeneracy/JSimplex.jl/test/adaptive_intervention_order_tests.jl:35
   [2] macro expansion
     @ ~/.julia/juliaup/julia-1.13.0+0.aarch64.linux.gnu/share/julia/stdlib/v1.13/Test/src/Test.jl:1962 [inlined]
   [3] macro expansion
     @ ~/.codex/worktrees/adaptive-degeneracy/JSimplex.jl/test/adaptive_intervention_order_tests.jl:43 [inlined]
   [4] macro expansion
     @ ~/.julia/juliaup/julia-1.13.0+0.aarch64.linux.gnu/share/julia/stdlib/v1.13/Test/src/Test.jl:753 [inlined]

Pricing trials defer new shifts without consuming perturbation levels: Test Failed at /home/jspitz/.codex/worktrees/adaptive-degeneracy/JSimplex.jl/test/adaptive_intervention_order_tests.jl:48
  Expression: if algorithm == :primal
    journal.bounds.level == 1
else
    journal.level == 1
end
  Stacktrace:
   [1] top-level scope
     @ ~/.codex/worktrees/adaptive-degeneracy/JSimplex.jl/test/adaptive_intervention_order_tests.jl:35
   [2] macro expansion
     @ ~/.julia/juliaup/julia-1.13.0+0.aarch64.linux.gnu/share/julia/stdlib/v1.13/Test/src/Test.jl:1962 [inlined]
   [3] macro expansion
     @ ~/.codex/worktrees/adaptive-degeneracy/JSimplex.jl/test/adaptive_intervention_order_tests.jl:48 [inlined]
   [4] macro expansion
     @ ~/.julia/juliaup/julia-1.13.0+0.aarch64.linux.gnu/share/julia/stdlib/v1.13/Test/src/Test.jl:753 [inlined]

Pricing trials defer new shifts without consuming perturbation levels: Test Failed at /home/jspitz/.codex/worktrees/adaptive-degeneracy/JSimplex.jl/test/adaptive_intervention_order_tests.jl:50
  Expression: [(x.event, x.iteration) for x = events if x.event in (:pricing_dantzig, :pricing_trial_expired, :perturbation)] == [(:pricing_dantzig, 4), (:pricing_trial_expired, 12), (:perturbation, 12)]
   Evaluated: [(:pricing_dantzig, 4), (:perturbation, 4), (:perturbation, 8), (:pricing_trial_expired, 12), (:perturbation, 12)] == [(:pricing_dantzig, 4), (:pricing_trial_expired, 12), (:perturbation, 12)]
  Stacktrace:
   [1] top-level scope
     @ ~/.codex/worktrees/adaptive-degeneracy/JSimplex.jl/test/adaptive_intervention_order_tests.jl:35
   [2] macro expansion
     @ ~/.julia/juliaup/julia-1.13.0+0.aarch64.linux.gnu/share/julia/stdlib/v1.13/Test/src/Test.jl:1962 [inlined]
   [3] macro expansion
     @ ~/.codex/worktrees/adaptive-degeneracy/JSimplex.jl/test/adaptive_intervention_order_tests.jl:50 [inlined]
   [4] macro expansion
     @ ~/.julia/juliaup/julia-1.13.0+0.aarch64.linux.gnu/share/julia/stdlib/v1.13/Test/src/Test.jl:753 [inlined]

Pricing trials defer new shifts without consuming perturbation levels: Test Failed at /home/jspitz/.codex/worktrees/adaptive-degeneracy/JSimplex.jl/test/adaptive_intervention_order_tests.jl:59
  Expression: if algorithm == :primal
    journal.bounds.level == 1
else
    journal.level == 1
end
  Stacktrace:
   [1] top-level scope
     @ ~/.codex/worktrees/adaptive-degeneracy/JSimplex.jl/test/adaptive_intervention_order_tests.jl:35
   [2] macro expansion
     @ ~/.julia/juliaup/julia-1.13.0+0.aarch64.linux.gnu/share/julia/stdlib/v1.13/Test/src/Test.jl:1962 [inlined]
   [3] macro expansion
     @ ~/.codex/worktrees/adaptive-degeneracy/JSimplex.jl/test/adaptive_intervention_order_tests.jl:59 [inlined]
   [4] macro expansion
     @ ~/.julia/juliaup/julia-1.13.0+0.aarch64.linux.gnu/share/julia/stdlib/v1.13/Test/src/Test.jl:753 [inlined]

Pricing trials defer new shifts without consuming perturbation levels: Test Failed at /home/jspitz/.codex/worktrees/adaptive-degeneracy/JSimplex.jl/test/adaptive_intervention_order_tests.jl:60
  Expression: all((!(x.temporary) for x = events if x.event == :perturbation))
   Evaluated: all(Base.Generator{Base.Iterators.Filter{var"#18#19", Vector{NamedTuple}}, var"#16#17"}(var"#16#17"(), Base.Iterators.Filter{var"#18#19", Vector{NamedTuple}}(var"#18#19"(), NamedTuple[(event = :refactor_initial, iteration = 0, temporary = false), (event = :stagnation_watch, iteration = 2, temporary = false), (event = :stagnation_stalled, iteration = 4, temporary = false), (event = :pricing_dantzig, iteration = 4, temporary = true), (event = :perturbation, iteration = 4, temporary = true), (event = :stagnation_watch, iteration = 6, temporary = true), (event = :stagnation_stalled, iteration = 8, temporary = true), (event = :perturbation, iteration = 8, temporary = true), (event = :stagnation_watch, iteration = 10, temporary = true), (event = :stagnation_stalled, iteration = 12, temporary = true), (event = :pricing_steepest_edge, iteration = 12, temporary = false), (event = :pricing_trial_expired, iteration = 12, temporary = false), (event = :perturbation, iteration = 12, temporary = false), (event = :stagnation_watch, iteration = 14, temporary = false), (event = :stagnation_stalled, iteration = 16, temporary = false), (event = :pricing_dantzig, iteration = 16, temporary = true)])))
  Stacktrace:
   [1] top-level scope
     @ ~/.codex/worktrees/adaptive-degeneracy/JSimplex.jl/test/adaptive_intervention_order_tests.jl:35
   [2] macro expansion
     @ ~/.julia/juliaup/julia-1.13.0+0.aarch64.linux.gnu/share/julia/stdlib/v1.13/Test/src/Test.jl:1962 [inlined]
   [3] macro expansion
     @ ~/.codex/worktrees/adaptive-degeneracy/JSimplex.jl/test/adaptive_intervention_order_tests.jl:60 [inlined]
   [4] macro expansion
     @ ~/.julia/juliaup/julia-1.13.0+0.aarch64.linux.gnu/share/julia/stdlib/v1.13/Test/src/Test.jl:753 [inlined]

A productive pricing trial ends without starting perturbation: Test Failed at /home/jspitz/.codex/worktrees/adaptive-degeneracy/JSimplex.jl/test/adaptive_intervention_order_tests.jl:91
  Expression: isnothing(ws.scratch.perturbations)
   Evaluated: isnothing(JSimplex.PerturbationJournal{Float64}(0x87c22c08e37f5142, [-1.0, 0.0], [-1.0, 0.0], false, false, 0, nothing, 0, 0, JSimplex.BoundPerturbationState{Float64}(Bound{Float64}[Bound{Float64}(0.0, true), Bound{Float64}(0.0, false)], Bound{Float64}[Bound{Float64}(0.0, false), Bound{Float64}(0.0, true)], Bound{Float64}[Bound{Float64}(0.0, true), Bound{Float64}(0.0, false)], Bound{Float64}[Bound{Float64}(0.0, false), Bound{Float64}(1.0e-6, true)], true, 1, JSimplex.StagnationMonitor{Float64, Float64}(2, 0.25, 0.5, 0.25, 5.684341886080802e-14, 4, 0, 0, 0, :progress, false, 0.0, 0.0, 0.0, 0.0, 0.0, 0.0, 0.25, 0.25, 0.25, 0.0, 0.0, 0.25, 0.0, 0.0, 0.0), 4, 0)))
  Stacktrace:
   [1] top-level scope
     @ ~/.codex/worktrees/adaptive-degeneracy/JSimplex.jl/test/adaptive_intervention_order_tests.jl:77
   [2] macro expansion
     @ ~/.julia/juliaup/julia-1.13.0+0.aarch64.linux.gnu/share/julia/stdlib/v1.13/Test/src/Test.jl:1962 [inlined]
   [3] macro expansion
     @ ~/.codex/worktrees/adaptive-degeneracy/JSimplex.jl/test/adaptive_intervention_order_tests.jl:91 [inlined]
   [4] macro expansion
     @ ~/.julia/juliaup/julia-1.13.0+0.aarch64.linux.gnu/share/julia/stdlib/v1.13/Test/src/Test.jl:753 [inlined]

A productive pricing trial ends without starting perturbation: Test Failed at /home/jspitz/.codex/worktrees/adaptive-degeneracy/JSimplex.jl/test/adaptive_intervention_order_tests.jl:91
  Expression: isnothing(ws.scratch.perturbations)
   Evaluated: isnothing(JSimplex.PerturbationJournal{Float64}(0xac331e00ac613c11, [0.0, 0.0], [9.0e-7, 0.0], false, true, 1, JSimplex.StagnationMonitor{Float64, Float64}(2, 0.25, 0.5, 0.25, 5.684341886080802e-14, 4, 0, 0, 0, :progress, false, -0.0, -0.0, -0.0, 0.5, 0.5, 0.5, 0.0, 0.0, 0.0, -0.0, 0.5, 0.0, 0.0, 0.0, 0.0), 4, 0, nothing))
  Stacktrace:
   [1] top-level scope
     @ ~/.codex/worktrees/adaptive-degeneracy/JSimplex.jl/test/adaptive_intervention_order_tests.jl:77
   [2] macro expansion
     @ ~/.julia/juliaup/julia-1.13.0+0.aarch64.linux.gnu/share/julia/stdlib/v1.13/Test/src/Test.jl:1962 [inlined]
   [3] macro expansion
     @ ~/.codex/worktrees/adaptive-degeneracy/JSimplex.jl/test/adaptive_intervention_order_tests.jl:91 [inlined]
   [4] macro expansion
     @ ~/.julia/juliaup/julia-1.13.0+0.aarch64.linux.gnu/share/julia/stdlib/v1.13/Test/src/Test.jl:753 [inlined]

Cancellation between trial expiry and a shift leaves the LP untouched: Test Failed at /home/jspitz/.codex/worktrees/adaptive-degeneracy/JSimplex.jl/test/adaptive_intervention_order_tests.jl:104
  Expression: isequal(original, (ws.costs, ws.lower, ws.upper))
   Evaluated: isequal(([-1.0, 0.0], Bound{Float64}[Bound{Float64}(0.0, true), Bound{Float64}(0.0, false)], Bound{Float64}[Bound{Float64}(0.0, false), Bound{Float64}(0.0, true)]), ([-1.0, 0.0], Bound{Float64}[Bound{Float64}(0.0, true), Bound{Float64}(0.0, false)], Bound{Float64}[Bound{Float64}(0.0, false), Bound{Float64}(1.0e-6, true)]))
  Stacktrace:
   [1] top-level scope
     @ ~/.codex/worktrees/adaptive-degeneracy/JSimplex.jl/test/adaptive_intervention_order_tests.jl:97
   [2] macro expansion
     @ ~/.julia/juliaup/julia-1.13.0+0.aarch64.linux.gnu/share/julia/stdlib/v1.13/Test/src/Test.jl:1962 [inlined]
   [3] macro expansion
     @ ~/.codex/worktrees/adaptive-degeneracy/JSimplex.jl/test/adaptive_intervention_order_tests.jl:104 [inlined]
   [4] macro expansion
     @ ~/.julia/juliaup/julia-1.13.0+0.aarch64.linux.gnu/share/julia/stdlib/v1.13/Test/src/Test.jl:753 [inlined]

Cancellation between trial expiry and a shift leaves the LP untouched: Test Failed at /home/jspitz/.codex/worktrees/adaptive-degeneracy/JSimplex.jl/test/adaptive_intervention_order_tests.jl:105
  Expression: isnothing(ws.scratch.perturbations)
   Evaluated: isnothing(JSimplex.PerturbationJournal{Float64}(0x03b3c7d7db610dae, [-1.0, 0.0], [-1.0, 0.0], false, false, 0, nothing, 0, 0, JSimplex.BoundPerturbationState{Float64}(Bound{Float64}[Bound{Float64}(0.0, true), Bound{Float64}(0.0, false)], Bound{Float64}[Bound{Float64}(0.0, false), Bound{Float64}(0.0, true)], Bound{Float64}[Bound{Float64}(0.0, true), Bound{Float64}(0.0, false)], Bound{Float64}[Bound{Float64}(0.0, false), Bound{Float64}(1.0e-6, true)], true, 3, JSimplex.StagnationMonitor{Float64, Float64}(2, 0.25, 0.5, 0.25, 5.684341886080802e-14, 8, 2, 2, 2, :stalled, true, 0.0, 0.0, 0.0, 0.0, 0.0, 0.0, 0.25, 0.25, 0.25, 0.0, 0.0, 0.25, 0.0, 0.0, 0.0), 6, 0)))
  Stacktrace:
   [1] top-level scope
     @ ~/.codex/worktrees/adaptive-degeneracy/JSimplex.jl/test/adaptive_intervention_order_tests.jl:97
   [2] macro expansion
     @ ~/.julia/juliaup/julia-1.13.0+0.aarch64.linux.gnu/share/julia/stdlib/v1.13/Test/src/Test.jl:1962 [inlined]
   [3] macro expansion
     @ ~/.codex/worktrees/adaptive-degeneracy/JSimplex.jl/test/adaptive_intervention_order_tests.jl:105 [inlined]
   [4] macro expansion
     @ ~/.julia/juliaup/julia-1.13.0+0.aarch64.linux.gnu/share/julia/stdlib/v1.13/Test/src/Test.jl:753 [inlined]

Cancellation between trial expiry and a shift leaves the LP untouched: Test Failed at /home/jspitz/.codex/worktrees/adaptive-degeneracy/JSimplex.jl/test/adaptive_intervention_order_tests.jl:106
  Expression: !(any((x.event == :perturbation for x = events)))
   Evaluated: !(any(Base.Generator{Vector{NamedTuple}, var"#33#34"}(var"#33#34"(), NamedTuple[(event = :refactor_initial, iteration = 0, temporary = false), (event = :stagnation_watch, iteration = 2, temporary = false), (event = :stagnation_stalled, iteration = 4, temporary = false), (event = :pricing_dantzig, iteration = 4, temporary = true), (event = :perturbation, iteration = 4, temporary = true), (event = :stagnation_watch, iteration = 6, temporary = true), (event = :stagnation_stalled, iteration = 8, temporary = true), (event = :stagnation_stalled, iteration = 10, temporary = true), (event = :stagnation_stalled, iteration = 12, temporary = true), (event = :pricing_steepest_edge, iteration = 12, temporary = false), (event = :pricing_trial_expired, iteration = 12, temporary = false)])))
  Stacktrace:
   [1] top-level scope
     @ ~/.codex/worktrees/adaptive-degeneracy/JSimplex.jl/test/adaptive_intervention_order_tests.jl:97
   [2] macro expansion
     @ ~/.julia/juliaup/julia-1.13.0+0.aarch64.linux.gnu/share/julia/stdlib/v1.13/Test/src/Test.jl:1962 [inlined]
   [3] macro expansion
     @ ~/.codex/worktrees/adaptive-degeneracy/JSimplex.jl/test/adaptive_intervention_order_tests.jl:106 [inlined]
   [4] macro expansion
     @ ~/.julia/juliaup/julia-1.13.0+0.aarch64.linux.gnu/share/julia/stdlib/v1.13/Test/src/Test.jl:753 [inlined]

Cancellation between trial expiry and a shift leaves the LP untouched: Test Failed at /home/jspitz/.codex/worktrees/adaptive-degeneracy/JSimplex.jl/test/adaptive_intervention_order_tests.jl:104
  Expression: isequal(original, (ws.costs, ws.lower, ws.upper))
   Evaluated: isequal(([0.0, 0.0], Bound{Float64}[Bound{Float64}(0.0, true), Bound{Float64}(1.0, true)], Bound{Float64}[Bound{Float64}(0.0, false), Bound{Float64}(0.0, false)]), ([1.80000162e-6, 0.0], Bound{Float64}[Bound{Float64}(0.0, true), Bound{Float64}(1.0, true)], Bound{Float64}[Bound{Float64}(0.0, false), Bound{Float64}(0.0, false)]))
  Stacktrace:
   [1] top-level scope
     @ ~/.codex/worktrees/adaptive-degeneracy/JSimplex.jl/test/adaptive_intervention_order_tests.jl:97
   [2] macro expansion
     @ ~/.julia/juliaup/julia-1.13.0+0.aarch64.linux.gnu/share/julia/stdlib/v1.13/Test/src/Test.jl:1962 [inlined]
   [3] macro expansion
     @ ~/.codex/worktrees/adaptive-degeneracy/JSimplex.jl/test/adaptive_intervention_order_tests.jl:104 [inlined]
   [4] macro expansion
     @ ~/.julia/juliaup/julia-1.13.0+0.aarch64.linux.gnu/share/julia/stdlib/v1.13/Test/src/Test.jl:753 [inlined]

Cancellation between trial expiry and a shift leaves the LP untouched: Test Failed at /home/jspitz/.codex/worktrees/adaptive-degeneracy/JSimplex.jl/test/adaptive_intervention_order_tests.jl:105
  Expression: isnothing(ws.scratch.perturbations)
   Evaluated: isnothing(JSimplex.PerturbationJournal{Float64}(0xbc35e042cc654acd, [0.0, 0.0], [1.80000162e-6, 0.0], false, true, 2, JSimplex.StagnationMonitor{Float64, Float64}(2, 0.25, 0.5, 0.25, 5.684341886080802e-14, 4, 0, 0, 0, :progress, false, -0.0, -0.0, -0.0, 0.5, 0.5, 0.5, 0.0, 0.0, 0.0, -0.0, 0.5, 0.0, 0.0, 0.0, 0.0), 4, 0, nothing))
  Stacktrace:
   [1] top-level scope
     @ ~/.codex/worktrees/adaptive-degeneracy/JSimplex.jl/test/adaptive_intervention_order_tests.jl:97
   [2] macro expansion
     @ ~/.julia/juliaup/julia-1.13.0+0.aarch64.linux.gnu/share/julia/stdlib/v1.13/Test/src/Test.jl:1962 [inlined]
   [3] macro expansion
     @ ~/.codex/worktrees/adaptive-degeneracy/JSimplex.jl/test/adaptive_intervention_order_tests.jl:105 [inlined]
   [4] macro expansion
     @ ~/.julia/juliaup/julia-1.13.0+0.aarch64.linux.gnu/share/julia/stdlib/v1.13/Test/src/Test.jl:753 [inlined]

Cancellation between trial expiry and a shift leaves the LP untouched: Test Failed at /home/jspitz/.codex/worktrees/adaptive-degeneracy/JSimplex.jl/test/adaptive_intervention_order_tests.jl:106
  Expression: !(any((x.event == :perturbation for x = events)))
   Evaluated: !(any(Base.Generator{Vector{NamedTuple}, var"#33#34"}(var"#33#34"(), NamedTuple[(event = :refactor_initial, iteration = 0, temporary = false), (event = :stagnation_watch, iteration = 2, temporary = false), (event = :stagnation_stalled, iteration = 4, temporary = false), (event = :pricing_dantzig, iteration = 4, temporary = true), (event = :perturbation, iteration = 4, temporary = true), (event = :stagnation_watch, iteration = 6, temporary = true), (event = :stagnation_stalled, iteration = 8, temporary = true), (event = :perturbation, iteration = 8, temporary = true), (event = :stagnation_watch, iteration = 10, temporary = true), (event = :stagnation_stalled, iteration = 12, temporary = true), (event = :pricing_steepest_edge, iteration = 12, temporary = false), (event = :pricing_trial_expired, iteration = 12, temporary = false)])))
  Stacktrace:
   [1] top-level scope
     @ ~/.codex/worktrees/adaptive-degeneracy/JSimplex.jl/test/adaptive_intervention_order_tests.jl:97
   [2] macro expansion
     @ ~/.julia/juliaup/julia-1.13.0+0.aarch64.linux.gnu/share/julia/stdlib/v1.13/Test/src/Test.jl:1962 [inlined]
   [3] macro expansion
     @ ~/.codex/worktrees/adaptive-degeneracy/JSimplex.jl/test/adaptive_intervention_order_tests.jl:106 [inlined]
   [4] macro expansion
     @ ~/.julia/juliaup/julia-1.13.0+0.aarch64.linux.gnu/share/julia/stdlib/v1.13/Test/src/Test.jl:753 [inlined]
Test Summary:                                                           | Pass  Fail  Total  Time
Ordered intervention regressions                                        |  167   101    268  0.5s
  Pricing trials defer new shifts without consuming perturbation levels |  129    93    222  0.4s
  Perturbation-only and explicit Dantzig need no pricing trial          |   24           24  0.0s
  A productive pricing trial ends without starting perturbation         |   12     2     14  0.0s
  Cancellation between trial expiry and a shift leaves the LP untouched |    2     6      8  0.0s
RNG of the outermost testset: Random.Xoshiro(0x1dfd26533a7d082b, 0xb2c5147112700e39, 0xdf8996348eb24e55, 0xa20a859b119e082c, 0x0245f9eab69af3b3)
