CHECK presolve_tolerance
CHECK presolve_dispatch
CHECK retry_dispatch
CHECK benchmark_regression
CHECK dual_pivot_consistency
CHECK legacy_dual_correction
CHECK legacy_dual_price_repair
CHECK legacy_correction_cycle
CHECK dual_core_policy
CHECK legacy_retry_edge
CHECK dual_small_pivot_price
CHECK dual_simplex
[ Info: Loaded problem: rows=14 columns=9 nnz=54
[ Info: Solve finished: status=MIP_NOT_SUPPORTED reason=discrete domains require relax_integrality=true iterations=0 time=0.0020197s
[ Info: Loaded problem: rows=18 columns=18 nnz=46
[ Info: Solve finished: status=MIP_NOT_SUPPORTED reason=discrete domains require relax_integrality=true iterations=0 time=0.001278s
[ Info: Loaded problem: rows=4 columns=34 nnz=123
[ Info: Solve finished: status=MIP_NOT_SUPPORTED reason=discrete domains require relax_integrality=true iterations=0 time=0.0020265s
[ Info: Loaded problem: rows=45 columns=86 nnz=915
[ Info: Solve finished: status=MIP_NOT_SUPPORTED reason=discrete domains require relax_integrality=true iterations=0 time=0.009222502s
┌ Info: Refined dual pivot row, direction, and prices
│   iteration = 0
│   leaving_row = 1
│   original_entering_index = 2
│   entering_index = 1
│   old_pivot = -0.4761904761904762
└   refined_pivot = -1.0
┌ Info: Starting simplex phase II
│   algorithm = :dual
│   iter = 0
└   time = 0.001706101
[ Info: iter=1 obj=0.0 pinf=9.99998999991e9 (1) dinf=0.0 (0) time=0.004477402s
[ Info: iter=2 obj=0.0 pinf=0.0 (0) dinf=0.0 (0) time=0.008242604s
┌ Info: Starting simplex phase I
│   algorithm = :dual
│   iter = 0
└   time = 0.002177601
[ Info: iter=1 obj=0.0 pinf=250.00000000000003 (1) dinf=0.0 (0) time=0.004477302s
[ Info: iter=2 obj=0.0 pinf=0.0 (0) dinf=0.0 (0) time=0.006470103s
[ Info: iter=2 obj=2.9999999999999996 pinf=0.0 (0) dinf=0.0 (0) time=0.009445205s
┌ Info: Starting simplex phase II
│   algorithm = :dual
│   iter = 2
└   time = 0.009841705
┌ Info: Starting simplex phase II
│   algorithm = :dual
│   iter = 0
└   time = 0.001668601
┌ Info: Starting simplex phase I
│   algorithm = :dual
│   iter = 0
└   time = 0.002202401
[ Info: iter=2 obj=2.9999999999999996 pinf=0.0 (0) dinf=0.0 (0) time=0.007592204s
┌ Info: Starting simplex phase II
│   algorithm = :dual
│   iter = 2
└   time = 0.007993404
┌ Info: Starting simplex phase II
│   algorithm = :dual
│   iter = 0
└   time = 0.001292501
┌ Info: Starting simplex phase II
│   algorithm = :dual
│   iter = 0
└   time = 0.001275901
┌ Info: Starting simplex phase II
│   algorithm = :dual
│   iter = 0
└   time = 0.0012942
┌ Info: Starting simplex phase II
│   algorithm = :dual
│   iter = 0
└   time = 0.001328101
[ Info: iter=1 obj=1.0 pinf=0.0 (0) dinf=0.0 (0) time=0.003144602s
┌ Info: Starting simplex phase I
│   algorithm = :dual
│   iter = 0
└   time = 0.001719801
┌ Info: Starting simplex phase I
│   algorithm = :dual
│   iter = 0
└   time = 0.001721201
┌ Info: Starting simplex phase I
│   algorithm = :dual
│   iter = 0
└   time = 0.002063801
┌ Info: Starting simplex phase I
│   algorithm = :dual
│   iter = 0
└   time = 0.001756501
┌ Info: Starting simplex phase I
│   algorithm = :dual
│   iter = 0
└   time = 0.0017309
[ Info: iter=1 obj=-3.0 pinf=0.0 (0) dinf=0.0 (0) time=0.005235502s
┌ Info: Starting simplex phase I
│   algorithm = :dual
│   iter = 0
└   time = 0.001695601
┌ Info: Starting simplex phase II
│   algorithm = :dual
│   iter = 0
└   time = 0.0012944
┌ Info: Starting simplex phase II
│   algorithm = :dual
│   iter = 0
└   time = 0.0012925
┌ Info: Starting simplex phase II
│   algorithm = :dual
│   iter = 0
└   time = 0.001285601
┌ Info: Starting simplex phase II
│   algorithm = :dual
│   iter = 0
└   time = 0.0012987
[ Info: iter=1 obj=1.0 pinf=0.0 (0) dinf=0.0 (0) time=0.003216901s
┌ Info: Starting simplex phase I
│   algorithm = :dual
│   iter = 0
└   time = 0.0017178
┌ Info: Starting simplex phase I
│   algorithm = :dual
│   iter = 0
└   time = 0.001971101
┌ Info: Starting simplex phase I
│   algorithm = :dual
│   iter = 0
└   time = 0.0017323
┌ Info: Starting simplex phase I
│   algorithm = :dual
│   iter = 0
└   time = 0.001722401
┌ Info: Starting simplex phase I
│   algorithm = :dual
│   iter = 0
└   time = 0.002212601
[ Info: iter=1 obj=-3.0 pinf=0.0 (0) dinf=0.0 (0) time=0.005772303s
┌ Info: Starting simplex phase I
│   algorithm = :dual
│   iter = 0
└   time = 0.001665801
┌ Info: Starting simplex phase II
│   algorithm = :dual
│   iter = 0
└   time = 0.0015288
┌ Info: Starting simplex phase II
│   algorithm = :dual
│   iter = 0
└   time = 0.001299701
[ Info: iter=0 obj=0.0 pinf=2.0 (1) dinf=0.0 (0) time=0.002667201s
┌ Info: Starting simplex phase II
│   algorithm = :dual
│   iter = 0
└   time = 0.000551
┌ Info: Starting simplex phase II
│   algorithm = :dual
│   iter = 0
└   time = 0.0012907
┌ Info: Starting simplex phase II
│   algorithm = :dual
│   iter = 0
└   time = 0.001353501
[ Info: iter=0 obj=0.0 pinf=1.0 (1) dinf=0.0 (0) time=0.002672602s
┌ Info: Starting simplex phase II
│   algorithm = :dual
│   iter = 0
└   time = 0.001278001
[ Info: iter=0 obj=0.0 pinf=1.0 (1) dinf=0.0 (0) time=0.002559401s
┌ Info: Starting simplex phase I
│   algorithm = :dual
│   iter = 0
└   time = 0.001813401
┌ Info: Starting simplex phase II
│   algorithm = :dual
│   iter = 0
└   time = 0.0012895
[ Info: Loaded problem: rows=1 columns=1 nnz=1
[ Info: Starting presolve
[ Info: After presolve: rows=1 columns=1 nnz=1
┌ Info: Starting simplex phase II
│   algorithm = :dual
│   iter = 0
└   time = 0.004643102
[ Info: Solve finished: status=NUMERICAL_ERROR reason=original-objective optimality certificate is inconclusive iterations=1 time=0.006690903s
┌ Info: Starting simplex phase II
│   algorithm = :dual
│   iter = 0
└   time = 0.001283601
[ Info: Loaded problem: rows=1 columns=1 nnz=1
[ Info: Starting presolve
[ Info: After presolve: rows=1 columns=1 nnz=1
┌ Info: Starting simplex phase II
│   algorithm = :dual
│   iter = 0
└   time = 0.004281902
[ Info: Solve finished: status=NUMERICAL_ERROR reason=structural primal failed original-model feasibility checks iterations=1 time=0.006165303s
┌ Info: Starting simplex phase II
│   algorithm = :dual
│   iter = 0
└   time = 0.001292701
[ Info: Loaded problem: rows=1 columns=1 nnz=1
[ Info: Starting presolve
[ Info: After presolve: rows=1 columns=1 nnz=1
┌ Info: Starting simplex phase II
│   algorithm = :dual
│   iter = 0
└   time = 0.004267902
[ Info: Solve finished: status=NUMERICAL_ERROR reason=original-objective optimality certificate is inconclusive iterations=1 time=0.006280703s
┌ Info: Starting simplex phase I
│   algorithm = :dual
│   iter = 0
└   time = 0.0017523
[ Info: Loaded problem: rows=1 columns=1 nnz=1
[ Info: Starting presolve
[ Info: After presolve: rows=1 columns=1 nnz=1
┌ Info: Starting simplex phase I
│   algorithm = :dual
│   iter = 0
└   time = 0.005238802
[ Info: iter=1 obj=-1.0e13 pinf=0.0 (0) dinf=0.0 (0) time=0.008715404s
┌ Info: Starting simplex phase II
│   algorithm = :dual
│   iter = 1
└   time = 0.009053804
[ Info: Solve finished: status=NUMERICAL_ERROR reason=structural primal failed original-model feasibility checks iterations=1 time=0.010137004s
┌ Info: Starting simplex phase I
│   algorithm = :dual
│   iter = 0
└   time = 0.001753001
[ Info: Loaded problem: rows=1 columns=1 nnz=1
[ Info: Starting presolve
[ Info: After presolve: rows=1 columns=1 nnz=1
┌ Info: Starting simplex phase I
│   algorithm = :dual
│   iter = 0
└   time = 0.004593702
[ Info: iter=1 obj=-1.0e12 pinf=0.0 (0) dinf=0.0 (0) time=0.008010603s
┌ Info: Starting simplex phase II
│   algorithm = :dual
│   iter = 1
└   time = 0.008346604
[ Info: Solve finished: status=NUMERICAL_ERROR reason=original-objective optimality certificate is inconclusive iterations=1 time=0.009478804s
┌ Info: Starting simplex phase I
│   algorithm = :dual
│   iter = 0
└   time = 0.0017302
[ Info: Loaded problem: rows=1 columns=1 nnz=1
[ Info: Starting presolve
[ Info: After presolve: rows=1 columns=1 nnz=1
┌ Info: Starting simplex phase I
│   algorithm = :dual
│   iter = 0
└   time = 0.004509302
[ Info: iter=1 obj=-1.0e13 pinf=0.0 (0) dinf=0.0 (0) time=0.008294503s
┌ Info: Starting simplex phase II
│   algorithm = :dual
│   iter = 1
└   time = 0.008648504
[ Info: Solve finished: status=NUMERICAL_ERROR reason=structural primal failed original-model feasibility checks iterations=1 time=0.009621204s
┌ Info: Starting simplex phase I
│   algorithm = :dual
│   iter = 0
└   time = 0.0017556
[ Info: Loaded problem: rows=1 columns=1 nnz=1
[ Info: Starting presolve
[ Info: After presolve: rows=1 columns=1 nnz=1
┌ Info: Starting simplex phase I
│   algorithm = :dual
│   iter = 0
└   time = 0.016404107
[ Info: iter=1 obj=-1.0e13 pinf=0.0 (0) dinf=0.0 (0) time=0.020127509s
┌ Info: Starting simplex phase II
│   algorithm = :dual
│   iter = 1
└   time = 0.020475409
[ Info: Solve finished: status=NUMERICAL_ERROR reason=structural primal failed original-model feasibility checks iterations=1 time=0.021524809s
┌ Info: Starting simplex phase II
│   algorithm = :dual
│   iter = 0
└   time = 0.0013136
[ Info: iter=0 obj=0.0 pinf=1.0 (1) dinf=0.0 (0) time=0.002653101s
[ Info: Loaded problem: rows=1 columns=1 nnz=0
[ Info: Starting presolve
[ Info: After presolve: rows=0 columns=0 nnz=0
[ Info: Solve finished: status=INFEASIBLE reason=empty row 1 is infeasible iterations=0 time=0.002518601s
┌ Info: Starting simplex phase II
│   algorithm = :dual
│   iter = 0
└   time = 0.001294701
[ Info: iter=0 obj=0.0 pinf=1.0 (1) dinf=0.0 (0) time=0.002601301s
[ Info: Loaded problem: rows=1 columns=1 nnz=1
[ Info: Starting presolve
[ Info: After presolve: rows=1 columns=1 nnz=1
[ Info: Solve finished: status=INFEASIBLE reason=row 1 contradicts current column bounds iterations=0 time=0.005865703s
┌ Info: Starting simplex phase I
│   algorithm = :dual
│   iter = 0
└   time = 0.001740301
[ Info: Loaded problem: rows=1 columns=1 nnz=0
[ Info: Starting presolve
[ Info: After presolve: rows=0 columns=1 nnz=0
┌ Info: Starting simplex phase II
│   algorithm = :dual
│   iter = 0
└   time = 0.002566401
[ Info: Restarting simplex on original LP after UNBOUNDED: unbounded improving direction; completed iterations=0
┌ Info: Starting simplex phase I
│   algorithm = :dual
│   iter = 0
└   time = 0.004922902
[ Info: Solve finished: status=UNBOUNDED reason=unbounded improving direction iterations=0 time=0.006885403s
┌ Info: Starting simplex phase I
│   algorithm = :dual
│   iter = 0
└   time = 0.0017459
[ Info: Loaded problem: rows=1 columns=1 nnz=1
[ Info: Starting presolve
[ Info: After presolve: rows=0 columns=1 nnz=0
┌ Info: Starting simplex phase II
│   algorithm = :dual
│   iter = 0
└   time = 0.003910902
[ Info: Restarting simplex on original LP after UNBOUNDED: unbounded improving direction; completed iterations=0
┌ Info: Starting simplex phase I
│   algorithm = :dual
│   iter = 0
└   time = 0.006185403
[ Info: Solve finished: status=UNBOUNDED reason=unbounded improving direction iterations=0 time=0.007980904s
┌ Info: Starting simplex phase I
│   algorithm = :dual
│   iter = 0
└   time = 0.001845401
[ Info: Loaded problem: rows=1 columns=1 nnz=1
[ Info: Starting presolve
[ Info: After presolve: rows=0 columns=1 nnz=0
┌ Info: Starting simplex phase II
│   algorithm = :dual
│   iter = 0
└   time = 0.002686601
[ Info: Restarting simplex on original LP after UNBOUNDED: unbounded improving direction; completed iterations=0
┌ Info: Starting simplex phase I
│   algorithm = :dual
│   iter = 0
└   time = 0.004950102
[ Info: Solve finished: status=UNBOUNDED reason=unbounded improving direction iterations=0 time=0.006757803s
┌ Info: Starting simplex phase II
│   algorithm = :dual
│   iter = 0
└   time = 0.001462201
[ Info: Loaded problem: rows=1 columns=1 nnz=1
[ Info: Starting presolve
[ Info: After presolve: rows=1 columns=1 nnz=1
┌ Info: Starting simplex phase II
│   algorithm = :dual
│   iter = 0
└   time = 0.003743502
[ Info: Solve finished: status=NUMERICAL_ERROR reason=eligible pivots are below the Harris safety cutoff iterations=0 time=0.004484002s
[ Info: Loaded problem: rows=1 columns=1 nnz=1
[ Info: Starting presolve
[ Info: After presolve: rows=1 columns=1 nnz=1
┌ Info: Starting simplex phase II
│   algorithm = :dual
│   iter = 0
└   time = 0.004006102
[ Info: Solve finished: status=OPTIMAL objective=0.0 iterations=1 time=0.006375303s
┌ Info: Starting simplex phase I
│   algorithm = :dual
│   iter = 0
└   time = 0.001934801
[ Info: iter=1 obj=-1.0 pinf=0.0 (0) dinf=0.0 (0) time=0.003931102s
[ Info: Loaded problem: rows=1 columns=2 nnz=2
[ Info: Starting presolve
[ Info: After presolve: rows=0 columns=1 nnz=0
┌ Info: Starting simplex phase II
│   algorithm = :dual
│   iter = 0
└   time = 0.004718202
[ Info: Restarting simplex on original LP after UNBOUNDED: unbounded improving direction; completed iterations=0
┌ Info: Starting simplex phase I
│   algorithm = :dual
│   iter = 0
└   time = 0.007161203
[ Info: iter=1 obj=-1.0 pinf=0.0 (0) dinf=0.0 (0) time=0.009425004s
[ Info: Solve finished: status=NUMERICAL_ERROR reason=Original LP retry failed after UNBOUNDED (unbounded improving direction): auxiliary direction has uncertain feasibility or objective improvement iterations=1 time=0.009996004s
┌ Info: Starting simplex phase I
│   algorithm = :dual
│   iter = 0
└   time = 0.0019211
[ Info: Loaded problem: rows=1 columns=2 nnz=2
[ Info: Starting presolve
[ Info: After presolve: rows=0 columns=1 nnz=0
┌ Info: Starting simplex phase II
│   algorithm = :dual
│   iter = 0
└   time = 0.004632602
[ Info: Restarting simplex on original LP after UNBOUNDED: unbounded improving direction; completed iterations=0
┌ Info: Starting simplex phase I
│   algorithm = :dual
│   iter = 0
└   time = 0.007071803
[ Info: Solve finished: status=NUMERICAL_ERROR reason=Original LP retry failed after UNBOUNDED (unbounded improving direction): auxiliary direction has uncertain feasibility or objective improvement iterations=1 time=0.008720404s
┌ Info: Starting simplex phase I
│   algorithm = :dual
│   iter = 0
└   time = 0.001921201
[ Info: iter=1 obj=-1.0 pinf=0.0 (0) dinf=0.0 (0) time=0.003999502s
[ Info: Loaded problem: rows=1 columns=2 nnz=2
[ Info: Starting presolve
[ Info: After presolve: rows=0 columns=1 nnz=0
┌ Info: Starting simplex phase II
│   algorithm = :dual
│   iter = 0
└   time = 0.004605802
[ Info: Restarting simplex on original LP after UNBOUNDED: unbounded improving direction; completed iterations=0
┌ Info: Starting simplex phase I
│   algorithm = :dual
│   iter = 0
└   time = 0.007054003
[ Info: iter=1 obj=-1.0 pinf=0.0 (0) dinf=0.0 (0) time=0.008984104s
[ Info: Solve finished: status=NUMERICAL_ERROR reason=Original LP retry failed after UNBOUNDED (unbounded improving direction): auxiliary direction has uncertain feasibility or objective improvement iterations=1 time=0.009552105s
┌ Info: Starting simplex phase I
│   algorithm = :dual
│   iter = 0
└   time = 0.001952601
[ Info: Loaded problem: rows=1 columns=2 nnz=2
[ Info: Starting presolve
[ Info: After presolve: rows=0 columns=1 nnz=0
┌ Info: Starting simplex phase II
│   algorithm = :dual
│   iter = 0
└   time = 0.004776302
[ Info: Restarting simplex on original LP after UNBOUNDED: unbounded improving direction; completed iterations=0
┌ Info: Starting simplex phase I
│   algorithm = :dual
│   iter = 0
└   time = 0.007235003
[ Info: Solve finished: status=NUMERICAL_ERROR reason=Original LP retry failed after UNBOUNDED (unbounded improving direction): auxiliary direction has uncertain feasibility or objective improvement iterations=1 time=0.008871403s
┌ Info: Starting simplex phase I
│   algorithm = :dual
│   iter = 0
└   time = 0.001923301
[ Info: iter=1 obj=-1.0 pinf=0.0 (0) dinf=0.0 (0) time=0.003862701s
[ Info: Loaded problem: rows=1 columns=2 nnz=2
[ Info: Starting presolve
[ Info: After presolve: rows=0 columns=1 nnz=0
┌ Info: Starting simplex phase II
│   algorithm = :dual
│   iter = 0
└   time = 0.004895902
[ Info: Restarting simplex on original LP after UNBOUNDED: unbounded improving direction; completed iterations=0
┌ Info: Starting simplex phase I
│   algorithm = :dual
│   iter = 0
└   time = 0.007354703
[ Info: iter=1 obj=-1.0 pinf=0.0 (0) dinf=0.0 (0) time=0.009302604s
[ Info: Solve finished: status=NUMERICAL_ERROR reason=Original LP retry failed after UNBOUNDED (unbounded improving direction): auxiliary direction has uncertain feasibility or objective improvement iterations=1 time=0.009861704s
┌ Info: Starting simplex phase I
│   algorithm = :dual
│   iter = 0
└   time = 0.001952001
[ Info: Loaded problem: rows=1 columns=2 nnz=2
[ Info: Starting presolve
[ Info: After presolve: rows=0 columns=1 nnz=0
┌ Info: Starting simplex phase II
│   algorithm = :dual
│   iter = 0
└   time = 0.004870902
[ Info: Restarting simplex on original LP after UNBOUNDED: unbounded improving direction; completed iterations=0
┌ Info: Starting simplex phase I
│   algorithm = :dual
│   iter = 0
└   time = 0.007577803
[ Info: Solve finished: status=NUMERICAL_ERROR reason=Original LP retry failed after UNBOUNDED (unbounded improving direction): auxiliary direction has uncertain feasibility or objective improvement iterations=1 time=0.009273004s
┌ Info: Starting simplex phase I
│   algorithm = :dual
│   iter = 0
└   time = 0.001926301
[ Info: iter=1 obj=-1.0 pinf=0.0 (0) dinf=0.0 (0) time=0.003846802s
[ Info: Loaded problem: rows=1 columns=2 nnz=2
[ Info: Starting presolve
[ Info: After presolve: rows=1 columns=2 nnz=2
┌ Info: Starting simplex phase I
│   algorithm = :dual
│   iter = 0
└   time = 0.005095802
[ Info: iter=1 obj=-2.0 pinf=0.0 (0) dinf=0.0 (0) time=0.007036303s
[ Info: Solve finished: status=NUMERICAL_ERROR reason=auxiliary direction has uncertain feasibility or objective improvement iterations=1 time=0.007593104s
┌ Info: Starting simplex phase I
│   algorithm = :dual
│   iter = 0
└   time = 0.002130301
[ Info: Loaded problem: rows=1 columns=2 nnz=2
[ Info: Starting presolve
[ Info: After presolve: rows=1 columns=2 nnz=2
┌ Info: Starting simplex phase I
│   algorithm = :dual
│   iter = 0
└   time = 0.005098902
[ Info: Solve finished: status=NUMERICAL_ERROR reason=auxiliary direction has uncertain feasibility or objective improvement iterations=1 time=0.006733703s
┌ Info: Starting simplex phase I
│   algorithm = :dual
│   iter = 0
└   time = 0.001927801
[ Info: iter=1 obj=-1.0 pinf=0.0 (0) dinf=0.0 (0) time=0.003865301s
[ Info: Loaded problem: rows=1 columns=2 nnz=2
[ Info: Starting presolve
[ Info: After presolve: rows=1 columns=2 nnz=2
┌ Info: Starting simplex phase I
│   algorithm = :dual
│   iter = 0
└   time = 0.006012102
[ Info: iter=1 obj=-2.0 pinf=0.0 (0) dinf=0.0 (0) time=0.008060203s
[ Info: Solve finished: status=NUMERICAL_ERROR reason=auxiliary direction has uncertain feasibility or objective improvement iterations=1 time=0.009006604s
┌ Info: Starting simplex phase I
│   algorithm = :dual
│   iter = 0
└   time = 0.002569401
[ Info: Loaded problem: rows=1 columns=2 nnz=2
[ Info: Starting presolve
[ Info: After presolve: rows=1 columns=2 nnz=2
┌ Info: Starting simplex phase I
│   algorithm = :dual
│   iter = 0
└   time = 0.005335402
[ Info: Solve finished: status=NUMERICAL_ERROR reason=auxiliary direction has uncertain feasibility or objective improvement iterations=1 time=0.006998503s
┌ Info: Starting simplex phase I
│   algorithm = :dual
│   iter = 0
└   time = 0.002883602
[ Info: iter=1 obj=-1.0 pinf=0.0 (0) dinf=0.0 (0) time=0.005058603s
[ Info: Loaded problem: rows=1 columns=2 nnz=2
[ Info: Starting presolve
[ Info: After presolve: rows=0 columns=1 nnz=0
┌ Info: Starting simplex phase II
│   algorithm = :dual
│   iter = 0
└   time = 0.005187502
[ Info: Restarting simplex on original LP after UNBOUNDED: unbounded improving direction; completed iterations=0
┌ Info: Starting simplex phase I
│   algorithm = :dual
│   iter = 0
└   time = 0.007729203
[ Info: iter=1 obj=-1.0 pinf=0.0 (0) dinf=0.0 (0) time=0.009706604s
[ Info: Solve finished: status=NUMERICAL_ERROR reason=Original LP retry failed after UNBOUNDED (unbounded improving direction): auxiliary direction has uncertain feasibility or objective improvement iterations=1 time=0.010295404s
┌ Info: Starting simplex phase I
│   algorithm = :dual
│   iter = 0
└   time = 0.0019378
[ Info: Loaded problem: rows=1 columns=2 nnz=2
[ Info: Starting presolve
[ Info: After presolve: rows=0 columns=1 nnz=0
┌ Info: Starting simplex phase II
│   algorithm = :dual
│   iter = 0
└   time = 0.004750302
[ Info: Restarting simplex on original LP after UNBOUNDED: unbounded improving direction; completed iterations=0
┌ Info: Starting simplex phase I
│   algorithm = :dual
│   iter = 0
└   time = 0.007310503
[ Info: Solve finished: status=NUMERICAL_ERROR reason=Original LP retry failed after UNBOUNDED (unbounded improving direction): auxiliary direction has uncertain feasibility or objective improvement iterations=1 time=0.008960904s
┌ Info: Starting simplex phase I
│   algorithm = :dual
│   iter = 0
└   time = 0.002347301
[ Info: iter=1 obj=-1.0 pinf=1.0 (1) dinf=0.0 (0) time=0.004575802s
[ Info: iter=2 obj=-1.0 pinf=0.0 (0) dinf=0.0 (0) time=0.006645803s
[ Info: Loaded problem: rows=2 columns=3 nnz=4
[ Info: Starting presolve
[ Info: After presolve: rows=0 columns=1 nnz=0
┌ Info: Starting simplex phase II
│   algorithm = :dual
│   iter = 0
└   time = 0.006249003
[ Info: Restarting simplex on original LP after UNBOUNDED: unbounded improving direction; completed iterations=0
┌ Info: Starting simplex phase I
│   algorithm = :dual
│   iter = 0
└   time = 0.009521504
[ Info: iter=1 obj=-1.0 pinf=1.0 (1) dinf=0.0 (0) time=0.011783805s
[ Info: iter=2 obj=-1.0 pinf=0.0 (0) dinf=0.0 (0) time=0.013879806s
[ Info: Solve finished: status=NUMERICAL_ERROR reason=Original LP retry failed after UNBOUNDED (unbounded improving direction): auxiliary direction has uncertain feasibility or objective improvement iterations=2 time=0.014606906s
┌ Info: Starting simplex phase I
│   algorithm = :dual
│   iter = 0
└   time = 0.002282901
[ Info: Loaded problem: rows=2 columns=3 nnz=4
[ Info: Starting presolve
[ Info: After presolve: rows=0 columns=1 nnz=0
┌ Info: Starting simplex phase II
│   algorithm = :dual
│   iter = 0
└   time = 0.005897703
[ Info: Restarting simplex on original LP after UNBOUNDED: unbounded improving direction; completed iterations=0
┌ Info: Starting simplex phase I
│   algorithm = :dual
│   iter = 0
└   time = 0.008730904
[ Info: Solve finished: status=NUMERICAL_ERROR reason=Original LP retry failed after UNBOUNDED (unbounded improving direction): auxiliary direction has uncertain feasibility or objective improvement iterations=2 time=0.011946105s
┌ Info: Starting simplex phase II
│   algorithm = :dual
│   iter = 0
└   time = 0.001273701
[ Info: Loaded problem: rows=1 columns=1 nnz=1
[ Info: Starting presolve
[ Info: After presolve: rows=1 columns=1 nnz=1
┌ Info: Starting simplex phase II
│   algorithm = :dual
│   iter = 0
└   time = 0.004249102
[ Info: iter=1 obj=1.0e13 pinf=0.0 (0) dinf=0.0 (0) time=0.006041603s
[ Info: Solve finished: status=NUMERICAL_ERROR reason=original-objective optimality certificate is inconclusive iterations=1 time=0.007050303s
┌ Info: Starting simplex phase II
│   algorithm = :dual
│   iter = 0
└   time = 0.0012631
[ Info: Loaded problem: rows=1 columns=1 nnz=1
[ Info: Starting presolve
[ Info: After presolve: rows=1 columns=1 nnz=1
┌ Info: Starting simplex phase II
│   algorithm = :dual
│   iter = 0
└   time = 0.004039201
[ Info: Solve finished: status=NUMERICAL_ERROR reason=original-objective optimality certificate is inconclusive iterations=1 time=0.006022802s
┌ Info: Starting simplex phase I
│   algorithm = :dual
│   iter = 0
└   time = 0.001749101
[ Info: Loaded problem: rows=1 columns=1 nnz=1
[ Info: Starting presolve
[ Info: After presolve: rows=1 columns=1 nnz=1
┌ Info: Starting simplex phase I
│   algorithm = :dual
│   iter = 0
└   time = 0.004596602
[ Info: iter=1 obj=0.0 pinf=0.0 (0) dinf=0.0 (0) time=0.006808703s
[ Info: iter=1 obj=-1.0e13 pinf=0.0 (0) dinf=0.0 (0) time=0.009357604s
┌ Info: Starting simplex phase II
│   algorithm = :dual
│   iter = 1
└   time = 0.009696304
[ Info: Solve finished: status=NUMERICAL_ERROR reason=structural primal failed original-model feasibility checks iterations=1 time=0.010691904s
┌ Info: Starting simplex phase I
│   algorithm = :dual
│   iter = 0
└   time = 0.001722
[ Info: Loaded problem: rows=1 columns=1 nnz=1
[ Info: Starting presolve
[ Info: After presolve: rows=1 columns=1 nnz=1
┌ Info: Starting simplex phase I
│   algorithm = :dual
│   iter = 0
└   time = 0.004609502
[ Info: iter=1 obj=-1.0e13 pinf=0.0 (0) dinf=0.0 (0) time=0.008028703s
┌ Info: Starting simplex phase II
│   algorithm = :dual
│   iter = 1
└   time = 0.008365603
[ Info: Solve finished: status=NUMERICAL_ERROR reason=structural primal failed original-model feasibility checks iterations=1 time=0.009371204s
┌ Info: Starting simplex phase I
│   algorithm = :dual
│   iter = 0
└   time = 0.002163301
[ Info: iter=1 obj=-1.0 pinf=0.0 (0) dinf=0.0 (0) time=0.004316302s
[ Info: Loaded problem: rows=2 columns=2 nnz=3
[ Info: Starting presolve
[ Info: After presolve: rows=1 columns=1 nnz=1
┌ Info: Starting simplex phase I
│   algorithm = :dual
│   iter = 0
└   time = 0.009879105
[ Info: iter=1 obj=0.0 pinf=0.0 (0) dinf=0.0 (0) time=0.011636005s
[ Info: iter=1 obj=-1.0e13 pinf=0.0 (0) dinf=0.0 (0) time=0.014075506s
┌ Info: Starting simplex phase II
│   algorithm = :dual
│   iter = 1
└   time = 0.014413407
[ Info: Restarting simplex on original LP after NUMERICAL_ERROR: structural primal failed original-model feasibility checks; completed iterations=1
┌ Info: Starting simplex phase I
│   algorithm = :dual
│   iter = 1
└   time = 0.017909008
[ Info: iter=2 obj=-1.0 pinf=0.0 (0) dinf=0.0 (0) time=0.020040709s
[ Info: Solve finished: status=NUMERICAL_ERROR reason=Original LP retry failed after NUMERICAL_ERROR (structural primal failed original-model feasibility checks): auxiliary direction has uncertain feasibility or objective improvement iterations=2 time=0.020693309s
┌ Info: Starting simplex phase I
│   algorithm = :dual
│   iter = 0
└   time = 0.002205801
[ Info: Loaded problem: rows=2 columns=2 nnz=3
[ Info: Starting presolve
[ Info: After presolve: rows=1 columns=1 nnz=1
┌ Info: Starting simplex phase I
│   algorithm = :dual
│   iter = 0
└   time = 0.007830704
[ Info: iter=1 obj=-1.0e13 pinf=0.0 (0) dinf=0.0 (0) time=0.011255805s
┌ Info: Starting simplex phase II
│   algorithm = :dual
│   iter = 1
└   time = 0.011589806
[ Info: Restarting simplex on original LP after NUMERICAL_ERROR: structural primal failed original-model feasibility checks; completed iterations=1
┌ Info: Starting simplex phase I
│   algorithm = :dual
│   iter = 1
└   time = 0.015392407
[ Info: Solve finished: status=NUMERICAL_ERROR reason=Original LP retry failed after NUMERICAL_ERROR (structural primal failed original-model feasibility checks): auxiliary direction has uncertain feasibility or objective improvement iterations=2 time=0.017361108s
┌ Info: Starting simplex phase I
│   algorithm = :dual
│   iter = 0
└   time = 0.002188301
[ Info: iter=1 obj=-1.0 pinf=0.0 (0) dinf=0.0 (0) time=0.004413502s
[ Info: Loaded problem: rows=2 columns=2 nnz=3
[ Info: Starting presolve
[ Info: After presolve: rows=1 columns=1 nnz=1
┌ Info: Starting simplex phase I
│   algorithm = :dual
│   iter = 0
└   time = 0.008030403
[ Info: iter=1 obj=0.0 pinf=0.0 (0) dinf=0.0 (0) time=0.009817904s
[ Info: iter=1 obj=-1.0e13 pinf=0.0 (0) dinf=0.0 (0) time=0.012291405s
┌ Info: Starting simplex phase II
│   algorithm = :dual
│   iter = 1
└   time = 0.012624805
[ Info: Restarting simplex on original LP after NUMERICAL_ERROR: structural primal failed original-model feasibility checks; completed iterations=1
┌ Info: Starting simplex phase I
│   algorithm = :dual
│   iter = 1
└   time = 0.016144207
[ Info: iter=2 obj=-1.0 pinf=0.0 (0) dinf=0.0 (0) time=0.018292108s
[ Info: Solve finished: status=NUMERICAL_ERROR reason=Original LP retry failed after NUMERICAL_ERROR (structural primal failed original-model feasibility checks): auxiliary direction has uncertain feasibility or objective improvement iterations=2 time=0.018949408s
┌ Info: Starting simplex phase I
│   algorithm = :dual
│   iter = 0
└   time = 0.002210701
[ Info: Loaded problem: rows=2 columns=2 nnz=3
[ Info: Starting presolve
[ Info: After presolve: rows=1 columns=1 nnz=1
┌ Info: Starting simplex phase I
│   algorithm = :dual
│   iter = 0
└   time = 0.007903304
[ Info: iter=1 obj=-1.0e13 pinf=0.0 (0) dinf=0.0 (0) time=0.011431505s
┌ Info: Starting simplex phase II
│   algorithm = :dual
│   iter = 1
└   time = 0.011769005
[ Info: Restarting simplex on original LP after NUMERICAL_ERROR: structural primal failed original-model feasibility checks; completed iterations=1
┌ Info: Starting simplex phase I
│   algorithm = :dual
│   iter = 1
└   time = 0.015224907
[ Info: Solve finished: status=NUMERICAL_ERROR reason=Original LP retry failed after NUMERICAL_ERROR (structural primal failed original-model feasibility checks): auxiliary direction has uncertain feasibility or objective improvement iterations=2 time=0.017110008s
┌ Info: Starting simplex phase I
│   algorithm = :dual
│   iter = 0
└   time = 0.001749401
[ Info: Loaded problem: rows=1 columns=1 nnz=0
[ Info: Starting presolve
[ Info: After presolve: rows=0 columns=1 nnz=0
┌ Info: Starting simplex phase II
│   algorithm = :dual
│   iter = 0
└   time = 0.002542101
[ Info: Restarting simplex on original LP after UNBOUNDED: unbounded improving direction; completed iterations=0
┌ Info: Starting simplex phase I
│   algorithm = :dual
│   iter = 0
└   time = 0.004782902
[ Info: Solve finished: status=UNBOUNDED reason=unbounded improving direction iterations=0 time=0.006693603s
┌ Info: Starting simplex phase I
│   algorithm = :dual
│   iter = 0
└   time = 0.001949901
[ Info: Loaded problem: rows=1 columns=1 nnz=0
[ Info: Starting presolve
[ Info: After presolve: rows=0 columns=1 nnz=0
┌ Info: Starting simplex phase II
│   algorithm = :dual
│   iter = 0
└   time = 0.002572102
[ Info: Restarting simplex on original LP after UNBOUNDED: unbounded improving direction; completed iterations=0
┌ Info: Starting simplex phase I
│   algorithm = :dual
│   iter = 0
└   time = 0.004817403
[ Info: Solve finished: status=UNBOUNDED reason=unbounded improving direction iterations=0 time=0.006595003s
┌ Info: Starting simplex phase II
│   algorithm = :dual
│   iter = 0
└   time = 0.000622
[ Info: Loaded problem: rows=0 columns=1 nnz=0
[ Info: Starting presolve
[ Info: After presolve: rows=0 columns=1 nnz=0
┌ Info: Starting simplex phase II
│   algorithm = :dual
│   iter = 0
└   time = 0.002148501
[ Info: Solve finished: status=UNBOUNDED reason=unbounded improving direction iterations=0 time=0.002539901s
┌ Info: Starting simplex phase II
│   algorithm = :dual
│   iter = 0
└   time = 0.000570501
[ Info: Loaded problem: rows=0 columns=1 nnz=0
[ Info: Starting presolve
[ Info: After presolve: rows=0 columns=1 nnz=0
┌ Info: Starting simplex phase II
│   algorithm = :dual
│   iter = 0
└   time = 0.002151401
[ Info: Solve finished: status=UNBOUNDED reason=unbounded improving direction iterations=0 time=0.002459901s
┌ Info: Starting simplex phase I
│   algorithm = :dual
│   iter = 0
└   time = 0.001711801
┌ Info: Starting simplex phase I
│   algorithm = :dual
│   iter = 0
└   time = 0.001738101
┌ Info: Starting simplex phase I
│   algorithm = :dual
│   iter = 0
└   time = 0.0017219
[ Info: iter=0 obj=-1.0 pinf=1.0 (1) dinf=0.0 (0) time=0.003171501s
┌ Info: Starting simplex phase II
│   algorithm = :dual
│   iter = 0
└   time = 0.001675301
┌ Info: Starting simplex phase II
│   algorithm = :dual
│   iter = 0
└   time = 0.001618301
[ Info: iter=1 obj=1.0 pinf=2.0 (1) dinf=0.0 (0) time=0.003963302s
┌ Info: Starting simplex phase II
│   algorithm = :dual
│   iter = 0
└   time = 0.0016124
CHECK dual_ratio
CHECK pivot_retry
CHECK pivot_application
CHECK dual_entry_phase
CHECK postsolve_cleanup_performance
CHECK postsolve_hint
CHECK simplex_driver
CHECK simplex_precision_entry
CHECK native_phase_transfer
CHECK native_cleanup_recovery
CHECK simplex_phase_one
CHECK simplex_phase_one_auxiliary
CHECK simplex_phase_one_guard
CHECK simplex_phase_one_deadline
Checking simplex_strategy_separation
Checking dual_core_policy
Checking simplex_stalling
Checking simplex_stalling_integration
Checking simplex_stalling_edge
Checking simplex_perturbation
Checking simplex_perturbation_integration
Checking primal_perturbation
Checking primal_perturbation_integration
Checking adaptive_pricing
Checking adaptive_pricing_integration
Checking adaptive_pricing_lifecycle
Checking simplex_handoff_atomicity
CHECK legacy_primal_perturbed_point
CHECK legacy_primal_point
CHECK legacy_primal_equation_point
CHECK legacy_primal_point_recovery
CHECK simplex_strategy_separation
CHECK primal_perturbation
CHECK primal_perturbation_integration
CHECK simplex_phase_one_state
CHECK simplex_phase_one_completion
CHECK simplex_precision_activity
CHECK regression
[ Info: iter=1 obj=1.0 pinf=2.0 (1) dinf=0.0 (0) time=0.003751801s
[ Info: iter=2 obj=3.0 pinf=0.0 (0) dinf=0.0 (0) time=0.005874802s
┌ Info: Starting simplex phase I
│   algorithm = :dual
│   iter = 0
└   time = 0.002120601
┌ Info: Starting simplex phase I
│   algorithm = :dual
│   iter = 0
└   time = 0.002094401
┌ Info: Starting simplex phase I
│   algorithm = :dual
│   iter = 0
└   time = 0.002095101
[ Info: iter=2 obj=-3.0 pinf=0.0 (0) dinf=0.0 (0) time=0.007317003s
┌ Info: Starting simplex phase II
│   algorithm = :dual
│   iter = 2
└   time = 0.007705903
┌ Info: Starting simplex phase I
│   algorithm = :dual
│   iter = 0
└   time = 0.002037001
┌ Info: Starting simplex phase II
│   algorithm = :dual
│   iter = 0
└   time = 0.0006458
┌ Info: Starting simplex phase II
│   algorithm = :dual
│   iter = 0
└   time = 0.0006011
┌ Info: Starting simplex phase II
│   algorithm = :dual
│   iter = 0
└   time = 0.000465
┌ Info: Starting simplex phase II
│   algorithm = :dual
│   iter = 0
└   time = 0.0005407
┌ Info: Starting simplex phase II
│   algorithm = :dual
│   iter = 0
└   time = 0.0005414
┌ Info: Starting simplex phase II
│   algorithm = :dual
│   iter = 0
└   time = 0.000664501
┌ Info: Starting simplex phase II
│   algorithm = :dual
│   iter = 0
└   time = 0.001562601
┌ Info: Starting simplex phase II
│   algorithm = :dual
│   iter = 0
└   time = 0.0011202
[ Info: iter=0 obj=4.0 pinf=1.0 (1) dinf=0.0 (0) time=0.002333401s
┌ Info: Starting simplex phase II
│   algorithm = :dual
│   iter = 0
└   time = 0.0013063
┌ Info: Starting simplex phase II
│   algorithm = :dual
│   iter = 0
└   time = 0.0005681
┌ Info: Starting simplex phase II
│   algorithm = :dual
│   iter = 0
└   time = 0.0012554
[ Info: iter=0 obj=0.0 pinf=1.0 (1) dinf=0.0 (0) time=0.002668601s
┌ Info: Starting simplex phase I
│   algorithm = :dual
│   iter = 0
└   time = 0.001926401
[ Info: iter=1 obj=-3.0 pinf=0.0 (0) dinf=0.0 (0) time=0.006167902s
┌ Info: Starting simplex phase I
│   algorithm = :dual
│   iter = 0
└   time = 0.001762601
[ Info: iter=1 obj=-3.0 pinf=0.0 (0) dinf=0.0 (0) time=0.005228802s
┌ Info: Starting simplex phase II
│   algorithm = :dual
│   iter = 1
└   time = 0.005579302
┌ Info: Starting simplex phase I
│   algorithm = :dual
│   iter = 0
└   time = 0.0016758
[ Info: iter=1 obj=-3.0 pinf=0.0 (0) dinf=0.0 (0) time=0.005539102s
┌ Info: Starting simplex phase I
│   algorithm = :dual
│   iter = 0
└   time = 0.0018922
[ Info: iter=1 obj=-3.0 pinf=0.0 (0) dinf=0.0 (0) time=0.005236302s
┌ Info: Starting simplex phase II
│   algorithm = :dual
│   iter = 1
└   time = 0.005570102
┌ Info: Starting simplex phase I
│   algorithm = :dual
│   iter = 0
└   time = 0.001661401
[ Info: iter=1 obj=-6.0 pinf=0.0 (0) dinf=0.0 (0) time=0.005031202s
┌ Info: Starting simplex phase I
│   algorithm = :dual
│   iter = 0
└   time = 0.0017185
[ Info: iter=1 obj=-6.0 pinf=0.0 (0) dinf=0.0 (0) time=0.005502202s
┌ Info: Starting simplex phase II
│   algorithm = :dual
│   iter = 1
└   time = 0.005856502
┌ Info: Starting simplex phase I
│   algorithm = :dual
│   iter = 0
└   time = 0.001642101
[ Info: iter=1 obj=-8.0 pinf=0.0 (0) dinf=0.0 (0) time=0.005054703s
┌ Info: Starting simplex phase I
│   algorithm = :dual
│   iter = 0
└   time = 0.001735501
[ Info: iter=1 obj=-8.0 pinf=0.0 (0) dinf=0.0 (0) time=0.005132102s
┌ Info: Starting simplex phase II
│   algorithm = :dual
│   iter = 1
└   time = 0.005473102
┌ Info: Starting simplex phase I
│   algorithm = :dual
│   iter = 0
└   time = 0.0017365
┌ Info: Starting simplex phase I
│   algorithm = :dual
│   iter = 0
└   time = 0.002001701
[ Info: iter=1 obj=1.0 pinf=1.0 (1) dinf=0.0 (0) time=0.005522902s
┌ Info: Starting simplex phase II
│   algorithm = :dual
│   iter = 1
└   time = 0.005866102
[ Info: iter=1 obj=1.0 pinf=1.0 (1) dinf=0.0 (0) time=0.007183803s
┌ Info: Starting simplex phase I
│   algorithm = :dual
│   iter = 0
└   time = 0.001857301
[ Info: iter=0 obj=0.0 pinf=1.0 (1) dinf=0.0 (0) time=0.004586702s
┌ Info: Starting simplex phase I
│   algorithm = :dual
│   iter = 0
└   time = 0.002059201
┌ Info: Starting simplex phase I
│   algorithm = :dual
│   iter = 0
└   time = 0.002045801
[ Info: iter=1 obj=0.0 pinf=0.0 (0) dinf=0.0 (0) time=0.005655302s
[ Info: Loaded problem: rows=1 columns=3 nnz=2
[ Info: Starting presolve
[ Info: After presolve: rows=1 columns=3 nnz=2
[ Info: Solve finished: status=INFEASIBLE reason=row 1 contradicts current column bounds iterations=0 time=0.008346604s
┌ Info: Starting simplex phase I
│   algorithm = :dual
│   iter = 0
└   time = 0.002100301
[ Info: Loaded problem: rows=1 columns=3 nnz=2
[ Info: Starting presolve
[ Info: After presolve: rows=1 columns=3 nnz=2
[ Info: Solve finished: status=INFEASIBLE reason=row 1 contradicts current column bounds iterations=0 time=0.007647903s
┌ Info: Starting simplex phase I
│   algorithm = :dual
│   iter = 0
└   time = 0.002184401
[ Info: iter=1 obj=0.0 pinf=0.0 (0) dinf=0.0 (0) time=0.005660402s
[ Info: Loaded problem: rows=1 columns=3 nnz=2
[ Info: Starting presolve
[ Info: After presolve: rows=1 columns=3 nnz=2
[ Info: Solve finished: status=INFEASIBLE reason=row 1 contradicts current column bounds iterations=0 time=0.007199803s
┌ Info: Starting simplex phase I
│   algorithm = :dual
│   iter = 0
└   time = 0.002101701
[ Info: Loaded problem: rows=1 columns=3 nnz=2
[ Info: Starting presolve
[ Info: After presolve: rows=1 columns=3 nnz=2
[ Info: Solve finished: status=INFEASIBLE reason=row 1 contradicts current column bounds iterations=0 time=0.007049803s
┌ Info: Starting simplex phase I
│   algorithm = :dual
│   iter = 0
└   time = 0.002117601
[ Info: iter=1 obj=0.0 pinf=0.0 (0) dinf=0.0 (0) time=0.005631903s
[ Info: Loaded problem: rows=1 columns=3 nnz=2
[ Info: Starting presolve
[ Info: After presolve: rows=0 columns=1 nnz=0
┌ Info: Starting simplex phase II
│   algorithm = :dual
│   iter = 0
└   time = 0.004290902
[ Info: Restarting simplex on original LP after UNBOUNDED: unbounded improving direction; completed iterations=0
┌ Info: Starting simplex phase I
│   algorithm = :dual
│   iter = 0
└   time = 0.007059903
[ Info: iter=1 obj=0.0 pinf=0.0 (0) dinf=0.0 (0) time=0.010588005s
[ Info: Solve finished: status=UNBOUNDED reason=unbounded improving direction iterations=1 time=0.011108605s
┌ Info: Starting simplex phase I
│   algorithm = :dual
│   iter = 0
└   time = 0.002149601
[ Info: Loaded problem: rows=1 columns=3 nnz=2
[ Info: Starting presolve
[ Info: After presolve: rows=0 columns=1 nnz=0
┌ Info: Starting simplex phase II
│   algorithm = :dual
│   iter = 0
└   time = 0.004348102
[ Info: Restarting simplex on original LP after UNBOUNDED: unbounded improving direction; completed iterations=0
┌ Info: Starting simplex phase I
│   algorithm = :dual
│   iter = 0
└   time = 0.006974203
[ Info: Solve finished: status=UNBOUNDED reason=unbounded improving direction iterations=1 time=0.010122304s
┌ Info: Starting simplex phase II
│   algorithm = :dual
│   iter = 0
└   time = 0.0013882
[ Info: iter=1 obj=100.0 pinf=0.0 (0) dinf=1.0e-6 (1) time=0.003807901s
[ Info: Starting primal cleanup after restoring original costs
[ Info: iter=1 obj=4.0 pinf=0.0 (0) dinf=0.0 (0) time=0.002617901s
┌ Info: Starting simplex phase II
│   algorithm = :dual
│   iter = 0
└   time = 0.0014504
┌ Info: Starting simplex phase II
│   algorithm = :dual
│   iter = 0
└   time = 0.002346701
┌ Info: Starting simplex phase II
│   algorithm = :dual
│   iter = 0
└   time = 0.001457
┌ Info: Starting simplex phase II
│   algorithm = :dual
│   iter = 0
└   time = 0.0014565
[ Info: iter=0 obj=0.0 pinf=3.0 (1) dinf=0.0 (0) time=0.003172201s
[ Info: iter=2 obj=3.0 pinf=0.0 (0) dinf=0.0 (0) time=0.005773501s
┌ Info: Starting simplex phase II
│   algorithm = :dual
│   iter = 0
└   time = 0.001760401
[ Info: iter=1 obj=1.0 pinf=2.0 (1) dinf=0.0 (0) time=0.004416002s
[ Info: iter=2 obj=3.0 pinf=0.0 (0) dinf=0.0 (0) time=0.007199903s
┌ Info: Starting simplex phase II
│   algorithm = :dual
│   iter = 0
└   time = 0.002161001
┌ Info: Starting simplex phase I
│   algorithm = :dual
│   iter = 0
└   time = 0.0017768
[ Info: iter=1 obj=-3.0 pinf=0.0 (0) dinf=0.0 (0) time=0.005880001s
┌ Info: Starting simplex phase II
│   algorithm = :dual
│   iter = 1
└   time = 0.006346502
┌ Info: Starting simplex phase I
│   algorithm = :dual
│   iter = 0
└   time = 0.001686101
[ Info: iter=1 obj=-3.0 pinf=0.0 (0) dinf=0.0 (0) time=0.005183002s
┌ Info: Starting simplex phase II
│   algorithm = :dual
│   iter = 1
└   time = 0.005569602
┌ Info: Starting simplex phase I
│   algorithm = :dual
│   iter = 0
└   time = 0.001639701
[ Info: iter=1 obj=-6.0 pinf=0.0 (0) dinf=0.0 (0) time=0.005364002s
┌ Info: Starting simplex phase II
│   algorithm = :dual
│   iter = 1
└   time = 0.005778102
┌ Info: Starting simplex phase I
│   algorithm = :dual
│   iter = 0
└   time = 0.0017729
┌ Info: Starting simplex phase I
│   algorithm = :dual
│   iter = 0
└   time = 0.001732801
┌ Info: Starting simplex phase I
│   algorithm = :dual
│   iter = 0
└   time = 0.0015529
[ Info: iter=1 obj=1.0 pinf=1.0 (1) dinf=0.0 (0) time=0.004846801s
┌ Info: Starting simplex phase II
│   algorithm = :dual
│   iter = 1
└   time = 0.005202701
[ Info: iter=1 obj=1.0 pinf=1.0 (1) dinf=0.0 (0) time=0.006406902s
┌ Info: Starting simplex phase II
│   algorithm = :dual
│   iter = 0
└   time = 0.0012906
[ Info: iter=0 obj=0.0 pinf=1.0 (1) dinf=0.0 (0) time=0.002315301s
┌ Info: Starting simplex phase II
│   algorithm = :dual
│   iter = 0
└   time = 0.0005468
┌ Info: Starting simplex phase II
│   algorithm = :dual
│   iter = 0
└   time = 0.0019171
[ Info: iter=1 obj=1.0 pinf=2.0 (1) dinf=0.0 (0) time=0.004969601s
[ Info: iter=2 obj=3.0 pinf=0.0 (0) dinf=0.0 (0) time=0.007415102s
┌ Info: Starting simplex phase II
│   algorithm = :dual
│   iter = 0
└   time = 0.0023631
┌ Info: Starting simplex phase I
│   algorithm = :dual
│   iter = 0
└   time = 0.001903
[ Info: iter=1 obj=-3.0 pinf=0.0 (0) dinf=0.0 (0) time=0.005749902s
┌ Info: Starting simplex phase II
│   algorithm = :dual
│   iter = 1
└   time = 0.006330002
┌ Info: Starting simplex phase I
│   algorithm = :dual
│   iter = 0
└   time = 0.001828101
[ Info: iter=1 obj=-3.0 pinf=0.0 (0) dinf=0.0 (0) time=0.005339502s
┌ Info: Starting simplex phase II
│   algorithm = :dual
│   iter = 1
└   time = 0.005691202
┌ Info: Starting simplex phase I
│   algorithm = :dual
│   iter = 0
└   time = 0.0017898
[ Info: iter=1 obj=-6.0 pinf=0.0 (0) dinf=0.0 (0) time=0.005222201s
┌ Info: Starting simplex phase II
│   algorithm = :dual
│   iter = 1
└   time = 0.005588101
┌ Info: Starting simplex phase I
│   algorithm = :dual
│   iter = 0
└   time = 0.0019307
┌ Info: Starting simplex phase I
│   algorithm = :dual
│   iter = 0
└   time = 0.002441701
┌ Info: Starting simplex phase I
│   algorithm = :dual
│   iter = 0
└   time = 0.0017493
[ Info: iter=1 obj=1.0 pinf=1.0 (1) dinf=0.0 (0) time=0.005312502s
┌ Info: Starting simplex phase II
│   algorithm = :dual
│   iter = 1
└   time = 0.005664802
[ Info: iter=1 obj=1.0 pinf=1.0 (1) dinf=0.0 (0) time=0.006982302s
┌ Info: Starting simplex phase II
│   algorithm = :dual
│   iter = 0
└   time = 0.001155201
[ Info: iter=0 obj=0.0 pinf=1.0 (1) dinf=0.0 (0) time=0.002315001s
┌ Info: Starting simplex phase II
│   algorithm = :dual
│   iter = 0
└   time = 0.000475501
┌ Info: Starting simplex phase II
│   algorithm = :dual
│   iter = 0
└   time = 0.003736702
[ Info: iter=1 obj=1.0 pinf=2.0 (1) dinf=0.0 (0) time=0.008759703s
[ Info: iter=2 obj=3.0 pinf=0.0 (0) dinf=0.0 (0) time=0.012850205s
┌ Info: Starting simplex phase II
│   algorithm = :dual
│   iter = 0
└   time = 0.004272202
┌ Info: Starting simplex phase I
│   algorithm = :dual
│   iter = 0
└   time = 0.012570804
[ Info: iter=1 obj=-3.0 pinf=0.0 (0) dinf=0.0 (0) time=0.018085005s
┌ Info: Starting simplex phase II
│   algorithm = :dual
│   iter = 1
└   time = 0.018645406
┌ Info: Starting simplex phase I
│   algorithm = :dual
│   iter = 0
└   time = 0.003490102
[ Info: iter=1 obj=-3.0 pinf=0.0 (0) dinf=0.0 (0) time=0.008612203s
┌ Info: Starting simplex phase II
│   algorithm = :dual
│   iter = 1
└   time = 0.009030303
┌ Info: Starting simplex phase I
│   algorithm = :dual
│   iter = 0
└   time = 0.003088501
[ Info: iter=1 obj=-6.0 pinf=0.0 (0) dinf=0.0 (0) time=0.007736603s
┌ Info: Starting simplex phase II
│   algorithm = :dual
│   iter = 1
└   time = 0.008127903
┌ Info: Starting simplex phase I
│   algorithm = :dual
│   iter = 0
└   time = 0.003136001
┌ Info: Starting simplex phase I
│   algorithm = :dual
│   iter = 0
└   time = 0.003147401
┌ Info: Starting simplex phase I
│   algorithm = :dual
│   iter = 0
└   time = 0.002903101
[ Info: iter=1 obj=1.0 pinf=1.0 (1) dinf=0.0 (0) time=0.007472303s
┌ Info: Starting simplex phase II
│   algorithm = :dual
│   iter = 1
└   time = 0.007849903
[ Info: iter=1 obj=1.0 pinf=1.0 (1) dinf=0.0 (0) time=0.010012403s
┌ Info: Starting simplex phase II
│   algorithm = :dual
│   iter = 0
└   time = 0.001950701
[ Info: iter=0 obj=0.0 pinf=1.0 (1) dinf=0.0 (0) time=0.003800901s
┌ Info: Starting simplex phase II
│   algorithm = :dual
│   iter = 0
└   time = 0.0008875
┌ Info: Starting simplex phase II
│   algorithm = :dual
│   iter = 0
└   time = 0.003542401
[ Info: iter=1 obj=1//1 pinf=2//1 (1) dinf=0//1 (0) time=0.008059902s
[ Info: iter=2 obj=3//1 pinf=0//1 (0) dinf=0//1 (0) time=0.012076403s
┌ Info: Starting simplex phase II
│   algorithm = :dual
│   iter = 0
└   time = 0.004216601
┌ Info: Starting simplex phase I
│   algorithm = :dual
│   iter = 0
└   time = 0.009246903
[ Info: iter=1 obj=-3//1 pinf=0//1 (0) dinf=0//1 (0) time=0.015758305s
┌ Info: Starting simplex phase II
│   algorithm = :dual
│   iter = 1
└   time = 0.016299805
┌ Info: Starting simplex phase I
│   algorithm = :dual
│   iter = 0
└   time = 0.003135401
[ Info: iter=1 obj=-3//1 pinf=0//1 (0) dinf=0//1 (0) time=0.007878503s
┌ Info: Starting simplex phase II
│   algorithm = :dual
│   iter = 1
└   time = 0.008299303
┌ Info: Starting simplex phase I
│   algorithm = :dual
│   iter = 0
└   time = 0.003778101
[ Info: iter=1 obj=-6//1 pinf=0//1 (0) dinf=0//1 (0) time=0.008476702s
┌ Info: Starting simplex phase II
│   algorithm = :dual
│   iter = 1
└   time = 0.008889203
┌ Info: Starting simplex phase I
│   algorithm = :dual
│   iter = 0
└   time = 0.003315902
┌ Info: Starting simplex phase I
│   algorithm = :dual
│   iter = 0
└   time = 0.003176101
┌ Info: Starting simplex phase I
│   algorithm = :dual
│   iter = 0
└   time = 0.003487701
[ Info: iter=1 obj=1//1 pinf=1//1 (1) dinf=0//1 (0) time=0.008126502s
┌ Info: Starting simplex phase II
│   algorithm = :dual
│   iter = 1
└   time = 0.008539102
┌ Info: Starting simplex phase II
│   algorithm = :dual
│   iter = 0
└   time = 0.0018971
┌ Info: Starting simplex phase II
│   algorithm = :dual
│   iter = 0
└   time = 0.0007861
┌ Info: Starting simplex phase II
│   algorithm = :dual
│   iter = 0
└   time = 0.002412601
┌ Info: Starting simplex phase I
│   algorithm = :dual
│   iter = 0
└   time = 0.003113101
[ Info: iter=1 obj=-10000000000000//1 pinf=0//1 (0) dinf=0//1 (0) time=0.007812102s
┌ Info: Starting simplex phase II
│   algorithm = :dual
│   iter = 1
└   time = 0.008217702
[ Info: Loaded problem: rows=1 columns=1 nnz=1
[ Info: Starting presolve
[ Info: After presolve: rows=0 columns=0 nnz=0
┌ Info: Starting simplex phase II
│   algorithm = :dual
│   iter = 0
└   time = 0.003780401
[ Info: Starting postsolve cleanup on original LP
[ Info: iter=0 obj=1.7014117e38 pinf=0.0 (0) dinf=0.0 (0) time=0.006753102s
[ Info: Starting primal postsolve cleanup from feasible basis
[ Info: Solve finished: status=OPTIMAL objective=1.7014117e38 iterations=0 time=0.008242103s
[ Info: Loaded problem: rows=1 columns=1 nnz=1
[ Info: Starting presolve
[ Info: After presolve: rows=1 columns=1 nnz=1
┌ Info: Starting simplex phase II
│   algorithm = :dual
│   iter = 0
└   time = 0.010798803
[ Info: Solve finished: status=NUMERICAL_ERROR reason=non-finite simplex iterate iterations=1 time=0.012828504s
[ Info: Loaded problem: rows=1 columns=1 nnz=1
[ Info: Starting presolve
[ Info: After presolve: rows=0 columns=0 nnz=0
┌ Info: Starting simplex phase II
│   algorithm = :dual
│   iter = 0
└   time = 0.003429101
[ Info: Starting postsolve cleanup on original LP
[ Info: iter=0 obj=8.988465674311579e307 pinf=0.0 (0) dinf=0.0 (0) time=0.006581102s
[ Info: Starting primal postsolve cleanup from feasible basis
[ Info: Solve finished: status=OPTIMAL objective=8.988465674311579e307 iterations=0 time=0.007979902s
[ Info: Loaded problem: rows=1 columns=1 nnz=1
[ Info: Starting presolve
[ Info: After presolve: rows=1 columns=1 nnz=1
┌ Info: Starting simplex phase II
│   algorithm = :dual
│   iter = 0
└   time = 0.004211302
[ Info: Solve finished: status=NUMERICAL_ERROR reason=non-finite simplex iterate iterations=1 time=0.006142002s
[ Info: iter=1 obj=1.0 pinf=0.0 (0) dinf=0.0 (0) time=0.003438501s
[ Info: iter=1 obj=1.0 pinf=0.0 (0) dinf=0.0 (0) time=0.002906201s
┌ Info: Starting simplex phase II
│   algorithm = :dual
│   iter = 0
└   time = 0.001513
[ Info: iter=0 obj=0.0 pinf=2.0 (1) dinf=0.0 (0) time=0.003017701s
┌ Info: Starting simplex phase II
│   algorithm = :dual
│   iter = 0
└   time = 0.001376701
[ Info: iter=0 obj=0.0 pinf=2.0 (1) dinf=0.0 (0) time=0.002796901s
┌ Info: Starting simplex phase II
│   algorithm = :dual
│   iter = 0
└   time = 0.0024194
[ Info: iter=0 obj=0.0 pinf=2.0 (1) dinf=0.0 (0) time=0.004729401s
┌ Info: Starting simplex phase II
│   algorithm = :dual
│   iter = 0
└   time = 0.002630901
[ Info: iter=0 obj=0.0 pinf=0.0 (0) dinf=0.0 (0) time=0.0021535s
[ Info: iter=0 obj=0.0 pinf=0.0 (0) dinf=0.0 (0) time=0.002398701s
[ Info: iter=0 obj=1.0 pinf=0.0 (0) dinf=0.0 (0) time=0.0013759s
[ Info: iter=0 obj=1.0 pinf=0.0 (0) dinf=0.0 (0) time=0.0016346s
[ Info: iter=0 obj=1.0 pinf=0.0 (0) dinf=0.0 (0) time=0.002629301s
[ Info: iter=0 obj=1//1 pinf=0//1 (0) dinf=0//1 (0) time=0.002699301s
[ Info: iter=0 obj=0.0 pinf=0.0 (0) dinf=0.0 (0) time=0.0013103s
[ Info: iter=0 obj=0.0 pinf=0.0 (0) dinf=0.0 (0) time=0.001685401s
[ Info: iter=0 obj=0.0 pinf=0.0 (0) dinf=0.0 (0) time=0.002449901s
[ Info: iter=0 obj=0//1 pinf=0//1 (0) dinf=0//1 (0) time=0.002490501s
[ Info: Loaded problem: rows=27 columns=32 nnz=83
[ Info: Starting presolve
[ Info: After presolve: rows=20 columns=24 nnz=74
┌ Info: Starting simplex phase I
│   algorithm = :dual
│   iter = 0
└   time = 0.142417468
[ Info: iter=4 obj=-521.7142857142859 pinf=135.72285714285715 (3) dinf=0.0 (0) time=0.178978908s
┌ Info: Starting simplex phase II
│   algorithm = :dual
│   iter = 4
└   time = 0.180326606
[ Info: Starting postsolve cleanup on original LP
[ Info: iter=9 obj=-464.75314285714273 pinf=0.0 (0) dinf=0.0 (0) time=0.242334505s
[ Info: Starting primal postsolve cleanup from feasible basis
[ Info: Solve finished: status=OPTIMAL objective=-464.75314285714273 iterations=9 time=0.25780428s
[ Info: Loaded problem: rows=0 columns=1 nnz=0
[ Info: Starting presolve
[ Info: After presolve: rows=0 columns=0 nnz=0
┌ Info: Starting simplex phase II
│   algorithm = :dual
│   iter = 0
└   time = 0.0032408
[ Info: Starting postsolve cleanup on original LP
[ Info: iter=0 obj=-1.0 pinf=0.0 (0) dinf=0.0 (0) time=0.0056005s
[ Info: Starting primal postsolve cleanup from feasible basis
[ Info: Solve finished: status=OPTIMAL objective=-1.0 iterations=0 time=0.0067611s
[ Info: Loaded problem: rows=0 columns=1 nnz=0
[ Info: Solve finished: status=MIP_NOT_SUPPORTED reason=discrete domains require relax_integrality=true iterations=0 time=0.0005363s
[ Info: Loaded problem: rows=0 columns=1 nnz=0
[ Info: Starting presolve
[ Info: After presolve: rows=0 columns=0 nnz=0
┌ Info: Starting simplex phase II
│   algorithm = :dual
│   iter = 0
└   time = 0.0023636
[ Info: Starting postsolve cleanup on original LP
[ Info: iter=0 obj=0.0 pinf=0.0 (0) dinf=0.0 (0) time=0.004423s
[ Info: Starting primal postsolve cleanup from feasible basis
[ Info: Solve finished: status=OPTIMAL objective=0.0 iterations=0 time=0.0055569s
[ Info: Loaded problem: rows=0 columns=1 nnz=0
[ Info: Solve finished: status=MIP_NOT_SUPPORTED reason=discrete domains require relax_integrality=true iterations=0 time=0.0005184s
[ Info: Loaded problem: rows=0 columns=1 nnz=0
[ Info: Starting presolve
[ Info: After presolve: rows=0 columns=0 nnz=0
┌ Info: Starting simplex phase II
│   algorithm = :dual
│   iter = 0
└   time = 0.0023608
[ Info: Starting postsolve cleanup on original LP
[ Info: iter=0 obj=-1.0 pinf=0.0 (0) dinf=0.0 (0) time=0.0043422s
[ Info: Starting primal postsolve cleanup from feasible basis
[ Info: Solve finished: status=OPTIMAL objective=-1.0 iterations=0 time=0.0054199s
[ Info: Loaded problem: rows=0 columns=1 nnz=0
[ Info: Solve finished: status=MIP_NOT_SUPPORTED reason=discrete domains require relax_integrality=true iterations=0 time=0.0004954s
[ Info: Loaded problem: rows=0 columns=1 nnz=0
[ Info: Starting presolve
[ Info: After presolve: rows=0 columns=0 nnz=0
┌ Info: Starting simplex phase II
│   algorithm = :dual
│   iter = 0
└   time = 0.002303
[ Info: Starting postsolve cleanup on original LP
[ Info: iter=0 obj=0.25 pinf=0.0 (0) dinf=0.0 (0) time=0.0042375s
[ Info: Starting primal postsolve cleanup from feasible basis
[ Info: Solve finished: status=OPTIMAL objective=0.25 iterations=0 time=0.0052712s
[ Info: Loaded problem: rows=0 columns=1 nnz=0
[ Info: Solve finished: status=MIP_NOT_SUPPORTED reason=discrete domains require relax_integrality=true iterations=0 time=0.0005892s
[ Info: Loaded problem: rows=0 columns=1 nnz=0
[ Info: Solve finished: status=INVALID_MODEL reason=binary variable bounds must intersect [0, 1] iterations=0 time=0.0004681s
[ Info: Loaded problem: rows=0 columns=1 nnz=0
[ Info: Solve finished: status=INVALID_MODEL reason=binary variable bounds must intersect [0, 1] iterations=0 time=0.0005203s
[ Info: Loaded problem: rows=0 columns=1 nnz=0
[ Info: Solve finished: status=INVALID_MODEL reason=binary variable bounds must intersect [0, 1] iterations=0 time=0.0004834s
[ Info: Loaded problem: rows=0 columns=1 nnz=0
[ Info: Solve finished: status=INVALID_MODEL reason=binary variable bounds must intersect [0, 1] iterations=0 time=0.0004813s
[ Info: Loaded problem: rows=1 columns=1 nnz=1
[ Info: Starting presolve
[ Info: After presolve: rows=0 columns=0 nnz=0
┌ Info: Starting simplex phase II
│   algorithm = :dual
│   iter = 0
└   time = 0.0032992
[ Info: Starting postsolve cleanup on original LP
[ Info: iter=0 obj=1.0 pinf=0.0 (0) dinf=0.0 (0) time=0.006242601s
[ Info: Starting primal postsolve cleanup from feasible basis
[ Info: Solve finished: status=OPTIMAL objective=1.0 iterations=0 time=0.007620701s
[ Info: Loaded problem: rows=1 columns=2 nnz=2
[ Info: Starting presolve
[ Info: After presolve: rows=1 columns=2 nnz=2
┌ Info: Starting simplex phase II
│   algorithm = :dual
│   iter = 0
└   time = 0.0049038
[ Info: iter=0 obj=0.0 pinf=1.0 (1) dinf=0.0 (0) time=0.0066056s
[ Info: Solve finished: status=NUMERICAL_ERROR reason=ZeroPivotException: factorization encountered one or more zero pivots. Consider switching to a pivoted LU factorization. iterations=0 time=0.0083156s
[ Info: Loaded problem: rows=1 columns=1 nnz=1
[ Info: Starting presolve
[ Info: After presolve: rows=0 columns=0 nnz=0
┌ Info: Starting simplex phase II
│   algorithm = :dual
│   iter = 0
└   time = 0.0034669
[ Info: Starting postsolve cleanup on original LP
[ Info: iter=0 obj=1.0 pinf=0.0 (0) dinf=0.0 (0) time=0.0064839s
[ Info: Starting primal postsolve cleanup from feasible basis
[ Info: Solve finished: status=OPTIMAL objective=1.0 iterations=0 time=0.0078934s
[ Info: Loaded problem: rows=1 columns=2 nnz=2
[ Info: Starting presolve
[ Info: After presolve: rows=1 columns=2 nnz=2
┌ Info: Starting simplex phase II
│   algorithm = :dual
│   iter = 0
└   time = 0.004733
[ Info: iter=0 obj=0.0 pinf=1.0 (1) dinf=0.0 (0) time=0.0063603s
[ Info: Solve finished: status=NUMERICAL_ERROR reason=ZeroPivotException: factorization encountered one or more zero pivots. Consider switching to a pivoted LU factorization. iterations=0 time=0.0079966s
[ Info: Loaded problem: rows=1 columns=2 nnz=2
[ Info: Starting presolve
[ Info: After presolve: rows=1 columns=2 nnz=2
┌ Info: Starting simplex phase II
│   algorithm = :dual
│   iter = 0
└   time = 0.0050234
[ Info: Solve finished: status=OPTIMAL objective=8.0 iterations=1 time=0.0079294s
[ Info: Loaded problem: rows=1 columns=2 nnz=2
[ Info: Starting presolve
[ Info: After presolve: rows=1 columns=2 nnz=2
┌ Info: Starting simplex phase II
│   algorithm = :dual
│   iter = 0
└   time = 0.004694001
[ Info: Solve finished: status=OPTIMAL objective=8.0 iterations=1 time=0.007474101s
[ Info: Loaded problem: rows=1 columns=2 nnz=2
[ Info: Starting presolve
[ Info: After presolve: rows=1 columns=2 nnz=2
┌ Info: Starting simplex phase II
│   algorithm = :dual
│   iter = 0
└   time = 0.0071777
[ Info: Starting postsolve cleanup on original LP
[ Info: iter=1 obj=10.0 pinf=0.0 (0) dinf=1.0 (1) time=0.0123065s
[ Info: iter=1 obj=13.0 pinf=0.0 (0) dinf=0.0 (0) time=0.0136664s
[ Info: Projected postsolve basis: exchanges=1
[ Info: Starting primal postsolve cleanup from feasible basis
[ Info: Solve finished: status=OPTIMAL objective=13.0 iterations=1 time=0.0153311s
[ Info: Loaded problem: rows=1 columns=2 nnz=2
[ Info: Starting presolve
[ Info: After presolve: rows=1 columns=2 nnz=2
┌ Info: Starting simplex phase II
│   algorithm = :dual
│   iter = 0
└   time = 0.007445801
[ Info: Starting postsolve cleanup on original LP
[ Info: iter=1 obj=10.0 pinf=0.0 (0) dinf=1.0 (1) time=0.012490701s
[ Info: iter=1 obj=13.0 pinf=0.0 (0) dinf=0.0 (0) time=0.013797701s
[ Info: Projected postsolve basis: exchanges=1
[ Info: Starting primal postsolve cleanup from feasible basis
[ Info: Solve finished: status=OPTIMAL objective=13.0 iterations=1 time=0.015451401s
[ Info: Loaded problem: rows=4 columns=4 nnz=4
[ Info: Solve finished: status=MIP_NOT_SUPPORTED reason=discrete domains require relax_integrality=true iterations=0 time=0.0006393s
[ Info: Loaded problem: rows=4 columns=4 nnz=4
[ Info: Starting presolve
[ Info: After presolve: rows=0 columns=0 nnz=0
┌ Info: Starting simplex phase II
│   algorithm = :dual
│   iter = 0
└   time = 0.0041721
[ Info: Starting postsolve cleanup on original LP
[ Info: iter=0 obj=0.5 pinf=0.0 (0) dinf=0.0 (0) time=0.007942001s
[ Info: Starting primal postsolve cleanup from feasible basis
[ Info: Solve finished: status=OPTIMAL objective=0.5 iterations=0 time=0.010474101s
[ Info: Loaded problem: rows=4 columns=4 nnz=4
[ Info: Solve finished: status=MIP_NOT_SUPPORTED reason=discrete domains require relax_integrality=true iterations=0 time=0.0006182s
[ Info: Loaded problem: rows=1 columns=1 nnz=1
[ Info: Solve finished: status=INVALID_MODEL reason=objective coefficients must be finite iterations=0 time=0.0005279s
[ Info: Loaded problem: rows=1 columns=1 nnz=1
[ Info: Solve finished: status=INVALID_MODEL reason=objective length must equal the number of columns iterations=0 time=0.0004778s
[ Info: Loaded problem: rows=1 columns=1 nnz=1
[ Info: Solve finished: status=ALGORITHM_NOT_SUPPORTED reason=only the dual and primal simplex algorithms are supported iterations=0 time=0.0004232s
[ Info: Loaded problem: rows=1 columns=1 nnz=1
[ Info: Solve finished: status=ALGORITHM_NOT_SUPPORTED reason=only the dual and primal simplex algorithms are supported iterations=0 time=0.0004123s
[ Info: Loaded problem: rows=2 columns=2 nnz=4
[ Info: Solve finished: status=TIME_LIMIT reason=time limit reached iterations=0 time=0.0004908s
[ Info: Loaded problem: rows=2 columns=2 nnz=4
[ Info: Solve finished: status=TIME_LIMIT reason=time limit reached iterations=0 time=0.0004388s
[ Info: Loaded problem: rows=2 columns=2 nnz=4
[ Info: Solve finished: status=TIME_LIMIT reason=time limit reached iterations=0 time=0.0004402s
[ Info: Loaded problem: rows=2 columns=2 nnz=4
[ Info: Solve finished: status=TIME_LIMIT reason=time limit reached iterations=0 time=0.0004343s
[ Info: Loaded problem: rows=2 columns=2 nnz=4
[ Info: Solve finished: status=TIME_LIMIT reason=time limit reached iterations=0 time=0.0004285s
[ Info: Loaded problem: rows=2 columns=2 nnz=4
[ Info: Solve finished: status=TIME_LIMIT reason=time limit reached iterations=0 time=0.0004368s
[ Info: Loaded problem: rows=0 columns=1 nnz=0
[ Info: Solve finished: status=TIME_LIMIT reason=time limit reached iterations=0 time=0.0004088s
[ Info: Loaded problem: rows=0 columns=1 nnz=0
[ Info: Solve finished: status=TIME_LIMIT reason=time limit reached iterations=0 time=0.0004062s
[ Info: Loaded problem: rows=0 columns=1 nnz=0
[ Info: Solve finished: status=TIME_LIMIT reason=time limit reached iterations=0 time=0.0004046s
[ Info: Loaded problem: rows=2 columns=2 nnz=4
[ Info: Solve finished: status=TIME_LIMIT reason=time limit reached iterations=0 time=0.0004517s
[ Info: Loaded problem: rows=2 columns=2 nnz=4
[ Info: Starting presolve
[ Info: After presolve: rows=2 columns=2 nnz=4
┌ Info: Starting simplex phase II
│   algorithm = :dual
│   iter = 0
└   time = 0.006884
[ Info: Solve finished: status=ITERATION_LIMIT reason=iteration limit reached iterations=0 time=0.0074504s
[ Info: Loaded problem: rows=2 columns=2 nnz=4
[ Info: Starting presolve
[ Info: After presolve: rows=2 columns=2 nnz=4
┌ Info: Starting simplex phase II
│   algorithm = :dual
│   iter = 0
└   time = 0.006395001
[ Info: iter=1 obj=4.0 pinf=2.0 (1) dinf=0.0 (0) time=0.008791701s
[ Info: Solve finished: status=ITERATION_LIMIT reason=iteration limit reached iterations=1 time=0.009166401s
[ Info: Loaded problem: rows=2 columns=2 nnz=4
[ Info: Starting presolve
[ Info: After presolve: rows=2 columns=2 nnz=4
┌ Info: Starting simplex phase II
│   algorithm = :dual
│   iter = 0
└   time = 0.0063514
[ Info: iter=1 obj=4.0 pinf=2.0 (1) dinf=0.0 (0) time=0.0085987s
[ Info: iter=2 obj=5.0 pinf=0.0 (0) dinf=0.0 (0) time=0.0107468s
[ Info: Solve finished: status=OPTIMAL objective=5.0 iterations=2 time=0.0126946s
[ Info: Loaded problem: rows=0 columns=1 nnz=0
[ Info: Starting presolve
[ Info: After presolve: rows=0 columns=0 nnz=0
┌ Info: Starting simplex phase II
│   algorithm = :dual
│   iter = 0
└   time = 0.0022089
[ Info: Starting postsolve cleanup on original LP
[ Info: iter=0 obj=0.0 pinf=0.0 (0) dinf=0.0 (0) time=0.0041198s
[ Info: Starting primal postsolve cleanup from feasible basis
[ Info: Solve finished: status=OPTIMAL objective=0.0 iterations=0 time=0.0053543s
[ Info: Loaded problem: rows=1 columns=1 nnz=1
[ Info: Starting presolve
[ Info: After presolve: rows=0 columns=1 nnz=0
[ Info: Solve finished: status=INFEASIBLE reason=singleton row 1 contradicts column bounds iterations=0 time=0.004161s
[ Info: Loaded problem: rows=0 columns=1 nnz=0
[ Info: Starting presolve
[ Info: After presolve: rows=0 columns=1 nnz=0
┌ Info: Starting simplex phase II
│   algorithm = :dual
│   iter = 0
└   time = 0.0022949
[ Info: Solve finished: status=UNBOUNDED reason=unbounded improving direction iterations=0 time=0.002624s
[ Info: Loaded problem: rows=1 columns=2 nnz=2
[ Info: Starting presolve
[ Info: After presolve: rows=1 columns=2 nnz=2
┌ Info: Starting simplex phase II
│   algorithm = :dual
│   iter = 0
└   time = 0.0047536
[ Info: iter=0 obj=0.0 pinf=1.0 (1) dinf=0.0 (0) time=0.0063617s
[ Info: Solve finished: status=NUMERICAL_ERROR reason=ZeroPivotException: factorization encountered one or more zero pivots. Consider switching to a pivoted LU factorization. iterations=0 time=0.0082123s
[ Info: Loaded problem: rows=0 columns=1 nnz=0
[ Info: Starting presolve
[ Info: After presolve: rows=0 columns=1 nnz=0
┌ Info: Starting simplex phase II
│   algorithm = :dual
│   iter = 0
└   time = 0.0022997
[ Info: Solve finished: status=NUMERICAL_ERROR reason=non-finite simplex iterate iterations=0 time=0.0027293s
[ Info: Loaded problem: rows=3 columns=2 nnz=4
[ Info: Starting presolve
[ Info: After presolve: rows=1 columns=2 nnz=2
┌ Info: Starting simplex phase II
│   algorithm = :dual
│   iter = 0
└   time = 0.0069878
[ Info: Starting postsolve cleanup on original LP
[ Info: iter=1 obj=-9.666667 pinf=0.0 (0) dinf=0.0 (0) time=0.013187001s
[ Info: Starting primal postsolve cleanup from feasible basis
[ Info: Solve finished: status=OPTIMAL objective=-9.666667 iterations=1 time=0.015444201s
[ Info: Loaded problem: rows=3 columns=2 nnz=4
[ Info: Starting presolve
[ Info: After presolve: rows=1 columns=2 nnz=2
┌ Info: Starting simplex phase II
│   algorithm = :dual
│   iter = 0
└   time = 0.007272301
[ Info: Starting postsolve cleanup on original LP
[ Info: iter=1 obj=-9.666666666666666 pinf=0.0 (0) dinf=0.0 (0) time=0.013505401s
[ Info: Starting primal postsolve cleanup from feasible basis
[ Info: Solve finished: status=OPTIMAL objective=-9.666666666666666 iterations=1 time=0.015574102s
[ Info: Loaded problem: rows=3 columns=2 nnz=4
[ Info: Starting presolve
[ Info: After presolve: rows=1 columns=2 nnz=2
┌ Info: Starting simplex phase II
│   algorithm = :dual
│   iter = 0
└   time = 0.010205001
[ Info: Starting postsolve cleanup on original LP
[ Info: iter=1 obj=-9.666666666666666666666666666666666666666666666666666666666666666666666666666575 pinf=0.0 (0) dinf=0.0 (0) time=0.021517702s
[ Info: Starting primal postsolve cleanup from feasible basis
[ Info: Solve finished: status=OPTIMAL objective=-9.666666666666666666666666666666666666666666666666666666666666666666666666666713 iterations=1 time=0.024536202s
[ Info: Loaded problem: rows=3 columns=2 nnz=4
[ Info: Starting presolve
[ Info: After presolve: rows=1 columns=2 nnz=2
┌ Info: Starting simplex phase II
│   algorithm = :dual
│   iter = 0
└   time = 0.0092151
[ Info: Starting postsolve cleanup on original LP
[ Info: iter=1 obj=-29//3 pinf=0//1 (0) dinf=0//1 (0) time=0.020634501s
[ Info: Starting primal postsolve cleanup from feasible basis
[ Info: Solve finished: status=OPTIMAL objective=-29//3 iterations=1 time=0.023740801s
[ Info: Loaded problem: rows=3 columns=2 nnz=4
[ Info: Starting presolve
[ Info: After presolve: rows=1 columns=2 nnz=2
┌ Info: Starting simplex phase II
│   algorithm = :dual
│   iter = 0
└   time = 0.007660101
[ Info: Starting postsolve cleanup on original LP
[ Info: iter=1 obj=-29//3 pinf=0//1 (0) dinf=0//1 (0) time=0.018217502s
[ Info: Starting primal postsolve cleanup from feasible basis
[ Info: Solve finished: status=OPTIMAL objective=-29//3 iterations=1 time=0.021142602s
[ Info: Loaded problem: rows=1 columns=1 nnz=1
[ Info: Starting presolve
[ Info: After presolve: rows=0 columns=0 nnz=0
┌ Info: Starting simplex phase II
│   algorithm = :dual
│   iter = 0
└   time = 0.0045933
[ Info: Starting postsolve cleanup on original LP
[ Info: iter=0 obj=11//4 pinf=0//1 (0) dinf=0//1 (0) time=0.009111901s
[ Info: Starting primal postsolve cleanup from feasible basis
[ Info: Solve finished: status=OPTIMAL objective=11//4 iterations=0 time=0.011048501s
[ Info: Loaded problem: rows=1 columns=1 nnz=1
[ Info: Starting presolve
[ Info: After presolve: rows=0 columns=1 nnz=0
[ Info: Solve finished: status=INFEASIBLE reason=singleton row 1 contradicts column bounds iterations=0 time=0.0050174s
[ Info: Loaded problem: rows=0 columns=1 nnz=0
[ Info: Starting presolve
[ Info: After presolve: rows=0 columns=1 nnz=0
┌ Info: Starting simplex phase II
│   algorithm = :dual
│   iter = 0
└   time = 0.003002
[ Info: Solve finished: status=UNBOUNDED reason=unbounded improving direction iterations=0 time=0.0033717s
[ Info: Loaded problem: rows=2 columns=2 nnz=4
[ Info: Starting presolve
[ Info: After presolve: rows=2 columns=2 nnz=4
┌ Info: Starting simplex phase II
│   algorithm = :dual
│   iter = 0
└   time = 0.006314201
[ Info: Solve finished: status=ITERATION_LIMIT reason=iteration limit reached iterations=0 time=0.006873201s
[ Info: Loaded problem: rows=2 columns=2 nnz=4
[ Info: Solve finished: status=TIME_LIMIT reason=time limit reached iterations=0 time=0.0004866s
[ Info: Loaded problem: rows=0 columns=1 nnz=0
[ Info: Solve finished: status=MIP_NOT_SUPPORTED reason=discrete domains require relax_integrality=true iterations=0 time=0.0004595s
[ Info: Loaded problem: rows=2 columns=2 nnz=4
[ Info: Solve finished: status=ALGORITHM_NOT_SUPPORTED reason=only the dual and primal simplex algorithms are supported iterations=0 time=0.0004543s
[ Info: Loaded problem: rows=2 columns=2 nnz=4
[ Info: Solve finished: status=INVALID_MODEL reason=objective length must equal the number of columns iterations=0 time=0.0004017s
[ Info: Loaded problem: rows=1 columns=2 nnz=2
[ Info: Starting presolve
[ Info: After presolve: rows=1 columns=2 nnz=2
┌ Info: Starting simplex phase II
│   algorithm = :dual
│   iter = 0
└   time = 0.0044145
[ Info: iter=0 obj=0.0 pinf=1.0 (1) dinf=0.0 (0) time=0.0060799s
[ Info: Solve finished: status=NUMERICAL_ERROR reason=ZeroPivotException: factorization encountered one or more zero pivots. Consider switching to a pivoted LU factorization. iterations=0 time=0.008077201s
[ Info: Loaded problem: rows=2 columns=2 nnz=4
[ Info: Starting presolve
[ Info: After presolve: rows=2 columns=2 nnz=4
┌ Info: Starting simplex phase II
│   algorithm = :dual
│   iter = 0
└   time = 0.0063501
[ Info: iter=1 obj=4.0 pinf=2.0 (1) dinf=0.0 (0) time=0.0086805s
[ Info: iter=2 obj=5.0 pinf=0.0 (0) dinf=0.0 (0) time=0.0105916s
[ Info: Solve finished: status=OPTIMAL objective=5.0 iterations=2 time=0.012716301s
[ Info: Loaded problem: rows=0 columns=1 nnz=0
[ Info: Starting presolve
[ Info: After presolve: rows=0 columns=0 nnz=0
┌ Info: Starting simplex phase II
│   algorithm = :dual
│   iter = 0
└   time = 0.0026155
[ Info: Starting postsolve cleanup on original LP
[ Info: iter=0 obj=7.0 pinf=0.0 (0) dinf=0.0 (0) time=0.0049457s
[ Info: Starting primal postsolve cleanup from feasible basis
[ Info: Solve finished: status=OPTIMAL objective=7.0 iterations=0 time=0.0061263s
[ Info: Loaded problem: rows=0 columns=1 nnz=0
[ Info: Starting presolve
[ Info: After presolve: rows=0 columns=0 nnz=0
┌ Info: Starting simplex phase II
│   algorithm = :dual
│   iter = 0
└   time = 0.0024976
[ Info: Starting postsolve cleanup on original LP
[ Info: iter=0 obj=-1.0 pinf=0.0 (0) dinf=0.0 (0) time=0.0045909s
[ Info: Starting primal postsolve cleanup from feasible basis
[ Info: Solve finished: status=OPTIMAL objective=-1.0 iterations=0 time=0.005707001s
[ Info: Loaded problem: rows=1 columns=1 nnz=1
[ Info: Starting presolve
[ Info: After presolve: rows=0 columns=1 nnz=0
[ Info: Solve finished: status=INFEASIBLE reason=singleton row 1 contradicts column bounds iterations=0 time=0.0042325s
[ Info: Loaded problem: rows=0 columns=1 nnz=0
[ Info: Starting presolve
[ Info: After presolve: rows=0 columns=1 nnz=0
┌ Info: Starting simplex phase II
│   algorithm = :dual
│   iter = 0
└   time = 0.0025705
[ Info: Solve finished: status=UNBOUNDED reason=unbounded improving direction iterations=0 time=0.0029116s
[ Info: Loaded problem: rows=2 columns=2 nnz=4
[ Info: Starting presolve
[ Info: After presolve: rows=2 columns=2 nnz=4
┌ Info: Starting simplex phase II
│   algorithm = :dual
│   iter = 0
└   time = 0.006514901
[ Info: Solve finished: status=ITERATION_LIMIT reason=iteration limit reached iterations=0 time=0.007035901s
[ Info: Loaded problem: rows=2 columns=2 nnz=4
[ Info: Solve finished: status=TIME_LIMIT reason=time limit reached iterations=0 time=0.000484s
[ Info: Loaded problem: rows=0 columns=1 nnz=0
[ Info: Solve finished: status=MIP_NOT_SUPPORTED reason=discrete domains require relax_integrality=true iterations=0 time=0.0004486s
[ Info: Loaded problem: rows=2 columns=2 nnz=4
[ Info: Solve finished: status=ALGORITHM_NOT_SUPPORTED reason=only the dual and primal simplex algorithms are supported iterations=0 time=0.0004563s
[ Info: Loaded problem: rows=2 columns=2 nnz=4
[ Info: Solve finished: status=INVALID_MODEL reason=objective length must equal the number of columns iterations=0 time=0.0004022s
[ Info: Loaded problem: rows=1 columns=2 nnz=2
[ Info: Starting presolve
[ Info: After presolve: rows=1 columns=2 nnz=2
┌ Info: Starting simplex phase II
│   algorithm = :dual
│   iter = 0
└   time = 0.005183201
[ Info: iter=0 obj=0.0 pinf=1.0 (1) dinf=0.0 (0) time=0.006947901s
[ Info: Solve finished: status=NUMERICAL_ERROR reason=ZeroPivotException: factorization encountered one or more zero pivots. Consider switching to a pivoted LU factorization. iterations=0 time=0.008864801s
[ Info: Loaded problem: rows=2 columns=2 nnz=4
[ Info: Starting presolve
[ Info: After presolve: rows=2 columns=2 nnz=4
┌ Info: Starting simplex phase II
│   algorithm = :dual
│   iter = 0
└   time = 0.006234
[ Info: iter=1 obj=4.0 pinf=2.0 (1) dinf=0.0 (0) time=0.0085627s
[ Info: iter=2 obj=5.0 pinf=0.0 (0) dinf=0.0 (0) time=0.010884901s
[ Info: Solve finished: status=OPTIMAL objective=5.0 iterations=2 time=0.012958501s
[ Info: Loaded problem: rows=0 columns=1 nnz=0
[ Info: Starting presolve
[ Info: After presolve: rows=0 columns=0 nnz=0
┌ Info: Starting simplex phase II
│   algorithm = :dual
│   iter = 0
└   time = 0.0023689
[ Info: Starting postsolve cleanup on original LP
[ Info: iter=0 obj=7.0 pinf=0.0 (0) dinf=0.0 (0) time=0.0044574s
[ Info: Starting primal postsolve cleanup from feasible basis
[ Info: Solve finished: status=OPTIMAL objective=7.0 iterations=0 time=0.0055264s
[ Info: Loaded problem: rows=0 columns=1 nnz=0
[ Info: Starting presolve
[ Info: After presolve: rows=0 columns=0 nnz=0
┌ Info: Starting simplex phase II
│   algorithm = :dual
│   iter = 0
└   time = 0.0021448
[ Info: Starting postsolve cleanup on original LP
[ Info: iter=0 obj=-1.0 pinf=0.0 (0) dinf=0.0 (0) time=0.004043301s
[ Info: Starting primal postsolve cleanup from feasible basis
[ Info: Solve finished: status=OPTIMAL objective=-1.0 iterations=0 time=0.005100801s
[ Info: Loaded problem: rows=1 columns=1 nnz=1
[ Info: Starting presolve
[ Info: After presolve: rows=0 columns=1 nnz=0
[ Info: Solve finished: status=INFEASIBLE reason=singleton row 1 contradicts column bounds iterations=0 time=0.0048931s
[ Info: Loaded problem: rows=0 columns=1 nnz=0
[ Info: Starting presolve
[ Info: After presolve: rows=0 columns=1 nnz=0
┌ Info: Starting simplex phase II
│   algorithm = :dual
│   iter = 0
└   time = 0.003647001
[ Info: Solve finished: status=UNBOUNDED reason=unbounded improving direction iterations=0 time=0.004004501s
[ Info: Loaded problem: rows=2 columns=2 nnz=4
[ Info: Starting presolve
[ Info: After presolve: rows=2 columns=2 nnz=4
┌ Info: Starting simplex phase II
│   algorithm = :dual
│   iter = 0
└   time = 0.0089939
[ Info: Solve finished: status=ITERATION_LIMIT reason=iteration limit reached iterations=0 time=0.0095313s
[ Info: Loaded problem: rows=2 columns=2 nnz=4
[ Info: Solve finished: status=TIME_LIMIT reason=time limit reached iterations=0 time=0.0008147s
[ Info: Loaded problem: rows=0 columns=1 nnz=0
[ Info: Solve finished: status=MIP_NOT_SUPPORTED reason=discrete domains require relax_integrality=true iterations=0 time=0.0007762s
[ Info: Loaded problem: rows=2 columns=2 nnz=4
[ Info: Solve finished: status=ALGORITHM_NOT_SUPPORTED reason=only the dual and primal simplex algorithms are supported iterations=0 time=0.0008162s
[ Info: Loaded problem: rows=2 columns=2 nnz=4
[ Info: Solve finished: status=INVALID_MODEL reason=objective length must equal the number of columns iterations=0 time=0.0007933s
[ Info: Loaded problem: rows=1 columns=2 nnz=2
[ Info: Starting presolve
[ Info: After presolve: rows=1 columns=2 nnz=2
┌ Info: Starting simplex phase II
│   algorithm = :dual
│   iter = 0
└   time = 0.0062209
[ Info: iter=0 obj=0.0 pinf=1.0 (1) dinf=0.0 (0) time=0.008995301s
[ Info: Solve finished: status=NUMERICAL_ERROR reason=ZeroPivotException: factorization encountered one or more zero pivots. Consider switching to a pivoted LU factorization. iterations=0 time=0.011509001s
[ Info: Loaded problem: rows=2 columns=2 nnz=4
[ Info: Starting presolve
[ Info: After presolve: rows=2 columns=2 nnz=4
┌ Info: Starting simplex phase II
│   algorithm = :dual
│   iter = 0
└   time = 0.008906
[ Info: iter=1 obj=4.0 pinf=2.0 (1) dinf=0.0 (0) time=0.013399201s
[ Info: iter=2 obj=5.0 pinf=0.0 (0) dinf=0.0 (0) time=0.017450101s
[ Info: Solve finished: status=OPTIMAL objective=5.0 iterations=2 time=0.020514401s
[ Info: Loaded problem: rows=0 columns=1 nnz=0
[ Info: Starting presolve
[ Info: After presolve: rows=0 columns=0 nnz=0
┌ Info: Starting simplex phase II
│   algorithm = :dual
│   iter = 0
└   time = 0.003680601
[ Info: Starting postsolve cleanup on original LP
[ Info: iter=0 obj=7.0 pinf=0.0 (0) dinf=0.0 (0) time=0.006780701s
[ Info: Starting primal postsolve cleanup from feasible basis
[ Info: Solve finished: status=OPTIMAL objective=7.0 iterations=0 time=0.008323901s
[ Info: Loaded problem: rows=0 columns=1 nnz=0
[ Info: Starting presolve
[ Info: After presolve: rows=0 columns=0 nnz=0
┌ Info: Starting simplex phase II
│   algorithm = :dual
│   iter = 0
└   time = 0.0030516
[ Info: Starting postsolve cleanup on original LP
[ Info: iter=0 obj=-1.0 pinf=0.0 (0) dinf=0.0 (0) time=0.0059507s
[ Info: Starting primal postsolve cleanup from feasible basis
[ Info: Solve finished: status=OPTIMAL objective=-1.0 iterations=0 time=0.0074139s
[ Info: Loaded problem: rows=1 columns=1 nnz=1
[ Info: Starting presolve
[ Info: After presolve: rows=0 columns=1 nnz=0
[ Info: Solve finished: status=INFEASIBLE reason=singleton row 1 contradicts column bounds iterations=0 time=0.0012753s
[ Info: Loaded problem: rows=0 columns=1 nnz=0
[ Info: Starting presolve
[ Info: After presolve: rows=0 columns=1 nnz=0
┌ Info: Starting simplex phase II
│   algorithm = :dual
│   iter = 0
└   time = 0.0029136
[ Info: Solve finished: status=UNBOUNDED reason=unbounded improving direction iterations=0 time=0.0032727s
[ Info: Loaded problem: rows=2 columns=2 nnz=4
[ Info: Starting presolve
[ Info: After presolve: rows=2 columns=2 nnz=4
┌ Info: Starting simplex phase II
│   algorithm = :dual
│   iter = 0
└   time = 0.007911101
[ Info: Solve finished: status=ITERATION_LIMIT reason=iteration limit reached iterations=0 time=0.008564001s
[ Info: Loaded problem: rows=2 columns=2 nnz=4
[ Info: Solve finished: status=TIME_LIMIT reason=time limit reached iterations=0 time=0.000502s
[ Info: Loaded problem: rows=0 columns=1 nnz=0
[ Info: Solve finished: status=MIP_NOT_SUPPORTED reason=discrete domains require relax_integrality=true iterations=0 time=0.0004911s
[ Info: Loaded problem: rows=2 columns=2 nnz=4
[ Info: Solve finished: status=ALGORITHM_NOT_SUPPORTED reason=only the dual and primal simplex algorithms are supported iterations=0 time=0.0004559s
[ Info: Loaded problem: rows=2 columns=2 nnz=4
[ Info: Solve finished: status=INVALID_MODEL reason=objective length must equal the number of columns iterations=0 time=0.0004615s
[ Info: Loaded problem: rows=1 columns=2 nnz=2
[ Info: Starting presolve
[ Info: After presolve: rows=1 columns=2 nnz=2
┌ Info: Starting simplex phase II
│   algorithm = :dual
│   iter = 0
└   time = 0.005183701
[ Info: Solve finished: status=NUMERICAL_ERROR reason=ZeroPivotException: factorization encountered one or more zero pivots. Consider switching to a pivoted LU factorization. iterations=0 time=0.007983501s
[ Info: Loaded problem: rows=2 columns=2 nnz=4
[ Info: Starting presolve
[ Info: After presolve: rows=2 columns=2 nnz=4
┌ Info: Starting simplex phase II
│   algorithm = :dual
│   iter = 0
└   time = 0.0076984
[ Info: iter=1 obj=4//1 pinf=2//1 (1) dinf=0//1 (0) time=0.012232101s
[ Info: iter=2 obj=5//1 pinf=0//1 (0) dinf=0//1 (0) time=0.016249001s
[ Info: Solve finished: status=OPTIMAL objective=5//1 iterations=2 time=0.019654101s
[ Info: Loaded problem: rows=0 columns=1 nnz=0
[ Info: Starting presolve
[ Info: After presolve: rows=0 columns=0 nnz=0
┌ Info: Starting simplex phase II
│   algorithm = :dual
│   iter = 0
└   time = 0.002738
[ Info: Starting postsolve cleanup on original LP
[ Info: iter=0 obj=7//1 pinf=0//1 (0) dinf=0//1 (0) time=0.005809701s
[ Info: Starting primal postsolve cleanup from feasible basis
[ Info: Solve finished: status=OPTIMAL objective=7//1 iterations=0 time=0.007346801s
[ Info: Loaded problem: rows=0 columns=1 nnz=0
[ Info: Starting presolve
[ Info: After presolve: rows=0 columns=0 nnz=0
┌ Info: Starting simplex phase II
│   algorithm = :dual
│   iter = 0
└   time = 0.0024663
[ Info: Starting postsolve cleanup on original LP
[ Info: iter=0 obj=-1//1 pinf=0//1 (0) dinf=0//1 (0) time=0.0052954s
[ Info: Starting primal postsolve cleanup from feasible basis
[ Info: Solve finished: status=OPTIMAL objective=-1//1 iterations=0 time=0.0069576s
[ Info: Loaded problem: rows=1 columns=2 nnz=2
[ Info: Starting presolve
[ Info: After presolve: rows=1 columns=2 nnz=2
┌ Info: Starting simplex phase I
│   algorithm = :dual
│   iter = 0
└   time = 0.0077493
[ Info: iter=1 obj=-6.0 pinf=0.0 (0) dinf=0.0 (0) time=0.011880001s
┌ Info: Starting simplex phase II
│   algorithm = :dual
│   iter = 1
└   time = 0.012296101
[ Info: Restarting simplex on original LP after NUMERICAL_ERROR: original-objective optimality certificate is inconclusive; completed iterations=1
┌ Info: Starting simplex phase I
│   algorithm = :dual
│   iter = 1
└   time = 0.015849801
[ Info: iter=2 obj=-6.0 pinf=0.0 (0) dinf=0.0 (0) time=0.019692301s
┌ Info: Starting simplex phase II
│   algorithm = :dual
│   iter = 2
└   time = 0.020071601
[ Info: Solve finished: status=OPTIMAL objective=-6.0 iterations=2 time=0.021704901s
[ Info: Loaded problem: rows=1 columns=2 nnz=2
[ Info: Starting presolve
[ Info: After presolve: rows=1 columns=2 nnz=2
┌ Info: Starting simplex phase I
│   algorithm = :dual
│   iter = 0
└   time = 0.007411101
[ Info: iter=1 obj=0.0 pinf=0.0 (0) dinf=0.0 (0) time=0.009254101s
[ Info: iter=1 obj=-6.0 pinf=0.0 (0) dinf=0.0 (0) time=0.011724401s
┌ Info: Starting simplex phase II
│   algorithm = :dual
│   iter = 1
└   time = 0.012136201
[ Info: Restarting simplex on original LP after NUMERICAL_ERROR: original-objective optimality certificate is inconclusive; completed iterations=1
┌ Info: Starting simplex phase I
│   algorithm = :dual
│   iter = 1
└   time = 0.015573202
[ Info: iter=2 obj=0.0 pinf=0.0 (0) dinf=0.0 (0) time=0.017550102s
[ Info: iter=2 obj=-6.0 pinf=0.0 (0) dinf=0.0 (0) time=0.020139802s
┌ Info: Starting simplex phase II
│   algorithm = :dual
│   iter = 2
└   time = 0.020512502
[ Info: Solve finished: status=OPTIMAL objective=-6.0 iterations=2 time=0.022168802s
[ Info: Loaded problem: rows=1 columns=2 nnz=2
[ Info: Starting presolve
[ Info: After presolve: rows=1 columns=2 nnz=2
┌ Info: Starting simplex phase I
│   algorithm = :dual
│   iter = 0
└   time = 0.007366701
[ Info: iter=1 obj=-6.0 pinf=0.0 (0) dinf=0.0 (0) time=0.010968001s
┌ Info: Starting simplex phase II
│   algorithm = :dual
│   iter = 1
└   time = 0.011352601
[ Info: Restarting simplex on original LP after NUMERICAL_ERROR: original-objective optimality certificate is inconclusive; completed iterations=1
┌ Info: Starting simplex phase I
│   algorithm = :dual
│   iter = 1
└   time = 0.014870101
[ Info: iter=2 obj=-6.0 pinf=0.0 (0) dinf=0.0 (0) time=0.018561701s
┌ Info: Starting simplex phase II
│   algorithm = :dual
│   iter = 2
└   time = 0.018943401
[ Info: Solve finished: status=OPTIMAL objective=-6.0 iterations=2 time=0.020593202s
[ Info: Loaded problem: rows=1 columns=2 nnz=2
[ Info: Starting presolve
[ Info: After presolve: rows=1 columns=2 nnz=2
┌ Info: Starting simplex phase I
│   algorithm = :dual
│   iter = 0
└   time = 0.0073359
[ Info: iter=1 obj=-6.0 pinf=0.0 (0) dinf=0.0 (0) time=0.0110669s
┌ Info: Starting simplex phase II
│   algorithm = :dual
│   iter = 1
└   time = 0.0114927
[ Info: Restarting simplex on original LP after NUMERICAL_ERROR: original-objective optimality certificate is inconclusive; completed iterations=1
┌ Info: Starting simplex phase I
│   algorithm = :dual
│   iter = 1
└   time = 0.014986001
[ Info: iter=2 obj=-6.0 pinf=0.0 (0) dinf=0.0 (0) time=0.018661401s
┌ Info: Starting simplex phase II
│   algorithm = :dual
│   iter = 2
└   time = 0.019046401
[ Info: Solve finished: status=OPTIMAL objective=-6.0 iterations=2 time=0.020710201s
[ Info: Loaded problem: rows=1 columns=2 nnz=2
[ Info: Starting presolve
[ Info: After presolve: rows=1 columns=2 nnz=2
┌ Info: Starting simplex phase I
│   algorithm = :dual
│   iter = 0
└   time = 0.007431101
[ Info: iter=1 obj=-6.0 pinf=0.0 (0) dinf=0.0 (0) time=0.010993201s
┌ Info: Starting simplex phase II
│   algorithm = :dual
│   iter = 1
└   time = 0.011389401
[ Info: Restarting simplex on original LP after NUMERICAL_ERROR: original-objective optimality certificate is inconclusive; completed iterations=1
┌ Info: Starting simplex phase I
│   algorithm = :dual
│   iter = 1
└   time = 0.014841201
[ Info: iter=2 obj=-6.0 pinf=0.0 (0) dinf=0.0 (0) time=0.018488601s
┌ Info: Starting simplex phase II
│   algorithm = :dual
│   iter = 2
└   time = 0.018881401
[ Info: Solve finished: status=OPTIMAL objective=-6.0 iterations=2 time=0.020629902s
[ Info: Loaded problem: rows=1 columns=2 nnz=2
[ Info: Starting presolve
[ Info: After presolve: rows=1 columns=2 nnz=2
┌ Info: Starting simplex phase I
│   algorithm = :dual
│   iter = 0
└   time = 0.0079727
[ Info: iter=1 obj=-6.0 pinf=0.0 (0) dinf=0.0 (0) time=0.011889901s
┌ Info: Starting simplex phase II
│   algorithm = :dual
│   iter = 1
└   time = 0.012286401
[ Info: Starting postsolve cleanup on original LP
[ Info: iter=1 obj=-1.333333333333333 pinf=0.0 (0) dinf=0.6666666666666667 (1) time=0.016573601s
[ Info: iter=1 obj=-6.0 pinf=0.0 (0) dinf=0.0 (0) time=0.018011801s
[ Info: Projected postsolve basis: exchanges=1
[ Info: Starting primal postsolve cleanup from feasible basis
[ Info: Solve finished: status=OPTIMAL objective=-6.0 iterations=1 time=0.019874501s
[ Info: Loaded problem: rows=1 columns=2 nnz=2
[ Info: Starting presolve
[ Info: After presolve: rows=1 columns=2 nnz=2
┌ Info: Starting simplex phase I
│   algorithm = :dual
│   iter = 0
└   time = 0.007734301
[ Info: iter=1 obj=0.0 pinf=0.0 (0) dinf=0.0 (0) time=0.009751701s
[ Info: iter=1 obj=-6.0 pinf=0.0 (0) dinf=0.0 (0) time=0.012402201s
┌ Info: Starting simplex phase II
│   algorithm = :dual
│   iter = 1
└   time = 0.012778601
[ Info: Starting postsolve cleanup on original LP
[ Info: iter=1 obj=-1.333333333333333 pinf=0.0 (0) dinf=0.6666666666666667 (1) time=0.016764501s
[ Info: iter=1 obj=-6.0 pinf=0.0 (0) dinf=0.0 (0) time=0.018386402s
[ Info: Projected postsolve basis: exchanges=1
[ Info: Starting primal postsolve cleanup from feasible basis
[ Info: Solve finished: status=OPTIMAL objective=-6.0 iterations=1 time=0.020201802s
[ Info: Loaded problem: rows=1 columns=2 nnz=2
[ Info: Starting presolve
[ Info: After presolve: rows=1 columns=2 nnz=2
┌ Info: Starting simplex phase I
│   algorithm = :dual
│   iter = 0
└   time = 0.0078728
[ Info: iter=1 obj=-6.0 pinf=0.0 (0) dinf=0.0 (0) time=0.011577001s
┌ Info: Starting simplex phase II
│   algorithm = :dual
│   iter = 1
└   time = 0.011960801
[ Info: Starting postsolve cleanup on original LP
[ Info: iter=1 obj=-1.333333333333333 pinf=0.0 (0) dinf=0.6666666666666667 (1) time=0.015896901s
[ Info: iter=1 obj=-6.0 pinf=0.0 (0) dinf=0.0 (0) time=0.017218501s
[ Info: Projected postsolve basis: exchanges=1
[ Info: Starting primal postsolve cleanup from feasible basis
[ Info: Solve finished: status=OPTIMAL objective=-6.0 iterations=1 time=0.019010101s
[ Info: Loaded problem: rows=1 columns=2 nnz=2
[ Info: Starting presolve
[ Info: After presolve: rows=1 columns=2 nnz=2
┌ Info: Starting simplex phase I
│   algorithm = :dual
│   iter = 0
└   time = 0.007570001
[ Info: iter=1 obj=-6.0 pinf=0.0 (0) dinf=0.0 (0) time=0.011343101s
┌ Info: Starting simplex phase II
│   algorithm = :dual
│   iter = 1
└   time = 0.011723701
[ Info: Starting postsolve cleanup on original LP
[ Info: iter=1 obj=-1.333333333333333 pinf=0.0 (0) dinf=0.6666666666666667 (1) time=0.015698501s
[ Info: iter=1 obj=-6.0 pinf=0.0 (0) dinf=0.0 (0) time=0.017009801s
[ Info: Projected postsolve basis: exchanges=1
[ Info: Starting primal postsolve cleanup from feasible basis
[ Info: Solve finished: status=OPTIMAL objective=-6.0 iterations=1 time=0.018884902s
[ Info: Loaded problem: rows=1 columns=2 nnz=2
[ Info: Starting presolve
[ Info: After presolve: rows=1 columns=2 nnz=2
┌ Info: Starting simplex phase I
│   algorithm = :dual
│   iter = 0
└   time = 0.0075153
[ Info: iter=1 obj=-6.0 pinf=0.0 (0) dinf=0.0 (0) time=0.0112963s
┌ Info: Starting simplex phase II
│   algorithm = :dual
│   iter = 1
└   time = 0.0116832
[ Info: Starting postsolve cleanup on original LP
[ Info: iter=1 obj=-1.333333333333333 pinf=0.0 (0) dinf=0.6666666666666667 (1) time=0.015666201s
[ Info: iter=1 obj=-6.0 pinf=0.0 (0) dinf=0.0 (0) time=0.016999101s
[ Info: Projected postsolve basis: exchanges=1
[ Info: Starting primal postsolve cleanup from feasible basis
[ Info: Solve finished: status=OPTIMAL objective=-6.0 iterations=1 time=0.018817801s
[ Info: Loaded problem: rows=1 columns=2 nnz=2
[ Info: Starting presolve
[ Info: After presolve: rows=1 columns=2 nnz=2
┌ Info: Starting simplex phase I
│   algorithm = :dual
│   iter = 0
└   time = 0.010547001
[ Info: iter=1 obj=-6.0 pinf=0.0 (0) dinf=0.0 (0) time=0.015986901s
┌ Info: Starting simplex phase II
│   algorithm = :dual
│   iter = 1
└   time = 0.016438601
[ Info: Starting postsolve cleanup on original LP
[ Info: iter=1 obj=-1.333333333333333333333333333333333333333333333333333333333333333333333333333356 pinf=0.0 (0) dinf=0.6666666666666666666666666666666666666666666666666666666666666666666666666666609 (1) time=0.022134502s
[ Info: iter=1 obj=-6.0 pinf=0.0 (0) dinf=0.0 (0) time=0.024049102s
[ Info: Projected postsolve basis: exchanges=1
[ Info: Starting primal postsolve cleanup from feasible basis
[ Info: Solve finished: status=OPTIMAL objective=-6.0 iterations=1 time=0.026692702s
[ Info: Loaded problem: rows=1 columns=2 nnz=2
[ Info: Starting presolve
[ Info: After presolve: rows=1 columns=2 nnz=2
┌ Info: Starting simplex phase I
│   algorithm = :dual
│   iter = 0
└   time = 0.009556501
[ Info: iter=1 obj=0.0 pinf=0.0 (0) dinf=0.0 (0) time=0.012666801s
[ Info: iter=1 obj=-6.0 pinf=0.0 (0) dinf=0.0 (0) time=0.015934301s
┌ Info: Starting simplex phase II
│   algorithm = :dual
│   iter = 1
└   time = 0.017565401
[ Info: Starting postsolve cleanup on original LP
[ Info: iter=1 obj=-1.333333333333333333333333333333333333333333333333333333333333333333333333333356 pinf=0.0 (0) dinf=0.6666666666666666666666666666666666666666666666666666666666666666666666666666609 (1) time=0.024895902s
[ Info: iter=1 obj=-6.0 pinf=0.0 (0) dinf=0.0 (0) time=0.026879602s
[ Info: Projected postsolve basis: exchanges=1
[ Info: Starting primal postsolve cleanup from feasible basis
[ Info: Solve finished: status=OPTIMAL objective=-6.0 iterations=1 time=0.029298102s
[ Info: Loaded problem: rows=1 columns=2 nnz=2
[ Info: Starting presolve
[ Info: After presolve: rows=1 columns=2 nnz=2
┌ Info: Starting simplex phase I
│   algorithm = :dual
│   iter = 0
└   time = 0.009605301
[ Info: iter=1 obj=-6.0 pinf=0.0 (0) dinf=0.0 (0) time=0.014572601s
┌ Info: Starting simplex phase II
│   algorithm = :dual
│   iter = 1
└   time = 0.014986201
[ Info: Starting postsolve cleanup on original LP
[ Info: iter=1 obj=-1.333333333333333333333333333333333333333333333333333333333333333333333333333356 pinf=0.0 (0) dinf=0.6666666666666666666666666666666666666666666666666666666666666666666666666666609 (1) time=0.020677902s
[ Info: iter=1 obj=-6.0 pinf=0.0 (0) dinf=0.0 (0) time=0.022471002s
[ Info: Projected postsolve basis: exchanges=1
[ Info: Starting primal postsolve cleanup from feasible basis
[ Info: Solve finished: status=OPTIMAL objective=-6.0 iterations=1 time=0.024842002s
[ Info: Loaded problem: rows=1 columns=2 nnz=2
[ Info: Starting presolve
[ Info: After presolve: rows=1 columns=2 nnz=2
┌ Info: Starting simplex phase I
│   algorithm = :dual
│   iter = 0
└   time = 0.009633001
[ Info: iter=1 obj=-6.0 pinf=0.0 (0) dinf=0.0 (0) time=0.016799501s
┌ Info: Starting simplex phase II
│   algorithm = :dual
│   iter = 1
└   time = 0.017288001
[ Info: Starting postsolve cleanup on original LP
[ Info: iter=1 obj=-1.333333333333333333333333333333333333333333333333333333333333333333333333333356 pinf=0.0 (0) dinf=0.6666666666666666666666666666666666666666666666666666666666666666666666666666609 (1) time=0.022924102s
[ Info: iter=1 obj=-6.0 pinf=0.0 (0) dinf=0.0 (0) time=0.024744702s
[ Info: Projected postsolve basis: exchanges=1
[ Info: Starting primal postsolve cleanup from feasible basis
[ Info: Solve finished: status=OPTIMAL objective=-6.0 iterations=1 time=0.027122302s
[ Info: Loaded problem: rows=1 columns=2 nnz=2
[ Info: Starting presolve
[ Info: After presolve: rows=1 columns=2 nnz=2
┌ Info: Starting simplex phase I
│   algorithm = :dual
│   iter = 0
└   time = 0.010954501
[ Info: iter=1 obj=-6.0 pinf=0.0 (0) dinf=0.0 (0) time=0.016103001s
┌ Info: Starting simplex phase II
│   algorithm = :dual
│   iter = 1
└   time = 0.016522901
[ Info: Starting postsolve cleanup on original LP
[ Info: iter=1 obj=-1.333333333333333333333333333333333333333333333333333333333333333333333333333356 pinf=0.0 (0) dinf=0.6666666666666666666666666666666666666666666666666666666666666666666666666666609 (1) time=0.022165702s
[ Info: iter=1 obj=-6.0 pinf=0.0 (0) dinf=0.0 (0) time=0.024018202s
[ Info: Projected postsolve basis: exchanges=1
[ Info: Starting primal postsolve cleanup from feasible basis
[ Info: Solve finished: status=OPTIMAL objective=-6.0 iterations=1 time=0.026573802s
[ Info: Loaded problem: rows=1 columns=2 nnz=2
[ Info: Starting presolve
[ Info: After presolve: rows=1 columns=2 nnz=2
┌ Info: Starting simplex phase II
│   algorithm = :dual
│   iter = 0
└   time = 0.008485301
[ Info: Starting postsolve cleanup on original LP
[ Info: iter=1 obj=-4//3 pinf=0//1 (0) dinf=2//3 (1) time=0.016466601s
[ Info: iter=1 obj=-6//1 pinf=0//1 (0) dinf=0//1 (0) time=0.018291402s
[ Info: Projected postsolve basis: exchanges=1
[ Info: Starting primal postsolve cleanup from feasible basis
[ Info: Solve finished: status=OPTIMAL objective=-6//1 iterations=1 time=0.020608402s
[ Info: Loaded problem: rows=1 columns=2 nnz=2
[ Info: Starting presolve
[ Info: After presolve: rows=1 columns=2 nnz=2
┌ Info: Starting simplex phase II
│   algorithm = :dual
│   iter = 0
└   time = 0.0084126
[ Info: iter=1 obj=-6//1 pinf=0//1 (0) dinf=0//1 (0) time=0.011574501s
[ Info: Starting postsolve cleanup on original LP
[ Info: iter=1 obj=-4//3 pinf=0//1 (0) dinf=2//3 (1) time=0.016964701s
[ Info: iter=1 obj=-6//1 pinf=0//1 (0) dinf=0//1 (0) time=0.018947901s
[ Info: Projected postsolve basis: exchanges=1
[ Info: Starting primal postsolve cleanup from feasible basis
[ Info: Solve finished: status=OPTIMAL objective=-6//1 iterations=1 time=0.021283201s
[ Info: Loaded problem: rows=1 columns=2 nnz=2
[ Info: Starting presolve
[ Info: After presolve: rows=1 columns=2 nnz=2
┌ Info: Starting simplex phase II
│   algorithm = :dual
│   iter = 0
└   time = 0.008650101
[ Info: Starting postsolve cleanup on original LP
[ Info: iter=1 obj=-4//3 pinf=0//1 (0) dinf=2//3 (1) time=0.016198402s
[ Info: iter=1 obj=-6//1 pinf=0//1 (0) dinf=0//1 (0) time=0.018229002s
[ Info: Projected postsolve basis: exchanges=1
[ Info: Starting primal postsolve cleanup from feasible basis
[ Info: Solve finished: status=OPTIMAL objective=-6//1 iterations=1 time=0.020561802s
[ Info: Loaded problem: rows=1 columns=2 nnz=2
[ Info: Starting presolve
[ Info: After presolve: rows=1 columns=2 nnz=2
┌ Info: Starting simplex phase II
│   algorithm = :dual
│   iter = 0
└   time = 0.008170301
[ Info: Starting postsolve cleanup on original LP
[ Info: iter=1 obj=-4//3 pinf=0//1 (0) dinf=2//3 (1) time=0.015696401s
[ Info: iter=1 obj=-6//1 pinf=0//1 (0) dinf=0//1 (0) time=0.017566701s
CHECK native_artificial_row
CHECK legacy_primal_direction_price
CHECK legacy_primal_correlated_pivot
CHECK legacy_primal_residual_probe
CHECK simplex_phase_logging
CHECK simplex_precision_phase
[ Info: Projected postsolve basis: exchanges=1
[ Info: Starting primal postsolve cleanup from feasible basis
[ Info: Solve finished: status=OPTIMAL objective=-6//1 iterations=1 time=0.019926901s
[ Info: Loaded problem: rows=1 columns=2 nnz=2
[ Info: Starting presolve
[ Info: After presolve: rows=1 columns=2 nnz=2
┌ Info: Starting simplex phase II
│   algorithm = :dual
│   iter = 0
└   time = 0.0082954
[ Info: Starting postsolve cleanup on original LP
[ Info: iter=1 obj=-4//3 pinf=0//1 (0) dinf=2//3 (1) time=0.015757301s
[ Info: iter=1 obj=-6//1 pinf=0//1 (0) dinf=0//1 (0) time=0.017604601s
[ Info: Projected postsolve basis: exchanges=1
[ Info: Starting primal postsolve cleanup from feasible basis
[ Info: Solve finished: status=OPTIMAL objective=-6//1 iterations=1 time=0.019954001s
[ Info: Loaded problem: rows=1 columns=2 nnz=2
[ Info: Starting presolve
[ Info: After presolve: rows=1 columns=2 nnz=2
┌ Info: Starting simplex phase I
│   algorithm = :dual
│   iter = 0
└   time = 0.007751201
[ Info: iter=1 obj=-6.0 pinf=0.0 (0) dinf=0.0 (0) time=0.011542301s
┌ Info: Starting simplex phase II
│   algorithm = :dual
│   iter = 1
└   time = 0.011941401
[ Info: Restarting simplex on original LP after NUMERICAL_ERROR: original-objective optimality certificate is inconclusive; completed iterations=1
┌ Info: Starting simplex phase I
│   algorithm = :dual
│   iter = 1
└   time = 0.015354501
[ Info: Solve finished: status=ITERATION_LIMIT reason=iteration limit reached iterations=1 time=0.015852601s
[ Info: Loaded problem: rows=2 columns=2 nnz=4
[ Info: Starting presolve
[ Info: After presolve: rows=2 columns=2 nnz=4
┌ Info: Starting simplex phase II
│   algorithm = :dual
│   iter = 0
└   time = 0.010331101
[ Info: iter=1 obj=-5.0 pinf=0.3333333 (1) dinf=0.0 (0) time=0.013468401s
[ Info: Restarting simplex on original LP after NUMERICAL_ERROR: dual feasibility lost; completed iterations=2
┌ Info: Starting simplex phase II
│   algorithm = :dual
│   iter = 2
└   time = 0.021208201
[ Info: iter=4 obj=12.000002 pinf=2.3841858e-7 (1) dinf=0.0 (0) time=0.025228502s
[ Info: Solve finished: status=NUMERICAL_ERROR reason=Original LP retry failed after NUMERICAL_ERROR (dual feasibility lost): floating row combination does not certify infeasibility iterations=4 time=0.026041402s
[ Info: Loaded problem: rows=2 columns=2 nnz=4
[ Info: Starting presolve
[ Info: After presolve: rows=1 columns=2 nnz=2
┌ Info: Starting simplex phase I
│   algorithm = :dual
│   iter = 0
└   time = 0.0080293
[ Info: iter=1 obj=2.0 pinf=0.0 (0) dinf=0.0 (0) time=0.011709201s
┌ Info: Starting simplex phase II
│   algorithm = :dual
│   iter = 1
└   time = 0.012101701
[ Info: Starting postsolve cleanup on original LP
[ Info: iter=1 obj=2.0 pinf=0.0 (0) dinf=0.0 (0) time=0.015950501s
[ Info: Starting primal postsolve cleanup from feasible basis
[ Info: Retrying postsolve cleanup from restored basis after NUMERICAL_ERROR: original-objective optimality certificate is inconclusive
[ Info: Starting postsolve cleanup on original LP
[ Info: iter=1 obj=2.0 pinf=0.0 (0) dinf=0.0 (0) time=0.019608001s
┌ Info: Starting simplex phase II
│   algorithm = :dual
│   iter = 1
└   time = 0.020370601
[ Info: Restarting simplex on original LP after NUMERICAL_ERROR: original-objective optimality certificate is inconclusive; completed iterations=1
┌ Info: Starting simplex phase I
│   algorithm = :dual
│   iter = 1
└   time = 0.024260602
[ Info: Solve finished: status=NUMERICAL_ERROR reason=Original LP retry failed after NUMERICAL_ERROR (original-objective optimality certificate is inconclusive): auxiliary direction has uncertain feasibility or objective improvement iterations=3 time=0.027458302s
[ Info: Loaded problem: rows=2 columns=2 nnz=4
[ Info: Starting presolve
[ Info: After presolve: rows=2 columns=2 nnz=4
┌ Info: Starting simplex phase II
│   algorithm = :dual
│   iter = 0
└   time = 0.047861203
[ Info: Starting postsolve cleanup on original LP
[ Info: iter=2 obj=12//1 pinf=0//1 (0) dinf=0//1 (0) time=0.062833905s
[ Info: Starting primal postsolve cleanup from feasible basis
[ Info: Solve finished: status=OPTIMAL objective=12//1 iterations=2 time=0.065394305s
[ Info: Loaded problem: rows=2 columns=2 nnz=4
[ Info: Starting presolve
[ Info: After presolve: rows=1 columns=2 nnz=2
┌ Info: Starting simplex phase I
│   algorithm = :dual
│   iter = 0
└   time = 0.009360101
[ Info: iter=1 obj=2//1 pinf=0//1 (0) dinf=0//1 (0) time=0.014641301s
┌ Info: Starting simplex phase II
│   algorithm = :dual
│   iter = 1
└   time = 0.015106701
[ Info: Starting postsolve cleanup on original LP
[ Info: iter=1 obj=2//1 pinf=0//1 (0) dinf=0//1 (0) time=0.021737601s
[ Info: Starting primal postsolve cleanup from feasible basis
[ Info: Solve finished: status=OPTIMAL objective=2//1 iterations=1 time=0.024235202s
[ Info: Loaded problem: rows=2 columns=2 nnz=4
[ Info: Starting presolve
[ Info: After presolve: rows=2 columns=2 nnz=4
┌ Info: Starting simplex phase I
│   algorithm = :dual
│   iter = 0
└   time = 0.007103801
[ Info: iter=2 obj=-1.7592186e13 pinf=0.0 (0) dinf=0.0 (0) time=0.012395601s
┌ Info: Starting simplex phase II
│   algorithm = :dual
│   iter = 2
└   time = 0.012827701
[ Info: Solve finished: status=NUMERICAL_ERROR reason=structural primal failed original-model feasibility checks iterations=2 time=0.014183801s
[ Info: Loaded problem: rows=2 columns=2 nnz=4
[ Info: Starting presolve
[ Info: After presolve: rows=2 columns=2 nnz=4
┌ Info: Starting simplex phase I
│   algorithm = :dual
│   iter = 0
└   time = 0.007805401
[ Info: iter=2 obj=-1.7592186044416062e13 pinf=0.0 (0) dinf=0.0 (0) time=0.017349402s
┌ Info: Starting simplex phase II
│   algorithm = :dual
│   iter = 2
└   time = 0.017776902
[ Info: Solve finished: status=NUMERICAL_ERROR reason=original-objective optimality certificate is inconclusive iterations=2 time=0.019660702s
[ Info: Loaded problem: rows=2 columns=2 nnz=4
[ Info: Starting presolve
[ Info: After presolve: rows=2 columns=2 nnz=4
┌ Info: Starting simplex phase I
│   algorithm = :dual
│   iter = 0
└   time = 0.010928301
[ Info: iter=2 obj=-1.7592186044416e13 pinf=0.0 (0) dinf=0.0 (0) time=0.019754401s
┌ Info: Starting simplex phase II
│   algorithm = :dual
│   iter = 2
└   time = 0.020232601
[ Info: Solve finished: status=OPTIMAL objective=-1.7592186044416e13 iterations=2 time=0.023433002s
[ Info: Loaded problem: rows=2 columns=2 nnz=4
[ Info: Starting presolve
[ Info: After presolve: rows=2 columns=2 nnz=4
┌ Info: Starting simplex phase I
│   algorithm = :dual
│   iter = 0
└   time = 0.009431601
[ Info: iter=2 obj=-17592186044416//1 pinf=0//1 (0) dinf=0//1 (0) time=0.018354401s
┌ Info: Starting simplex phase II
│   algorithm = :dual
│   iter = 2
└   time = 0.018852201
[ Info: Solve finished: status=OPTIMAL objective=-17592186044416//1 iterations=2 time=0.022108701s
[ Info: Loaded problem: rows=2 columns=2 nnz=4
[ Info: Starting presolve
[ Info: After presolve: rows=1 columns=1 nnz=1
[ Info: Solve finished: status=INFEASIBLE reason=row 1 contradicts current column bounds iterations=0 time=0.015276701s
[ Info: Loaded problem: rows=2 columns=2 nnz=4
[ Info: Starting presolve
[ Info: After presolve: rows=1 columns=1 nnz=1
[ Info: Solve finished: status=INFEASIBLE reason=row 1 contradicts current column bounds iterations=0 time=0.009343901s
[ Info: Loaded problem: rows=2 columns=3 nnz=4
[ Info: Starting presolve
[ Info: After presolve: rows=1 columns=2 nnz=1
[ Info: Solve finished: status=INFEASIBLE reason=row 1 contradicts current column bounds iterations=0 time=0.009658901s
[ Info: Loaded problem: rows=2 columns=3 nnz=4
[ Info: Starting presolve
[ Info: After presolve: rows=1 columns=2 nnz=1
[ Info: Solve finished: status=INFEASIBLE reason=row 1 contradicts current column bounds iterations=0 time=0.009504501s
[ Info: Loaded problem: rows=2 columns=2 nnz=4
[ Info: Starting presolve
[ Info: After presolve: rows=1 columns=1 nnz=1
[ Info: Solve finished: status=INFEASIBLE reason=row 1 contradicts current column bounds iterations=0 time=0.009577s
[ Info: Loaded problem: rows=2 columns=2 nnz=4
[ Info: Starting presolve
[ Info: After presolve: rows=1 columns=1 nnz=1
[ Info: Solve finished: status=INFEASIBLE reason=row 1 contradicts current column bounds iterations=0 time=0.009203201s
[ Info: Loaded problem: rows=2 columns=3 nnz=4
[ Info: Starting presolve
[ Info: After presolve: rows=1 columns=2 nnz=1
[ Info: Solve finished: status=INFEASIBLE reason=row 1 contradicts current column bounds iterations=0 time=0.009503301s
[ Info: Loaded problem: rows=2 columns=3 nnz=4
[ Info: Starting presolve
[ Info: After presolve: rows=1 columns=2 nnz=1
[ Info: Solve finished: status=INFEASIBLE reason=row 1 contradicts current column bounds iterations=0 time=0.009731601s
[ Info: Loaded problem: rows=2 columns=2 nnz=4
[ Info: Starting presolve
[ Info: After presolve: rows=1 columns=1 nnz=1
[ Info: Solve finished: status=INFEASIBLE reason=row 1 contradicts current column bounds iterations=0 time=0.021160101s
[ Info: Loaded problem: rows=2 columns=2 nnz=4
[ Info: Starting presolve
[ Info: After presolve: rows=1 columns=1 nnz=1
[ Info: Solve finished: status=INFEASIBLE reason=row 1 contradicts current column bounds iterations=0 time=0.011275601s
[ Info: Loaded problem: rows=2 columns=3 nnz=4
[ Info: Starting presolve
[ Info: After presolve: rows=1 columns=2 nnz=1
[ Info: Solve finished: status=INFEASIBLE reason=row 1 contradicts current column bounds iterations=0 time=0.011498901s
[ Info: Loaded problem: rows=2 columns=3 nnz=4
[ Info: Starting presolve
[ Info: After presolve: rows=1 columns=2 nnz=1
[ Info: Solve finished: status=INFEASIBLE reason=row 1 contradicts current column bounds iterations=0 time=0.011517401s
[ Info: Loaded problem: rows=2 columns=2 nnz=4
[ Info: Starting presolve
[ Info: After presolve: rows=0 columns=1 nnz=0
[ Info: Solve finished: status=INFEASIBLE reason=singleton row 2 contradicts column bounds iterations=0 time=0.0020913s
[ Info: Loaded problem: rows=2 columns=2 nnz=4
[ Info: Starting presolve
[ Info: After presolve: rows=0 columns=1 nnz=0
[ Info: Solve finished: status=INFEASIBLE reason=singleton row 2 contradicts column bounds iterations=0 time=0.0019663s
[ Info: Loaded problem: rows=2 columns=3 nnz=4
[ Info: Starting presolve
[ Info: After presolve: rows=0 columns=2 nnz=0
[ Info: Solve finished: status=INFEASIBLE reason=singleton row 2 contradicts column bounds iterations=0 time=0.0020985s
[ Info: Loaded problem: rows=2 columns=3 nnz=4
[ Info: Starting presolve
[ Info: After presolve: rows=0 columns=2 nnz=0
[ Info: Solve finished: status=INFEASIBLE reason=singleton row 2 contradicts column bounds iterations=0 time=0.0021958s
[ Info: Loaded problem: rows=3 columns=4 nnz=6
[ Info: Starting presolve
[ Info: After presolve: rows=0 columns=0 nnz=0
┌ Info: Starting simplex phase II
│   algorithm = :dual
│   iter = 0
└   time = 0.014036801
[ Info: Starting postsolve cleanup on original LP
[ Info: iter=0 obj=0.0 pinf=0.0 (0) dinf=0.0 (0) time=0.018602901s
[ Info: Starting primal postsolve cleanup from feasible basis
[ Info: Solve finished: status=OPTIMAL objective=0.0 iterations=0 time=0.021253801s
[ Info: Loaded problem: rows=3 columns=4 nnz=6
[ Info: Starting presolve
[ Info: After presolve: rows=0 columns=0 nnz=0
┌ Info: Starting simplex phase II
│   algorithm = :dual
│   iter = 0
└   time = 0.008638
[ Info: Starting postsolve cleanup on original LP
[ Info: iter=0 obj=0.0 pinf=0.0 (0) dinf=0.0 (0) time=0.013062701s
[ Info: Starting primal postsolve cleanup from feasible basis
[ Info: Solve finished: status=OPTIMAL objective=0.0 iterations=0 time=0.015623001s
[ Info: Loaded problem: rows=3 columns=4 nnz=6
[ Info: Starting presolve
[ Info: After presolve: rows=0 columns=0 nnz=0
┌ Info: Starting simplex phase II
│   algorithm = :dual
│   iter = 0
└   time = 0.008684901
[ Info: Starting postsolve cleanup on original LP
[ Info: iter=0 obj=0.0 pinf=0.0 (0) dinf=0.0 (0) time=0.013131601s
[ Info: Starting primal postsolve cleanup from feasible basis
[ Info: Solve finished: status=OPTIMAL objective=0.0 iterations=0 time=0.015607801s
[ Info: Loaded problem: rows=3 columns=4 nnz=6
[ Info: Starting presolve
[ Info: After presolve: rows=0 columns=0 nnz=0
┌ Info: Starting simplex phase II
│   algorithm = :dual
│   iter = 0
└   time = 0.008637701
[ Info: Starting postsolve cleanup on original LP
[ Info: iter=0 obj=0.0 pinf=0.0 (0) dinf=0.0 (0) time=0.013038801s
[ Info: Starting primal postsolve cleanup from feasible basis
[ Info: Solve finished: status=OPTIMAL objective=0.0 iterations=0 time=0.015539101s
[ Info: Loaded problem: rows=3 columns=4 nnz=6
[ Info: Starting presolve
[ Info: After presolve: rows=0 columns=0 nnz=0
┌ Info: Starting simplex phase II
│   algorithm = :dual
│   iter = 0
└   time = 0.008757701
[ Info: Starting postsolve cleanup on original LP
[ Info: iter=0 obj=0.0 pinf=0.0 (0) dinf=0.0 (0) time=0.013319701s
[ Info: Starting primal postsolve cleanup from feasible basis
[ Info: Solve finished: status=OPTIMAL objective=0.0 iterations=0 time=0.015712502s
[ Info: Loaded problem: rows=3 columns=4 nnz=6
[ Info: Starting presolve
[ Info: After presolve: rows=0 columns=0 nnz=0
┌ Info: Starting simplex phase II
│   algorithm = :dual
│   iter = 0
└   time = 0.0088317
[ Info: Starting postsolve cleanup on original LP
[ Info: iter=0 obj=0.0 pinf=0.0 (0) dinf=0.0 (0) time=0.013259801s
[ Info: Starting primal postsolve cleanup from feasible basis
[ Info: Solve finished: status=OPTIMAL objective=0.0 iterations=0 time=0.015646401s
[ Info: Loaded problem: rows=3 columns=4 nnz=6
[ Info: Starting presolve
[ Info: After presolve: rows=0 columns=0 nnz=0
┌ Info: Starting simplex phase II
│   algorithm = :dual
│   iter = 0
└   time = 0.008681201
[ Info: Starting postsolve cleanup on original LP
[ Info: iter=0 obj=0.0 pinf=0.0 (0) dinf=0.0 (0) time=0.013333501s
[ Info: Starting primal postsolve cleanup from feasible basis
[ Info: Solve finished: status=OPTIMAL objective=0.0 iterations=0 time=0.015689001s
[ Info: Loaded problem: rows=3 columns=4 nnz=6
[ Info: Starting presolve
[ Info: After presolve: rows=0 columns=0 nnz=0
┌ Info: Starting simplex phase II
│   algorithm = :dual
│   iter = 0
└   time = 0.008501401
[ Info: Starting postsolve cleanup on original LP
[ Info: iter=0 obj=0.0 pinf=0.0 (0) dinf=0.0 (0) time=0.013130901s
[ Info: Starting primal postsolve cleanup from feasible basis
[ Info: Solve finished: status=OPTIMAL objective=0.0 iterations=0 time=0.015512502s
[ Info: Loaded problem: rows=3 columns=4 nnz=6
[ Info: Starting presolve
[ Info: After presolve: rows=0 columns=0 nnz=0
┌ Info: Starting simplex phase II
│   algorithm = :dual
│   iter = 0
└   time = 0.015400701
[ Info: Starting postsolve cleanup on original LP
[ Info: iter=0 obj=1.0 pinf=0.0 (0) dinf=1.0 (1) time=0.023606201s
[ Info: iter=0 obj=0.0 pinf=0.0 (0) dinf=0.0 (0) time=0.027999402s
[ Info: Projected postsolve basis: exchanges=1
[ Info: Starting primal postsolve cleanup from feasible basis
[ Info: Solve finished: status=OPTIMAL objective=0.0 iterations=0 time=0.031511302s
[ Info: Loaded problem: rows=3 columns=4 nnz=6
[ Info: Starting presolve
[ Info: After presolve: rows=0 columns=0 nnz=0
┌ Info: Starting simplex phase II
│   algorithm = :dual
│   iter = 0
└   time = 0.009001001
[ Info: Starting postsolve cleanup on original LP
[ Info: iter=0 obj=1.0 pinf=0.0 (0) dinf=1.0 (1) time=0.017079902s
[ Info: iter=0 obj=0.0 pinf=0.0 (0) dinf=0.0 (0) time=0.020810302s
[ Info: Projected postsolve basis: exchanges=1
[ Info: Starting primal postsolve cleanup from feasible basis
[ Info: Solve finished: status=OPTIMAL objective=0.0 iterations=0 time=0.024140802s
[ Info: Loaded problem: rows=3 columns=4 nnz=6
[ Info: Starting presolve
[ Info: After presolve: rows=0 columns=0 nnz=0
┌ Info: Starting simplex phase II
│   algorithm = :dual
│   iter = 0
└   time = 0.009160401
[ Info: Starting postsolve cleanup on original LP
[ Info: iter=0 obj=-1.0 pinf=0.0 (0) dinf=1.0 (1) time=0.017474201s
[ Info: iter=0 obj=0.0 pinf=0.0 (0) dinf=0.0 (0) time=0.021774202s
[ Info: Projected postsolve basis: exchanges=1
[ Info: Starting primal postsolve cleanup from feasible basis
[ Info: Solve finished: status=OPTIMAL objective=0.0 iterations=0 time=0.025146402s
[ Info: Loaded problem: rows=3 columns=4 nnz=6
[ Info: Starting presolve
[ Info: After presolve: rows=0 columns=0 nnz=0
┌ Info: Starting simplex phase II
│   algorithm = :dual
│   iter = 0
└   time = 0.009116801
[ Info: Starting postsolve cleanup on original LP
[ Info: iter=0 obj=-1.0 pinf=0.0 (0) dinf=1.0 (1) time=0.017038601s
[ Info: iter=0 obj=0.0 pinf=0.0 (0) dinf=0.0 (0) time=0.020778202s
[ Info: Projected postsolve basis: exchanges=1
[ Info: Starting primal postsolve cleanup from feasible basis
[ Info: Solve finished: status=OPTIMAL objective=0.0 iterations=0 time=0.024256102s
[ Info: Loaded problem: rows=3 columns=4 nnz=6
[ Info: Starting presolve
[ Info: After presolve: rows=0 columns=0 nnz=0
┌ Info: Starting simplex phase II
│   algorithm = :dual
│   iter = 0
└   time = 0.013454601
[ Info: Starting postsolve cleanup on original LP
[ Info: iter=0 obj=1//1 pinf=0//1 (0) dinf=1//1 (1) time=0.021527902s
[ Info: iter=0 obj=0//1 pinf=0//1 (0) dinf=0//1 (0) time=0.026142302s
[ Info: Projected postsolve basis: exchanges=1
[ Info: Starting primal postsolve cleanup from feasible basis
[ Info: Solve finished: status=OPTIMAL objective=0//1 iterations=0 time=0.030035202s
[ Info: Loaded problem: rows=3 columns=4 nnz=6
[ Info: Starting presolve
[ Info: After presolve: rows=0 columns=0 nnz=0
┌ Info: Starting simplex phase II
│   algorithm = :dual
│   iter = 0
└   time = 0.0075319
[ Info: Starting postsolve cleanup on original LP
[ Info: iter=0 obj=1//1 pinf=0//1 (0) dinf=1//1 (1) time=0.015293401s
[ Info: iter=0 obj=0//1 pinf=0//1 (0) dinf=0//1 (0) time=0.019187401s
[ Info: Projected postsolve basis: exchanges=1
[ Info: Starting primal postsolve cleanup from feasible basis
[ Info: Solve finished: status=OPTIMAL objective=0//1 iterations=0 time=0.022876001s
[ Info: Loaded problem: rows=3 columns=4 nnz=6
[ Info: Starting presolve
[ Info: After presolve: rows=0 columns=0 nnz=0
┌ Info: Starting simplex phase II
│   algorithm = :dual
│   iter = 0
└   time = 0.007513901
[ Info: Starting postsolve cleanup on original LP
[ Info: iter=0 obj=-1//1 pinf=0//1 (0) dinf=1//1 (1) time=0.015518902s
[ Info: iter=0 obj=0//1 pinf=0//1 (0) dinf=0//1 (0) time=0.020185602s
[ Info: Projected postsolve basis: exchanges=1
[ Info: Starting primal postsolve cleanup from feasible basis
[ Info: Solve finished: status=OPTIMAL objective=0//1 iterations=0 time=0.023864502s
[ Info: Loaded problem: rows=3 columns=4 nnz=6
[ Info: Starting presolve
[ Info: After presolve: rows=0 columns=0 nnz=0
┌ Info: Starting simplex phase II
│   algorithm = :dual
│   iter = 0
└   time = 0.007798201
[ Info: Starting postsolve cleanup on original LP
[ Info: iter=0 obj=-1//1 pinf=0//1 (0) dinf=1//1 (1) time=0.015843201s
[ Info: iter=0 obj=0//1 pinf=0//1 (0) dinf=0//1 (0) time=0.019780002s
[ Info: Projected postsolve basis: exchanges=1
[ Info: Starting primal postsolve cleanup from feasible basis
[ Info: Solve finished: status=OPTIMAL objective=0//1 iterations=0 time=0.023733902s
Test Summary:                                            |  Pass  Total     Time
Presolve tolerance, certificates, and solver regressions | 15951  15951  2m54.2s
