CHECK presolve_tolerance
CHECK presolve_dispatch
CHECK retry_dispatch
CHECK benchmark_regression
CHECK dual_pivot_consistency
CHECK legacy_dual_correction
CHECK legacy_dual_price_repair
CHECK legacy_correction_cycle
CHECK dual_core_policy
CHECK legacy_retry_edge
CHECK dual_small_pivot_price
CHECK dual_simplex
[ Info: Loaded problem: rows=14 columns=9 nnz=54
[ Info: Solve finished: status=MIP_NOT_SUPPORTED reason=discrete domains require relax_integrality=true iterations=0 time=0.002336708s
[ Info: Loaded problem: rows=18 columns=18 nnz=46
[ Info: Solve finished: status=MIP_NOT_SUPPORTED reason=discrete domains require relax_integrality=true iterations=0 time=0.001409905s
[ Info: Loaded problem: rows=4 columns=34 nnz=123
[ Info: Solve finished: status=MIP_NOT_SUPPORTED reason=discrete domains require relax_integrality=true iterations=0 time=0.002133707s
[ Info: Loaded problem: rows=45 columns=86 nnz=915
[ Info: Solve finished: status=MIP_NOT_SUPPORTED reason=discrete domains require relax_integrality=true iterations=0 time=0.009031028s
┌ Info: Refined dual pivot row, direction, and prices
│   iteration = 0
│   leaving_row = 1
│   original_entering_index = 2
│   entering_index = 1
│   old_pivot = -0.4761904761904762
└   refined_pivot = -1.0
┌ Info: Starting simplex phase II
│   algorithm = :dual
│   iter = 0
└   time = 0.001721801
[ Info: iter=1 obj=0.0 pinf=9.99998999991e9 (1) dinf=0.0 (0) time=0.004581101s
[ Info: iter=2 obj=0.0 pinf=0.0 (0) dinf=0.0 (0) time=0.009877002s
┌ Info: Starting simplex phase I
│   algorithm = :dual
│   iter = 0
└   time = 0.004142601
[ Info: iter=1 obj=0.0 pinf=250.00000000000003 (1) dinf=0.0 (0) time=0.006620501s
[ Info: iter=2 obj=0.0 pinf=0.0 (0) dinf=0.0 (0) time=0.008729601s
[ Info: iter=2 obj=2.9999999999999996 pinf=0.0 (0) dinf=0.0 (0) time=0.011781302s
┌ Info: Starting simplex phase II
│   algorithm = :dual
│   iter = 2
└   time = 0.012194602
┌ Info: Starting simplex phase II
│   algorithm = :dual
│   iter = 0
└   time = 0.001684101
┌ Info: Starting simplex phase I
│   algorithm = :dual
│   iter = 0
└   time = 0.002294001
[ Info: iter=2 obj=2.9999999999999996 pinf=0.0 (0) dinf=0.0 (0) time=0.007706102s
┌ Info: Starting simplex phase II
│   algorithm = :dual
│   iter = 2
└   time = 0.008112902
┌ Info: Starting simplex phase II
│   algorithm = :dual
│   iter = 0
└   time = 0.001353601
┌ Info: Starting simplex phase II
│   algorithm = :dual
│   iter = 0
└   time = 0.0014569
┌ Info: Starting simplex phase II
│   algorithm = :dual
│   iter = 0
└   time = 0.0014029
┌ Info: Starting simplex phase II
│   algorithm = :dual
│   iter = 0
└   time = 0.0013555
[ Info: iter=1 obj=1.0 pinf=0.0 (0) dinf=0.0 (0) time=0.0032749s
┌ Info: Starting simplex phase I
│   algorithm = :dual
│   iter = 0
└   time = 0.0019201
┌ Info: Starting simplex phase I
│   algorithm = :dual
│   iter = 0
└   time = 0.0026187
┌ Info: Starting simplex phase I
│   algorithm = :dual
│   iter = 0
└   time = 0.0018004
┌ Info: Starting simplex phase I
│   algorithm = :dual
│   iter = 0
└   time = 0.0018053
┌ Info: Starting simplex phase I
│   algorithm = :dual
│   iter = 0
└   time = 0.001957601
[ Info: iter=1 obj=-3.0 pinf=0.0 (0) dinf=0.0 (0) time=0.006017601s
┌ Info: Starting simplex phase I
│   algorithm = :dual
│   iter = 0
└   time = 0.0017884
┌ Info: Starting simplex phase II
│   algorithm = :dual
│   iter = 0
└   time = 0.0018119
┌ Info: Starting simplex phase II
│   algorithm = :dual
│   iter = 0
└   time = 0.0013719
┌ Info: Starting simplex phase II
│   algorithm = :dual
│   iter = 0
└   time = 0.0017954
┌ Info: Starting simplex phase II
│   algorithm = :dual
│   iter = 0
└   time = 0.001382
[ Info: iter=1 obj=1.0 pinf=0.0 (0) dinf=0.0 (0) time=0.0035807s
┌ Info: Starting simplex phase I
│   algorithm = :dual
│   iter = 0
└   time = 0.0021016
┌ Info: Starting simplex phase I
│   algorithm = :dual
│   iter = 0
└   time = 0.0018843
┌ Info: Starting simplex phase I
│   algorithm = :dual
│   iter = 0
└   time = 0.0018359
┌ Info: Starting simplex phase I
│   algorithm = :dual
│   iter = 0
└   time = 0.0041617
┌ Info: Starting simplex phase I
│   algorithm = :dual
│   iter = 0
└   time = 0.0027676
[ Info: iter=1 obj=-3.0 pinf=0.0 (0) dinf=0.0 (0) time=0.007256101s
┌ Info: Starting simplex phase I
│   algorithm = :dual
│   iter = 0
└   time = 0.0023149
┌ Info: Starting simplex phase II
│   algorithm = :dual
│   iter = 0
└   time = 0.002438901
┌ Info: Starting simplex phase II
│   algorithm = :dual
│   iter = 0
└   time = 0.001733601
[ Info: iter=0 obj=0.0 pinf=2.0 (1) dinf=0.0 (0) time=0.003797901s
┌ Info: Starting simplex phase II
│   algorithm = :dual
│   iter = 0
└   time = 0.0007216
┌ Info: Starting simplex phase II
│   algorithm = :dual
│   iter = 0
└   time = 0.001774601
┌ Info: Starting simplex phase II
│   algorithm = :dual
│   iter = 0
└   time = 0.001672
[ Info: iter=0 obj=0.0 pinf=1.0 (1) dinf=0.0 (0) time=0.0033587s
┌ Info: Starting simplex phase II
│   algorithm = :dual
│   iter = 0
└   time = 0.0015183
[ Info: iter=0 obj=0.0 pinf=1.0 (1) dinf=0.0 (0) time=0.0031056s
┌ Info: Starting simplex phase I
│   algorithm = :dual
│   iter = 0
└   time = 0.0021075
┌ Info: Starting simplex phase II
│   algorithm = :dual
│   iter = 0
└   time = 0.001378201
[ Info: Loaded problem: rows=1 columns=1 nnz=1
[ Info: Starting presolve
[ Info: After presolve: rows=1 columns=1 nnz=1
┌ Info: Starting simplex phase II
│   algorithm = :dual
│   iter = 0
└   time = 0.0054563
[ Info: Solve finished: status=NUMERICAL_ERROR reason=original-objective optimality certificate is inconclusive iterations=1 time=0.007718901s
┌ Info: Starting simplex phase II
│   algorithm = :dual
│   iter = 0
└   time = 0.0013744
[ Info: Loaded problem: rows=1 columns=1 nnz=1
[ Info: Starting presolve
[ Info: After presolve: rows=1 columns=1 nnz=1
┌ Info: Starting simplex phase II
│   algorithm = :dual
│   iter = 0
└   time = 0.004488101
[ Info: Solve finished: status=NUMERICAL_ERROR reason=structural primal failed original-model feasibility checks iterations=1 time=0.006483701s
┌ Info: Starting simplex phase II
│   algorithm = :dual
│   iter = 0
└   time = 0.001384301
[ Info: Loaded problem: rows=1 columns=1 nnz=1
[ Info: Starting presolve
[ Info: After presolve: rows=1 columns=1 nnz=1
┌ Info: Starting simplex phase II
│   algorithm = :dual
│   iter = 0
└   time = 0.0042895
[ Info: Solve finished: status=NUMERICAL_ERROR reason=original-objective optimality certificate is inconclusive iterations=1 time=0.006379801s
┌ Info: Starting simplex phase I
│   algorithm = :dual
│   iter = 0
└   time = 0.001975
[ Info: Loaded problem: rows=1 columns=1 nnz=1
[ Info: Starting presolve
[ Info: After presolve: rows=1 columns=1 nnz=1
┌ Info: Starting simplex phase I
│   algorithm = :dual
│   iter = 0
└   time = 0.004745701
[ Info: iter=1 obj=-1.0e13 pinf=0.0 (0) dinf=0.0 (0) time=0.009935502s
┌ Info: Starting simplex phase II
│   algorithm = :dual
│   iter = 1
└   time = 0.010516302
[ Info: Solve finished: status=NUMERICAL_ERROR reason=structural primal failed original-model feasibility checks iterations=1 time=0.011678402s
┌ Info: Starting simplex phase I
│   algorithm = :dual
│   iter = 0
└   time = 0.001825
[ Info: Loaded problem: rows=1 columns=1 nnz=1
[ Info: Starting presolve
[ Info: After presolve: rows=1 columns=1 nnz=1
┌ Info: Starting simplex phase I
│   algorithm = :dual
│   iter = 0
└   time = 0.004981901
[ Info: iter=1 obj=-1.0e12 pinf=0.0 (0) dinf=0.0 (0) time=0.008719602s
┌ Info: Starting simplex phase II
│   algorithm = :dual
│   iter = 1
└   time = 0.009082302
[ Info: Solve finished: status=NUMERICAL_ERROR reason=original-objective optimality certificate is inconclusive iterations=1 time=0.010275802s
┌ Info: Starting simplex phase I
│   algorithm = :dual
│   iter = 0
└   time = 0.0018244
[ Info: Loaded problem: rows=1 columns=1 nnz=1
[ Info: Starting presolve
[ Info: After presolve: rows=1 columns=1 nnz=1
┌ Info: Starting simplex phase I
│   algorithm = :dual
│   iter = 0
└   time = 0.005244101
[ Info: iter=1 obj=-1.0e13 pinf=0.0 (0) dinf=0.0 (0) time=0.008809802s
┌ Info: Starting simplex phase II
│   algorithm = :dual
│   iter = 1
└   time = 0.009172102
[ Info: Solve finished: status=NUMERICAL_ERROR reason=structural primal failed original-model feasibility checks iterations=1 time=0.010198302s
┌ Info: Starting simplex phase I
│   algorithm = :dual
│   iter = 0
└   time = 0.0017914
[ Info: Loaded problem: rows=1 columns=1 nnz=1
[ Info: Starting presolve
[ Info: After presolve: rows=1 columns=1 nnz=1
┌ Info: Starting simplex phase I
│   algorithm = :dual
│   iter = 0
└   time = 0.004820201
[ Info: iter=1 obj=-1.0e13 pinf=0.0 (0) dinf=0.0 (0) time=0.008565702s
┌ Info: Starting simplex phase II
│   algorithm = :dual
│   iter = 1
└   time = 0.008924102
[ Info: Solve finished: status=NUMERICAL_ERROR reason=structural primal failed original-model feasibility checks iterations=1 time=0.009954102s
┌ Info: Starting simplex phase II
│   algorithm = :dual
│   iter = 0
└   time = 0.001311
[ Info: iter=0 obj=0.0 pinf=1.0 (1) dinf=0.0 (0) time=0.0026893s
[ Info: Loaded problem: rows=1 columns=1 nnz=0
[ Info: Starting presolve
[ Info: After presolve: rows=0 columns=0 nnz=0
[ Info: Solve finished: status=INFEASIBLE reason=empty row 1 is infeasible iterations=0 time=0.001438001s
┌ Info: Starting simplex phase II
│   algorithm = :dual
│   iter = 0
└   time = 0.0013328
[ Info: iter=0 obj=0.0 pinf=1.0 (1) dinf=0.0 (0) time=0.0027028s
[ Info: Loaded problem: rows=1 columns=1 nnz=1
[ Info: Starting presolve
[ Info: After presolve: rows=1 columns=1 nnz=1
[ Info: Solve finished: status=INFEASIBLE reason=row 1 contradicts current column bounds iterations=0 time=0.005330701s
┌ Info: Starting simplex phase I
│   algorithm = :dual
│   iter = 0
└   time = 0.0017882
[ Info: Loaded problem: rows=1 columns=1 nnz=0
[ Info: Starting presolve
[ Info: After presolve: rows=0 columns=1 nnz=0
┌ Info: Starting simplex phase II
│   algorithm = :dual
│   iter = 0
└   time = 0.0026668
[ Info: Restarting simplex on original LP after UNBOUNDED: unbounded improving direction; completed iterations=0
┌ Info: Starting simplex phase I
│   algorithm = :dual
│   iter = 0
└   time = 0.0051095
[ Info: Solve finished: status=UNBOUNDED reason=unbounded improving direction iterations=0 time=0.006972701s
┌ Info: Starting simplex phase I
│   algorithm = :dual
│   iter = 0
└   time = 0.001941
[ Info: Loaded problem: rows=1 columns=1 nnz=1
[ Info: Starting presolve
[ Info: After presolve: rows=0 columns=1 nnz=0
┌ Info: Starting simplex phase II
│   algorithm = :dual
│   iter = 0
└   time = 0.004543401
[ Info: Restarting simplex on original LP after UNBOUNDED: unbounded improving direction; completed iterations=0
┌ Info: Starting simplex phase I
│   algorithm = :dual
│   iter = 0
└   time = 0.006908901
[ Info: Solve finished: status=UNBOUNDED reason=unbounded improving direction iterations=0 time=0.008751502s
┌ Info: Starting simplex phase I
│   algorithm = :dual
│   iter = 0
└   time = 0.0017832
[ Info: Loaded problem: rows=1 columns=1 nnz=1
[ Info: Starting presolve
[ Info: After presolve: rows=0 columns=1 nnz=0
┌ Info: Starting simplex phase II
│   algorithm = :dual
│   iter = 0
└   time = 0.003076301
[ Info: Restarting simplex on original LP after UNBOUNDED: unbounded improving direction; completed iterations=0
┌ Info: Starting simplex phase I
│   algorithm = :dual
│   iter = 0
└   time = 0.005444601
[ Info: Solve finished: status=UNBOUNDED reason=unbounded improving direction iterations=0 time=0.007345302s
┌ Info: Starting simplex phase II
│   algorithm = :dual
│   iter = 0
└   time = 0.0013663
[ Info: Loaded problem: rows=1 columns=1 nnz=1
[ Info: Starting presolve
[ Info: After presolve: rows=1 columns=1 nnz=1
┌ Info: Starting simplex phase II
│   algorithm = :dual
│   iter = 0
└   time = 0.004049001
[ Info: Solve finished: status=NUMERICAL_ERROR reason=eligible pivots are below the Harris safety cutoff iterations=0 time=0.004835901s
[ Info: Loaded problem: rows=1 columns=1 nnz=1
[ Info: Starting presolve
[ Info: After presolve: rows=1 columns=1 nnz=1
┌ Info: Starting simplex phase II
│   algorithm = :dual
│   iter = 0
└   time = 0.0041264
[ Info: Solve finished: status=OPTIMAL objective=0.0 iterations=1 time=0.006616601s
┌ Info: Starting simplex phase I
│   algorithm = :dual
│   iter = 0
└   time = 0.0020839
[ Info: iter=1 obj=-1.0 pinf=0.0 (0) dinf=0.0 (0) time=0.004322701s
[ Info: Loaded problem: rows=1 columns=2 nnz=2
[ Info: Starting presolve
[ Info: After presolve: rows=0 columns=1 nnz=0
┌ Info: Starting simplex phase II
│   algorithm = :dual
│   iter = 0
└   time = 0.0050151
[ Info: Restarting simplex on original LP after UNBOUNDED: unbounded improving direction; completed iterations=0
┌ Info: Starting simplex phase I
│   algorithm = :dual
│   iter = 0
└   time = 0.007645301
[ Info: iter=1 obj=-1.0 pinf=0.0 (0) dinf=0.0 (0) time=0.009940301s
[ Info: Solve finished: status=NUMERICAL_ERROR reason=Original LP retry failed after UNBOUNDED (unbounded improving direction): auxiliary direction has uncertain feasibility or objective improvement iterations=1 time=0.010549301s
┌ Info: Starting simplex phase I
│   algorithm = :dual
│   iter = 0
└   time = 0.001980301
[ Info: Loaded problem: rows=1 columns=2 nnz=2
[ Info: Starting presolve
[ Info: After presolve: rows=0 columns=1 nnz=0
┌ Info: Starting simplex phase II
│   algorithm = :dual
│   iter = 0
└   time = 0.004919601
[ Info: Restarting simplex on original LP after UNBOUNDED: unbounded improving direction; completed iterations=0
┌ Info: Starting simplex phase I
│   algorithm = :dual
│   iter = 0
└   time = 0.007426101
[ Info: Solve finished: status=NUMERICAL_ERROR reason=Original LP retry failed after UNBOUNDED (unbounded improving direction): auxiliary direction has uncertain feasibility or objective improvement iterations=1 time=0.009103901s
┌ Info: Starting simplex phase I
│   algorithm = :dual
│   iter = 0
└   time = 0.0019834
[ Info: iter=1 obj=-1.0 pinf=0.0 (0) dinf=0.0 (0) time=0.004081001s
[ Info: Loaded problem: rows=1 columns=2 nnz=2
[ Info: Starting presolve
[ Info: After presolve: rows=0 columns=1 nnz=0
┌ Info: Starting simplex phase II
│   algorithm = :dual
│   iter = 0
└   time = 0.004858401
[ Info: Restarting simplex on original LP after UNBOUNDED: unbounded improving direction; completed iterations=0
┌ Info: Starting simplex phase I
│   algorithm = :dual
│   iter = 0
└   time = 0.007477301
[ Info: iter=1 obj=-1.0 pinf=0.0 (0) dinf=0.0 (0) time=0.009476201s
[ Info: Solve finished: status=NUMERICAL_ERROR reason=Original LP retry failed after UNBOUNDED (unbounded improving direction): auxiliary direction has uncertain feasibility or objective improvement iterations=1 time=0.010075801s
┌ Info: Starting simplex phase I
│   algorithm = :dual
│   iter = 0
└   time = 0.002080801
[ Info: Loaded problem: rows=1 columns=2 nnz=2
[ Info: Starting presolve
[ Info: After presolve: rows=0 columns=1 nnz=0
┌ Info: Starting simplex phase II
│   algorithm = :dual
│   iter = 0
└   time = 0.004821801
[ Info: Restarting simplex on original LP after UNBOUNDED: unbounded improving direction; completed iterations=0
┌ Info: Starting simplex phase I
│   algorithm = :dual
│   iter = 0
└   time = 0.007342701
[ Info: Solve finished: status=NUMERICAL_ERROR reason=Original LP retry failed after UNBOUNDED (unbounded improving direction): auxiliary direction has uncertain feasibility or objective improvement iterations=1 time=0.009026801s
┌ Info: Starting simplex phase I
│   algorithm = :dual
│   iter = 0
└   time = 0.001967701
[ Info: iter=1 obj=-1.0 pinf=0.0 (0) dinf=0.0 (0) time=0.003933701s
[ Info: Loaded problem: rows=1 columns=2 nnz=2
[ Info: Starting presolve
[ Info: After presolve: rows=0 columns=1 nnz=0
┌ Info: Starting simplex phase II
│   algorithm = :dual
│   iter = 0
└   time = 0.005545201
[ Info: Restarting simplex on original LP after UNBOUNDED: unbounded improving direction; completed iterations=0
┌ Info: Starting simplex phase I
│   algorithm = :dual
│   iter = 0
└   time = 0.008075101
[ Info: iter=1 obj=-1.0 pinf=0.0 (0) dinf=0.0 (0) time=0.010092901s
[ Info: Solve finished: status=NUMERICAL_ERROR reason=Original LP retry failed after UNBOUNDED (unbounded improving direction): auxiliary direction has uncertain feasibility or objective improvement iterations=1 time=0.010689701s
┌ Info: Starting simplex phase I
│   algorithm = :dual
│   iter = 0
└   time = 0.0019679
[ Info: Loaded problem: rows=1 columns=2 nnz=2
[ Info: Starting presolve
[ Info: After presolve: rows=0 columns=1 nnz=0
┌ Info: Starting simplex phase II
│   algorithm = :dual
│   iter = 0
└   time = 0.005847601
[ Info: Restarting simplex on original LP after UNBOUNDED: unbounded improving direction; completed iterations=0
┌ Info: Starting simplex phase I
│   algorithm = :dual
│   iter = 0
└   time = 0.008394201
[ Info: Solve finished: status=NUMERICAL_ERROR reason=Original LP retry failed after UNBOUNDED (unbounded improving direction): auxiliary direction has uncertain feasibility or objective improvement iterations=1 time=0.010169202s
┌ Info: Starting simplex phase I
│   algorithm = :dual
│   iter = 0
└   time = 0.0019848
[ Info: iter=1 obj=-1.0 pinf=0.0 (0) dinf=0.0 (0) time=0.0039725s
[ Info: Loaded problem: rows=1 columns=2 nnz=2
[ Info: Starting presolve
[ Info: After presolve: rows=1 columns=2 nnz=2
┌ Info: Starting simplex phase I
│   algorithm = :dual
│   iter = 0
└   time = 0.005550001
[ Info: iter=1 obj=-2.0 pinf=0.0 (0) dinf=0.0 (0) time=0.007629701s
[ Info: Solve finished: status=NUMERICAL_ERROR reason=auxiliary direction has uncertain feasibility or objective improvement iterations=1 time=0.008209501s
┌ Info: Starting simplex phase I
│   algorithm = :dual
│   iter = 0
└   time = 0.001977801
[ Info: Loaded problem: rows=1 columns=2 nnz=2
[ Info: Starting presolve
[ Info: After presolve: rows=1 columns=2 nnz=2
┌ Info: Starting simplex phase I
│   algorithm = :dual
│   iter = 0
└   time = 0.005183801
[ Info: Solve finished: status=NUMERICAL_ERROR reason=auxiliary direction has uncertain feasibility or objective improvement iterations=1 time=0.006936701s
┌ Info: Starting simplex phase I
│   algorithm = :dual
│   iter = 0
└   time = 0.002573
[ Info: iter=1 obj=-1.0 pinf=0.0 (0) dinf=0.0 (0) time=0.004630101s
[ Info: Loaded problem: rows=1 columns=2 nnz=2
[ Info: Starting presolve
[ Info: After presolve: rows=1 columns=2 nnz=2
┌ Info: Starting simplex phase I
│   algorithm = :dual
│   iter = 0
└   time = 0.005452301
[ Info: iter=1 obj=-2.0 pinf=0.0 (0) dinf=0.0 (0) time=0.007444601s
[ Info: Solve finished: status=NUMERICAL_ERROR reason=auxiliary direction has uncertain feasibility or objective improvement iterations=1 time=0.008012801s
┌ Info: Starting simplex phase I
│   algorithm = :dual
│   iter = 0
└   time = 0.0019897
[ Info: Loaded problem: rows=1 columns=2 nnz=2
[ Info: Starting presolve
[ Info: After presolve: rows=1 columns=2 nnz=2
┌ Info: Starting simplex phase I
│   algorithm = :dual
│   iter = 0
└   time = 0.0054004
[ Info: Solve finished: status=NUMERICAL_ERROR reason=auxiliary direction has uncertain feasibility or objective improvement iterations=1 time=0.007077801s
┌ Info: Starting simplex phase I
│   algorithm = :dual
│   iter = 0
└   time = 0.0019868
[ Info: iter=1 obj=-1.0 pinf=0.0 (0) dinf=0.0 (0) time=0.0039583s
[ Info: Loaded problem: rows=1 columns=2 nnz=2
[ Info: Starting presolve
[ Info: After presolve: rows=0 columns=1 nnz=0
┌ Info: Starting simplex phase II
│   algorithm = :dual
│   iter = 0
└   time = 0.004938401
[ Info: Restarting simplex on original LP after UNBOUNDED: unbounded improving direction; completed iterations=0
┌ Info: Starting simplex phase I
│   algorithm = :dual
│   iter = 0
└   time = 0.007513901
[ Info: iter=1 obj=-1.0 pinf=0.0 (0) dinf=0.0 (0) time=0.009517802s
[ Info: Solve finished: status=NUMERICAL_ERROR reason=Original LP retry failed after UNBOUNDED (unbounded improving direction): auxiliary direction has uncertain feasibility or objective improvement iterations=1 time=0.010112902s
┌ Info: Starting simplex phase I
│   algorithm = :dual
│   iter = 0
└   time = 0.0020041
[ Info: Loaded problem: rows=1 columns=2 nnz=2
[ Info: Starting presolve
[ Info: After presolve: rows=0 columns=1 nnz=0
┌ Info: Starting simplex phase II
│   algorithm = :dual
│   iter = 0
└   time = 0.004796601
[ Info: Restarting simplex on original LP after UNBOUNDED: unbounded improving direction; completed iterations=0
┌ Info: Starting simplex phase I
│   algorithm = :dual
│   iter = 0
└   time = 0.007562401
[ Info: Solve finished: status=NUMERICAL_ERROR reason=Original LP retry failed after UNBOUNDED (unbounded improving direction): auxiliary direction has uncertain feasibility or objective improvement iterations=1 time=0.009305702s
┌ Info: Starting simplex phase I
│   algorithm = :dual
│   iter = 0
└   time = 0.0025762
[ Info: iter=1 obj=-1.0 pinf=1.0 (1) dinf=0.0 (0) time=0.0049793s
[ Info: iter=2 obj=-1.0 pinf=0.0 (0) dinf=0.0 (0) time=0.007179001s
[ Info: Loaded problem: rows=2 columns=3 nnz=4
[ Info: Starting presolve
[ Info: After presolve: rows=0 columns=1 nnz=0
┌ Info: Starting simplex phase II
│   algorithm = :dual
│   iter = 0
└   time = 0.005933501
[ Info: Restarting simplex on original LP after UNBOUNDED: unbounded improving direction; completed iterations=0
┌ Info: Starting simplex phase I
│   algorithm = :dual
│   iter = 0
└   time = 0.009039801
[ Info: iter=1 obj=-1.0 pinf=1.0 (1) dinf=0.0 (0) time=0.011412902s
[ Info: iter=2 obj=-1.0 pinf=0.0 (0) dinf=0.0 (0) time=0.013603802s
[ Info: Solve finished: status=NUMERICAL_ERROR reason=Original LP retry failed after UNBOUNDED (unbounded improving direction): auxiliary direction has uncertain feasibility or objective improvement iterations=2 time=0.014366902s
┌ Info: Starting simplex phase I
│   algorithm = :dual
│   iter = 0
└   time = 0.0023877
[ Info: Loaded problem: rows=2 columns=3 nnz=4
[ Info: Starting presolve
[ Info: After presolve: rows=0 columns=1 nnz=0
┌ Info: Starting simplex phase II
│   algorithm = :dual
│   iter = 0
└   time = 0.005718001
[ Info: Restarting simplex on original LP after UNBOUNDED: unbounded improving direction; completed iterations=0
┌ Info: Starting simplex phase I
│   algorithm = :dual
│   iter = 0
└   time = 0.008681601
[ Info: Solve finished: status=NUMERICAL_ERROR reason=Original LP retry failed after UNBOUNDED (unbounded improving direction): auxiliary direction has uncertain feasibility or objective improvement iterations=2 time=0.012038802s
┌ Info: Starting simplex phase II
│   algorithm = :dual
│   iter = 0
└   time = 0.0013281
[ Info: Loaded problem: rows=1 columns=1 nnz=1
[ Info: Starting presolve
[ Info: After presolve: rows=1 columns=1 nnz=1
┌ Info: Starting simplex phase II
│   algorithm = :dual
│   iter = 0
└   time = 0.004239301
[ Info: iter=1 obj=1.0e13 pinf=0.0 (0) dinf=0.0 (0) time=0.006077901s
[ Info: Solve finished: status=NUMERICAL_ERROR reason=original-objective optimality certificate is inconclusive iterations=1 time=0.007138801s
┌ Info: Starting simplex phase II
│   algorithm = :dual
│   iter = 0
└   time = 0.001743
[ Info: Loaded problem: rows=1 columns=1 nnz=1
[ Info: Starting presolve
[ Info: After presolve: rows=1 columns=1 nnz=1
┌ Info: Starting simplex phase II
│   algorithm = :dual
│   iter = 0
└   time = 0.004496201
[ Info: Solve finished: status=NUMERICAL_ERROR reason=original-objective optimality certificate is inconclusive iterations=1 time=0.006584001s
┌ Info: Starting simplex phase I
│   algorithm = :dual
│   iter = 0
└   time = 0.0018278
[ Info: Loaded problem: rows=1 columns=1 nnz=1
[ Info: Starting presolve
[ Info: After presolve: rows=1 columns=1 nnz=1
┌ Info: Starting simplex phase I
│   algorithm = :dual
│   iter = 0
└   time = 0.004780801
[ Info: iter=1 obj=0.0 pinf=0.0 (0) dinf=0.0 (0) time=0.006621701s
[ Info: iter=1 obj=-1.0e13 pinf=0.0 (0) dinf=0.0 (0) time=0.009312301s
┌ Info: Starting simplex phase II
│   algorithm = :dual
│   iter = 1
└   time = 0.009671601
[ Info: Solve finished: status=NUMERICAL_ERROR reason=structural primal failed original-model feasibility checks iterations=1 time=0.010811101s
┌ Info: Starting simplex phase I
│   algorithm = :dual
│   iter = 0
└   time = 0.001812501
[ Info: Loaded problem: rows=1 columns=1 nnz=1
[ Info: Starting presolve
[ Info: After presolve: rows=1 columns=1 nnz=1
┌ Info: Starting simplex phase I
│   algorithm = :dual
│   iter = 0
└   time = 0.0047383
[ Info: iter=1 obj=-1.0e13 pinf=0.0 (0) dinf=0.0 (0) time=0.008304401s
┌ Info: Starting simplex phase II
│   algorithm = :dual
│   iter = 1
└   time = 0.008662701
[ Info: Solve finished: status=NUMERICAL_ERROR reason=structural primal failed original-model feasibility checks iterations=1 time=0.009703901s
┌ Info: Starting simplex phase I
│   algorithm = :dual
│   iter = 0
└   time = 0.002252701
[ Info: iter=1 obj=-1.0 pinf=0.0 (0) dinf=0.0 (0) time=0.004473701s
[ Info: Loaded problem: rows=2 columns=2 nnz=3
[ Info: Starting presolve
[ Info: After presolve: rows=1 columns=1 nnz=1
┌ Info: Starting simplex phase I
│   algorithm = :dual
│   iter = 0
└   time = 0.008577501
[ Info: iter=1 obj=0.0 pinf=0.0 (0) dinf=0.0 (0) time=0.010400002s
[ Info: iter=1 obj=-1.0e13 pinf=0.0 (0) dinf=0.0 (0) time=0.012884802s
┌ Info: Starting simplex phase II
│   algorithm = :dual
│   iter = 1
└   time = 0.013233502
[ Info: Restarting simplex on original LP after NUMERICAL_ERROR: structural primal failed original-model feasibility checks; completed iterations=1
┌ Info: Starting simplex phase I
│   algorithm = :dual
│   iter = 1
└   time = 0.017181802
[ Info: iter=2 obj=-1.0 pinf=0.0 (0) dinf=0.0 (0) time=0.019373903s
[ Info: Solve finished: status=NUMERICAL_ERROR reason=Original LP retry failed after NUMERICAL_ERROR (structural primal failed original-model feasibility checks): auxiliary direction has uncertain feasibility or objective improvement iterations=2 time=0.020065003s
┌ Info: Starting simplex phase I
│   algorithm = :dual
│   iter = 0
└   time = 0.0029502
[ Info: Loaded problem: rows=2 columns=2 nnz=3
[ Info: Starting presolve
[ Info: After presolve: rows=1 columns=1 nnz=1
┌ Info: Starting simplex phase I
│   algorithm = :dual
│   iter = 0
└   time = 0.008370801
[ Info: iter=1 obj=-1.0e13 pinf=0.0 (0) dinf=0.0 (0) time=0.011968901s
┌ Info: Starting simplex phase II
│   algorithm = :dual
│   iter = 1
└   time = 0.012510601
[ Info: Restarting simplex on original LP after NUMERICAL_ERROR: structural primal failed original-model feasibility checks; completed iterations=1
┌ Info: Starting simplex phase I
│   algorithm = :dual
│   iter = 1
└   time = 0.016082402
[ Info: Solve finished: status=NUMERICAL_ERROR reason=Original LP retry failed after NUMERICAL_ERROR (structural primal failed original-model feasibility checks): auxiliary direction has uncertain feasibility or objective improvement iterations=2 time=0.017997602s
┌ Info: Starting simplex phase I
│   algorithm = :dual
│   iter = 0
└   time = 0.002308901
[ Info: iter=1 obj=-1.0 pinf=0.0 (0) dinf=0.0 (0) time=0.004484401s
[ Info: Loaded problem: rows=2 columns=2 nnz=3
[ Info: Starting presolve
[ Info: After presolve: rows=1 columns=1 nnz=1
┌ Info: Starting simplex phase I
│   algorithm = :dual
│   iter = 0
└   time = 0.009194201
[ Info: iter=1 obj=0.0 pinf=0.0 (0) dinf=0.0 (0) time=0.011062202s
[ Info: iter=1 obj=-1.0e13 pinf=0.0 (0) dinf=0.0 (0) time=0.013550602s
┌ Info: Starting simplex phase II
│   algorithm = :dual
│   iter = 1
└   time = 0.013912402
[ Info: Restarting simplex on original LP after NUMERICAL_ERROR: structural primal failed original-model feasibility checks; completed iterations=1
┌ Info: Starting simplex phase I
│   algorithm = :dual
│   iter = 1
└   time = 0.017421703
[ Info: iter=2 obj=-1.0 pinf=0.0 (0) dinf=0.0 (0) time=0.019688003s
[ Info: Solve finished: status=NUMERICAL_ERROR reason=Original LP retry failed after NUMERICAL_ERROR (structural primal failed original-model feasibility checks): auxiliary direction has uncertain feasibility or objective improvement iterations=2 time=0.020424503s
┌ Info: Starting simplex phase I
│   algorithm = :dual
│   iter = 0
└   time = 0.0023853
[ Info: Loaded problem: rows=2 columns=2 nnz=3
[ Info: Starting presolve
[ Info: After presolve: rows=1 columns=1 nnz=1
┌ Info: Starting simplex phase I
│   algorithm = :dual
│   iter = 0
└   time = 0.008053801
[ Info: iter=1 obj=-1.0e13 pinf=0.0 (0) dinf=0.0 (0) time=0.011505201s
┌ Info: Starting simplex phase II
│   algorithm = :dual
│   iter = 1
└   time = 0.011854401
[ Info: Restarting simplex on original LP after NUMERICAL_ERROR: structural primal failed original-model feasibility checks; completed iterations=1
┌ Info: Starting simplex phase I
│   algorithm = :dual
│   iter = 1
└   time = 0.015997002
[ Info: Solve finished: status=NUMERICAL_ERROR reason=Original LP retry failed after NUMERICAL_ERROR (structural primal failed original-model feasibility checks): auxiliary direction has uncertain feasibility or objective improvement iterations=2 time=0.017971002s
┌ Info: Starting simplex phase I
│   algorithm = :dual
│   iter = 0
└   time = 0.001788001
[ Info: Loaded problem: rows=1 columns=1 nnz=0
[ Info: Starting presolve
[ Info: After presolve: rows=0 columns=1 nnz=0
┌ Info: Starting simplex phase II
│   algorithm = :dual
│   iter = 0
└   time = 0.0026461
[ Info: Restarting simplex on original LP after UNBOUNDED: unbounded improving direction; completed iterations=0
┌ Info: Starting simplex phase I
│   algorithm = :dual
│   iter = 0
└   time = 0.004928401
[ Info: Solve finished: status=UNBOUNDED reason=unbounded improving direction iterations=0 time=0.006729801s
┌ Info: Starting simplex phase I
│   algorithm = :dual
│   iter = 0
└   time = 0.0019459
[ Info: Loaded problem: rows=1 columns=1 nnz=0
[ Info: Starting presolve
[ Info: After presolve: rows=0 columns=1 nnz=0
┌ Info: Starting simplex phase II
│   algorithm = :dual
│   iter = 0
└   time = 0.002656301
[ Info: Restarting simplex on original LP after UNBOUNDED: unbounded improving direction; completed iterations=0
┌ Info: Starting simplex phase I
│   algorithm = :dual
│   iter = 0
└   time = 0.004977501
[ Info: Solve finished: status=UNBOUNDED reason=unbounded improving direction iterations=0 time=0.006782901s
┌ Info: Starting simplex phase II
│   algorithm = :dual
│   iter = 0
└   time = 0.000573201
[ Info: Loaded problem: rows=0 columns=1 nnz=0
[ Info: Starting presolve
[ Info: After presolve: rows=0 columns=1 nnz=0
┌ Info: Starting simplex phase II
│   algorithm = :dual
│   iter = 0
└   time = 0.00223
[ Info: Solve finished: status=UNBOUNDED reason=unbounded improving direction iterations=0 time=0.0025469s
┌ Info: Starting simplex phase II
│   algorithm = :dual
│   iter = 0
└   time = 0.0005641
[ Info: Loaded problem: rows=0 columns=1 nnz=0
[ Info: Starting presolve
[ Info: After presolve: rows=0 columns=1 nnz=0
┌ Info: Starting simplex phase II
│   algorithm = :dual
│   iter = 0
└   time = 0.002600101
[ Info: Solve finished: status=UNBOUNDED reason=unbounded improving direction iterations=0 time=0.003027301s
┌ Info: Starting simplex phase I
│   algorithm = :dual
│   iter = 0
└   time = 0.0018047
┌ Info: Starting simplex phase I
│   algorithm = :dual
│   iter = 0
└   time = 0.0027191
┌ Info: Starting simplex phase I
│   algorithm = :dual
│   iter = 0
└   time = 0.00184
[ Info: iter=0 obj=-1.0 pinf=1.0 (1) dinf=0.0 (0) time=0.0034157s
┌ Info: Starting simplex phase II
│   algorithm = :dual
│   iter = 0
└   time = 0.0022989
┌ Info: Starting simplex phase II
│   algorithm = :dual
│   iter = 0
└   time = 0.0016542
[ Info: iter=1 obj=1.0 pinf=2.0 (1) dinf=0.0 (0) time=0.004004001s
┌ Info: Starting simplex phase II
│   algorithm = :dual
│   iter = 0
└   time = 0.0016346
[ Info: iter=1 obj=1.0 pinf=2.0 (1) dinf=0.0 (0) time=0.0038376s
[ Info: iter=2 obj=3.0 pinf=0.0 (0) dinf=0.0 (0) time=0.006008601s

Recession feasibility is certified in the original model: Test Failed at /home/jspitz/.codex/worktrees/adaptive-degeneracy/JSimplex.jl/test/dual_simplex_tests.jl:978
  Expression: public_result.status == if lower == 0.1
        INFEASIBLE
    else
        status
    end
   Evaluated: NUMERICAL_ERROR == INFEASIBLE
  Stacktrace:
   [1] top-level scope
     @ ~/.codex/worktrees/adaptive-degeneracy/JSimplex.jl/test/dual_simplex_tests.jl:965
   [2] macro expansion
     @ ~/.julia/juliaup/julia-1.13.0+0.aarch64.linux.gnu/share/julia/stdlib/v1.13/Test/src/Test.jl:1962 [inlined]
   [3] macro expansion
     @ ~/.codex/worktrees/adaptive-degeneracy/JSimplex.jl/test/dual_simplex_tests.jl:978 [inlined]
   [4] macro expansion
     @ ~/.julia/juliaup/julia-1.13.0+0.aarch64.linux.gnu/share/julia/stdlib/v1.13/Test/src/Test.jl:753 [inlined]

Recession feasibility is certified in the original model: Test Failed at /home/jspitz/.codex/worktrees/adaptive-degeneracy/JSimplex.jl/test/dual_simplex_tests.jl:978
  Expression: public_result.status == if lower == 0.1
        INFEASIBLE
    else
        status
    end
   Evaluated: NUMERICAL_ERROR == INFEASIBLE
  Stacktrace:
   [1] top-level scope
     @ ~/.codex/worktrees/adaptive-degeneracy/JSimplex.jl/test/dual_simplex_tests.jl:965
   [2] macro expansion
     @ ~/.julia/juliaup/julia-1.13.0+0.aarch64.linux.gnu/share/julia/stdlib/v1.13/Test/src/Test.jl:1962 [inlined]
   [3] macro expansion
     @ ~/.codex/worktrees/adaptive-degeneracy/JSimplex.jl/test/dual_simplex_tests.jl:978 [inlined]
   [4] macro expansion
     @ ~/.julia/juliaup/julia-1.13.0+0.aarch64.linux.gnu/share/julia/stdlib/v1.13/Test/src/Test.jl:753 [inlined]

Recession feasibility is certified in the original model: Test Failed at /home/jspitz/.codex/worktrees/adaptive-degeneracy/JSimplex.jl/test/dual_simplex_tests.jl:978
  Expression: public_result.status == if lower == 0.1
        INFEASIBLE
    else
        status
    end
   Evaluated: NUMERICAL_ERROR == INFEASIBLE
  Stacktrace:
   [1] top-level scope
     @ ~/.codex/worktrees/adaptive-degeneracy/JSimplex.jl/test/dual_simplex_tests.jl:965
   [2] macro expansion
     @ ~/.julia/juliaup/julia-1.13.0+0.aarch64.linux.gnu/share/julia/stdlib/v1.13/Test/src/Test.jl:1962 [inlined]
   [3] macro expansion
     @ ~/.codex/worktrees/adaptive-degeneracy/JSimplex.jl/test/dual_simplex_tests.jl:978 [inlined]
   [4] macro expansion
     @ ~/.julia/juliaup/julia-1.13.0+0.aarch64.linux.gnu/share/julia/stdlib/v1.13/Test/src/Test.jl:753 [inlined]

Recession feasibility is certified in the original model: Test Failed at /home/jspitz/.codex/worktrees/adaptive-degeneracy/JSimplex.jl/test/dual_simplex_tests.jl:978
  Expression: public_result.status == if lower == 0.1
        INFEASIBLE
    else
        status
    end
   Evaluated: NUMERICAL_ERROR == INFEASIBLE
  Stacktrace:
   [1] top-level scope
     @ ~/.codex/worktrees/adaptive-degeneracy/JSimplex.jl/test/dual_simplex_tests.jl:965
   [2] macro expansion
     @ ~/.julia/juliaup/julia-1.13.0+0.aarch64.linux.gnu/share/julia/stdlib/v1.13/Test/src/Test.jl:1962 [inlined]
   [3] macro expansion
     @ ~/.codex/worktrees/adaptive-degeneracy/JSimplex.jl/test/dual_simplex_tests.jl:978 [inlined]
   [4] macro expansion
     @ ~/.julia/juliaup/julia-1.13.0+0.aarch64.linux.gnu/share/julia/stdlib/v1.13/Test/src/Test.jl:753 [inlined]
CHECK dual_ratio
CHECK pivot_retry
CHECK pivot_application
CHECK dual_entry_phase
CHECK postsolve_cleanup_performance
CHECK postsolve_hint
CHECK simplex_driver
CHECK simplex_precision_entry
CHECK native_phase_transfer
CHECK native_cleanup_recovery
CHECK simplex_phase_one
CHECK simplex_phase_one_auxiliary
CHECK simplex_phase_one_guard
CHECK simplex_phase_one_deadline
Checking simplex_strategy_separation
Checking dual_core_policy
Checking simplex_stalling
Checking simplex_stalling_integration
Checking simplex_stalling_edge
Checking simplex_perturbation
Checking simplex_perturbation_integration
Checking primal_perturbation
Checking primal_perturbation_integration
Checking adaptive_pricing
Checking adaptive_pricing_integration
Checking adaptive_pricing_lifecycle
Checking simplex_handoff_atomicity
CHECK legacy_primal_perturbed_point
CHECK legacy_primal_point
CHECK legacy_primal_equation_point
CHECK legacy_primal_point_recovery
CHECK simplex_strategy_separation
CHECK primal_perturbation
CHECK primal_perturbation_integration
CHECK simplex_phase_one_state
CHECK simplex_phase_one_completion
CHECK simplex_precision_activity
CHECK regression
┌ Info: Starting simplex phase I
│   algorithm = :dual
│   iter = 0
└   time = 0.002206
┌ Info: Starting simplex phase I
│   algorithm = :dual
│   iter = 0
└   time = 0.002184801
┌ Info: Starting simplex phase I
│   algorithm = :dual
│   iter = 0
└   time = 0.0023553
[ Info: iter=2 obj=-3.0 pinf=0.0 (0) dinf=0.0 (0) time=0.008569701s
┌ Info: Starting simplex phase II
│   algorithm = :dual
│   iter = 2
└   time = 0.008986701
┌ Info: Starting simplex phase I
│   algorithm = :dual
│   iter = 0
└   time = 0.0021265
┌ Info: Starting simplex phase II
│   algorithm = :dual
│   iter = 0
└   time = 0.0006679
┌ Info: Starting simplex phase II
│   algorithm = :dual
│   iter = 0
└   time = 0.000627
┌ Info: Starting simplex phase II
│   algorithm = :dual
│   iter = 0
└   time = 0.0005076
┌ Info: Starting simplex phase II
│   algorithm = :dual
│   iter = 0
└   time = 0.0006139
┌ Info: Starting simplex phase II
│   algorithm = :dual
│   iter = 0
└   time = 0.0005754
┌ Info: Starting simplex phase II
│   algorithm = :dual
│   iter = 0
└   time = 0.0005688
┌ Info: Starting simplex phase II
│   algorithm = :dual
│   iter = 0
└   time = 0.001216
┌ Info: Starting simplex phase II
│   algorithm = :dual
│   iter = 0
└   time = 0.0031669
[ Info: iter=0 obj=4.0 pinf=1.0 (1) dinf=0.0 (0) time=0.0044638s
┌ Info: Starting simplex phase II
│   algorithm = :dual
│   iter = 0
└   time = 0.0012977
┌ Info: Starting simplex phase II
│   algorithm = :dual
│   iter = 0
└   time = 0.0005826
┌ Info: Starting simplex phase II
│   algorithm = :dual
│   iter = 0
└   time = 0.0013124
[ Info: iter=0 obj=0.0 pinf=1.0 (1) dinf=0.0 (0) time=0.0028467s
┌ Info: Starting simplex phase I
│   algorithm = :dual
│   iter = 0
└   time = 0.002087801
[ Info: iter=1 obj=-3.0 pinf=0.0 (0) dinf=0.0 (0) time=0.007547101s
┌ Info: Starting simplex phase I
│   algorithm = :dual
│   iter = 0
└   time = 0.0018636
[ Info: iter=1 obj=-3.0 pinf=0.0 (0) dinf=0.0 (0) time=0.0054816s
┌ Info: Starting simplex phase II
│   algorithm = :dual
│   iter = 1
└   time = 0.0058496
┌ Info: Starting simplex phase I
│   algorithm = :dual
│   iter = 0
└   time = 0.0018962
[ Info: iter=1 obj=-3.0 pinf=0.0 (0) dinf=0.0 (0) time=0.005473601s
┌ Info: Starting simplex phase I
│   algorithm = :dual
│   iter = 0
└   time = 0.0018769
[ Info: iter=1 obj=-3.0 pinf=0.0 (0) dinf=0.0 (0) time=0.0054181s
┌ Info: Starting simplex phase II
│   algorithm = :dual
│   iter = 1
└   time = 0.005778901
┌ Info: Starting simplex phase I
│   algorithm = :dual
│   iter = 0
└   time = 0.0017472
[ Info: iter=1 obj=-6.0 pinf=0.0 (0) dinf=0.0 (0) time=0.005249301s
┌ Info: Starting simplex phase I
│   algorithm = :dual
│   iter = 0
└   time = 0.001798
[ Info: iter=1 obj=-6.0 pinf=0.0 (0) dinf=0.0 (0) time=0.005729401s
┌ Info: Starting simplex phase II
│   algorithm = :dual
│   iter = 1
└   time = 0.006112601
┌ Info: Starting simplex phase I
│   algorithm = :dual
│   iter = 0
└   time = 0.0017466
[ Info: iter=1 obj=-8.0 pinf=0.0 (0) dinf=0.0 (0) time=0.005516901s
┌ Info: Starting simplex phase I
│   algorithm = :dual
│   iter = 0
└   time = 0.001951
[ Info: iter=1 obj=-8.0 pinf=0.0 (0) dinf=0.0 (0) time=0.005777401s
┌ Info: Starting simplex phase II
│   algorithm = :dual
│   iter = 1
└   time = 0.006177901
┌ Info: Starting simplex phase I
│   algorithm = :dual
│   iter = 0
└   time = 0.002022701
┌ Info: Starting simplex phase I
│   algorithm = :dual
│   iter = 0
└   time = 0.001986901
[ Info: iter=1 obj=1.0 pinf=1.0 (1) dinf=0.0 (0) time=0.005851601s
┌ Info: Starting simplex phase II
│   algorithm = :dual
│   iter = 1
└   time = 0.006239401
[ Info: iter=1 obj=1.0 pinf=1.0 (1) dinf=0.0 (0) time=0.007768201s
┌ Info: Starting simplex phase I
│   algorithm = :dual
│   iter = 0
└   time = 0.001982201
[ Info: iter=0 obj=0.0 pinf=1.0 (1) dinf=0.0 (0) time=0.004833401s
┌ Info: Starting simplex phase I
│   algorithm = :dual
│   iter = 0
└   time = 0.002137801
┌ Info: Starting simplex phase I
│   algorithm = :dual
│   iter = 0
└   time = 0.002225801
[ Info: iter=1 obj=0.0 pinf=0.0 (0) dinf=0.0 (0) time=0.006042801s
[ Info: Loaded problem: rows=1 columns=3 nnz=2
[ Info: Starting presolve
[ Info: Presolve infeasibility is inconclusive at primal tolerance; retaining original LP
[ Info: After presolve: rows=1 columns=3 nnz=2
┌ Info: Starting simplex phase I
│   algorithm = :dual
│   iter = 0
└   time = 0.010417702
[ Info: iter=1 obj=0.0 pinf=0.0 (0) dinf=0.0 (0) time=0.014083102s
[ Info: Solve finished: status=NUMERICAL_ERROR reason=recession feasibility primal failed original-model feasibility checks iterations=1 time=0.014785102s
┌ Info: Starting simplex phase I
│   algorithm = :dual
│   iter = 0
└   time = 0.0023429
[ Info: Loaded problem: rows=1 columns=3 nnz=2
[ Info: Starting presolve
[ Info: Presolve infeasibility is inconclusive at primal tolerance; retaining original LP
[ Info: After presolve: rows=1 columns=3 nnz=2
┌ Info: Starting simplex phase I
│   algorithm = :dual
│   iter = 0
└   time = 0.009442301
[ Info: Solve finished: status=NUMERICAL_ERROR reason=recession feasibility primal failed original-model feasibility checks iterations=1 time=0.012965802s
┌ Info: Starting simplex phase I
│   algorithm = :dual
│   iter = 0
└   time = 0.0021802
[ Info: iter=1 obj=0.0 pinf=0.0 (0) dinf=0.0 (0) time=0.005814701s
[ Info: Loaded problem: rows=1 columns=3 nnz=2
[ Info: Starting presolve
[ Info: Presolve infeasibility is inconclusive at primal tolerance; retaining original LP
[ Info: After presolve: rows=1 columns=3 nnz=2
┌ Info: Starting simplex phase I
│   algorithm = :dual
│   iter = 0
└   time = 0.009516901
[ Info: iter=1 obj=0.0 pinf=0.0 (0) dinf=0.0 (0) time=0.013161802s
[ Info: Solve finished: status=NUMERICAL_ERROR reason=recession feasibility primal failed original-model feasibility checks iterations=1 time=0.013846902s
┌ Info: Starting simplex phase I
│   algorithm = :dual
│   iter = 0
└   time = 0.002157601
[ Info: Loaded problem: rows=1 columns=3 nnz=2
[ Info: Starting presolve
[ Info: Presolve infeasibility is inconclusive at primal tolerance; retaining original LP
[ Info: After presolve: rows=1 columns=3 nnz=2
┌ Info: Starting simplex phase I
│   algorithm = :dual
│   iter = 0
└   time = 0.008969801
[ Info: Solve finished: status=NUMERICAL_ERROR reason=recession feasibility primal failed original-model feasibility checks iterations=1 time=0.012403902s
┌ Info: Starting simplex phase I
│   algorithm = :dual
│   iter = 0
└   time = 0.002151401
[ Info: iter=1 obj=0.0 pinf=0.0 (0) dinf=0.0 (0) time=0.006633701s
[ Info: Loaded problem: rows=1 columns=3 nnz=2
[ Info: Starting presolve
[ Info: After presolve: rows=0 columns=1 nnz=0
┌ Info: Starting simplex phase II
│   algorithm = :dual
│   iter = 0
└   time = 0.004514201
[ Info: Restarting simplex on original LP after UNBOUNDED: unbounded improving direction; completed iterations=0
┌ Info: Starting simplex phase I
│   algorithm = :dual
│   iter = 0
└   time = 0.007434802
[ Info: iter=1 obj=0.0 pinf=0.0 (0) dinf=0.0 (0) time=0.011123802s
[ Info: Solve finished: status=UNBOUNDED reason=unbounded improving direction iterations=1 time=0.011683902s
┌ Info: Starting simplex phase I
│   algorithm = :dual
│   iter = 0
└   time = 0.002153901
[ Info: Loaded problem: rows=1 columns=3 nnz=2
[ Info: Starting presolve
[ Info: After presolve: rows=0 columns=1 nnz=0
┌ Info: Starting simplex phase II
│   algorithm = :dual
│   iter = 0
└   time = 0.004390201
[ Info: Restarting simplex on original LP after UNBOUNDED: unbounded improving direction; completed iterations=0
┌ Info: Starting simplex phase I
│   algorithm = :dual
│   iter = 0
└   time = 0.007287201
[ Info: Solve finished: status=UNBOUNDED reason=unbounded improving direction iterations=1 time=0.010514301s
┌ Info: Starting simplex phase II
│   algorithm = :dual
│   iter = 0
└   time = 0.001442601
[ Info: iter=1 obj=100.0 pinf=0.0 (0) dinf=1.0e-6 (1) time=0.003973501s
[ Info: Starting primal cleanup after restoring original costs
[ Info: iter=1 obj=4.0 pinf=0.0 (0) dinf=0.0 (0) time=0.0028258s
┌ Info: Starting simplex phase II
│   algorithm = :dual
│   iter = 0
└   time = 0.0020704
┌ Info: Starting simplex phase II
│   algorithm = :dual
│   iter = 0
└   time = 0.0027156
┌ Info: Starting simplex phase II
│   algorithm = :dual
│   iter = 0
└   time = 0.0016375
┌ Info: Starting simplex phase II
│   algorithm = :dual
│   iter = 0
└   time = 0.0016751
[ Info: iter=0 obj=0.0 pinf=3.0 (1) dinf=0.0 (0) time=0.0036012s
[ Info: iter=2 obj=3.0 pinf=0.0 (0) dinf=0.0 (0) time=0.006013901s
┌ Info: Starting simplex phase II
│   algorithm = :dual
│   iter = 0
└   time = 0.001817001
[ Info: iter=1 obj=1.0 pinf=2.0 (1) dinf=0.0 (0) time=0.004421101s
[ Info: iter=2 obj=3.0 pinf=0.0 (0) dinf=0.0 (0) time=0.006374901s
┌ Info: Starting simplex phase II
│   algorithm = :dual
│   iter = 0
└   time = 0.0021646
┌ Info: Starting simplex phase I
│   algorithm = :dual
│   iter = 0
└   time = 0.0017866
[ Info: iter=1 obj=-3.0 pinf=0.0 (0) dinf=0.0 (0) time=0.005656901s
┌ Info: Starting simplex phase II
│   algorithm = :dual
│   iter = 1
└   time = 0.006090401
┌ Info: Starting simplex phase I
│   algorithm = :dual
│   iter = 0
└   time = 0.0016062
[ Info: iter=1 obj=-3.0 pinf=0.0 (0) dinf=0.0 (0) time=0.0051141s
┌ Info: Starting simplex phase II
│   algorithm = :dual
│   iter = 1
└   time = 0.0054727
┌ Info: Starting simplex phase I
│   algorithm = :dual
│   iter = 0
└   time = 0.002514201
[ Info: iter=1 obj=-6.0 pinf=0.0 (0) dinf=0.0 (0) time=0.005908901s
┌ Info: Starting simplex phase II
│   algorithm = :dual
│   iter = 1
└   time = 0.006266301
┌ Info: Starting simplex phase I
│   algorithm = :dual
│   iter = 0
└   time = 0.001792001
┌ Info: Starting simplex phase I
│   algorithm = :dual
│   iter = 0
└   time = 0.0017426
┌ Info: Starting simplex phase I
│   algorithm = :dual
│   iter = 0
└   time = 0.0015621
[ Info: iter=1 obj=1.0 pinf=1.0 (1) dinf=0.0 (0) time=0.004810701s
┌ Info: Starting simplex phase II
│   algorithm = :dual
│   iter = 1
└   time = 0.005155701
[ Info: iter=1 obj=1.0 pinf=1.0 (1) dinf=0.0 (0) time=0.006379501s
┌ Info: Starting simplex phase II
│   algorithm = :dual
│   iter = 0
└   time = 0.0010185
[ Info: iter=0 obj=0.0 pinf=1.0 (1) dinf=0.0 (0) time=0.0023185s
┌ Info: Starting simplex phase II
│   algorithm = :dual
│   iter = 0
└   time = 0.000592
┌ Info: Starting simplex phase II
│   algorithm = :dual
│   iter = 0
└   time = 0.0019957
[ Info: iter=1 obj=1.0 pinf=2.0 (1) dinf=0.0 (0) time=0.0044884s
[ Info: iter=2 obj=3.0 pinf=0.0 (0) dinf=0.0 (0) time=0.0067604s
┌ Info: Starting simplex phase II
│   algorithm = :dual
│   iter = 0
└   time = 0.0026301
┌ Info: Starting simplex phase I
│   algorithm = :dual
│   iter = 0
└   time = 0.0019572
[ Info: iter=1 obj=-3.0 pinf=0.0 (0) dinf=0.0 (0) time=0.0059369s
┌ Info: Starting simplex phase II
│   algorithm = :dual
│   iter = 1
└   time = 0.0063283
┌ Info: Starting simplex phase I
│   algorithm = :dual
│   iter = 0
└   time = 0.001929801
[ Info: iter=1 obj=-3.0 pinf=0.0 (0) dinf=0.0 (0) time=0.005668501s
┌ Info: Starting simplex phase II
│   algorithm = :dual
│   iter = 1
└   time = 0.006048401
┌ Info: Starting simplex phase I
│   algorithm = :dual
│   iter = 0
└   time = 0.0017695
[ Info: iter=1 obj=-6.0 pinf=0.0 (0) dinf=0.0 (0) time=0.005189401s
┌ Info: Starting simplex phase II
│   algorithm = :dual
│   iter = 1
└   time = 0.005549601
┌ Info: Starting simplex phase I
│   algorithm = :dual
│   iter = 0
└   time = 0.0019912
┌ Info: Starting simplex phase I
│   algorithm = :dual
│   iter = 0
└   time = 0.0019485
┌ Info: Starting simplex phase I
│   algorithm = :dual
│   iter = 0
└   time = 0.0017433
[ Info: iter=1 obj=1.0 pinf=1.0 (1) dinf=0.0 (0) time=0.005245301s
┌ Info: Starting simplex phase II
│   algorithm = :dual
│   iter = 1
└   time = 0.005584901
[ Info: iter=1 obj=1.0 pinf=1.0 (1) dinf=0.0 (0) time=0.006928201s
┌ Info: Starting simplex phase II
│   algorithm = :dual
│   iter = 0
└   time = 0.0014452
[ Info: iter=0 obj=0.0 pinf=1.0 (1) dinf=0.0 (0) time=0.0026429s
┌ Info: Starting simplex phase II
│   algorithm = :dual
│   iter = 0
└   time = 0.0004773
┌ Info: Starting simplex phase II
│   algorithm = :dual
│   iter = 0
└   time = 0.0037943
[ Info: iter=1 obj=1.0 pinf=2.0 (1) dinf=0.0 (0) time=0.0088849s
[ Info: iter=2 obj=3.0 pinf=0.0 (0) dinf=0.0 (0) time=0.013633201s
┌ Info: Starting simplex phase II
│   algorithm = :dual
│   iter = 0
└   time = 0.004978901
┌ Info: Starting simplex phase I
│   algorithm = :dual
│   iter = 0
└   time = 0.013552601
[ Info: iter=1 obj=-3.0 pinf=0.0 (0) dinf=0.0 (0) time=0.019662102s
┌ Info: Starting simplex phase II
│   algorithm = :dual
│   iter = 1
└   time = 0.020152302
┌ Info: Starting simplex phase I
│   algorithm = :dual
│   iter = 0
└   time = 0.0030842
[ Info: iter=1 obj=-3.0 pinf=0.0 (0) dinf=0.0 (0) time=0.007785301s
┌ Info: Starting simplex phase II
│   algorithm = :dual
│   iter = 1
└   time = 0.008168001
┌ Info: Starting simplex phase I
│   algorithm = :dual
│   iter = 0
└   time = 0.0029493
[ Info: iter=1 obj=-6.0 pinf=0.0 (0) dinf=0.0 (0) time=0.007489901s
┌ Info: Starting simplex phase II
│   algorithm = :dual
│   iter = 1
└   time = 0.007952401
┌ Info: Starting simplex phase I
│   algorithm = :dual
│   iter = 0
└   time = 0.0037516
┌ Info: Starting simplex phase I
│   algorithm = :dual
│   iter = 0
└   time = 0.0031927
┌ Info: Starting simplex phase I
│   algorithm = :dual
│   iter = 0
└   time = 0.003038301
[ Info: iter=1 obj=1.0 pinf=1.0 (1) dinf=0.0 (0) time=0.007737101s
┌ Info: Starting simplex phase II
│   algorithm = :dual
│   iter = 1
└   time = 0.008122901
[ Info: iter=1 obj=1.0 pinf=1.0 (1) dinf=0.0 (0) time=0.010291201s
┌ Info: Starting simplex phase II
│   algorithm = :dual
│   iter = 0
└   time = 0.002023801
[ Info: iter=0 obj=0.0 pinf=1.0 (1) dinf=0.0 (0) time=0.003943601s
┌ Info: Starting simplex phase II
│   algorithm = :dual
│   iter = 0
└   time = 0.000982
┌ Info: Starting simplex phase II
│   algorithm = :dual
│   iter = 0
└   time = 0.0037109
[ Info: iter=1 obj=1//1 pinf=2//1 (1) dinf=0//1 (0) time=0.008465801s
[ Info: iter=2 obj=3//1 pinf=0//1 (0) dinf=0//1 (0) time=0.012911601s
┌ Info: Starting simplex phase II
│   algorithm = :dual
│   iter = 0
└   time = 0.0046044
┌ Info: Starting simplex phase I
│   algorithm = :dual
│   iter = 0
└   time = 0.010298501
[ Info: iter=1 obj=-3//1 pinf=0//1 (0) dinf=0//1 (0) time=0.015770402s
┌ Info: Starting simplex phase II
│   algorithm = :dual
│   iter = 1
└   time = 0.016354002
┌ Info: Starting simplex phase I
│   algorithm = :dual
│   iter = 0
└   time = 0.0031772
[ Info: iter=1 obj=-3//1 pinf=0//1 (0) dinf=0//1 (0) time=0.007854601s
┌ Info: Starting simplex phase II
│   algorithm = :dual
│   iter = 1
└   time = 0.008263801
┌ Info: Starting simplex phase I
│   algorithm = :dual
│   iter = 0
└   time = 0.0031555
[ Info: iter=1 obj=-6//1 pinf=0//1 (0) dinf=0//1 (0) time=0.007935801s
┌ Info: Starting simplex phase II
│   algorithm = :dual
│   iter = 1
└   time = 0.008337001
┌ Info: Starting simplex phase I
│   algorithm = :dual
│   iter = 0
└   time = 0.003227301
┌ Info: Starting simplex phase I
│   algorithm = :dual
│   iter = 0
└   time = 0.0033009
┌ Info: Starting simplex phase I
│   algorithm = :dual
│   iter = 0
└   time = 0.0031356
[ Info: iter=1 obj=1//1 pinf=1//1 (1) dinf=0//1 (0) time=0.007858001s
┌ Info: Starting simplex phase II
│   algorithm = :dual
│   iter = 1
└   time = 0.008256601
┌ Info: Starting simplex phase II
│   algorithm = :dual
│   iter = 0
└   time = 0.0022281
┌ Info: Starting simplex phase II
│   algorithm = :dual
│   iter = 0
└   time = 0.0008238
┌ Info: Starting simplex phase II
│   algorithm = :dual
│   iter = 0
└   time = 0.0022295
┌ Info: Starting simplex phase I
│   algorithm = :dual
│   iter = 0
└   time = 0.0031531
[ Info: iter=1 obj=-10000000000000//1 pinf=0//1 (0) dinf=0//1 (0) time=0.008027001s
┌ Info: Starting simplex phase II
│   algorithm = :dual
│   iter = 1
└   time = 0.008447101
[ Info: Loaded problem: rows=1 columns=1 nnz=1
[ Info: Starting presolve
[ Info: After presolve: rows=0 columns=0 nnz=0
┌ Info: Starting simplex phase II
│   algorithm = :dual
│   iter = 0
└   time = 0.003708401
[ Info: Starting postsolve cleanup on original LP
[ Info: iter=0 obj=1.7014117e38 pinf=0.0 (0) dinf=0.0 (0) time=0.006531601s
[ Info: Starting primal postsolve cleanup from feasible basis
[ Info: Solve finished: status=OPTIMAL objective=1.7014117e38 iterations=0 time=0.008003601s
[ Info: Loaded problem: rows=1 columns=1 nnz=1
[ Info: Starting presolve
[ Info: After presolve: rows=1 columns=1 nnz=1
┌ Info: Starting simplex phase II
│   algorithm = :dual
│   iter = 0
└   time = 0.011118201
[ Info: Solve finished: status=NUMERICAL_ERROR reason=non-finite simplex iterate iterations=1 time=0.013041701s
[ Info: Loaded problem: rows=1 columns=1 nnz=1
[ Info: Starting presolve
[ Info: After presolve: rows=0 columns=0 nnz=0
┌ Info: Starting simplex phase II
│   algorithm = :dual
│   iter = 0
└   time = 0.0038474
[ Info: Starting postsolve cleanup on original LP
[ Info: iter=0 obj=8.988465674311579e307 pinf=0.0 (0) dinf=0.0 (0) time=0.0072339s
[ Info: Starting primal postsolve cleanup from feasible basis
[ Info: Solve finished: status=OPTIMAL objective=8.988465674311579e307 iterations=0 time=0.0086569s
[ Info: Loaded problem: rows=1 columns=1 nnz=1
[ Info: Starting presolve
[ Info: After presolve: rows=1 columns=1 nnz=1
┌ Info: Starting simplex phase II
│   algorithm = :dual
│   iter = 0
└   time = 0.004193101
[ Info: Solve finished: status=NUMERICAL_ERROR reason=non-finite simplex iterate iterations=1 time=0.006043801s
[ Info: iter=1 obj=1.0 pinf=0.0 (0) dinf=0.0 (0) time=0.0035034s
[ Info: iter=1 obj=1.0 pinf=0.0 (0) dinf=0.0 (0) time=0.0033882s
┌ Info: Starting simplex phase II
│   algorithm = :dual
│   iter = 0
└   time = 0.0013164
[ Info: iter=0 obj=0.0 pinf=2.0 (1) dinf=0.0 (0) time=0.0027582s
┌ Info: Starting simplex phase II
│   algorithm = :dual
│   iter = 0
└   time = 0.001549001
[ Info: iter=0 obj=0.0 pinf=2.0 (1) dinf=0.0 (0) time=0.003140401s
┌ Info: Starting simplex phase II
│   algorithm = :dual
│   iter = 0
└   time = 0.0024904
[ Info: iter=0 obj=0.0 pinf=2.0 (1) dinf=0.0 (0) time=0.00484s
┌ Info: Starting simplex phase II
│   algorithm = :dual
│   iter = 0
└   time = 0.0023835
[ Info: iter=0 obj=0.0 pinf=0.0 (0) dinf=0.0 (0) time=0.0022547s
[ Info: iter=0 obj=0.0 pinf=0.0 (0) dinf=0.0 (0) time=0.0024423s
[ Info: iter=0 obj=1.0 pinf=0.0 (0) dinf=0.0 (0) time=0.001333s
[ Info: iter=0 obj=1.0 pinf=0.0 (0) dinf=0.0 (0) time=0.001620201s
[ Info: iter=0 obj=1.0 pinf=0.0 (0) dinf=0.0 (0) time=0.0025742s
[ Info: iter=0 obj=1//1 pinf=0//1 (0) dinf=0//1 (0) time=0.0023783s
[ Info: iter=0 obj=0.0 pinf=0.0 (0) dinf=0.0 (0) time=0.001323401s
[ Info: iter=0 obj=0.0 pinf=0.0 (0) dinf=0.0 (0) time=0.0017678s
[ Info: iter=0 obj=0.0 pinf=0.0 (0) dinf=0.0 (0) time=0.0025015s
[ Info: iter=0 obj=0//1 pinf=0//1 (0) dinf=0//1 (0) time=0.0023013s
[ Info: Loaded problem: rows=27 columns=32 nnz=83
[ Info: Starting presolve
[ Info: After presolve: rows=20 columns=24 nnz=74
┌ Info: Starting simplex phase I
│   algorithm = :dual
│   iter = 0
└   time = 0.145814389
[ Info: iter=4 obj=-521.7142857142859 pinf=135.72285714285715 (3) dinf=0.0 (0) time=0.184533586s
┌ Info: Starting simplex phase II
│   algorithm = :dual
│   iter = 4
└   time = 0.185831486
[ Info: Starting postsolve cleanup on original LP
[ Info: iter=9 obj=-464.75314285714273 pinf=0.0 (0) dinf=0.0 (0) time=0.248707881s
[ Info: Starting primal postsolve cleanup from feasible basis
[ Info: Solve finished: status=OPTIMAL objective=-464.75314285714273 iterations=9 time=0.26529848s
[ Info: Loaded problem: rows=0 columns=1 nnz=0
[ Info: Starting presolve
[ Info: After presolve: rows=0 columns=0 nnz=0
┌ Info: Starting simplex phase II
│   algorithm = :dual
│   iter = 0
└   time = 0.0033913
[ Info: Starting postsolve cleanup on original LP
[ Info: iter=0 obj=-1.0 pinf=0.0 (0) dinf=0.0 (0) time=0.005705s
[ Info: Starting primal postsolve cleanup from feasible basis
[ Info: Solve finished: status=OPTIMAL objective=-1.0 iterations=0 time=0.0068629s
[ Info: Loaded problem: rows=0 columns=1 nnz=0
[ Info: Solve finished: status=MIP_NOT_SUPPORTED reason=discrete domains require relax_integrality=true iterations=0 time=0.0010848s
[ Info: Loaded problem: rows=0 columns=1 nnz=0
[ Info: Starting presolve
[ Info: After presolve: rows=0 columns=0 nnz=0
┌ Info: Starting simplex phase II
│   algorithm = :dual
│   iter = 0
└   time = 0.0023288
[ Info: Starting postsolve cleanup on original LP
[ Info: iter=0 obj=0.0 pinf=0.0 (0) dinf=0.0 (0) time=0.0043191s
[ Info: Starting primal postsolve cleanup from feasible basis
[ Info: Solve finished: status=OPTIMAL objective=0.0 iterations=0 time=0.0053726s
[ Info: Loaded problem: rows=0 columns=1 nnz=0
[ Info: Solve finished: status=MIP_NOT_SUPPORTED reason=discrete domains require relax_integrality=true iterations=0 time=0.0004895s
[ Info: Loaded problem: rows=0 columns=1 nnz=0
[ Info: Starting presolve
[ Info: After presolve: rows=0 columns=0 nnz=0
┌ Info: Starting simplex phase II
│   algorithm = :dual
│   iter = 0
└   time = 0.0022671
[ Info: Starting postsolve cleanup on original LP
[ Info: iter=0 obj=-1.0 pinf=0.0 (0) dinf=0.0 (0) time=0.0042309s
[ Info: Starting primal postsolve cleanup from feasible basis
[ Info: Solve finished: status=OPTIMAL objective=-1.0 iterations=0 time=0.005259s
[ Info: Loaded problem: rows=0 columns=1 nnz=0
[ Info: Solve finished: status=MIP_NOT_SUPPORTED reason=discrete domains require relax_integrality=true iterations=0 time=0.0005325s
[ Info: Loaded problem: rows=0 columns=1 nnz=0
[ Info: Starting presolve
[ Info: After presolve: rows=0 columns=0 nnz=0
┌ Info: Starting simplex phase II
│   algorithm = :dual
│   iter = 0
└   time = 0.0030371
[ Info: Starting postsolve cleanup on original LP
[ Info: iter=0 obj=0.25 pinf=0.0 (0) dinf=0.0 (0) time=0.004932s
[ Info: Starting primal postsolve cleanup from feasible basis
[ Info: Solve finished: status=OPTIMAL objective=0.25 iterations=0 time=0.0059352s
[ Info: Loaded problem: rows=0 columns=1 nnz=0
[ Info: Solve finished: status=MIP_NOT_SUPPORTED reason=discrete domains require relax_integrality=true iterations=0 time=0.0004915s
[ Info: Loaded problem: rows=0 columns=1 nnz=0
[ Info: Solve finished: status=INVALID_MODEL reason=binary variable bounds must intersect [0, 1] iterations=0 time=0.0004804s
[ Info: Loaded problem: rows=0 columns=1 nnz=0
[ Info: Solve finished: status=INVALID_MODEL reason=binary variable bounds must intersect [0, 1] iterations=0 time=0.0005137s
[ Info: Loaded problem: rows=0 columns=1 nnz=0
[ Info: Solve finished: status=INVALID_MODEL reason=binary variable bounds must intersect [0, 1] iterations=0 time=0.0004888s
[ Info: Loaded problem: rows=0 columns=1 nnz=0
[ Info: Solve finished: status=INVALID_MODEL reason=binary variable bounds must intersect [0, 1] iterations=0 time=0.0004921s
[ Info: Loaded problem: rows=1 columns=1 nnz=1
[ Info: Starting presolve
[ Info: After presolve: rows=0 columns=0 nnz=0
┌ Info: Starting simplex phase II
│   algorithm = :dual
│   iter = 0
└   time = 0.004124001
[ Info: Starting postsolve cleanup on original LP
[ Info: iter=0 obj=1.0 pinf=0.0 (0) dinf=0.0 (0) time=0.007164901s
[ Info: Starting primal postsolve cleanup from feasible basis
[ Info: Solve finished: status=OPTIMAL objective=1.0 iterations=0 time=0.008576001s
[ Info: Loaded problem: rows=1 columns=2 nnz=2
[ Info: Starting presolve
[ Info: After presolve: rows=1 columns=2 nnz=2
┌ Info: Starting simplex phase II
│   algorithm = :dual
│   iter = 0
└   time = 0.0049925
[ Info: iter=0 obj=0.0 pinf=1.0 (1) dinf=0.0 (0) time=0.0066981s
[ Info: Solve finished: status=NUMERICAL_ERROR reason=ZeroPivotException: factorization encountered one or more zero pivots. Consider switching to a pivoted LU factorization. iterations=0 time=0.0084799s
[ Info: Loaded problem: rows=1 columns=1 nnz=1
[ Info: Starting presolve
[ Info: After presolve: rows=0 columns=0 nnz=0
┌ Info: Starting simplex phase II
│   algorithm = :dual
│   iter = 0
└   time = 0.0032583
[ Info: Starting postsolve cleanup on original LP
[ Info: iter=0 obj=1.0 pinf=0.0 (0) dinf=0.0 (0) time=0.0064496s
[ Info: Starting primal postsolve cleanup from feasible basis
[ Info: Solve finished: status=OPTIMAL objective=1.0 iterations=0 time=0.0078123s
[ Info: Loaded problem: rows=1 columns=2 nnz=2
[ Info: Starting presolve
[ Info: After presolve: rows=1 columns=2 nnz=2
┌ Info: Starting simplex phase II
│   algorithm = :dual
│   iter = 0
└   time = 0.004721501
[ Info: iter=0 obj=0.0 pinf=1.0 (1) dinf=0.0 (0) time=0.006451801s
[ Info: Solve finished: status=NUMERICAL_ERROR reason=ZeroPivotException: factorization encountered one or more zero pivots. Consider switching to a pivoted LU factorization. iterations=0 time=0.008087401s
[ Info: Loaded problem: rows=1 columns=2 nnz=2
[ Info: Starting presolve
[ Info: After presolve: rows=1 columns=2 nnz=2
┌ Info: Starting simplex phase II
│   algorithm = :dual
│   iter = 0
└   time = 0.004819901
[ Info: Solve finished: status=OPTIMAL objective=8.0 iterations=1 time=0.007663001s
[ Info: Loaded problem: rows=1 columns=2 nnz=2
[ Info: Starting presolve
[ Info: After presolve: rows=1 columns=2 nnz=2
┌ Info: Starting simplex phase II
│   algorithm = :dual
│   iter = 0
└   time = 0.0045639
[ Info: Solve finished: status=OPTIMAL objective=8.0 iterations=1 time=0.007861301s
[ Info: Loaded problem: rows=1 columns=2 nnz=2
[ Info: Starting presolve
[ Info: After presolve: rows=1 columns=2 nnz=2
┌ Info: Starting simplex phase II
│   algorithm = :dual
│   iter = 0
└   time = 0.0074859
[ Info: Starting postsolve cleanup on original LP
[ Info: iter=1 obj=10.0 pinf=0.0 (0) dinf=1.0 (1) time=0.012814001s
[ Info: iter=1 obj=13.0 pinf=0.0 (0) dinf=0.0 (0) time=0.014248901s
[ Info: Projected postsolve basis: exchanges=1
[ Info: Starting primal postsolve cleanup from feasible basis
[ Info: Solve finished: status=OPTIMAL objective=13.0 iterations=1 time=0.015989501s
[ Info: Loaded problem: rows=1 columns=2 nnz=2
[ Info: Starting presolve
[ Info: After presolve: rows=1 columns=2 nnz=2
┌ Info: Starting simplex phase II
│   algorithm = :dual
│   iter = 0
└   time = 0.0069723
[ Info: Starting postsolve cleanup on original LP
[ Info: iter=1 obj=10.0 pinf=0.0 (0) dinf=1.0 (1) time=0.012055901s
[ Info: iter=1 obj=13.0 pinf=0.0 (0) dinf=0.0 (0) time=0.013409801s
[ Info: Projected postsolve basis: exchanges=1
[ Info: Starting primal postsolve cleanup from feasible basis
[ Info: Solve finished: status=OPTIMAL objective=13.0 iterations=1 time=0.015129801s
[ Info: Loaded problem: rows=4 columns=4 nnz=4
[ Info: Solve finished: status=MIP_NOT_SUPPORTED reason=discrete domains require relax_integrality=true iterations=0 time=0.0010542s
[ Info: Loaded problem: rows=4 columns=4 nnz=4
[ Info: Starting presolve
[ Info: After presolve: rows=0 columns=0 nnz=0
┌ Info: Starting simplex phase II
│   algorithm = :dual
│   iter = 0
└   time = 0.0042893
[ Info: Starting postsolve cleanup on original LP
[ Info: iter=0 obj=0.5 pinf=0.0 (0) dinf=0.0 (0) time=0.0080947s
[ Info: Starting primal postsolve cleanup from feasible basis
[ Info: Solve finished: status=OPTIMAL objective=0.5 iterations=0 time=0.0106482s
[ Info: Loaded problem: rows=4 columns=4 nnz=4
[ Info: Solve finished: status=MIP_NOT_SUPPORTED reason=discrete domains require relax_integrality=true iterations=0 time=0.000599s
[ Info: Loaded problem: rows=1 columns=1 nnz=1
[ Info: Solve finished: status=INVALID_MODEL reason=objective coefficients must be finite iterations=0 time=0.0004854s
[ Info: Loaded problem: rows=1 columns=1 nnz=1
[ Info: Solve finished: status=INVALID_MODEL reason=objective length must equal the number of columns iterations=0 time=0.0024768s
[ Info: Loaded problem: rows=1 columns=1 nnz=1
[ Info: Solve finished: status=ALGORITHM_NOT_SUPPORTED reason=only the dual and primal simplex algorithms are supported iterations=0 time=0.0004293s
[ Info: Loaded problem: rows=1 columns=1 nnz=1
[ Info: Solve finished: status=ALGORITHM_NOT_SUPPORTED reason=only the dual and primal simplex algorithms are supported iterations=0 time=0.0004175s
[ Info: Loaded problem: rows=2 columns=2 nnz=4
[ Info: Solve finished: status=TIME_LIMIT reason=time limit reached iterations=0 time=0.0004725s
[ Info: Loaded problem: rows=2 columns=2 nnz=4
[ Info: Solve finished: status=TIME_LIMIT reason=time limit reached iterations=0 time=0.0004414s
[ Info: Loaded problem: rows=2 columns=2 nnz=4
[ Info: Solve finished: status=TIME_LIMIT reason=time limit reached iterations=0 time=0.0004395s
[ Info: Loaded problem: rows=2 columns=2 nnz=4
[ Info: Solve finished: status=TIME_LIMIT reason=time limit reached iterations=0 time=0.0004511s
[ Info: Loaded problem: rows=2 columns=2 nnz=4
[ Info: Solve finished: status=TIME_LIMIT reason=time limit reached iterations=0 time=0.0004884s
[ Info: Loaded problem: rows=2 columns=2 nnz=4
[ Info: Solve finished: status=TIME_LIMIT reason=time limit reached iterations=0 time=0.0004428s
[ Info: Loaded problem: rows=0 columns=1 nnz=0
[ Info: Solve finished: status=TIME_LIMIT reason=time limit reached iterations=0 time=0.0009045s
[ Info: Loaded problem: rows=0 columns=1 nnz=0
[ Info: Solve finished: status=TIME_LIMIT reason=time limit reached iterations=0 time=0.0004281s
[ Info: Loaded problem: rows=0 columns=1 nnz=0
[ Info: Solve finished: status=TIME_LIMIT reason=time limit reached iterations=0 time=0.0007044s
[ Info: Loaded problem: rows=2 columns=2 nnz=4
[ Info: Solve finished: status=TIME_LIMIT reason=time limit reached iterations=0 time=0.0004443s
[ Info: Loaded problem: rows=2 columns=2 nnz=4
[ Info: Starting presolve
[ Info: After presolve: rows=2 columns=2 nnz=4
┌ Info: Starting simplex phase II
│   algorithm = :dual
│   iter = 0
└   time = 0.006635401
[ Info: Solve finished: status=ITERATION_LIMIT reason=iteration limit reached iterations=0 time=0.007186301s
[ Info: Loaded problem: rows=2 columns=2 nnz=4
[ Info: Starting presolve
[ Info: After presolve: rows=2 columns=2 nnz=4
┌ Info: Starting simplex phase II
│   algorithm = :dual
│   iter = 0
└   time = 0.0071225
[ Info: iter=1 obj=4.0 pinf=2.0 (1) dinf=0.0 (0) time=0.0094999s
[ Info: Solve finished: status=ITERATION_LIMIT reason=iteration limit reached iterations=1 time=0.009863201s
[ Info: Loaded problem: rows=2 columns=2 nnz=4
[ Info: Starting presolve
[ Info: After presolve: rows=2 columns=2 nnz=4
┌ Info: Starting simplex phase II
│   algorithm = :dual
│   iter = 0
└   time = 0.0061527
[ Info: iter=1 obj=4.0 pinf=2.0 (1) dinf=0.0 (0) time=0.0083851s
[ Info: iter=2 obj=5.0 pinf=0.0 (0) dinf=0.0 (0) time=0.0106339s
[ Info: Solve finished: status=OPTIMAL objective=5.0 iterations=2 time=0.0133357s
[ Info: Loaded problem: rows=0 columns=1 nnz=0
[ Info: Starting presolve
[ Info: After presolve: rows=0 columns=0 nnz=0
┌ Info: Starting simplex phase II
│   algorithm = :dual
│   iter = 0
└   time = 0.0022563
[ Info: Starting postsolve cleanup on original LP
[ Info: iter=0 obj=0.0 pinf=0.0 (0) dinf=0.0 (0) time=0.0041822s
[ Info: Starting primal postsolve cleanup from feasible basis
[ Info: Solve finished: status=OPTIMAL objective=0.0 iterations=0 time=0.0052585s
[ Info: Loaded problem: rows=1 columns=1 nnz=1
[ Info: Starting presolve
[ Info: After presolve: rows=0 columns=1 nnz=0
[ Info: Solve finished: status=INFEASIBLE reason=singleton row 1 contradicts column bounds iterations=0 time=0.001912501s
[ Info: Loaded problem: rows=0 columns=1 nnz=0
[ Info: Starting presolve
[ Info: After presolve: rows=0 columns=1 nnz=0
┌ Info: Starting simplex phase II
│   algorithm = :dual
│   iter = 0
└   time = 0.0022933
[ Info: Solve finished: status=UNBOUNDED reason=unbounded improving direction iterations=0 time=0.0026472s
[ Info: Loaded problem: rows=1 columns=2 nnz=2
[ Info: Starting presolve
[ Info: After presolve: rows=1 columns=2 nnz=2
┌ Info: Starting simplex phase II
│   algorithm = :dual
│   iter = 0
└   time = 0.0044903
[ Info: iter=0 obj=0.0 pinf=1.0 (1) dinf=0.0 (0) time=0.0061048s
[ Info: Solve finished: status=NUMERICAL_ERROR reason=ZeroPivotException: factorization encountered one or more zero pivots. Consider switching to a pivoted LU factorization. iterations=0 time=0.007962s
[ Info: Loaded problem: rows=0 columns=1 nnz=0
[ Info: Starting presolve
[ Info: After presolve: rows=0 columns=1 nnz=0
┌ Info: Starting simplex phase II
│   algorithm = :dual
│   iter = 0
└   time = 0.005739201
[ Info: Solve finished: status=NUMERICAL_ERROR reason=non-finite simplex iterate iterations=0 time=0.006169701s
[ Info: Loaded problem: rows=3 columns=2 nnz=4
[ Info: Starting presolve
[ Info: After presolve: rows=1 columns=2 nnz=2
┌ Info: Starting simplex phase II
│   algorithm = :dual
│   iter = 0
└   time = 0.007549
[ Info: Starting postsolve cleanup on original LP
[ Info: iter=1 obj=-9.666667 pinf=0.0 (0) dinf=0.0 (0) time=0.013972701s
[ Info: Starting primal postsolve cleanup from feasible basis
[ Info: Solve finished: status=OPTIMAL objective=-9.666667 iterations=1 time=0.016275801s
[ Info: Loaded problem: rows=3 columns=2 nnz=4
[ Info: Starting presolve
[ Info: After presolve: rows=1 columns=2 nnz=2
┌ Info: Starting simplex phase II
│   algorithm = :dual
│   iter = 0
└   time = 0.007254601
[ Info: Starting postsolve cleanup on original LP
[ Info: iter=1 obj=-9.666666666666666 pinf=0.0 (0) dinf=0.0 (0) time=0.013415801s
[ Info: Starting primal postsolve cleanup from feasible basis
[ Info: Solve finished: status=OPTIMAL objective=-9.666666666666666 iterations=1 time=0.015530601s
[ Info: Loaded problem: rows=3 columns=2 nnz=4
[ Info: Starting presolve
[ Info: After presolve: rows=1 columns=2 nnz=2
┌ Info: Starting simplex phase II
│   algorithm = :dual
│   iter = 0
└   time = 0.011528601
[ Info: Starting postsolve cleanup on original LP
[ Info: iter=1 obj=-9.666666666666666666666666666666666666666666666666666666666666666666666666666575 pinf=0.0 (0) dinf=0.0 (0) time=0.022037502s
[ Info: Starting primal postsolve cleanup from feasible basis
[ Info: Solve finished: status=OPTIMAL objective=-9.666666666666666666666666666666666666666666666666666666666666666666666666666713 iterations=1 time=0.025059902s
[ Info: Loaded problem: rows=3 columns=2 nnz=4
[ Info: Starting presolve
[ Info: After presolve: rows=1 columns=2 nnz=2
┌ Info: Starting simplex phase II
│   algorithm = :dual
│   iter = 0
└   time = 0.008141101
[ Info: Starting postsolve cleanup on original LP
[ Info: iter=1 obj=-29//3 pinf=0//1 (0) dinf=0//1 (0) time=0.020900802s
[ Info: Starting primal postsolve cleanup from feasible basis
[ Info: Solve finished: status=OPTIMAL objective=-29//3 iterations=1 time=0.023826502s
[ Info: Loaded problem: rows=3 columns=2 nnz=4
[ Info: Starting presolve
[ Info: After presolve: rows=1 columns=2 nnz=2
┌ Info: Starting simplex phase II
│   algorithm = :dual
│   iter = 0
└   time = 0.008676401
[ Info: Starting postsolve cleanup on original LP
[ Info: iter=1 obj=-29//3 pinf=0//1 (0) dinf=0//1 (0) time=0.018851201s
[ Info: Starting primal postsolve cleanup from feasible basis
[ Info: Solve finished: status=OPTIMAL objective=-29//3 iterations=1 time=0.021942401s
[ Info: Loaded problem: rows=1 columns=1 nnz=1
[ Info: Starting presolve
[ Info: After presolve: rows=0 columns=0 nnz=0
┌ Info: Starting simplex phase II
│   algorithm = :dual
│   iter = 0
└   time = 0.005407301
[ Info: Starting postsolve cleanup on original LP
[ Info: iter=0 obj=11//4 pinf=0//1 (0) dinf=0//1 (0) time=0.009747001s
[ Info: Starting primal postsolve cleanup from feasible basis
[ Info: Solve finished: status=OPTIMAL objective=11//4 iterations=0 time=0.011654701s
[ Info: Loaded problem: rows=1 columns=1 nnz=1
[ Info: Starting presolve
[ Info: After presolve: rows=0 columns=1 nnz=0
[ Info: Solve finished: status=INFEASIBLE reason=singleton row 1 contradicts column bounds iterations=0 time=0.0020101s
[ Info: Loaded problem: rows=0 columns=1 nnz=0
[ Info: Starting presolve
[ Info: After presolve: rows=0 columns=1 nnz=0
┌ Info: Starting simplex phase II
│   algorithm = :dual
│   iter = 0
└   time = 0.0028173
[ Info: Solve finished: status=UNBOUNDED reason=unbounded improving direction iterations=0 time=0.0031749s
[ Info: Loaded problem: rows=2 columns=2 nnz=4
[ Info: Starting presolve
[ Info: After presolve: rows=2 columns=2 nnz=4
┌ Info: Starting simplex phase II
│   algorithm = :dual
│   iter = 0
└   time = 0.0065143
[ Info: Solve finished: status=ITERATION_LIMIT reason=iteration limit reached iterations=0 time=0.0070688s
[ Info: Loaded problem: rows=2 columns=2 nnz=4
[ Info: Solve finished: status=TIME_LIMIT reason=time limit reached iterations=0 time=0.0004833s
[ Info: Loaded problem: rows=0 columns=1 nnz=0
[ Info: Solve finished: status=MIP_NOT_SUPPORTED reason=discrete domains require relax_integrality=true iterations=0 time=0.0004302s
[ Info: Loaded problem: rows=2 columns=2 nnz=4
[ Info: Solve finished: status=ALGORITHM_NOT_SUPPORTED reason=only the dual and primal simplex algorithms are supported iterations=0 time=0.0004563s
[ Info: Loaded problem: rows=2 columns=2 nnz=4
[ Info: Solve finished: status=INVALID_MODEL reason=objective length must equal the number of columns iterations=0 time=0.0004023s
[ Info: Loaded problem: rows=1 columns=2 nnz=2
[ Info: Starting presolve
[ Info: After presolve: rows=1 columns=2 nnz=2
┌ Info: Starting simplex phase II
│   algorithm = :dual
│   iter = 0
└   time = 0.004361401
[ Info: iter=0 obj=0.0 pinf=1.0 (1) dinf=0.0 (0) time=0.006044901s
[ Info: Solve finished: status=NUMERICAL_ERROR reason=ZeroPivotException: factorization encountered one or more zero pivots. Consider switching to a pivoted LU factorization. iterations=0 time=0.008404701s
[ Info: Loaded problem: rows=2 columns=2 nnz=4
[ Info: Starting presolve
[ Info: After presolve: rows=2 columns=2 nnz=4
┌ Info: Starting simplex phase II
│   algorithm = :dual
│   iter = 0
└   time = 0.0075007
[ Info: iter=1 obj=4.0 pinf=2.0 (1) dinf=0.0 (0) time=0.0097102s
[ Info: iter=2 obj=5.0 pinf=0.0 (0) dinf=0.0 (0) time=0.011655801s
[ Info: Solve finished: status=OPTIMAL objective=5.0 iterations=2 time=0.013730901s
[ Info: Loaded problem: rows=0 columns=1 nnz=0
[ Info: Starting presolve
[ Info: After presolve: rows=0 columns=0 nnz=0
┌ Info: Starting simplex phase II
│   algorithm = :dual
│   iter = 0
└   time = 0.0025932
[ Info: Starting postsolve cleanup on original LP
[ Info: iter=0 obj=7.0 pinf=0.0 (0) dinf=0.0 (0) time=0.0051164s
[ Info: Starting primal postsolve cleanup from feasible basis
[ Info: Solve finished: status=OPTIMAL objective=7.0 iterations=0 time=0.0063305s
[ Info: Loaded problem: rows=0 columns=1 nnz=0
[ Info: Starting presolve
[ Info: After presolve: rows=0 columns=0 nnz=0
┌ Info: Starting simplex phase II
│   algorithm = :dual
│   iter = 0
└   time = 0.0022579
[ Info: Starting postsolve cleanup on original LP
[ Info: iter=0 obj=-1.0 pinf=0.0 (0) dinf=0.0 (0) time=0.004332201s
[ Info: Starting primal postsolve cleanup from feasible basis
[ Info: Solve finished: status=OPTIMAL objective=-1.0 iterations=0 time=0.005425701s
[ Info: Loaded problem: rows=1 columns=1 nnz=1
[ Info: Starting presolve
[ Info: After presolve: rows=0 columns=1 nnz=0
[ Info: Solve finished: status=INFEASIBLE reason=singleton row 1 contradicts column bounds iterations=0 time=0.0019139s
[ Info: Loaded problem: rows=0 columns=1 nnz=0
[ Info: Starting presolve
[ Info: After presolve: rows=0 columns=1 nnz=0
┌ Info: Starting simplex phase II
│   algorithm = :dual
│   iter = 0
└   time = 0.0025546
[ Info: Solve finished: status=UNBOUNDED reason=unbounded improving direction iterations=0 time=0.0028954s
[ Info: Loaded problem: rows=2 columns=2 nnz=4
[ Info: Starting presolve
[ Info: After presolve: rows=2 columns=2 nnz=4
┌ Info: Starting simplex phase II
│   algorithm = :dual
│   iter = 0
└   time = 0.006630901
[ Info: Solve finished: status=ITERATION_LIMIT reason=iteration limit reached iterations=0 time=0.007152901s
[ Info: Loaded problem: rows=2 columns=2 nnz=4
[ Info: Solve finished: status=TIME_LIMIT reason=time limit reached iterations=0 time=0.0004646s
[ Info: Loaded problem: rows=0 columns=1 nnz=0
[ Info: Solve finished: status=MIP_NOT_SUPPORTED reason=discrete domains require relax_integrality=true iterations=0 time=0.0004294s
[ Info: Loaded problem: rows=2 columns=2 nnz=4
[ Info: Solve finished: status=ALGORITHM_NOT_SUPPORTED reason=only the dual and primal simplex algorithms are supported iterations=0 time=0.0004664s
[ Info: Loaded problem: rows=2 columns=2 nnz=4
[ Info: Solve finished: status=INVALID_MODEL reason=objective length must equal the number of columns iterations=0 time=0.0004013s
[ Info: Loaded problem: rows=1 columns=2 nnz=2
[ Info: Starting presolve
[ Info: After presolve: rows=1 columns=2 nnz=2
┌ Info: Starting simplex phase II
│   algorithm = :dual
│   iter = 0
└   time = 0.0046621
[ Info: iter=0 obj=0.0 pinf=1.0 (1) dinf=0.0 (0) time=0.0064163s
[ Info: Solve finished: status=NUMERICAL_ERROR reason=ZeroPivotException: factorization encountered one or more zero pivots. Consider switching to a pivoted LU factorization. iterations=0 time=0.008386401s
[ Info: Loaded problem: rows=2 columns=2 nnz=4
[ Info: Starting presolve
[ Info: After presolve: rows=2 columns=2 nnz=4
┌ Info: Starting simplex phase II
│   algorithm = :dual
│   iter = 0
└   time = 0.0062882
[ Info: iter=1 obj=4.0 pinf=2.0 (1) dinf=0.0 (0) time=0.0086238s
[ Info: iter=2 obj=5.0 pinf=0.0 (0) dinf=0.0 (0) time=0.010871s
[ Info: Solve finished: status=OPTIMAL objective=5.0 iterations=2 time=0.0129474s
[ Info: Loaded problem: rows=0 columns=1 nnz=0
[ Info: Starting presolve
[ Info: After presolve: rows=0 columns=0 nnz=0
┌ Info: Starting simplex phase II
│   algorithm = :dual
│   iter = 0
└   time = 0.0037223
[ Info: Starting postsolve cleanup on original LP
[ Info: iter=0 obj=7.0 pinf=0.0 (0) dinf=0.0 (0) time=0.0058412s
[ Info: Starting primal postsolve cleanup from feasible basis
[ Info: Solve finished: status=OPTIMAL objective=7.0 iterations=0 time=0.0069329s
[ Info: Loaded problem: rows=0 columns=1 nnz=0
[ Info: Starting presolve
[ Info: After presolve: rows=0 columns=0 nnz=0
┌ Info: Starting simplex phase II
│   algorithm = :dual
│   iter = 0
└   time = 0.0021267
[ Info: Starting postsolve cleanup on original LP
[ Info: iter=0 obj=-1.0 pinf=0.0 (0) dinf=0.0 (0) time=0.0040105s
[ Info: Starting primal postsolve cleanup from feasible basis
[ Info: Solve finished: status=OPTIMAL objective=-1.0 iterations=0 time=0.0050315s
[ Info: Loaded problem: rows=1 columns=1 nnz=1
[ Info: Starting presolve
[ Info: After presolve: rows=0 columns=1 nnz=0
[ Info: Solve finished: status=INFEASIBLE reason=singleton row 1 contradicts column bounds iterations=0 time=0.0025333s
[ Info: Loaded problem: rows=0 columns=1 nnz=0
[ Info: Starting presolve
[ Info: After presolve: rows=0 columns=1 nnz=0
┌ Info: Starting simplex phase II
│   algorithm = :dual
│   iter = 0
└   time = 0.0037958
[ Info: Solve finished: status=UNBOUNDED reason=unbounded improving direction iterations=0 time=0.0041402s
[ Info: Loaded problem: rows=2 columns=2 nnz=4
[ Info: Starting presolve
[ Info: After presolve: rows=2 columns=2 nnz=4
┌ Info: Starting simplex phase II
│   algorithm = :dual
│   iter = 0
└   time = 0.010873101
[ Info: Solve finished: status=ITERATION_LIMIT reason=iteration limit reached iterations=0 time=0.011423901s
[ Info: Loaded problem: rows=2 columns=2 nnz=4
[ Info: Solve finished: status=TIME_LIMIT reason=time limit reached iterations=0 time=0.0008087s
[ Info: Loaded problem: rows=0 columns=1 nnz=0
[ Info: Solve finished: status=MIP_NOT_SUPPORTED reason=discrete domains require relax_integrality=true iterations=0 time=0.0007562s
[ Info: Loaded problem: rows=2 columns=2 nnz=4
[ Info: Solve finished: status=ALGORITHM_NOT_SUPPORTED reason=only the dual and primal simplex algorithms are supported iterations=0 time=0.0007679s
[ Info: Loaded problem: rows=2 columns=2 nnz=4
[ Info: Solve finished: status=INVALID_MODEL reason=objective length must equal the number of columns iterations=0 time=0.0007667s
[ Info: Loaded problem: rows=1 columns=2 nnz=2
[ Info: Starting presolve
[ Info: After presolve: rows=1 columns=2 nnz=2
┌ Info: Starting simplex phase II
│   algorithm = :dual
│   iter = 0
└   time = 0.005851801
[ Info: iter=0 obj=0.0 pinf=1.0 (1) dinf=0.0 (0) time=0.009083601s
[ Info: Solve finished: status=NUMERICAL_ERROR reason=ZeroPivotException: factorization encountered one or more zero pivots. Consider switching to a pivoted LU factorization. iterations=0 time=0.011656501s
[ Info: Loaded problem: rows=2 columns=2 nnz=4
[ Info: Starting presolve
[ Info: After presolve: rows=2 columns=2 nnz=4
┌ Info: Starting simplex phase II
│   algorithm = :dual
│   iter = 0
└   time = 0.008561201
[ Info: iter=1 obj=4.0 pinf=2.0 (1) dinf=0.0 (0) time=0.013615001s
[ Info: iter=2 obj=5.0 pinf=0.0 (0) dinf=0.0 (0) time=0.019390201s
[ Info: Solve finished: status=OPTIMAL objective=5.0 iterations=2 time=0.022406902s
[ Info: Loaded problem: rows=0 columns=1 nnz=0
[ Info: Starting presolve
[ Info: After presolve: rows=0 columns=0 nnz=0
┌ Info: Starting simplex phase II
│   algorithm = :dual
│   iter = 0
└   time = 0.0034843
[ Info: Starting postsolve cleanup on original LP
[ Info: iter=0 obj=7.0 pinf=0.0 (0) dinf=0.0 (0) time=0.0070437s
[ Info: Starting primal postsolve cleanup from feasible basis
[ Info: Solve finished: status=OPTIMAL objective=7.0 iterations=0 time=0.0086012s
[ Info: Loaded problem: rows=0 columns=1 nnz=0
[ Info: Starting presolve
[ Info: After presolve: rows=0 columns=0 nnz=0
┌ Info: Starting simplex phase II
│   algorithm = :dual
│   iter = 0
└   time = 0.0030011
[ Info: Starting postsolve cleanup on original LP
[ Info: iter=0 obj=-1.0 pinf=0.0 (0) dinf=0.0 (0) time=0.005947401s
[ Info: Starting primal postsolve cleanup from feasible basis
[ Info: Solve finished: status=OPTIMAL objective=-1.0 iterations=0 time=0.007398001s
[ Info: Loaded problem: rows=1 columns=1 nnz=1
[ Info: Starting presolve
[ Info: After presolve: rows=0 columns=1 nnz=0
[ Info: Solve finished: status=INFEASIBLE reason=singleton row 1 contradicts column bounds iterations=0 time=0.0020881s
[ Info: Loaded problem: rows=0 columns=1 nnz=0
[ Info: Starting presolve
[ Info: After presolve: rows=0 columns=1 nnz=0
┌ Info: Starting simplex phase II
│   algorithm = :dual
│   iter = 0
└   time = 0.003061101
[ Info: Solve finished: status=UNBOUNDED reason=unbounded improving direction iterations=0 time=0.003407501s
[ Info: Loaded problem: rows=2 columns=2 nnz=4
[ Info: Starting presolve
[ Info: After presolve: rows=2 columns=2 nnz=4
┌ Info: Starting simplex phase II
│   algorithm = :dual
│   iter = 0
└   time = 0.0079822
[ Info: Solve finished: status=ITERATION_LIMIT reason=iteration limit reached iterations=0 time=0.0086746s
[ Info: Loaded problem: rows=2 columns=2 nnz=4
[ Info: Solve finished: status=TIME_LIMIT reason=time limit reached iterations=0 time=0.000531s
[ Info: Loaded problem: rows=0 columns=1 nnz=0
[ Info: Solve finished: status=MIP_NOT_SUPPORTED reason=discrete domains require relax_integrality=true iterations=0 time=0.0004959s
[ Info: Loaded problem: rows=2 columns=2 nnz=4
[ Info: Solve finished: status=ALGORITHM_NOT_SUPPORTED reason=only the dual and primal simplex algorithms are supported iterations=0 time=0.0005853s
[ Info: Loaded problem: rows=2 columns=2 nnz=4
[ Info: Solve finished: status=INVALID_MODEL reason=objective length must equal the number of columns iterations=0 time=0.0004684s
[ Info: Loaded problem: rows=1 columns=2 nnz=2
[ Info: Starting presolve
[ Info: After presolve: rows=1 columns=2 nnz=2
┌ Info: Starting simplex phase II
│   algorithm = :dual
│   iter = 0
└   time = 0.0052175
[ Info: Solve finished: status=NUMERICAL_ERROR reason=ZeroPivotException: factorization encountered one or more zero pivots. Consider switching to a pivoted LU factorization. iterations=0 time=0.0081261s
[ Info: Loaded problem: rows=2 columns=2 nnz=4
[ Info: Starting presolve
[ Info: After presolve: rows=2 columns=2 nnz=4
┌ Info: Starting simplex phase II
│   algorithm = :dual
│   iter = 0
└   time = 0.008061501
[ Info: iter=1 obj=4//1 pinf=2//1 (1) dinf=0//1 (0) time=0.012671401s
[ Info: iter=2 obj=5//1 pinf=0//1 (0) dinf=0//1 (0) time=0.016638401s
[ Info: Solve finished: status=OPTIMAL objective=5//1 iterations=2 time=0.019881101s
[ Info: Loaded problem: rows=0 columns=1 nnz=0
[ Info: Starting presolve
[ Info: After presolve: rows=0 columns=0 nnz=0
┌ Info: Starting simplex phase II
│   algorithm = :dual
│   iter = 0
└   time = 0.0028331
[ Info: Starting postsolve cleanup on original LP
[ Info: iter=0 obj=7//1 pinf=0//1 (0) dinf=0//1 (0) time=0.0057952s
[ Info: Starting primal postsolve cleanup from feasible basis
[ Info: Solve finished: status=OPTIMAL objective=7//1 iterations=0 time=0.0073053s
[ Info: Loaded problem: rows=0 columns=1 nnz=0
[ Info: Starting presolve
[ Info: After presolve: rows=0 columns=0 nnz=0
┌ Info: Starting simplex phase II
│   algorithm = :dual
│   iter = 0
└   time = 0.0023746
[ Info: Starting postsolve cleanup on original LP
[ Info: iter=0 obj=-1//1 pinf=0//1 (0) dinf=0//1 (0) time=0.0050857s
[ Info: Starting primal postsolve cleanup from feasible basis
[ Info: Solve finished: status=OPTIMAL objective=-1//1 iterations=0 time=0.0065255s
[ Info: Loaded problem: rows=1 columns=2 nnz=2
[ Info: Starting presolve
[ Info: After presolve: rows=1 columns=2 nnz=2
┌ Info: Starting simplex phase I
│   algorithm = :dual
│   iter = 0
└   time = 0.0079419
[ Info: iter=1 obj=-6.0 pinf=0.0 (0) dinf=0.0 (0) time=0.012146701s
┌ Info: Starting simplex phase II
│   algorithm = :dual
│   iter = 1
└   time = 0.012600601
[ Info: Restarting simplex on original LP after NUMERICAL_ERROR: original-objective optimality certificate is inconclusive; completed iterations=1
┌ Info: Starting simplex phase I
│   algorithm = :dual
│   iter = 1
└   time = 0.018216901
[ Info: iter=2 obj=-6.0 pinf=0.0 (0) dinf=0.0 (0) time=0.022068401s
┌ Info: Starting simplex phase II
│   algorithm = :dual
│   iter = 2
└   time = 0.022444801
[ Info: Solve finished: status=OPTIMAL objective=-6.0 iterations=2 time=0.024076002s
[ Info: Loaded problem: rows=1 columns=2 nnz=2
[ Info: Starting presolve
[ Info: After presolve: rows=1 columns=2 nnz=2
┌ Info: Starting simplex phase I
│   algorithm = :dual
│   iter = 0
└   time = 0.0078495
[ Info: iter=1 obj=0.0 pinf=0.0 (0) dinf=0.0 (0) time=0.0096905s
[ Info: iter=1 obj=-6.0 pinf=0.0 (0) dinf=0.0 (0) time=0.0121433s
┌ Info: Starting simplex phase II
│   algorithm = :dual
│   iter = 1
└   time = 0.0125246
[ Info: Restarting simplex on original LP after NUMERICAL_ERROR: original-objective optimality certificate is inconclusive; completed iterations=1
┌ Info: Starting simplex phase I
│   algorithm = :dual
│   iter = 1
└   time = 0.015900401
[ Info: iter=2 obj=0.0 pinf=0.0 (0) dinf=0.0 (0) time=0.017833001s
[ Info: iter=2 obj=-6.0 pinf=0.0 (0) dinf=0.0 (0) time=0.020278801s
┌ Info: Starting simplex phase II
│   algorithm = :dual
│   iter = 2
└   time = 0.020660501
[ Info: Solve finished: status=OPTIMAL objective=-6.0 iterations=2 time=0.022407801s
[ Info: Loaded problem: rows=1 columns=2 nnz=2
[ Info: Starting presolve
[ Info: After presolve: rows=1 columns=2 nnz=2
┌ Info: Starting simplex phase I
│   algorithm = :dual
│   iter = 0
└   time = 0.007674701
[ Info: iter=1 obj=-6.0 pinf=0.0 (0) dinf=0.0 (0) time=0.011185401s
┌ Info: Starting simplex phase II
│   algorithm = :dual
│   iter = 1
└   time = 0.011604601
[ Info: Restarting simplex on original LP after NUMERICAL_ERROR: original-objective optimality certificate is inconclusive; completed iterations=1
┌ Info: Starting simplex phase I
│   algorithm = :dual
│   iter = 1
└   time = 0.014970101
[ Info: iter=2 obj=-6.0 pinf=0.0 (0) dinf=0.0 (0) time=0.018825301s
┌ Info: Starting simplex phase II
│   algorithm = :dual
│   iter = 2
└   time = 0.019197301
[ Info: Solve finished: status=OPTIMAL objective=-6.0 iterations=2 time=0.020826401s
[ Info: Loaded problem: rows=1 columns=2 nnz=2
[ Info: Starting presolve
[ Info: After presolve: rows=1 columns=2 nnz=2
┌ Info: Starting simplex phase I
│   algorithm = :dual
│   iter = 0
└   time = 0.0071845
[ Info: iter=1 obj=-6.0 pinf=0.0 (0) dinf=0.0 (0) time=0.0108125s
┌ Info: Starting simplex phase II
│   algorithm = :dual
│   iter = 1
└   time = 0.0112181
[ Info: Restarting simplex on original LP after NUMERICAL_ERROR: original-objective optimality certificate is inconclusive; completed iterations=1
┌ Info: Starting simplex phase I
│   algorithm = :dual
│   iter = 1
└   time = 0.015122001
[ Info: iter=2 obj=-6.0 pinf=0.0 (0) dinf=0.0 (0) time=0.018710801s
┌ Info: Starting simplex phase II
│   algorithm = :dual
│   iter = 2
└   time = 0.019081101
[ Info: Solve finished: status=OPTIMAL objective=-6.0 iterations=2 time=0.020702801s
[ Info: Loaded problem: rows=1 columns=2 nnz=2
[ Info: Starting presolve
[ Info: After presolve: rows=1 columns=2 nnz=2
┌ Info: Starting simplex phase I
│   algorithm = :dual
│   iter = 0
└   time = 0.0073247
[ Info: iter=1 obj=-6.0 pinf=0.0 (0) dinf=0.0 (0) time=0.010854601s
┌ Info: Starting simplex phase II
│   algorithm = :dual
│   iter = 1
└   time = 0.011248901
[ Info: Restarting simplex on original LP after NUMERICAL_ERROR: original-objective optimality certificate is inconclusive; completed iterations=1
┌ Info: Starting simplex phase I
│   algorithm = :dual
│   iter = 1
└   time = 0.014649501
[ Info: iter=2 obj=-6.0 pinf=0.0 (0) dinf=0.0 (0) time=0.018302801s
┌ Info: Starting simplex phase II
│   algorithm = :dual
│   iter = 2
└   time = 0.018673601
[ Info: Solve finished: status=OPTIMAL objective=-6.0 iterations=2 time=0.020369801s
[ Info: Loaded problem: rows=1 columns=2 nnz=2
[ Info: Starting presolve
[ Info: After presolve: rows=1 columns=2 nnz=2
┌ Info: Starting simplex phase I
│   algorithm = :dual
│   iter = 0
└   time = 0.009263501
[ Info: iter=1 obj=-6.0 pinf=0.0 (0) dinf=0.0 (0) time=0.013137501s
┌ Info: Starting simplex phase II
│   algorithm = :dual
│   iter = 1
└   time = 0.013535701
[ Info: Starting postsolve cleanup on original LP
[ Info: iter=1 obj=-1.333333333333333 pinf=0.0 (0) dinf=0.6666666666666667 (1) time=0.017709002s
[ Info: iter=1 obj=-6.0 pinf=0.0 (0) dinf=0.0 (0) time=0.019163002s
[ Info: Projected postsolve basis: exchanges=1
[ Info: Starting primal postsolve cleanup from feasible basis
[ Info: Solve finished: status=OPTIMAL objective=-6.0 iterations=1 time=0.020989202s
[ Info: Loaded problem: rows=1 columns=2 nnz=2
[ Info: Starting presolve
[ Info: After presolve: rows=1 columns=2 nnz=2
┌ Info: Starting simplex phase I
│   algorithm = :dual
│   iter = 0
└   time = 0.007394
[ Info: iter=1 obj=0.0 pinf=0.0 (0) dinf=0.0 (0) time=0.009718s
[ Info: iter=1 obj=-6.0 pinf=0.0 (0) dinf=0.0 (0) time=0.012292001s
┌ Info: Starting simplex phase II
│   algorithm = :dual
│   iter = 1
└   time = 0.012681301
[ Info: Starting postsolve cleanup on original LP
[ Info: iter=1 obj=-1.333333333333333 pinf=0.0 (0) dinf=0.6666666666666667 (1) time=0.017983801s
[ Info: iter=1 obj=-6.0 pinf=0.0 (0) dinf=0.0 (0) time=0.019600401s
[ Info: Projected postsolve basis: exchanges=1
[ Info: Starting primal postsolve cleanup from feasible basis
[ Info: Solve finished: status=OPTIMAL objective=-6.0 iterations=1 time=0.021391901s
[ Info: Loaded problem: rows=1 columns=2 nnz=2
[ Info: Starting presolve
[ Info: After presolve: rows=1 columns=2 nnz=2
┌ Info: Starting simplex phase I
│   algorithm = :dual
│   iter = 0
└   time = 0.007970601
[ Info: iter=1 obj=-6.0 pinf=0.0 (0) dinf=0.0 (0) time=0.011764601s
┌ Info: Starting simplex phase II
│   algorithm = :dual
│   iter = 1
└   time = 0.012146201
[ Info: Starting postsolve cleanup on original LP
[ Info: iter=1 obj=-1.333333333333333 pinf=0.0 (0) dinf=0.6666666666666667 (1) time=0.016057701s
[ Info: iter=1 obj=-6.0 pinf=0.0 (0) dinf=0.0 (0) time=0.017370001s
[ Info: Projected postsolve basis: exchanges=1
[ Info: Starting primal postsolve cleanup from feasible basis
[ Info: Solve finished: status=OPTIMAL objective=-6.0 iterations=1 time=0.019201102s
[ Info: Loaded problem: rows=1 columns=2 nnz=2
[ Info: Starting presolve
[ Info: After presolve: rows=1 columns=2 nnz=2
┌ Info: Starting simplex phase I
│   algorithm = :dual
│   iter = 0
└   time = 0.0084493
[ Info: iter=1 obj=-6.0 pinf=0.0 (0) dinf=0.0 (0) time=0.0121004s
┌ Info: Starting simplex phase II
│   algorithm = :dual
│   iter = 1
└   time = 0.012479
[ Info: Starting postsolve cleanup on original LP
[ Info: iter=1 obj=-1.333333333333333 pinf=0.0 (0) dinf=0.6666666666666667 (1) time=0.016341101s
[ Info: iter=1 obj=-6.0 pinf=0.0 (0) dinf=0.0 (0) time=0.017662801s
[ Info: Projected postsolve basis: exchanges=1
[ Info: Starting primal postsolve cleanup from feasible basis
[ Info: Solve finished: status=OPTIMAL objective=-6.0 iterations=1 time=0.019434001s
[ Info: Loaded problem: rows=1 columns=2 nnz=2
[ Info: Starting presolve
[ Info: After presolve: rows=1 columns=2 nnz=2
┌ Info: Starting simplex phase I
│   algorithm = :dual
│   iter = 0
└   time = 0.007779
[ Info: iter=1 obj=-6.0 pinf=0.0 (0) dinf=0.0 (0) time=0.011535901s
┌ Info: Starting simplex phase II
│   algorithm = :dual
│   iter = 1
└   time = 0.011918301
[ Info: Starting postsolve cleanup on original LP
[ Info: iter=1 obj=-1.333333333333333 pinf=0.0 (0) dinf=0.6666666666666667 (1) time=0.015857201s
[ Info: iter=1 obj=-6.0 pinf=0.0 (0) dinf=0.0 (0) time=0.017197101s
[ Info: Projected postsolve basis: exchanges=1
[ Info: Starting primal postsolve cleanup from feasible basis
[ Info: Solve finished: status=OPTIMAL objective=-6.0 iterations=1 time=0.019059501s
[ Info: Loaded problem: rows=1 columns=2 nnz=2
[ Info: Starting presolve
[ Info: After presolve: rows=1 columns=2 nnz=2
┌ Info: Starting simplex phase I
│   algorithm = :dual
│   iter = 0
└   time = 0.010110901
[ Info: iter=1 obj=-6.0 pinf=0.0 (0) dinf=0.0 (0) time=0.015610501s
┌ Info: Starting simplex phase II
│   algorithm = :dual
│   iter = 1
└   time = 0.016045601
[ Info: Starting postsolve cleanup on original LP
[ Info: iter=1 obj=-1.333333333333333333333333333333333333333333333333333333333333333333333333333356 pinf=0.0 (0) dinf=0.6666666666666666666666666666666666666666666666666666666666666666666666666666609 (1) time=0.021545802s
[ Info: iter=1 obj=-6.0 pinf=0.0 (0) dinf=0.0 (0) time=0.023474002s
[ Info: Projected postsolve basis: exchanges=1
[ Info: Starting primal postsolve cleanup from feasible basis
[ Info: Solve finished: status=OPTIMAL objective=-6.0 iterations=1 time=0.025812502s
[ Info: Loaded problem: rows=1 columns=2 nnz=2
[ Info: Starting presolve
[ Info: After presolve: rows=1 columns=2 nnz=2
┌ Info: Starting simplex phase I
│   algorithm = :dual
│   iter = 0
└   time = 0.010790001
[ Info: iter=1 obj=0.0 pinf=0.0 (0) dinf=0.0 (0) time=0.013960801s
[ Info: iter=1 obj=-6.0 pinf=0.0 (0) dinf=0.0 (0) time=0.016949401s
┌ Info: Starting simplex phase II
│   algorithm = :dual
│   iter = 1
└   time = 0.017347701
[ Info: Starting postsolve cleanup on original LP
[ Info: iter=1 obj=-1.333333333333333333333333333333333333333333333333333333333333333333333333333356 pinf=0.0 (0) dinf=0.6666666666666666666666666666666666666666666666666666666666666666666666666666609 (1) time=0.022781202s
[ Info: iter=1 obj=-6.0 pinf=0.0 (0) dinf=0.0 (0) time=0.024712002s
[ Info: Projected postsolve basis: exchanges=1
[ Info: Starting primal postsolve cleanup from feasible basis
[ Info: Solve finished: status=OPTIMAL objective=-6.0 iterations=1 time=0.027021402s
[ Info: Loaded problem: rows=1 columns=2 nnz=2
[ Info: Starting presolve
[ Info: After presolve: rows=1 columns=2 nnz=2
┌ Info: Starting simplex phase I
│   algorithm = :dual
│   iter = 0
└   time = 0.009428501
[ Info: iter=1 obj=-6.0 pinf=0.0 (0) dinf=0.0 (0) time=0.014761701s
┌ Info: Starting simplex phase II
│   algorithm = :dual
│   iter = 1
└   time = 0.015166501
[ Info: Starting postsolve cleanup on original LP
[ Info: iter=1 obj=-1.333333333333333333333333333333333333333333333333333333333333333333333333333356 pinf=0.0 (0) dinf=0.6666666666666666666666666666666666666666666666666666666666666666666666666666609 (1) time=0.020520401s
[ Info: iter=1 obj=-6.0 pinf=0.0 (0) dinf=0.0 (0) time=0.022286202s
[ Info: Projected postsolve basis: exchanges=1
[ Info: Starting primal postsolve cleanup from feasible basis
[ Info: Solve finished: status=OPTIMAL objective=-6.0 iterations=1 time=0.024677002s
[ Info: Loaded problem: rows=1 columns=2 nnz=2
[ Info: Starting presolve
[ Info: After presolve: rows=1 columns=2 nnz=2
┌ Info: Starting simplex phase I
│   algorithm = :dual
│   iter = 0
└   time = 0.0095032
[ Info: iter=1 obj=-6.0 pinf=0.0 (0) dinf=0.0 (0) time=0.014362601s
┌ Info: Starting simplex phase II
│   algorithm = :dual
│   iter = 1
└   time = 0.014756201
[ Info: Starting postsolve cleanup on original LP
[ Info: iter=1 obj=-1.333333333333333333333333333333333333333333333333333333333333333333333333333356 pinf=0.0 (0) dinf=0.6666666666666666666666666666666666666666666666666666666666666666666666666666609 (1) time=0.020702201s
[ Info: iter=1 obj=-6.0 pinf=0.0 (0) dinf=0.0 (0) time=0.023031701s
[ Info: Projected postsolve basis: exchanges=1
[ Info: Starting primal postsolve cleanup from feasible basis
[ Info: Solve finished: status=OPTIMAL objective=-6.0 iterations=1 time=0.025321001s
[ Info: Loaded problem: rows=1 columns=2 nnz=2
[ Info: Starting presolve
[ Info: After presolve: rows=1 columns=2 nnz=2
┌ Info: Starting simplex phase I
│   algorithm = :dual
│   iter = 0
└   time = 0.009518301
[ Info: iter=1 obj=-6.0 pinf=0.0 (0) dinf=0.0 (0) time=0.014385901s
┌ Info: Starting simplex phase II
│   algorithm = :dual
│   iter = 1
└   time = 0.014780501
[ Info: Starting postsolve cleanup on original LP
[ Info: iter=1 obj=-1.333333333333333333333333333333333333333333333333333333333333333333333333333356 pinf=0.0 (0) dinf=0.6666666666666666666666666666666666666666666666666666666666666666666666666666609 (1) time=0.020208802s
[ Info: iter=1 obj=-6.0 pinf=0.0 (0) dinf=0.0 (0) time=0.021978202s
[ Info: Projected postsolve basis: exchanges=1
[ Info: Starting primal postsolve cleanup from feasible basis
[ Info: Solve finished: status=OPTIMAL objective=-6.0 iterations=1 time=0.024628702s
[ Info: Loaded problem: rows=1 columns=2 nnz=2
[ Info: Starting presolve
[ Info: After presolve: rows=1 columns=2 nnz=2
┌ Info: Starting simplex phase II
│   algorithm = :dual
│   iter = 0
└   time = 0.009070401
[ Info: Starting postsolve cleanup on original LP
[ Info: iter=1 obj=-4//3 pinf=0//1 (0) dinf=2//3 (1) time=0.016649201s
[ Info: iter=1 obj=-6//1 pinf=0//1 (0) dinf=0//1 (0) time=0.018476001s
[ Info: Projected postsolve basis: exchanges=1
[ Info: Starting primal postsolve cleanup from feasible basis
[ Info: Solve finished: status=OPTIMAL objective=-6//1 iterations=1 time=0.020757802s
[ Info: Loaded problem: rows=1 columns=2 nnz=2
[ Info: Starting presolve
[ Info: After presolve: rows=1 columns=2 nnz=2
┌ Info: Starting simplex phase II
│   algorithm = :dual
│   iter = 0
└   time = 0.0081131
[ Info: iter=1 obj=-6//1 pinf=0//1 (0) dinf=0//1 (0) time=0.012338801s
[ Info: Starting postsolve cleanup on original LP
[ Info: iter=1 obj=-4//3 pinf=0//1 (0) dinf=2//3 (1) time=0.018158201s
[ Info: iter=1 obj=-6//1 pinf=0//1 (0) dinf=0//1 (0) time=0.020092401s
[ Info: Projected postsolve basis: exchanges=1
[ Info: Starting primal postsolve cleanup from feasible basis
[ Info: Solve finished: status=OPTIMAL objective=-6//1 iterations=1 time=0.022366301s
[ Info: Loaded problem: rows=1 columns=2 nnz=2
[ Info: Starting presolve
[ Info: After presolve: rows=1 columns=2 nnz=2
┌ Info: Starting simplex phase II
│   algorithm = :dual
│   iter = 0
└   time = 0.008211901
CHECK native_artificial_row
CHECK legacy_primal_direction_price
CHECK legacy_primal_correlated_pivot
CHECK legacy_primal_residual_probe
CHECK simplex_phase_logging
CHECK simplex_precision_phase
[ Info: Starting postsolve cleanup on original LP
[ Info: iter=1 obj=-4//3 pinf=0//1 (0) dinf=2//3 (1) time=0.015484101s
[ Info: iter=1 obj=-6//1 pinf=0//1 (0) dinf=0//1 (0) time=0.017277301s
[ Info: Projected postsolve basis: exchanges=1
[ Info: Starting primal postsolve cleanup from feasible basis
[ Info: Solve finished: status=OPTIMAL objective=-6//1 iterations=1 time=0.019623602s
[ Info: Loaded problem: rows=1 columns=2 nnz=2
[ Info: Starting presolve
[ Info: After presolve: rows=1 columns=2 nnz=2
┌ Info: Starting simplex phase II
│   algorithm = :dual
│   iter = 0
└   time = 0.0090573
[ Info: Starting postsolve cleanup on original LP
[ Info: iter=1 obj=-4//3 pinf=0//1 (0) dinf=2//3 (1) time=0.016304601s
[ Info: iter=1 obj=-6//1 pinf=0//1 (0) dinf=0//1 (0) time=0.018261801s
[ Info: Projected postsolve basis: exchanges=1
[ Info: Starting primal postsolve cleanup from feasible basis
[ Info: Solve finished: status=OPTIMAL objective=-6//1 iterations=1 time=0.020631901s
[ Info: Loaded problem: rows=1 columns=2 nnz=2
[ Info: Starting presolve
[ Info: After presolve: rows=1 columns=2 nnz=2
┌ Info: Starting simplex phase II
│   algorithm = :dual
│   iter = 0
└   time = 0.007922901
[ Info: Starting postsolve cleanup on original LP
[ Info: iter=1 obj=-4//3 pinf=0//1 (0) dinf=2//3 (1) time=0.016912001s
[ Info: iter=1 obj=-6//1 pinf=0//1 (0) dinf=0//1 (0) time=0.018689801s
[ Info: Projected postsolve basis: exchanges=1
[ Info: Starting primal postsolve cleanup from feasible basis
[ Info: Solve finished: status=OPTIMAL objective=-6//1 iterations=1 time=0.020956601s
[ Info: Loaded problem: rows=1 columns=2 nnz=2
[ Info: Starting presolve
[ Info: After presolve: rows=1 columns=2 nnz=2
┌ Info: Starting simplex phase I
│   algorithm = :dual
│   iter = 0
└   time = 0.0076835
[ Info: iter=1 obj=-6.0 pinf=0.0 (0) dinf=0.0 (0) time=0.0117191s
┌ Info: Starting simplex phase II
│   algorithm = :dual
│   iter = 1
└   time = 0.0121326
[ Info: Restarting simplex on original LP after NUMERICAL_ERROR: original-objective optimality certificate is inconclusive; completed iterations=1
┌ Info: Starting simplex phase I
│   algorithm = :dual
│   iter = 1
└   time = 0.015596801
[ Info: Solve finished: status=ITERATION_LIMIT reason=iteration limit reached iterations=1 time=0.016105801s
[ Info: Loaded problem: rows=2 columns=2 nnz=4
[ Info: Starting presolve
[ Info: After presolve: rows=2 columns=2 nnz=4
┌ Info: Starting simplex phase II
│   algorithm = :dual
│   iter = 0
└   time = 0.011250901
[ Info: iter=1 obj=-5.0 pinf=0.3333333 (1) dinf=0.0 (0) time=0.014120401s
[ Info: Restarting simplex on original LP after NUMERICAL_ERROR: dual feasibility lost; completed iterations=2
┌ Info: Starting simplex phase II
│   algorithm = :dual
│   iter = 2
└   time = 0.018335402
[ Info: iter=4 obj=12.000002 pinf=2.3841858e-7 (1) dinf=0.0 (0) time=0.022406502s
[ Info: Solve finished: status=NUMERICAL_ERROR reason=Original LP retry failed after NUMERICAL_ERROR (dual feasibility lost): floating row combination does not certify infeasibility iterations=4 time=0.023199902s
[ Info: Loaded problem: rows=2 columns=2 nnz=4
[ Info: Starting presolve
[ Info: After presolve: rows=1 columns=2 nnz=2
┌ Info: Starting simplex phase I
│   algorithm = :dual
│   iter = 0
└   time = 0.0080901
[ Info: iter=1 obj=2.0 pinf=0.0 (0) dinf=0.0 (0) time=0.013694401s
┌ Info: Starting simplex phase II
│   algorithm = :dual
│   iter = 1
└   time = 0.014091101
[ Info: Starting postsolve cleanup on original LP
[ Info: iter=1 obj=2.0 pinf=0.0 (0) dinf=0.0 (0) time=0.017961801s
[ Info: Starting primal postsolve cleanup from feasible basis
[ Info: Retrying postsolve cleanup from restored basis after NUMERICAL_ERROR: original-objective optimality certificate is inconclusive
[ Info: Starting postsolve cleanup on original LP
[ Info: iter=1 obj=2.0 pinf=0.0 (0) dinf=0.0 (0) time=0.021540001s
┌ Info: Starting simplex phase II
│   algorithm = :dual
│   iter = 1
└   time = 0.022314801
[ Info: Restarting simplex on original LP after NUMERICAL_ERROR: original-objective optimality certificate is inconclusive; completed iterations=1
┌ Info: Starting simplex phase I
│   algorithm = :dual
│   iter = 1
└   time = 0.026323602
[ Info: Solve finished: status=NUMERICAL_ERROR reason=Original LP retry failed after NUMERICAL_ERROR (original-objective optimality certificate is inconclusive): auxiliary direction has uncertain feasibility or objective improvement iterations=3 time=0.029515402s
[ Info: Loaded problem: rows=2 columns=2 nnz=4
[ Info: Starting presolve
[ Info: After presolve: rows=2 columns=2 nnz=4
┌ Info: Starting simplex phase II
│   algorithm = :dual
│   iter = 0
└   time = 0.050538103
[ Info: Starting postsolve cleanup on original LP
[ Info: iter=2 obj=12//1 pinf=0//1 (0) dinf=0//1 (0) time=0.065600804s
[ Info: Starting primal postsolve cleanup from feasible basis
[ Info: Solve finished: status=OPTIMAL objective=12//1 iterations=2 time=0.068265905s
[ Info: Loaded problem: rows=2 columns=2 nnz=4
[ Info: Starting presolve
[ Info: After presolve: rows=1 columns=2 nnz=2
┌ Info: Starting simplex phase I
│   algorithm = :dual
│   iter = 0
└   time = 0.0091708
[ Info: iter=1 obj=2//1 pinf=0//1 (0) dinf=0//1 (0) time=0.015486201s
┌ Info: Starting simplex phase II
│   algorithm = :dual
│   iter = 1
└   time = 0.015962701
[ Info: Starting postsolve cleanup on original LP
[ Info: iter=1 obj=2//1 pinf=0//1 (0) dinf=0//1 (0) time=0.022328201s
[ Info: Starting primal postsolve cleanup from feasible basis
[ Info: Solve finished: status=OPTIMAL objective=2//1 iterations=1 time=0.025769701s
[ Info: Loaded problem: rows=2 columns=2 nnz=4
[ Info: Starting presolve
[ Info: After presolve: rows=2 columns=2 nnz=4
┌ Info: Starting simplex phase I
│   algorithm = :dual
│   iter = 0
└   time = 0.008254901
[ Info: iter=2 obj=-1.7592186e13 pinf=0.0 (0) dinf=0.0 (0) time=0.014266101s
┌ Info: Starting simplex phase II
│   algorithm = :dual
│   iter = 2
└   time = 0.014695501
[ Info: Solve finished: status=NUMERICAL_ERROR reason=structural primal failed original-model feasibility checks iterations=2 time=0.016049601s
[ Info: Loaded problem: rows=2 columns=2 nnz=4
[ Info: Starting presolve
[ Info: After presolve: rows=2 columns=2 nnz=4
┌ Info: Starting simplex phase I
│   algorithm = :dual
│   iter = 0
└   time = 0.007743901
[ Info: iter=2 obj=-1.7592186044416062e13 pinf=0.0 (0) dinf=0.0 (0) time=0.017393801s
┌ Info: Starting simplex phase II
│   algorithm = :dual
│   iter = 2
└   time = 0.017831701
[ Info: Solve finished: status=NUMERICAL_ERROR reason=original-objective optimality certificate is inconclusive iterations=2 time=0.019689402s
[ Info: Loaded problem: rows=2 columns=2 nnz=4
[ Info: Starting presolve
[ Info: After presolve: rows=2 columns=2 nnz=4
┌ Info: Starting simplex phase I
│   algorithm = :dual
│   iter = 0
└   time = 0.012146901
[ Info: iter=2 obj=-1.7592186044416e13 pinf=0.0 (0) dinf=0.0 (0) time=0.022024001s
┌ Info: Starting simplex phase II
│   algorithm = :dual
│   iter = 2
└   time = 0.022517701
[ Info: Solve finished: status=OPTIMAL objective=-1.7592186044416e13 iterations=2 time=0.025663101s
[ Info: Loaded problem: rows=2 columns=2 nnz=4
[ Info: Starting presolve
[ Info: After presolve: rows=2 columns=2 nnz=4
┌ Info: Starting simplex phase I
│   algorithm = :dual
│   iter = 0
└   time = 0.0105869
[ Info: iter=2 obj=-17592186044416//1 pinf=0//1 (0) dinf=0//1 (0) time=0.019453401s
┌ Info: Starting simplex phase II
│   algorithm = :dual
│   iter = 2
└   time = 0.019961001
[ Info: Solve finished: status=OPTIMAL objective=-17592186044416//1 iterations=2 time=0.023244301s
[ Info: Loaded problem: rows=2 columns=2 nnz=4
[ Info: Starting presolve
[ Info: After presolve: rows=1 columns=1 nnz=1
[ Info: Solve finished: status=INFEASIBLE reason=row 1 contradicts current column bounds iterations=0 time=0.0062422s
[ Info: Loaded problem: rows=2 columns=2 nnz=4
[ Info: Starting presolve
[ Info: After presolve: rows=1 columns=1 nnz=1
[ Info: Solve finished: status=INFEASIBLE reason=row 1 contradicts current column bounds iterations=0 time=0.005081401s
[ Info: Loaded problem: rows=2 columns=3 nnz=4
[ Info: Starting presolve
[ Info: After presolve: rows=1 columns=2 nnz=1
[ Info: Solve finished: status=INFEASIBLE reason=row 1 contradicts current column bounds iterations=0 time=0.0056068s
[ Info: Loaded problem: rows=2 columns=3 nnz=4
[ Info: Starting presolve
[ Info: After presolve: rows=1 columns=2 nnz=1
[ Info: Solve finished: status=INFEASIBLE reason=row 1 contradicts current column bounds iterations=0 time=0.005906501s
[ Info: Loaded problem: rows=2 columns=2 nnz=4
[ Info: Starting presolve
[ Info: After presolve: rows=1 columns=1 nnz=1
[ Info: Solve finished: status=INFEASIBLE reason=row 1 contradicts current column bounds iterations=0 time=0.005303s
[ Info: Loaded problem: rows=2 columns=2 nnz=4
[ Info: Starting presolve
[ Info: After presolve: rows=1 columns=1 nnz=1
[ Info: Solve finished: status=INFEASIBLE reason=row 1 contradicts current column bounds iterations=0 time=0.0050068s
[ Info: Loaded problem: rows=2 columns=3 nnz=4
[ Info: Starting presolve
[ Info: After presolve: rows=1 columns=2 nnz=1
[ Info: Solve finished: status=INFEASIBLE reason=row 1 contradicts current column bounds iterations=0 time=0.0055702s
[ Info: Loaded problem: rows=2 columns=3 nnz=4
[ Info: Starting presolve
[ Info: After presolve: rows=1 columns=2 nnz=1
[ Info: Solve finished: status=INFEASIBLE reason=row 1 contradicts current column bounds iterations=0 time=0.0055593s
[ Info: Loaded problem: rows=2 columns=2 nnz=4
[ Info: Starting presolve
[ Info: After presolve: rows=1 columns=1 nnz=1
[ Info: Solve finished: status=INFEASIBLE reason=row 1 contradicts current column bounds iterations=0 time=0.011776001s
[ Info: Loaded problem: rows=2 columns=2 nnz=4
[ Info: Starting presolve
[ Info: After presolve: rows=1 columns=1 nnz=1
[ Info: Solve finished: status=INFEASIBLE reason=row 1 contradicts current column bounds iterations=0 time=0.006212601s
[ Info: Loaded problem: rows=2 columns=3 nnz=4
[ Info: Starting presolve
[ Info: After presolve: rows=1 columns=2 nnz=1
[ Info: Solve finished: status=INFEASIBLE reason=row 1 contradicts current column bounds iterations=0 time=0.0099871s
[ Info: Loaded problem: rows=2 columns=3 nnz=4
[ Info: Starting presolve
[ Info: After presolve: rows=1 columns=2 nnz=1
[ Info: Solve finished: status=INFEASIBLE reason=row 1 contradicts current column bounds iterations=0 time=0.0074683s
[ Info: Loaded problem: rows=2 columns=2 nnz=4
[ Info: Starting presolve
[ Info: After presolve: rows=0 columns=1 nnz=0
[ Info: Solve finished: status=INFEASIBLE reason=singleton row 2 contradicts column bounds iterations=0 time=0.0021615s
[ Info: Loaded problem: rows=2 columns=2 nnz=4
[ Info: Starting presolve
[ Info: After presolve: rows=0 columns=1 nnz=0
[ Info: Solve finished: status=INFEASIBLE reason=singleton row 2 contradicts column bounds iterations=0 time=0.001937s
[ Info: Loaded problem: rows=2 columns=3 nnz=4
[ Info: Starting presolve
[ Info: After presolve: rows=0 columns=2 nnz=0
[ Info: Solve finished: status=INFEASIBLE reason=singleton row 2 contradicts column bounds iterations=0 time=0.0021104s
[ Info: Loaded problem: rows=2 columns=3 nnz=4
[ Info: Starting presolve
[ Info: After presolve: rows=0 columns=2 nnz=0
[ Info: Solve finished: status=INFEASIBLE reason=singleton row 2 contradicts column bounds iterations=0 time=0.0023171s
[ Info: Loaded problem: rows=3 columns=4 nnz=6
[ Info: Starting presolve
[ Info: After presolve: rows=0 columns=0 nnz=0
┌ Info: Starting simplex phase II
│   algorithm = :dual
│   iter = 0
└   time = 0.019679501
[ Info: Starting postsolve cleanup on original LP
[ Info: iter=0 obj=0.0 pinf=0.0 (0) dinf=0.0 (0) time=0.025392901s
[ Info: Starting primal postsolve cleanup from feasible basis
[ Info: Solve finished: status=OPTIMAL objective=0.0 iterations=0 time=0.027997202s
[ Info: Loaded problem: rows=3 columns=4 nnz=6
[ Info: Starting presolve
[ Info: After presolve: rows=0 columns=0 nnz=0
┌ Info: Starting simplex phase II
│   algorithm = :dual
│   iter = 0
└   time = 0.0100966
[ Info: Starting postsolve cleanup on original LP
[ Info: iter=0 obj=0.0 pinf=0.0 (0) dinf=0.0 (0) time=0.014427301s
[ Info: Starting primal postsolve cleanup from feasible basis
[ Info: Solve finished: status=OPTIMAL objective=0.0 iterations=0 time=0.016959101s
[ Info: Loaded problem: rows=3 columns=4 nnz=6
[ Info: Starting presolve
[ Info: After presolve: rows=0 columns=0 nnz=0
┌ Info: Starting simplex phase II
│   algorithm = :dual
│   iter = 0
└   time = 0.008949201
[ Info: Starting postsolve cleanup on original LP
[ Info: iter=0 obj=0.0 pinf=0.0 (0) dinf=0.0 (0) time=0.013605901s
[ Info: Starting primal postsolve cleanup from feasible basis
[ Info: Solve finished: status=OPTIMAL objective=0.0 iterations=0 time=0.016181701s
[ Info: Loaded problem: rows=3 columns=4 nnz=6
[ Info: Starting presolve
[ Info: After presolve: rows=0 columns=0 nnz=0
┌ Info: Starting simplex phase II
│   algorithm = :dual
│   iter = 0
└   time = 0.008914501
[ Info: Starting postsolve cleanup on original LP
[ Info: iter=0 obj=0.0 pinf=0.0 (0) dinf=0.0 (0) time=0.013408301s
[ Info: Starting primal postsolve cleanup from feasible basis
[ Info: Solve finished: status=OPTIMAL objective=0.0 iterations=0 time=0.015906401s
[ Info: Loaded problem: rows=3 columns=4 nnz=6
[ Info: Starting presolve
[ Info: After presolve: rows=0 columns=0 nnz=0
┌ Info: Starting simplex phase II
│   algorithm = :dual
│   iter = 0
└   time = 0.0092425
[ Info: Starting postsolve cleanup on original LP
[ Info: iter=0 obj=0.0 pinf=0.0 (0) dinf=0.0 (0) time=0.014476701s
[ Info: Starting primal postsolve cleanup from feasible basis
[ Info: Solve finished: status=OPTIMAL objective=0.0 iterations=0 time=0.018079901s
[ Info: Loaded problem: rows=3 columns=4 nnz=6
[ Info: Starting presolve
[ Info: After presolve: rows=0 columns=0 nnz=0
┌ Info: Starting simplex phase II
│   algorithm = :dual
│   iter = 0
└   time = 0.008186001
[ Info: Starting postsolve cleanup on original LP
[ Info: iter=0 obj=0.0 pinf=0.0 (0) dinf=0.0 (0) time=0.012516201s
[ Info: Starting primal postsolve cleanup from feasible basis
[ Info: Solve finished: status=OPTIMAL objective=0.0 iterations=0 time=0.015764201s
[ Info: Loaded problem: rows=3 columns=4 nnz=6
[ Info: Starting presolve
[ Info: After presolve: rows=0 columns=0 nnz=0
┌ Info: Starting simplex phase II
│   algorithm = :dual
│   iter = 0
└   time = 0.008479501
[ Info: Starting postsolve cleanup on original LP
[ Info: iter=0 obj=0.0 pinf=0.0 (0) dinf=0.0 (0) time=0.013718901s
[ Info: Starting primal postsolve cleanup from feasible basis
[ Info: Solve finished: status=OPTIMAL objective=0.0 iterations=0 time=0.016078301s
[ Info: Loaded problem: rows=3 columns=4 nnz=6
[ Info: Starting presolve
[ Info: After presolve: rows=0 columns=0 nnz=0
┌ Info: Starting simplex phase II
│   algorithm = :dual
│   iter = 0
└   time = 0.008657701
[ Info: Starting postsolve cleanup on original LP
[ Info: iter=0 obj=0.0 pinf=0.0 (0) dinf=0.0 (0) time=0.014278401s
[ Info: Starting primal postsolve cleanup from feasible basis
[ Info: Solve finished: status=OPTIMAL objective=0.0 iterations=0 time=0.016597702s
[ Info: Loaded problem: rows=3 columns=4 nnz=6
[ Info: Starting presolve
[ Info: After presolve: rows=0 columns=0 nnz=0
┌ Info: Starting simplex phase II
│   algorithm = :dual
│   iter = 0
└   time = 0.016799601
[ Info: Starting postsolve cleanup on original LP
[ Info: iter=0 obj=1.0 pinf=0.0 (0) dinf=1.0 (1) time=0.026275801s
[ Info: iter=0 obj=0.0 pinf=0.0 (0) dinf=0.0 (0) time=0.030738902s
[ Info: Projected postsolve basis: exchanges=1
[ Info: Starting primal postsolve cleanup from feasible basis
[ Info: Solve finished: status=OPTIMAL objective=0.0 iterations=0 time=0.034149702s
[ Info: Loaded problem: rows=3 columns=4 nnz=6
[ Info: Starting presolve
[ Info: After presolve: rows=0 columns=0 nnz=0
┌ Info: Starting simplex phase II
│   algorithm = :dual
│   iter = 0
└   time = 0.009328101
[ Info: Starting postsolve cleanup on original LP
[ Info: iter=0 obj=1.0 pinf=0.0 (0) dinf=1.0 (1) time=0.016880801s
[ Info: iter=0 obj=0.0 pinf=0.0 (0) dinf=0.0 (0) time=0.020957402s
[ Info: Projected postsolve basis: exchanges=1
[ Info: Starting primal postsolve cleanup from feasible basis
[ Info: Solve finished: status=OPTIMAL objective=0.0 iterations=0 time=0.025086202s
[ Info: Loaded problem: rows=3 columns=4 nnz=6
[ Info: Starting presolve
[ Info: After presolve: rows=0 columns=0 nnz=0
┌ Info: Starting simplex phase II
│   algorithm = :dual
│   iter = 0
└   time = 0.010900901
[ Info: Starting postsolve cleanup on original LP
[ Info: iter=0 obj=-1.0 pinf=0.0 (0) dinf=1.0 (1) time=0.018759801s
[ Info: iter=0 obj=0.0 pinf=0.0 (0) dinf=0.0 (0) time=0.023128702s
[ Info: Projected postsolve basis: exchanges=1
[ Info: Starting primal postsolve cleanup from feasible basis
[ Info: Solve finished: status=OPTIMAL objective=0.0 iterations=0 time=0.027698302s
[ Info: Loaded problem: rows=3 columns=4 nnz=6
[ Info: Starting presolve
[ Info: After presolve: rows=0 columns=0 nnz=0
┌ Info: Starting simplex phase II
│   algorithm = :dual
│   iter = 0
└   time = 0.008893901
[ Info: Starting postsolve cleanup on original LP
[ Info: iter=0 obj=-1.0 pinf=0.0 (0) dinf=1.0 (1) time=0.018202201s
[ Info: iter=0 obj=0.0 pinf=0.0 (0) dinf=0.0 (0) time=0.021909702s
[ Info: Projected postsolve basis: exchanges=1
[ Info: Starting primal postsolve cleanup from feasible basis
[ Info: Solve finished: status=OPTIMAL objective=0.0 iterations=0 time=0.025258902s
[ Info: Loaded problem: rows=3 columns=4 nnz=6
[ Info: Starting presolve
[ Info: After presolve: rows=0 columns=0 nnz=0
┌ Info: Starting simplex phase II
│   algorithm = :dual
│   iter = 0
└   time = 0.015601001
[ Info: Starting postsolve cleanup on original LP
[ Info: iter=0 obj=1//1 pinf=0//1 (0) dinf=1//1 (1) time=0.024051002s
[ Info: iter=0 obj=0//1 pinf=0//1 (0) dinf=0//1 (0) time=0.028685902s
[ Info: Projected postsolve basis: exchanges=1
[ Info: Starting primal postsolve cleanup from feasible basis
[ Info: Solve finished: status=OPTIMAL objective=0//1 iterations=0 time=0.032991402s
[ Info: Loaded problem: rows=3 columns=4 nnz=6
[ Info: Starting presolve
[ Info: After presolve: rows=0 columns=0 nnz=0
┌ Info: Starting simplex phase II
│   algorithm = :dual
│   iter = 0
└   time = 0.007510801
[ Info: Starting postsolve cleanup on original LP
[ Info: iter=0 obj=1//1 pinf=0//1 (0) dinf=1//1 (1) time=0.016086902s
[ Info: iter=0 obj=0//1 pinf=0//1 (0) dinf=0//1 (0) time=0.019892602s
[ Info: Projected postsolve basis: exchanges=1
[ Info: Starting primal postsolve cleanup from feasible basis
[ Info: Solve finished: status=OPTIMAL objective=0//1 iterations=0 time=0.023513202s
[ Info: Loaded problem: rows=3 columns=4 nnz=6
[ Info: Starting presolve
[ Info: After presolve: rows=0 columns=0 nnz=0
┌ Info: Starting simplex phase II
│   algorithm = :dual
│   iter = 0
└   time = 0.008831601
[ Info: Starting postsolve cleanup on original LP
[ Info: iter=0 obj=-1//1 pinf=0//1 (0) dinf=1//1 (1) time=0.016672701s
[ Info: iter=0 obj=0//1 pinf=0//1 (0) dinf=0//1 (0) time=0.021672002s
[ Info: Projected postsolve basis: exchanges=1
[ Info: Starting primal postsolve cleanup from feasible basis
[ Info: Solve finished: status=OPTIMAL objective=0//1 iterations=0 time=0.026052802s
[ Info: Loaded problem: rows=3 columns=4 nnz=6
[ Info: Starting presolve
[ Info: After presolve: rows=0 columns=0 nnz=0
┌ Info: Starting simplex phase II
│   algorithm = :dual
│   iter = 0
└   time = 0.007319301
[ Info: Starting postsolve cleanup on original LP
[ Info: iter=0 obj=-1//1 pinf=0//1 (0) dinf=1//1 (1) time=0.016062201s
[ Info: iter=0 obj=0//1 pinf=0//1 (0) dinf=0//1 (0) time=0.019893301s
[ Info: Projected postsolve basis: exchanges=1
[ Info: Starting primal postsolve cleanup from feasible basis
[ Info: Solve finished: status=OPTIMAL objective=0//1 iterations=0 time=0.023643002s
ERROR: LoadError: Some tests did not pass: 15931 passed, 4 failed, 0 errored, 0 broken.
in expression starting at /home/jspitz/.codex/worktrees/adaptive-degeneracy/JSimplex.jl/diagnostics/adaptive-degeneracy/reproduce/presolve_tolerance_semantics.jl:3
Test Summary:                                                                  |  Pass  Fail  Total     Time
Presolve tolerance, certificates, and solver regressions                       | 15931     4  15935  3m00.5s
  Presolve does not reject a point within the configured primal tolerance      |    64           64     0.4s
  Presolve infeasibility proof uses original row and column units              |    44           44     0.1s
  Conclusive presolve contradictions and zero tolerance remain strict          |    33           33     0.1s
  Presolve proof bounds enclose rounding and overflow                          |    14           14     0.0s
  Presolve proof respects stop requests and relaxation domains                 |    11           11     0.0s
  Presolve proof preserves mixed-precision BigFloat enclosures                 |    17           17     0.0s
  Exact interval dispatch includes finite and unbounded endpoints              |   338          338     0.2s
  Aggregate presolve history preserves inferred restoration and ownership      |    72           72     0.3s
  Retry options retain concrete basis strategies and option values             |   582          582     0.1s
  Original LP retries preserve budgets and accumulated statistics              |    72           72     3.9s
  NetLib and MIPLib numerical regressions                                      |    96           96    40.3s
  Dual pivot consistency and simplex semantic regressions                      | 14588     4  14592  2m15.0s
    Dual cannot exchange a basic column for its exact duplicate                |    48           48     0.2s
    Failed dual pivot recovery remains bounded and unpublished                 |    80           80     0.2s
    Consistent small dual pivots retain the direct path                        |    60           60     0.1s
    Cancellation after dual refresh cannot publish a pivot                     |    28           28     0.1s
    Legacy dual corrects mild updated solve errors before refactorization      |    80           80     0.1s
    Native direction correction preserves a candidate when its pivot disagrees |     2            2     0.0s
    Legacy dual retains a basis after marginal working-price drift             |   160          160     0.1s
    Marginal price repair cannot hide larger errors or ignore cancellation     |    11           11     0.0s
    Working-cost repair preserves an original unbounded direction              |     3            3     0.0s
    Native price repair is independent of inactive perturbation policies       |     8            8     0.0s
    Cancellation inside native price repair cannot start higher precision      |     4            4     0.0s
    Native price repair is atomic and excludes original-cost phases            |     7            7     0.0s
    A corrected legacy cycle does not justify a longer update chain            |    11           11     0.0s
    Native correction also protects adaptive refactorization                   |     4            4     0.0s
    Legacy degeneracy preserves pricing and costs while feasibility improves   |    48           48     0.0s
    Legacy productive cycles respect the configured update ceiling             |   208          208     0.9s
    Corrected dual repricing rejects overflow before changing the basis        |     4            4     0.0s
    Legacy primal reconsiders stale rejections after a basis refresh           |     6            6     0.0s
    Certified forward small-pivot prices drive the dual update                 |    48           48     0.0s
    Certified small-pivot price with a preceding bound flip                    |    56           56     0.0s
    Dual pivot refreshes a stale floating basis before numerical failure       |     8            8     0.0s
    Dual pivot rejects a false nonzero direction from stale factors            |     6            6     0.0s
    Dual ratio test refreshes a row that native correction cannot repair       |     3            3     0.0s
    A clean cycle promptly restores a shortened refactorization interval       |    20           20     0.0s
    Legacy dual pivots retain the configured factorization ceiling             |    56           56     0.4s
    One inaccurate updated row does not shorten the configured interval        |    22           22     0.2s
    Repairs below the configured ceiling use the actual failed update counts   |   120          120     4.0s
    Dual direction refinement repairs a failed floating solve                  |     4            4     0.0s
    Failed dual pivot can refine its row, direction, and prices together       |    14           14     0.0s
    Small dual pivot checks the entering price before a cost shift             |    13           13     0.0s
    Dual pivot refreshes before applying bound flips                           |     6            6     0.0s
    Dual price refinement releases a harmful cost shift                        |    30           30     0.0s
    Dual pivot keeps a full-sized pivot with harmless solve roundoff           |     3            3     0.0s
    Dual feasibility is checked against a fresh factorization                  |    14           14     0.0s
    Ill-conditioned fresh basis does not invent dual infeasibility             |     8            8     0.0s
    Optimal results certify the original structural primal                     |    41           41     0.1s
    Caller callback exceptions retain their provenance                         |    30           30     0.1s
    Dual simplex core                                                          |     5            5     0.0s
    Rejected small pivots are numerical failures                               |    12           12     0.0s
    An auxiliary bound violation cannot certify an improving direction         |     3            3     0.0s
    Exact nonzero coefficients cannot certify impossible LP statuses           |    72           72     0.1s
    Scaling certifies a feasible zero-cost model with a tiny coefficient       |     6            6     0.0s
    Auxiliary workspaces own their factorization backend                       |     1            1     0.0s
    Recession certification rejects unresolved row dot products                |   156          156     0.4s
    Recession roundoff bounds preserve ambiguous and invalid directions        |     6            6     0.0s
    Phase I stops before either refactorization                                |    14           14     0.0s
    Feasibility restoration detects overflow from a bound flip                 |     3            3     0.0s
    Cost shifting respects upper, free, and fixed columns                      |    20           20     0.0s
    Iteration limits and deadline boundaries                                   |    39           39     0.0s
    Zero rows, zero variables, and objective result ownership                  |    39           39     0.0s
    Numerical failure classification                                           |    22           22     0.0s
    Bound flips and auxiliary dual feasibility                                 |   106          106     0.1s
    Recession direction requires primal feasibility                            |    12           12     0.0s
    Recession feasibility is certified in the original model                   |    32     4     36     0.1s
    Cost shifts preserve dual feasibility and are removed before certification |    13           13     0.0s
    Original costs are optimized from a perturbed primal-feasible basis        |    16           16     0.0s
    Dual edge selection and full pricing                                       |     7            7     0.0s
    Inaccurate dual steepest-edge weight restarts pricing with Devex           |     8            8     0.0s
    Non-finite DSE weights recover through Devex                               |     5            5     0.0s
    DSE update overflow includes the current pivot in Devex                    |     6            6     0.0s
    Legacy zero-step history does not perturb the LP                           |    14           14     0.0s
    Auxiliary dual iterations do not perturb costs across artificial bounds    |     6            6     0.0s
    Dual Devex reference weights                                               |    10           10     0.0s
    Pricing strategies update only their required weights                      |     8            8     0.0s
    Every pricing strategy solves an LP across scalar types                    |    36           36    12.0s
    Harris ratio test                                                          |     5            5     0.0s
    Bound-flipping dual ratio test                                             |    41           41     0.1s
    Exact pivot updates and periodic refactorization                           |    44           44     0.0s
    Parametric dual-simplex arithmetic                                         |   192          192     2.7s
    Rational pivots and feasibility use exact comparisons                      |    11           11     0.0s
    Overflowing Harris relaxation retains floating failure semantics           |    16           16     0.0s
    Infeasibility verification preserves pivot counts and caller control       |    33           33     0.0s
    Rounded ray objective improvement must exceed its uncertainty              |     2            2     0.0s
    Subnormal dot products cannot certify an increasing ray                    |    12           12     0.1s
    Floating row uncertainty is not a feasible recession direction             |    24           24     0.1s
    Conclusive recession signs respect row and column bounds                   |    48           48     0.2s
    Primal certification checks exact stored row activities                    |    16           16     0.0s
    Ambiguous floating row sums use a refined primal certificate               |     8            8     0.0s
    Absolute primal tolerance cannot be enlarged by subtraction rounding       |    24           24     0.0s
    Primal interval arithmetic encloses mixed precision and nonfinite inputs   |     7            7     0.0s
    Optimality certification includes canceled and basic reduced costs         |    14           14     0.0s
    Optimality uses original costs and actual bound complementarity            |    60           60     0.1s
    Dual ratio types, orientation and optional flips                           |    35           35     0.0s
    Stable dual bound flipping proposals                                       |    25           25     0.0s
    Exact dual ratio enumeration                                               |   204          204     0.4s
    Pivot agreement requires a separated, signed estimate                      |    10           10     0.0s
    Staged simplex application owns candidate state                            |   192          192     0.2s
    Pivot validation checks independent basis solves                           |    18           18     0.0s
    Logger failures preserve the count of committed steps                      |    14           14     0.0s
    Accurate small pivots work across scalar types                             |    32           32     0.1s
    Adaptive pivot validation is independently configurable                    |     4            4     0.0s
    Uncertain pivot solves receive bounded corrections                         |    40           40     0.1s
    Completion observers see an atomic simplex state                           |    22           22     0.0s
    Both algorithms refresh stale factors before application                   |    64           64     0.2s
    Cancellation rejects one pivot and selects another                         |    10           10     0.1s
    Rejection budgets preserve state and refresh cached policy                 |     8            8     0.0s
    Dual entry phase and simplex semantic regressions                          | 11402        11402  1m49.5s
RNG of the outermost testset: Random.Xoshiro(0xb45a5d2be117bb63, 0xff2a4e8cedfb8649, 0x5c264986de71f632, 0xe82d12593c5e8632, 0xd7d438e5a9d9c896)
