
Native point recovery certifies owned working bounds: Test Failed at /tmp/point_perturbation_probe.jl:24
  Expression: JSimplex._legacy_primal_point_certified(ws)
   Evaluated: JSimplex._legacy_primal_point_certified(JSimplex.SimplexWorkspace{Float32, JSimplex.PFIFactorization{Float32, JSimplex.Float32LUBackend{LinearAlgebra.LU{Float32, Matrix{Float32}, Vector{Int64}}}}, :pfi, :native, Nothing}(LinearProblem{Float32}(sparse([1], [1], Float32[1.0], 1, 1), Float32[1.0], 0.0f0, MIN_SENSE, Bound{Float32}[Bound{Float32}(-0.0016f0, true)], Bound{Float32}[Bound{Float32}(0.0f0, false)], Bound{Float32}[Bound{Float32}(0.0f0, true)], Bound{Float32}[Bound{Float32}(0.0f0, false)], VariableDomain[CONTINUOUS], "", String[], String[]), SolverOptions{Float32, :pfi, :native}(0.0001f0, 1.0f-7, 1.0f-12, 100000, Inf, 20, false, Debug, :primal, :steepest_edge, :pfi, :native, :auto, true, :legacy), JSimplex.SimplexProgressContext{Float32, Nothing}(0x00007489e74688a0, Float32[1.0], 0.0f0, JSimplex.Scaling{Float32}(Float32[1.0], Float32[1.0]), 0, 0, nothing, JSimplex.NumericalPolicy{Float32}(3.0517578f-5, 0.00034526698f0, 3, 8, 2, 64, 512, 1073741824, 8, false, false, false, false, false, false, false, false, true, false, false, false, false, false, false, false, false, false, false, false)), Float32[1.0, 0.0], Bound{Float32}[Bound{Float32}(-0.0016f0, true), Bound{Float32}(-0.0016f0, true)], Bound{Float32}[Bound{Float32}(0.0f0, false), Bound{Float32}(0.0f0, false)], JSimplex.Basis([1], JSimplex.VariableState[JSimplex.BASIC, JSimplex.AT_LOWER]), Float32[-0.0016, -0.0016], Float32[0.0, 1.0], Float32[1.0, 1.0], Bool[0, 1], JSimplex.PFIFactorization{Float32, JSimplex.Float32LUBackend{LinearAlgebra.LU{Float32, Matrix{Float32}, Vector{Int64}}}}(JSimplex.Float32LUBackend{LinearAlgebra.LU{Float32, Matrix{Float32}, Vector{Int64}}}(LinearAlgebra.LU{Float32, Matrix{Float32}, Vector{Int64}}(Float32[1.0;;], [1], 0), LinearAlgebra.LU{Float32, Matrix{Float32}, Vector{Int64}}(Float32[-1.0;;], [1], 0), true, false), JSimplex.PackedEta{Float32}[], Float32[1.0], JSimplex.PackedEta{Float32}[], 0, nothing), JSimplex.SimplexScratch{Float32}(Bool[1, 0], Float32[1.0], Float32[-0.0016], Float32[1.0], Float32[0.0], Float32[0.0, 0.0], Float32[0.0, 0.0], Bool[0, 0], false, Int64[], Int64[], Float32[], Float32[], Int64[], nothing, nothing, false, Int64[], Int64[], 0, 0, nothing, :none, 0.0f0, false, false, false, :limit, JSimplex.RefactorizationState{Float32}(0, 0, 20, 20, 512, false, false, false, nothing, 1.0, 1.0f0, 0, 1.0e8, 1, 1, 8.0, 0.0, 0.0, 0.0, 0, 0, 0, 0.0, 0.0, 0, 0, 9223372036854775807, 0, 0, 0, 0.0, :none), nothing, nothing, nothing, nothing, nothing, 0.0f0, 0.0f0, JSimplex.PerturbationJournal{Float32}(0xfdac69e39a298a3e, Float32[1.0, 0.0], Float32[1.0, 0.0], false, false, 0, nothing, 0, 0, JSimplex.BoundPerturbationState{Float32}(Bound{Float32}[Bound{Float32}(0.0f0, true), Bound{Float32}(-0.0016f0, true)], Bound{Float32}[Bound{Float32}(0.0f0, false), Bound{Float32}(0.0f0, false)], Bound{Float32}[Bound{Float32}(-0.0016f0, true), Bound{Float32}(-0.0016f0, true)], Bound{Float32}[Bound{Float32}(0.0f0, false), Bound{Float32}(0.0f0, false)], true, 1, nothing, 0, 0)), true, true, sparse([1], [1], Float32[1.0], 1, 1), JSimplex.BasisCheckpoint{Float32}[], 0x0000000000000000, Tuple{Int64, Int64}[], 0x0000000000000000, false, false, nothing), 0, 1, true, 0, false, false, 20, 0, 9223372036854775807, 0, 0))
  Stacktrace:
   [1] top-level scope
     @ /tmp/point_perturbation_probe.jl:19
   [2] macro expansion
     @ ~/.julia/juliaup/julia-1.13.0+0.aarch64.linux.gnu/share/julia/stdlib/v1.13/Test/src/Test.jl:1962 [inlined]
   [3] macro expansion
     @ /tmp/point_perturbation_probe.jl:24 [inlined]
   [4] macro expansion
     @ ~/.julia/juliaup/julia-1.13.0+0.aarch64.linux.gnu/share/julia/stdlib/v1.13/Test/src/Test.jl:753 [inlined]

Native point recovery certifies owned working bounds: Test Failed at /tmp/point_perturbation_probe.jl:26
  Expression: JSimplex._restore_legacy_primal_point!(ws, T[-margin], (()->begin
            #= /tmp/point_perturbation_probe.jl:26 =#
            false
        end))
   Evaluated: JSimplex._restore_legacy_primal_point!(JSimplex.SimplexWorkspace{Float32, JSimplex.PFIFactorization{Float32, JSimplex.Float32LUBackend{LinearAlgebra.LU{Float32, Matrix{Float32}, Vector{Int64}}}}, :pfi, :native, Nothing}(LinearProblem{Float32}(sparse([1], [1], Float32[1.0], 1, 1), Float32[1.0], 0.0f0, MIN_SENSE, Bound{Float32}[Bound{Float32}(-0.0016f0, true)], Bound{Float32}[Bound{Float32}(0.0f0, false)], Bound{Float32}[Bound{Float32}(0.0f0, true)], Bound{Float32}[Bound{Float32}(0.0f0, false)], VariableDomain[CONTINUOUS], "", String[], String[]), SolverOptions{Float32, :pfi, :native}(0.0001f0, 1.0f-7, 1.0f-12, 100000, Inf, 20, false, Debug, :primal, :steepest_edge, :pfi, :native, :auto, true, :legacy), JSimplex.SimplexProgressContext{Float32, Nothing}(0x00007489e74688a0, Float32[1.0], 0.0f0, JSimplex.Scaling{Float32}(Float32[1.0], Float32[1.0]), 0, 0, nothing, JSimplex.NumericalPolicy{Float32}(3.0517578f-5, 0.00034526698f0, 3, 8, 2, 64, 512, 1073741824, 8, false, false, false, false, false, false, false, false, true, false, false, false, false, false, false, false, false, false, false, false)), Float32[1.0, 0.0], Bound{Float32}[Bound{Float32}(-0.0016f0, true), Bound{Float32}(-0.0016f0, true)], Bound{Float32}[Bound{Float32}(0.0f0, false), Bound{Float32}(0.0f0, false)], JSimplex.Basis([1], JSimplex.VariableState[JSimplex.BASIC, JSimplex.AT_LOWER]), Float32[0.0, -0.0016], Float32[0.0, 1.0], Float32[1.0, 1.0], Bool[0, 1], JSimplex.PFIFactorization{Float32, JSimplex.Float32LUBackend{LinearAlgebra.LU{Float32, Matrix{Float32}, Vector{Int64}}}}(JSimplex.Float32LUBackend{LinearAlgebra.LU{Float32, Matrix{Float32}, Vector{Int64}}}(LinearAlgebra.LU{Float32, Matrix{Float32}, Vector{Int64}}(Float32[1.0;;], [1], 0), LinearAlgebra.LU{Float32, Matrix{Float32}, Vector{Int64}}(Float32[-1.0;;], [1], 0), true, false), JSimplex.PackedEta{Float32}[], Float32[1.0], JSimplex.PackedEta{Float32}[], 0, nothing), JSimplex.SimplexScratch{Float32}(Bool[1, 0], Float32[1.0], Float32[-0.0016], Float32[1.0], Float32[0.0], Float32[0.0, 0.0], Float32[0.0, 0.0], Bool[0, 0], false, Int64[], Int64[], Float32[], Float32[], Int64[], nothing, nothing, false, Int64[], Int64[], 0, 0, JSimplex._PivotQualityBuffers{Float32, Float32}(Float32[0.0], Float32[0.0], Float32[0.0], Float32[0.0], [0], JSimplex.SolveQualityScratch{Float32, Float32}(Float32[-0.0016], Float32[-0.0016], Float32[0.0016], [1], Float32[0.0], Float32[0.0]), JSimplex.SolveQualityScratch{Float32, Float32}(Float32[0.0], Float32[0.0], Float32[0.0], [0], Float32[], Float32[])), :none, 0.0f0, false, false, false, :limit, JSimplex.RefactorizationState{Float32}(0, 0, 20, 20, 512, false, false, false, nothing, 1.0, 1.0f0, 0, 1.0e8, 1, 1, 8.0, 0.0, 0.0, 0.0, 0, 0, 0, 0.0, 0.0, 0, 0, 9223372036854775807, 0, 0, 0, 0.0, :none), nothing, nothing, nothing, nothing, nothing, 0.0f0, 0.0f0, JSimplex.PerturbationJournal{Float32}(0xfdac69e39a298a3e, Float32[1.0, 0.0], Float32[1.0, 0.0], false, false, 0, nothing, 0, 0, JSimplex.BoundPerturbationState{Float32}(Bound{Float32}[Bound{Float32}(0.0f0, true), Bound{Float32}(-0.0016f0, true)], Bound{Float32}[Bound{Float32}(0.0f0, false), Bound{Float32}(0.0f0, false)], Bound{Float32}[Bound{Float32}(-0.0016f0, true), Bound{Float32}(-0.0016f0, true)], Bound{Float32}[Bound{Float32}(0.0f0, false), Bound{Float32}(0.0f0, false)], true, 1, nothing, 0, 0)), true, true, sparse([1], [1], Float32[1.0], 1, 1), JSimplex.BasisCheckpoint{Float32}[], 0x0000000000000000, Tuple{Int64, Int64}[], 0x0000000000000000, false, false, nothing), 0, 1, true, 0, false, false, 20, 0, 9223372036854775807, 0, 0), Float32[-0.0016], var"#3#4"())
  Stacktrace:
   [1] top-level scope
     @ /tmp/point_perturbation_probe.jl:19
   [2] macro expansion
     @ ~/.julia/juliaup/julia-1.13.0+0.aarch64.linux.gnu/share/julia/stdlib/v1.13/Test/src/Test.jl:1962 [inlined]
   [3] macro expansion
     @ /tmp/point_perturbation_probe.jl:26 [inlined]
   [4] macro expansion
     @ ~/.julia/juliaup/julia-1.13.0+0.aarch64.linux.gnu/share/julia/stdlib/v1.13/Test/src/Test.jl:753 [inlined]

Native point recovery certifies owned working bounds: Test Failed at /tmp/point_perturbation_probe.jl:27
  Expression: ws.primal == T[-margin, -margin]
   Evaluated: Float32[0.0, -0.0016] == Float32[-0.0016, -0.0016]
  Stacktrace:
   [1] top-level scope
     @ /tmp/point_perturbation_probe.jl:19
   [2] macro expansion
     @ ~/.julia/juliaup/julia-1.13.0+0.aarch64.linux.gnu/share/julia/stdlib/v1.13/Test/src/Test.jl:1962 [inlined]
   [3] macro expansion
     @ /tmp/point_perturbation_probe.jl:27 [inlined]
   [4] macro expansion
     @ ~/.julia/juliaup/julia-1.13.0+0.aarch64.linux.gnu/share/julia/stdlib/v1.13/Test/src/Test.jl:753 [inlined]

Native point recovery certifies owned working bounds: Test Failed at /tmp/point_perturbation_probe.jl:29
  Expression: JSimplex._try_native_primal_point_correction!(ws, (()->begin
            #= /tmp/point_perturbation_probe.jl:29 =#
            false
        end))
   Evaluated: JSimplex._try_native_primal_point_correction!(JSimplex.SimplexWorkspace{Float32, JSimplex.PFIFactorization{Float32, JSimplex.Float32LUBackend{LinearAlgebra.LU{Float32, Matrix{Float32}, Vector{Int64}}}}, :pfi, :native, Nothing}(LinearProblem{Float32}(sparse([1], [1], Float32[1.0], 1, 1), Float32[1.0], 0.0f0, MIN_SENSE, Bound{Float32}[Bound{Float32}(-0.0016f0, true)], Bound{Float32}[Bound{Float32}(0.0f0, false)], Bound{Float32}[Bound{Float32}(0.0f0, true)], Bound{Float32}[Bound{Float32}(0.0f0, false)], VariableDomain[CONTINUOUS], "", String[], String[]), SolverOptions{Float32, :pfi, :native}(0.0001f0, 1.0f-7, 1.0f-12, 100000, Inf, 20, false, Debug, :primal, :steepest_edge, :pfi, :native, :auto, true, :legacy), JSimplex.SimplexProgressContext{Float32, Nothing}(0x00007489e74688a0, Float32[1.0], 0.0f0, JSimplex.Scaling{Float32}(Float32[1.0], Float32[1.0]), 0, 0, nothing, JSimplex.NumericalPolicy{Float32}(3.0517578f-5, 0.00034526698f0, 3, 8, 2, 64, 512, 1073741824, 8, false, false, false, false, false, false, false, false, true, false, false, false, false, false, false, false, false, false, false, false)), Float32[1.0, 0.0], Bound{Float32}[Bound{Float32}(-0.0016f0, true), Bound{Float32}(-0.0016f0, true)], Bound{Float32}[Bound{Float32}(0.0f0, false), Bound{Float32}(0.0f0, false)], JSimplex.Basis([1], JSimplex.VariableState[JSimplex.BASIC, JSimplex.AT_LOWER]), Float32[0.0, -0.0016], Float32[0.0, 1.0], Float32[1.0, 1.0], Bool[0, 1], JSimplex.PFIFactorization{Float32, JSimplex.Float32LUBackend{LinearAlgebra.LU{Float32, Matrix{Float32}, Vector{Int64}}}}(JSimplex.Float32LUBackend{LinearAlgebra.LU{Float32, Matrix{Float32}, Vector{Int64}}}(LinearAlgebra.LU{Float32, Matrix{Float32}, Vector{Int64}}(Float32[1.0;;], [1], 0), LinearAlgebra.LU{Float32, Matrix{Float32}, Vector{Int64}}(Float32[-1.0;;], [1], 0), true, false), JSimplex.PackedEta{Float32}[], Float32[1.0], JSimplex.PackedEta{Float32}[], 0, nothing), JSimplex.SimplexScratch{Float32}(Bool[1, 0], Float32[1.0], Float32[-0.0016], Float32[1.0], Float32[0.0], Float32[0.0, 0.0], Float32[0.0, 0.0], Bool[0, 0], false, Int64[], Int64[], Float32[], Float32[], Int64[], nothing, nothing, false, Int64[], Int64[], 0, 0, JSimplex._PivotQualityBuffers{Float32, Float32}(Float32[0.0], Float32[0.0], Float32[-0.0016], Float32[0.0], [0], JSimplex.SolveQualityScratch{Float32, Float32}(Float32[-0.0016], Float32[-0.0016], Float32[0.0016], [1], Float32[0.0], Float32[0.0]), JSimplex.SolveQualityScratch{Float32, Float32}(Float32[0.0], Float32[0.0], Float32[0.0], [0], Float32[], Float32[])), :none, 0.0f0, false, false, false, :limit, JSimplex.RefactorizationState{Float32}(0, 0, 20, 20, 512, false, false, false, nothing, 1.0, 1.0f0, 0, 1.0e8, 1, 1, 8.0, 0.0, 0.0, 0.0, 0, 0, 0, 0.0, 0.0, 0, 0, 9223372036854775807, 0, 0, 0, 0.0, :none), nothing, nothing, nothing, nothing, nothing, 0.0f0, 0.0f0, JSimplex.PerturbationJournal{Float32}(0xfdac69e39a298a3e, Float32[1.0, 0.0], Float32[1.0, 0.0], false, false, 0, nothing, 0, 0, JSimplex.BoundPerturbationState{Float32}(Bound{Float32}[Bound{Float32}(0.0f0, true), Bound{Float32}(-0.0016f0, true)], Bound{Float32}[Bound{Float32}(0.0f0, false), Bound{Float32}(0.0f0, false)], Bound{Float32}[Bound{Float32}(-0.0016f0, true), Bound{Float32}(-0.0016f0, true)], Bound{Float32}[Bound{Float32}(0.0f0, false), Bound{Float32}(0.0f0, false)], true, 1, nothing, 0, 0)), true, true, sparse([1], [1], Float32[1.0], 1, 1), JSimplex.BasisCheckpoint{Float32}[], 0x0000000000000000, Tuple{Int64, Int64}[], 0x0000000000000000, false, false, nothing), 0, 1, true, 0, false, false, 20, 0, 9223372036854775807, 0, 0), var"#5#6"())
  Stacktrace:
   [1] top-level scope
     @ /tmp/point_perturbation_probe.jl:19
   [2] macro expansion
     @ ~/.julia/juliaup/julia-1.13.0+0.aarch64.linux.gnu/share/julia/stdlib/v1.13/Test/src/Test.jl:1962 [inlined]
   [3] macro expansion
     @ /tmp/point_perturbation_probe.jl:29 [inlined]
   [4] macro expansion
     @ ~/.julia/juliaup/julia-1.13.0+0.aarch64.linux.gnu/share/julia/stdlib/v1.13/Test/src/Test.jl:753 [inlined]

Native point recovery certifies owned working bounds: Test Failed at /tmp/point_perturbation_probe.jl:30
  Expression: ws.primal == T[-margin, -margin]
   Evaluated: Float32[0.0, -0.0016] == Float32[-0.0016, -0.0016]
  Stacktrace:
   [1] top-level scope
     @ /tmp/point_perturbation_probe.jl:19
   [2] macro expansion
     @ ~/.julia/juliaup/julia-1.13.0+0.aarch64.linux.gnu/share/julia/stdlib/v1.13/Test/src/Test.jl:1962 [inlined]
   [3] macro expansion
     @ /tmp/point_perturbation_probe.jl:30 [inlined]
   [4] macro expansion
     @ ~/.julia/juliaup/julia-1.13.0+0.aarch64.linux.gnu/share/julia/stdlib/v1.13/Test/src/Test.jl:753 [inlined]

Native point recovery certifies owned working bounds: Test Failed at /tmp/point_perturbation_probe.jl:24
  Expression: JSimplex._legacy_primal_point_certified(ws)
   Evaluated: JSimplex._legacy_primal_point_certified(JSimplex.SimplexWorkspace{Float32, JSimplex.ForrestTomlinFactorization{Float32, JSimplex.Float32LUBackend{LinearAlgebra.LU{Float32, Matrix{Float32}, Vector{Int64}}}}, :forrest_tomlin, :native, Nothing}(LinearProblem{Float32}(sparse([1], [1], Float32[1.0], 1, 1), Float32[1.0], 0.0f0, MIN_SENSE, Bound{Float32}[Bound{Float32}(-0.0016f0, true)], Bound{Float32}[Bound{Float32}(0.0f0, false)], Bound{Float32}[Bound{Float32}(0.0f0, true)], Bound{Float32}[Bound{Float32}(0.0f0, false)], VariableDomain[CONTINUOUS], "", String[], String[]), SolverOptions{Float32, :forrest_tomlin, :native}(0.0001f0, 1.0f-7, 1.0f-12, 100000, Inf, 20, false, Debug, :primal, :steepest_edge, :forrest_tomlin, :native, :auto, true, :legacy), JSimplex.SimplexProgressContext{Float32, Nothing}(0x00007489eb7348a6, Float32[1.0], 0.0f0, JSimplex.Scaling{Float32}(Float32[1.0], Float32[1.0]), 0, 0, nothing, JSimplex.NumericalPolicy{Float32}(3.0517578f-5, 0.00034526698f0, 3, 8, 2, 64, 512, 1073741824, 8, false, false, false, false, false, false, false, false, true, false, false, false, false, false, false, false, false, false, false, false)), Float32[1.0, 0.0], Bound{Float32}[Bound{Float32}(-0.0016f0, true), Bound{Float32}(-0.0016f0, true)], Bound{Float32}[Bound{Float32}(0.0f0, false), Bound{Float32}(0.0f0, false)], JSimplex.Basis([1], JSimplex.VariableState[JSimplex.BASIC, JSimplex.AT_LOWER]), Float32[-0.0016, -0.0016], Float32[0.0, 1.0], Float32[1.0, 1.0], Bool[0, 1], JSimplex.ForrestTomlinFactorization{Float32, JSimplex.Float32LUBackend{LinearAlgebra.LU{Float32, Matrix{Float32}, Vector{Int64}}}}(JSimplex.Float32LUBackend{LinearAlgebra.LU{Float32, Matrix{Float32}, Vector{Int64}}}(LinearAlgebra.LU{Float32, Matrix{Float32}, Vector{Int64}}(Float32[1.0;;], [1], 0), LinearAlgebra.LU{Float32, Matrix{Float32}, Vector{Int64}}(Float32[-1.0;;], [1], 0), true, false), JSimplex.PackedUpperColumn{Float32, Vector{Int64}}[JSimplex.PackedUpperColumn{Float32, Vector{Int64}}([1], Float32[1.0])], [1], [1], JSimplex.ForrestTomlinUpdate{Float32}[], Float32[1.0], Float32[0.0], Vector{Int64}[], JSimplex.ForrestTomlinUpdate{Float32}[], 0, nothing, JSimplex.TriangularRowCache{Float32}([1], Tuple{Int64, Int64, Float32}[], 0, false, Int64[], false, 2, Int64[], JSimplex.TriangularSpikeCache{Float32}((JSimplex.PreparedTriangularSpike{Float32}(nothing, Float32[-0.00076870155], Float32[0.0]), JSimplex.PreparedTriangularSpike{Float32}(nothing, Float32[-4.194308f6], Float32[-4.194308f6])), 1))), JSimplex.SimplexScratch{Float32}(Bool[1, 0], Float32[1.0], Float32[-0.0016], Float32[1.0], Float32[0.0], Float32[0.0, 0.0], Float32[0.0, 0.0], Bool[0, 0], false, Int64[], Int64[], Float32[], Float32[], Int64[], nothing, nothing, false, Int64[], Int64[], 0, 0, nothing, :none, 0.0f0, false, false, false, :limit, JSimplex.RefactorizationState{Float32}(0, 0, 20, 20, 128, false, false, false, nothing, 1.0, 1.0f0, 0, 1.0e8, 2, 2, 8.0, 0.0, 0.0, 0.0, 0, 0, 0, 0.0, 0.0, 0, 0, 9223372036854775807, 0, 0, 0, 0.0, :none), nothing, nothing, nothing, nothing, nothing, 0.0f0, 0.0f0, JSimplex.PerturbationJournal{Float32}(0x8ad403e2b3cf3b4e, Float32[1.0, 0.0], Float32[1.0, 0.0], false, false, 0, nothing, 0, 0, JSimplex.BoundPerturbationState{Float32}(Bound{Float32}[Bound{Float32}(0.0f0, true), Bound{Float32}(-0.0016f0, true)], Bound{Float32}[Bound{Float32}(0.0f0, false), Bound{Float32}(0.0f0, false)], Bound{Float32}[Bound{Float32}(-0.0016f0, true), Bound{Float32}(-0.0016f0, true)], Bound{Float32}[Bound{Float32}(0.0f0, false), Bound{Float32}(0.0f0, false)], true, 1, nothing, 0, 0)), true, true, sparse([1], [1], Float32[1.0], 1, 1), JSimplex.BasisCheckpoint{Float32}[], 0x0000000000000000, Tuple{Int64, Int64}[], 0x0000000000000000, false, false, nothing), 0, 1, true, 0, false, false, 20, 0, 9223372036854775807, 0, 0))
  Stacktrace:
   [1] top-level scope
     @ /tmp/point_perturbation_probe.jl:19
   [2] macro expansion
     @ ~/.julia/juliaup/julia-1.13.0+0.aarch64.linux.gnu/share/julia/stdlib/v1.13/Test/src/Test.jl:1962 [inlined]
   [3] macro expansion
     @ /tmp/point_perturbation_probe.jl:24 [inlined]
   [4] macro expansion
     @ ~/.julia/juliaup/julia-1.13.0+0.aarch64.linux.gnu/share/julia/stdlib/v1.13/Test/src/Test.jl:753 [inlined]

Native point recovery certifies owned working bounds: Test Failed at /tmp/point_perturbation_probe.jl:26
  Expression: JSimplex._restore_legacy_primal_point!(ws, T[-margin], (()->begin
            #= /tmp/point_perturbation_probe.jl:26 =#
            false
        end))
   Evaluated: JSimplex._restore_legacy_primal_point!(JSimplex.SimplexWorkspace{Float32, JSimplex.ForrestTomlinFactorization{Float32, JSimplex.Float32LUBackend{LinearAlgebra.LU{Float32, Matrix{Float32}, Vector{Int64}}}}, :forrest_tomlin, :native, Nothing}(LinearProblem{Float32}(sparse([1], [1], Float32[1.0], 1, 1), Float32[1.0], 0.0f0, MIN_SENSE, Bound{Float32}[Bound{Float32}(-0.0016f0, true)], Bound{Float32}[Bound{Float32}(0.0f0, false)], Bound{Float32}[Bound{Float32}(0.0f0, true)], Bound{Float32}[Bound{Float32}(0.0f0, false)], VariableDomain[CONTINUOUS], "", String[], String[]), SolverOptions{Float32, :forrest_tomlin, :native}(0.0001f0, 1.0f-7, 1.0f-12, 100000, Inf, 20, false, Debug, :primal, :steepest_edge, :forrest_tomlin, :native, :auto, true, :legacy), JSimplex.SimplexProgressContext{Float32, Nothing}(0x00007489eb7348a6, Float32[1.0], 0.0f0, JSimplex.Scaling{Float32}(Float32[1.0], Float32[1.0]), 0, 0, nothing, JSimplex.NumericalPolicy{Float32}(3.0517578f-5, 0.00034526698f0, 3, 8, 2, 64, 512, 1073741824, 8, false, false, false, false, false, false, false, false, true, false, false, false, false, false, false, false, false, false, false, false)), Float32[1.0, 0.0], Bound{Float32}[Bound{Float32}(-0.0016f0, true), Bound{Float32}(-0.0016f0, true)], Bound{Float32}[Bound{Float32}(0.0f0, false), Bound{Float32}(0.0f0, false)], JSimplex.Basis([1], JSimplex.VariableState[JSimplex.BASIC, JSimplex.AT_LOWER]), Float32[0.0, -0.0016], Float32[0.0, 1.0], Float32[1.0, 1.0], Bool[0, 1], JSimplex.ForrestTomlinFactorization{Float32, JSimplex.Float32LUBackend{LinearAlgebra.LU{Float32, Matrix{Float32}, Vector{Int64}}}}(JSimplex.Float32LUBackend{LinearAlgebra.LU{Float32, Matrix{Float32}, Vector{Int64}}}(LinearAlgebra.LU{Float32, Matrix{Float32}, Vector{Int64}}(Float32[1.0;;], [1], 0), LinearAlgebra.LU{Float32, Matrix{Float32}, Vector{Int64}}(Float32[-1.0;;], [1], 0), true, false), JSimplex.PackedUpperColumn{Float32, Vector{Int64}}[JSimplex.PackedUpperColumn{Float32, Vector{Int64}}([1], Float32[1.0])], [1], [1], JSimplex.ForrestTomlinUpdate{Float32}[], Float32[1.0], Float32[0.0], Vector{Int64}[], JSimplex.ForrestTomlinUpdate{Float32}[], 0, nothing, JSimplex.TriangularRowCache{Float32}([1], Tuple{Int64, Int64, Float32}[], 0, false, Int64[], false, 2, Int64[], JSimplex.TriangularSpikeCache{Float32}((JSimplex.PreparedTriangularSpike{Float32}(nothing, Float32[-0.00076870155], Float32[0.0]), JSimplex.PreparedTriangularSpike{Float32}(nothing, Float32[-4.194308f6], Float32[-4.194308f6])), 1))), JSimplex.SimplexScratch{Float32}(Bool[1, 0], Float32[1.0], Float32[-0.0016], Float32[1.0], Float32[0.0], Float32[0.0, 0.0], Float32[0.0, 0.0], Bool[0, 0], false, Int64[], Int64[], Float32[], Float32[], Int64[], nothing, nothing, false, Int64[], Int64[], 0, 0, JSimplex._PivotQualityBuffers{Float32, Float32}(Float32[0.0], Float32[0.0], Float32[0.0], Float32[0.0], [0], JSimplex.SolveQualityScratch{Float32, Float32}(Float32[-0.0016], Float32[-0.0016], Float32[0.0016], [1], Float32[0.0], Float32[0.0]), JSimplex.SolveQualityScratch{Float32, Float32}(Float32[0.0], Float32[0.0], Float32[0.0], [0], Float32[], Float32[])), :none, 0.0f0, false, false, false, :limit, JSimplex.RefactorizationState{Float32}(0, 0, 20, 20, 128, false, false, false, nothing, 1.0, 1.0f0, 0, 1.0e8, 2, 2, 8.0, 0.0, 0.0, 0.0, 0, 0, 0, 0.0, 0.0, 0, 0, 9223372036854775807, 0, 0, 0, 0.0, :none), nothing, nothing, nothing, nothing, nothing, 0.0f0, 0.0f0, JSimplex.PerturbationJournal{Float32}(0x8ad403e2b3cf3b4e, Float32[1.0, 0.0], Float32[1.0, 0.0], false, false, 0, nothing, 0, 0, JSimplex.BoundPerturbationState{Float32}(Bound{Float32}[Bound{Float32}(0.0f0, true), Bound{Float32}(-0.0016f0, true)], Bound{Float32}[Bound{Float32}(0.0f0, false), Bound{Float32}(0.0f0, false)], Bound{Float32}[Bound{Float32}(-0.0016f0, true), Bound{Float32}(-0.0016f0, true)], Bound{Float32}[Bound{Float32}(0.0f0, false), Bound{Float32}(0.0f0, false)], true, 1, nothing, 0, 0)), true, true, sparse([1], [1], Float32[1.0], 1, 1), JSimplex.BasisCheckpoint{Float32}[], 0x0000000000000000, Tuple{Int64, Int64}[], 0x0000000000000000, false, false, nothing), 0, 1, true, 0, false, false, 20, 0, 9223372036854775807, 0, 0), Float32[-0.0016], var"#3#4"())
  Stacktrace:
   [1] top-level scope
     @ /tmp/point_perturbation_probe.jl:19
   [2] macro expansion
     @ ~/.julia/juliaup/julia-1.13.0+0.aarch64.linux.gnu/share/julia/stdlib/v1.13/Test/src/Test.jl:1962 [inlined]
   [3] macro expansion
     @ /tmp/point_perturbation_probe.jl:26 [inlined]
   [4] macro expansion
     @ ~/.julia/juliaup/julia-1.13.0+0.aarch64.linux.gnu/share/julia/stdlib/v1.13/Test/src/Test.jl:753 [inlined]

Native point recovery certifies owned working bounds: Test Failed at /tmp/point_perturbation_probe.jl:27
  Expression: ws.primal == T[-margin, -margin]
   Evaluated: Float32[0.0, -0.0016] == Float32[-0.0016, -0.0016]
  Stacktrace:
   [1] top-level scope
     @ /tmp/point_perturbation_probe.jl:19
   [2] macro expansion
     @ ~/.julia/juliaup/julia-1.13.0+0.aarch64.linux.gnu/share/julia/stdlib/v1.13/Test/src/Test.jl:1962 [inlined]
   [3] macro expansion
     @ /tmp/point_perturbation_probe.jl:27 [inlined]
   [4] macro expansion
     @ ~/.julia/juliaup/julia-1.13.0+0.aarch64.linux.gnu/share/julia/stdlib/v1.13/Test/src/Test.jl:753 [inlined]

Native point recovery certifies owned working bounds: Test Failed at /tmp/point_perturbation_probe.jl:29
  Expression: JSimplex._try_native_primal_point_correction!(ws, (()->begin
            #= /tmp/point_perturbation_probe.jl:29 =#
            false
        end))
   Evaluated: JSimplex._try_native_primal_point_correction!(JSimplex.SimplexWorkspace{Float32, JSimplex.ForrestTomlinFactorization{Float32, JSimplex.Float32LUBackend{LinearAlgebra.LU{Float32, Matrix{Float32}, Vector{Int64}}}}, :forrest_tomlin, :native, Nothing}(LinearProblem{Float32}(sparse([1], [1], Float32[1.0], 1, 1), Float32[1.0], 0.0f0, MIN_SENSE, Bound{Float32}[Bound{Float32}(-0.0016f0, true)], Bound{Float32}[Bound{Float32}(0.0f0, false)], Bound{Float32}[Bound{Float32}(0.0f0, true)], Bound{Float32}[Bound{Float32}(0.0f0, false)], VariableDomain[CONTINUOUS], "", String[], String[]), SolverOptions{Float32, :forrest_tomlin, :native}(0.0001f0, 1.0f-7, 1.0f-12, 100000, Inf, 20, false, Debug, :primal, :steepest_edge, :forrest_tomlin, :native, :auto, true, :legacy), JSimplex.SimplexProgressContext{Float32, Nothing}(0x00007489eb7348a6, Float32[1.0], 0.0f0, JSimplex.Scaling{Float32}(Float32[1.0], Float32[1.0]), 0, 0, nothing, JSimplex.NumericalPolicy{Float32}(3.0517578f-5, 0.00034526698f0, 3, 8, 2, 64, 512, 1073741824, 8, false, false, false, false, false, false, false, false, true, false, false, false, false, false, false, false, false, false, false, false)), Float32[1.0, 0.0], Bound{Float32}[Bound{Float32}(-0.0016f0, true), Bound{Float32}(-0.0016f0, true)], Bound{Float32}[Bound{Float32}(0.0f0, false), Bound{Float32}(0.0f0, false)], JSimplex.Basis([1], JSimplex.VariableState[JSimplex.BASIC, JSimplex.AT_LOWER]), Float32[0.0, -0.0016], Float32[0.0, 1.0], Float32[1.0, 1.0], Bool[0, 1], JSimplex.ForrestTomlinFactorization{Float32, JSimplex.Float32LUBackend{LinearAlgebra.LU{Float32, Matrix{Float32}, Vector{Int64}}}}(JSimplex.Float32LUBackend{LinearAlgebra.LU{Float32, Matrix{Float32}, Vector{Int64}}}(LinearAlgebra.LU{Float32, Matrix{Float32}, Vector{Int64}}(Float32[1.0;;], [1], 0), LinearAlgebra.LU{Float32, Matrix{Float32}, Vector{Int64}}(Float32[-1.0;;], [1], 0), true, false), JSimplex.PackedUpperColumn{Float32, Vector{Int64}}[JSimplex.PackedUpperColumn{Float32, Vector{Int64}}([1], Float32[1.0])], [1], [1], JSimplex.ForrestTomlinUpdate{Float32}[], Float32[-0.0016], Float32[0.0], Vector{Int64}[], JSimplex.ForrestTomlinUpdate{Float32}[], 0, nothing, JSimplex.TriangularRowCache{Float32}([1], Tuple{Int64, Int64, Float32}[], 0, false, Int64[], false, 2, Int64[], JSimplex.TriangularSpikeCache{Float32}((JSimplex.PreparedTriangularSpike{Float32}(nothing, Float32[-0.00076870155], Float32[0.0]), JSimplex.PreparedTriangularSpike{Float32}(nothing, Float32[-4.194308f6], Float32[-4.194308f6])), 2))), JSimplex.SimplexScratch{Float32}(Bool[1, 0], Float32[1.0], Float32[-0.0016], Float32[1.0], Float32[0.0], Float32[0.0, 0.0], Float32[0.0, 0.0], Bool[0, 0], false, Int64[], Int64[], Float32[], Float32[], Int64[], nothing, nothing, false, Int64[], Int64[], 0, 0, JSimplex._PivotQualityBuffers{Float32, Float32}(Float32[0.0], Float32[0.0], Float32[-0.0016], Float32[0.0], [0], JSimplex.SolveQualityScratch{Float32, Float32}(Float32[-0.0016], Float32[-0.0016], Float32[0.0016], [1], Float32[0.0], Float32[0.0]), JSimplex.SolveQualityScratch{Float32, Float32}(Float32[0.0], Float32[0.0], Float32[0.0], [0], Float32[], Float32[])), :none, 0.0f0, false, false, false, :limit, JSimplex.RefactorizationState{Float32}(0, 0, 20, 20, 128, false, false, false, nothing, 1.0, 1.0f0, 0, 1.0e8, 2, 2, 8.0, 0.0, 0.0, 0.0, 0, 0, 0, 0.0, 0.0, 0, 0, 9223372036854775807, 0, 0, 0, 0.0, :none), nothing, nothing, nothing, nothing, nothing, 0.0f0, 0.0f0, JSimplex.PerturbationJournal{Float32}(0x8ad403e2b3cf3b4e, Float32[1.0, 0.0], Float32[1.0, 0.0], false, false, 0, nothing, 0, 0, JSimplex.BoundPerturbationState{Float32}(Bound{Float32}[Bound{Float32}(0.0f0, true), Bound{Float32}(-0.0016f0, true)], Bound{Float32}[Bound{Float32}(0.0f0, false), Bound{Float32}(0.0f0, false)], Bound{Float32}[Bound{Float32}(-0.0016f0, true), Bound{Float32}(-0.0016f0, true)], Bound{Float32}[Bound{Float32}(0.0f0, false), Bound{Float32}(0.0f0, false)], true, 1, nothing, 0, 0)), true, true, sparse([1], [1], Float32[1.0], 1, 1), JSimplex.BasisCheckpoint{Float32}[], 0x0000000000000000, Tuple{Int64, Int64}[], 0x0000000000000000, false, false, nothing), 0, 1, true, 0, false, false, 20, 0, 9223372036854775807, 0, 0), var"#5#6"())
  Stacktrace:
   [1] top-level scope
     @ /tmp/point_perturbation_probe.jl:19
   [2] macro expansion
     @ ~/.julia/juliaup/julia-1.13.0+0.aarch64.linux.gnu/share/julia/stdlib/v1.13/Test/src/Test.jl:1962 [inlined]
   [3] macro expansion
     @ /tmp/point_perturbation_probe.jl:29 [inlined]
   [4] macro expansion
     @ ~/.julia/juliaup/julia-1.13.0+0.aarch64.linux.gnu/share/julia/stdlib/v1.13/Test/src/Test.jl:753 [inlined]

Native point recovery certifies owned working bounds: Test Failed at /tmp/point_perturbation_probe.jl:30
  Expression: ws.primal == T[-margin, -margin]
   Evaluated: Float32[0.0, -0.0016] == Float32[-0.0016, -0.0016]
  Stacktrace:
   [1] top-level scope
     @ /tmp/point_perturbation_probe.jl:19
   [2] macro expansion
     @ ~/.julia/juliaup/julia-1.13.0+0.aarch64.linux.gnu/share/julia/stdlib/v1.13/Test/src/Test.jl:1962 [inlined]
   [3] macro expansion
     @ /tmp/point_perturbation_probe.jl:30 [inlined]
   [4] macro expansion
     @ ~/.julia/juliaup/julia-1.13.0+0.aarch64.linux.gnu/share/julia/stdlib/v1.13/Test/src/Test.jl:753 [inlined]

Native point recovery certifies owned working bounds: Test Failed at /tmp/point_perturbation_probe.jl:24
  Expression: JSimplex._legacy_primal_point_certified(ws)
   Evaluated: JSimplex._legacy_primal_point_certified(JSimplex.SimplexWorkspace{Float32, JSimplex.SuhlSuhlFactorization{Float32, JSimplex.Float32LUBackend{LinearAlgebra.LU{Float32, Matrix{Float32}, Vector{Int64}}}}, :suhl_suhl, :native, Nothing}(LinearProblem{Float32}(sparse([1], [1], Float32[1.0], 1, 1), Float32[1.0], 0.0f0, MIN_SENSE, Bound{Float32}[Bound{Float32}(-0.0016f0, true)], Bound{Float32}[Bound{Float32}(0.0f0, false)], Bound{Float32}[Bound{Float32}(0.0f0, true)], Bound{Float32}[Bound{Float32}(0.0f0, false)], VariableDomain[CONTINUOUS], "", String[], String[]), SolverOptions{Float32, :suhl_suhl, :native}(0.0001f0, 1.0f-7, 1.0f-12, 100000, Inf, 20, false, Debug, :primal, :steepest_edge, :suhl_suhl, :native, :auto, true, :legacy), JSimplex.SimplexProgressContext{Float32, Nothing}(0x00007489edcc0bf9, Float32[1.0], 0.0f0, JSimplex.Scaling{Float32}(Float32[1.0], Float32[1.0]), 0, 0, nothing, JSimplex.NumericalPolicy{Float32}(3.0517578f-5, 0.00034526698f0, 3, 8, 2, 64, 512, 1073741824, 8, false, false, false, false, false, false, false, false, true, false, false, false, false, false, false, false, false, false, false, false)), Float32[1.0, 0.0], Bound{Float32}[Bound{Float32}(-0.0016f0, true), Bound{Float32}(-0.0016f0, true)], Bound{Float32}[Bound{Float32}(0.0f0, false), Bound{Float32}(0.0f0, false)], JSimplex.Basis([1], JSimplex.VariableState[JSimplex.BASIC, JSimplex.AT_LOWER]), Float32[-0.0016, -0.0016], Float32[0.0, 1.0], Float32[1.0, 1.0], Bool[0, 1], JSimplex.SuhlSuhlFactorization{Float32, JSimplex.Float32LUBackend{LinearAlgebra.LU{Float32, Matrix{Float32}, Vector{Int64}}}}(JSimplex.Float32LUBackend{LinearAlgebra.LU{Float32, Matrix{Float32}, Vector{Int64}}}(LinearAlgebra.LU{Float32, Matrix{Float32}, Vector{Int64}}(Float32[1.0;;], [1], 0), LinearAlgebra.LU{Float32, Matrix{Float32}, Vector{Int64}}(Float32[-1.0;;], [1], 0), true, false), JSimplex.PackedUpperColumn{Float32, Vector{Int64}}[JSimplex.PackedUpperColumn{Float32, Vector{Int64}}([1], Float32[1.0])], [1], [1], JSimplex.SuhlSuhlUpdate{Float32}[], Float32[1.0], Float32[0.0], Vector{Int64}[], JSimplex.SuhlSuhlUpdate{Float32}[], 0, nothing, JSimplex.TriangularRowCache{Float32}([1], Tuple{Int64, Int64, Float32}[], 0, false, Int64[], false, 2, Int64[], JSimplex.TriangularSpikeCache{Float32}((JSimplex.PreparedTriangularSpike{Float32}(nothing, Float32[-929422.0], Float32[-929426.0]), JSimplex.PreparedTriangularSpike{Float32}(nothing, Float32[-4.210792f6], Float32[-4.210552f6])), 1))), JSimplex.SimplexScratch{Float32}(Bool[1, 0], Float32[1.0], Float32[-0.0016], Float32[1.0], Float32[0.0], Float32[0.0, 0.0], Float32[0.0, 0.0], Bool[0, 0], false, Int64[], Int64[], Float32[], Float32[], Int64[], nothing, nothing, false, Int64[], Int64[], 0, 0, nothing, :none, 0.0f0, false, false, false, :limit, JSimplex.RefactorizationState{Float32}(0, 0, 20, 20, 128, false, false, false, nothing, 1.0, 1.0f0, 0, 1.0e8, 2, 2, 8.0, 0.0, 0.0, 0.0, 0, 0, 0, 0.0, 0.0, 0, 0, 9223372036854775807, 0, 0, 0, 0.0, :none), nothing, nothing, nothing, nothing, nothing, 0.0f0, 0.0f0, JSimplex.PerturbationJournal{Float32}(0xe68fabe8e2e9185d, Float32[1.0, 0.0], Float32[1.0, 0.0], false, false, 0, nothing, 0, 0, JSimplex.BoundPerturbationState{Float32}(Bound{Float32}[Bound{Float32}(0.0f0, true), Bound{Float32}(-0.0016f0, true)], Bound{Float32}[Bound{Float32}(0.0f0, false), Bound{Float32}(0.0f0, false)], Bound{Float32}[Bound{Float32}(-0.0016f0, true), Bound{Float32}(-0.0016f0, true)], Bound{Float32}[Bound{Float32}(0.0f0, false), Bound{Float32}(0.0f0, false)], true, 1, nothing, 0, 0)), true, true, sparse([1], [1], Float32[1.0], 1, 1), JSimplex.BasisCheckpoint{Float32}[], 0x0000000000000000, Tuple{Int64, Int64}[], 0x0000000000000000, false, false, nothing), 0, 1, true, 0, false, false, 20, 0, 9223372036854775807, 0, 0))
  Stacktrace:
   [1] top-level scope
     @ /tmp/point_perturbation_probe.jl:19
   [2] macro expansion
     @ ~/.julia/juliaup/julia-1.13.0+0.aarch64.linux.gnu/share/julia/stdlib/v1.13/Test/src/Test.jl:1962 [inlined]
   [3] macro expansion
     @ /tmp/point_perturbation_probe.jl:24 [inlined]
   [4] macro expansion
     @ ~/.julia/juliaup/julia-1.13.0+0.aarch64.linux.gnu/share/julia/stdlib/v1.13/Test/src/Test.jl:753 [inlined]

Native point recovery certifies owned working bounds: Test Failed at /tmp/point_perturbation_probe.jl:26
  Expression: JSimplex._restore_legacy_primal_point!(ws, T[-margin], (()->begin
            #= /tmp/point_perturbation_probe.jl:26 =#
            false
        end))
   Evaluated: JSimplex._restore_legacy_primal_point!(JSimplex.SimplexWorkspace{Float32, JSimplex.SuhlSuhlFactorization{Float32, JSimplex.Float32LUBackend{LinearAlgebra.LU{Float32, Matrix{Float32}, Vector{Int64}}}}, :suhl_suhl, :native, Nothing}(LinearProblem{Float32}(sparse([1], [1], Float32[1.0], 1, 1), Float32[1.0], 0.0f0, MIN_SENSE, Bound{Float32}[Bound{Float32}(-0.0016f0, true)], Bound{Float32}[Bound{Float32}(0.0f0, false)], Bound{Float32}[Bound{Float32}(0.0f0, true)], Bound{Float32}[Bound{Float32}(0.0f0, false)], VariableDomain[CONTINUOUS], "", String[], String[]), SolverOptions{Float32, :suhl_suhl, :native}(0.0001f0, 1.0f-7, 1.0f-12, 100000, Inf, 20, false, Debug, :primal, :steepest_edge, :suhl_suhl, :native, :auto, true, :legacy), JSimplex.SimplexProgressContext{Float32, Nothing}(0x00007489edcc0bf9, Float32[1.0], 0.0f0, JSimplex.Scaling{Float32}(Float32[1.0], Float32[1.0]), 0, 0, nothing, JSimplex.NumericalPolicy{Float32}(3.0517578f-5, 0.00034526698f0, 3, 8, 2, 64, 512, 1073741824, 8, false, false, false, false, false, false, false, false, true, false, false, false, false, false, false, false, false, false, false, false)), Float32[1.0, 0.0], Bound{Float32}[Bound{Float32}(-0.0016f0, true), Bound{Float32}(-0.0016f0, true)], Bound{Float32}[Bound{Float32}(0.0f0, false), Bound{Float32}(0.0f0, false)], JSimplex.Basis([1], JSimplex.VariableState[JSimplex.BASIC, JSimplex.AT_LOWER]), Float32[0.0, -0.0016], Float32[0.0, 1.0], Float32[1.0, 1.0], Bool[0, 1], JSimplex.SuhlSuhlFactorization{Float32, JSimplex.Float32LUBackend{LinearAlgebra.LU{Float32, Matrix{Float32}, Vector{Int64}}}}(JSimplex.Float32LUBackend{LinearAlgebra.LU{Float32, Matrix{Float32}, Vector{Int64}}}(LinearAlgebra.LU{Float32, Matrix{Float32}, Vector{Int64}}(Float32[1.0;;], [1], 0), LinearAlgebra.LU{Float32, Matrix{Float32}, Vector{Int64}}(Float32[-1.0;;], [1], 0), true, false), JSimplex.PackedUpperColumn{Float32, Vector{Int64}}[JSimplex.PackedUpperColumn{Float32, Vector{Int64}}([1], Float32[1.0])], [1], [1], JSimplex.SuhlSuhlUpdate{Float32}[], Float32[1.0], Float32[0.0], Vector{Int64}[], JSimplex.SuhlSuhlUpdate{Float32}[], 0, nothing, JSimplex.TriangularRowCache{Float32}([1], Tuple{Int64, Int64, Float32}[], 0, false, Int64[], false, 2, Int64[], JSimplex.TriangularSpikeCache{Float32}((JSimplex.PreparedTriangularSpike{Float32}(nothing, Float32[-929422.0], Float32[-929426.0]), JSimplex.PreparedTriangularSpike{Float32}(nothing, Float32[-4.210792f6], Float32[-4.210552f6])), 1))), JSimplex.SimplexScratch{Float32}(Bool[1, 0], Float32[1.0], Float32[-0.0016], Float32[1.0], Float32[0.0], Float32[0.0, 0.0], Float32[0.0, 0.0], Bool[0, 0], false, Int64[], Int64[], Float32[], Float32[], Int64[], nothing, nothing, false, Int64[], Int64[], 0, 0, JSimplex._PivotQualityBuffers{Float32, Float32}(Float32[0.0], Float32[0.0], Float32[0.0], Float32[0.0], [0], JSimplex.SolveQualityScratch{Float32, Float32}(Float32[-0.0016], Float32[-0.0016], Float32[0.0016], [1], Float32[0.0], Float32[0.0]), JSimplex.SolveQualityScratch{Float32, Float32}(Float32[0.0], Float32[0.0], Float32[0.0], [0], Float32[], Float32[])), :none, 0.0f0, false, false, false, :limit, JSimplex.RefactorizationState{Float32}(0, 0, 20, 20, 128, false, false, false, nothing, 1.0, 1.0f0, 0, 1.0e8, 2, 2, 8.0, 0.0, 0.0, 0.0, 0, 0, 0, 0.0, 0.0, 0, 0, 9223372036854775807, 0, 0, 0, 0.0, :none), nothing, nothing, nothing, nothing, nothing, 0.0f0, 0.0f0, JSimplex.PerturbationJournal{Float32}(0xe68fabe8e2e9185d, Float32[1.0, 0.0], Float32[1.0, 0.0], false, false, 0, nothing, 0, 0, JSimplex.BoundPerturbationState{Float32}(Bound{Float32}[Bound{Float32}(0.0f0, true), Bound{Float32}(-0.0016f0, true)], Bound{Float32}[Bound{Float32}(0.0f0, false), Bound{Float32}(0.0f0, false)], Bound{Float32}[Bound{Float32}(-0.0016f0, true), Bound{Float32}(-0.0016f0, true)], Bound{Float32}[Bound{Float32}(0.0f0, false), Bound{Float32}(0.0f0, false)], true, 1, nothing, 0, 0)), true, true, sparse([1], [1], Float32[1.0], 1, 1), JSimplex.BasisCheckpoint{Float32}[], 0x0000000000000000, Tuple{Int64, Int64}[], 0x0000000000000000, false, false, nothing), 0, 1, true, 0, false, false, 20, 0, 9223372036854775807, 0, 0), Float32[-0.0016], var"#3#4"())
  Stacktrace:
   [1] top-level scope
     @ /tmp/point_perturbation_probe.jl:19
   [2] macro expansion
     @ ~/.julia/juliaup/julia-1.13.0+0.aarch64.linux.gnu/share/julia/stdlib/v1.13/Test/src/Test.jl:1962 [inlined]
   [3] macro expansion
     @ /tmp/point_perturbation_probe.jl:26 [inlined]
   [4] macro expansion
     @ ~/.julia/juliaup/julia-1.13.0+0.aarch64.linux.gnu/share/julia/stdlib/v1.13/Test/src/Test.jl:753 [inlined]

Native point recovery certifies owned working bounds: Test Failed at /tmp/point_perturbation_probe.jl:27
  Expression: ws.primal == T[-margin, -margin]
   Evaluated: Float32[0.0, -0.0016] == Float32[-0.0016, -0.0016]
  Stacktrace:
   [1] top-level scope
     @ /tmp/point_perturbation_probe.jl:19
   [2] macro expansion
     @ ~/.julia/juliaup/julia-1.13.0+0.aarch64.linux.gnu/share/julia/stdlib/v1.13/Test/src/Test.jl:1962 [inlined]
   [3] macro expansion
     @ /tmp/point_perturbation_probe.jl:27 [inlined]
   [4] macro expansion
     @ ~/.julia/juliaup/julia-1.13.0+0.aarch64.linux.gnu/share/julia/stdlib/v1.13/Test/src/Test.jl:753 [inlined]

Native point recovery certifies owned working bounds: Test Failed at /tmp/point_perturbation_probe.jl:29
  Expression: JSimplex._try_native_primal_point_correction!(ws, (()->begin
            #= /tmp/point_perturbation_probe.jl:29 =#
            false
        end))
   Evaluated: JSimplex._try_native_primal_point_correction!(JSimplex.SimplexWorkspace{Float32, JSimplex.SuhlSuhlFactorization{Float32, JSimplex.Float32LUBackend{LinearAlgebra.LU{Float32, Matrix{Float32}, Vector{Int64}}}}, :suhl_suhl, :native, Nothing}(LinearProblem{Float32}(sparse([1], [1], Float32[1.0], 1, 1), Float32[1.0], 0.0f0, MIN_SENSE, Bound{Float32}[Bound{Float32}(-0.0016f0, true)], Bound{Float32}[Bound{Float32}(0.0f0, false)], Bound{Float32}[Bound{Float32}(0.0f0, true)], Bound{Float32}[Bound{Float32}(0.0f0, false)], VariableDomain[CONTINUOUS], "", String[], String[]), SolverOptions{Float32, :suhl_suhl, :native}(0.0001f0, 1.0f-7, 1.0f-12, 100000, Inf, 20, false, Debug, :primal, :steepest_edge, :suhl_suhl, :native, :auto, true, :legacy), JSimplex.SimplexProgressContext{Float32, Nothing}(0x00007489edcc0bf9, Float32[1.0], 0.0f0, JSimplex.Scaling{Float32}(Float32[1.0], Float32[1.0]), 0, 0, nothing, JSimplex.NumericalPolicy{Float32}(3.0517578f-5, 0.00034526698f0, 3, 8, 2, 64, 512, 1073741824, 8, false, false, false, false, false, false, false, false, true, false, false, false, false, false, false, false, false, false, false, false)), Float32[1.0, 0.0], Bound{Float32}[Bound{Float32}(-0.0016f0, true), Bound{Float32}(-0.0016f0, true)], Bound{Float32}[Bound{Float32}(0.0f0, false), Bound{Float32}(0.0f0, false)], JSimplex.Basis([1], JSimplex.VariableState[JSimplex.BASIC, JSimplex.AT_LOWER]), Float32[0.0, -0.0016], Float32[0.0, 1.0], Float32[1.0, 1.0], Bool[0, 1], JSimplex.SuhlSuhlFactorization{Float32, JSimplex.Float32LUBackend{LinearAlgebra.LU{Float32, Matrix{Float32}, Vector{Int64}}}}(JSimplex.Float32LUBackend{LinearAlgebra.LU{Float32, Matrix{Float32}, Vector{Int64}}}(LinearAlgebra.LU{Float32, Matrix{Float32}, Vector{Int64}}(Float32[1.0;;], [1], 0), LinearAlgebra.LU{Float32, Matrix{Float32}, Vector{Int64}}(Float32[-1.0;;], [1], 0), true, false), JSimplex.PackedUpperColumn{Float32, Vector{Int64}}[JSimplex.PackedUpperColumn{Float32, Vector{Int64}}([1], Float32[1.0])], [1], [1], JSimplex.SuhlSuhlUpdate{Float32}[], Float32[-0.0016], Float32[0.0], Vector{Int64}[], JSimplex.SuhlSuhlUpdate{Float32}[], 0, nothing, JSimplex.TriangularRowCache{Float32}([1], Tuple{Int64, Int64, Float32}[], 0, false, Int64[], false, 2, Int64[], JSimplex.TriangularSpikeCache{Float32}((JSimplex.PreparedTriangularSpike{Float32}(nothing, Float32[-929422.0], Float32[-929426.0]), JSimplex.PreparedTriangularSpike{Float32}(nothing, Float32[-4.210792f6], Float32[-4.210552f6])), 2))), JSimplex.SimplexScratch{Float32}(Bool[1, 0], Float32[1.0], Float32[-0.0016], Float32[1.0], Float32[0.0], Float32[0.0, 0.0], Float32[0.0, 0.0], Bool[0, 0], false, Int64[], Int64[], Float32[], Float32[], Int64[], nothing, nothing, false, Int64[], Int64[], 0, 0, JSimplex._PivotQualityBuffers{Float32, Float32}(Float32[0.0], Float32[0.0], Float32[-0.0016], Float32[0.0], [0], JSimplex.SolveQualityScratch{Float32, Float32}(Float32[-0.0016], Float32[-0.0016], Float32[0.0016], [1], Float32[0.0], Float32[0.0]), JSimplex.SolveQualityScratch{Float32, Float32}(Float32[0.0], Float32[0.0], Float32[0.0], [0], Float32[], Float32[])), :none, 0.0f0, false, false, false, :limit, JSimplex.RefactorizationState{Float32}(0, 0, 20, 20, 128, false, false, false, nothing, 1.0, 1.0f0, 0, 1.0e8, 2, 2, 8.0, 0.0, 0.0, 0.0, 0, 0, 0, 0.0, 0.0, 0, 0, 9223372036854775807, 0, 0, 0, 0.0, :none), nothing, nothing, nothing, nothing, nothing, 0.0f0, 0.0f0, JSimplex.PerturbationJournal{Float32}(0xe68fabe8e2e9185d, Float32[1.0, 0.0], Float32[1.0, 0.0], false, false, 0, nothing, 0, 0, JSimplex.BoundPerturbationState{Float32}(Bound{Float32}[Bound{Float32}(0.0f0, true), Bound{Float32}(-0.0016f0, true)], Bound{Float32}[Bound{Float32}(0.0f0, false), Bound{Float32}(0.0f0, false)], Bound{Float32}[Bound{Float32}(-0.0016f0, true), Bound{Float32}(-0.0016f0, true)], Bound{Float32}[Bound{Float32}(0.0f0, false), Bound{Float32}(0.0f0, false)], true, 1, nothing, 0, 0)), true, true, sparse([1], [1], Float32[1.0], 1, 1), JSimplex.BasisCheckpoint{Float32}[], 0x0000000000000000, Tuple{Int64, Int64}[], 0x0000000000000000, false, false, nothing), 0, 1, true, 0, false, false, 20, 0, 9223372036854775807, 0, 0), var"#5#6"())
  Stacktrace:
   [1] top-level scope
     @ /tmp/point_perturbation_probe.jl:19
   [2] macro expansion
     @ ~/.julia/juliaup/julia-1.13.0+0.aarch64.linux.gnu/share/julia/stdlib/v1.13/Test/src/Test.jl:1962 [inlined]
   [3] macro expansion
     @ /tmp/point_perturbation_probe.jl:29 [inlined]
   [4] macro expansion
     @ ~/.julia/juliaup/julia-1.13.0+0.aarch64.linux.gnu/share/julia/stdlib/v1.13/Test/src/Test.jl:753 [inlined]

Native point recovery certifies owned working bounds: Test Failed at /tmp/point_perturbation_probe.jl:30
  Expression: ws.primal == T[-margin, -margin]
   Evaluated: Float32[0.0, -0.0016] == Float32[-0.0016, -0.0016]
  Stacktrace:
   [1] top-level scope
     @ /tmp/point_perturbation_probe.jl:19
   [2] macro expansion
     @ ~/.julia/juliaup/julia-1.13.0+0.aarch64.linux.gnu/share/julia/stdlib/v1.13/Test/src/Test.jl:1962 [inlined]
   [3] macro expansion
     @ /tmp/point_perturbation_probe.jl:30 [inlined]
   [4] macro expansion
     @ ~/.julia/juliaup/julia-1.13.0+0.aarch64.linux.gnu/share/julia/stdlib/v1.13/Test/src/Test.jl:753 [inlined]

Native point recovery certifies owned working bounds: Test Failed at /tmp/point_perturbation_probe.jl:24
  Expression: JSimplex._legacy_primal_point_certified(ws)
   Evaluated: JSimplex._legacy_primal_point_certified(JSimplex.SimplexWorkspace{Float32, JSimplex.BartelsGolubFactorization{Float32, JSimplex.Float32LUBackend{LinearAlgebra.LU{Float32, Matrix{Float32}, Vector{Int64}}}}, :bartels_golub, :native, Nothing}(LinearProblem{Float32}(sparse([1], [1], Float32[1.0], 1, 1), Float32[1.0], 0.0f0, MIN_SENSE, Bound{Float32}[Bound{Float32}(-0.0016f0, true)], Bound{Float32}[Bound{Float32}(0.0f0, false)], Bound{Float32}[Bound{Float32}(0.0f0, true)], Bound{Float32}[Bound{Float32}(0.0f0, false)], VariableDomain[CONTINUOUS], "", String[], String[]), SolverOptions{Float32, :bartels_golub, :native}(0.0001f0, 1.0f-7, 1.0f-12, 100000, Inf, 20, false, Debug, :primal, :steepest_edge, :bartels_golub, :native, :auto, true, :legacy), JSimplex.SimplexProgressContext{Float32, Nothing}(0x00007489f001c81c, Float32[1.0], 0.0f0, JSimplex.Scaling{Float32}(Float32[1.0], Float32[1.0]), 0, 0, nothing, JSimplex.NumericalPolicy{Float32}(3.0517578f-5, 0.00034526698f0, 3, 8, 2, 64, 512, 1073741824, 8, false, false, false, false, false, false, false, false, true, false, false, false, false, false, false, false, false, false, false, false)), Float32[1.0, 0.0], Bound{Float32}[Bound{Float32}(-0.0016f0, true), Bound{Float32}(-0.0016f0, true)], Bound{Float32}[Bound{Float32}(0.0f0, false), Bound{Float32}(0.0f0, false)], JSimplex.Basis([1], JSimplex.VariableState[JSimplex.BASIC, JSimplex.AT_LOWER]), Float32[-0.0016, -0.0016], Float32[0.0, 1.0], Float32[1.0, 1.0], Bool[0, 1], JSimplex.BartelsGolubFactorization{Float32, JSimplex.Float32LUBackend{LinearAlgebra.LU{Float32, Matrix{Float32}, Vector{Int64}}}}(JSimplex.Float32LUBackend{LinearAlgebra.LU{Float32, Matrix{Float32}, Vector{Int64}}}(LinearAlgebra.LU{Float32, Matrix{Float32}, Vector{Int64}}(Float32[1.0;;], [1], 0), LinearAlgebra.LU{Float32, Matrix{Float32}, Vector{Int64}}(Float32[-1.0;;], [1], 0), true, false), JSimplex.PackedUpperColumn{Float32, JSimplex.UpperRowIndices}[JSimplex.PackedUpperColumn{Float32, JSimplex.UpperRowIndices}([1], Float32[1.0])], [1], [1], JSimplex.BartelsGolubUpdate{Float32}[], Float32[1.0], Float32[1.0], [Int64[]], Int64[], JSimplex.BartelsGolubUpdate{Float32}[], 0, nothing, JSimplex.TriangularRowCache{Float32}([1], Tuple{Int64, Int64, Float32}[], 0, false, Int64[], false, 2, Int64[], JSimplex.TriangularSpikeCache{Float32}((JSimplex.PreparedTriangularSpike{Float32}(nothing, Float32[-0.91600037], Float32[7.88f-43]), JSimplex.PreparedTriangularSpike{Float32}(nothing, Float32[8.49f-43], Float32[8.4f-44])), 1)), false), JSimplex.SimplexScratch{Float32}(Bool[1, 0], Float32[1.0], Float32[-0.0016], Float32[1.0], Float32[0.0], Float32[0.0, 0.0], Float32[0.0, 0.0], Bool[0, 0], false, Int64[], Int64[], Float32[], Float32[], Int64[], nothing, nothing, false, Int64[], Int64[], 0, 0, nothing, :none, 0.0f0, false, false, false, :limit, JSimplex.RefactorizationState{Float32}(0, 0, 20, 20, 128, false, false, false, nothing, 1.0, 1.0f0, 0, 1.0e8, 2, 2, 8.0, 0.0, 0.0, 0.0, 0, 0, 0, 0.0, 0.0, 0, 0, 9223372036854775807, 0, 0, 0, 0.0, :none), nothing, nothing, nothing, nothing, nothing, 0.0f0, 0.0f0, JSimplex.PerturbationJournal{Float32}(0xa5434a88e4105142, Float32[1.0, 0.0], Float32[1.0, 0.0], false, false, 0, nothing, 0, 0, JSimplex.BoundPerturbationState{Float32}(Bound{Float32}[Bound{Float32}(0.0f0, true), Bound{Float32}(-0.0016f0, true)], Bound{Float32}[Bound{Float32}(0.0f0, false), Bound{Float32}(0.0f0, false)], Bound{Float32}[Bound{Float32}(-0.0016f0, true), Bound{Float32}(-0.0016f0, true)], Bound{Float32}[Bound{Float32}(0.0f0, false), Bound{Float32}(0.0f0, false)], true, 1, nothing, 0, 0)), true, true, sparse([1], [1], Float32[1.0], 1, 1), JSimplex.BasisCheckpoint{Float32}[], 0x0000000000000000, Tuple{Int64, Int64}[], 0x0000000000000000, false, false, nothing), 0, 1, true, 0, false, false, 20, 0, 9223372036854775807, 0, 0))
  Stacktrace:
   [1] top-level scope
     @ /tmp/point_perturbation_probe.jl:19
   [2] macro expansion
     @ ~/.julia/juliaup/julia-1.13.0+0.aarch64.linux.gnu/share/julia/stdlib/v1.13/Test/src/Test.jl:1962 [inlined]
   [3] macro expansion
     @ /tmp/point_perturbation_probe.jl:24 [inlined]
   [4] macro expansion
     @ ~/.julia/juliaup/julia-1.13.0+0.aarch64.linux.gnu/share/julia/stdlib/v1.13/Test/src/Test.jl:753 [inlined]

Native point recovery certifies owned working bounds: Test Failed at /tmp/point_perturbation_probe.jl:26
  Expression: JSimplex._restore_legacy_primal_point!(ws, T[-margin], (()->begin
            #= /tmp/point_perturbation_probe.jl:26 =#
            false
        end))
   Evaluated: JSimplex._restore_legacy_primal_point!(JSimplex.SimplexWorkspace{Float32, JSimplex.BartelsGolubFactorization{Float32, JSimplex.Float32LUBackend{LinearAlgebra.LU{Float32, Matrix{Float32}, Vector{Int64}}}}, :bartels_golub, :native, Nothing}(LinearProblem{Float32}(sparse([1], [1], Float32[1.0], 1, 1), Float32[1.0], 0.0f0, MIN_SENSE, Bound{Float32}[Bound{Float32}(-0.0016f0, true)], Bound{Float32}[Bound{Float32}(0.0f0, false)], Bound{Float32}[Bound{Float32}(0.0f0, true)], Bound{Float32}[Bound{Float32}(0.0f0, false)], VariableDomain[CONTINUOUS], "", String[], String[]), SolverOptions{Float32, :bartels_golub, :native}(0.0001f0, 1.0f-7, 1.0f-12, 100000, Inf, 20, false, Debug, :primal, :steepest_edge, :bartels_golub, :native, :auto, true, :legacy), JSimplex.SimplexProgressContext{Float32, Nothing}(0x00007489f001c81c, Float32[1.0], 0.0f0, JSimplex.Scaling{Float32}(Float32[1.0], Float32[1.0]), 0, 0, nothing, JSimplex.NumericalPolicy{Float32}(3.0517578f-5, 0.00034526698f0, 3, 8, 2, 64, 512, 1073741824, 8, false, false, false, false, false, false, false, false, true, false, false, false, false, false, false, false, false, false, false, false)), Float32[1.0, 0.0], Bound{Float32}[Bound{Float32}(-0.0016f0, true), Bound{Float32}(-0.0016f0, true)], Bound{Float32}[Bound{Float32}(0.0f0, false), Bound{Float32}(0.0f0, false)], JSimplex.Basis([1], JSimplex.VariableState[JSimplex.BASIC, JSimplex.AT_LOWER]), Float32[0.0, -0.0016], Float32[0.0, 1.0], Float32[1.0, 1.0], Bool[0, 1], JSimplex.BartelsGolubFactorization{Float32, JSimplex.Float32LUBackend{LinearAlgebra.LU{Float32, Matrix{Float32}, Vector{Int64}}}}(JSimplex.Float32LUBackend{LinearAlgebra.LU{Float32, Matrix{Float32}, Vector{Int64}}}(LinearAlgebra.LU{Float32, Matrix{Float32}, Vector{Int64}}(Float32[1.0;;], [1], 0), LinearAlgebra.LU{Float32, Matrix{Float32}, Vector{Int64}}(Float32[-1.0;;], [1], 0), true, false), JSimplex.PackedUpperColumn{Float32, JSimplex.UpperRowIndices}[JSimplex.PackedUpperColumn{Float32, JSimplex.UpperRowIndices}([1], Float32[1.0])], [1], [1], JSimplex.BartelsGolubUpdate{Float32}[], Float32[1.0], Float32[1.0], [Int64[]], Int64[], JSimplex.BartelsGolubUpdate{Float32}[], 0, nothing, JSimplex.TriangularRowCache{Float32}([1], Tuple{Int64, Int64, Float32}[], 0, false, Int64[], false, 2, Int64[], JSimplex.TriangularSpikeCache{Float32}((JSimplex.PreparedTriangularSpike{Float32}(nothing, Float32[-0.91600037], Float32[7.88f-43]), JSimplex.PreparedTriangularSpike{Float32}(nothing, Float32[8.49f-43], Float32[8.4f-44])), 1)), false), JSimplex.SimplexScratch{Float32}(Bool[1, 0], Float32[1.0], Float32[-0.0016], Float32[1.0], Float32[0.0], Float32[0.0, 0.0], Float32[0.0, 0.0], Bool[0, 0], false, Int64[], Int64[], Float32[], Float32[], Int64[], nothing, nothing, false, Int64[], Int64[], 0, 0, JSimplex._PivotQualityBuffers{Float32, Float32}(Float32[0.0], Float32[0.0], Float32[0.0], Float32[0.0], [0], JSimplex.SolveQualityScratch{Float32, Float32}(Float32[-0.0016], Float32[-0.0016], Float32[0.0016], [1], Float32[0.0], Float32[0.0]), JSimplex.SolveQualityScratch{Float32, Float32}(Float32[0.0], Float32[0.0], Float32[0.0], [0], Float32[], Float32[])), :none, 0.0f0, false, false, false, :limit, JSimplex.RefactorizationState{Float32}(0, 0, 20, 20, 128, false, false, false, nothing, 1.0, 1.0f0, 0, 1.0e8, 2, 2, 8.0, 0.0, 0.0, 0.0, 0, 0, 0, 0.0, 0.0, 0, 0, 9223372036854775807, 0, 0, 0, 0.0, :none), nothing, nothing, nothing, nothing, nothing, 0.0f0, 0.0f0, JSimplex.PerturbationJournal{Float32}(0xa5434a88e4105142, Float32[1.0, 0.0], Float32[1.0, 0.0], false, false, 0, nothing, 0, 0, JSimplex.BoundPerturbationState{Float32}(Bound{Float32}[Bound{Float32}(0.0f0, true), Bound{Float32}(-0.0016f0, true)], Bound{Float32}[Bound{Float32}(0.0f0, false), Bound{Float32}(0.0f0, false)], Bound{Float32}[Bound{Float32}(-0.0016f0, true), Bound{Float32}(-0.0016f0, true)], Bound{Float32}[Bound{Float32}(0.0f0, false), Bound{Float32}(0.0f0, false)], true, 1, nothing, 0, 0)), true, true, sparse([1], [1], Float32[1.0], 1, 1), JSimplex.BasisCheckpoint{Float32}[], 0x0000000000000000, Tuple{Int64, Int64}[], 0x0000000000000000, false, false, nothing), 0, 1, true, 0, false, false, 20, 0, 9223372036854775807, 0, 0), Float32[-0.0016], var"#3#4"())
  Stacktrace:
   [1] top-level scope
     @ /tmp/point_perturbation_probe.jl:19
   [2] macro expansion
     @ ~/.julia/juliaup/julia-1.13.0+0.aarch64.linux.gnu/share/julia/stdlib/v1.13/Test/src/Test.jl:1962 [inlined]
   [3] macro expansion
     @ /tmp/point_perturbation_probe.jl:26 [inlined]
   [4] macro expansion
     @ ~/.julia/juliaup/julia-1.13.0+0.aarch64.linux.gnu/share/julia/stdlib/v1.13/Test/src/Test.jl:753 [inlined]

Native point recovery certifies owned working bounds: Test Failed at /tmp/point_perturbation_probe.jl:27
  Expression: ws.primal == T[-margin, -margin]
   Evaluated: Float32[0.0, -0.0016] == Float32[-0.0016, -0.0016]
  Stacktrace:
   [1] top-level scope
     @ /tmp/point_perturbation_probe.jl:19
   [2] macro expansion
     @ ~/.julia/juliaup/julia-1.13.0+0.aarch64.linux.gnu/share/julia/stdlib/v1.13/Test/src/Test.jl:1962 [inlined]
   [3] macro expansion
     @ /tmp/point_perturbation_probe.jl:27 [inlined]
   [4] macro expansion
     @ ~/.julia/juliaup/julia-1.13.0+0.aarch64.linux.gnu/share/julia/stdlib/v1.13/Test/src/Test.jl:753 [inlined]

Native point recovery certifies owned working bounds: Test Failed at /tmp/point_perturbation_probe.jl:29
  Expression: JSimplex._try_native_primal_point_correction!(ws, (()->begin
            #= /tmp/point_perturbation_probe.jl:29 =#
            false
        end))
   Evaluated: JSimplex._try_native_primal_point_correction!(JSimplex.SimplexWorkspace{Float32, JSimplex.BartelsGolubFactorization{Float32, JSimplex.Float32LUBackend{LinearAlgebra.LU{Float32, Matrix{Float32}, Vector{Int64}}}}, :bartels_golub, :native, Nothing}(LinearProblem{Float32}(sparse([1], [1], Float32[1.0], 1, 1), Float32[1.0], 0.0f0, MIN_SENSE, Bound{Float32}[Bound{Float32}(-0.0016f0, true)], Bound{Float32}[Bound{Float32}(0.0f0, false)], Bound{Float32}[Bound{Float32}(0.0f0, true)], Bound{Float32}[Bound{Float32}(0.0f0, false)], VariableDomain[CONTINUOUS], "", String[], String[]), SolverOptions{Float32, :bartels_golub, :native}(0.0001f0, 1.0f-7, 1.0f-12, 100000, Inf, 20, false, Debug, :primal, :steepest_edge, :bartels_golub, :native, :auto, true, :legacy), JSimplex.SimplexProgressContext{Float32, Nothing}(0x00007489f001c81c, Float32[1.0], 0.0f0, JSimplex.Scaling{Float32}(Float32[1.0], Float32[1.0]), 0, 0, nothing, JSimplex.NumericalPolicy{Float32}(3.0517578f-5, 0.00034526698f0, 3, 8, 2, 64, 512, 1073741824, 8, false, false, false, false, false, false, false, false, true, false, false, false, false, false, false, false, false, false, false, false)), Float32[1.0, 0.0], Bound{Float32}[Bound{Float32}(-0.0016f0, true), Bound{Float32}(-0.0016f0, true)], Bound{Float32}[Bound{Float32}(0.0f0, false), Bound{Float32}(0.0f0, false)], JSimplex.Basis([1], JSimplex.VariableState[JSimplex.BASIC, JSimplex.AT_LOWER]), Float32[0.0, -0.0016], Float32[0.0, 1.0], Float32[1.0, 1.0], Bool[0, 1], JSimplex.BartelsGolubFactorization{Float32, JSimplex.Float32LUBackend{LinearAlgebra.LU{Float32, Matrix{Float32}, Vector{Int64}}}}(JSimplex.Float32LUBackend{LinearAlgebra.LU{Float32, Matrix{Float32}, Vector{Int64}}}(LinearAlgebra.LU{Float32, Matrix{Float32}, Vector{Int64}}(Float32[1.0;;], [1], 0), LinearAlgebra.LU{Float32, Matrix{Float32}, Vector{Int64}}(Float32[-1.0;;], [1], 0), true, false), JSimplex.PackedUpperColumn{Float32, JSimplex.UpperRowIndices}[JSimplex.PackedUpperColumn{Float32, JSimplex.UpperRowIndices}([1], Float32[1.0])], [1], [1], JSimplex.BartelsGolubUpdate{Float32}[], Float32[-0.0016], Float32[1.0], [Int64[]], Int64[], JSimplex.BartelsGolubUpdate{Float32}[], 0, nothing, JSimplex.TriangularRowCache{Float32}([1], Tuple{Int64, Int64, Float32}[], 0, false, Int64[], false, 2, Int64[], JSimplex.TriangularSpikeCache{Float32}((JSimplex.PreparedTriangularSpike{Float32}(nothing, Float32[-0.91600037], Float32[7.88f-43]), JSimplex.PreparedTriangularSpike{Float32}(nothing, Float32[8.49f-43], Float32[8.4f-44])), 2)), false), JSimplex.SimplexScratch{Float32}(Bool[1, 0], Float32[1.0], Float32[-0.0016], Float32[1.0], Float32[0.0], Float32[0.0, 0.0], Float32[0.0, 0.0], Bool[0, 0], false, Int64[], Int64[], Float32[], Float32[], Int64[], nothing, nothing, false, Int64[], Int64[], 0, 0, JSimplex._PivotQualityBuffers{Float32, Float32}(Float32[0.0], Float32[0.0], Float32[-0.0016], Float32[0.0], [0], JSimplex.SolveQualityScratch{Float32, Float32}(Float32[-0.0016], Float32[-0.0016], Float32[0.0016], [1], Float32[0.0], Float32[0.0]), JSimplex.SolveQualityScratch{Float32, Float32}(Float32[0.0], Float32[0.0], Float32[0.0], [0], Float32[], Float32[])), :none, 0.0f0, false, false, false, :limit, JSimplex.RefactorizationState{Float32}(0, 0, 20, 20, 128, false, false, false, nothing, 1.0, 1.0f0, 0, 1.0e8, 2, 2, 8.0, 0.0, 0.0, 0.0, 0, 0, 0, 0.0, 0.0, 0, 0, 9223372036854775807, 0, 0, 0, 0.0, :none), nothing, nothing, nothing, nothing, nothing, 0.0f0, 0.0f0, JSimplex.PerturbationJournal{Float32}(0xa5434a88e4105142, Float32[1.0, 0.0], Float32[1.0, 0.0], false, false, 0, nothing, 0, 0, JSimplex.BoundPerturbationState{Float32}(Bound{Float32}[Bound{Float32}(0.0f0, true), Bound{Float32}(-0.0016f0, true)], Bound{Float32}[Bound{Float32}(0.0f0, false), Bound{Float32}(0.0f0, false)], Bound{Float32}[Bound{Float32}(-0.0016f0, true), Bound{Float32}(-0.0016f0, true)], Bound{Float32}[Bound{Float32}(0.0f0, false), Bound{Float32}(0.0f0, false)], true, 1, nothing, 0, 0)), true, true, sparse([1], [1], Float32[1.0], 1, 1), JSimplex.BasisCheckpoint{Float32}[], 0x0000000000000000, Tuple{Int64, Int64}[], 0x0000000000000000, false, false, nothing), 0, 1, true, 0, false, false, 20, 0, 9223372036854775807, 0, 0), var"#5#6"())
  Stacktrace:
   [1] top-level scope
     @ /tmp/point_perturbation_probe.jl:19
   [2] macro expansion
     @ ~/.julia/juliaup/julia-1.13.0+0.aarch64.linux.gnu/share/julia/stdlib/v1.13/Test/src/Test.jl:1962 [inlined]
   [3] macro expansion
     @ /tmp/point_perturbation_probe.jl:29 [inlined]
   [4] macro expansion
     @ ~/.julia/juliaup/julia-1.13.0+0.aarch64.linux.gnu/share/julia/stdlib/v1.13/Test/src/Test.jl:753 [inlined]

Native point recovery certifies owned working bounds: Test Failed at /tmp/point_perturbation_probe.jl:30
  Expression: ws.primal == T[-margin, -margin]
   Evaluated: Float32[0.0, -0.0016] == Float32[-0.0016, -0.0016]
  Stacktrace:
   [1] top-level scope
     @ /tmp/point_perturbation_probe.jl:19
   [2] macro expansion
     @ ~/.julia/juliaup/julia-1.13.0+0.aarch64.linux.gnu/share/julia/stdlib/v1.13/Test/src/Test.jl:1962 [inlined]
   [3] macro expansion
     @ /tmp/point_perturbation_probe.jl:30 [inlined]
   [4] macro expansion
     @ ~/.julia/juliaup/julia-1.13.0+0.aarch64.linux.gnu/share/julia/stdlib/v1.13/Test/src/Test.jl:753 [inlined]

Native point recovery certifies owned working bounds: Test Failed at /tmp/point_perturbation_probe.jl:24
  Expression: JSimplex._legacy_primal_point_certified(ws)
   Evaluated: JSimplex._legacy_primal_point_certified(JSimplex.SimplexWorkspace{Float64, JSimplex.PFIFactorization{Float64, JSimplex.UMFPACKBackend}, :pfi, :native, Nothing}(LinearProblem{Float64}(sparse([1], [1], [1.0], 1, 1), [1.0], 0.0, MIN_SENSE, Bound{Float64}[Bound{Float64}(-1.6e-6, true)], Bound{Float64}[Bound{Float64}(0.0, false)], Bound{Float64}[Bound{Float64}(0.0, true)], Bound{Float64}[Bound{Float64}(0.0, false)], VariableDomain[CONTINUOUS], "", String[], String[]), SolverOptions{Float64, :pfi, :native}(1.0e-7, 1.0e-7, 1.0e-12, 100000, Inf, 20, false, Debug, :primal, :steepest_edge, :pfi, :native, :auto, true, :legacy), JSimplex.SimplexProgressContext{Float64, Nothing}(0x00007489f4a48fc2, [1.0], 0.0, JSimplex.Scaling{Float64}([1.0], [1.0]), 0, 0, nothing, JSimplex.NumericalPolicy{Float64}(5.684341886080802e-14, 1.4901161193847656e-8, 3, 8, 2, 64, 512, 1073741824, 8, false, false, false, false, false, false, false, false, true, false, false, false, false, false, false, false, false, false, false, false)), [1.0, 0.0], Bound{Float64}[Bound{Float64}(-1.6e-6, true), Bound{Float64}(-1.6e-6, true)], Bound{Float64}[Bound{Float64}(0.0, false), Bound{Float64}(0.0, false)], JSimplex.Basis([1], JSimplex.VariableState[JSimplex.BASIC, JSimplex.AT_LOWER]), [-1.6e-6, -1.6e-6], [0.0, 1.0], [1.0, 1.0], Bool[0, 1], JSimplex.PFIFactorization{Float64, JSimplex.UMFPACKBackend}(JSimplex.UMFPACKBackend(SparseArrays.UMFPACK.UmfpackLU{Float64, Int64}(SparseArrays.UMFPACK.Symbolic{Float64, Int64}(Ptr{Nothing}(0x0000000000c6b630)), SparseArrays.UMFPACK.Numeric{Float64, Int64}(Ptr{Nothing}(0x0000000000b72140)), 1, 1, [0, 1], [0], [1.0], 0, SparseArrays.UMFPACK.UmfpackWS{Int64}([8460625631421688176], [1.0]), [1.0, 0.2, 0.2, 0.1, 32.0, 0.0, 0.7, 0.0, 1.0, 0.3, 1.0, 1.0, 0.9, 0.0, 10.0, 0.001, 1.0, 0.5, 0.0, 1.0], [0.0, 1.0, 1.0, 16.0, 4.0, 8.0, 8.0, 8.0, 0.0, 0.0  …  0.0, 0.0, -1.0, -1.0, 2.0, 3.9998849388211966e-7, 3.9998849388211966e-7, -1.0, -1.0, -1.0], ReentrantLock()), 1, SparseArrays.UMFPACK.UmfpackLU{Float64, Int64}(SparseArrays.UMFPACK.Symbolic{Float64, Int64}(Ptr{Nothing}(0x00000000008c0e30)), SparseArrays.UMFPACK.Numeric{Float64, Int64}(Ptr{Nothing}(0x0000000000ba82d0)), 1, 1, [0, 1], [0], [-1.0], 0, SparseArrays.UMFPACK.UmfpackWS{Int64}([1], [-0.0]), [1.0, 0.2, 0.2, 0.1, 32.0, 0.0, 0.7, 0.0, 1.0, 0.3, 1.0, 1.0, 0.9, 0.0, 10.0, 0.001, 1.0, 0.5, 0.0, 1.0], [0.0, 1.0, 1.0, 16.0, 4.0, 8.0, 8.0, 8.0, 0.0, 0.0  …  0.0, 0.0, -1.0, -1.0, 2.0, 1.5999976312741637e-6, 1.5999976312741637e-6, -1.0, -1.0, -1.0], ReentrantLock()), false), JSimplex.PackedEta{Float64}[], [1.0], JSimplex.PackedEta{Float64}[], 0, nothing), JSimplex.SimplexScratch{Float64}(Bool[1, 0], [1.0], [-1.6e-6], [1.0], [0.0], [0.0, 0.0], [0.0, 0.0], Bool[0, 0], false, Int64[], Int64[], Float64[], Float64[], Int64[], nothing, nothing, false, Int64[], Int64[], 0, 0, nothing, :none, 0.0, false, false, false, :limit, JSimplex.RefactorizationState{Float64}(0, 0, 20, 20, 512, false, false, false, nothing, 1.0, 1.0, 0, 1.0e8, 2, 2, 8.0, 0.0, 0.0, 0.0, 0, 0, 0, 0.0, 0.0, 0, 0, 9223372036854775807, 0, 0, 0, 0.0, :none), nothing, nothing, nothing, nothing, nothing, 0.0, 0.0, JSimplex.PerturbationJournal{Float64}(0xe866b0c46f56670c, [1.0, 0.0], [1.0, 0.0], false, false, 0, nothing, 0, 0, JSimplex.BoundPerturbationState{Float64}(Bound{Float64}[Bound{Float64}(0.0, true), Bound{Float64}(-1.6e-6, true)], Bound{Float64}[Bound{Float64}(0.0, false), Bound{Float64}(0.0, false)], Bound{Float64}[Bound{Float64}(-1.6e-6, true), Bound{Float64}(-1.6e-6, true)], Bound{Float64}[Bound{Float64}(0.0, false), Bound{Float64}(0.0, false)], true, 1, nothing, 0, 0)), true, true, sparse([1], [1], [1.0], 1, 1), JSimplex.BasisCheckpoint{Float64}[], 0x0000000000000000, Tuple{Int64, Int64}[], 0x0000000000000000, false, false, nothing), 0, 1, true, 0, false, false, 20, 0, 9223372036854775807, 0, 0))
  Stacktrace:
   [1] top-level scope
     @ /tmp/point_perturbation_probe.jl:19
   [2] macro expansion
     @ ~/.julia/juliaup/julia-1.13.0+0.aarch64.linux.gnu/share/julia/stdlib/v1.13/Test/src/Test.jl:1962 [inlined]
   [3] macro expansion
     @ /tmp/point_perturbation_probe.jl:24 [inlined]
   [4] macro expansion
     @ ~/.julia/juliaup/julia-1.13.0+0.aarch64.linux.gnu/share/julia/stdlib/v1.13/Test/src/Test.jl:753 [inlined]

Native point recovery certifies owned working bounds: Test Failed at /tmp/point_perturbation_probe.jl:26
  Expression: JSimplex._restore_legacy_primal_point!(ws, T[-margin], (()->begin
            #= /tmp/point_perturbation_probe.jl:26 =#
            false
        end))
   Evaluated: JSimplex._restore_legacy_primal_point!(JSimplex.SimplexWorkspace{Float64, JSimplex.PFIFactorization{Float64, JSimplex.UMFPACKBackend}, :pfi, :native, Nothing}(LinearProblem{Float64}(sparse([1], [1], [1.0], 1, 1), [1.0], 0.0, MIN_SENSE, Bound{Float64}[Bound{Float64}(-1.6e-6, true)], Bound{Float64}[Bound{Float64}(0.0, false)], Bound{Float64}[Bound{Float64}(0.0, true)], Bound{Float64}[Bound{Float64}(0.0, false)], VariableDomain[CONTINUOUS], "", String[], String[]), SolverOptions{Float64, :pfi, :native}(1.0e-7, 1.0e-7, 1.0e-12, 100000, Inf, 20, false, Debug, :primal, :steepest_edge, :pfi, :native, :auto, true, :legacy), JSimplex.SimplexProgressContext{Float64, Nothing}(0x00007489f4a48fc2, [1.0], 0.0, JSimplex.Scaling{Float64}([1.0], [1.0]), 0, 0, nothing, JSimplex.NumericalPolicy{Float64}(5.684341886080802e-14, 1.4901161193847656e-8, 3, 8, 2, 64, 512, 1073741824, 8, false, false, false, false, false, false, false, false, true, false, false, false, false, false, false, false, false, false, false, false)), [1.0, 0.0], Bound{Float64}[Bound{Float64}(-1.6e-6, true), Bound{Float64}(-1.6e-6, true)], Bound{Float64}[Bound{Float64}(0.0, false), Bound{Float64}(0.0, false)], JSimplex.Basis([1], JSimplex.VariableState[JSimplex.BASIC, JSimplex.AT_LOWER]), [0.0, -1.6e-6], [0.0, 1.0], [1.0, 1.0], Bool[0, 1], JSimplex.PFIFactorization{Float64, JSimplex.UMFPACKBackend}(JSimplex.UMFPACKBackend(SparseArrays.UMFPACK.UmfpackLU{Float64, Int64}(SparseArrays.UMFPACK.Symbolic{Float64, Int64}(Ptr{Nothing}(0x0000000000c6b630)), SparseArrays.UMFPACK.Numeric{Float64, Int64}(Ptr{Nothing}(0x0000000000b72140)), 1, 1, [0, 1], [0], [1.0], 0, SparseArrays.UMFPACK.UmfpackWS{Int64}([8460625631421688176], [1.0]), [1.0, 0.2, 0.2, 0.1, 32.0, 0.0, 0.7, 0.0, 1.0, 0.3, 1.0, 1.0, 0.9, 0.0, 10.0, 0.001, 1.0, 0.5, 0.0, 1.0], [0.0, 1.0, 1.0, 16.0, 4.0, 8.0, 8.0, 8.0, 0.0, 0.0  …  0.0, 0.0, -1.0, -1.0, 2.0, 3.9998849388211966e-7, 3.9998849388211966e-7, -1.0, -1.0, -1.0], ReentrantLock()), 1, SparseArrays.UMFPACK.UmfpackLU{Float64, Int64}(SparseArrays.UMFPACK.Symbolic{Float64, Int64}(Ptr{Nothing}(0x00000000008c0e30)), SparseArrays.UMFPACK.Numeric{Float64, Int64}(Ptr{Nothing}(0x0000000000ba82d0)), 1, 1, [0, 1], [0], [-1.0], 0, SparseArrays.UMFPACK.UmfpackWS{Int64}([1], [-0.0]), [1.0, 0.2, 0.2, 0.1, 32.0, 0.0, 0.7, 0.0, 1.0, 0.3, 1.0, 1.0, 0.9, 0.0, 10.0, 0.001, 1.0, 0.5, 0.0, 1.0], [0.0, 1.0, 1.0, 16.0, 4.0, 8.0, 8.0, 8.0, 0.0, 0.0  …  0.0, 0.0, -1.0, -1.0, 2.0, 1.5999976312741637e-6, 1.5999976312741637e-6, -1.0, -1.0, -1.0], ReentrantLock()), false), JSimplex.PackedEta{Float64}[], [1.0], JSimplex.PackedEta{Float64}[], 0, nothing), JSimplex.SimplexScratch{Float64}(Bool[1, 0], [1.0], [-1.6e-6], [1.0], [0.0], [0.0, 0.0], [0.0, 0.0], Bool[0, 0], false, Int64[], Int64[], Float64[], Float64[], Int64[], nothing, nothing, false, Int64[], Int64[], 0, 0, JSimplex._PivotQualityBuffers{Float64, Float64}([0.0], [0.0], [0.0], [0.0], [0], JSimplex.SolveQualityScratch{Float64, Float64}([-1.6e-6], [-1.6e-6], [1.6e-6], [1], [0.0], [0.0]), JSimplex.SolveQualityScratch{Float64, Float64}([0.0], [0.0], [0.0], [0], Float64[], Float64[])), :none, 0.0, false, false, false, :limit, JSimplex.RefactorizationState{Float64}(0, 0, 20, 20, 512, false, false, false, nothing, 1.0, 1.0, 0, 1.0e8, 2, 2, 8.0, 0.0, 0.0, 0.0, 0, 0, 0, 0.0, 0.0, 0, 0, 9223372036854775807, 0, 0, 0, 0.0, :none), nothing, nothing, nothing, nothing, nothing, 0.0, 0.0, JSimplex.PerturbationJournal{Float64}(0xe866b0c46f56670c, [1.0, 0.0], [1.0, 0.0], false, false, 0, nothing, 0, 0, JSimplex.BoundPerturbationState{Float64}(Bound{Float64}[Bound{Float64}(0.0, true), Bound{Float64}(-1.6e-6, true)], Bound{Float64}[Bound{Float64}(0.0, false), Bound{Float64}(0.0, false)], Bound{Float64}[Bound{Float64}(-1.6e-6, true), Bound{Float64}(-1.6e-6, true)], Bound{Float64}[Bound{Float64}(0.0, false), Bound{Float64}(0.0, false)], true, 1, nothing, 0, 0)), true, true, sparse([1], [1], [1.0], 1, 1), JSimplex.BasisCheckpoint{Float64}[], 0x0000000000000000, Tuple{Int64, Int64}[], 0x0000000000000000, false, false, nothing), 0, 1, true, 0, false, false, 20, 0, 9223372036854775807, 0, 0), [-1.6e-6], var"#3#4"())
  Stacktrace:
   [1] top-level scope
     @ /tmp/point_perturbation_probe.jl:19
   [2] macro expansion
     @ ~/.julia/juliaup/julia-1.13.0+0.aarch64.linux.gnu/share/julia/stdlib/v1.13/Test/src/Test.jl:1962 [inlined]
   [3] macro expansion
     @ /tmp/point_perturbation_probe.jl:26 [inlined]
   [4] macro expansion
     @ ~/.julia/juliaup/julia-1.13.0+0.aarch64.linux.gnu/share/julia/stdlib/v1.13/Test/src/Test.jl:753 [inlined]

Native point recovery certifies owned working bounds: Test Failed at /tmp/point_perturbation_probe.jl:27
  Expression: ws.primal == T[-margin, -margin]
   Evaluated: [0.0, -1.6e-6] == [-1.6e-6, -1.6e-6]
  Stacktrace:
   [1] top-level scope
     @ /tmp/point_perturbation_probe.jl:19
   [2] macro expansion
     @ ~/.julia/juliaup/julia-1.13.0+0.aarch64.linux.gnu/share/julia/stdlib/v1.13/Test/src/Test.jl:1962 [inlined]
   [3] macro expansion
     @ /tmp/point_perturbation_probe.jl:27 [inlined]
   [4] macro expansion
     @ ~/.julia/juliaup/julia-1.13.0+0.aarch64.linux.gnu/share/julia/stdlib/v1.13/Test/src/Test.jl:753 [inlined]

Native point recovery certifies owned working bounds: Test Failed at /tmp/point_perturbation_probe.jl:29
  Expression: JSimplex._try_native_primal_point_correction!(ws, (()->begin
            #= /tmp/point_perturbation_probe.jl:29 =#
            false
        end))
   Evaluated: JSimplex._try_native_primal_point_correction!(JSimplex.SimplexWorkspace{Float64, JSimplex.PFIFactorization{Float64, JSimplex.UMFPACKBackend}, :pfi, :native, Nothing}(LinearProblem{Float64}(sparse([1], [1], [1.0], 1, 1), [1.0], 0.0, MIN_SENSE, Bound{Float64}[Bound{Float64}(-1.6e-6, true)], Bound{Float64}[Bound{Float64}(0.0, false)], Bound{Float64}[Bound{Float64}(0.0, true)], Bound{Float64}[Bound{Float64}(0.0, false)], VariableDomain[CONTINUOUS], "", String[], String[]), SolverOptions{Float64, :pfi, :native}(1.0e-7, 1.0e-7, 1.0e-12, 100000, Inf, 20, false, Debug, :primal, :steepest_edge, :pfi, :native, :auto, true, :legacy), JSimplex.SimplexProgressContext{Float64, Nothing}(0x00007489f4a48fc2, [1.0], 0.0, JSimplex.Scaling{Float64}([1.0], [1.0]), 0, 0, nothing, JSimplex.NumericalPolicy{Float64}(5.684341886080802e-14, 1.4901161193847656e-8, 3, 8, 2, 64, 512, 1073741824, 8, false, false, false, false, false, false, false, false, true, false, false, false, false, false, false, false, false, false, false, false)), [1.0, 0.0], Bound{Float64}[Bound{Float64}(-1.6e-6, true), Bound{Float64}(-1.6e-6, true)], Bound{Float64}[Bound{Float64}(0.0, false), Bound{Float64}(0.0, false)], JSimplex.Basis([1], JSimplex.VariableState[JSimplex.BASIC, JSimplex.AT_LOWER]), [0.0, -1.6e-6], [0.0, 1.0], [1.0, 1.0], Bool[0, 1], JSimplex.PFIFactorization{Float64, JSimplex.UMFPACKBackend}(JSimplex.UMFPACKBackend(SparseArrays.UMFPACK.UmfpackLU{Float64, Int64}(SparseArrays.UMFPACK.Symbolic{Float64, Int64}(Ptr{Nothing}(0x0000000000c6b630)), SparseArrays.UMFPACK.Numeric{Float64, Int64}(Ptr{Nothing}(0x0000000000b72140)), 1, 1, [0, 1], [0], [1.0], 0, SparseArrays.UMFPACK.UmfpackWS{Int64}([8460625631421688176], [-1.6e-6]), [1.0, 0.2, 0.2, 0.1, 32.0, 0.0, 0.7, 0.0, 1.0, 0.3, 1.0, 1.0, 0.9, 0.0, 10.0, 0.001, 1.0, 0.5, 0.0, 1.0], [0.0, 1.0, 1.0, 16.0, 4.0, 8.0, 8.0, 8.0, 0.0, 0.0  …  0.0, 0.0, -1.0, -1.0, 2.0, 1.6999983927235007e-6, 1.6999983927235007e-6, -1.0, -1.0, -1.0], ReentrantLock()), 1, SparseArrays.UMFPACK.UmfpackLU{Float64, Int64}(SparseArrays.UMFPACK.Symbolic{Float64, Int64}(Ptr{Nothing}(0x00000000008c0e30)), SparseArrays.UMFPACK.Numeric{Float64, Int64}(Ptr{Nothing}(0x0000000000ba82d0)), 1, 1, [0, 1], [0], [-1.0], 0, SparseArrays.UMFPACK.UmfpackWS{Int64}([1], [-0.0]), [1.0, 0.2, 0.2, 0.1, 32.0, 0.0, 0.7, 0.0, 1.0, 0.3, 1.0, 1.0, 0.9, 0.0, 10.0, 0.001, 1.0, 0.5, 0.0, 1.0], [0.0, 1.0, 1.0, 16.0, 4.0, 8.0, 8.0, 8.0, 0.0, 0.0  …  0.0, 0.0, -1.0, -1.0, 2.0, 1.5999976312741637e-6, 1.5999976312741637e-6, -1.0, -1.0, -1.0], ReentrantLock()), false), JSimplex.PackedEta{Float64}[], [1.0], JSimplex.PackedEta{Float64}[], 0, nothing), JSimplex.SimplexScratch{Float64}(Bool[1, 0], [1.0], [-1.6e-6], [1.0], [0.0], [0.0, 0.0], [0.0, 0.0], Bool[0, 0], false, Int64[], Int64[], Float64[], Float64[], Int64[], nothing, nothing, false, Int64[], Int64[], 0, 0, JSimplex._PivotQualityBuffers{Float64, Float64}([0.0], [0.0], [-1.6e-6], [0.0], [0], JSimplex.SolveQualityScratch{Float64, Float64}([-1.6e-6], [-1.6e-6], [1.6e-6], [1], [0.0], [0.0]), JSimplex.SolveQualityScratch{Float64, Float64}([0.0], [0.0], [0.0], [0], Float64[], Float64[])), :none, 0.0, false, false, false, :limit, JSimplex.RefactorizationState{Float64}(0, 0, 20, 20, 512, false, false, false, nothing, 1.0, 1.0, 0, 1.0e8, 2, 2, 8.0, 0.0, 0.0, 0.0, 0, 0, 0, 0.0, 0.0, 0, 0, 9223372036854775807, 0, 0, 0, 0.0, :none), nothing, nothing, nothing, nothing, nothing, 0.0, 0.0, JSimplex.PerturbationJournal{Float64}(0xe866b0c46f56670c, [1.0, 0.0], [1.0, 0.0], false, false, 0, nothing, 0, 0, JSimplex.BoundPerturbationState{Float64}(Bound{Float64}[Bound{Float64}(0.0, true), Bound{Float64}(-1.6e-6, true)], Bound{Float64}[Bound{Float64}(0.0, false), Bound{Float64}(0.0, false)], Bound{Float64}[Bound{Float64}(-1.6e-6, true), Bound{Float64}(-1.6e-6, true)], Bound{Float64}[Bound{Float64}(0.0, false), Bound{Float64}(0.0, false)], true, 1, nothing, 0, 0)), true, true, sparse([1], [1], [1.0], 1, 1), JSimplex.BasisCheckpoint{Float64}[], 0x0000000000000000, Tuple{Int64, Int64}[], 0x0000000000000000, false, false, nothing), 0, 1, true, 0, false, false, 20, 0, 9223372036854775807, 0, 0), var"#5#6"())
  Stacktrace:
   [1] top-level scope
     @ /tmp/point_perturbation_probe.jl:19
   [2] macro expansion
     @ ~/.julia/juliaup/julia-1.13.0+0.aarch64.linux.gnu/share/julia/stdlib/v1.13/Test/src/Test.jl:1962 [inlined]
   [3] macro expansion
     @ /tmp/point_perturbation_probe.jl:29 [inlined]
   [4] macro expansion
     @ ~/.julia/juliaup/julia-1.13.0+0.aarch64.linux.gnu/share/julia/stdlib/v1.13/Test/src/Test.jl:753 [inlined]

Native point recovery certifies owned working bounds: Test Failed at /tmp/point_perturbation_probe.jl:30
  Expression: ws.primal == T[-margin, -margin]
   Evaluated: [0.0, -1.6e-6] == [-1.6e-6, -1.6e-6]
  Stacktrace:
   [1] top-level scope
     @ /tmp/point_perturbation_probe.jl:19
   [2] macro expansion
     @ ~/.julia/juliaup/julia-1.13.0+0.aarch64.linux.gnu/share/julia/stdlib/v1.13/Test/src/Test.jl:1962 [inlined]
   [3] macro expansion
     @ /tmp/point_perturbation_probe.jl:30 [inlined]
   [4] macro expansion
     @ ~/.julia/juliaup/julia-1.13.0+0.aarch64.linux.gnu/share/julia/stdlib/v1.13/Test/src/Test.jl:753 [inlined]

Native point recovery certifies owned working bounds: Test Failed at /tmp/point_perturbation_probe.jl:24
  Expression: JSimplex._legacy_primal_point_certified(ws)
   Evaluated: JSimplex._legacy_primal_point_certified(JSimplex.SimplexWorkspace{Float64, JSimplex.ForrestTomlinFactorization{Float64, JSimplex.UMFPACKBackend}, :forrest_tomlin, :native, Nothing}(LinearProblem{Float64}(sparse([1], [1], [1.0], 1, 1), [1.0], 0.0, MIN_SENSE, Bound{Float64}[Bound{Float64}(-1.6e-6, true)], Bound{Float64}[Bound{Float64}(0.0, false)], Bound{Float64}[Bound{Float64}(0.0, true)], Bound{Float64}[Bound{Float64}(0.0, false)], VariableDomain[CONTINUOUS], "", String[], String[]), SolverOptions{Float64, :forrest_tomlin, :native}(1.0e-7, 1.0e-7, 1.0e-12, 100000, Inf, 20, false, Debug, :primal, :steepest_edge, :forrest_tomlin, :native, :auto, true, :legacy), JSimplex.SimplexProgressContext{Float64, Nothing}(0x00007489f779d6de, [1.0], 0.0, JSimplex.Scaling{Float64}([1.0], [1.0]), 0, 0, nothing, JSimplex.NumericalPolicy{Float64}(5.684341886080802e-14, 1.4901161193847656e-8, 3, 8, 2, 64, 512, 1073741824, 8, false, false, false, false, false, false, false, false, true, false, false, false, false, false, false, false, false, false, false, false)), [1.0, 0.0], Bound{Float64}[Bound{Float64}(-1.6e-6, true), Bound{Float64}(-1.6e-6, true)], Bound{Float64}[Bound{Float64}(0.0, false), Bound{Float64}(0.0, false)], JSimplex.Basis([1], JSimplex.VariableState[JSimplex.BASIC, JSimplex.AT_LOWER]), [-1.6e-6, -1.6e-6], [0.0, 1.0], [1.0, 1.0], Bool[0, 1], JSimplex.ForrestTomlinFactorization{Float64, JSimplex.UMFPACKBackend}(JSimplex.UMFPACKBackend(SparseArrays.UMFPACK.UmfpackLU{Float64, Int64}(SparseArrays.UMFPACK.Symbolic{Float64, Int64}(Ptr{Nothing}(0x0000000000d67e60)), SparseArrays.UMFPACK.Numeric{Float64, Int64}(Ptr{Nothing}(0x00000000004ac870)), 1, 1, [0, 1], [0], [1.0], 0, SparseArrays.UMFPACK.UmfpackWS{Int64}([0], [1.0]), [1.0, 0.2, 0.2, 0.1, 32.0, 0.0, 0.7, 0.0, 1.0, 0.3, 1.0, 1.0, 0.9, 0.0, 10.0, 0.001, 1.0, 0.5, 0.0, 1.0], [0.0, 1.0, 1.0, 16.0, 4.0, 8.0, 8.0, 8.0, 0.0, 0.0  …  0.0, 0.0, -1.0, -1.0, 2.0, 3.00002284348011e-7, 3.00002284348011e-7, -1.0, -1.0, -1.0], ReentrantLock()), 1, SparseArrays.UMFPACK.UmfpackLU{Float64, Int64}(SparseArrays.UMFPACK.Symbolic{Float64, Int64}(Ptr{Nothing}(0x0000000000c54ad0)), SparseArrays.UMFPACK.Numeric{Float64, Int64}(Ptr{Nothing}(0x0000000000baa9a0)), 1, 1, [0, 1], [0], [-1.0], 0, SparseArrays.UMFPACK.UmfpackWS{Int64}([567519798633592], [-0.0]), [1.0, 0.2, 0.2, 0.1, 32.0, 0.0, 0.7, 0.0, 1.0, 0.3, 1.0, 1.0, 0.9, 0.0, 10.0, 0.001, 1.0, 0.5, 0.0, 1.0], [0.0, 1.0, 1.0, 16.0, 4.0, 8.0, 8.0, 8.0, 0.0, 0.0  …  0.0, 0.0, -1.0, -1.0, 2.0, 1.00000761449337e-6, 1.00000761449337e-6, -1.0, -1.0, -1.0], ReentrantLock()), false), JSimplex.PackedUpperColumn{Float64, Vector{Int64}}[JSimplex.PackedUpperColumn{Float64, Vector{Int64}}([1], [1.0])], [1], [1], JSimplex.ForrestTomlinUpdate{Float64}[], [1.0], [0.0], Vector{Int64}[], JSimplex.ForrestTomlinUpdate{Float64}[], 0, nothing, JSimplex.TriangularRowCache{Float64}([1], Tuple{Int64, Int64, Float64}[], 0, false, Int64[], false, 2, Int64[], JSimplex.TriangularSpikeCache{Float64}((JSimplex.PreparedTriangularSpike{Float64}(nothing, [1.369999134871175e-309], [1.369999097219895e-309]), JSimplex.PreparedTriangularSpike{Float64}(nothing, [1.36999892618923e-309], [1.369998308588833e-309])), 1))), JSimplex.SimplexScratch{Float64}(Bool[1, 0], [1.0], [-1.6e-6], [1.0], [0.0], [0.0, 0.0], [0.0, 0.0], Bool[0, 0], false, Int64[], Int64[], Float64[], Float64[], Int64[], nothing, nothing, false, Int64[], Int64[], 0, 0, nothing, :none, 0.0, false, false, false, :limit, JSimplex.RefactorizationState{Float64}(0, 0, 20, 20, 128, false, false, false, nothing, 1.0, 1.0, 0, 1.0e8, 3, 3, 8.0, 0.0, 0.0, 0.0, 0, 0, 0, 0.0, 0.0, 0, 0, 9223372036854775807, 0, 0, 0, 0.0, :none), nothing, nothing, nothing, nothing, nothing, 0.0, 0.0, JSimplex.PerturbationJournal{Float64}(0x2bbb00d5ecc3b016, [1.0, 0.0], [1.0, 0.0], false, false, 0, nothing, 0, 0, JSimplex.BoundPerturbationState{Float64}(Bound{Float64}[Bound{Float64}(0.0, true), Bound{Float64}(-1.6e-6, true)], Bound{Float64}[Bound{Float64}(0.0, false), Bound{Float64}(0.0, false)], Bound{Float64}[Bound{Float64}(-1.6e-6, true), Bound{Float64}(-1.6e-6, true)], Bound{Float64}[Bound{Float64}(0.0, false), Bound{Float64}(0.0, false)], true, 1, nothing, 0, 0)), true, true, sparse([1], [1], [1.0], 1, 1), JSimplex.BasisCheckpoint{Float64}[], 0x0000000000000000, Tuple{Int64, Int64}[], 0x0000000000000000, false, false, nothing), 0, 1, true, 0, false, false, 20, 0, 9223372036854775807, 0, 0))
  Stacktrace:
   [1] top-level scope
     @ /tmp/point_perturbation_probe.jl:19
   [2] macro expansion
     @ ~/.julia/juliaup/julia-1.13.0+0.aarch64.linux.gnu/share/julia/stdlib/v1.13/Test/src/Test.jl:1962 [inlined]
   [3] macro expansion
     @ /tmp/point_perturbation_probe.jl:24 [inlined]
   [4] macro expansion
     @ ~/.julia/juliaup/julia-1.13.0+0.aarch64.linux.gnu/share/julia/stdlib/v1.13/Test/src/Test.jl:753 [inlined]

Native point recovery certifies owned working bounds: Test Failed at /tmp/point_perturbation_probe.jl:26
  Expression: JSimplex._restore_legacy_primal_point!(ws, T[-margin], (()->begin
            #= /tmp/point_perturbation_probe.jl:26 =#
            false
        end))
   Evaluated: JSimplex._restore_legacy_primal_point!(JSimplex.SimplexWorkspace{Float64, JSimplex.ForrestTomlinFactorization{Float64, JSimplex.UMFPACKBackend}, :forrest_tomlin, :native, Nothing}(LinearProblem{Float64}(sparse([1], [1], [1.0], 1, 1), [1.0], 0.0, MIN_SENSE, Bound{Float64}[Bound{Float64}(-1.6e-6, true)], Bound{Float64}[Bound{Float64}(0.0, false)], Bound{Float64}[Bound{Float64}(0.0, true)], Bound{Float64}[Bound{Float64}(0.0, false)], VariableDomain[CONTINUOUS], "", String[], String[]), SolverOptions{Float64, :forrest_tomlin, :native}(1.0e-7, 1.0e-7, 1.0e-12, 100000, Inf, 20, false, Debug, :primal, :steepest_edge, :forrest_tomlin, :native, :auto, true, :legacy), JSimplex.SimplexProgressContext{Float64, Nothing}(0x00007489f779d6de, [1.0], 0.0, JSimplex.Scaling{Float64}([1.0], [1.0]), 0, 0, nothing, JSimplex.NumericalPolicy{Float64}(5.684341886080802e-14, 1.4901161193847656e-8, 3, 8, 2, 64, 512, 1073741824, 8, false, false, false, false, false, false, false, false, true, false, false, false, false, false, false, false, false, false, false, false)), [1.0, 0.0], Bound{Float64}[Bound{Float64}(-1.6e-6, true), Bound{Float64}(-1.6e-6, true)], Bound{Float64}[Bound{Float64}(0.0, false), Bound{Float64}(0.0, false)], JSimplex.Basis([1], JSimplex.VariableState[JSimplex.BASIC, JSimplex.AT_LOWER]), [0.0, -1.6e-6], [0.0, 1.0], [1.0, 1.0], Bool[0, 1], JSimplex.ForrestTomlinFactorization{Float64, JSimplex.UMFPACKBackend}(JSimplex.UMFPACKBackend(SparseArrays.UMFPACK.UmfpackLU{Float64, Int64}(SparseArrays.UMFPACK.Symbolic{Float64, Int64}(Ptr{Nothing}(0x0000000000d67e60)), SparseArrays.UMFPACK.Numeric{Float64, Int64}(Ptr{Nothing}(0x00000000004ac870)), 1, 1, [0, 1], [0], [1.0], 0, SparseArrays.UMFPACK.UmfpackWS{Int64}([0], [1.0]), [1.0, 0.2, 0.2, 0.1, 32.0, 0.0, 0.7, 0.0, 1.0, 0.3, 1.0, 1.0, 0.9, 0.0, 10.0, 0.001, 1.0, 0.5, 0.0, 1.0], [0.0, 1.0, 1.0, 16.0, 4.0, 8.0, 8.0, 8.0, 0.0, 0.0  …  0.0, 0.0, -1.0, -1.0, 2.0, 3.00002284348011e-7, 3.00002284348011e-7, -1.0, -1.0, -1.0], ReentrantLock()), 1, SparseArrays.UMFPACK.UmfpackLU{Float64, Int64}(SparseArrays.UMFPACK.Symbolic{Float64, Int64}(Ptr{Nothing}(0x0000000000c54ad0)), SparseArrays.UMFPACK.Numeric{Float64, Int64}(Ptr{Nothing}(0x0000000000baa9a0)), 1, 1, [0, 1], [0], [-1.0], 0, SparseArrays.UMFPACK.UmfpackWS{Int64}([567519798633592], [-0.0]), [1.0, 0.2, 0.2, 0.1, 32.0, 0.0, 0.7, 0.0, 1.0, 0.3, 1.0, 1.0, 0.9, 0.0, 10.0, 0.001, 1.0, 0.5, 0.0, 1.0], [0.0, 1.0, 1.0, 16.0, 4.0, 8.0, 8.0, 8.0, 0.0, 0.0  …  0.0, 0.0, -1.0, -1.0, 2.0, 1.00000761449337e-6, 1.00000761449337e-6, -1.0, -1.0, -1.0], ReentrantLock()), false), JSimplex.PackedUpperColumn{Float64, Vector{Int64}}[JSimplex.PackedUpperColumn{Float64, Vector{Int64}}([1], [1.0])], [1], [1], JSimplex.ForrestTomlinUpdate{Float64}[], [1.0], [0.0], Vector{Int64}[], JSimplex.ForrestTomlinUpdate{Float64}[], 0, nothing, JSimplex.TriangularRowCache{Float64}([1], Tuple{Int64, Int64, Float64}[], 0, false, Int64[], false, 2, Int64[], JSimplex.TriangularSpikeCache{Float64}((JSimplex.PreparedTriangularSpike{Float64}(nothing, [1.369999134871175e-309], [1.369999097219895e-309]), JSimplex.PreparedTriangularSpike{Float64}(nothing, [1.36999892618923e-309], [1.369998308588833e-309])), 1))), JSimplex.SimplexScratch{Float64}(Bool[1, 0], [1.0], [-1.6e-6], [1.0], [0.0], [0.0, 0.0], [0.0, 0.0], Bool[0, 0], false, Int64[], Int64[], Float64[], Float64[], Int64[], nothing, nothing, false, Int64[], Int64[], 0, 0, JSimplex._PivotQualityBuffers{Float64, Float64}([0.0], [0.0], [0.0], [0.0], [0], JSimplex.SolveQualityScratch{Float64, Float64}([-1.6e-6], [-1.6e-6], [1.6e-6], [1], [0.0], [0.0]), JSimplex.SolveQualityScratch{Float64, Float64}([0.0], [0.0], [0.0], [0], Float64[], Float64[])), :none, 0.0, false, false, false, :limit, JSimplex.RefactorizationState{Float64}(0, 0, 20, 20, 128, false, false, false, nothing, 1.0, 1.0, 0, 1.0e8, 3, 3, 8.0, 0.0, 0.0, 0.0, 0, 0, 0, 0.0, 0.0, 0, 0, 9223372036854775807, 0, 0, 0, 0.0, :none), nothing, nothing, nothing, nothing, nothing, 0.0, 0.0, JSimplex.PerturbationJournal{Float64}(0x2bbb00d5ecc3b016, [1.0, 0.0], [1.0, 0.0], false, false, 0, nothing, 0, 0, JSimplex.BoundPerturbationState{Float64}(Bound{Float64}[Bound{Float64}(0.0, true), Bound{Float64}(-1.6e-6, true)], Bound{Float64}[Bound{Float64}(0.0, false), Bound{Float64}(0.0, false)], Bound{Float64}[Bound{Float64}(-1.6e-6, true), Bound{Float64}(-1.6e-6, true)], Bound{Float64}[Bound{Float64}(0.0, false), Bound{Float64}(0.0, false)], true, 1, nothing, 0, 0)), true, true, sparse([1], [1], [1.0], 1, 1), JSimplex.BasisCheckpoint{Float64}[], 0x0000000000000000, Tuple{Int64, Int64}[], 0x0000000000000000, false, false, nothing), 0, 1, true, 0, false, false, 20, 0, 9223372036854775807, 0, 0), [-1.6e-6], var"#3#4"())
  Stacktrace:
   [1] top-level scope
     @ /tmp/point_perturbation_probe.jl:19
   [2] macro expansion
     @ ~/.julia/juliaup/julia-1.13.0+0.aarch64.linux.gnu/share/julia/stdlib/v1.13/Test/src/Test.jl:1962 [inlined]
   [3] macro expansion
     @ /tmp/point_perturbation_probe.jl:26 [inlined]
   [4] macro expansion
     @ ~/.julia/juliaup/julia-1.13.0+0.aarch64.linux.gnu/share/julia/stdlib/v1.13/Test/src/Test.jl:753 [inlined]

Native point recovery certifies owned working bounds: Test Failed at /tmp/point_perturbation_probe.jl:27
  Expression: ws.primal == T[-margin, -margin]
   Evaluated: [0.0, -1.6e-6] == [-1.6e-6, -1.6e-6]
  Stacktrace:
   [1] top-level scope
     @ /tmp/point_perturbation_probe.jl:19
   [2] macro expansion
     @ ~/.julia/juliaup/julia-1.13.0+0.aarch64.linux.gnu/share/julia/stdlib/v1.13/Test/src/Test.jl:1962 [inlined]
   [3] macro expansion
     @ /tmp/point_perturbation_probe.jl:27 [inlined]
   [4] macro expansion
     @ ~/.julia/juliaup/julia-1.13.0+0.aarch64.linux.gnu/share/julia/stdlib/v1.13/Test/src/Test.jl:753 [inlined]

Native point recovery certifies owned working bounds: Test Failed at /tmp/point_perturbation_probe.jl:29
  Expression: JSimplex._try_native_primal_point_correction!(ws, (()->begin
            #= /tmp/point_perturbation_probe.jl:29 =#
            false
        end))
   Evaluated: JSimplex._try_native_primal_point_correction!(JSimplex.SimplexWorkspace{Float64, JSimplex.ForrestTomlinFactorization{Float64, JSimplex.UMFPACKBackend}, :forrest_tomlin, :native, Nothing}(LinearProblem{Float64}(sparse([1], [1], [1.0], 1, 1), [1.0], 0.0, MIN_SENSE, Bound{Float64}[Bound{Float64}(-1.6e-6, true)], Bound{Float64}[Bound{Float64}(0.0, false)], Bound{Float64}[Bound{Float64}(0.0, true)], Bound{Float64}[Bound{Float64}(0.0, false)], VariableDomain[CONTINUOUS], "", String[], String[]), SolverOptions{Float64, :forrest_tomlin, :native}(1.0e-7, 1.0e-7, 1.0e-12, 100000, Inf, 20, false, Debug, :primal, :steepest_edge, :forrest_tomlin, :native, :auto, true, :legacy), JSimplex.SimplexProgressContext{Float64, Nothing}(0x00007489f779d6de, [1.0], 0.0, JSimplex.Scaling{Float64}([1.0], [1.0]), 0, 0, nothing, JSimplex.NumericalPolicy{Float64}(5.684341886080802e-14, 1.4901161193847656e-8, 3, 8, 2, 64, 512, 1073741824, 8, false, false, false, false, false, false, false, false, true, false, false, false, false, false, false, false, false, false, false, false)), [1.0, 0.0], Bound{Float64}[Bound{Float64}(-1.6e-6, true), Bound{Float64}(-1.6e-6, true)], Bound{Float64}[Bound{Float64}(0.0, false), Bound{Float64}(0.0, false)], JSimplex.Basis([1], JSimplex.VariableState[JSimplex.BASIC, JSimplex.AT_LOWER]), [0.0, -1.6e-6], [0.0, 1.0], [1.0, 1.0], Bool[0, 1], JSimplex.ForrestTomlinFactorization{Float64, JSimplex.UMFPACKBackend}(JSimplex.UMFPACKBackend(SparseArrays.UMFPACK.UmfpackLU{Float64, Int64}(SparseArrays.UMFPACK.Symbolic{Float64, Int64}(Ptr{Nothing}(0x0000000000d67e60)), SparseArrays.UMFPACK.Numeric{Float64, Int64}(Ptr{Nothing}(0x00000000004ac870)), 1, 1, [0, 1], [0], [1.0], 0, SparseArrays.UMFPACK.UmfpackWS{Int64}([0], [-1.6e-6]), [1.0, 0.2, 0.2, 0.1, 32.0, 0.0, 0.7, 0.0, 1.0, 0.3, 1.0, 1.0, 0.9, 0.0, 10.0, 0.001, 1.0, 0.5, 0.0, 1.0], [0.0, 1.0, 1.0, 16.0, 4.0, 8.0, 8.0, 8.0, 0.0, 0.0  …  0.0, 0.0, -1.0, -1.0, 2.0, 7.099995855242014e-6, 7.099995855242014e-6, -1.0, -1.0, -1.0], ReentrantLock()), 1, SparseArrays.UMFPACK.UmfpackLU{Float64, Int64}(SparseArrays.UMFPACK.Symbolic{Float64, Int64}(Ptr{Nothing}(0x0000000000c54ad0)), SparseArrays.UMFPACK.Numeric{Float64, Int64}(Ptr{Nothing}(0x0000000000baa9a0)), 1, 1, [0, 1], [0], [-1.0], 0, SparseArrays.UMFPACK.UmfpackWS{Int64}([567519798633592], [-0.0]), [1.0, 0.2, 0.2, 0.1, 32.0, 0.0, 0.7, 0.0, 1.0, 0.3, 1.0, 1.0, 0.9, 0.0, 10.0, 0.001, 1.0, 0.5, 0.0, 1.0], [0.0, 1.0, 1.0, 16.0, 4.0, 8.0, 8.0, 8.0, 0.0, 0.0  …  0.0, 0.0, -1.0, -1.0, 2.0, 1.00000761449337e-6, 1.00000761449337e-6, -1.0, -1.0, -1.0], ReentrantLock()), false), JSimplex.PackedUpperColumn{Float64, Vector{Int64}}[JSimplex.PackedUpperColumn{Float64, Vector{Int64}}([1], [1.0])], [1], [1], JSimplex.ForrestTomlinUpdate{Float64}[], [-1.6e-6], [0.0], Vector{Int64}[], JSimplex.ForrestTomlinUpdate{Float64}[], 0, nothing, JSimplex.TriangularRowCache{Float64}([1], Tuple{Int64, Int64, Float64}[], 0, false, Int64[], false, 2, Int64[], JSimplex.TriangularSpikeCache{Float64}((JSimplex.PreparedTriangularSpike{Float64}(nothing, [1.369999134871175e-309], [1.369999097219895e-309]), JSimplex.PreparedTriangularSpike{Float64}(nothing, [1.36999892618923e-309], [1.369998308588833e-309])), 2))), JSimplex.SimplexScratch{Float64}(Bool[1, 0], [1.0], [-1.6e-6], [1.0], [0.0], [0.0, 0.0], [0.0, 0.0], Bool[0, 0], false, Int64[], Int64[], Float64[], Float64[], Int64[], nothing, nothing, false, Int64[], Int64[], 0, 0, JSimplex._PivotQualityBuffers{Float64, Float64}([0.0], [0.0], [-1.6e-6], [0.0], [0], JSimplex.SolveQualityScratch{Float64, Float64}([-1.6e-6], [-1.6e-6], [1.6e-6], [1], [0.0], [0.0]), JSimplex.SolveQualityScratch{Float64, Float64}([0.0], [0.0], [0.0], [0], Float64[], Float64[])), :none, 0.0, false, false, false, :limit, JSimplex.RefactorizationState{Float64}(0, 0, 20, 20, 128, false, false, false, nothing, 1.0, 1.0, 0, 1.0e8, 3, 3, 8.0, 0.0, 0.0, 0.0, 0, 0, 0, 0.0, 0.0, 0, 0, 9223372036854775807, 0, 0, 0, 0.0, :none), nothing, nothing, nothing, nothing, nothing, 0.0, 0.0, JSimplex.PerturbationJournal{Float64}(0x2bbb00d5ecc3b016, [1.0, 0.0], [1.0, 0.0], false, false, 0, nothing, 0, 0, JSimplex.BoundPerturbationState{Float64}(Bound{Float64}[Bound{Float64}(0.0, true), Bound{Float64}(-1.6e-6, true)], Bound{Float64}[Bound{Float64}(0.0, false), Bound{Float64}(0.0, false)], Bound{Float64}[Bound{Float64}(-1.6e-6, true), Bound{Float64}(-1.6e-6, true)], Bound{Float64}[Bound{Float64}(0.0, false), Bound{Float64}(0.0, false)], true, 1, nothing, 0, 0)), true, true, sparse([1], [1], [1.0], 1, 1), JSimplex.BasisCheckpoint{Float64}[], 0x0000000000000000, Tuple{Int64, Int64}[], 0x0000000000000000, false, false, nothing), 0, 1, true, 0, false, false, 20, 0, 9223372036854775807, 0, 0), var"#5#6"())
  Stacktrace:
   [1] top-level scope
     @ /tmp/point_perturbation_probe.jl:19
   [2] macro expansion
     @ ~/.julia/juliaup/julia-1.13.0+0.aarch64.linux.gnu/share/julia/stdlib/v1.13/Test/src/Test.jl:1962 [inlined]
   [3] macro expansion
     @ /tmp/point_perturbation_probe.jl:29 [inlined]
   [4] macro expansion
     @ ~/.julia/juliaup/julia-1.13.0+0.aarch64.linux.gnu/share/julia/stdlib/v1.13/Test/src/Test.jl:753 [inlined]

Native point recovery certifies owned working bounds: Test Failed at /tmp/point_perturbation_probe.jl:30
  Expression: ws.primal == T[-margin, -margin]
   Evaluated: [0.0, -1.6e-6] == [-1.6e-6, -1.6e-6]
  Stacktrace:
   [1] top-level scope
     @ /tmp/point_perturbation_probe.jl:19
   [2] macro expansion
     @ ~/.julia/juliaup/julia-1.13.0+0.aarch64.linux.gnu/share/julia/stdlib/v1.13/Test/src/Test.jl:1962 [inlined]
   [3] macro expansion
     @ /tmp/point_perturbation_probe.jl:30 [inlined]
   [4] macro expansion
     @ ~/.julia/juliaup/julia-1.13.0+0.aarch64.linux.gnu/share/julia/stdlib/v1.13/Test/src/Test.jl:753 [inlined]

Native point recovery certifies owned working bounds: Test Failed at /tmp/point_perturbation_probe.jl:24
  Expression: JSimplex._legacy_primal_point_certified(ws)
   Evaluated: JSimplex._legacy_primal_point_certified(JSimplex.SimplexWorkspace{Float64, JSimplex.SuhlSuhlFactorization{Float64, JSimplex.UMFPACKBackend}, :suhl_suhl, :native, Nothing}(LinearProblem{Float64}(sparse([1], [1], [1.0], 1, 1), [1.0], 0.0, MIN_SENSE, Bound{Float64}[Bound{Float64}(-1.6e-6, true)], Bound{Float64}[Bound{Float64}(0.0, false)], Bound{Float64}[Bound{Float64}(0.0, true)], Bound{Float64}[Bound{Float64}(0.0, false)], VariableDomain[CONTINUOUS], "", String[], String[]), SolverOptions{Float64, :suhl_suhl, :native}(1.0e-7, 1.0e-7, 1.0e-12, 100000, Inf, 20, false, Debug, :primal, :steepest_edge, :suhl_suhl, :native, :auto, true, :legacy), JSimplex.SimplexProgressContext{Float64, Nothing}(0x00007489f9657e28, [1.0], 0.0, JSimplex.Scaling{Float64}([1.0], [1.0]), 0, 0, nothing, JSimplex.NumericalPolicy{Float64}(5.684341886080802e-14, 1.4901161193847656e-8, 3, 8, 2, 64, 512, 1073741824, 8, false, false, false, false, false, false, false, false, true, false, false, false, false, false, false, false, false, false, false, false)), [1.0, 0.0], Bound{Float64}[Bound{Float64}(-1.6e-6, true), Bound{Float64}(-1.6e-6, true)], Bound{Float64}[Bound{Float64}(0.0, false), Bound{Float64}(0.0, false)], JSimplex.Basis([1], JSimplex.VariableState[JSimplex.BASIC, JSimplex.AT_LOWER]), [-1.6e-6, -1.6e-6], [0.0, 1.0], [1.0, 1.0], Bool[0, 1], JSimplex.SuhlSuhlFactorization{Float64, JSimplex.UMFPACKBackend}(JSimplex.UMFPACKBackend(SparseArrays.UMFPACK.UmfpackLU{Float64, Int64}(SparseArrays.UMFPACK.Symbolic{Float64, Int64}(Ptr{Nothing}(0x00000000004ad4b0)), SparseArrays.UMFPACK.Numeric{Float64, Int64}(Ptr{Nothing}(0x0000000000d520c0)), 1, 1, [0, 1], [0], [1.0], 0, SparseArrays.UMFPACK.UmfpackWS{Int64}([0], [1.0]), [1.0, 0.2, 0.2, 0.1, 32.0, 0.0, 0.7, 0.0, 1.0, 0.3, 1.0, 1.0, 0.9, 0.0, 10.0, 0.001, 1.0, 0.5, 0.0, 1.0], [0.0, 1.0, 1.0, 16.0, 4.0, 8.0, 8.0, 8.0, 0.0, 0.0  …  0.0, 0.0, -1.0, -1.0, 2.0, 4.00003045797348e-7, 4.00003045797348e-7, -1.0, -1.0, -1.0], ReentrantLock()), 1, SparseArrays.UMFPACK.UmfpackLU{Float64, Int64}(SparseArrays.UMFPACK.Symbolic{Float64, Int64}(Ptr{Nothing}(0x00000000008871e0)), SparseArrays.UMFPACK.Numeric{Float64, Int64}(Ptr{Nothing}(0x0000000000b421e0)), 1, 1, [0, 1], [0], [-1.0], 0, SparseArrays.UMFPACK.UmfpackWS{Int64}([1], [-0.0]), [1.0, 0.2, 0.2, 0.1, 32.0, 0.0, 0.7, 0.0, 1.0, 0.3, 1.0, 1.0, 0.9, 0.0, 10.0, 0.001, 1.0, 0.5, 0.0, 1.0], [0.0, 1.0, 1.0, 16.0, 4.0, 8.0, 8.0, 8.0, 0.0, 0.0  …  0.0, 0.0, -1.0, -1.0, 2.0, 5.999900167807937e-7, 5.999900167807937e-7, -1.0, -1.0, -1.0], ReentrantLock()), false), JSimplex.PackedUpperColumn{Float64, Vector{Int64}}[JSimplex.PackedUpperColumn{Float64, Vector{Int64}}([1], [1.0])], [1], [1], JSimplex.SuhlSuhlUpdate{Float64}[], [1.0], [0.0], Vector{Int64}[], JSimplex.SuhlSuhlUpdate{Float64}[], 0, nothing, JSimplex.TriangularRowCache{Float64}([1], Tuple{Int64, Int64, Float64}[], 0, false, Int64[], false, 2, Int64[], JSimplex.TriangularSpikeCache{Float64}((JSimplex.PreparedTriangularSpike{Float64}(nothing, [1.36999846363027e-309], [1.36999848323321e-309]), JSimplex.PreparedTriangularSpike{Float64}(nothing, [1.36999848902501e-309], [2.130317216e-314])), 1))), JSimplex.SimplexScratch{Float64}(Bool[1, 0], [1.0], [-1.6e-6], [1.0], [0.0], [0.0, 0.0], [0.0, 0.0], Bool[0, 0], false, Int64[], Int64[], Float64[], Float64[], Int64[], nothing, nothing, false, Int64[], Int64[], 0, 0, nothing, :none, 0.0, false, false, false, :limit, JSimplex.RefactorizationState{Float64}(0, 0, 20, 20, 128, false, false, false, nothing, 1.0, 1.0, 0, 1.0e8, 3, 3, 8.0, 0.0, 0.0, 0.0, 0, 0, 0, 0.0, 0.0, 0, 0, 9223372036854775807, 0, 0, 0, 0.0, :none), nothing, nothing, nothing, nothing, nothing, 0.0, 0.0, JSimplex.PerturbationJournal{Float64}(0x661d0708e18777fb, [1.0, 0.0], [1.0, 0.0], false, false, 0, nothing, 0, 0, JSimplex.BoundPerturbationState{Float64}(Bound{Float64}[Bound{Float64}(0.0, true), Bound{Float64}(-1.6e-6, true)], Bound{Float64}[Bound{Float64}(0.0, false), Bound{Float64}(0.0, false)], Bound{Float64}[Bound{Float64}(-1.6e-6, true), Bound{Float64}(-1.6e-6, true)], Bound{Float64}[Bound{Float64}(0.0, false), Bound{Float64}(0.0, false)], true, 1, nothing, 0, 0)), true, true, sparse([1], [1], [1.0], 1, 1), JSimplex.BasisCheckpoint{Float64}[], 0x0000000000000000, Tuple{Int64, Int64}[], 0x0000000000000000, false, false, nothing), 0, 1, true, 0, false, false, 20, 0, 9223372036854775807, 0, 0))
  Stacktrace:
   [1] top-level scope
     @ /tmp/point_perturbation_probe.jl:19
   [2] macro expansion
     @ ~/.julia/juliaup/julia-1.13.0+0.aarch64.linux.gnu/share/julia/stdlib/v1.13/Test/src/Test.jl:1962 [inlined]
   [3] macro expansion
     @ /tmp/point_perturbation_probe.jl:24 [inlined]
   [4] macro expansion
     @ ~/.julia/juliaup/julia-1.13.0+0.aarch64.linux.gnu/share/julia/stdlib/v1.13/Test/src/Test.jl:753 [inlined]

Native point recovery certifies owned working bounds: Test Failed at /tmp/point_perturbation_probe.jl:26
  Expression: JSimplex._restore_legacy_primal_point!(ws, T[-margin], (()->begin
            #= /tmp/point_perturbation_probe.jl:26 =#
            false
        end))
   Evaluated: JSimplex._restore_legacy_primal_point!(JSimplex.SimplexWorkspace{Float64, JSimplex.SuhlSuhlFactorization{Float64, JSimplex.UMFPACKBackend}, :suhl_suhl, :native, Nothing}(LinearProblem{Float64}(sparse([1], [1], [1.0], 1, 1), [1.0], 0.0, MIN_SENSE, Bound{Float64}[Bound{Float64}(-1.6e-6, true)], Bound{Float64}[Bound{Float64}(0.0, false)], Bound{Float64}[Bound{Float64}(0.0, true)], Bound{Float64}[Bound{Float64}(0.0, false)], VariableDomain[CONTINUOUS], "", String[], String[]), SolverOptions{Float64, :suhl_suhl, :native}(1.0e-7, 1.0e-7, 1.0e-12, 100000, Inf, 20, false, Debug, :primal, :steepest_edge, :suhl_suhl, :native, :auto, true, :legacy), JSimplex.SimplexProgressContext{Float64, Nothing}(0x00007489f9657e28, [1.0], 0.0, JSimplex.Scaling{Float64}([1.0], [1.0]), 0, 0, nothing, JSimplex.NumericalPolicy{Float64}(5.684341886080802e-14, 1.4901161193847656e-8, 3, 8, 2, 64, 512, 1073741824, 8, false, false, false, false, false, false, false, false, true, false, false, false, false, false, false, false, false, false, false, false)), [1.0, 0.0], Bound{Float64}[Bound{Float64}(-1.6e-6, true), Bound{Float64}(-1.6e-6, true)], Bound{Float64}[Bound{Float64}(0.0, false), Bound{Float64}(0.0, false)], JSimplex.Basis([1], JSimplex.VariableState[JSimplex.BASIC, JSimplex.AT_LOWER]), [0.0, -1.6e-6], [0.0, 1.0], [1.0, 1.0], Bool[0, 1], JSimplex.SuhlSuhlFactorization{Float64, JSimplex.UMFPACKBackend}(JSimplex.UMFPACKBackend(SparseArrays.UMFPACK.UmfpackLU{Float64, Int64}(SparseArrays.UMFPACK.Symbolic{Float64, Int64}(Ptr{Nothing}(0x00000000004ad4b0)), SparseArrays.UMFPACK.Numeric{Float64, Int64}(Ptr{Nothing}(0x0000000000d520c0)), 1, 1, [0, 1], [0], [1.0], 0, SparseArrays.UMFPACK.UmfpackWS{Int64}([0], [1.0]), [1.0, 0.2, 0.2, 0.1, 32.0, 0.0, 0.7, 0.0, 1.0, 0.3, 1.0, 1.0, 0.9, 0.0, 10.0, 0.001, 1.0, 0.5, 0.0, 1.0], [0.0, 1.0, 1.0, 16.0, 4.0, 8.0, 8.0, 8.0, 0.0, 0.0  …  0.0, 0.0, -1.0, -1.0, 2.0, 4.00003045797348e-7, 4.00003045797348e-7, -1.0, -1.0, -1.0], ReentrantLock()), 1, SparseArrays.UMFPACK.UmfpackLU{Float64, Int64}(SparseArrays.UMFPACK.Symbolic{Float64, Int64}(Ptr{Nothing}(0x00000000008871e0)), SparseArrays.UMFPACK.Numeric{Float64, Int64}(Ptr{Nothing}(0x0000000000b421e0)), 1, 1, [0, 1], [0], [-1.0], 0, SparseArrays.UMFPACK.UmfpackWS{Int64}([1], [-0.0]), [1.0, 0.2, 0.2, 0.1, 32.0, 0.0, 0.7, 0.0, 1.0, 0.3, 1.0, 1.0, 0.9, 0.0, 10.0, 0.001, 1.0, 0.5, 0.0, 1.0], [0.0, 1.0, 1.0, 16.0, 4.0, 8.0, 8.0, 8.0, 0.0, 0.0  …  0.0, 0.0, -1.0, -1.0, 2.0, 5.999900167807937e-7, 5.999900167807937e-7, -1.0, -1.0, -1.0], ReentrantLock()), false), JSimplex.PackedUpperColumn{Float64, Vector{Int64}}[JSimplex.PackedUpperColumn{Float64, Vector{Int64}}([1], [1.0])], [1], [1], JSimplex.SuhlSuhlUpdate{Float64}[], [1.0], [0.0], Vector{Int64}[], JSimplex.SuhlSuhlUpdate{Float64}[], 0, nothing, JSimplex.TriangularRowCache{Float64}([1], Tuple{Int64, Int64, Float64}[], 0, false, Int64[], false, 2, Int64[], JSimplex.TriangularSpikeCache{Float64}((JSimplex.PreparedTriangularSpike{Float64}(nothing, [1.36999846363027e-309], [1.36999848323321e-309]), JSimplex.PreparedTriangularSpike{Float64}(nothing, [1.36999848902501e-309], [2.130317216e-314])), 1))), JSimplex.SimplexScratch{Float64}(Bool[1, 0], [1.0], [-1.6e-6], [1.0], [0.0], [0.0, 0.0], [0.0, 0.0], Bool[0, 0], false, Int64[], Int64[], Float64[], Float64[], Int64[], nothing, nothing, false, Int64[], Int64[], 0, 0, JSimplex._PivotQualityBuffers{Float64, Float64}([0.0], [0.0], [0.0], [0.0], [0], JSimplex.SolveQualityScratch{Float64, Float64}([-1.6e-6], [-1.6e-6], [1.6e-6], [1], [0.0], [0.0]), JSimplex.SolveQualityScratch{Float64, Float64}([0.0], [0.0], [0.0], [0], Float64[], Float64[])), :none, 0.0, false, false, false, :limit, JSimplex.RefactorizationState{Float64}(0, 0, 20, 20, 128, false, false, false, nothing, 1.0, 1.0, 0, 1.0e8, 3, 3, 8.0, 0.0, 0.0, 0.0, 0, 0, 0, 0.0, 0.0, 0, 0, 9223372036854775807, 0, 0, 0, 0.0, :none), nothing, nothing, nothing, nothing, nothing, 0.0, 0.0, JSimplex.PerturbationJournal{Float64}(0x661d0708e18777fb, [1.0, 0.0], [1.0, 0.0], false, false, 0, nothing, 0, 0, JSimplex.BoundPerturbationState{Float64}(Bound{Float64}[Bound{Float64}(0.0, true), Bound{Float64}(-1.6e-6, true)], Bound{Float64}[Bound{Float64}(0.0, false), Bound{Float64}(0.0, false)], Bound{Float64}[Bound{Float64}(-1.6e-6, true), Bound{Float64}(-1.6e-6, true)], Bound{Float64}[Bound{Float64}(0.0, false), Bound{Float64}(0.0, false)], true, 1, nothing, 0, 0)), true, true, sparse([1], [1], [1.0], 1, 1), JSimplex.BasisCheckpoint{Float64}[], 0x0000000000000000, Tuple{Int64, Int64}[], 0x0000000000000000, false, false, nothing), 0, 1, true, 0, false, false, 20, 0, 9223372036854775807, 0, 0), [-1.6e-6], var"#3#4"())
  Stacktrace:
   [1] top-level scope
     @ /tmp/point_perturbation_probe.jl:19
   [2] macro expansion
     @ ~/.julia/juliaup/julia-1.13.0+0.aarch64.linux.gnu/share/julia/stdlib/v1.13/Test/src/Test.jl:1962 [inlined]
   [3] macro expansion
     @ /tmp/point_perturbation_probe.jl:26 [inlined]
   [4] macro expansion
     @ ~/.julia/juliaup/julia-1.13.0+0.aarch64.linux.gnu/share/julia/stdlib/v1.13/Test/src/Test.jl:753 [inlined]

Native point recovery certifies owned working bounds: Test Failed at /tmp/point_perturbation_probe.jl:27
  Expression: ws.primal == T[-margin, -margin]
   Evaluated: [0.0, -1.6e-6] == [-1.6e-6, -1.6e-6]
  Stacktrace:
   [1] top-level scope
     @ /tmp/point_perturbation_probe.jl:19
   [2] macro expansion
     @ ~/.julia/juliaup/julia-1.13.0+0.aarch64.linux.gnu/share/julia/stdlib/v1.13/Test/src/Test.jl:1962 [inlined]
   [3] macro expansion
     @ /tmp/point_perturbation_probe.jl:27 [inlined]
   [4] macro expansion
     @ ~/.julia/juliaup/julia-1.13.0+0.aarch64.linux.gnu/share/julia/stdlib/v1.13/Test/src/Test.jl:753 [inlined]

Native point recovery certifies owned working bounds: Test Failed at /tmp/point_perturbation_probe.jl:29
  Expression: JSimplex._try_native_primal_point_correction!(ws, (()->begin
            #= /tmp/point_perturbation_probe.jl:29 =#
            false
        end))
   Evaluated: JSimplex._try_native_primal_point_correction!(JSimplex.SimplexWorkspace{Float64, JSimplex.SuhlSuhlFactorization{Float64, JSimplex.UMFPACKBackend}, :suhl_suhl, :native, Nothing}(LinearProblem{Float64}(sparse([1], [1], [1.0], 1, 1), [1.0], 0.0, MIN_SENSE, Bound{Float64}[Bound{Float64}(-1.6e-6, true)], Bound{Float64}[Bound{Float64}(0.0, false)], Bound{Float64}[Bound{Float64}(0.0, true)], Bound{Float64}[Bound{Float64}(0.0, false)], VariableDomain[CONTINUOUS], "", String[], String[]), SolverOptions{Float64, :suhl_suhl, :native}(1.0e-7, 1.0e-7, 1.0e-12, 100000, Inf, 20, false, Debug, :primal, :steepest_edge, :suhl_suhl, :native, :auto, true, :legacy), JSimplex.SimplexProgressContext{Float64, Nothing}(0x00007489f9657e28, [1.0], 0.0, JSimplex.Scaling{Float64}([1.0], [1.0]), 0, 0, nothing, JSimplex.NumericalPolicy{Float64}(5.684341886080802e-14, 1.4901161193847656e-8, 3, 8, 2, 64, 512, 1073741824, 8, false, false, false, false, false, false, false, false, true, false, false, false, false, false, false, false, false, false, false, false)), [1.0, 0.0], Bound{Float64}[Bound{Float64}(-1.6e-6, true), Bound{Float64}(-1.6e-6, true)], Bound{Float64}[Bound{Float64}(0.0, false), Bound{Float64}(0.0, false)], JSimplex.Basis([1], JSimplex.VariableState[JSimplex.BASIC, JSimplex.AT_LOWER]), [0.0, -1.6e-6], [0.0, 1.0], [1.0, 1.0], Bool[0, 1], JSimplex.SuhlSuhlFactorization{Float64, JSimplex.UMFPACKBackend}(JSimplex.UMFPACKBackend(SparseArrays.UMFPACK.UmfpackLU{Float64, Int64}(SparseArrays.UMFPACK.Symbolic{Float64, Int64}(Ptr{Nothing}(0x00000000004ad4b0)), SparseArrays.UMFPACK.Numeric{Float64, Int64}(Ptr{Nothing}(0x0000000000d520c0)), 1, 1, [0, 1], [0], [1.0], 0, SparseArrays.UMFPACK.UmfpackWS{Int64}([0], [-1.6e-6]), [1.0, 0.2, 0.2, 0.1, 32.0, 0.0, 0.7, 0.0, 1.0, 0.3, 1.0, 1.0, 0.9, 0.0, 10.0, 0.001, 1.0, 0.5, 0.0, 1.0], [0.0, 1.0, 1.0, 16.0, 4.0, 8.0, 8.0, 8.0, 0.0, 0.0  …  0.0, 0.0, -1.0, -1.0, 2.0, 6.999907782301307e-7, 6.999907782301307e-7, -1.0, -1.0, -1.0], ReentrantLock()), 1, SparseArrays.UMFPACK.UmfpackLU{Float64, Int64}(SparseArrays.UMFPACK.Symbolic{Float64, Int64}(Ptr{Nothing}(0x00000000008871e0)), SparseArrays.UMFPACK.Numeric{Float64, Int64}(Ptr{Nothing}(0x0000000000b421e0)), 1, 1, [0, 1], [0], [-1.0], 0, SparseArrays.UMFPACK.UmfpackWS{Int64}([1], [-0.0]), [1.0, 0.2, 0.2, 0.1, 32.0, 0.0, 0.7, 0.0, 1.0, 0.3, 1.0, 1.0, 0.9, 0.0, 10.0, 0.001, 1.0, 0.5, 0.0, 1.0], [0.0, 1.0, 1.0, 16.0, 4.0, 8.0, 8.0, 8.0, 0.0, 0.0  …  0.0, 0.0, -1.0, -1.0, 2.0, 5.999900167807937e-7, 5.999900167807937e-7, -1.0, -1.0, -1.0], ReentrantLock()), false), JSimplex.PackedUpperColumn{Float64, Vector{Int64}}[JSimplex.PackedUpperColumn{Float64, Vector{Int64}}([1], [1.0])], [1], [1], JSimplex.SuhlSuhlUpdate{Float64}[], [-1.6e-6], [0.0], Vector{Int64}[], JSimplex.SuhlSuhlUpdate{Float64}[], 0, nothing, JSimplex.TriangularRowCache{Float64}([1], Tuple{Int64, Int64, Float64}[], 0, false, Int64[], false, 2, Int64[], JSimplex.TriangularSpikeCache{Float64}((JSimplex.PreparedTriangularSpike{Float64}(nothing, [1.36999846363027e-309], [1.36999848323321e-309]), JSimplex.PreparedTriangularSpike{Float64}(nothing, [1.36999848902501e-309], [2.130317216e-314])), 2))), JSimplex.SimplexScratch{Float64}(Bool[1, 0], [1.0], [-1.6e-6], [1.0], [0.0], [0.0, 0.0], [0.0, 0.0], Bool[0, 0], false, Int64[], Int64[], Float64[], Float64[], Int64[], nothing, nothing, false, Int64[], Int64[], 0, 0, JSimplex._PivotQualityBuffers{Float64, Float64}([0.0], [0.0], [-1.6e-6], [0.0], [0], JSimplex.SolveQualityScratch{Float64, Float64}([-1.6e-6], [-1.6e-6], [1.6e-6], [1], [0.0], [0.0]), JSimplex.SolveQualityScratch{Float64, Float64}([0.0], [0.0], [0.0], [0], Float64[], Float64[])), :none, 0.0, false, false, false, :limit, JSimplex.RefactorizationState{Float64}(0, 0, 20, 20, 128, false, false, false, nothing, 1.0, 1.0, 0, 1.0e8, 3, 3, 8.0, 0.0, 0.0, 0.0, 0, 0, 0, 0.0, 0.0, 0, 0, 9223372036854775807, 0, 0, 0, 0.0, :none), nothing, nothing, nothing, nothing, nothing, 0.0, 0.0, JSimplex.PerturbationJournal{Float64}(0x661d0708e18777fb, [1.0, 0.0], [1.0, 0.0], false, false, 0, nothing, 0, 0, JSimplex.BoundPerturbationState{Float64}(Bound{Float64}[Bound{Float64}(0.0, true), Bound{Float64}(-1.6e-6, true)], Bound{Float64}[Bound{Float64}(0.0, false), Bound{Float64}(0.0, false)], Bound{Float64}[Bound{Float64}(-1.6e-6, true), Bound{Float64}(-1.6e-6, true)], Bound{Float64}[Bound{Float64}(0.0, false), Bound{Float64}(0.0, false)], true, 1, nothing, 0, 0)), true, true, sparse([1], [1], [1.0], 1, 1), JSimplex.BasisCheckpoint{Float64}[], 0x0000000000000000, Tuple{Int64, Int64}[], 0x0000000000000000, false, false, nothing), 0, 1, true, 0, false, false, 20, 0, 9223372036854775807, 0, 0), var"#5#6"())
  Stacktrace:
   [1] top-level scope
     @ /tmp/point_perturbation_probe.jl:19
   [2] macro expansion
     @ ~/.julia/juliaup/julia-1.13.0+0.aarch64.linux.gnu/share/julia/stdlib/v1.13/Test/src/Test.jl:1962 [inlined]
   [3] macro expansion
     @ /tmp/point_perturbation_probe.jl:29 [inlined]
   [4] macro expansion
     @ ~/.julia/juliaup/julia-1.13.0+0.aarch64.linux.gnu/share/julia/stdlib/v1.13/Test/src/Test.jl:753 [inlined]

Native point recovery certifies owned working bounds: Test Failed at /tmp/point_perturbation_probe.jl:30
  Expression: ws.primal == T[-margin, -margin]
   Evaluated: [0.0, -1.6e-6] == [-1.6e-6, -1.6e-6]
  Stacktrace:
   [1] top-level scope
     @ /tmp/point_perturbation_probe.jl:19
   [2] macro expansion
     @ ~/.julia/juliaup/julia-1.13.0+0.aarch64.linux.gnu/share/julia/stdlib/v1.13/Test/src/Test.jl:1962 [inlined]
   [3] macro expansion
     @ /tmp/point_perturbation_probe.jl:30 [inlined]
   [4] macro expansion
     @ ~/.julia/juliaup/julia-1.13.0+0.aarch64.linux.gnu/share/julia/stdlib/v1.13/Test/src/Test.jl:753 [inlined]

Native point recovery certifies owned working bounds: Test Failed at /tmp/point_perturbation_probe.jl:24
  Expression: JSimplex._legacy_primal_point_certified(ws)
   Evaluated: JSimplex._legacy_primal_point_certified(JSimplex.SimplexWorkspace{Float64, JSimplex.BartelsGolubFactorization{Float64, JSimplex.UMFPACKBackend}, :bartels_golub, :native, Nothing}(LinearProblem{Float64}(sparse([1], [1], [1.0], 1, 1), [1.0], 0.0, MIN_SENSE, Bound{Float64}[Bound{Float64}(-1.6e-6, true)], Bound{Float64}[Bound{Float64}(0.0, false)], Bound{Float64}[Bound{Float64}(0.0, true)], Bound{Float64}[Bound{Float64}(0.0, false)], VariableDomain[CONTINUOUS], "", String[], String[]), SolverOptions{Float64, :bartels_golub, :native}(1.0e-7, 1.0e-7, 1.0e-12, 100000, Inf, 20, false, Debug, :primal, :steepest_edge, :bartels_golub, :native, :auto, true, :legacy), JSimplex.SimplexProgressContext{Float64, Nothing}(0x00007489fb1cc2e6, [1.0], 0.0, JSimplex.Scaling{Float64}([1.0], [1.0]), 0, 0, nothing, JSimplex.NumericalPolicy{Float64}(5.684341886080802e-14, 1.4901161193847656e-8, 3, 8, 2, 64, 512, 1073741824, 8, false, false, false, false, false, false, false, false, true, false, false, false, false, false, false, false, false, false, false, false)), [1.0, 0.0], Bound{Float64}[Bound{Float64}(-1.6e-6, true), Bound{Float64}(-1.6e-6, true)], Bound{Float64}[Bound{Float64}(0.0, false), Bound{Float64}(0.0, false)], JSimplex.Basis([1], JSimplex.VariableState[JSimplex.BASIC, JSimplex.AT_LOWER]), [-1.6e-6, -1.6e-6], [0.0, 1.0], [1.0, 1.0], Bool[0, 1], JSimplex.BartelsGolubFactorization{Float64, JSimplex.UMFPACKBackend}(JSimplex.UMFPACKBackend(SparseArrays.UMFPACK.UmfpackLU{Float64, Int64}(SparseArrays.UMFPACK.Symbolic{Float64, Int64}(Ptr{Nothing}(0x0000000000d80970)), SparseArrays.UMFPACK.Numeric{Float64, Int64}(Ptr{Nothing}(0x0000000000ace2b0)), 1, 1, [0, 1], [0], [1.0], 0, SparseArrays.UMFPACK.UmfpackWS{Int64}([5], [1.0]), [1.0, 0.2, 0.2, 0.1, 32.0, 0.0, 0.7, 0.0, 1.0, 0.3, 1.0, 1.0, 0.9, 0.0, 10.0, 0.001, 1.0, 0.5, 0.0, 1.0], [0.0, 1.0, 1.0, 16.0, 4.0, 8.0, 8.0, 8.0, 0.0, 0.0  …  0.0, 0.0, -1.0, -1.0, 2.0, 1.00000761449337e-7, 1.00000761449337e-7, -1.0, -1.0, -1.0], ReentrantLock()), 1, SparseArrays.UMFPACK.UmfpackLU{Float64, Int64}(SparseArrays.UMFPACK.Symbolic{Float64, Int64}(Ptr{Nothing}(0x0000000000ba8890)), SparseArrays.UMFPACK.Numeric{Float64, Int64}(Ptr{Nothing}(0x0000000000b71f90)), 1, 1, [0, 1], [0], [-1.0], 0, SparseArrays.UMFPACK.UmfpackWS{Int64}([3], [-0.0]), [1.0, 0.2, 0.2, 0.1, 32.0, 0.0, 0.7, 0.0, 1.0, 0.3, 1.0, 1.0, 0.9, 0.0, 10.0, 0.001, 1.0, 0.5, 0.0, 1.0], [0.0, 1.0, 1.0, 16.0, 4.0, 8.0, 8.0, 8.0, 0.0, 0.0  …  0.0, 0.0, -1.0, -1.0, 2.0, 6.999907782301307e-7, 6.999907782301307e-7, -1.0, -1.0, -1.0], ReentrantLock()), false), JSimplex.PackedUpperColumn{Float64, JSimplex.UpperRowIndices}[JSimplex.PackedUpperColumn{Float64, JSimplex.UpperRowIndices}([1], [1.0])], [1], [1], JSimplex.BartelsGolubUpdate{Float64}[], [1.0], [1.0], [Int64[]], Int64[], JSimplex.BartelsGolubUpdate{Float64}[], 0, nothing, JSimplex.TriangularRowCache{Float64}([1], Tuple{Int64, Int64, Float64}[], 0, false, Int64[], false, 2, Int64[], JSimplex.TriangularSpikeCache{Float64}((JSimplex.PreparedTriangularSpike{Float64}(nothing, [1.369998487359016e-309], [1.369998487359016e-309]), JSimplex.PreparedTriangularSpike{Float64}(nothing, [1.36998563810646e-309], [1.36998563097294e-309])), 1)), false), JSimplex.SimplexScratch{Float64}(Bool[1, 0], [1.0], [-1.6e-6], [1.0], [0.0], [0.0, 0.0], [0.0, 0.0], Bool[0, 0], false, Int64[], Int64[], Float64[], Float64[], Int64[], nothing, nothing, false, Int64[], Int64[], 0, 0, nothing, :none, 0.0, false, false, false, :limit, JSimplex.RefactorizationState{Float64}(0, 0, 20, 20, 128, false, false, false, nothing, 1.0, 1.0, 0, 1.0e8, 3, 3, 8.0, 0.0, 0.0, 0.0, 0, 0, 0, 0.0, 0.0, 0, 0, 9223372036854775807, 0, 0, 0, 0.0, :none), nothing, nothing, nothing, nothing, nothing, 0.0, 0.0, JSimplex.PerturbationJournal{Float64}(0x02277b1819af4b0b, [1.0, 0.0], [1.0, 0.0], false, false, 0, nothing, 0, 0, JSimplex.BoundPerturbationState{Float64}(Bound{Float64}[Bound{Float64}(0.0, true), Bound{Float64}(-1.6e-6, true)], Bound{Float64}[Bound{Float64}(0.0, false), Bound{Float64}(0.0, false)], Bound{Float64}[Bound{Float64}(-1.6e-6, true), Bound{Float64}(-1.6e-6, true)], Bound{Float64}[Bound{Float64}(0.0, false), Bound{Float64}(0.0, false)], true, 1, nothing, 0, 0)), true, true, sparse([1], [1], [1.0], 1, 1), JSimplex.BasisCheckpoint{Float64}[], 0x0000000000000000, Tuple{Int64, Int64}[], 0x0000000000000000, false, false, nothing), 0, 1, true, 0, false, false, 20, 0, 9223372036854775807, 0, 0))
  Stacktrace:
   [1] top-level scope
     @ /tmp/point_perturbation_probe.jl:19
   [2] macro expansion
     @ ~/.julia/juliaup/julia-1.13.0+0.aarch64.linux.gnu/share/julia/stdlib/v1.13/Test/src/Test.jl:1962 [inlined]
   [3] macro expansion
     @ /tmp/point_perturbation_probe.jl:24 [inlined]
   [4] macro expansion
     @ ~/.julia/juliaup/julia-1.13.0+0.aarch64.linux.gnu/share/julia/stdlib/v1.13/Test/src/Test.jl:753 [inlined]

Native point recovery certifies owned working bounds: Test Failed at /tmp/point_perturbation_probe.jl:26
  Expression: JSimplex._restore_legacy_primal_point!(ws, T[-margin], (()->begin
            #= /tmp/point_perturbation_probe.jl:26 =#
            false
        end))
   Evaluated: JSimplex._restore_legacy_primal_point!(JSimplex.SimplexWorkspace{Float64, JSimplex.BartelsGolubFactorization{Float64, JSimplex.UMFPACKBackend}, :bartels_golub, :native, Nothing}(LinearProblem{Float64}(sparse([1], [1], [1.0], 1, 1), [1.0], 0.0, MIN_SENSE, Bound{Float64}[Bound{Float64}(-1.6e-6, true)], Bound{Float64}[Bound{Float64}(0.0, false)], Bound{Float64}[Bound{Float64}(0.0, true)], Bound{Float64}[Bound{Float64}(0.0, false)], VariableDomain[CONTINUOUS], "", String[], String[]), SolverOptions{Float64, :bartels_golub, :native}(1.0e-7, 1.0e-7, 1.0e-12, 100000, Inf, 20, false, Debug, :primal, :steepest_edge, :bartels_golub, :native, :auto, true, :legacy), JSimplex.SimplexProgressContext{Float64, Nothing}(0x00007489fb1cc2e6, [1.0], 0.0, JSimplex.Scaling{Float64}([1.0], [1.0]), 0, 0, nothing, JSimplex.NumericalPolicy{Float64}(5.684341886080802e-14, 1.4901161193847656e-8, 3, 8, 2, 64, 512, 1073741824, 8, false, false, false, false, false, false, false, false, true, false, false, false, false, false, false, false, false, false, false, false)), [1.0, 0.0], Bound{Float64}[Bound{Float64}(-1.6e-6, true), Bound{Float64}(-1.6e-6, true)], Bound{Float64}[Bound{Float64}(0.0, false), Bound{Float64}(0.0, false)], JSimplex.Basis([1], JSimplex.VariableState[JSimplex.BASIC, JSimplex.AT_LOWER]), [0.0, -1.6e-6], [0.0, 1.0], [1.0, 1.0], Bool[0, 1], JSimplex.BartelsGolubFactorization{Float64, JSimplex.UMFPACKBackend}(JSimplex.UMFPACKBackend(SparseArrays.UMFPACK.UmfpackLU{Float64, Int64}(SparseArrays.UMFPACK.Symbolic{Float64, Int64}(Ptr{Nothing}(0x0000000000d80970)), SparseArrays.UMFPACK.Numeric{Float64, Int64}(Ptr{Nothing}(0x0000000000ace2b0)), 1, 1, [0, 1], [0], [1.0], 0, SparseArrays.UMFPACK.UmfpackWS{Int64}([5], [1.0]), [1.0, 0.2, 0.2, 0.1, 32.0, 0.0, 0.7, 0.0, 1.0, 0.3, 1.0, 1.0, 0.9, 0.0, 10.0, 0.001, 1.0, 0.5, 0.0, 1.0], [0.0, 1.0, 1.0, 16.0, 4.0, 8.0, 8.0, 8.0, 0.0, 0.0  …  0.0, 0.0, -1.0, -1.0, 2.0, 1.00000761449337e-7, 1.00000761449337e-7, -1.0, -1.0, -1.0], ReentrantLock()), 1, SparseArrays.UMFPACK.UmfpackLU{Float64, Int64}(SparseArrays.UMFPACK.Symbolic{Float64, Int64}(Ptr{Nothing}(0x0000000000ba8890)), SparseArrays.UMFPACK.Numeric{Float64, Int64}(Ptr{Nothing}(0x0000000000b71f90)), 1, 1, [0, 1], [0], [-1.0], 0, SparseArrays.UMFPACK.UmfpackWS{Int64}([3], [-0.0]), [1.0, 0.2, 0.2, 0.1, 32.0, 0.0, 0.7, 0.0, 1.0, 0.3, 1.0, 1.0, 0.9, 0.0, 10.0, 0.001, 1.0, 0.5, 0.0, 1.0], [0.0, 1.0, 1.0, 16.0, 4.0, 8.0, 8.0, 8.0, 0.0, 0.0  …  0.0, 0.0, -1.0, -1.0, 2.0, 6.999907782301307e-7, 6.999907782301307e-7, -1.0, -1.0, -1.0], ReentrantLock()), false), JSimplex.PackedUpperColumn{Float64, JSimplex.UpperRowIndices}[JSimplex.PackedUpperColumn{Float64, JSimplex.UpperRowIndices}([1], [1.0])], [1], [1], JSimplex.BartelsGolubUpdate{Float64}[], [1.0], [1.0], [Int64[]], Int64[], JSimplex.BartelsGolubUpdate{Float64}[], 0, nothing, JSimplex.TriangularRowCache{Float64}([1], Tuple{Int64, Int64, Float64}[], 0, false, Int64[], false, 2, Int64[], JSimplex.TriangularSpikeCache{Float64}((JSimplex.PreparedTriangularSpike{Float64}(nothing, [1.369998487359016e-309], [1.369998487359016e-309]), JSimplex.PreparedTriangularSpike{Float64}(nothing, [1.36998563810646e-309], [1.36998563097294e-309])), 1)), false), JSimplex.SimplexScratch{Float64}(Bool[1, 0], [1.0], [-1.6e-6], [1.0], [0.0], [0.0, 0.0], [0.0, 0.0], Bool[0, 0], false, Int64[], Int64[], Float64[], Float64[], Int64[], nothing, nothing, false, Int64[], Int64[], 0, 0, JSimplex._PivotQualityBuffers{Float64, Float64}([0.0], [0.0], [0.0], [0.0], [0], JSimplex.SolveQualityScratch{Float64, Float64}([-1.6e-6], [-1.6e-6], [1.6e-6], [1], [0.0], [0.0]), JSimplex.SolveQualityScratch{Float64, Float64}([0.0], [0.0], [0.0], [0], Float64[], Float64[])), :none, 0.0, false, false, false, :limit, JSimplex.RefactorizationState{Float64}(0, 0, 20, 20, 128, false, false, false, nothing, 1.0, 1.0, 0, 1.0e8, 3, 3, 8.0, 0.0, 0.0, 0.0, 0, 0, 0, 0.0, 0.0, 0, 0, 9223372036854775807, 0, 0, 0, 0.0, :none), nothing, nothing, nothing, nothing, nothing, 0.0, 0.0, JSimplex.PerturbationJournal{Float64}(0x02277b1819af4b0b, [1.0, 0.0], [1.0, 0.0], false, false, 0, nothing, 0, 0, JSimplex.BoundPerturbationState{Float64}(Bound{Float64}[Bound{Float64}(0.0, true), Bound{Float64}(-1.6e-6, true)], Bound{Float64}[Bound{Float64}(0.0, false), Bound{Float64}(0.0, false)], Bound{Float64}[Bound{Float64}(-1.6e-6, true), Bound{Float64}(-1.6e-6, true)], Bound{Float64}[Bound{Float64}(0.0, false), Bound{Float64}(0.0, false)], true, 1, nothing, 0, 0)), true, true, sparse([1], [1], [1.0], 1, 1), JSimplex.BasisCheckpoint{Float64}[], 0x0000000000000000, Tuple{Int64, Int64}[], 0x0000000000000000, false, false, nothing), 0, 1, true, 0, false, false, 20, 0, 9223372036854775807, 0, 0), [-1.6e-6], var"#3#4"())
  Stacktrace:
   [1] top-level scope
     @ /tmp/point_perturbation_probe.jl:19
   [2] macro expansion
     @ ~/.julia/juliaup/julia-1.13.0+0.aarch64.linux.gnu/share/julia/stdlib/v1.13/Test/src/Test.jl:1962 [inlined]
   [3] macro expansion
     @ /tmp/point_perturbation_probe.jl:26 [inlined]
   [4] macro expansion
     @ ~/.julia/juliaup/julia-1.13.0+0.aarch64.linux.gnu/share/julia/stdlib/v1.13/Test/src/Test.jl:753 [inlined]

Native point recovery certifies owned working bounds: Test Failed at /tmp/point_perturbation_probe.jl:27
  Expression: ws.primal == T[-margin, -margin]
   Evaluated: [0.0, -1.6e-6] == [-1.6e-6, -1.6e-6]
  Stacktrace:
   [1] top-level scope
     @ /tmp/point_perturbation_probe.jl:19
   [2] macro expansion
     @ ~/.julia/juliaup/julia-1.13.0+0.aarch64.linux.gnu/share/julia/stdlib/v1.13/Test/src/Test.jl:1962 [inlined]
   [3] macro expansion
     @ /tmp/point_perturbation_probe.jl:27 [inlined]
   [4] macro expansion
     @ ~/.julia/juliaup/julia-1.13.0+0.aarch64.linux.gnu/share/julia/stdlib/v1.13/Test/src/Test.jl:753 [inlined]

Native point recovery certifies owned working bounds: Test Failed at /tmp/point_perturbation_probe.jl:29
  Expression: JSimplex._try_native_primal_point_correction!(ws, (()->begin
            #= /tmp/point_perturbation_probe.jl:29 =#
            false
        end))
   Evaluated: ERROR: LoadError: Some tests did not pass: 24 passed, 40 failed, 0 errored, 0 broken.
in expression starting at /tmp/point_perturbation_probe.jl:18
JSimplex._try_native_primal_point_correction!(JSimplex.SimplexWorkspace{Float64, JSimplex.BartelsGolubFactorization{Float64, JSimplex.UMFPACKBackend}, :bartels_golub, :native, Nothing}(LinearProblem{Float64}(sparse([1], [1], [1.0], 1, 1), [1.0], 0.0, MIN_SENSE, Bound{Float64}[Bound{Float64}(-1.6e-6, true)], Bound{Float64}[Bound{Float64}(0.0, false)], Bound{Float64}[Bound{Float64}(0.0, true)], Bound{Float64}[Bound{Float64}(0.0, false)], VariableDomain[CONTINUOUS], "", String[], String[]), SolverOptions{Float64, :bartels_golub, :native}(1.0e-7, 1.0e-7, 1.0e-12, 100000, Inf, 20, false, Debug, :primal, :steepest_edge, :bartels_golub, :native, :auto, true, :legacy), JSimplex.SimplexProgressContext{Float64, Nothing}(0x00007489fb1cc2e6, [1.0], 0.0, JSimplex.Scaling{Float64}([1.0], [1.0]), 0, 0, nothing, JSimplex.NumericalPolicy{Float64}(5.684341886080802e-14, 1.4901161193847656e-8, 3, 8, 2, 64, 512, 1073741824, 8, false, false, false, false, false, false, false, false, true, false, false, false, false, false, false, false, false, false, false, false)), [1.0, 0.0], Bound{Float64}[Bound{Float64}(-1.6e-6, true), Bound{Float64}(-1.6e-6, true)], Bound{Float64}[Bound{Float64}(0.0, false), Bound{Float64}(0.0, false)], JSimplex.Basis([1], JSimplex.VariableState[JSimplex.BASIC, JSimplex.AT_LOWER]), [0.0, -1.6e-6], [0.0, 1.0], [1.0, 1.0], Bool[0, 1], JSimplex.BartelsGolubFactorization{Float64, JSimplex.UMFPACKBackend}(JSimplex.UMFPACKBackend(SparseArrays.UMFPACK.UmfpackLU{Float64, Int64}(SparseArrays.UMFPACK.Symbolic{Float64, Int64}(Ptr{Nothing}(0x0000000000d80970)), SparseArrays.UMFPACK.Numeric{Float64, Int64}(Ptr{Nothing}(0x0000000000ace2b0)), 1, 1, [0, 1], [0], [1.0], 0, SparseArrays.UMFPACK.UmfpackWS{Int64}([5], [-1.6e-6]), [1.0, 0.2, 0.2, 0.1, 32.0, 0.0, 0.7, 0.0, 1.0, 0.3, 1.0, 1.0, 0.9, 0.0, 10.0, 0.001, 1.0, 0.5, 0.0, 1.0], [0.0, 1.0, 1.0, 16.0, 4.0, 8.0, 8.0, 8.0, 0.0, 0.0  …  0.0, 0.0, -1.0, -1.0, 2.0, 6.00004568696022e-7, 6.00004568696022e-7, -1.0, -1.0, -1.0], ReentrantLock()), 1, SparseArrays.UMFPACK.UmfpackLU{Float64, Int64}(SparseArrays.UMFPACK.Symbolic{Float64, Int64}(Ptr{Nothing}(0x0000000000ba8890)), SparseArrays.UMFPACK.Numeric{Float64, Int64}(Ptr{Nothing}(0x0000000000b71f90)), 1, 1, [0, 1], [0], [-1.0], 0, SparseArrays.UMFPACK.UmfpackWS{Int64}([3], [-0.0]), [1.0, 0.2, 0.2, 0.1, 32.0, 0.0, 0.7, 0.0, 1.0, 0.3, 1.0, 1.0, 0.9, 0.0, 10.0, 0.001, 1.0, 0.5, 0.0, 1.0], [0.0, 1.0, 1.0, 16.0, 4.0, 8.0, 8.0, 8.0, 0.0, 0.0  …  0.0, 0.0, -1.0, -1.0, 2.0, 6.999907782301307e-7, 6.999907782301307e-7, -1.0, -1.0, -1.0], ReentrantLock()), false), JSimplex.PackedUpperColumn{Float64, JSimplex.UpperRowIndices}[JSimplex.PackedUpperColumn{Float64, JSimplex.UpperRowIndices}([1], [1.0])], [1], [1], JSimplex.BartelsGolubUpdate{Float64}[], [-1.6e-6], [1.0], [Int64[]], Int64[], JSimplex.BartelsGolubUpdate{Float64}[], 0, nothing, JSimplex.TriangularRowCache{Float64}([1], Tuple{Int64, Int64, Float64}[], 0, false, Int64[], false, 2, Int64[], JSimplex.TriangularSpikeCache{Float64}((JSimplex.PreparedTriangularSpike{Float64}(nothing, [1.369998487359016e-309], [1.369998487359016e-309]), JSimplex.PreparedTriangularSpike{Float64}(nothing, [1.36998563810646e-309], [1.36998563097294e-309])), 2)), false), JSimplex.SimplexScratch{Float64}(Bool[1, 0], [1.0], [-1.6e-6], [1.0], [0.0], [0.0, 0.0], [0.0, 0.0], Bool[0, 0], false, Int64[], Int64[], Float64[], Float64[], Int64[], nothing, nothing, false, Int64[], Int64[], 0, 0, JSimplex._PivotQualityBuffers{Float64, Float64}([0.0], [0.0], [-1.6e-6], [0.0], [0], JSimplex.SolveQualityScratch{Float64, Float64}([-1.6e-6], [-1.6e-6], [1.6e-6], [1], [0.0], [0.0]), JSimplex.SolveQualityScratch{Float64, Float64}([0.0], [0.0], [0.0], [0], Float64[], Float64[])), :none, 0.0, false, false, false, :limit, JSimplex.RefactorizationState{Float64}(0, 0, 20, 20, 128, false, false, false, nothing, 1.0, 1.0, 0, 1.0e8, 3, 3, 8.0, 0.0, 0.0, 0.0, 0, 0, 0, 0.0, 0.0, 0, 0, 9223372036854775807, 0, 0, 0, 0.0, :none), nothing, nothing, nothing, nothing, nothing, 0.0, 0.0, JSimplex.PerturbationJournal{Float64}(0x02277b1819af4b0b, [1.0, 0.0], [1.0, 0.0], false, false, 0, nothing, 0, 0, JSimplex.BoundPerturbationState{Float64}(Bound{Float64}[Bound{Float64}(0.0, true), Bound{Float64}(-1.6e-6, true)], Bound{Float64}[Bound{Float64}(0.0, false), Bound{Float64}(0.0, false)], Bound{Float64}[Bound{Float64}(-1.6e-6, true), Bound{Float64}(-1.6e-6, true)], Bound{Float64}[Bound{Float64}(0.0, false), Bound{Float64}(0.0, false)], true, 1, nothing, 0, 0)), true, true, sparse([1], [1], [1.0], 1, 1), JSimplex.BasisCheckpoint{Float64}[], 0x0000000000000000, Tuple{Int64, Int64}[], 0x0000000000000000, false, false, nothing), 0, 1, true, 0, false, false, 20, 0, 9223372036854775807, 0, 0), var"#5#6"())
  Stacktrace:
   [1] top-level scope
     @ /tmp/point_perturbation_probe.jl:19
   [2] macro expansion
     @ ~/.julia/juliaup/julia-1.13.0+0.aarch64.linux.gnu/share/julia/stdlib/v1.13/Test/src/Test.jl:1962 [inlined]
   [3] macro expansion
     @ /tmp/point_perturbation_probe.jl:29 [inlined]
   [4] macro expansion
     @ ~/.julia/juliaup/julia-1.13.0+0.aarch64.linux.gnu/share/julia/stdlib/v1.13/Test/src/Test.jl:753 [inlined]

Native point recovery certifies owned working bounds: Test Failed at /tmp/point_perturbation_probe.jl:30
  Expression: ws.primal == T[-margin, -margin]
   Evaluated: [0.0, -1.6e-6] == [-1.6e-6, -1.6e-6]
  Stacktrace:
   [1] top-level scope
     @ /tmp/point_perturbation_probe.jl:19
   [2] macro expansion
     @ ~/.julia/juliaup/julia-1.13.0+0.aarch64.linux.gnu/share/julia/stdlib/v1.13/Test/src/Test.jl:1962 [inlined]
   [3] macro expansion
     @ /tmp/point_perturbation_probe.jl:30 [inlined]
   [4] macro expansion
     @ ~/.julia/juliaup/julia-1.13.0+0.aarch64.linux.gnu/share/julia/stdlib/v1.13/Test/src/Test.jl:753 [inlined]
Test Summary:                                        | Pass  Fail  Total  Time
Native point recovery certifies owned working bounds |   24    40     64  0.4s
RNG of the outermost testset: Random.Xoshiro(0x7686bb005268fb00, 0x17e9c0b55ba5d43c, 0x0b220bc78bf4bf96, 0x785aa831f88d61b3, 0x4068d163ecffe187)
