
Strict contradictions and zero tolerance retain infeasibility: Error During Test at /home/jspitz/.codex/worktrees/adaptive-degeneracy/JSimplex.jl/test/simplex_infeasibility_tolerance_tests.jl:76
  Got exception outside of a @test
  ArgumentError: floating tolerances must be positive
  Stacktrace:
    [1] top-level scope
      @ ~/.codex/worktrees/adaptive-degeneracy/JSimplex.jl/src/options.jl:197
    [2] top-level scope
      @ ~/.codex/worktrees/adaptive-degeneracy/JSimplex.jl/src/options.jl:171
    [3] top-level scope
      @ ~/.codex/worktrees/adaptive-degeneracy/JSimplex.jl/src/options.jl:156
    [4] top-level scope
      @ ~/.codex/worktrees/adaptive-degeneracy/JSimplex.jl/src/options.jl:143
    [5] top-level scope
      @ ~/.codex/worktrees/adaptive-degeneracy/JSimplex.jl/test/simplex_infeasibility_tolerance_tests.jl:77
    [6] macro expansion
      @ ~/.julia/juliaup/julia-1.13.0+0.aarch64.linux.gnu/share/julia/stdlib/v1.13/Test/src/Test.jl:1962 [inlined]
    [7] macro expansion
      @ ~/.codex/worktrees/adaptive-degeneracy/JSimplex.jl/test/simplex_infeasibility_tolerance_tests.jl:82 [inlined]
    [8] include(mapexpr::Function, mod::Module, _path::String)
      @ Base ./Base.jl:310
    [9] top-level scope
      @ ~/.codex/worktrees/adaptive-degeneracy/JSimplex.jl/diagnostics/adaptive-degeneracy/reproduce/simplex_infeasibility_semantics.jl:4
   [10] macro expansion
      @ ~/.julia/juliaup/julia-1.13.0+0.aarch64.linux.gnu/share/julia/stdlib/v1.13/Test/src/Test.jl:1962 [inlined]
   [11] macro expansion
      @ ~/.codex/worktrees/adaptive-degeneracy/JSimplex.jl/diagnostics/adaptive-degeneracy/reproduce/simplex_infeasibility_semantics.jl:4 [inlined]
   [12] include(mod::Module, _path::String)
      @ Base ./Base.jl:309
   [13] exec_options(opts::Base.JLOptions)
      @ Base ./client.jl:344
   [14] _start()
      @ Base ./client.jl:577
CHECK presolve_tolerance
CHECK presolve_dispatch
CHECK retry_dispatch
CHECK benchmark_regression
CHECK dual_pivot_consistency
CHECK legacy_dual_correction
CHECK legacy_dual_price_repair
CHECK legacy_correction_cycle
CHECK dual_core_policy
CHECK legacy_retry_edge
CHECK dual_small_pivot_price
CHECK dual_simplex
[ Info: Loaded problem: rows=14 columns=9 nnz=54
[ Info: Solve finished: status=MIP_NOT_SUPPORTED reason=discrete domains require relax_integrality=true iterations=0 time=0.003205103s
[ Info: Loaded problem: rows=18 columns=18 nnz=46
[ Info: Solve finished: status=MIP_NOT_SUPPORTED reason=discrete domains require relax_integrality=true iterations=0 time=0.001401902s
[ Info: Loaded problem: rows=4 columns=34 nnz=123
[ Info: Solve finished: status=MIP_NOT_SUPPORTED reason=discrete domains require relax_integrality=true iterations=0 time=0.002646503s
[ Info: Loaded problem: rows=45 columns=86 nnz=915
[ Info: Solve finished: status=MIP_NOT_SUPPORTED reason=discrete domains require relax_integrality=true iterations=0 time=0.00980681s
┌ Info: Refined dual pivot row, direction, and prices
│   iteration = 0
│   leaving_row = 1
│   original_entering_index = 2
│   entering_index = 1
│   old_pivot = -0.4761904761904762
└   refined_pivot = -1.0
┌ Info: Starting simplex phase II
│   algorithm = :dual
│   iter = 0
└   time = 0.001773601
[ Info: iter=1 obj=0.0 pinf=9.99998999991e9 (1) dinf=0.0 (0) time=0.004723801s
[ Info: iter=2 obj=0.0 pinf=0.0 (0) dinf=0.0 (0) time=0.008652902s
┌ Info: Starting simplex phase I
│   algorithm = :dual
│   iter = 0
└   time = 0.002219701
[ Info: iter=1 obj=0.0 pinf=250.00000000000003 (1) dinf=0.0 (0) time=0.004966301s
[ Info: iter=2 obj=0.0 pinf=0.0 (0) dinf=0.0 (0) time=0.007091002s
[ Info: iter=2 obj=2.9999999999999996 pinf=0.0 (0) dinf=0.0 (0) time=0.010152902s
┌ Info: Starting simplex phase II
│   algorithm = :dual
│   iter = 2
└   time = 0.010563502
┌ Info: Starting simplex phase II
│   algorithm = :dual
│   iter = 0
└   time = 0.0016636
┌ Info: Starting simplex phase I
│   algorithm = :dual
│   iter = 0
└   time = 0.002195501
[ Info: iter=2 obj=2.9999999999999996 pinf=0.0 (0) dinf=0.0 (0) time=0.009101102s
┌ Info: Starting simplex phase II
│   algorithm = :dual
│   iter = 2
└   time = 0.009499402
┌ Info: Starting simplex phase II
│   algorithm = :dual
│   iter = 0
└   time = 0.001321
┌ Info: Starting simplex phase II
│   algorithm = :dual
│   iter = 0
└   time = 0.0013079
┌ Info: Starting simplex phase II
│   algorithm = :dual
│   iter = 0
└   time = 0.0013307
┌ Info: Starting simplex phase II
│   algorithm = :dual
│   iter = 0
└   time = 0.001322201
[ Info: iter=1 obj=1.0 pinf=0.0 (0) dinf=0.0 (0) time=0.003292701s
┌ Info: Starting simplex phase I
│   algorithm = :dual
│   iter = 0
└   time = 0.001831501
┌ Info: Starting simplex phase I
│   algorithm = :dual
│   iter = 0
└   time = 0.0018152
┌ Info: Starting simplex phase I
│   algorithm = :dual
│   iter = 0
└   time = 0.0025503
┌ Info: Starting simplex phase I
│   algorithm = :dual
│   iter = 0
└   time = 0.0017474
┌ Info: Starting simplex phase I
│   algorithm = :dual
│   iter = 0
└   time = 0.001728901
[ Info: iter=1 obj=-3.0 pinf=0.0 (0) dinf=0.0 (0) time=0.005453001s
┌ Info: Starting simplex phase I
│   algorithm = :dual
│   iter = 0
└   time = 0.001758601
┌ Info: Starting simplex phase II
│   algorithm = :dual
│   iter = 0
└   time = 0.0013283
┌ Info: Starting simplex phase II
│   algorithm = :dual
│   iter = 0
└   time = 0.0015814
┌ Info: Starting simplex phase II
│   algorithm = :dual
│   iter = 0
└   time = 0.001374101
┌ Info: Starting simplex phase II
│   algorithm = :dual
│   iter = 0
└   time = 0.0012798
[ Info: iter=1 obj=1.0 pinf=0.0 (0) dinf=0.0 (0) time=0.003090601s
┌ Info: Starting simplex phase I
│   algorithm = :dual
│   iter = 0
└   time = 0.0021464
┌ Info: Starting simplex phase I
│   algorithm = :dual
│   iter = 0
└   time = 0.001816301
┌ Info: Starting simplex phase I
│   algorithm = :dual
│   iter = 0
└   time = 0.0017863
┌ Info: Starting simplex phase I
│   algorithm = :dual
│   iter = 0
└   time = 0.0017794
┌ Info: Starting simplex phase I
│   algorithm = :dual
│   iter = 0
└   time = 0.0017772
[ Info: iter=1 obj=-3.0 pinf=0.0 (0) dinf=0.0 (0) time=0.005756101s
┌ Info: Starting simplex phase I
│   algorithm = :dual
│   iter = 0
└   time = 0.0016777
┌ Info: Starting simplex phase II
│   algorithm = :dual
│   iter = 0
└   time = 0.001491101
┌ Info: Starting simplex phase II
│   algorithm = :dual
│   iter = 0
└   time = 0.001292501
[ Info: iter=0 obj=0.0 pinf=2.0 (1) dinf=0.0 (0) time=0.002687701s
┌ Info: Starting simplex phase II
│   algorithm = :dual
│   iter = 0
└   time = 0.0005638
┌ Info: Starting simplex phase II
│   algorithm = :dual
│   iter = 0
└   time = 0.0013148
┌ Info: Starting simplex phase II
│   algorithm = :dual
│   iter = 0
└   time = 0.001241101
[ Info: iter=0 obj=0.0 pinf=1.0 (1) dinf=0.0 (0) time=0.002569101s
┌ Info: Starting simplex phase II
│   algorithm = :dual
│   iter = 0
└   time = 0.0012625
[ Info: iter=0 obj=0.0 pinf=1.0 (1) dinf=0.0 (0) time=0.002542101s
┌ Info: Starting simplex phase I
│   algorithm = :dual
│   iter = 0
└   time = 0.0024396
┌ Info: Starting simplex phase II
│   algorithm = :dual
│   iter = 0
└   time = 0.0013345
[ Info: Loaded problem: rows=1 columns=1 nnz=1
[ Info: Starting presolve
[ Info: After presolve: rows=1 columns=1 nnz=1
┌ Info: Starting simplex phase II
│   algorithm = :dual
│   iter = 0
└   time = 0.005900001
[ Info: Solve finished: status=NUMERICAL_ERROR reason=original-objective optimality certificate is inconclusive iterations=1 time=0.007957402s
┌ Info: Starting simplex phase II
│   algorithm = :dual
│   iter = 0
└   time = 0.0012723
[ Info: Loaded problem: rows=1 columns=1 nnz=1
[ Info: Starting presolve
[ Info: After presolve: rows=1 columns=1 nnz=1
┌ Info: Starting simplex phase II
│   algorithm = :dual
│   iter = 0
└   time = 0.004178101
[ Info: Solve finished: status=NUMERICAL_ERROR reason=structural primal failed original-model feasibility checks iterations=1 time=0.006051102s
┌ Info: Starting simplex phase II
│   algorithm = :dual
│   iter = 0
└   time = 0.0013506
[ Info: Loaded problem: rows=1 columns=1 nnz=1
[ Info: Starting presolve
[ Info: After presolve: rows=1 columns=1 nnz=1
┌ Info: Starting simplex phase II
│   algorithm = :dual
│   iter = 0
└   time = 0.004257601
[ Info: Solve finished: status=NUMERICAL_ERROR reason=original-objective optimality certificate is inconclusive iterations=1 time=0.006306802s
┌ Info: Starting simplex phase I
│   algorithm = :dual
│   iter = 0
└   time = 0.0017805
[ Info: Loaded problem: rows=1 columns=1 nnz=1
[ Info: Starting presolve
[ Info: After presolve: rows=1 columns=1 nnz=1
┌ Info: Starting simplex phase I
│   algorithm = :dual
│   iter = 0
└   time = 0.004915001
[ Info: iter=1 obj=-1.0e13 pinf=0.0 (0) dinf=0.0 (0) time=0.008605202s
┌ Info: Starting simplex phase II
│   algorithm = :dual
│   iter = 1
└   time = 0.008961202
[ Info: Solve finished: status=NUMERICAL_ERROR reason=structural primal failed original-model feasibility checks iterations=1 time=0.009975602s
┌ Info: Starting simplex phase I
│   algorithm = :dual
│   iter = 0
└   time = 0.001752601
[ Info: Loaded problem: rows=1 columns=1 nnz=1
[ Info: Starting presolve
[ Info: After presolve: rows=1 columns=1 nnz=1
┌ Info: Starting simplex phase I
│   algorithm = :dual
│   iter = 0
└   time = 0.004734901
[ Info: iter=1 obj=-1.0e12 pinf=0.0 (0) dinf=0.0 (0) time=0.008207802s
┌ Info: Starting simplex phase II
│   algorithm = :dual
│   iter = 1
└   time = 0.008551902
[ Info: Solve finished: status=NUMERICAL_ERROR reason=original-objective optimality certificate is inconclusive iterations=1 time=0.009672802s
┌ Info: Starting simplex phase I
│   algorithm = :dual
│   iter = 0
└   time = 0.0017002
[ Info: Loaded problem: rows=1 columns=1 nnz=1
[ Info: Starting presolve
[ Info: After presolve: rows=1 columns=1 nnz=1
┌ Info: Starting simplex phase I
│   algorithm = :dual
│   iter = 0
└   time = 0.004502001
[ Info: iter=1 obj=-1.0e13 pinf=0.0 (0) dinf=0.0 (0) time=0.007909302s
┌ Info: Starting simplex phase II
│   algorithm = :dual
│   iter = 1
└   time = 0.008359302
[ Info: Solve finished: status=NUMERICAL_ERROR reason=structural primal failed original-model feasibility checks iterations=1 time=0.009770702s
┌ Info: Starting simplex phase I
│   algorithm = :dual
│   iter = 0
└   time = 0.001768
[ Info: Loaded problem: rows=1 columns=1 nnz=1
[ Info: Starting presolve
[ Info: After presolve: rows=1 columns=1 nnz=1
┌ Info: Starting simplex phase I
│   algorithm = :dual
│   iter = 0
└   time = 0.004569001
[ Info: iter=1 obj=-1.0e13 pinf=0.0 (0) dinf=0.0 (0) time=0.008032702s
┌ Info: Starting simplex phase II
│   algorithm = :dual
│   iter = 1
└   time = 0.008373202
[ Info: Solve finished: status=NUMERICAL_ERROR reason=structural primal failed original-model feasibility checks iterations=1 time=0.009399702s
┌ Info: Starting simplex phase II
│   algorithm = :dual
│   iter = 0
└   time = 0.002764001
[ Info: iter=0 obj=0.0 pinf=1.0 (1) dinf=0.0 (0) time=0.004359501s
[ Info: Loaded problem: rows=1 columns=1 nnz=0
[ Info: Starting presolve
[ Info: After presolve: rows=0 columns=0 nnz=0
[ Info: Solve finished: status=INFEASIBLE reason=empty row 1 is infeasible iterations=0 time=0.002514701s
┌ Info: Starting simplex phase II
│   algorithm = :dual
│   iter = 0
└   time = 0.0012845
[ Info: iter=0 obj=0.0 pinf=1.0 (1) dinf=0.0 (0) time=0.002579801s
[ Info: Loaded problem: rows=1 columns=1 nnz=1
[ Info: Starting presolve
[ Info: After presolve: rows=1 columns=1 nnz=1
[ Info: Solve finished: status=INFEASIBLE reason=row 1 contradicts current column bounds iterations=0 time=0.005408801s
┌ Info: Starting simplex phase I
│   algorithm = :dual
│   iter = 0
└   time = 0.0017341
[ Info: Loaded problem: rows=1 columns=1 nnz=0
[ Info: Starting presolve
[ Info: After presolve: rows=0 columns=1 nnz=0
┌ Info: Starting simplex phase II
│   algorithm = :dual
│   iter = 0
└   time = 0.0026132
[ Info: Restarting simplex on original LP after UNBOUNDED: unbounded improving direction; completed iterations=0
┌ Info: Starting simplex phase I
│   algorithm = :dual
│   iter = 0
└   time = 0.005063501
[ Info: Solve finished: status=UNBOUNDED reason=unbounded improving direction iterations=0 time=0.007063401s
┌ Info: Starting simplex phase I
│   algorithm = :dual
│   iter = 0
└   time = 0.001762101
[ Info: Loaded problem: rows=1 columns=1 nnz=1
[ Info: Starting presolve
[ Info: After presolve: rows=0 columns=1 nnz=0
┌ Info: Starting simplex phase II
│   algorithm = :dual
│   iter = 0
└   time = 0.005303001
[ Info: Restarting simplex on original LP after UNBOUNDED: unbounded improving direction; completed iterations=0
┌ Info: Starting simplex phase I
│   algorithm = :dual
│   iter = 0
└   time = 0.007562901
[ Info: Solve finished: status=UNBOUNDED reason=unbounded improving direction iterations=0 time=0.009337202s
┌ Info: Starting simplex phase I
│   algorithm = :dual
│   iter = 0
└   time = 0.0017152
[ Info: Loaded problem: rows=1 columns=1 nnz=1
[ Info: Starting presolve
[ Info: After presolve: rows=0 columns=1 nnz=0
┌ Info: Starting simplex phase II
│   algorithm = :dual
│   iter = 0
└   time = 0.0026792
[ Info: Restarting simplex on original LP after UNBOUNDED: unbounded improving direction; completed iterations=0
┌ Info: Starting simplex phase I
│   algorithm = :dual
│   iter = 0
└   time = 0.005953001
[ Info: Solve finished: status=UNBOUNDED reason=unbounded improving direction iterations=0 time=0.007906101s
┌ Info: Starting simplex phase II
│   algorithm = :dual
│   iter = 0
└   time = 0.0013211
[ Info: Loaded problem: rows=1 columns=1 nnz=1
[ Info: Starting presolve
[ Info: After presolve: rows=1 columns=1 nnz=1
┌ Info: Starting simplex phase II
│   algorithm = :dual
│   iter = 0
└   time = 0.003952401
[ Info: Solve finished: status=NUMERICAL_ERROR reason=eligible pivots are below the Harris safety cutoff iterations=0 time=0.004741101s
[ Info: Loaded problem: rows=1 columns=1 nnz=1
[ Info: Starting presolve
[ Info: After presolve: rows=1 columns=1 nnz=1
┌ Info: Starting simplex phase II
│   algorithm = :dual
│   iter = 0
└   time = 0.004119501
[ Info: Solve finished: status=OPTIMAL objective=0.0 iterations=1 time=0.006675001s
┌ Info: Starting simplex phase I
│   algorithm = :dual
│   iter = 0
└   time = 0.0021339
[ Info: iter=1 obj=-1.0 pinf=0.0 (0) dinf=0.0 (0) time=0.004330901s
[ Info: Loaded problem: rows=1 columns=2 nnz=2
[ Info: Starting presolve
[ Info: After presolve: rows=0 columns=1 nnz=0
┌ Info: Starting simplex phase II
│   algorithm = :dual
│   iter = 0
└   time = 0.005188901
[ Info: Restarting simplex on original LP after UNBOUNDED: unbounded improving direction; completed iterations=0
┌ Info: Starting simplex phase I
│   algorithm = :dual
│   iter = 0
└   time = 0.007724801
[ Info: iter=1 obj=-1.0 pinf=0.0 (0) dinf=0.0 (0) time=0.009944502s
[ Info: Solve finished: status=NUMERICAL_ERROR reason=Original LP retry failed after UNBOUNDED (unbounded improving direction): auxiliary direction has uncertain feasibility or objective improvement iterations=1 time=0.010538602s
┌ Info: Starting simplex phase I
│   algorithm = :dual
│   iter = 0
└   time = 0.002182401
[ Info: Loaded problem: rows=1 columns=2 nnz=2
[ Info: Starting presolve
[ Info: After presolve: rows=0 columns=1 nnz=0
┌ Info: Starting simplex phase II
│   algorithm = :dual
│   iter = 0
└   time = 0.004848001
[ Info: Restarting simplex on original LP after UNBOUNDED: unbounded improving direction; completed iterations=0
┌ Info: Starting simplex phase I
│   algorithm = :dual
│   iter = 0
└   time = 0.007347101
[ Info: Solve finished: status=NUMERICAL_ERROR reason=Original LP retry failed after UNBOUNDED (unbounded improving direction): auxiliary direction has uncertain feasibility or objective improvement iterations=1 time=0.009017502s
┌ Info: Starting simplex phase I
│   algorithm = :dual
│   iter = 0
└   time = 0.0019587
[ Info: iter=1 obj=-1.0 pinf=0.0 (0) dinf=0.0 (0) time=0.004006301s
[ Info: Loaded problem: rows=1 columns=2 nnz=2
[ Info: Starting presolve
[ Info: After presolve: rows=0 columns=1 nnz=0
┌ Info: Starting simplex phase II
│   algorithm = :dual
│   iter = 0
└   time = 0.004855801
[ Info: Restarting simplex on original LP after UNBOUNDED: unbounded improving direction; completed iterations=0
┌ Info: Starting simplex phase I
│   algorithm = :dual
│   iter = 0
└   time = 0.007379001
[ Info: iter=1 obj=-1.0 pinf=0.0 (0) dinf=0.0 (0) time=0.009329001s
[ Info: Solve finished: status=NUMERICAL_ERROR reason=Original LP retry failed after UNBOUNDED (unbounded improving direction): auxiliary direction has uncertain feasibility or objective improvement iterations=1 time=0.009918902s
┌ Info: Starting simplex phase I
│   algorithm = :dual
│   iter = 0
└   time = 0.0020526
[ Info: Loaded problem: rows=1 columns=2 nnz=2
[ Info: Starting presolve
[ Info: After presolve: rows=0 columns=1 nnz=0
┌ Info: Starting simplex phase II
│   algorithm = :dual
│   iter = 0
└   time = 0.004967501
[ Info: Restarting simplex on original LP after UNBOUNDED: unbounded improving direction; completed iterations=0
┌ Info: Starting simplex phase I
│   algorithm = :dual
│   iter = 0
└   time = 0.007584002
[ Info: Solve finished: status=NUMERICAL_ERROR reason=Original LP retry failed after UNBOUNDED (unbounded improving direction): auxiliary direction has uncertain feasibility or objective improvement iterations=1 time=0.009279602s
┌ Info: Starting simplex phase I
│   algorithm = :dual
│   iter = 0
└   time = 0.001971901
[ Info: iter=1 obj=-1.0 pinf=0.0 (0) dinf=0.0 (0) time=0.004008401s
[ Info: Loaded problem: rows=1 columns=2 nnz=2
[ Info: Starting presolve
[ Info: After presolve: rows=0 columns=1 nnz=0
┌ Info: Starting simplex phase II
│   algorithm = :dual
│   iter = 0
└   time = 0.004935701
[ Info: Restarting simplex on original LP after UNBOUNDED: unbounded improving direction; completed iterations=0
┌ Info: Starting simplex phase I
│   algorithm = :dual
│   iter = 0
└   time = 0.007422302
[ Info: iter=1 obj=-1.0 pinf=0.0 (0) dinf=0.0 (0) time=0.009761702s
[ Info: Solve finished: status=NUMERICAL_ERROR reason=Original LP retry failed after UNBOUNDED (unbounded improving direction): auxiliary direction has uncertain feasibility or objective improvement iterations=1 time=0.010365502s
┌ Info: Starting simplex phase I
│   algorithm = :dual
│   iter = 0
└   time = 0.001991901
[ Info: Loaded problem: rows=1 columns=2 nnz=2
[ Info: Starting presolve
[ Info: After presolve: rows=0 columns=1 nnz=0
┌ Info: Starting simplex phase II
│   algorithm = :dual
│   iter = 0
└   time = 0.004944001
[ Info: Restarting simplex on original LP after UNBOUNDED: unbounded improving direction; completed iterations=0
┌ Info: Starting simplex phase I
│   algorithm = :dual
│   iter = 0
└   time = 0.007505402
[ Info: Solve finished: status=NUMERICAL_ERROR reason=Original LP retry failed after UNBOUNDED (unbounded improving direction): auxiliary direction has uncertain feasibility or objective improvement iterations=1 time=0.009193402s
┌ Info: Starting simplex phase I
│   algorithm = :dual
│   iter = 0
└   time = 0.0020371
[ Info: iter=1 obj=-1.0 pinf=0.0 (0) dinf=0.0 (0) time=0.004134101s
[ Info: Loaded problem: rows=1 columns=2 nnz=2
[ Info: Starting presolve
[ Info: After presolve: rows=1 columns=2 nnz=2
┌ Info: Starting simplex phase I
│   algorithm = :dual
│   iter = 0
└   time = 0.005109301
[ Info: iter=1 obj=-2.0 pinf=0.0 (0) dinf=0.0 (0) time=0.007042701s
[ Info: Solve finished: status=NUMERICAL_ERROR reason=auxiliary direction has uncertain feasibility or objective improvement iterations=1 time=0.007591701s
┌ Info: Starting simplex phase I
│   algorithm = :dual
│   iter = 0
└   time = 0.002121701
[ Info: Loaded problem: rows=1 columns=2 nnz=2
[ Info: Starting presolve
[ Info: After presolve: rows=1 columns=2 nnz=2
┌ Info: Starting simplex phase I
│   algorithm = :dual
│   iter = 0
└   time = 0.005137701
[ Info: Solve finished: status=NUMERICAL_ERROR reason=auxiliary direction has uncertain feasibility or objective improvement iterations=1 time=0.007382902s
┌ Info: Starting simplex phase I
│   algorithm = :dual
│   iter = 0
└   time = 0.0023964
[ Info: iter=1 obj=-1.0 pinf=0.0 (0) dinf=0.0 (0) time=0.004370201s
[ Info: Loaded problem: rows=1 columns=2 nnz=2
[ Info: Starting presolve
[ Info: After presolve: rows=1 columns=2 nnz=2
┌ Info: Starting simplex phase I
│   algorithm = :dual
│   iter = 0
└   time = 0.005915901
[ Info: iter=1 obj=-2.0 pinf=0.0 (0) dinf=0.0 (0) time=0.007818801s
[ Info: Solve finished: status=NUMERICAL_ERROR reason=auxiliary direction has uncertain feasibility or objective improvement iterations=1 time=0.008379001s
┌ Info: Starting simplex phase I
│   algorithm = :dual
│   iter = 0
└   time = 0.0020561
[ Info: Loaded problem: rows=1 columns=2 nnz=2
[ Info: Starting presolve
[ Info: After presolve: rows=1 columns=2 nnz=2
┌ Info: Starting simplex phase I
│   algorithm = :dual
│   iter = 0
└   time = 0.006571202
[ Info: Solve finished: status=NUMERICAL_ERROR reason=auxiliary direction has uncertain feasibility or objective improvement iterations=1 time=0.008294602s
┌ Info: Starting simplex phase I
│   algorithm = :dual
│   iter = 0
└   time = 0.0019916
[ Info: iter=1 obj=-1.0 pinf=0.0 (0) dinf=0.0 (0) time=0.003958701s
[ Info: Loaded problem: rows=1 columns=2 nnz=2
[ Info: Starting presolve
[ Info: After presolve: rows=0 columns=1 nnz=0
┌ Info: Starting simplex phase II
│   algorithm = :dual
│   iter = 0
└   time = 0.004889201
[ Info: Restarting simplex on original LP after UNBOUNDED: unbounded improving direction; completed iterations=0
┌ Info: Starting simplex phase I
│   algorithm = :dual
│   iter = 0
└   time = 0.007571301
[ Info: iter=1 obj=-1.0 pinf=0.0 (0) dinf=0.0 (0) time=0.009705302s
[ Info: Solve finished: status=NUMERICAL_ERROR reason=Original LP retry failed after UNBOUNDED (unbounded improving direction): auxiliary direction has uncertain feasibility or objective improvement iterations=1 time=0.010305002s
┌ Info: Starting simplex phase I
│   algorithm = :dual
│   iter = 0
└   time = 0.0019576
[ Info: Loaded problem: rows=1 columns=2 nnz=2
[ Info: Starting presolve
[ Info: After presolve: rows=0 columns=1 nnz=0
┌ Info: Starting simplex phase II
│   algorithm = :dual
│   iter = 0
└   time = 0.004734701
[ Info: Restarting simplex on original LP after UNBOUNDED: unbounded improving direction; completed iterations=0
┌ Info: Starting simplex phase I
│   algorithm = :dual
│   iter = 0
└   time = 0.007216401
[ Info: Solve finished: status=NUMERICAL_ERROR reason=Original LP retry failed after UNBOUNDED (unbounded improving direction): auxiliary direction has uncertain feasibility or objective improvement iterations=1 time=0.008906401s
┌ Info: Starting simplex phase I
│   algorithm = :dual
│   iter = 0
└   time = 0.0033058
[ Info: iter=1 obj=-1.0 pinf=1.0 (1) dinf=0.0 (0) time=0.005551601s
[ Info: iter=2 obj=-1.0 pinf=0.0 (0) dinf=0.0 (0) time=0.007655301s
[ Info: Loaded problem: rows=2 columns=3 nnz=4
[ Info: Starting presolve
[ Info: After presolve: rows=0 columns=1 nnz=0
┌ Info: Starting simplex phase II
│   algorithm = :dual
│   iter = 0
└   time = 0.005491301
[ Info: Restarting simplex on original LP after UNBOUNDED: unbounded improving direction; completed iterations=0
┌ Info: Starting simplex phase I
│   algorithm = :dual
│   iter = 0
└   time = 0.008637202
[ Info: iter=1 obj=-1.0 pinf=1.0 (1) dinf=0.0 (0) time=0.010989702s
[ Info: iter=2 obj=-1.0 pinf=0.0 (0) dinf=0.0 (0) time=0.013171703s
[ Info: Solve finished: status=NUMERICAL_ERROR reason=Original LP retry failed after UNBOUNDED (unbounded improving direction): auxiliary direction has uncertain feasibility or objective improvement iterations=2 time=0.013921803s
┌ Info: Starting simplex phase I
│   algorithm = :dual
│   iter = 0
└   time = 0.002378301
[ Info: Loaded problem: rows=2 columns=3 nnz=4
[ Info: Starting presolve
[ Info: After presolve: rows=0 columns=1 nnz=0
┌ Info: Starting simplex phase II
│   algorithm = :dual
│   iter = 0
└   time = 0.005660601
[ Info: Restarting simplex on original LP after UNBOUNDED: unbounded improving direction; completed iterations=0
┌ Info: Starting simplex phase I
│   algorithm = :dual
│   iter = 0
└   time = 0.008521302
[ Info: Solve finished: status=NUMERICAL_ERROR reason=Original LP retry failed after UNBOUNDED (unbounded improving direction): auxiliary direction has uncertain feasibility or objective improvement iterations=2 time=0.011770702s
┌ Info: Starting simplex phase II
│   algorithm = :dual
│   iter = 0
└   time = 0.0012856
[ Info: Loaded problem: rows=1 columns=1 nnz=1
[ Info: Starting presolve
[ Info: After presolve: rows=1 columns=1 nnz=1
┌ Info: Starting simplex phase II
│   algorithm = :dual
│   iter = 0
└   time = 0.004061101
[ Info: iter=1 obj=1.0e13 pinf=0.0 (0) dinf=0.0 (0) time=0.005925801s
[ Info: Solve finished: status=NUMERICAL_ERROR reason=original-objective optimality certificate is inconclusive iterations=1 time=0.007008301s
┌ Info: Starting simplex phase II
│   algorithm = :dual
│   iter = 0
└   time = 0.001285001
[ Info: Loaded problem: rows=1 columns=1 nnz=1
[ Info: Starting presolve
[ Info: After presolve: rows=1 columns=1 nnz=1
┌ Info: Starting simplex phase II
│   algorithm = :dual
│   iter = 0
└   time = 0.004132901
[ Info: Solve finished: status=NUMERICAL_ERROR reason=original-objective optimality certificate is inconclusive iterations=1 time=0.006167901s
┌ Info: Starting simplex phase I
│   algorithm = :dual
│   iter = 0
└   time = 0.001757501
[ Info: Loaded problem: rows=1 columns=1 nnz=1
[ Info: Starting presolve
[ Info: After presolve: rows=1 columns=1 nnz=1
┌ Info: Starting simplex phase I
│   algorithm = :dual
│   iter = 0
└   time = 0.005015601
[ Info: iter=1 obj=0.0 pinf=0.0 (0) dinf=0.0 (0) time=0.007017201s
[ Info: iter=1 obj=-1.0e13 pinf=0.0 (0) dinf=0.0 (0) time=0.009663002s
┌ Info: Starting simplex phase II
│   algorithm = :dual
│   iter = 1
└   time = 0.010010502
[ Info: Solve finished: status=NUMERICAL_ERROR reason=structural primal failed original-model feasibility checks iterations=1 time=0.011016502s
┌ Info: Starting simplex phase I
│   algorithm = :dual
│   iter = 0
└   time = 0.0017542
[ Info: Loaded problem: rows=1 columns=1 nnz=1
[ Info: Starting presolve
[ Info: After presolve: rows=1 columns=1 nnz=1
┌ Info: Starting simplex phase I
│   algorithm = :dual
│   iter = 0
└   time = 0.004601301
[ Info: iter=1 obj=-1.0e13 pinf=0.0 (0) dinf=0.0 (0) time=0.008404502s
┌ Info: Starting simplex phase II
│   algorithm = :dual
│   iter = 1
└   time = 0.008772902
[ Info: Solve finished: status=NUMERICAL_ERROR reason=structural primal failed original-model feasibility checks iterations=1 time=0.009772502s
┌ Info: Starting simplex phase I
│   algorithm = :dual
│   iter = 0
└   time = 0.002198201
[ Info: iter=1 obj=-1.0 pinf=0.0 (0) dinf=0.0 (0) time=0.004358601s
[ Info: Loaded problem: rows=2 columns=2 nnz=3
[ Info: Starting presolve
[ Info: After presolve: rows=1 columns=1 nnz=1
┌ Info: Starting simplex phase I
│   algorithm = :dual
│   iter = 0
└   time = 0.008277902
[ Info: iter=1 obj=0.0 pinf=0.0 (0) dinf=0.0 (0) time=0.010081502s
[ Info: iter=1 obj=-1.0e13 pinf=0.0 (0) dinf=0.0 (0) time=0.012972003s
┌ Info: Starting simplex phase II
│   algorithm = :dual
│   iter = 1
└   time = 0.013346203
[ Info: Restarting simplex on original LP after NUMERICAL_ERROR: structural primal failed original-model feasibility checks; completed iterations=1
┌ Info: Starting simplex phase I
│   algorithm = :dual
│   iter = 1
└   time = 0.016746304
[ Info: iter=2 obj=-1.0 pinf=0.0 (0) dinf=0.0 (0) time=0.018872404s
[ Info: Solve finished: status=NUMERICAL_ERROR reason=Original LP retry failed after NUMERICAL_ERROR (structural primal failed original-model feasibility checks): auxiliary direction has uncertain feasibility or objective improvement iterations=2 time=0.019527504s
┌ Info: Starting simplex phase I
│   algorithm = :dual
│   iter = 0
└   time = 0.002240001
[ Info: Loaded problem: rows=2 columns=2 nnz=3
[ Info: Starting presolve
[ Info: After presolve: rows=1 columns=1 nnz=1
┌ Info: Starting simplex phase I
│   algorithm = :dual
│   iter = 0
└   time = 0.008095302
[ Info: iter=1 obj=-1.0e13 pinf=0.0 (0) dinf=0.0 (0) time=0.011446102s
┌ Info: Starting simplex phase II
│   algorithm = :dual
│   iter = 1
└   time = 0.011781802
[ Info: Restarting simplex on original LP after NUMERICAL_ERROR: structural primal failed original-model feasibility checks; completed iterations=1
┌ Info: Starting simplex phase I
│   algorithm = :dual
│   iter = 1
└   time = 0.015208203
[ Info: Solve finished: status=NUMERICAL_ERROR reason=Original LP retry failed after NUMERICAL_ERROR (structural primal failed original-model feasibility checks): auxiliary direction has uncertain feasibility or objective improvement iterations=2 time=0.017095003s
┌ Info: Starting simplex phase I
│   algorithm = :dual
│   iter = 0
└   time = 0.002838401
[ Info: iter=1 obj=-1.0 pinf=0.0 (0) dinf=0.0 (0) time=0.005692502s
[ Info: Loaded problem: rows=2 columns=2 nnz=3
[ Info: Starting presolve
[ Info: After presolve: rows=1 columns=1 nnz=1
┌ Info: Starting simplex phase I
│   algorithm = :dual
│   iter = 0
└   time = 0.007748001
[ Info: iter=1 obj=0.0 pinf=0.0 (0) dinf=0.0 (0) time=0.009492802s
[ Info: iter=1 obj=-1.0e13 pinf=0.0 (0) dinf=0.0 (0) time=0.012058802s
┌ Info: Starting simplex phase II
│   algorithm = :dual
│   iter = 1
└   time = 0.012397202
[ Info: Restarting simplex on original LP after NUMERICAL_ERROR: structural primal failed original-model feasibility checks; completed iterations=1
┌ Info: Starting simplex phase I
│   algorithm = :dual
│   iter = 1
└   time = 0.015753003
[ Info: iter=2 obj=-1.0 pinf=0.0 (0) dinf=0.0 (0) time=0.017849403s
[ Info: Solve finished: status=NUMERICAL_ERROR reason=Original LP retry failed after NUMERICAL_ERROR (structural primal failed original-model feasibility checks): auxiliary direction has uncertain feasibility or objective improvement iterations=2 time=0.018496703s
┌ Info: Starting simplex phase I
│   algorithm = :dual
│   iter = 0
└   time = 0.002259201
[ Info: Loaded problem: rows=2 columns=2 nnz=3
[ Info: Starting presolve
[ Info: After presolve: rows=1 columns=1 nnz=1
┌ Info: Starting simplex phase I
│   algorithm = :dual
│   iter = 0
└   time = 0.008800002
[ Info: iter=1 obj=-1.0e13 pinf=0.0 (0) dinf=0.0 (0) time=0.012494403s
┌ Info: Starting simplex phase II
│   algorithm = :dual
│   iter = 1
└   time = 0.012846403
[ Info: Restarting simplex on original LP after NUMERICAL_ERROR: structural primal failed original-model feasibility checks; completed iterations=1
┌ Info: Starting simplex phase I
│   algorithm = :dual
│   iter = 1
└   time = 0.016242403
[ Info: Solve finished: status=NUMERICAL_ERROR reason=Original LP retry failed after NUMERICAL_ERROR (structural primal failed original-model feasibility checks): auxiliary direction has uncertain feasibility or objective improvement iterations=2 time=0.018081404s
┌ Info: Starting simplex phase I
│   algorithm = :dual
│   iter = 0
└   time = 0.0016945
[ Info: Loaded problem: rows=1 columns=1 nnz=0
[ Info: Starting presolve
[ Info: After presolve: rows=0 columns=1 nnz=0
┌ Info: Starting simplex phase II
│   algorithm = :dual
│   iter = 0
└   time = 0.0025663
[ Info: Restarting simplex on original LP after UNBOUNDED: unbounded improving direction; completed iterations=0
┌ Info: Starting simplex phase I
│   algorithm = :dual
│   iter = 0
└   time = 0.0048379
[ Info: Solve finished: status=UNBOUNDED reason=unbounded improving direction iterations=0 time=0.006557801s
┌ Info: Starting simplex phase I
│   algorithm = :dual
│   iter = 0
└   time = 0.00191
[ Info: Loaded problem: rows=1 columns=1 nnz=0
[ Info: Starting presolve
[ Info: After presolve: rows=0 columns=1 nnz=0
┌ Info: Starting simplex phase II
│   algorithm = :dual
│   iter = 0
└   time = 0.0025404
[ Info: Restarting simplex on original LP after UNBOUNDED: unbounded improving direction; completed iterations=0
┌ Info: Starting simplex phase I
│   algorithm = :dual
│   iter = 0
└   time = 0.004946701
[ Info: Solve finished: status=UNBOUNDED reason=unbounded improving direction iterations=0 time=0.006811301s
┌ Info: Starting simplex phase II
│   algorithm = :dual
│   iter = 0
└   time = 0.0005711
[ Info: Loaded problem: rows=0 columns=1 nnz=0
[ Info: Starting presolve
[ Info: After presolve: rows=0 columns=1 nnz=0
┌ Info: Starting simplex phase II
│   algorithm = :dual
│   iter = 0
└   time = 0.002227701
[ Info: Solve finished: status=UNBOUNDED reason=unbounded improving direction iterations=0 time=0.002546601s
┌ Info: Starting simplex phase II
│   algorithm = :dual
│   iter = 0
└   time = 0.0005756
[ Info: Loaded problem: rows=0 columns=1 nnz=0
[ Info: Starting presolve
[ Info: After presolve: rows=0 columns=1 nnz=0
┌ Info: Starting simplex phase II
│   algorithm = :dual
│   iter = 0
└   time = 0.0022086
[ Info: Solve finished: status=UNBOUNDED reason=unbounded improving direction iterations=0 time=0.0025237s
┌ Info: Starting simplex phase I
│   algorithm = :dual
│   iter = 0
└   time = 0.002127401
┌ Info: Starting simplex phase I
│   algorithm = :dual
│   iter = 0
└   time = 0.0016913
┌ Info: Starting simplex phase I
│   algorithm = :dual
│   iter = 0
└   time = 0.001760101
[ Info: iter=0 obj=-1.0 pinf=1.0 (1) dinf=0.0 (0) time=0.003231701s
┌ Info: Starting simplex phase II
│   algorithm = :dual
│   iter = 0
└   time = 0.001605501
┌ Info: Starting simplex phase II
│   algorithm = :dual
│   iter = 0
└   time = 0.0015594
[ Info: iter=1 obj=1.0 pinf=2.0 (1) dinf=0.0 (0) time=0.003722101s
┌ Info: Starting simplex phase II
│   algorithm = :dual
│   iter = 0
└   time = 0.0015613
[ Info: iter=1 obj=1.0 pinf=2.0 (1) dinf=0.0 (0) time=0.0037185s
CHECK dual_ratio
CHECK pivot_retry
CHECK pivot_application
CHECK dual_entry_phase
CHECK postsolve_cleanup_performance
CHECK postsolve_hint
CHECK simplex_driver
CHECK simplex_precision_entry
CHECK native_phase_transfer
CHECK native_cleanup_recovery
CHECK simplex_phase_one
CHECK simplex_phase_one_auxiliary
CHECK simplex_phase_one_guard
CHECK simplex_phase_one_deadline
Checking simplex_strategy_separation
Checking dual_core_policy
Checking simplex_stalling
Checking simplex_stalling_integration
Checking simplex_stalling_edge
Checking simplex_perturbation
Checking simplex_perturbation_integration
Checking primal_perturbation
Checking primal_perturbation_integration
Checking adaptive_pricing
Checking adaptive_pricing_integration
Checking adaptive_pricing_lifecycle
Checking simplex_handoff_atomicity
CHECK legacy_primal_perturbed_point
CHECK legacy_primal_point
CHECK legacy_primal_equation_point
CHECK legacy_primal_point_recovery
CHECK simplex_strategy_separation
CHECK primal_perturbation
CHECK primal_perturbation_integration
CHECK simplex_phase_one_state
CHECK simplex_phase_one_completion
CHECK simplex_precision_activity
CHECK regression
[ Info: iter=2 obj=3.0 pinf=0.0 (0) dinf=0.0 (0) time=0.005827301s
┌ Info: Starting simplex phase I
│   algorithm = :dual
│   iter = 0
└   time = 0.0021567
┌ Info: Starting simplex phase I
│   algorithm = :dual
│   iter = 0
└   time = 0.002166701
┌ Info: Starting simplex phase I
│   algorithm = :dual
│   iter = 0
└   time = 0.0021583
[ Info: iter=2 obj=-3.0 pinf=0.0 (0) dinf=0.0 (0) time=0.007483901s
┌ Info: Starting simplex phase II
│   algorithm = :dual
│   iter = 2
└   time = 0.007882001
┌ Info: Starting simplex phase I
│   algorithm = :dual
│   iter = 0
└   time = 0.0020667
┌ Info: Starting simplex phase II
│   algorithm = :dual
│   iter = 0
└   time = 0.0007665
┌ Info: Starting simplex phase II
│   algorithm = :dual
│   iter = 0
└   time = 0.0008226
┌ Info: Starting simplex phase II
│   algorithm = :dual
│   iter = 0
└   time = 0.0004606
┌ Info: Starting simplex phase II
│   algorithm = :dual
│   iter = 0
└   time = 0.000540801
┌ Info: Starting simplex phase II
│   algorithm = :dual
│   iter = 0
└   time = 0.0005564
┌ Info: Starting simplex phase II
│   algorithm = :dual
│   iter = 0
└   time = 0.0005385
┌ Info: Starting simplex phase II
│   algorithm = :dual
│   iter = 0
└   time = 0.001130701
┌ Info: Starting simplex phase II
│   algorithm = :dual
│   iter = 0
└   time = 0.0011512
[ Info: iter=0 obj=4.0 pinf=1.0 (1) dinf=0.0 (0) time=0.0024798s
┌ Info: Starting simplex phase II
│   algorithm = :dual
│   iter = 0
└   time = 0.001260901
┌ Info: Starting simplex phase II
│   algorithm = :dual
│   iter = 0
└   time = 0.0005478
┌ Info: Starting simplex phase II
│   algorithm = :dual
│   iter = 0
└   time = 0.0014827
[ Info: iter=0 obj=0.0 pinf=1.0 (1) dinf=0.0 (0) time=0.0029803s
┌ Info: Starting simplex phase I
│   algorithm = :dual
│   iter = 0
└   time = 0.0018999
[ Info: iter=1 obj=-3.0 pinf=0.0 (0) dinf=0.0 (0) time=0.006213901s
┌ Info: Starting simplex phase I
│   algorithm = :dual
│   iter = 0
└   time = 0.0018581
[ Info: iter=1 obj=-3.0 pinf=0.0 (0) dinf=0.0 (0) time=0.006562701s
┌ Info: Starting simplex phase II
│   algorithm = :dual
│   iter = 1
└   time = 0.006987401
┌ Info: Starting simplex phase I
│   algorithm = :dual
│   iter = 0
└   time = 0.0017545
[ Info: iter=1 obj=-3.0 pinf=0.0 (0) dinf=0.0 (0) time=0.005948001s
┌ Info: Starting simplex phase I
│   algorithm = :dual
│   iter = 0
└   time = 0.001868701
[ Info: iter=1 obj=-3.0 pinf=0.0 (0) dinf=0.0 (0) time=0.005517301s
┌ Info: Starting simplex phase II
│   algorithm = :dual
│   iter = 1
└   time = 0.005886501
┌ Info: Starting simplex phase I
│   algorithm = :dual
│   iter = 0
└   time = 0.0017702
[ Info: iter=1 obj=-6.0 pinf=0.0 (0) dinf=0.0 (0) time=0.005248901s
┌ Info: Starting simplex phase I
│   algorithm = :dual
│   iter = 0
└   time = 0.001911801
[ Info: iter=1 obj=-6.0 pinf=0.0 (0) dinf=0.0 (0) time=0.005592601s
┌ Info: Starting simplex phase II
│   algorithm = :dual
│   iter = 1
└   time = 0.006103601
┌ Info: Starting simplex phase I
│   algorithm = :dual
│   iter = 0
└   time = 0.0021615
[ Info: iter=1 obj=-8.0 pinf=0.0 (0) dinf=0.0 (0) time=0.005886001s
┌ Info: Starting simplex phase I
│   algorithm = :dual
│   iter = 0
└   time = 0.001787401
[ Info: iter=1 obj=-8.0 pinf=0.0 (0) dinf=0.0 (0) time=0.005208001s
┌ Info: Starting simplex phase II
│   algorithm = :dual
│   iter = 1
└   time = 0.005565601
┌ Info: Starting simplex phase I
│   algorithm = :dual
│   iter = 0
└   time = 0.001813701
┌ Info: Starting simplex phase I
│   algorithm = :dual
│   iter = 0
└   time = 0.001776101
[ Info: iter=1 obj=1.0 pinf=1.0 (1) dinf=0.0 (0) time=0.005194501s
┌ Info: Starting simplex phase II
│   algorithm = :dual
│   iter = 1
└   time = 0.005548101
[ Info: iter=1 obj=1.0 pinf=1.0 (1) dinf=0.0 (0) time=0.006887302s
┌ Info: Starting simplex phase I
│   algorithm = :dual
│   iter = 0
└   time = 0.0019606
[ Info: iter=0 obj=0.0 pinf=1.0 (1) dinf=0.0 (0) time=0.004768601s
┌ Info: Starting simplex phase I
│   algorithm = :dual
│   iter = 0
└   time = 0.002105
┌ Info: Starting simplex phase I
│   algorithm = :dual
│   iter = 0
└   time = 0.0021671
[ Info: iter=1 obj=0.0 pinf=0.0 (0) dinf=0.0 (0) time=0.005749901s
[ Info: Loaded problem: rows=1 columns=3 nnz=2
[ Info: Starting presolve
[ Info: After presolve: rows=1 columns=3 nnz=2
[ Info: Solve finished: status=INFEASIBLE reason=row 1 contradicts current column bounds iterations=0 time=0.008758002s
┌ Info: Starting simplex phase I
│   algorithm = :dual
│   iter = 0
└   time = 0.0021955
[ Info: Loaded problem: rows=1 columns=3 nnz=2
[ Info: Starting presolve
[ Info: After presolve: rows=1 columns=3 nnz=2
[ Info: Solve finished: status=INFEASIBLE reason=row 1 contradicts current column bounds iterations=0 time=0.007806001s
┌ Info: Starting simplex phase I
│   algorithm = :dual
│   iter = 0
└   time = 0.0025754
[ Info: iter=1 obj=0.0 pinf=0.0 (0) dinf=0.0 (0) time=0.006254201s
[ Info: Loaded problem: rows=1 columns=3 nnz=2
[ Info: Starting presolve
[ Info: After presolve: rows=1 columns=3 nnz=2
[ Info: Solve finished: status=INFEASIBLE reason=row 1 contradicts current column bounds iterations=0 time=0.007171901s
┌ Info: Starting simplex phase I
│   algorithm = :dual
│   iter = 0
└   time = 0.0023497
[ Info: Loaded problem: rows=1 columns=3 nnz=2
[ Info: Starting presolve
[ Info: After presolve: rows=1 columns=3 nnz=2
[ Info: Solve finished: status=INFEASIBLE reason=row 1 contradicts current column bounds iterations=0 time=0.007149701s
┌ Info: Starting simplex phase I
│   algorithm = :dual
│   iter = 0
└   time = 0.002124001
[ Info: iter=1 obj=0.0 pinf=0.0 (0) dinf=0.0 (0) time=0.006179902s
[ Info: Loaded problem: rows=1 columns=3 nnz=2
[ Info: Starting presolve
[ Info: After presolve: rows=0 columns=1 nnz=0
┌ Info: Starting simplex phase II
│   algorithm = :dual
│   iter = 0
└   time = 0.004414301
[ Info: Restarting simplex on original LP after UNBOUNDED: unbounded improving direction; completed iterations=0
┌ Info: Starting simplex phase I
│   algorithm = :dual
│   iter = 0
└   time = 0.007115601
[ Info: iter=1 obj=0.0 pinf=0.0 (0) dinf=0.0 (0) time=0.010656902s
[ Info: Solve finished: status=UNBOUNDED reason=unbounded improving direction iterations=1 time=0.011199602s
┌ Info: Starting simplex phase I
│   algorithm = :dual
│   iter = 0
└   time = 0.0022139
[ Info: Loaded problem: rows=1 columns=3 nnz=2
[ Info: Starting presolve
[ Info: After presolve: rows=0 columns=1 nnz=0
┌ Info: Starting simplex phase II
│   algorithm = :dual
│   iter = 0
└   time = 0.004412201
[ Info: Restarting simplex on original LP after UNBOUNDED: unbounded improving direction; completed iterations=0
┌ Info: Starting simplex phase I
│   algorithm = :dual
│   iter = 0
└   time = 0.007056501
[ Info: Solve finished: status=UNBOUNDED reason=unbounded improving direction iterations=1 time=0.010227602s
┌ Info: Starting simplex phase II
│   algorithm = :dual
│   iter = 0
└   time = 0.0014464
[ Info: iter=1 obj=100.0 pinf=0.0 (0) dinf=1.0e-6 (1) time=0.003985101s
[ Info: Starting primal cleanup after restoring original costs
[ Info: iter=1 obj=4.0 pinf=0.0 (0) dinf=0.0 (0) time=0.0027716s
┌ Info: Starting simplex phase II
│   algorithm = :dual
│   iter = 0
└   time = 0.001462599
┌ Info: Starting simplex phase II
│   algorithm = :dual
│   iter = 0
└   time = 0.002448599
┌ Info: Starting simplex phase II
│   algorithm = :dual
│   iter = 0
└   time = 0.001427999
┌ Info: Starting simplex phase II
│   algorithm = :dual
│   iter = 0
└   time = 0.0014468
[ Info: iter=0 obj=0.0 pinf=3.0 (1) dinf=0.0 (0) time=0.003160199s
[ Info: iter=2 obj=3.0 pinf=0.0 (0) dinf=0.0 (0) time=0.006439597s
┌ Info: Starting simplex phase II
│   algorithm = :dual
│   iter = 0
└   time = 0.001760699
[ Info: iter=1 obj=1.0 pinf=2.0 (1) dinf=0.0 (0) time=0.004274998s
[ Info: iter=2 obj=3.0 pinf=0.0 (0) dinf=0.0 (0) time=0.006239697s
┌ Info: Starting simplex phase II
│   algorithm = :dual
│   iter = 0
└   time = 0.002291799
┌ Info: Starting simplex phase I
│   algorithm = :dual
│   iter = 0
└   time = 0.001833599
[ Info: iter=1 obj=-3.0 pinf=0.0 (0) dinf=0.0 (0) time=0.005824397s
┌ Info: Starting simplex phase II
│   algorithm = :dual
│   iter = 1
└   time = 0.006244397
┌ Info: Starting simplex phase I
│   algorithm = :dual
│   iter = 0
└   time = 0.001626199
[ Info: iter=1 obj=-3.0 pinf=0.0 (0) dinf=0.0 (0) time=0.005286897s
┌ Info: Starting simplex phase II
│   algorithm = :dual
│   iter = 1
└   time = 0.005738597
┌ Info: Starting simplex phase I
│   algorithm = :dual
│   iter = 0
└   time = 0.001613499
[ Info: iter=1 obj=-6.0 pinf=0.0 (0) dinf=0.0 (0) time=0.004904298s
┌ Info: Starting simplex phase II
│   algorithm = :dual
│   iter = 1
└   time = 0.005270597
┌ Info: Starting simplex phase I
│   algorithm = :dual
│   iter = 0
└   time = 0.001740699
┌ Info: Starting simplex phase I
│   algorithm = :dual
│   iter = 0
└   time = 0.001824499
┌ Info: Starting simplex phase I
│   algorithm = :dual
│   iter = 0
└   time = 0.001560999
[ Info: iter=1 obj=1.0 pinf=1.0 (1) dinf=0.0 (0) time=0.004826698s
┌ Info: Starting simplex phase II
│   algorithm = :dual
│   iter = 1
└   time = 0.005177897
[ Info: iter=1 obj=1.0 pinf=1.0 (1) dinf=0.0 (0) time=0.006393697s
┌ Info: Starting simplex phase II
│   algorithm = :dual
│   iter = 0
└   time = 0.0009741
[ Info: iter=0 obj=0.0 pinf=1.0 (1) dinf=0.0 (0) time=0.001988299s
┌ Info: Starting simplex phase II
│   algorithm = :dual
│   iter = 0
└   time = 0.0006219
┌ Info: Starting simplex phase II
│   algorithm = :dual
│   iter = 0
└   time = 0.001934699
[ Info: iter=1 obj=1.0 pinf=2.0 (1) dinf=0.0 (0) time=0.004335498s
[ Info: iter=2 obj=3.0 pinf=0.0 (0) dinf=0.0 (0) time=0.006514697s
┌ Info: Starting simplex phase II
│   algorithm = :dual
│   iter = 0
└   time = 0.003366098
┌ Info: Starting simplex phase I
│   algorithm = :dual
│   iter = 0
└   time = 0.002287999
[ Info: iter=1 obj=-3.0 pinf=0.0 (0) dinf=0.0 (0) time=0.007944796s
┌ Info: Starting simplex phase II
│   algorithm = :dual
│   iter = 1
└   time = 0.008548296
┌ Info: Starting simplex phase I
│   algorithm = :dual
│   iter = 0
└   time = 0.002054598
[ Info: iter=1 obj=-3.0 pinf=0.0 (0) dinf=0.0 (0) time=0.006108796s
┌ Info: Starting simplex phase II
│   algorithm = :dual
│   iter = 1
└   time = 0.006522996
┌ Info: Starting simplex phase I
│   algorithm = :dual
│   iter = 0
└   time = 0.002007099
[ Info: iter=1 obj=-6.0 pinf=0.0 (0) dinf=0.0 (0) time=0.005825697s
┌ Info: Starting simplex phase II
│   algorithm = :dual
│   iter = 1
└   time = 0.006209197
┌ Info: Starting simplex phase I
│   algorithm = :dual
│   iter = 0
└   time = 0.002148799
┌ Info: Starting simplex phase I
│   algorithm = :dual
│   iter = 0
└   time = 0.002115799
┌ Info: Starting simplex phase I
│   algorithm = :dual
│   iter = 0
└   time = 0.001876699
[ Info: iter=1 obj=1.0 pinf=1.0 (1) dinf=0.0 (0) time=0.005721397s
┌ Info: Starting simplex phase II
│   algorithm = :dual
│   iter = 1
└   time = 0.006101197
[ Info: iter=1 obj=1.0 pinf=1.0 (1) dinf=0.0 (0) time=0.007511296s
┌ Info: Starting simplex phase II
│   algorithm = :dual
│   iter = 0
└   time = 0.001229999
[ Info: iter=0 obj=0.0 pinf=1.0 (1) dinf=0.0 (0) time=0.002621798s
┌ Info: Starting simplex phase II
│   algorithm = :dual
│   iter = 0
└   time = 0.000542299
┌ Info: Starting simplex phase II
│   algorithm = :dual
│   iter = 0
└   time = 0.003783798
[ Info: iter=1 obj=1.0 pinf=2.0 (1) dinf=0.0 (0) time=0.008878895s
[ Info: iter=2 obj=3.0 pinf=0.0 (0) dinf=0.0 (0) time=0.013756393s
┌ Info: Starting simplex phase II
│   algorithm = :dual
│   iter = 0
└   time = 0.004175097
┌ Info: Starting simplex phase I
│   algorithm = :dual
│   iter = 0
└   time = 0.012704193
[ Info: iter=1 obj=-3.0 pinf=0.0 (0) dinf=0.0 (0) time=0.01850319s
┌ Info: Starting simplex phase II
│   algorithm = :dual
│   iter = 1
└   time = 0.01898859
┌ Info: Starting simplex phase I
│   algorithm = :dual
│   iter = 0
└   time = 0.003189299
[ Info: iter=1 obj=-3.0 pinf=0.0 (0) dinf=0.0 (0) time=0.009709895s
┌ Info: Starting simplex phase II
│   algorithm = :dual
│   iter = 1
└   time = 0.010118795
┌ Info: Starting simplex phase I
│   algorithm = :dual
│   iter = 0
└   time = 0.003029598
[ Info: iter=1 obj=-6.0 pinf=0.0 (0) dinf=0.0 (0) time=0.007706496s
┌ Info: Starting simplex phase II
│   algorithm = :dual
│   iter = 1
└   time = 0.008277295
┌ Info: Starting simplex phase I
│   algorithm = :dual
│   iter = 0
└   time = 0.003108598
┌ Info: Starting simplex phase I
│   algorithm = :dual
│   iter = 0
└   time = 0.003167598
┌ Info: Starting simplex phase I
│   algorithm = :dual
│   iter = 0
└   time = 0.002913898
[ Info: iter=1 obj=1.0 pinf=1.0 (1) dinf=0.0 (0) time=0.007540796s
┌ Info: Starting simplex phase II
│   algorithm = :dual
│   iter = 1
└   time = 0.007915895
[ Info: iter=1 obj=1.0 pinf=1.0 (1) dinf=0.0 (0) time=0.010018594s
┌ Info: Starting simplex phase II
│   algorithm = :dual
│   iter = 0
└   time = 0.001961399
[ Info: iter=0 obj=0.0 pinf=1.0 (1) dinf=0.0 (0) time=0.003852098s
┌ Info: Starting simplex phase II
│   algorithm = :dual
│   iter = 0
└   time = 0.001119799
┌ Info: Starting simplex phase II
│   algorithm = :dual
│   iter = 0
└   time = 0.003526098
[ Info: iter=1 obj=1//1 pinf=2//1 (1) dinf=0//1 (0) time=0.008331995s
[ Info: iter=2 obj=3//1 pinf=0//1 (0) dinf=0//1 (0) time=0.012586593s
┌ Info: Starting simplex phase II
│   algorithm = :dual
│   iter = 0
└   time = 0.004470197
┌ Info: Starting simplex phase I
│   algorithm = :dual
│   iter = 0
└   time = 0.009965295
[ Info: iter=1 obj=-3//1 pinf=0//1 (0) dinf=0//1 (0) time=0.01786189s
┌ Info: Starting simplex phase II
│   algorithm = :dual
│   iter = 1
└   time = 0.01857799
┌ Info: Starting simplex phase I
│   algorithm = :dual
│   iter = 0
└   time = 0.003384698
[ Info: iter=1 obj=-3//1 pinf=0//1 (0) dinf=0//1 (0) time=0.008564195s
┌ Info: Starting simplex phase II
│   algorithm = :dual
│   iter = 1
└   time = 0.008996595
┌ Info: Starting simplex phase I
│   algorithm = :dual
│   iter = 0
└   time = 0.003107698
[ Info: iter=1 obj=-6//1 pinf=0//1 (0) dinf=0//1 (0) time=0.007902795s
┌ Info: Starting simplex phase II
│   algorithm = :dual
│   iter = 1
└   time = 0.008322795
┌ Info: Starting simplex phase I
│   algorithm = :dual
│   iter = 0
└   time = 0.003296398
┌ Info: Starting simplex phase I
│   algorithm = :dual
│   iter = 0
└   time = 0.003449198
┌ Info: Starting simplex phase I
│   algorithm = :dual
│   iter = 0
└   time = 0.003009798
[ Info: iter=1 obj=1//1 pinf=1//1 (1) dinf=0//1 (0) time=0.007763496s
┌ Info: Starting simplex phase II
│   algorithm = :dual
│   iter = 1
└   time = 0.008162396
┌ Info: Starting simplex phase II
│   algorithm = :dual
│   iter = 0
└   time = 0.001933499
┌ Info: Starting simplex phase II
│   algorithm = :dual
│   iter = 0
└   time = 0.0008012
┌ Info: Starting simplex phase II
│   algorithm = :dual
│   iter = 0
└   time = 0.002117599
┌ Info: Starting simplex phase I
│   algorithm = :dual
│   iter = 0
└   time = 0.002929099
[ Info: iter=1 obj=-10000000000000//1 pinf=0//1 (0) dinf=0//1 (0) time=0.007622696s
┌ Info: Starting simplex phase II
│   algorithm = :dual
│   iter = 1
└   time = 0.008041196
[ Info: Loaded problem: rows=1 columns=1 nnz=1
[ Info: Starting presolve
[ Info: After presolve: rows=0 columns=0 nnz=0
┌ Info: Starting simplex phase II
│   algorithm = :dual
│   iter = 0
└   time = 0.004068498
[ Info: Starting postsolve cleanup on original LP
[ Info: iter=0 obj=1.7014117e38 pinf=0.0 (0) dinf=0.0 (0) time=0.007013797s
[ Info: Starting primal postsolve cleanup from feasible basis
[ Info: Solve finished: status=OPTIMAL objective=1.7014117e38 iterations=0 time=0.008492396s
[ Info: Loaded problem: rows=1 columns=1 nnz=1
[ Info: Starting presolve
[ Info: After presolve: rows=1 columns=1 nnz=1
┌ Info: Starting simplex phase II
│   algorithm = :dual
│   iter = 0
└   time = 0.011233994
[ Info: Solve finished: status=NUMERICAL_ERROR reason=non-finite simplex iterate iterations=1 time=0.013119693s
[ Info: Loaded problem: rows=1 columns=1 nnz=1
[ Info: Starting presolve
[ Info: After presolve: rows=0 columns=0 nnz=0
┌ Info: Starting simplex phase II
│   algorithm = :dual
│   iter = 0
└   time = 0.003573298
[ Info: Starting postsolve cleanup on original LP
[ Info: iter=0 obj=8.988465674311579e307 pinf=0.0 (0) dinf=0.0 (0) time=0.007058896s
[ Info: Starting primal postsolve cleanup from feasible basis
[ Info: Solve finished: status=OPTIMAL objective=8.988465674311579e307 iterations=0 time=0.008461095s
[ Info: Loaded problem: rows=1 columns=1 nnz=1
[ Info: Starting presolve
[ Info: After presolve: rows=1 columns=1 nnz=1
┌ Info: Starting simplex phase II
│   algorithm = :dual
│   iter = 0
└   time = 0.004196497
[ Info: Solve finished: status=NUMERICAL_ERROR reason=non-finite simplex iterate iterations=1 time=0.006018297s
[ Info: iter=1 obj=1.0 pinf=0.0 (0) dinf=0.0 (0) time=0.003374998s
[ Info: iter=1 obj=1.0 pinf=0.0 (0) dinf=0.0 (0) time=0.002796598s
┌ Info: Starting simplex phase II
│   algorithm = :dual
│   iter = 0
└   time = 0.001281199
[ Info: iter=0 obj=0.0 pinf=2.0 (1) dinf=0.0 (0) time=0.002682098s
┌ Info: Starting simplex phase II
│   algorithm = :dual
│   iter = 0
└   time = 0.001314499
[ Info: iter=0 obj=0.0 pinf=2.0 (1) dinf=0.0 (0) time=0.002704198s
┌ Info: Starting simplex phase II
│   algorithm = :dual
│   iter = 0
└   time = 0.002409199
[ Info: iter=0 obj=0.0 pinf=2.0 (1) dinf=0.0 (0) time=0.004850998s
┌ Info: Starting simplex phase II
│   algorithm = :dual
│   iter = 0
└   time = 0.002352999
[ Info: iter=0 obj=0.0 pinf=0.0 (0) dinf=0.0 (0) time=0.002302999s
[ Info: iter=0 obj=0.0 pinf=0.0 (0) dinf=0.0 (0) time=0.002602399s
[ Info: iter=0 obj=1.0 pinf=0.0 (0) dinf=0.0 (0) time=0.0013558s
[ Info: iter=0 obj=1.0 pinf=0.0 (0) dinf=0.0 (0) time=0.001614299s
[ Info: iter=0 obj=1.0 pinf=0.0 (0) dinf=0.0 (0) time=0.002916198s
[ Info: iter=0 obj=1//1 pinf=0//1 (0) dinf=0//1 (0) time=0.002525899s
[ Info: iter=0 obj=0.0 pinf=0.0 (0) dinf=0.0 (0) time=0.001303299s
[ Info: iter=0 obj=0.0 pinf=0.0 (0) dinf=0.0 (0) time=0.001942799s
[ Info: iter=0 obj=0.0 pinf=0.0 (0) dinf=0.0 (0) time=0.002514798s
[ Info: iter=0 obj=0//1 pinf=0//1 (0) dinf=0//1 (0) time=0.002385299s
[ Info: Loaded problem: rows=27 columns=32 nnz=83
[ Info: Starting presolve
[ Info: After presolve: rows=20 columns=24 nnz=74
┌ Info: Starting simplex phase I
│   algorithm = :dual
│   iter = 0
└   time = 0.147829426
[ Info: iter=4 obj=-521.7142857142859 pinf=135.72285714285715 (3) dinf=0.0 (0) time=0.186049432s
┌ Info: Starting simplex phase II
│   algorithm = :dual
│   iter = 4
└   time = 0.187370633
[ Info: Starting postsolve cleanup on original LP
[ Info: iter=9 obj=-464.75314285714273 pinf=0.0 (0) dinf=0.0 (0) time=0.249906544s
[ Info: Starting primal postsolve cleanup from feasible basis
[ Info: Solve finished: status=OPTIMAL objective=-464.75314285714273 iterations=9 time=0.265536246s
[ Info: Loaded problem: rows=0 columns=1 nnz=0
[ Info: Starting presolve
[ Info: After presolve: rows=0 columns=0 nnz=0
┌ Info: Starting simplex phase II
│   algorithm = :dual
│   iter = 0
└   time = 0.003293901
[ Info: Starting postsolve cleanup on original LP
[ Info: iter=0 obj=-1.0 pinf=0.0 (0) dinf=0.0 (0) time=0.005604401s
[ Info: Starting primal postsolve cleanup from feasible basis
[ Info: Solve finished: status=OPTIMAL objective=-1.0 iterations=0 time=0.007207401s
[ Info: Loaded problem: rows=0 columns=1 nnz=0
[ Info: Solve finished: status=MIP_NOT_SUPPORTED reason=discrete domains require relax_integrality=true iterations=0 time=0.000597401s
[ Info: Loaded problem: rows=0 columns=1 nnz=0
[ Info: Starting presolve
[ Info: After presolve: rows=0 columns=0 nnz=0
┌ Info: Starting simplex phase II
│   algorithm = :dual
│   iter = 0
└   time = 0.0023328
[ Info: Starting postsolve cleanup on original LP
[ Info: iter=0 obj=0.0 pinf=0.0 (0) dinf=0.0 (0) time=0.004343101s
[ Info: Starting primal postsolve cleanup from feasible basis
[ Info: Solve finished: status=OPTIMAL objective=0.0 iterations=0 time=0.005413901s
[ Info: Loaded problem: rows=0 columns=1 nnz=0
[ Info: Solve finished: status=MIP_NOT_SUPPORTED reason=discrete domains require relax_integrality=true iterations=0 time=0.0005181s
[ Info: Loaded problem: rows=0 columns=1 nnz=0
[ Info: Starting presolve
[ Info: After presolve: rows=0 columns=0 nnz=0
┌ Info: Starting simplex phase II
│   algorithm = :dual
│   iter = 0
└   time = 0.002320001
[ Info: Starting postsolve cleanup on original LP
[ Info: iter=0 obj=-1.0 pinf=0.0 (0) dinf=0.0 (0) time=0.004315901s
[ Info: Starting primal postsolve cleanup from feasible basis
[ Info: Solve finished: status=OPTIMAL objective=-1.0 iterations=0 time=0.005414901s
[ Info: Loaded problem: rows=0 columns=1 nnz=0
[ Info: Solve finished: status=MIP_NOT_SUPPORTED reason=discrete domains require relax_integrality=true iterations=0 time=0.0005244s
[ Info: Loaded problem: rows=0 columns=1 nnz=0
[ Info: Starting presolve
[ Info: After presolve: rows=0 columns=0 nnz=0
┌ Info: Starting simplex phase II
│   algorithm = :dual
│   iter = 0
└   time = 0.0023759
[ Info: Starting postsolve cleanup on original LP
[ Info: iter=0 obj=0.25 pinf=0.0 (0) dinf=0.0 (0) time=0.0045294s
[ Info: Starting primal postsolve cleanup from feasible basis
[ Info: Solve finished: status=OPTIMAL objective=0.25 iterations=0 time=0.005888001s
[ Info: Loaded problem: rows=0 columns=1 nnz=0
[ Info: Solve finished: status=MIP_NOT_SUPPORTED reason=discrete domains require relax_integrality=true iterations=0 time=0.0005942s
[ Info: Loaded problem: rows=0 columns=1 nnz=0
[ Info: Solve finished: status=INVALID_MODEL reason=binary variable bounds must intersect [0, 1] iterations=0 time=0.0004808s
[ Info: Loaded problem: rows=0 columns=1 nnz=0
[ Info: Solve finished: status=INVALID_MODEL reason=binary variable bounds must intersect [0, 1] iterations=0 time=0.0005032s
[ Info: Loaded problem: rows=0 columns=1 nnz=0
[ Info: Solve finished: status=INVALID_MODEL reason=binary variable bounds must intersect [0, 1] iterations=0 time=0.0005227s
[ Info: Loaded problem: rows=0 columns=1 nnz=0
[ Info: Solve finished: status=INVALID_MODEL reason=binary variable bounds must intersect [0, 1] iterations=0 time=0.0005179s
[ Info: Loaded problem: rows=1 columns=1 nnz=1
[ Info: Starting presolve
[ Info: After presolve: rows=0 columns=0 nnz=0
┌ Info: Starting simplex phase II
│   algorithm = :dual
│   iter = 0
└   time = 0.003928101
[ Info: Starting postsolve cleanup on original LP
[ Info: iter=0 obj=1.0 pinf=0.0 (0) dinf=0.0 (0) time=0.006900801s
[ Info: Starting primal postsolve cleanup from feasible basis
[ Info: Solve finished: status=OPTIMAL objective=1.0 iterations=0 time=0.008293301s
[ Info: Loaded problem: rows=1 columns=2 nnz=2
[ Info: Starting presolve
[ Info: After presolve: rows=1 columns=2 nnz=2
┌ Info: Starting simplex phase II
│   algorithm = :dual
│   iter = 0
└   time = 0.004904901
[ Info: iter=0 obj=0.0 pinf=1.0 (1) dinf=0.0 (0) time=0.006619501s
[ Info: Solve finished: status=NUMERICAL_ERROR reason=ZeroPivotException: factorization encountered one or more zero pivots. Consider switching to a pivoted LU factorization. iterations=0 time=0.008375501s
[ Info: Loaded problem: rows=1 columns=1 nnz=1
[ Info: Starting presolve
[ Info: After presolve: rows=0 columns=0 nnz=0
┌ Info: Starting simplex phase II
│   algorithm = :dual
│   iter = 0
└   time = 0.003487001
[ Info: Starting postsolve cleanup on original LP
[ Info: iter=0 obj=1.0 pinf=0.0 (0) dinf=0.0 (0) time=0.006748901s
[ Info: Starting primal postsolve cleanup from feasible basis
[ Info: Solve finished: status=OPTIMAL objective=1.0 iterations=0 time=0.008139201s
[ Info: Loaded problem: rows=1 columns=2 nnz=2
[ Info: Starting presolve
[ Info: After presolve: rows=1 columns=2 nnz=2
┌ Info: Starting simplex phase II
│   algorithm = :dual
│   iter = 0
└   time = 0.004860101
[ Info: iter=0 obj=0.0 pinf=1.0 (1) dinf=0.0 (0) time=0.006574401s
[ Info: Solve finished: status=NUMERICAL_ERROR reason=ZeroPivotException: factorization encountered one or more zero pivots. Consider switching to a pivoted LU factorization. iterations=0 time=0.008320201s
[ Info: Loaded problem: rows=1 columns=2 nnz=2
[ Info: Starting presolve
[ Info: After presolve: rows=1 columns=2 nnz=2
┌ Info: Starting simplex phase II
│   algorithm = :dual
│   iter = 0
└   time = 0.0047538
[ Info: Solve finished: status=OPTIMAL objective=8.0 iterations=1 time=0.007667401s
[ Info: Loaded problem: rows=1 columns=2 nnz=2
[ Info: Starting presolve
[ Info: After presolve: rows=1 columns=2 nnz=2
┌ Info: Starting simplex phase II
│   algorithm = :dual
│   iter = 0
└   time = 0.005113401
[ Info: Solve finished: status=OPTIMAL objective=8.0 iterations=1 time=0.007981201s
[ Info: Loaded problem: rows=1 columns=2 nnz=2
[ Info: Starting presolve
[ Info: After presolve: rows=1 columns=2 nnz=2
┌ Info: Starting simplex phase II
│   algorithm = :dual
│   iter = 0
└   time = 0.007717201
[ Info: Starting postsolve cleanup on original LP
[ Info: iter=1 obj=10.0 pinf=0.0 (0) dinf=1.0 (1) time=0.013089202s
[ Info: iter=1 obj=13.0 pinf=0.0 (0) dinf=0.0 (0) time=0.014519002s
[ Info: Projected postsolve basis: exchanges=1
[ Info: Starting primal postsolve cleanup from feasible basis
[ Info: Solve finished: status=OPTIMAL objective=13.0 iterations=1 time=0.016216503s
[ Info: Loaded problem: rows=1 columns=2 nnz=2
[ Info: Starting presolve
[ Info: After presolve: rows=1 columns=2 nnz=2
┌ Info: Starting simplex phase II
│   algorithm = :dual
│   iter = 0
└   time = 0.007135401
[ Info: Starting postsolve cleanup on original LP
[ Info: iter=1 obj=10.0 pinf=0.0 (0) dinf=1.0 (1) time=0.012426702s
[ Info: iter=1 obj=13.0 pinf=0.0 (0) dinf=0.0 (0) time=0.013767102s
[ Info: Projected postsolve basis: exchanges=1
[ Info: Starting primal postsolve cleanup from feasible basis
[ Info: Solve finished: status=OPTIMAL objective=13.0 iterations=1 time=0.015489202s
[ Info: Loaded problem: rows=4 columns=4 nnz=4
[ Info: Solve finished: status=MIP_NOT_SUPPORTED reason=discrete domains require relax_integrality=true iterations=0 time=0.000636201s
[ Info: Loaded problem: rows=4 columns=4 nnz=4
[ Info: Starting presolve
[ Info: After presolve: rows=0 columns=0 nnz=0
┌ Info: Starting simplex phase II
│   algorithm = :dual
│   iter = 0
└   time = 0.0043085
[ Info: Starting postsolve cleanup on original LP
[ Info: iter=0 obj=0.5 pinf=0.0 (0) dinf=0.0 (0) time=0.008340401s
[ Info: Starting primal postsolve cleanup from feasible basis
[ Info: Solve finished: status=OPTIMAL objective=0.5 iterations=0 time=0.010952901s
[ Info: Loaded problem: rows=4 columns=4 nnz=4
[ Info: Solve finished: status=MIP_NOT_SUPPORTED reason=discrete domains require relax_integrality=true iterations=0 time=0.0006025s
[ Info: Loaded problem: rows=1 columns=1 nnz=1
[ Info: Solve finished: status=INVALID_MODEL reason=objective coefficients must be finite iterations=0 time=0.000505s
[ Info: Loaded problem: rows=1 columns=1 nnz=1
[ Info: Solve finished: status=INVALID_MODEL reason=objective length must equal the number of columns iterations=0 time=0.0005675s
[ Info: Loaded problem: rows=1 columns=1 nnz=1
[ Info: Solve finished: status=ALGORITHM_NOT_SUPPORTED reason=only the dual and primal simplex algorithms are supported iterations=0 time=0.0004502s
[ Info: Loaded problem: rows=1 columns=1 nnz=1
[ Info: Solve finished: status=ALGORITHM_NOT_SUPPORTED reason=only the dual and primal simplex algorithms are supported iterations=0 time=0.0004334s
[ Info: Loaded problem: rows=2 columns=2 nnz=4
[ Info: Solve finished: status=TIME_LIMIT reason=time limit reached iterations=0 time=0.0004851s
[ Info: Loaded problem: rows=2 columns=2 nnz=4
[ Info: Solve finished: status=TIME_LIMIT reason=time limit reached iterations=0 time=0.0004782s
[ Info: Loaded problem: rows=2 columns=2 nnz=4
[ Info: Solve finished: status=TIME_LIMIT reason=time limit reached iterations=0 time=0.0004595s
[ Info: Loaded problem: rows=2 columns=2 nnz=4
[ Info: Solve finished: status=TIME_LIMIT reason=time limit reached iterations=0 time=0.0004649s
[ Info: Loaded problem: rows=2 columns=2 nnz=4
[ Info: Solve finished: status=TIME_LIMIT reason=time limit reached iterations=0 time=0.000443s
[ Info: Loaded problem: rows=2 columns=2 nnz=4
[ Info: Solve finished: status=TIME_LIMIT reason=time limit reached iterations=0 time=0.0004403s
[ Info: Loaded problem: rows=0 columns=1 nnz=0
[ Info: Solve finished: status=TIME_LIMIT reason=time limit reached iterations=0 time=0.0004348s
[ Info: Loaded problem: rows=0 columns=1 nnz=0
[ Info: Solve finished: status=TIME_LIMIT reason=time limit reached iterations=0 time=0.000503401s
[ Info: Loaded problem: rows=0 columns=1 nnz=0
[ Info: Solve finished: status=TIME_LIMIT reason=time limit reached iterations=0 time=0.0007468s
[ Info: Loaded problem: rows=2 columns=2 nnz=4
[ Info: Solve finished: status=TIME_LIMIT reason=time limit reached iterations=0 time=0.0006434s
[ Info: Loaded problem: rows=2 columns=2 nnz=4
[ Info: Starting presolve
[ Info: After presolve: rows=2 columns=2 nnz=4
┌ Info: Starting simplex phase II
│   algorithm = :dual
│   iter = 0
└   time = 0.006620101
[ Info: Solve finished: status=ITERATION_LIMIT reason=iteration limit reached iterations=0 time=0.007164801s
[ Info: Loaded problem: rows=2 columns=2 nnz=4
[ Info: Starting presolve
[ Info: After presolve: rows=2 columns=2 nnz=4
┌ Info: Starting simplex phase II
│   algorithm = :dual
│   iter = 0
└   time = 0.006535701
[ Info: iter=1 obj=4.0 pinf=2.0 (1) dinf=0.0 (0) time=0.009065202s
[ Info: Solve finished: status=ITERATION_LIMIT reason=iteration limit reached iterations=1 time=0.009431202s
[ Info: Loaded problem: rows=2 columns=2 nnz=4
[ Info: Starting presolve
[ Info: After presolve: rows=2 columns=2 nnz=4
┌ Info: Starting simplex phase II
│   algorithm = :dual
│   iter = 0
└   time = 0.007100001
[ Info: iter=1 obj=4.0 pinf=2.0 (1) dinf=0.0 (0) time=0.009507302s
[ Info: iter=2 obj=5.0 pinf=0.0 (0) dinf=0.0 (0) time=0.012208802s
[ Info: Solve finished: status=OPTIMAL objective=5.0 iterations=2 time=0.014290002s
[ Info: Loaded problem: rows=0 columns=1 nnz=0
[ Info: Starting presolve
[ Info: After presolve: rows=0 columns=0 nnz=0
┌ Info: Starting simplex phase II
│   algorithm = :dual
│   iter = 0
└   time = 0.0022999
[ Info: Starting postsolve cleanup on original LP
[ Info: iter=0 obj=0.0 pinf=0.0 (0) dinf=0.0 (0) time=0.0042719s
[ Info: Starting primal postsolve cleanup from feasible basis
[ Info: Solve finished: status=OPTIMAL objective=0.0 iterations=0 time=0.005379501s
[ Info: Loaded problem: rows=1 columns=1 nnz=1
[ Info: Starting presolve
[ Info: After presolve: rows=0 columns=1 nnz=0
[ Info: Solve finished: status=INFEASIBLE reason=singleton row 1 contradicts column bounds iterations=0 time=0.005949201s
[ Info: Loaded problem: rows=0 columns=1 nnz=0
[ Info: Starting presolve
[ Info: After presolve: rows=0 columns=1 nnz=0
┌ Info: Starting simplex phase II
│   algorithm = :dual
│   iter = 0
└   time = 0.003359101
[ Info: Solve finished: status=UNBOUNDED reason=unbounded improving direction iterations=0 time=0.003688201s
[ Info: Loaded problem: rows=1 columns=2 nnz=2
[ Info: Starting presolve
[ Info: After presolve: rows=1 columns=2 nnz=2
┌ Info: Starting simplex phase II
│   algorithm = :dual
│   iter = 0
└   time = 0.005331201
[ Info: iter=0 obj=0.0 pinf=1.0 (1) dinf=0.0 (0) time=0.007208001s
[ Info: Solve finished: status=NUMERICAL_ERROR reason=ZeroPivotException: factorization encountered one or more zero pivots. Consider switching to a pivoted LU factorization. iterations=0 time=0.009228802s
[ Info: Loaded problem: rows=0 columns=1 nnz=0
[ Info: Starting presolve
[ Info: After presolve: rows=0 columns=1 nnz=0
┌ Info: Starting simplex phase II
│   algorithm = :dual
│   iter = 0
└   time = 0.0023027
[ Info: Solve finished: status=NUMERICAL_ERROR reason=non-finite simplex iterate iterations=0 time=0.0032109s
[ Info: Loaded problem: rows=3 columns=2 nnz=4
[ Info: Starting presolve
[ Info: After presolve: rows=1 columns=2 nnz=2
┌ Info: Starting simplex phase II
│   algorithm = :dual
│   iter = 0
└   time = 0.007873201
[ Info: Starting postsolve cleanup on original LP
[ Info: iter=1 obj=-9.666667 pinf=0.0 (0) dinf=0.0 (0) time=0.014847402s
[ Info: Starting primal postsolve cleanup from feasible basis
[ Info: Solve finished: status=OPTIMAL objective=-9.666667 iterations=1 time=0.017262603s
[ Info: Loaded problem: rows=3 columns=2 nnz=4
[ Info: Starting presolve
[ Info: After presolve: rows=1 columns=2 nnz=2
┌ Info: Starting simplex phase II
│   algorithm = :dual
│   iter = 0
└   time = 0.007588301
[ Info: Starting postsolve cleanup on original LP
[ Info: iter=1 obj=-9.666666666666666 pinf=0.0 (0) dinf=0.0 (0) time=0.013592302s
[ Info: Starting primal postsolve cleanup from feasible basis
[ Info: Solve finished: status=OPTIMAL objective=-9.666666666666666 iterations=1 time=0.015766403s
[ Info: Loaded problem: rows=3 columns=2 nnz=4
[ Info: Starting presolve
[ Info: After presolve: rows=1 columns=2 nnz=2
┌ Info: Starting simplex phase II
│   algorithm = :dual
│   iter = 0
└   time = 0.011658602
[ Info: Starting postsolve cleanup on original LP
[ Info: iter=1 obj=-9.666666666666666666666666666666666666666666666666666666666666666666666666666575 pinf=0.0 (0) dinf=0.0 (0) time=0.023115504s
[ Info: Starting primal postsolve cleanup from feasible basis
[ Info: Solve finished: status=OPTIMAL objective=-9.666666666666666666666666666666666666666666666666666666666666666666666666666713 iterations=1 time=0.026139805s
[ Info: Loaded problem: rows=3 columns=2 nnz=4
[ Info: Starting presolve
[ Info: After presolve: rows=1 columns=2 nnz=2
┌ Info: Starting simplex phase II
│   algorithm = :dual
│   iter = 0
└   time = 0.009527902
[ Info: Starting postsolve cleanup on original LP
[ Info: iter=1 obj=-29//3 pinf=0//1 (0) dinf=0//1 (0) time=0.020973804s
[ Info: Starting primal postsolve cleanup from feasible basis
[ Info: Solve finished: status=OPTIMAL objective=-29//3 iterations=1 time=0.024074105s
[ Info: Loaded problem: rows=3 columns=2 nnz=4
[ Info: Starting presolve
[ Info: After presolve: rows=1 columns=2 nnz=2
┌ Info: Starting simplex phase II
│   algorithm = :dual
│   iter = 0
└   time = 0.007430002
[ Info: Starting postsolve cleanup on original LP
[ Info: iter=1 obj=-29//3 pinf=0//1 (0) dinf=0//1 (0) time=0.018417704s
[ Info: Starting primal postsolve cleanup from feasible basis
[ Info: Solve finished: status=OPTIMAL objective=-29//3 iterations=1 time=0.021440504s
[ Info: Loaded problem: rows=1 columns=1 nnz=1
[ Info: Starting presolve
[ Info: After presolve: rows=0 columns=0 nnz=0
┌ Info: Starting simplex phase II
│   algorithm = :dual
│   iter = 0
└   time = 0.004906201
[ Info: Starting postsolve cleanup on original LP
[ Info: iter=0 obj=11//4 pinf=0//1 (0) dinf=0//1 (0) time=0.010375601s
[ Info: Starting primal postsolve cleanup from feasible basis
[ Info: Solve finished: status=OPTIMAL objective=11//4 iterations=0 time=0.012335002s
[ Info: Loaded problem: rows=1 columns=1 nnz=1
[ Info: Starting presolve
[ Info: After presolve: rows=0 columns=1 nnz=0
[ Info: Solve finished: status=INFEASIBLE reason=singleton row 1 contradicts column bounds iterations=0 time=0.006282201s
[ Info: Loaded problem: rows=0 columns=1 nnz=0
[ Info: Starting presolve
[ Info: After presolve: rows=0 columns=1 nnz=0
┌ Info: Starting simplex phase II
│   algorithm = :dual
│   iter = 0
└   time = 0.0028776
[ Info: Solve finished: status=UNBOUNDED reason=unbounded improving direction iterations=0 time=0.0032605s
[ Info: Loaded problem: rows=2 columns=2 nnz=4
[ Info: Starting presolve
[ Info: After presolve: rows=2 columns=2 nnz=4
┌ Info: Starting simplex phase II
│   algorithm = :dual
│   iter = 0
└   time = 0.006526401
[ Info: Solve finished: status=ITERATION_LIMIT reason=iteration limit reached iterations=0 time=0.007138401s
[ Info: Loaded problem: rows=2 columns=2 nnz=4
[ Info: Solve finished: status=TIME_LIMIT reason=time limit reached iterations=0 time=0.0005031s
[ Info: Loaded problem: rows=0 columns=1 nnz=0
[ Info: Solve finished: status=MIP_NOT_SUPPORTED reason=discrete domains require relax_integrality=true iterations=0 time=0.0004621s
[ Info: Loaded problem: rows=2 columns=2 nnz=4
[ Info: Solve finished: status=ALGORITHM_NOT_SUPPORTED reason=only the dual and primal simplex algorithms are supported iterations=0 time=0.0004756s
[ Info: Loaded problem: rows=2 columns=2 nnz=4
[ Info: Solve finished: status=INVALID_MODEL reason=objective length must equal the number of columns iterations=0 time=0.0003959s
[ Info: Loaded problem: rows=1 columns=2 nnz=2
[ Info: Starting presolve
[ Info: After presolve: rows=1 columns=2 nnz=2
┌ Info: Starting simplex phase II
│   algorithm = :dual
│   iter = 0
└   time = 0.004875601
[ Info: iter=0 obj=0.0 pinf=1.0 (1) dinf=0.0 (0) time=0.006594402s
[ Info: Solve finished: status=NUMERICAL_ERROR reason=ZeroPivotException: factorization encountered one or more zero pivots. Consider switching to a pivoted LU factorization. iterations=0 time=0.008651002s
[ Info: Loaded problem: rows=2 columns=2 nnz=4
[ Info: Starting presolve
[ Info: After presolve: rows=2 columns=2 nnz=4
┌ Info: Starting simplex phase II
│   algorithm = :dual
│   iter = 0
└   time = 0.006458501
[ Info: iter=1 obj=4.0 pinf=2.0 (1) dinf=0.0 (0) time=0.008886701s
[ Info: iter=2 obj=5.0 pinf=0.0 (0) dinf=0.0 (0) time=0.010953302s
[ Info: Solve finished: status=OPTIMAL objective=5.0 iterations=2 time=0.013129002s
[ Info: Loaded problem: rows=0 columns=1 nnz=0
[ Info: Starting presolve
[ Info: After presolve: rows=0 columns=0 nnz=0
┌ Info: Starting simplex phase II
│   algorithm = :dual
│   iter = 0
└   time = 0.002731301
[ Info: Starting postsolve cleanup on original LP
[ Info: iter=0 obj=7.0 pinf=0.0 (0) dinf=0.0 (0) time=0.005118501s
[ Info: Starting primal postsolve cleanup from feasible basis
[ Info: Solve finished: status=OPTIMAL objective=7.0 iterations=0 time=0.006533302s
[ Info: Loaded problem: rows=0 columns=1 nnz=0
[ Info: Starting presolve
[ Info: After presolve: rows=0 columns=0 nnz=0
┌ Info: Starting simplex phase II
│   algorithm = :dual
│   iter = 0
└   time = 0.0022457
[ Info: Starting postsolve cleanup on original LP
[ Info: iter=0 obj=-1.0 pinf=0.0 (0) dinf=0.0 (0) time=0.0043474s
[ Info: Starting primal postsolve cleanup from feasible basis
[ Info: Solve finished: status=OPTIMAL objective=-1.0 iterations=0 time=0.005434701s
[ Info: Loaded problem: rows=1 columns=1 nnz=1
[ Info: Starting presolve
[ Info: After presolve: rows=0 columns=1 nnz=0
[ Info: Solve finished: status=INFEASIBLE reason=singleton row 1 contradicts column bounds iterations=0 time=0.004155101s
[ Info: Loaded problem: rows=0 columns=1 nnz=0
[ Info: Starting presolve
[ Info: After presolve: rows=0 columns=1 nnz=0
┌ Info: Starting simplex phase II
│   algorithm = :dual
│   iter = 0
└   time = 0.002935101
[ Info: Solve finished: status=UNBOUNDED reason=unbounded improving direction iterations=0 time=0.003322001s
[ Info: Loaded problem: rows=2 columns=2 nnz=4
[ Info: Starting presolve
[ Info: After presolve: rows=2 columns=2 nnz=4
┌ Info: Starting simplex phase II
│   algorithm = :dual
│   iter = 0
└   time = 0.006687101
[ Info: Solve finished: status=ITERATION_LIMIT reason=iteration limit reached iterations=0 time=0.007224301s
[ Info: Loaded problem: rows=2 columns=2 nnz=4
[ Info: Solve finished: status=TIME_LIMIT reason=time limit reached iterations=0 time=0.0005008s
[ Info: Loaded problem: rows=0 columns=1 nnz=0
[ Info: Solve finished: status=MIP_NOT_SUPPORTED reason=discrete domains require relax_integrality=true iterations=0 time=0.0004409s
[ Info: Loaded problem: rows=2 columns=2 nnz=4
[ Info: Solve finished: status=ALGORITHM_NOT_SUPPORTED reason=only the dual and primal simplex algorithms are supported iterations=0 time=0.0004687s
[ Info: Loaded problem: rows=2 columns=2 nnz=4
[ Info: Solve finished: status=INVALID_MODEL reason=objective length must equal the number of columns iterations=0 time=0.0004159s
[ Info: Loaded problem: rows=1 columns=2 nnz=2
[ Info: Starting presolve
[ Info: After presolve: rows=1 columns=2 nnz=2
┌ Info: Starting simplex phase II
│   algorithm = :dual
│   iter = 0
└   time = 0.005089101
[ Info: iter=0 obj=0.0 pinf=1.0 (1) dinf=0.0 (0) time=0.006868501s
[ Info: Solve finished: status=NUMERICAL_ERROR reason=ZeroPivotException: factorization encountered one or more zero pivots. Consider switching to a pivoted LU factorization. iterations=0 time=0.008877601s
[ Info: Loaded problem: rows=2 columns=2 nnz=4
[ Info: Starting presolve
[ Info: After presolve: rows=2 columns=2 nnz=4
┌ Info: Starting simplex phase II
│   algorithm = :dual
│   iter = 0
└   time = 0.006265101
[ Info: iter=1 obj=4.0 pinf=2.0 (1) dinf=0.0 (0) time=0.008631902s
[ Info: iter=2 obj=5.0 pinf=0.0 (0) dinf=0.0 (0) time=0.010935102s
[ Info: Solve finished: status=OPTIMAL objective=5.0 iterations=2 time=0.013268803s
[ Info: Loaded problem: rows=0 columns=1 nnz=0
[ Info: Starting presolve
[ Info: After presolve: rows=0 columns=0 nnz=0
┌ Info: Starting simplex phase II
│   algorithm = :dual
│   iter = 0
└   time = 0.0025762
[ Info: Starting postsolve cleanup on original LP
[ Info: iter=0 obj=7.0 pinf=0.0 (0) dinf=0.0 (0) time=0.004770101s
[ Info: Starting primal postsolve cleanup from feasible basis
[ Info: Solve finished: status=OPTIMAL objective=7.0 iterations=0 time=0.005900101s
[ Info: Loaded problem: rows=0 columns=1 nnz=0
[ Info: Starting presolve
[ Info: After presolve: rows=0 columns=0 nnz=0
┌ Info: Starting simplex phase II
│   algorithm = :dual
│   iter = 0
└   time = 0.0022061
[ Info: Starting postsolve cleanup on original LP
[ Info: iter=0 obj=-1.0 pinf=0.0 (0) dinf=0.0 (0) time=0.004152301s
[ Info: Starting primal postsolve cleanup from feasible basis
[ Info: Solve finished: status=OPTIMAL objective=-1.0 iterations=0 time=0.005202401s
[ Info: Loaded problem: rows=1 columns=1 nnz=1
[ Info: Starting presolve
[ Info: After presolve: rows=0 columns=1 nnz=0
[ Info: Solve finished: status=INFEASIBLE reason=singleton row 1 contradicts column bounds iterations=0 time=0.004886601s
[ Info: Loaded problem: rows=0 columns=1 nnz=0
[ Info: Starting presolve
[ Info: After presolve: rows=0 columns=1 nnz=0
┌ Info: Starting simplex phase II
│   algorithm = :dual
│   iter = 0
└   time = 0.0036834
[ Info: Solve finished: status=UNBOUNDED reason=unbounded improving direction iterations=0 time=0.00404s
[ Info: Loaded problem: rows=2 columns=2 nnz=4
[ Info: Starting presolve
[ Info: After presolve: rows=2 columns=2 nnz=4
┌ Info: Starting simplex phase II
│   algorithm = :dual
│   iter = 0
└   time = 0.010025602
[ Info: Solve finished: status=ITERATION_LIMIT reason=iteration limit reached iterations=0 time=0.010563202s
[ Info: Loaded problem: rows=2 columns=2 nnz=4
[ Info: Solve finished: status=TIME_LIMIT reason=time limit reached iterations=0 time=0.000810801s
[ Info: Loaded problem: rows=0 columns=1 nnz=0
[ Info: Solve finished: status=MIP_NOT_SUPPORTED reason=discrete domains require relax_integrality=true iterations=0 time=0.0007545s
[ Info: Loaded problem: rows=2 columns=2 nnz=4
[ Info: Solve finished: status=ALGORITHM_NOT_SUPPORTED reason=only the dual and primal simplex algorithms are supported iterations=0 time=0.0007974s
[ Info: Loaded problem: rows=2 columns=2 nnz=4
[ Info: Solve finished: status=INVALID_MODEL reason=objective length must equal the number of columns iterations=0 time=0.0008287s
[ Info: Loaded problem: rows=1 columns=2 nnz=2
[ Info: Starting presolve
[ Info: After presolve: rows=1 columns=2 nnz=2
┌ Info: Starting simplex phase II
│   algorithm = :dual
│   iter = 0
└   time = 0.006414801
[ Info: iter=0 obj=0.0 pinf=1.0 (1) dinf=0.0 (0) time=0.009302002s
[ Info: Solve finished: status=NUMERICAL_ERROR reason=ZeroPivotException: factorization encountered one or more zero pivots. Consider switching to a pivoted LU factorization. iterations=0 time=0.012045602s
[ Info: Loaded problem: rows=2 columns=2 nnz=4
[ Info: Starting presolve
[ Info: After presolve: rows=2 columns=2 nnz=4
┌ Info: Starting simplex phase II
│   algorithm = :dual
│   iter = 0
└   time = 0.009271402
[ Info: iter=1 obj=4.0 pinf=2.0 (1) dinf=0.0 (0) time=0.014042403s
[ Info: iter=2 obj=5.0 pinf=0.0 (0) dinf=0.0 (0) time=0.018283704s
[ Info: Solve finished: status=OPTIMAL objective=5.0 iterations=2 time=0.021503404s
[ Info: Loaded problem: rows=0 columns=1 nnz=0
[ Info: Starting presolve
[ Info: After presolve: rows=0 columns=0 nnz=0
┌ Info: Starting simplex phase II
│   algorithm = :dual
│   iter = 0
└   time = 0.004075801
[ Info: Starting postsolve cleanup on original LP
[ Info: iter=0 obj=7.0 pinf=0.0 (0) dinf=0.0 (0) time=0.007373602s
[ Info: Starting primal postsolve cleanup from feasible basis
[ Info: Solve finished: status=OPTIMAL objective=7.0 iterations=0 time=0.009032502s
[ Info: Loaded problem: rows=0 columns=1 nnz=0
[ Info: Starting presolve
[ Info: After presolve: rows=0 columns=0 nnz=0
┌ Info: Starting simplex phase II
│   algorithm = :dual
│   iter = 0
└   time = 0.0031833
[ Info: Starting postsolve cleanup on original LP
[ Info: iter=0 obj=-1.0 pinf=0.0 (0) dinf=0.0 (0) time=0.006127801s
[ Info: Starting primal postsolve cleanup from feasible basis
[ Info: Solve finished: status=OPTIMAL objective=-1.0 iterations=0 time=0.007664401s
[ Info: Loaded problem: rows=1 columns=1 nnz=1
[ Info: Starting presolve
[ Info: After presolve: rows=0 columns=1 nnz=0
[ Info: Solve finished: status=INFEASIBLE reason=singleton row 1 contradicts column bounds iterations=0 time=0.0013425s
[ Info: Loaded problem: rows=0 columns=1 nnz=0
[ Info: Starting presolve
[ Info: After presolve: rows=0 columns=1 nnz=0
┌ Info: Starting simplex phase II
│   algorithm = :dual
│   iter = 0
└   time = 0.0030833
[ Info: Solve finished: status=UNBOUNDED reason=unbounded improving direction iterations=0 time=0.0034306s
[ Info: Loaded problem: rows=2 columns=2 nnz=4
[ Info: Starting presolve
[ Info: After presolve: rows=2 columns=2 nnz=4
┌ Info: Starting simplex phase II
│   algorithm = :dual
│   iter = 0
└   time = 0.008048301
[ Info: Solve finished: status=ITERATION_LIMIT reason=iteration limit reached iterations=0 time=0.008635201s
[ Info: Loaded problem: rows=2 columns=2 nnz=4
[ Info: Solve finished: status=TIME_LIMIT reason=time limit reached iterations=0 time=0.0004767s
[ Info: Loaded problem: rows=0 columns=1 nnz=0
[ Info: Solve finished: status=MIP_NOT_SUPPORTED reason=discrete domains require relax_integrality=true iterations=0 time=0.0004887s
[ Info: Loaded problem: rows=2 columns=2 nnz=4
[ Info: Solve finished: status=ALGORITHM_NOT_SUPPORTED reason=only the dual and primal simplex algorithms are supported iterations=0 time=0.0004525s
[ Info: Loaded problem: rows=2 columns=2 nnz=4
[ Info: Solve finished: status=INVALID_MODEL reason=objective length must equal the number of columns iterations=0 time=0.0004691s
[ Info: Loaded problem: rows=1 columns=2 nnz=2
[ Info: Starting presolve
[ Info: After presolve: rows=1 columns=2 nnz=2
┌ Info: Starting simplex phase II
│   algorithm = :dual
│   iter = 0
└   time = 0.005144401
[ Info: Solve finished: status=NUMERICAL_ERROR reason=ZeroPivotException: factorization encountered one or more zero pivots. Consider switching to a pivoted LU factorization. iterations=0 time=0.008211301s
[ Info: Loaded problem: rows=2 columns=2 nnz=4
[ Info: Starting presolve
[ Info: After presolve: rows=2 columns=2 nnz=4
┌ Info: Starting simplex phase II
│   algorithm = :dual
│   iter = 0
└   time = 0.008793202
[ Info: iter=1 obj=4//1 pinf=2//1 (1) dinf=0//1 (0) time=0.013405602s
[ Info: iter=2 obj=5//1 pinf=0//1 (0) dinf=0//1 (0) time=0.017778703s
[ Info: Solve finished: status=OPTIMAL objective=5//1 iterations=2 time=0.021098304s
[ Info: Loaded problem: rows=0 columns=1 nnz=0
[ Info: Starting presolve
[ Info: After presolve: rows=0 columns=0 nnz=0
┌ Info: Starting simplex phase II
│   algorithm = :dual
│   iter = 0
└   time = 0.0027084
[ Info: Starting postsolve cleanup on original LP
[ Info: iter=0 obj=7//1 pinf=0//1 (0) dinf=0//1 (0) time=0.005760401s
[ Info: Starting primal postsolve cleanup from feasible basis
[ Info: Solve finished: status=OPTIMAL objective=7//1 iterations=0 time=0.007287601s
[ Info: Loaded problem: rows=0 columns=1 nnz=0
[ Info: Starting presolve
[ Info: After presolve: rows=0 columns=0 nnz=0
┌ Info: Starting simplex phase II
│   algorithm = :dual
│   iter = 0
└   time = 0.002522401
[ Info: Starting postsolve cleanup on original LP
[ Info: iter=0 obj=-1//1 pinf=0//1 (0) dinf=0//1 (0) time=0.005673901s
[ Info: Starting primal postsolve cleanup from feasible basis
[ Info: Solve finished: status=OPTIMAL objective=-1//1 iterations=0 time=0.008127202s
[ Info: Loaded problem: rows=1 columns=2 nnz=2
[ Info: Starting presolve
[ Info: After presolve: rows=1 columns=2 nnz=2
┌ Info: Starting simplex phase I
│   algorithm = :dual
│   iter = 0
└   time = 0.008278902
[ Info: iter=1 obj=-6.0 pinf=0.0 (0) dinf=0.0 (0) time=0.013057702s
┌ Info: Starting simplex phase II
│   algorithm = :dual
│   iter = 1
└   time = 0.013496203
[ Info: Restarting simplex on original LP after NUMERICAL_ERROR: original-objective optimality certificate is inconclusive; completed iterations=1
┌ Info: Starting simplex phase I
│   algorithm = :dual
│   iter = 1
└   time = 0.017100703
[ Info: iter=2 obj=-6.0 pinf=0.0 (0) dinf=0.0 (0) time=0.021039304s
┌ Info: Starting simplex phase II
│   algorithm = :dual
│   iter = 2
└   time = 0.021430704
[ Info: Solve finished: status=OPTIMAL objective=-6.0 iterations=2 time=0.023074604s
[ Info: Loaded problem: rows=1 columns=2 nnz=2
[ Info: Starting presolve
[ Info: After presolve: rows=1 columns=2 nnz=2
┌ Info: Starting simplex phase I
│   algorithm = :dual
│   iter = 0
└   time = 0.007467202
[ Info: iter=1 obj=0.0 pinf=0.0 (0) dinf=0.0 (0) time=0.009370002s
[ Info: iter=1 obj=-6.0 pinf=0.0 (0) dinf=0.0 (0) time=0.011942602s
┌ Info: Starting simplex phase II
│   algorithm = :dual
│   iter = 1
└   time = 0.012334302
[ Info: Restarting simplex on original LP after NUMERICAL_ERROR: original-objective optimality certificate is inconclusive; completed iterations=1
┌ Info: Starting simplex phase I
│   algorithm = :dual
│   iter = 1
└   time = 0.016059703
[ Info: iter=2 obj=0.0 pinf=0.0 (0) dinf=0.0 (0) time=0.018174703s
[ Info: iter=2 obj=-6.0 pinf=0.0 (0) dinf=0.0 (0) time=0.020736904s
┌ Info: Starting simplex phase II
│   algorithm = :dual
│   iter = 2
└   time = 0.021139204
[ Info: Solve finished: status=OPTIMAL objective=-6.0 iterations=2 time=0.022811304s
[ Info: Loaded problem: rows=1 columns=2 nnz=2
[ Info: Starting presolve
[ Info: After presolve: rows=1 columns=2 nnz=2
┌ Info: Starting simplex phase I
│   algorithm = :dual
│   iter = 0
└   time = 0.007466902
[ Info: iter=1 obj=-6.0 pinf=0.0 (0) dinf=0.0 (0) time=0.011200402s
┌ Info: Starting simplex phase II
│   algorithm = :dual
│   iter = 1
└   time = 0.011609102
[ Info: Restarting simplex on original LP after NUMERICAL_ERROR: original-objective optimality certificate is inconclusive; completed iterations=1
┌ Info: Starting simplex phase I
│   algorithm = :dual
│   iter = 1
└   time = 0.015142603
[ Info: iter=2 obj=-6.0 pinf=0.0 (0) dinf=0.0 (0) time=0.018755704s
┌ Info: Starting simplex phase II
│   algorithm = :dual
│   iter = 2
└   time = 0.019140204
[ Info: Solve finished: status=OPTIMAL objective=-6.0 iterations=2 time=0.020799404s
[ Info: Loaded problem: rows=1 columns=2 nnz=2
[ Info: Starting presolve
[ Info: After presolve: rows=1 columns=2 nnz=2
┌ Info: Starting simplex phase I
│   algorithm = :dual
│   iter = 0
└   time = 0.007353401
[ Info: iter=1 obj=-6.0 pinf=0.0 (0) dinf=0.0 (0) time=0.011961002s
┌ Info: Starting simplex phase II
│   algorithm = :dual
│   iter = 1
└   time = 0.012343502
[ Info: Restarting simplex on original LP after NUMERICAL_ERROR: original-objective optimality certificate is inconclusive; completed iterations=1
┌ Info: Starting simplex phase I
│   algorithm = :dual
│   iter = 1
└   time = 0.015819003
[ Info: iter=2 obj=-6.0 pinf=0.0 (0) dinf=0.0 (0) time=0.019570703s
┌ Info: Starting simplex phase II
│   algorithm = :dual
│   iter = 2
└   time = 0.019954203
[ Info: Solve finished: status=OPTIMAL objective=-6.0 iterations=2 time=0.021643804s
[ Info: Loaded problem: rows=1 columns=2 nnz=2
[ Info: Starting presolve
[ Info: After presolve: rows=1 columns=2 nnz=2
┌ Info: Starting simplex phase I
│   algorithm = :dual
│   iter = 0
└   time = 0.007826801
[ Info: iter=1 obj=-6.0 pinf=0.0 (0) dinf=0.0 (0) time=0.011615102s
┌ Info: Starting simplex phase II
│   algorithm = :dual
│   iter = 1
└   time = 0.012008202
[ Info: Restarting simplex on original LP after NUMERICAL_ERROR: original-objective optimality certificate is inconclusive; completed iterations=1
┌ Info: Starting simplex phase I
│   algorithm = :dual
│   iter = 1
└   time = 0.015564003
[ Info: iter=2 obj=-6.0 pinf=0.0 (0) dinf=0.0 (0) time=0.019567403s
┌ Info: Starting simplex phase II
│   algorithm = :dual
│   iter = 2
└   time = 0.020254603
[ Info: Solve finished: status=OPTIMAL objective=-6.0 iterations=2 time=0.022003104s
[ Info: Loaded problem: rows=1 columns=2 nnz=2
[ Info: Starting presolve
[ Info: After presolve: rows=1 columns=2 nnz=2
┌ Info: Starting simplex phase I
│   algorithm = :dual
│   iter = 0
└   time = 0.008132901
[ Info: iter=1 obj=-6.0 pinf=0.0 (0) dinf=0.0 (0) time=0.012407602s
┌ Info: Starting simplex phase II
│   algorithm = :dual
│   iter = 1
└   time = 0.012804702
[ Info: Starting postsolve cleanup on original LP
[ Info: iter=1 obj=-1.333333333333333 pinf=0.0 (0) dinf=0.6666666666666667 (1) time=0.017052203s
[ Info: iter=1 obj=-6.0 pinf=0.0 (0) dinf=0.0 (0) time=0.018607703s
[ Info: Projected postsolve basis: exchanges=1
[ Info: Starting primal postsolve cleanup from feasible basis
[ Info: Solve finished: status=OPTIMAL objective=-6.0 iterations=1 time=0.020497804s
[ Info: Loaded problem: rows=1 columns=2 nnz=2
[ Info: Starting presolve
[ Info: After presolve: rows=1 columns=2 nnz=2
┌ Info: Starting simplex phase I
│   algorithm = :dual
│   iter = 0
└   time = 0.008315101
[ Info: iter=1 obj=0.0 pinf=0.0 (0) dinf=0.0 (0) time=0.010780602s
[ Info: iter=1 obj=-6.0 pinf=0.0 (0) dinf=0.0 (0) time=0.013576702s
┌ Info: Starting simplex phase II
│   algorithm = :dual
│   iter = 1
└   time = 0.013957402
[ Info: Starting postsolve cleanup on original LP
[ Info: iter=1 obj=-1.333333333333333 pinf=0.0 (0) dinf=0.6666666666666667 (1) time=0.018056303s
[ Info: iter=1 obj=-6.0 pinf=0.0 (0) dinf=0.0 (0) time=0.019735203s
[ Info: Projected postsolve basis: exchanges=1
[ Info: Starting primal postsolve cleanup from feasible basis
[ Info: Solve finished: status=OPTIMAL objective=-6.0 iterations=1 time=0.021636203s
[ Info: Loaded problem: rows=1 columns=2 nnz=2
[ Info: Starting presolve
[ Info: After presolve: rows=1 columns=2 nnz=2
┌ Info: Starting simplex phase I
│   algorithm = :dual
│   iter = 0
└   time = 0.007778302
[ Info: iter=1 obj=-6.0 pinf=0.0 (0) dinf=0.0 (0) time=0.011687802s
┌ Info: Starting simplex phase II
│   algorithm = :dual
│   iter = 1
└   time = 0.012088303
[ Info: Starting postsolve cleanup on original LP
[ Info: iter=1 obj=-1.333333333333333 pinf=0.0 (0) dinf=0.6666666666666667 (1) time=0.016350403s
[ Info: iter=1 obj=-6.0 pinf=0.0 (0) dinf=0.0 (0) time=0.018924304s
[ Info: Projected postsolve basis: exchanges=1
[ Info: Starting primal postsolve cleanup from feasible basis
[ Info: Solve finished: status=OPTIMAL objective=-6.0 iterations=1 time=0.024391205s
[ Info: Loaded problem: rows=1 columns=2 nnz=2
[ Info: Starting presolve
[ Info: After presolve: rows=1 columns=2 nnz=2
┌ Info: Starting simplex phase I
│   algorithm = :dual
│   iter = 0
└   time = 0.011469502
[ Info: iter=1 obj=-6.0 pinf=0.0 (0) dinf=0.0 (0) time=0.016939303s
┌ Info: Starting simplex phase II
│   algorithm = :dual
│   iter = 1
└   time = 0.017405303
[ Info: Starting postsolve cleanup on original LP
[ Info: iter=1 obj=-1.333333333333333 pinf=0.0 (0) dinf=0.6666666666666667 (1) time=0.021827004s
[ Info: iter=1 obj=-6.0 pinf=0.0 (0) dinf=0.0 (0) time=0.023349504s
[ Info: Projected postsolve basis: exchanges=1
[ Info: Starting primal postsolve cleanup from feasible basis
[ Info: Solve finished: status=OPTIMAL objective=-6.0 iterations=1 time=0.025263604s
[ Info: Loaded problem: rows=1 columns=2 nnz=2
[ Info: Starting presolve
[ Info: After presolve: rows=1 columns=2 nnz=2
┌ Info: Starting simplex phase I
│   algorithm = :dual
│   iter = 0
└   time = 0.007942501
[ Info: iter=1 obj=-6.0 pinf=0.0 (0) dinf=0.0 (0) time=0.011777602s
┌ Info: Starting simplex phase II
│   algorithm = :dual
│   iter = 1
└   time = 0.012165502
[ Info: Starting postsolve cleanup on original LP
[ Info: iter=1 obj=-1.333333333333333 pinf=0.0 (0) dinf=0.6666666666666667 (1) time=0.016285002s
[ Info: iter=1 obj=-6.0 pinf=0.0 (0) dinf=0.0 (0) time=0.017666603s
[ Info: Projected postsolve basis: exchanges=1
[ Info: Starting primal postsolve cleanup from feasible basis
[ Info: Solve finished: status=OPTIMAL objective=-6.0 iterations=1 time=0.019600503s
[ Info: Loaded problem: rows=1 columns=2 nnz=2
[ Info: Starting presolve
[ Info: After presolve: rows=1 columns=2 nnz=2
┌ Info: Starting simplex phase I
│   algorithm = :dual
│   iter = 0
└   time = 0.010760902
[ Info: iter=1 obj=-6.0 pinf=0.0 (0) dinf=0.0 (0) time=0.016946703s
┌ Info: Starting simplex phase II
│   algorithm = :dual
│   iter = 1
└   time = 0.017396303
[ Info: Starting postsolve cleanup on original LP
[ Info: iter=1 obj=-1.333333333333333333333333333333333333333333333333333333333333333333333333333356 pinf=0.0 (0) dinf=0.6666666666666666666666666666666666666666666666666666666666666666666666666666609 (1) time=0.023153104s
[ Info: iter=1 obj=-6.0 pinf=0.0 (0) dinf=0.0 (0) time=0.025055505s
[ Info: Projected postsolve basis: exchanges=1
[ Info: Starting primal postsolve cleanup from feasible basis
[ Info: Solve finished: status=OPTIMAL objective=-6.0 iterations=1 time=0.027605605s
[ Info: Loaded problem: rows=1 columns=2 nnz=2
[ Info: Starting presolve
[ Info: After presolve: rows=1 columns=2 nnz=2
┌ Info: Starting simplex phase I
│   algorithm = :dual
│   iter = 0
└   time = 0.010269902
[ Info: iter=1 obj=0.0 pinf=0.0 (0) dinf=0.0 (0) time=0.013489703s
[ Info: iter=1 obj=-6.0 pinf=0.0 (0) dinf=0.0 (0) time=0.017546103s
┌ Info: Starting simplex phase II
│   algorithm = :dual
│   iter = 1
└   time = 0.018258503
[ Info: Starting postsolve cleanup on original LP
[ Info: iter=1 obj=-1.333333333333333333333333333333333333333333333333333333333333333333333333333356 pinf=0.0 (0) dinf=0.6666666666666666666666666666666666666666666666666666666666666666666666666666609 (1) time=0.024114104s
[ Info: iter=1 obj=-6.0 pinf=0.0 (0) dinf=0.0 (0) time=0.026136005s
[ Info: Projected postsolve basis: exchanges=1
[ Info: Starting primal postsolve cleanup from feasible basis
[ Info: Solve finished: status=OPTIMAL objective=-6.0 iterations=1 time=0.028583205s
[ Info: Loaded problem: rows=1 columns=2 nnz=2
[ Info: Starting presolve
[ Info: After presolve: rows=1 columns=2 nnz=2
┌ Info: Starting simplex phase I
│   algorithm = :dual
│   iter = 0
└   time = 0.010144202
[ Info: iter=1 obj=-6.0 pinf=0.0 (0) dinf=0.0 (0) time=0.015274003s
┌ Info: Starting simplex phase II
│   algorithm = :dual
│   iter = 1
└   time = 0.015703703
[ Info: Starting postsolve cleanup on original LP
[ Info: iter=1 obj=-1.333333333333333333333333333333333333333333333333333333333333333333333333333356 pinf=0.0 (0) dinf=0.6666666666666666666666666666666666666666666666666666666666666666666666666666609 (1) time=0.022326004s
[ Info: iter=1 obj=-6.0 pinf=0.0 (0) dinf=0.0 (0) time=0.024180804s
[ Info: Projected postsolve basis: exchanges=1
[ Info: Starting primal postsolve cleanup from feasible basis
[ Info: Solve finished: status=OPTIMAL objective=-6.0 iterations=1 time=0.026560005s
[ Info: Loaded problem: rows=1 columns=2 nnz=2
[ Info: Starting presolve
[ Info: After presolve: rows=1 columns=2 nnz=2
┌ Info: Starting simplex phase I
│   algorithm = :dual
│   iter = 0
└   time = 0.010076802
[ Info: iter=1 obj=-6.0 pinf=0.0 (0) dinf=0.0 (0) time=0.015179403s
┌ Info: Starting simplex phase II
│   algorithm = :dual
│   iter = 1
└   time = 0.015598103
[ Info: Starting postsolve cleanup on original LP
[ Info: iter=1 obj=-1.333333333333333333333333333333333333333333333333333333333333333333333333333356 pinf=0.0 (0) dinf=0.6666666666666666666666666666666666666666666666666666666666666666666666666666609 (1) time=0.021142404s
[ Info: iter=1 obj=-6.0 pinf=0.0 (0) dinf=0.0 (0) time=0.022965704s
[ Info: Projected postsolve basis: exchanges=1
[ Info: Starting primal postsolve cleanup from feasible basis
[ Info: Solve finished: status=OPTIMAL objective=-6.0 iterations=1 time=0.025453304s
[ Info: Loaded problem: rows=1 columns=2 nnz=2
[ Info: Starting presolve
[ Info: After presolve: rows=1 columns=2 nnz=2
┌ Info: Starting simplex phase I
│   algorithm = :dual
│   iter = 0
└   time = 0.009850801
[ Info: iter=1 obj=-6.0 pinf=0.0 (0) dinf=0.0 (0) time=0.014949602s
┌ Info: Starting simplex phase II
│   algorithm = :dual
│   iter = 1
└   time = 0.015368702
[ Info: Starting postsolve cleanup on original LP
[ Info: iter=1 obj=-1.333333333333333333333333333333333333333333333333333333333333333333333333333356 pinf=0.0 (0) dinf=0.6666666666666666666666666666666666666666666666666666666666666666666666666666609 (1) time=0.021124103s
[ Info: iter=1 obj=-6.0 pinf=0.0 (0) dinf=0.0 (0) time=0.023007604s
[ Info: Projected postsolve basis: exchanges=1
[ Info: Starting primal postsolve cleanup from feasible basis
[ Info: Solve finished: status=OPTIMAL objective=-6.0 iterations=1 time=0.025438404s
[ Info: Loaded problem: rows=1 columns=2 nnz=2
[ Info: Starting presolve
[ Info: After presolve: rows=1 columns=2 nnz=2
┌ Info: Starting simplex phase II
│   algorithm = :dual
│   iter = 0
└   time = 0.012625503
[ Info: Starting postsolve cleanup on original LP
[ Info: iter=1 obj=-4//3 pinf=0//1 (0) dinf=2//3 (1) time=0.022910504s
[ Info: iter=1 obj=-6//1 pinf=0//1 (0) dinf=0//1 (0) time=0.024834405s
[ Info: Projected postsolve basis: exchanges=1
[ Info: Starting primal postsolve cleanup from feasible basis
[ Info: Solve finished: status=OPTIMAL objective=-6//1 iterations=1 time=0.027192505s
[ Info: Loaded problem: rows=1 columns=2 nnz=2
[ Info: Starting presolve
[ Info: After presolve: rows=1 columns=2 nnz=2
┌ Info: Starting simplex phase II
│   algorithm = :dual
│   iter = 0
└   time = 0.008478302
[ Info: iter=1 obj=-6//1 pinf=0//1 (0) dinf=0//1 (0) time=0.011752202s
[ Info: Starting postsolve cleanup on original LP
[ Info: iter=1 obj=-4//3 pinf=0//1 (0) dinf=2//3 (1) time=0.017299803s
[ Info: iter=1 obj=-6//1 pinf=0//1 (0) dinf=0//1 (0) time=0.019354504s
[ Info: Projected postsolve basis: exchanges=1
[ Info: Starting primal postsolve cleanup from feasible basis
[ Info: Solve finished: status=OPTIMAL objective=-6//1 iterations=1 time=0.021761004s
[ Info: Loaded problem: rows=1 columns=2 nnz=2
[ Info: Starting presolve
[ Info: After presolve: rows=1 columns=2 nnz=2
┌ Info: Starting simplex phase II
│   algorithm = :dual
│   iter = 0
└   time = 0.008674002
[ Info: Starting postsolve cleanup on original LP
[ Info: iter=1 obj=-4//3 pinf=0//1 (0) dinf=2//3 (1) time=0.016370703s
[ Info: iter=1 obj=-6//1 pinf=0//1 (0) dinf=0//1 (0) time=0.018280703s
[ Info: Projected postsolve basis: exchanges=1
[ Info: Starting primal postsolve cleanup from feasible basis
[ Info: Solve finished: status=OPTIMAL objective=-6//1 iterations=1 time=0.020739104s
[ Info: Loaded problem: rows=1 columns=2 nnz=2
[ Info: Starting presolve
[ Info: After presolve: rows=1 columns=2 nnz=2
┌ Info: Starting simplex phase II
│   algorithm = :dual
│   iter = 0
└   time = 0.008399901
[ Info: Starting postsolve cleanup on original LP
[ Info: iter=1 obj=-4//3 pinf=0//1 (0) dinf=2//3 (1) time=0.016264703s
CHECK native_artificial_row
CHECK legacy_primal_direction_price
CHECK legacy_primal_correlated_pivot
CHECK legacy_primal_residual_probe
CHECK simplex_phase_logging
CHECK simplex_precision_phase
[ Info: iter=1 obj=-6//1 pinf=0//1 (0) dinf=0//1 (0) time=0.018237703s
[ Info: Projected postsolve basis: exchanges=1
[ Info: Starting primal postsolve cleanup from feasible basis
[ Info: Solve finished: status=OPTIMAL objective=-6//1 iterations=1 time=0.020585304s
[ Info: Loaded problem: rows=1 columns=2 nnz=2
[ Info: Starting presolve
[ Info: After presolve: rows=1 columns=2 nnz=2
┌ Info: Starting simplex phase II
│   algorithm = :dual
│   iter = 0
└   time = 0.008077901
[ Info: Starting postsolve cleanup on original LP
[ Info: iter=1 obj=-4//3 pinf=0//1 (0) dinf=2//3 (1) time=0.016640503s
[ Info: iter=1 obj=-6//1 pinf=0//1 (0) dinf=0//1 (0) time=0.018417603s
[ Info: Projected postsolve basis: exchanges=1
[ Info: Starting primal postsolve cleanup from feasible basis
[ Info: Solve finished: status=OPTIMAL objective=-6//1 iterations=1 time=0.020737003s
[ Info: Loaded problem: rows=1 columns=2 nnz=2
[ Info: Starting presolve
[ Info: After presolve: rows=1 columns=2 nnz=2
┌ Info: Starting simplex phase I
│   algorithm = :dual
│   iter = 0
└   time = 0.008547401
[ Info: iter=1 obj=-6.0 pinf=0.0 (0) dinf=0.0 (0) time=0.012435202s
┌ Info: Starting simplex phase II
│   algorithm = :dual
│   iter = 1
└   time = 0.012835502
[ Info: Restarting simplex on original LP after NUMERICAL_ERROR: original-objective optimality certificate is inconclusive; completed iterations=1
┌ Info: Starting simplex phase I
│   algorithm = :dual
│   iter = 1
└   time = 0.016400002
[ Info: Solve finished: status=ITERATION_LIMIT reason=iteration limit reached iterations=1 time=0.016914602s
[ Info: Loaded problem: rows=2 columns=2 nnz=4
[ Info: Starting presolve
[ Info: After presolve: rows=2 columns=2 nnz=4
┌ Info: Starting simplex phase II
│   algorithm = :dual
│   iter = 0
└   time = 0.011483702
[ Info: iter=1 obj=-5.0 pinf=0.3333333 (1) dinf=0.0 (0) time=0.014510103s
[ Info: Restarting simplex on original LP after NUMERICAL_ERROR: dual feasibility lost; completed iterations=2
┌ Info: Starting simplex phase II
│   algorithm = :dual
│   iter = 2
└   time = 0.018656603
[ Info: iter=4 obj=12.000002 pinf=2.3841858e-7 (1) dinf=0.0 (0) time=0.022944904s
[ Info: Solve finished: status=NUMERICAL_ERROR reason=Original LP retry failed after NUMERICAL_ERROR (dual feasibility lost): row combination does not certify infeasibility at primal tolerance iterations=4 time=0.023796904s
[ Info: Loaded problem: rows=2 columns=2 nnz=4
[ Info: Starting presolve
[ Info: After presolve: rows=1 columns=2 nnz=2
┌ Info: Starting simplex phase I
│   algorithm = :dual
│   iter = 0
└   time = 0.008300402
[ Info: iter=1 obj=2.0 pinf=0.0 (0) dinf=0.0 (0) time=0.012171402s
┌ Info: Starting simplex phase II
│   algorithm = :dual
│   iter = 1
└   time = 0.012596003
[ Info: Starting postsolve cleanup on original LP
[ Info: iter=1 obj=2.0 pinf=0.0 (0) dinf=0.0 (0) time=0.016668603s
[ Info: Starting primal postsolve cleanup from feasible basis
[ Info: Retrying postsolve cleanup from restored basis after NUMERICAL_ERROR: original-objective optimality certificate is inconclusive
[ Info: Starting postsolve cleanup on original LP
[ Info: iter=1 obj=2.0 pinf=0.0 (0) dinf=0.0 (0) time=0.020420104s
┌ Info: Starting simplex phase II
│   algorithm = :dual
│   iter = 1
└   time = 0.021244404
[ Info: Restarting simplex on original LP after NUMERICAL_ERROR: original-objective optimality certificate is inconclusive; completed iterations=1
┌ Info: Starting simplex phase I
│   algorithm = :dual
│   iter = 1
└   time = 0.025386805
[ Info: Solve finished: status=NUMERICAL_ERROR reason=Original LP retry failed after NUMERICAL_ERROR (original-objective optimality certificate is inconclusive): auxiliary direction has uncertain feasibility or objective improvement iterations=3 time=0.028759305s
[ Info: Loaded problem: rows=2 columns=2 nnz=4
[ Info: Starting presolve
[ Info: After presolve: rows=2 columns=2 nnz=4
┌ Info: Starting simplex phase II
│   algorithm = :dual
│   iter = 0
└   time = 0.049485208
[ Info: Starting postsolve cleanup on original LP
[ Info: iter=2 obj=12//1 pinf=0//1 (0) dinf=0//1 (0) time=0.064964411s
[ Info: Starting primal postsolve cleanup from feasible basis
[ Info: Solve finished: status=OPTIMAL objective=12//1 iterations=2 time=0.067568512s
[ Info: Loaded problem: rows=2 columns=2 nnz=4
[ Info: Starting presolve
[ Info: After presolve: rows=1 columns=2 nnz=2
┌ Info: Starting simplex phase I
│   algorithm = :dual
│   iter = 0
└   time = 0.009321001
[ Info: iter=1 obj=2//1 pinf=0//1 (0) dinf=0//1 (0) time=0.015528202s
┌ Info: Starting simplex phase II
│   algorithm = :dual
│   iter = 1
└   time = 0.016004503
[ Info: Starting postsolve cleanup on original LP
[ Info: iter=1 obj=2//1 pinf=0//1 (0) dinf=0//1 (0) time=0.022601904s
[ Info: Starting primal postsolve cleanup from feasible basis
[ Info: Solve finished: status=OPTIMAL objective=2//1 iterations=1 time=0.026158604s
[ Info: Loaded problem: rows=2 columns=2 nnz=4
[ Info: Starting presolve
[ Info: After presolve: rows=2 columns=2 nnz=4
┌ Info: Starting simplex phase I
│   algorithm = :dual
│   iter = 0
└   time = 0.008155501
[ Info: iter=2 obj=-1.7592186e13 pinf=0.0 (0) dinf=0.0 (0) time=0.013690202s
┌ Info: Starting simplex phase II
│   algorithm = :dual
│   iter = 2
└   time = 0.014142002
[ Info: Solve finished: status=NUMERICAL_ERROR reason=structural primal failed original-model feasibility checks iterations=2 time=0.015557402s
[ Info: Loaded problem: rows=2 columns=2 nnz=4
[ Info: Starting presolve
[ Info: After presolve: rows=2 columns=2 nnz=4
┌ Info: Starting simplex phase I
│   algorithm = :dual
│   iter = 0
└   time = 0.0079282
[ Info: iter=2 obj=-1.7592186044416062e13 pinf=0.0 (0) dinf=0.0 (0) time=0.018921799s
┌ Info: Starting simplex phase II
│   algorithm = :dual
│   iter = 2
└   time = 0.019398699
[ Info: Solve finished: status=NUMERICAL_ERROR reason=original-objective optimality certificate is inconclusive iterations=2 time=0.021275799s
[ Info: Loaded problem: rows=2 columns=2 nnz=4
[ Info: Starting presolve
[ Info: After presolve: rows=2 columns=2 nnz=4
┌ Info: Starting simplex phase I
│   algorithm = :dual
│   iter = 0
└   time = 0.014306
[ Info: iter=2 obj=-1.7592186044416e13 pinf=0.0 (0) dinf=0.0 (0) time=0.0256303s
┌ Info: Starting simplex phase II
│   algorithm = :dual
│   iter = 2
└   time = 0.0263226
[ Info: Solve finished: status=OPTIMAL objective=-1.7592186044416e13 iterations=2 time=0.030128699s
[ Info: Loaded problem: rows=2 columns=2 nnz=4
[ Info: Starting presolve
[ Info: After presolve: rows=2 columns=2 nnz=4
┌ Info: Starting simplex phase I
│   algorithm = :dual
│   iter = 0
└   time = 0.011555
[ Info: iter=2 obj=-17592186044416//1 pinf=0//1 (0) dinf=0//1 (0) time=0.0222341s
┌ Info: Starting simplex phase II
│   algorithm = :dual
│   iter = 2
└   time = 0.0228884
[ Info: Solve finished: status=OPTIMAL objective=-17592186044416//1 iterations=2 time=0.02671s
[ Info: Loaded problem: rows=2 columns=2 nnz=4
[ Info: Starting presolve
[ Info: After presolve: rows=1 columns=1 nnz=1
[ Info: Solve finished: status=INFEASIBLE reason=row 1 contradicts current column bounds iterations=0 time=0.022573999s
[ Info: Loaded problem: rows=2 columns=2 nnz=4
[ Info: Starting presolve
[ Info: After presolve: rows=1 columns=1 nnz=1
[ Info: Solve finished: status=INFEASIBLE reason=row 1 contradicts current column bounds iterations=0 time=0.0108002s
[ Info: Loaded problem: rows=2 columns=3 nnz=4
[ Info: Starting presolve
[ Info: After presolve: rows=1 columns=2 nnz=1
[ Info: Solve finished: status=INFEASIBLE reason=row 1 contradicts current column bounds iterations=0 time=0.011257899s
[ Info: Loaded problem: rows=2 columns=3 nnz=4
[ Info: Starting presolve
[ Info: After presolve: rows=1 columns=2 nnz=1
[ Info: Solve finished: status=INFEASIBLE reason=row 1 contradicts current column bounds iterations=0 time=0.010729s
[ Info: Loaded problem: rows=2 columns=2 nnz=4
[ Info: Starting presolve
[ Info: After presolve: rows=1 columns=1 nnz=1
[ Info: Solve finished: status=INFEASIBLE reason=row 1 contradicts current column bounds iterations=0 time=0.0099489s
[ Info: Loaded problem: rows=2 columns=2 nnz=4
[ Info: Starting presolve
[ Info: After presolve: rows=1 columns=1 nnz=1
[ Info: Solve finished: status=INFEASIBLE reason=row 1 contradicts current column bounds iterations=0 time=0.0096656s
[ Info: Loaded problem: rows=2 columns=3 nnz=4
[ Info: Starting presolve
[ Info: After presolve: rows=1 columns=2 nnz=1
[ Info: Solve finished: status=INFEASIBLE reason=row 1 contradicts current column bounds iterations=0 time=0.009744199s
[ Info: Loaded problem: rows=2 columns=3 nnz=4
[ Info: Starting presolve
[ Info: After presolve: rows=1 columns=2 nnz=1
[ Info: Solve finished: status=INFEASIBLE reason=row 1 contradicts current column bounds iterations=0 time=0.0103802s
[ Info: Loaded problem: rows=2 columns=2 nnz=4
[ Info: Starting presolve
[ Info: After presolve: rows=1 columns=1 nnz=1
[ Info: Solve finished: status=INFEASIBLE reason=row 1 contradicts current column bounds iterations=0 time=0.0293309s
[ Info: Loaded problem: rows=2 columns=2 nnz=4
[ Info: Starting presolve
[ Info: After presolve: rows=1 columns=1 nnz=1
[ Info: Solve finished: status=INFEASIBLE reason=row 1 contradicts current column bounds iterations=0 time=0.012408399s
[ Info: Loaded problem: rows=2 columns=3 nnz=4
[ Info: Starting presolve
[ Info: After presolve: rows=1 columns=2 nnz=1
[ Info: Solve finished: status=INFEASIBLE reason=row 1 contradicts current column bounds iterations=0 time=0.0131353s
[ Info: Loaded problem: rows=2 columns=3 nnz=4
[ Info: Starting presolve
[ Info: After presolve: rows=1 columns=2 nnz=1
[ Info: Solve finished: status=INFEASIBLE reason=row 1 contradicts current column bounds iterations=0 time=0.0150075s
[ Info: Loaded problem: rows=2 columns=2 nnz=4
[ Info: Starting presolve
[ Info: After presolve: rows=0 columns=1 nnz=0
[ Info: Solve finished: status=INFEASIBLE reason=singleton row 2 contradicts column bounds iterations=0 time=0.0022481s
[ Info: Loaded problem: rows=2 columns=2 nnz=4
[ Info: Starting presolve
[ Info: After presolve: rows=0 columns=1 nnz=0
[ Info: Solve finished: status=INFEASIBLE reason=singleton row 2 contradicts column bounds iterations=0 time=0.0020119s
[ Info: Loaded problem: rows=2 columns=3 nnz=4
[ Info: Starting presolve
[ Info: After presolve: rows=0 columns=2 nnz=0
[ Info: Solve finished: status=INFEASIBLE reason=singleton row 2 contradicts column bounds iterations=0 time=0.0026682s
[ Info: Loaded problem: rows=2 columns=3 nnz=4
[ Info: Starting presolve
[ Info: After presolve: rows=0 columns=2 nnz=0
[ Info: Solve finished: status=INFEASIBLE reason=singleton row 2 contradicts column bounds iterations=0 time=0.0025343s
[ Info: Loaded problem: rows=3 columns=4 nnz=6
[ Info: Starting presolve
[ Info: After presolve: rows=0 columns=0 nnz=0
┌ Info: Starting simplex phase II
│   algorithm = :dual
│   iter = 0
└   time = 0.017656399
[ Info: Starting postsolve cleanup on original LP
[ Info: iter=0 obj=0.0 pinf=0.0 (0) dinf=0.0 (0) time=0.023506299s
[ Info: Starting primal postsolve cleanup from feasible basis
[ Info: Solve finished: status=OPTIMAL objective=0.0 iterations=0 time=0.026125199s
[ Info: Loaded problem: rows=3 columns=4 nnz=6
[ Info: Starting presolve
[ Info: After presolve: rows=0 columns=0 nnz=0
┌ Info: Starting simplex phase II
│   algorithm = :dual
│   iter = 0
└   time = 0.0100752
[ Info: Starting postsolve cleanup on original LP
[ Info: iter=0 obj=0.0 pinf=0.0 (0) dinf=0.0 (0) time=0.0145597s
[ Info: Starting primal postsolve cleanup from feasible basis
[ Info: Solve finished: status=OPTIMAL objective=0.0 iterations=0 time=0.0171642s
[ Info: Loaded problem: rows=3 columns=4 nnz=6
[ Info: Starting presolve
[ Info: After presolve: rows=0 columns=0 nnz=0
┌ Info: Starting simplex phase II
│   algorithm = :dual
│   iter = 0
└   time = 0.0100494
[ Info: Starting postsolve cleanup on original LP
[ Info: iter=0 obj=0.0 pinf=0.0 (0) dinf=0.0 (0) time=0.014892299s
[ Info: Starting primal postsolve cleanup from feasible basis
[ Info: Solve finished: status=OPTIMAL objective=0.0 iterations=0 time=0.017933299s
[ Info: Loaded problem: rows=3 columns=4 nnz=6
[ Info: Starting presolve
[ Info: After presolve: rows=0 columns=0 nnz=0
┌ Info: Starting simplex phase II
│   algorithm = :dual
│   iter = 0
└   time = 0.0100144
[ Info: Starting postsolve cleanup on original LP
[ Info: iter=0 obj=0.0 pinf=0.0 (0) dinf=0.0 (0) time=0.0165078s
[ Info: Starting primal postsolve cleanup from feasible basis
[ Info: Solve finished: status=OPTIMAL objective=0.0 iterations=0 time=0.0190756s
[ Info: Loaded problem: rows=3 columns=4 nnz=6
[ Info: Starting presolve
[ Info: After presolve: rows=0 columns=0 nnz=0
┌ Info: Starting simplex phase II
│   algorithm = :dual
│   iter = 0
└   time = 0.010988
[ Info: Starting postsolve cleanup on original LP
[ Info: iter=0 obj=0.0 pinf=0.0 (0) dinf=0.0 (0) time=0.016379299s
[ Info: Starting primal postsolve cleanup from feasible basis
[ Info: Solve finished: status=OPTIMAL objective=0.0 iterations=0 time=0.019016499s
[ Info: Loaded problem: rows=3 columns=4 nnz=6
[ Info: Starting presolve
[ Info: After presolve: rows=0 columns=0 nnz=0
┌ Info: Starting simplex phase II
│   algorithm = :dual
│   iter = 0
└   time = 0.0139429
[ Info: Starting postsolve cleanup on original LP
[ Info: iter=0 obj=0.0 pinf=0.0 (0) dinf=0.0 (0) time=0.0206874s
[ Info: Starting primal postsolve cleanup from feasible basis
[ Info: Solve finished: status=OPTIMAL objective=0.0 iterations=0 time=0.0238381s
[ Info: Loaded problem: rows=3 columns=4 nnz=6
[ Info: Starting presolve
[ Info: After presolve: rows=0 columns=0 nnz=0
┌ Info: Starting simplex phase II
│   algorithm = :dual
│   iter = 0
└   time = 0.012859799
[ Info: Starting postsolve cleanup on original LP
[ Info: iter=0 obj=0.0 pinf=0.0 (0) dinf=0.0 (0) time=0.019570899s
[ Info: Starting primal postsolve cleanup from feasible basis
[ Info: Solve finished: status=OPTIMAL objective=0.0 iterations=0 time=0.022701699s
[ Info: Loaded problem: rows=3 columns=4 nnz=6
[ Info: Starting presolve
[ Info: After presolve: rows=0 columns=0 nnz=0
┌ Info: Starting simplex phase II
│   algorithm = :dual
│   iter = 0
└   time = 0.0120023
[ Info: Starting postsolve cleanup on original LP
[ Info: iter=0 obj=0.0 pinf=0.0 (0) dinf=0.0 (0) time=0.0182582s
[ Info: Starting primal postsolve cleanup from feasible basis
[ Info: Solve finished: status=OPTIMAL objective=0.0 iterations=0 time=0.0211546s
[ Info: Loaded problem: rows=3 columns=4 nnz=6
[ Info: Starting presolve
[ Info: After presolve: rows=0 columns=0 nnz=0
┌ Info: Starting simplex phase II
│   algorithm = :dual
│   iter = 0
└   time = 0.020590699
[ Info: Starting postsolve cleanup on original LP
[ Info: iter=0 obj=1.0 pinf=0.0 (0) dinf=1.0 (1) time=0.031141499s
[ Info: iter=0 obj=0.0 pinf=0.0 (0) dinf=0.0 (0) time=0.037189699s
[ Info: Projected postsolve basis: exchanges=1
[ Info: Starting primal postsolve cleanup from feasible basis
[ Info: Solve finished: status=OPTIMAL objective=0.0 iterations=0 time=0.041218499s
[ Info: Loaded problem: rows=3 columns=4 nnz=6
[ Info: Starting presolve
[ Info: After presolve: rows=0 columns=0 nnz=0
┌ Info: Starting simplex phase II
│   algorithm = :dual
│   iter = 0
└   time = 0.011315699
[ Info: Starting postsolve cleanup on original LP
[ Info: iter=0 obj=1.0 pinf=0.0 (0) dinf=1.0 (1) time=0.019343999s
[ Info: iter=0 obj=0.0 pinf=0.0 (0) dinf=0.0 (0) time=0.023285199s
[ Info: Projected postsolve basis: exchanges=1
[ Info: Starting primal postsolve cleanup from feasible basis
[ Info: Solve finished: status=OPTIMAL objective=0.0 iterations=0 time=0.027025199s
[ Info: Loaded problem: rows=3 columns=4 nnz=6
[ Info: Starting presolve
[ Info: After presolve: rows=0 columns=0 nnz=0
┌ Info: Starting simplex phase II
│   algorithm = :dual
│   iter = 0
└   time = 0.0099473
[ Info: Starting postsolve cleanup on original LP
[ Info: iter=0 obj=-1.0 pinf=0.0 (0) dinf=1.0 (1) time=0.018462099s
[ Info: iter=0 obj=0.0 pinf=0.0 (0) dinf=0.0 (0) time=0.023156299s
[ Info: Projected postsolve basis: exchanges=1
[ Info: Starting primal postsolve cleanup from feasible basis
[ Info: Solve finished: status=OPTIMAL objective=0.0 iterations=0 time=0.026911699s
[ Info: Loaded problem: rows=3 columns=4 nnz=6
[ Info: Starting presolve
[ Info: After presolve: rows=0 columns=0 nnz=0
┌ Info: Starting simplex phase II
│   algorithm = :dual
│   iter = 0
└   time = 0.0106047
[ Info: Starting postsolve cleanup on original LP
[ Info: iter=0 obj=-1.0 pinf=0.0 (0) dinf=1.0 (1) time=0.0206193s
[ Info: iter=0 obj=0.0 pinf=0.0 (0) dinf=0.0 (0) time=0.0248658s
[ Info: Projected postsolve basis: exchanges=1
[ Info: Starting primal postsolve cleanup from feasible basis
[ Info: Solve finished: status=OPTIMAL objective=0.0 iterations=0 time=0.0285951s
[ Info: Loaded problem: rows=3 columns=4 nnz=6
[ Info: Starting presolve
[ Info: After presolve: rows=0 columns=0 nnz=0
┌ Info: Starting simplex phase II
│   algorithm = :dual
│   iter = 0
└   time = 0.0158572
[ Info: Starting postsolve cleanup on original LP
[ Info: iter=0 obj=1//1 pinf=0//1 (0) dinf=1//1 (1) time=0.0250533s
[ Info: iter=0 obj=0//1 pinf=0//1 (0) dinf=0//1 (0) time=0.0298912s
[ Info: Projected postsolve basis: exchanges=1
[ Info: Starting primal postsolve cleanup from feasible basis
[ Info: Solve finished: status=OPTIMAL objective=0//1 iterations=0 time=0.0338327s
[ Info: Loaded problem: rows=3 columns=4 nnz=6
[ Info: Starting presolve
[ Info: After presolve: rows=0 columns=0 nnz=0
┌ Info: Starting simplex phase II
│   algorithm = :dual
│   iter = 0
└   time = 0.008817199
[ Info: Starting postsolve cleanup on original LP
[ Info: iter=0 obj=1//1 pinf=0//1 (0) dinf=1//1 (1) time=0.017062399s
[ Info: iter=0 obj=0//1 pinf=0//1 (0) dinf=0//1 (0) time=0.020969899s
[ Info: Projected postsolve basis: exchanges=1
[ Info: Starting primal postsolve cleanup from feasible basis
[ Info: Solve finished: status=OPTIMAL objective=0//1 iterations=0 time=0.025349899s
[ Info: Loaded problem: rows=3 columns=4 nnz=6
[ Info: Starting presolve
[ Info: After presolve: rows=0 columns=0 nnz=0
┌ Info: Starting simplex phase II
│   algorithm = :dual
│   iter = 0
└   time = 0.0090755
[ Info: Starting postsolve cleanup on original LP
[ Info: iter=0 obj=-1//1 pinf=0//1 (0) dinf=1//1 (1) time=0.0197408s
[ Info: iter=0 obj=0//1 pinf=0//1 (0) dinf=0//1 (0) time=0.026032899s
[ Info: Projected postsolve basis: exchanges=1
[ Info: Starting primal postsolve cleanup from feasible basis
[ Info: Solve finished: status=OPTIMAL objective=0//1 iterations=0 time=0.030150599s
[ Info: Loaded problem: rows=3 columns=4 nnz=6
[ Info: Starting presolve
[ Info: After presolve: rows=0 columns=0 nnz=0
┌ Info: Starting simplex phase II
│   algorithm = :dual
│   iter = 0
└   time = 0.0095873
[ Info: Starting postsolve cleanup on original LP
[ Info: iter=0 obj=-1//1 pinf=0//1 (0) dinf=1//1 (1) time=0.0186793s
[ Info: iter=0 obj=0//1 pinf=0//1 (0) dinf=0//1 (0) time=0.0242116s
[ Info: Projected postsolve basis: exchanges=1
[ Info: Starting primal postsolve cleanup from feasible basis
[ Info: Solve finished: status=OPTIMAL objective=0//1 iterations=0 time=0.0282399s
ERROR: LoadError: Some tests did not pass: 16067 passed, 0 failed, 1 errored, 0 broken.
in expression starting at /home/jspitz/.codex/worktrees/adaptive-degeneracy/JSimplex.jl/diagnostics/adaptive-degeneracy/reproduce/simplex_infeasibility_semantics.jl:3
Test Summary:                                                      |  Pass  Error  Total     Time
Simplex infeasibility tolerance and semantic regressions           | 16067      1  16068  3m05.6s
  Infeasibility certificates include column and row tolerances     |    58            58     0.3s
  Public simplex cannot reject a tolerance-feasible original point |    16            16     0.3s
  Scaled columns and summed row allowances use original units      |    18            18     0.0s
  Strict contradictions and zero tolerance retain infeasibility    |            1      1     0.1s
  General phase I also rejects the tolerance-inconsistent proof    |     4             4     0.0s
  Certificate is conservative at the tolerance boundary            |    20            20     0.0s
  Presolve tolerance, certificates, and solver regressions         | 15951         15951  3m04.8s
RNG of the outermost testset: Random.Xoshiro(0x150e7ff9295d8b32, 0xebde4a9b6598903f, 0x23118348db65bf8f, 0x158b286d4a8fbfed, 0x1ecf0b34ad123935)
